########## BASE STAGE 1 (freeze towers, neck/head, lr1e-4, 8ep) ##########
W0621 20:19:39.946000 2557121 site-packages/torch/distributed/run.py:793] 
W0621 20:19:39.946000 2557121 site-packages/torch/distributed/run.py:793] *****************************************
W0621 20:19:39.946000 2557121 site-packages/torch/distributed/run.py:793] Setting OMP_NUM_THREADS environment variable for each process to be 1 in default, to avoid your system being overloaded, please further tune the variable for optimal performance in your application as needed. 
W0621 20:19:39.946000 2557121 site-packages/torch/distributed/run.py:793] *****************************************
/home/siyuan/anaconda3/envs/wedetect_official/lib/python3.10/site-packages/mmengine/optim/optimizer/zero_optimizer.py:11: DeprecationWarning: `TorchScript` support for functional optimizers is deprecated and will be removed in a future PyTorch release. Consider using the `torch.compile` optimizer instead.
  from torch.distributed.optim import \
/home/siyuan/anaconda3/envs/wedetect_official/lib/python3.10/site-packages/mmengine/optim/optimizer/zero_optimizer.py:11: DeprecationWarning: `TorchScript` support for functional optimizers is deprecated and will be removed in a future PyTorch release. Consider using the `torch.compile` optimizer instead.
  from torch.distributed.optim import \
/home/siyuan/anaconda3/envs/wedetect_official/lib/python3.10/site-packages/mmengine/optim/optimizer/zero_optimizer.py:11: DeprecationWarning: `TorchScript` support for functional optimizers is deprecated and will be removed in a future PyTorch release. Consider using the `torch.compile` optimizer instead.
  from torch.distributed.optim import \
/home/siyuan/anaconda3/envs/wedetect_official/lib/python3.10/site-packages/mmengine/optim/optimizer/zero_optimizer.py:11: DeprecationWarning: `TorchScript` support for functional optimizers is deprecated and will be removed in a future PyTorch release. Consider using the `torch.compile` optimizer instead.
  from torch.distributed.optim import \
/home/siyuan/.local/lib/python3.10/site-packages/fairscale/experimental/nn/offload.py:19: FutureWarning: `torch.cuda.amp.custom_fwd(args...)` is deprecated. Please use `torch.amp.custom_fwd(args..., device_type='cuda')` instead.
  return torch.cuda.amp.custom_fwd(orig_func)  # type: ignore
/home/siyuan/.local/lib/python3.10/site-packages/fairscale/experimental/nn/offload.py:30: FutureWarning: `torch.cuda.amp.custom_bwd(args...)` is deprecated. Please use `torch.amp.custom_bwd(args..., device_type='cuda')` instead.
  return torch.cuda.amp.custom_bwd(orig_func)  # type: ignore
/home/siyuan/.local/lib/python3.10/site-packages/fairscale/experimental/nn/offload.py:19: FutureWarning: `torch.cuda.amp.custom_fwd(args...)` is deprecated. Please use `torch.amp.custom_fwd(args..., device_type='cuda')` instead.
  return torch.cuda.amp.custom_fwd(orig_func)  # type: ignore
/home/siyuan/.local/lib/python3.10/site-packages/fairscale/experimental/nn/offload.py:30: FutureWarning: `torch.cuda.amp.custom_bwd(args...)` is deprecated. Please use `torch.amp.custom_bwd(args..., device_type='cuda')` instead.
  return torch.cuda.amp.custom_bwd(orig_func)  # type: ignore
/home/siyuan/.local/lib/python3.10/site-packages/fairscale/experimental/nn/offload.py:19: FutureWarning: `torch.cuda.amp.custom_fwd(args...)` is deprecated. Please use `torch.amp.custom_fwd(args..., device_type='cuda')` instead.
  return torch.cuda.amp.custom_fwd(orig_func)  # type: ignore
/home/siyuan/.local/lib/python3.10/site-packages/fairscale/experimental/nn/offload.py:30: FutureWarning: `torch.cuda.amp.custom_bwd(args...)` is deprecated. Please use `torch.amp.custom_bwd(args..., device_type='cuda')` instead.
  return torch.cuda.amp.custom_bwd(orig_func)  # type: ignore
/home/siyuan/.local/lib/python3.10/site-packages/fairscale/experimental/nn/offload.py:19: FutureWarning: `torch.cuda.amp.custom_fwd(args...)` is deprecated. Please use `torch.amp.custom_fwd(args..., device_type='cuda')` instead.
  return torch.cuda.amp.custom_fwd(orig_func)  # type: ignore
/home/siyuan/.local/lib/python3.10/site-packages/fairscale/experimental/nn/offload.py:30: FutureWarning: `torch.cuda.amp.custom_bwd(args...)` is deprecated. Please use `torch.amp.custom_bwd(args..., device_type='cuda')` instead.
  return torch.cuda.amp.custom_bwd(orig_func)  # type: ignore
/home/siyuan/anaconda3/envs/wedetect_official/lib/python3.10/site-packages/mmengine/utils/dl_utils/setup_env.py:56: UserWarning: Setting MKL_NUM_THREADS environment variable for each process to be 1 in default, to avoid your system being overloaded, please further tune the variable for optimal performance in your application as needed.
  warnings.warn(
/home/siyuan/anaconda3/envs/wedetect_official/lib/python3.10/site-packages/mmengine/utils/dl_utils/setup_env.py:56: UserWarning: Setting MKL_NUM_THREADS environment variable for each process to be 1 in default, to avoid your system being overloaded, please further tune the variable for optimal performance in your application as needed.
  warnings.warn(
/home/siyuan/anaconda3/envs/wedetect_official/lib/python3.10/site-packages/mmengine/utils/dl_utils/setup_env.py:56: UserWarning: Setting MKL_NUM_THREADS environment variable for each process to be 1 in default, to avoid your system being overloaded, please further tune the variable for optimal performance in your application as needed.
  warnings.warn(
/home/siyuan/anaconda3/envs/wedetect_official/lib/python3.10/site-packages/mmengine/utils/dl_utils/setup_env.py:56: UserWarning: Setting MKL_NUM_THREADS environment variable for each process to be 1 in default, to avoid your system being overloaded, please further tune the variable for optimal performance in your application as needed.
  warnings.warn(
06/21 20:19:45 - mmengine - INFO - 
------------------------------------------------------------
System environment:
    sys.platform: linux
    Python: 3.10.20 (main, Jun 11 2026, 15:17:37) [GCC 14.3.0]
    CUDA available: True
    MUSA available: False
    numpy_random_seed: 1376862209
    GPU 0,1,2,3: NVIDIA RTX A6000
    CUDA_HOME: /usr/local/cuda-11.3
    NVCC: Cuda compilation tools, release 11.3, V11.3.109
    GCC: gcc (Ubuntu 9.5.0-1ubuntu1~22.04) 9.5.0
    PyTorch: 2.5.1+cu124
    PyTorch compiling details: PyTorch built with:
  - GCC 9.3
  - C++ Version: 201703
  - Intel(R) oneAPI Math Kernel Library Version 2024.2-Product Build 20240605 for Intel(R) 64 architecture applications
  - Intel(R) MKL-DNN v3.5.3 (Git Hash 66f0cb9eb66affd2da3bf5f8d897376f04aae6af)
  - OpenMP 201511 (a.k.a. OpenMP 4.5)
  - LAPACK is enabled (usually provided by MKL)
  - NNPACK is enabled
  - CPU capability usage: AVX2
  - CUDA Runtime 12.4
  - NVCC architecture flags: -gencode;arch=compute_50,code=sm_50;-gencode;arch=compute_60,code=sm_60;-gencode;arch=compute_70,code=sm_70;-gencode;arch=compute_75,code=sm_75;-gencode;arch=compute_80,code=sm_80;-gencode;arch=compute_86,code=sm_86;-gencode;arch=compute_90,code=sm_90
  - CuDNN 90.1
  - Magma 2.6.1
  - Build settings: BLAS_INFO=mkl, BUILD_TYPE=Release, CUDA_VERSION=12.4, CUDNN_VERSION=9.1.0, CXX_COMPILER=/opt/rh/devtoolset-9/root/usr/bin/c++, CXX_FLAGS= -D_GLIBCXX_USE_CXX11_ABI=0 -fabi-version=11 -fvisibility-inlines-hidden -DUSE_PTHREADPOOL -DNDEBUG -DUSE_KINETO -DLIBKINETO_NOROCTRACER -DLIBKINETO_NOXPUPTI=ON -DUSE_FBGEMM -DUSE_PYTORCH_QNNPACK -DUSE_XNNPACK -DSYMBOLICATE_MOBILE_DEBUG_HANDLE -O2 -fPIC -Wall -Wextra -Werror=return-type -Werror=non-virtual-dtor -Werror=bool-operation -Wnarrowing -Wno-missing-field-initializers -Wno-type-limits -Wno-array-bounds -Wno-unknown-pragmas -Wno-unused-parameter -Wno-strict-overflow -Wno-strict-aliasing -Wno-stringop-overflow -Wsuggest-override -Wno-psabi -Wno-error=old-style-cast -Wno-missing-braces -fdiagnostics-color=always -faligned-new -Wno-unused-but-set-variable -Wno-maybe-uninitialized -fno-math-errno -fno-trapping-math -Werror=format -Wno-stringop-overflow, LAPACK_INFO=mkl, PERF_WITH_AVX=1, PERF_WITH_AVX2=1, TORCH_VERSION=2.5.1, USE_CUDA=ON, USE_CUDNN=ON, USE_CUSPARSELT=1, USE_EXCEPTION_PTR=1, USE_GFLAGS=OFF, USE_GLOG=OFF, USE_GLOO=ON, USE_MKL=ON, USE_MKLDNN=ON, USE_MPI=OFF, USE_NCCL=1, USE_NNPACK=ON, USE_OPENMP=ON, USE_ROCM=OFF, USE_ROCM_KERNEL_ASSERT=OFF, 

    TorchVision: 0.20.1+cu124
    OpenCV: 4.10.0
    MMEngine: 0.10.7

Runtime environment:
    cudnn_benchmark: False
    mp_cfg: {'mp_start_method': 'fork', 'opencv_num_threads': 0}
    dist_cfg: {'backend': 'nccl'}
    seed: 1376862209
    Distributed launcher: pytorch
    Distributed training: True
    GPU number: 4
------------------------------------------------------------

06/21 20:19:46 - mmengine - INFO - Config:
CLASS_NAMES = '/home/siyuan/projects/LLMs/OralDetect-Family/OralDetect/datas/class_names_en.json'
CLASS_TEXT = '/home/siyuan/projects/LLMs/OralDetect-Family/OralDetect/datas/class_texts_en.json'
DATAS = '/home/siyuan/projects/LLMs/OralDetect-Family/OralDetect/datas'
DATA_ROOT = '/nfs_share/public/OralGPT/oralgpt-detect-all/coco_format/'
TEST_ANN = '/home/siyuan/projects/LLMs/OralDetect-Family/OralDetect/datas/instances_test.json'
TRAIN_ANN = '/home/siyuan/projects/LLMs/OralDetect-Family/OralDetect/datas/instances_train.json'
affine_scale = 0.5
albu_train_transforms = [
    dict(p=0.01, type='Blur'),
    dict(p=0.01, type='MedianBlur'),
    dict(p=0.01, type='ToGray'),
    dict(p=0.01, type='CLAHE'),
]
backend_args = None
base_lr = 0.0001
close_mosaic_epochs = 4
coco_evaluator = dict(
    ann_file='data/coco/annotations/instances_val2017.json',
    metric='bbox',
    type='CocoMetric')
coco_val_dataset = dict(
    class_text_path='data/texts/coco_zh_class_texts.json',
    dataset=dict(
        ann_file='data/coco/annotations/instances_val2017.json',
        batch_shapes_cfg=None,
        data_prefix=dict(img='val2017'),
        data_root='data/coco/',
        test_mode=True,
        type='WeCocoDataset'),
    pipeline=[
        dict(backend_args=None, type='LoadImageFromFile'),
        dict(scale=(
            640,
            640,
        ), type='WeDetectKeepRatioResize'),
        dict(
            allow_scale_up=False,
            pad_val=dict(img=114),
            scale=(
                640,
                640,
            ),
            type='WeDetectLetterResize'),
        dict(_scope_='mmdet', type='LoadAnnotations', with_bbox=True),
        dict(type='LoadText'),
        dict(
            meta_keys=(
                'img_id',
                'img_path',
                'ori_shape',
                'img_shape',
                'scale_factor',
                'pad_param',
                'texts',
            ),
            type='PackDetInputs'),
    ],
    type='MultiModalDataset')
custom_hooks = []
custom_imports = dict(
    allow_failed_imports=False, imports=[
        'wedetect',
    ])
default_hooks = dict(
    checkpoint=dict(
        interval=1,
        max_keep_ckpts=3,
        save_best='coco/bbox_mAP',
        type='CheckpointHook'),
    logger=dict(interval=50, type='LoggerHook'),
    param_scheduler=dict(type='ParamSchedulerHook'),
    sampler_seed=dict(type='DistSamplerSeedHook'),
    timer=dict(type='IterTimerHook'),
    visualization=dict(type='mmdet.DetVisualizationHook'))
default_scope = 'mmdet'
dist_cfg = dict(backend='nccl', timeout=10800)
env_cfg = dict(
    cudnn_benchmark=False,
    dist_cfg=dict(backend='nccl'),
    mp_cfg=dict(mp_start_method='fork', opencv_num_threads=0))
find_unused_parameters = True
img_scale = (
    640,
    640,
)
launcher = 'pytorch'
load_from = '/home/siyuan/projects/LLMs/OralDetect-Family/OralCLIP/pretrained/wedetect_base.pth'
log_level = 'INFO'
log_processor = dict(by_epoch=True, type='LogProcessor', window_size=50)
loss_bbox_weight = 7.5
loss_cls_weight = 0.5
loss_dfl_weight = 0.375
lvis_minival_dataset = dict(
    class_text_path='data/texts/lvis_v1_zh_class_texts.json',
    dataset=dict(
        ann_file='data/lvis/lvis_v1_minival_inserted_image_name.json',
        batch_shapes_cfg=None,
        data_prefix=dict(img=''),
        data_root='data/coco/',
        test_mode=True,
        type='YOLOv5LVISV1Dataset'),
    pipeline=[
        dict(backend_args=None, type='LoadImageFromFile'),
        dict(scale=(
            640,
            640,
        ), type='WeDetectKeepRatioResize'),
        dict(
            allow_scale_up=False,
            pad_val=dict(img=114),
            scale=(
                640,
                640,
            ),
            type='WeDetectLetterResize'),
        dict(_scope_='mmdet', type='LoadAnnotations', with_bbox=True),
        dict(type='LoadText'),
        dict(
            meta_keys=(
                'img_id',
                'img_path',
                'ori_shape',
                'img_shape',
                'scale_factor',
                'pad_param',
                'texts',
            ),
            type='PackDetInputs'),
    ],
    type='MultiModalDataset')
lvis_minival_evaluator = dict(
    ann_file='data/lvis/lvis_v1_minival_inserted_image_name.json',
    metric='bbox',
    type='LVISMetric')
lvis_od_val_dataset = dict(
    class_text_path='data/texts/lvis_v1_zh_class_texts.json',
    dataset=dict(
        ann_file='data/lvis/lvis_od_val.json',
        batch_shapes_cfg=None,
        data_prefix=dict(img=''),
        data_root='data/coco/',
        test_mode=True,
        type='YOLOv5LVISV1Dataset'),
    pipeline=[
        dict(backend_args=None, type='LoadImageFromFile'),
        dict(scale=(
            640,
            640,
        ), type='WeDetectKeepRatioResize'),
        dict(
            allow_scale_up=False,
            pad_val=dict(img=114),
            scale=(
                640,
                640,
            ),
            type='WeDetectLetterResize'),
        dict(_scope_='mmdet', type='LoadAnnotations', with_bbox=True),
        dict(type='LoadText'),
        dict(
            meta_keys=(
                'img_id',
                'img_path',
                'ori_shape',
                'img_shape',
                'scale_factor',
                'pad_param',
                'texts',
            ),
            type='PackDetInputs'),
    ],
    type='MultiModalDataset')
lvis_od_val_evaluator = dict(
    ann_file='data/lvis/lvis_od_val.json', metric='bbox', type='LVISMetric')
max_epochs = 8
metainfo = dict(
    classes=(
        'abnormal oral epithelial cell',
        'alveolar bone loss',
        'anterior teeth with fluorosis',
        'anterior teeth without fluorosis',
        'blood cell',
        'canine',
        'central incisor',
        'craniofacial or oral anomaly',
        'deep dental caries',
        'dental abrasion',
        'dental caries',
        'dental crown restoration',
        'dental filling',
        'dental implant',
        'dental opacity',
        'dental restoration',
        'dividing oral cell',
        'first molar',
        'first premolar',
        'foreign object or debris',
        'grade I oral cytology (normal)',
        'grade II oral cytology (atypical)',
        'grade III oral cytology (suspicious)',
        'grade IV oral cytology (malignant)',
        'impacted tooth',
        'impacted wisdom tooth',
        'intraoral appliance',
        'lateral incisor',
        'malaligned tooth',
        'mandibular canal',
        'maxillary sinus',
        'missing or residual root',
        'missing teeth',
        'normal oral mucosa',
        'normal oral tissue',
        'oral squamous cell carcinoma tumor',
        'orthodontic bracket',
        'out-of-focus cell',
        'periapical abscess',
        'periapical cyst',
        'periapical granuloma',
        'periapical lesion',
        'quadrant 1 (upper right)',
        'quadrant 2 (upper left)',
        'quadrant 3 (lower left)',
        'quadrant 4 (lower right)',
        'reactive oral cell',
        'restoration with secondary caries',
        'retained root',
        'root canal treatment',
        'root piece',
        'second molar',
        'second premolar',
        'severe gingivitis',
        'tooth',
        'tooth 11 (upper right central incisor)',
        'tooth 12 (upper right lateral incisor)',
        'tooth 13 (upper right canine)',
        'tooth 14 (upper right first premolar)',
        'tooth 15 (upper right second premolar)',
        'tooth 16 (upper right first molar)',
        'tooth 17 (upper right second molar)',
        'tooth 18 (upper right third molar)',
        'tooth 21 (upper left central incisor)',
        'tooth 22 (upper left lateral incisor)',
        'tooth 23 (upper left canine)',
        'tooth 24 (upper left first premolar)',
        'tooth 25 (upper left second premolar)',
        'tooth 26 (upper left first molar)',
        'tooth 27 (upper left second molar)',
        'tooth 28 (upper left third molar)',
        'tooth 31 (lower left central incisor)',
        'tooth 32 (lower left lateral incisor)',
        'tooth 33 (lower left canine)',
        'tooth 34 (lower left first premolar)',
        'tooth 35 (lower left second premolar)',
        'tooth 36 (lower left first molar)',
        'tooth 37 (lower left second molar)',
        'tooth 38 (lower left third molar)',
        'tooth 41 (lower right central incisor)',
        'tooth 42 (lower right lateral incisor)',
        'tooth 43 (lower right canine)',
        'tooth 44 (lower right first premolar)',
        'tooth 45 (lower right second premolar)',
        'tooth 46 (lower right first molar)',
        'tooth 47 (lower right second molar)',
        'tooth 48 (lower right third molar)',
        'tooth erosion',
        'tooth malformation',
        'treated tooth',
        'unclassified cell',
    ))
mixup_prob = 0.15
model = dict(
    backbone=dict(
        image_model=dict(
            frozen_modules=[
                'all',
            ],
            model_name='base',
            type='ConvNextVisionBackbone'),
        text_model=dict(
            frozen_modules=[
                'all',
            ],
            model_name='./xlm-roberta-base/',
            model_size='base',
            type='XLMRobertaLanguageBackbone'),
        type='MultiModalYOLOBackbone'),
    bbox_head=dict(
        bbox_coder=dict(type='WeDetectDistancePointBBoxCoder'),
        head_module=dict(
            embed_dims=768,
            in_channels=[
                256,
                512,
                1024,
            ],
            model_size='base',
            num_classes=91,
            type='YOLOWorldHeadModule',
            use_bn_head=True),
        loss_bbox=dict(
            bbox_format='xyxy',
            iou_mode='ciou',
            loss_weight=7.5,
            reduction='sum',
            return_iou=False,
            type='mmyoloIoULoss'),
        loss_cls=dict(
            loss_weight=0.5,
            reduction='none',
            type='CrossEntropyLoss',
            use_sigmoid=True),
        loss_dfl=dict(
            loss_weight=0.375, reduction='mean', type='DistributionFocalLoss'),
        prior_generator=dict(
            offset=0.5, strides=[
                8,
                16,
                32,
            ], type='MlvlPointGenerator'),
        type='YOLOWorldHead'),
    data_preprocessor=dict(
        bgr_to_rgb=True,
        mean=[
            0.0,
            0.0,
            0.0,
        ],
        std=[
            255.0,
            255.0,
            255.0,
        ],
        type='YOLOWDetDataPreprocessor'),
    mm_neck=False,
    neck=dict(model_size='base', scale_factor=1.0, type='CSPRepBiFPANNeck'),
    num_test_classes=91,
    num_train_classes=91,
    test_cfg=dict(
        max_per_img=300,
        multi_label=True,
        nms=dict(iou_threshold=0.7, type='nms'),
        nms_pre=30000,
        score_thr=0.001),
    train_cfg=dict(
        assigner=dict(
            alpha=0.5,
            beta=6.0,
            eps=1e-09,
            num_classes=91,
            topk=10,
            type='BatchTaskAlignedAssigner',
            use_ciou=True)),
    type='YOLOWorldDetector')
model_test_cfg = dict(
    max_per_img=300,
    multi_label=True,
    nms=dict(iou_threshold=0.7, type='nms'),
    nms_pre=30000,
    score_thr=0.001)
mosaic_affine_transform = [
    dict(
        img_scale=(
            640,
            640,
        ),
        pad_val=114.0,
        pre_transform=[
            dict(backend_args=None, type='LoadImageFromFile'),
            dict(type='LoadAnnotations', with_bbox=True),
        ],
        type='MultiModalMosaic'),
    dict(
        border=(
            -320,
            -320,
        ),
        border_val=(
            114,
            114,
            114,
        ),
        max_aspect_ratio=100.0,
        max_rotate_degree=0.0,
        max_shear_degree=0.0,
        scaling_ratio_range=(
            0.5,
            1.5,
        ),
        type='WeDetectRandomAffine'),
]
neck_embed_channels = [
    128,
    256,
    512,
]
neck_num_heads = [
    4,
    8,
    16,
]
num_classes = 91
num_training_classes = 91
optim_wrapper = dict(
    clip_grad=dict(max_norm=10.0),
    constructor='YOLOWv5OptimizerConstructor',
    optimizer=dict(
        batch_size_per_gpu=8, lr=0.0001, type='AdamW', weight_decay=0.05),
    paramwise_cfg=dict(
        custom_keys=dict({
            'backbone.text_model': dict(lr_mult=0.01),
            'logit_scale': dict(weight_decay=0.0)
        })),
    type='OptimWrapper')
param_scheduler = [
    dict(
        begin=0,
        by_epoch=False,
        end=1000,
        end_factor=1.0,
        start_factor=0.001,
        type='LinearLR'),
    dict(
        begin=0,
        by_epoch=True,
        convert_to_iter_based=True,
        end=8,
        end_factor=0.01,
        start_factor=1.0,
        type='LinearLR'),
]
persistent_workers = True
pre_transform = [
    dict(backend_args=None, type='LoadImageFromFile'),
    dict(type='LoadAnnotations', with_bbox=True),
]
resume = False
save_epoch_intervals = 1
tal_alpha = 0.5
tal_beta = 6.0
tal_topk = 10
test_cfg = dict(type='TestLoop')
test_dataloader = dict(
    batch_size=1,
    dataset=dict(
        class_text_path=
        '/home/siyuan/projects/LLMs/OralDetect-Family/OralDetect/datas/class_texts_en.json',
        dataset=dict(
            ann_file=
            '/home/siyuan/projects/LLMs/OralDetect-Family/OralDetect/datas/instances_test.json',
            batch_shapes_cfg=None,
            data_prefix=dict(img='all2017/'),
            data_root=
            '/nfs_share/public/OralGPT/oralgpt-detect-all/coco_format/',
            metainfo=dict(
                classes=(
                    'abnormal oral epithelial cell',
                    'alveolar bone loss',
                    'anterior teeth with fluorosis',
                    'anterior teeth without fluorosis',
                    'blood cell',
                    'canine',
                    'central incisor',
                    'craniofacial or oral anomaly',
                    'deep dental caries',
                    'dental abrasion',
                    'dental caries',
                    'dental crown restoration',
                    'dental filling',
                    'dental implant',
                    'dental opacity',
                    'dental restoration',
                    'dividing oral cell',
                    'first molar',
                    'first premolar',
                    'foreign object or debris',
                    'grade I oral cytology (normal)',
                    'grade II oral cytology (atypical)',
                    'grade III oral cytology (suspicious)',
                    'grade IV oral cytology (malignant)',
                    'impacted tooth',
                    'impacted wisdom tooth',
                    'intraoral appliance',
                    'lateral incisor',
                    'malaligned tooth',
                    'mandibular canal',
                    'maxillary sinus',
                    'missing or residual root',
                    'missing teeth',
                    'normal oral mucosa',
                    'normal oral tissue',
                    'oral squamous cell carcinoma tumor',
                    'orthodontic bracket',
                    'out-of-focus cell',
                    'periapical abscess',
                    'periapical cyst',
                    'periapical granuloma',
                    'periapical lesion',
                    'quadrant 1 (upper right)',
                    'quadrant 2 (upper left)',
                    'quadrant 3 (lower left)',
                    'quadrant 4 (lower right)',
                    'reactive oral cell',
                    'restoration with secondary caries',
                    'retained root',
                    'root canal treatment',
                    'root piece',
                    'second molar',
                    'second premolar',
                    'severe gingivitis',
                    'tooth',
                    'tooth 11 (upper right central incisor)',
                    'tooth 12 (upper right lateral incisor)',
                    'tooth 13 (upper right canine)',
                    'tooth 14 (upper right first premolar)',
                    'tooth 15 (upper right second premolar)',
                    'tooth 16 (upper right first molar)',
                    'tooth 17 (upper right second molar)',
                    'tooth 18 (upper right third molar)',
                    'tooth 21 (upper left central incisor)',
                    'tooth 22 (upper left lateral incisor)',
                    'tooth 23 (upper left canine)',
                    'tooth 24 (upper left first premolar)',
                    'tooth 25 (upper left second premolar)',
                    'tooth 26 (upper left first molar)',
                    'tooth 27 (upper left second molar)',
                    'tooth 28 (upper left third molar)',
                    'tooth 31 (lower left central incisor)',
                    'tooth 32 (lower left lateral incisor)',
                    'tooth 33 (lower left canine)',
                    'tooth 34 (lower left first premolar)',
                    'tooth 35 (lower left second premolar)',
                    'tooth 36 (lower left first molar)',
                    'tooth 37 (lower left second molar)',
                    'tooth 38 (lower left third molar)',
                    'tooth 41 (lower right central incisor)',
                    'tooth 42 (lower right lateral incisor)',
                    'tooth 43 (lower right canine)',
                    'tooth 44 (lower right first premolar)',
                    'tooth 45 (lower right second premolar)',
                    'tooth 46 (lower right first molar)',
                    'tooth 47 (lower right second molar)',
                    'tooth 48 (lower right third molar)',
                    'tooth erosion',
                    'tooth malformation',
                    'treated tooth',
                    'unclassified cell',
                )),
            test_mode=True,
            type='WeCocoDataset'),
        pipeline=[
            dict(backend_args=None, type='LoadImageFromFile'),
            dict(scale=(
                640,
                640,
            ), type='WeDetectKeepRatioResize'),
            dict(
                allow_scale_up=False,
                pad_val=dict(img=114),
                scale=(
                    640,
                    640,
                ),
                type='WeDetectLetterResize'),
            dict(_scope_='mmdet', type='LoadAnnotations', with_bbox=True),
            dict(type='LoadText'),
            dict(
                meta_keys=(
                    'img_id',
                    'img_path',
                    'ori_shape',
                    'img_shape',
                    'scale_factor',
                    'pad_param',
                    'texts',
                ),
                type='PackDetInputs'),
        ],
        type='MultiModalDataset'),
    drop_last=False,
    num_workers=2,
    persistent_workers=True,
    pin_memory=True,
    sampler=dict(shuffle=False, type='DefaultSampler'))
test_evaluator = dict(
    ann_file=
    '/home/siyuan/projects/LLMs/OralDetect-Family/OralDetect/datas/instances_test.json',
    metric='bbox',
    type='CocoMetric')
test_pipeline = [
    dict(backend_args=None, type='LoadImageFromFile'),
    dict(scale=(
        640,
        640,
    ), type='WeDetectKeepRatioResize'),
    dict(
        allow_scale_up=False,
        pad_val=dict(img=114),
        scale=(
            640,
            640,
        ),
        type='WeDetectLetterResize'),
    dict(_scope_='mmdet', type='LoadAnnotations', with_bbox=True),
    dict(type='LoadText'),
    dict(
        meta_keys=(
            'img_id',
            'img_path',
            'ori_shape',
            'img_shape',
            'scale_factor',
            'pad_param',
            'texts',
        ),
        type='PackDetInputs'),
]
text_channels = 768
text_transform = [
    dict(
        max_num_samples=91,
        num_neg_samples=(
            91,
            91,
        ),
        padding_to_max=True,
        padding_value='',
        type='RandomLoadText'),
    dict(
        meta_keys=(
            'img_id',
            'img_path',
            'ori_shape',
            'img_shape',
            'flip',
            'flip_direction',
            'texts',
        ),
        type='mmdet.PackDetInputs'),
]
train_batch_size_per_gpu = 8
train_cfg = dict(
    dynamic_intervals=[
        (
            8,
            1,
        ),
    ],
    max_epochs=8,
    type='EpochBasedTrainLoop',
    val_interval=2)
train_dataloader = dict(
    batch_size=8,
    collate_fn=dict(type='yolow_collate'),
    dataset=dict(
        class_text_path=
        '/home/siyuan/projects/LLMs/OralDetect-Family/OralDetect/datas/class_texts_en.json',
        dataset=dict(
            ann_file=
            '/home/siyuan/projects/LLMs/OralDetect-Family/OralDetect/datas/instances_train.json',
            data_prefix=dict(img='all2017/'),
            data_root=
            '/nfs_share/public/OralGPT/oralgpt-detect-all/coco_format/',
            filter_cfg=dict(filter_empty_gt=False, min_size=32),
            metainfo=dict(
                classes=(
                    'abnormal oral epithelial cell',
                    'alveolar bone loss',
                    'anterior teeth with fluorosis',
                    'anterior teeth without fluorosis',
                    'blood cell',
                    'canine',
                    'central incisor',
                    'craniofacial or oral anomaly',
                    'deep dental caries',
                    'dental abrasion',
                    'dental caries',
                    'dental crown restoration',
                    'dental filling',
                    'dental implant',
                    'dental opacity',
                    'dental restoration',
                    'dividing oral cell',
                    'first molar',
                    'first premolar',
                    'foreign object or debris',
                    'grade I oral cytology (normal)',
                    'grade II oral cytology (atypical)',
                    'grade III oral cytology (suspicious)',
                    'grade IV oral cytology (malignant)',
                    'impacted tooth',
                    'impacted wisdom tooth',
                    'intraoral appliance',
                    'lateral incisor',
                    'malaligned tooth',
                    'mandibular canal',
                    'maxillary sinus',
                    'missing or residual root',
                    'missing teeth',
                    'normal oral mucosa',
                    'normal oral tissue',
                    'oral squamous cell carcinoma tumor',
                    'orthodontic bracket',
                    'out-of-focus cell',
                    'periapical abscess',
                    'periapical cyst',
                    'periapical granuloma',
                    'periapical lesion',
                    'quadrant 1 (upper right)',
                    'quadrant 2 (upper left)',
                    'quadrant 3 (lower left)',
                    'quadrant 4 (lower right)',
                    'reactive oral cell',
                    'restoration with secondary caries',
                    'retained root',
                    'root canal treatment',
                    'root piece',
                    'second molar',
                    'second premolar',
                    'severe gingivitis',
                    'tooth',
                    'tooth 11 (upper right central incisor)',
                    'tooth 12 (upper right lateral incisor)',
                    'tooth 13 (upper right canine)',
                    'tooth 14 (upper right first premolar)',
                    'tooth 15 (upper right second premolar)',
                    'tooth 16 (upper right first molar)',
                    'tooth 17 (upper right second molar)',
                    'tooth 18 (upper right third molar)',
                    'tooth 21 (upper left central incisor)',
                    'tooth 22 (upper left lateral incisor)',
                    'tooth 23 (upper left canine)',
                    'tooth 24 (upper left first premolar)',
                    'tooth 25 (upper left second premolar)',
                    'tooth 26 (upper left first molar)',
                    'tooth 27 (upper left second molar)',
                    'tooth 28 (upper left third molar)',
                    'tooth 31 (lower left central incisor)',
                    'tooth 32 (lower left lateral incisor)',
                    'tooth 33 (lower left canine)',
                    'tooth 34 (lower left first premolar)',
                    'tooth 35 (lower left second premolar)',
                    'tooth 36 (lower left first molar)',
                    'tooth 37 (lower left second molar)',
                    'tooth 38 (lower left third molar)',
                    'tooth 41 (lower right central incisor)',
                    'tooth 42 (lower right lateral incisor)',
                    'tooth 43 (lower right canine)',
                    'tooth 44 (lower right first premolar)',
                    'tooth 45 (lower right second premolar)',
                    'tooth 46 (lower right first molar)',
                    'tooth 47 (lower right second molar)',
                    'tooth 48 (lower right third molar)',
                    'tooth erosion',
                    'tooth malformation',
                    'treated tooth',
                    'unclassified cell',
                )),
            type='WeCocoDataset'),
        pipeline=[
            dict(backend_args=None, type='LoadImageFromFile'),
            dict(type='LoadAnnotations', with_bbox=True),
            dict(
                img_scale=(
                    640,
                    640,
                ),
                pad_val=114.0,
                pre_transform=[
                    dict(backend_args=None, type='LoadImageFromFile'),
                    dict(type='LoadAnnotations', with_bbox=True),
                ],
                type='MultiModalMosaic'),
            dict(
                border=(
                    -320,
                    -320,
                ),
                border_val=(
                    114,
                    114,
                    114,
                ),
                max_aspect_ratio=100.0,
                max_rotate_degree=0.0,
                max_shear_degree=0.0,
                scaling_ratio_range=(
                    0.5,
                    1.5,
                ),
                type='WeDetectRandomAffine'),
            dict(
                pre_transform=[
                    dict(backend_args=None, type='LoadImageFromFile'),
                    dict(type='LoadAnnotations', with_bbox=True),
                    dict(
                        img_scale=(
                            640,
                            640,
                        ),
                        pad_val=114.0,
                        pre_transform=[
                            dict(backend_args=None, type='LoadImageFromFile'),
                            dict(type='LoadAnnotations', with_bbox=True),
                        ],
                        type='MultiModalMosaic'),
                    dict(
                        border=(
                            -320,
                            -320,
                        ),
                        border_val=(
                            114,
                            114,
                            114,
                        ),
                        max_aspect_ratio=100.0,
                        max_rotate_degree=0.0,
                        max_shear_degree=0.0,
                        scaling_ratio_range=(
                            0.5,
                            1.5,
                        ),
                        type='WeDetectRandomAffine'),
                ],
                prob=0.15,
                type='YOLOv5MultiModalMixUp'),
            dict(
                bbox_params=dict(
                    format='pascal_voc',
                    label_fields=[
                        'gt_bboxes_labels',
                        'gt_ignore_flags',
                    ],
                    type='BboxParams'),
                keymap=dict(gt_bboxes='bboxes', img='image'),
                transforms=[
                    dict(p=0.01, type='Blur'),
                    dict(p=0.01, type='MedianBlur'),
                    dict(p=0.01, type='ToGray'),
                    dict(p=0.01, type='CLAHE'),
                ],
                type='mmdet.Albu'),
            dict(type='WeDetectHSVRandomAug'),
            dict(prob=0.5, type='mmdet.RandomFlip'),
            dict(
                max_num_samples=91,
                num_neg_samples=(
                    91,
                    91,
                ),
                padding_to_max=True,
                padding_value='',
                type='RandomLoadText'),
            dict(
                meta_keys=(
                    'img_id',
                    'img_path',
                    'ori_shape',
                    'img_shape',
                    'flip',
                    'flip_direction',
                    'texts',
                ),
                type='mmdet.PackDetInputs'),
        ],
        type='MultiModalDataset'),
    num_workers=4,
    persistent_workers=True,
    sampler=dict(shuffle=True, type='DefaultSampler'))
train_dataset = dict(
    class_text_path=
    '/home/siyuan/projects/LLMs/OralDetect-Family/OralDetect/datas/class_texts_en.json',
    dataset=dict(
        ann_file=
        '/home/siyuan/projects/LLMs/OralDetect-Family/OralDetect/datas/instances_train.json',
        data_prefix=dict(img='all2017/'),
        data_root='/nfs_share/public/OralGPT/oralgpt-detect-all/coco_format/',
        filter_cfg=dict(filter_empty_gt=False, min_size=32),
        metainfo=dict(
            classes=(
                'abnormal oral epithelial cell',
                'alveolar bone loss',
                'anterior teeth with fluorosis',
                'anterior teeth without fluorosis',
                'blood cell',
                'canine',
                'central incisor',
                'craniofacial or oral anomaly',
                'deep dental caries',
                'dental abrasion',
                'dental caries',
                'dental crown restoration',
                'dental filling',
                'dental implant',
                'dental opacity',
                'dental restoration',
                'dividing oral cell',
                'first molar',
                'first premolar',
                'foreign object or debris',
                'grade I oral cytology (normal)',
                'grade II oral cytology (atypical)',
                'grade III oral cytology (suspicious)',
                'grade IV oral cytology (malignant)',
                'impacted tooth',
                'impacted wisdom tooth',
                'intraoral appliance',
                'lateral incisor',
                'malaligned tooth',
                'mandibular canal',
                'maxillary sinus',
                'missing or residual root',
                'missing teeth',
                'normal oral mucosa',
                'normal oral tissue',
                'oral squamous cell carcinoma tumor',
                'orthodontic bracket',
                'out-of-focus cell',
                'periapical abscess',
                'periapical cyst',
                'periapical granuloma',
                'periapical lesion',
                'quadrant 1 (upper right)',
                'quadrant 2 (upper left)',
                'quadrant 3 (lower left)',
                'quadrant 4 (lower right)',
                'reactive oral cell',
                'restoration with secondary caries',
                'retained root',
                'root canal treatment',
                'root piece',
                'second molar',
                'second premolar',
                'severe gingivitis',
                'tooth',
                'tooth 11 (upper right central incisor)',
                'tooth 12 (upper right lateral incisor)',
                'tooth 13 (upper right canine)',
                'tooth 14 (upper right first premolar)',
                'tooth 15 (upper right second premolar)',
                'tooth 16 (upper right first molar)',
                'tooth 17 (upper right second molar)',
                'tooth 18 (upper right third molar)',
                'tooth 21 (upper left central incisor)',
                'tooth 22 (upper left lateral incisor)',
                'tooth 23 (upper left canine)',
                'tooth 24 (upper left first premolar)',
                'tooth 25 (upper left second premolar)',
                'tooth 26 (upper left first molar)',
                'tooth 27 (upper left second molar)',
                'tooth 28 (upper left third molar)',
                'tooth 31 (lower left central incisor)',
                'tooth 32 (lower left lateral incisor)',
                'tooth 33 (lower left canine)',
                'tooth 34 (lower left first premolar)',
                'tooth 35 (lower left second premolar)',
                'tooth 36 (lower left first molar)',
                'tooth 37 (lower left second molar)',
                'tooth 38 (lower left third molar)',
                'tooth 41 (lower right central incisor)',
                'tooth 42 (lower right lateral incisor)',
                'tooth 43 (lower right canine)',
                'tooth 44 (lower right first premolar)',
                'tooth 45 (lower right second premolar)',
                'tooth 46 (lower right first molar)',
                'tooth 47 (lower right second molar)',
                'tooth 48 (lower right third molar)',
                'tooth erosion',
                'tooth malformation',
                'treated tooth',
                'unclassified cell',
            )),
        type='WeCocoDataset'),
    pipeline=[
        dict(backend_args=None, type='LoadImageFromFile'),
        dict(type='LoadAnnotations', with_bbox=True),
        dict(
            img_scale=(
                640,
                640,
            ),
            pad_val=114.0,
            pre_transform=[
                dict(backend_args=None, type='LoadImageFromFile'),
                dict(type='LoadAnnotations', with_bbox=True),
            ],
            type='MultiModalMosaic'),
        dict(
            border=(
                -320,
                -320,
            ),
            border_val=(
                114,
                114,
                114,
            ),
            max_aspect_ratio=100.0,
            max_rotate_degree=0.0,
            max_shear_degree=0.0,
            scaling_ratio_range=(
                0.5,
                1.5,
            ),
            type='WeDetectRandomAffine'),
        dict(
            pre_transform=[
                dict(backend_args=None, type='LoadImageFromFile'),
                dict(type='LoadAnnotations', with_bbox=True),
                dict(
                    img_scale=(
                        640,
                        640,
                    ),
                    pad_val=114.0,
                    pre_transform=[
                        dict(backend_args=None, type='LoadImageFromFile'),
                        dict(type='LoadAnnotations', with_bbox=True),
                    ],
                    type='MultiModalMosaic'),
                dict(
                    border=(
                        -320,
                        -320,
                    ),
                    border_val=(
                        114,
                        114,
                        114,
                    ),
                    max_aspect_ratio=100.0,
                    max_rotate_degree=0.0,
                    max_shear_degree=0.0,
                    scaling_ratio_range=(
                        0.5,
                        1.5,
                    ),
                    type='WeDetectRandomAffine'),
            ],
            prob=0.15,
            type='YOLOv5MultiModalMixUp'),
        dict(
            bbox_params=dict(
                format='pascal_voc',
                label_fields=[
                    'gt_bboxes_labels',
                    'gt_ignore_flags',
                ],
                type='BboxParams'),
            keymap=dict(gt_bboxes='bboxes', img='image'),
            transforms=[
                dict(p=0.01, type='Blur'),
                dict(p=0.01, type='MedianBlur'),
                dict(p=0.01, type='ToGray'),
                dict(p=0.01, type='CLAHE'),
            ],
            type='mmdet.Albu'),
        dict(type='WeDetectHSVRandomAug'),
        dict(prob=0.5, type='mmdet.RandomFlip'),
        dict(
            max_num_samples=91,
            num_neg_samples=(
                91,
                91,
            ),
            padding_to_max=True,
            padding_value='',
            type='RandomLoadText'),
        dict(
            meta_keys=(
                'img_id',
                'img_path',
                'ori_shape',
                'img_shape',
                'flip',
                'flip_direction',
                'texts',
            ),
            type='mmdet.PackDetInputs'),
    ],
    type='MultiModalDataset')
train_pipeline = [
    dict(backend_args=None, type='LoadImageFromFile'),
    dict(type='LoadAnnotations', with_bbox=True),
    dict(
        img_scale=(
            640,
            640,
        ),
        pad_val=114.0,
        pre_transform=[
            dict(backend_args=None, type='LoadImageFromFile'),
            dict(type='LoadAnnotations', with_bbox=True),
        ],
        type='MultiModalMosaic'),
    dict(
        border=(
            -320,
            -320,
        ),
        border_val=(
            114,
            114,
            114,
        ),
        max_aspect_ratio=100.0,
        max_rotate_degree=0.0,
        max_shear_degree=0.0,
        scaling_ratio_range=(
            0.5,
            1.5,
        ),
        type='WeDetectRandomAffine'),
    dict(
        pre_transform=[
            dict(backend_args=None, type='LoadImageFromFile'),
            dict(type='LoadAnnotations', with_bbox=True),
            dict(
                img_scale=(
                    640,
                    640,
                ),
                pad_val=114.0,
                pre_transform=[
                    dict(backend_args=None, type='LoadImageFromFile'),
                    dict(type='LoadAnnotations', with_bbox=True),
                ],
                type='MultiModalMosaic'),
            dict(
                border=(
                    -320,
                    -320,
                ),
                border_val=(
                    114,
                    114,
                    114,
                ),
                max_aspect_ratio=100.0,
                max_rotate_degree=0.0,
                max_shear_degree=0.0,
                scaling_ratio_range=(
                    0.5,
                    1.5,
                ),
                type='WeDetectRandomAffine'),
        ],
        prob=0.15,
        type='YOLOv5MultiModalMixUp'),
    dict(
        bbox_params=dict(
            format='pascal_voc',
            label_fields=[
                'gt_bboxes_labels',
                'gt_ignore_flags',
            ],
            type='BboxParams'),
        keymap=dict(gt_bboxes='bboxes', img='image'),
        transforms=[
            dict(p=0.01, type='Blur'),
            dict(p=0.01, type='MedianBlur'),
            dict(p=0.01, type='ToGray'),
            dict(p=0.01, type='CLAHE'),
        ],
        type='mmdet.Albu'),
    dict(type='WeDetectHSVRandomAug'),
    dict(prob=0.5, type='mmdet.RandomFlip'),
    dict(
        max_num_samples=91,
        num_neg_samples=(
            91,
            91,
        ),
        padding_to_max=True,
        padding_value='',
        type='RandomLoadText'),
    dict(
        meta_keys=(
            'img_id',
            'img_path',
            'ori_shape',
            'img_shape',
            'flip',
            'flip_direction',
            'texts',
        ),
        type='mmdet.PackDetInputs'),
]
train_pipeline_stage2 = [
    dict(backend_args=None, type='LoadImageFromFile'),
    dict(type='LoadAnnotations', with_bbox=True),
    dict(scale=(
        640,
        640,
    ), type='WeDetectKeepRatioResize'),
    dict(
        allow_scale_up=True,
        pad_val=dict(img=114.0),
        scale=(
            640,
            640,
        ),
        type='WeDetectLetterResize'),
    dict(
        border_val=(
            114,
            114,
            114,
        ),
        max_aspect_ratio=100,
        max_rotate_degree=0.0,
        max_shear_degree=0.0,
        scaling_ratio_range=(
            0.5,
            1.5,
        ),
        type='WeDetectRandomAffine'),
    dict(
        bbox_params=dict(
            format='pascal_voc',
            label_fields=[
                'gt_bboxes_labels',
                'gt_ignore_flags',
            ],
            type='BboxParams'),
        keymap=dict(gt_bboxes='bboxes', img='image'),
        transforms=[
            dict(p=0.01, type='Blur'),
            dict(p=0.01, type='MedianBlur'),
            dict(p=0.01, type='ToGray'),
            dict(p=0.01, type='CLAHE'),
        ],
        type='mmdet.Albu'),
    dict(type='WeDetectHSVRandomAug'),
    dict(prob=0.5, type='mmdet.RandomFlip'),
    dict(
        max_num_samples=91,
        num_neg_samples=(
            91,
            91,
        ),
        padding_to_max=True,
        padding_value='',
        type='RandomLoadText'),
    dict(
        meta_keys=(
            'img_id',
            'img_path',
            'ori_shape',
            'img_shape',
            'flip',
            'flip_direction',
            'texts',
        ),
        type='mmdet.PackDetInputs'),
]
val_cfg = dict(type='ValLoop')
val_dataloader = dict(
    batch_size=1,
    dataset=dict(
        class_text_path=
        '/home/siyuan/projects/LLMs/OralDetect-Family/OralDetect/datas/class_texts_en.json',
        dataset=dict(
            ann_file=
            '/home/siyuan/projects/LLMs/OralDetect-Family/OralDetect/datas/instances_test.json',
            batch_shapes_cfg=None,
            data_prefix=dict(img='all2017/'),
            data_root=
            '/nfs_share/public/OralGPT/oralgpt-detect-all/coco_format/',
            metainfo=dict(
                classes=(
                    'abnormal oral epithelial cell',
                    'alveolar bone loss',
                    'anterior teeth with fluorosis',
                    'anterior teeth without fluorosis',
                    'blood cell',
                    'canine',
                    'central incisor',
                    'craniofacial or oral anomaly',
                    'deep dental caries',
                    'dental abrasion',
                    'dental caries',
                    'dental crown restoration',
                    'dental filling',
                    'dental implant',
                    'dental opacity',
                    'dental restoration',
                    'dividing oral cell',
                    'first molar',
                    'first premolar',
                    'foreign object or debris',
                    'grade I oral cytology (normal)',
                    'grade II oral cytology (atypical)',
                    'grade III oral cytology (suspicious)',
                    'grade IV oral cytology (malignant)',
                    'impacted tooth',
                    'impacted wisdom tooth',
                    'intraoral appliance',
                    'lateral incisor',
                    'malaligned tooth',
                    'mandibular canal',
                    'maxillary sinus',
                    'missing or residual root',
                    'missing teeth',
                    'normal oral mucosa',
                    'normal oral tissue',
                    'oral squamous cell carcinoma tumor',
                    'orthodontic bracket',
                    'out-of-focus cell',
                    'periapical abscess',
                    'periapical cyst',
                    'periapical granuloma',
                    'periapical lesion',
                    'quadrant 1 (upper right)',
                    'quadrant 2 (upper left)',
                    'quadrant 3 (lower left)',
                    'quadrant 4 (lower right)',
                    'reactive oral cell',
                    'restoration with secondary caries',
                    'retained root',
                    'root canal treatment',
                    'root piece',
                    'second molar',
                    'second premolar',
                    'severe gingivitis',
                    'tooth',
                    'tooth 11 (upper right central incisor)',
                    'tooth 12 (upper right lateral incisor)',
                    'tooth 13 (upper right canine)',
                    'tooth 14 (upper right first premolar)',
                    'tooth 15 (upper right second premolar)',
                    'tooth 16 (upper right first molar)',
                    'tooth 17 (upper right second molar)',
                    'tooth 18 (upper right third molar)',
                    'tooth 21 (upper left central incisor)',
                    'tooth 22 (upper left lateral incisor)',
                    'tooth 23 (upper left canine)',
                    'tooth 24 (upper left first premolar)',
                    'tooth 25 (upper left second premolar)',
                    'tooth 26 (upper left first molar)',
                    'tooth 27 (upper left second molar)',
                    'tooth 28 (upper left third molar)',
                    'tooth 31 (lower left central incisor)',
                    'tooth 32 (lower left lateral incisor)',
                    'tooth 33 (lower left canine)',
                    'tooth 34 (lower left first premolar)',
                    'tooth 35 (lower left second premolar)',
                    'tooth 36 (lower left first molar)',
                    'tooth 37 (lower left second molar)',
                    'tooth 38 (lower left third molar)',
                    'tooth 41 (lower right central incisor)',
                    'tooth 42 (lower right lateral incisor)',
                    'tooth 43 (lower right canine)',
                    'tooth 44 (lower right first premolar)',
                    'tooth 45 (lower right second premolar)',
                    'tooth 46 (lower right first molar)',
                    'tooth 47 (lower right second molar)',
                    'tooth 48 (lower right third molar)',
                    'tooth erosion',
                    'tooth malformation',
                    'treated tooth',
                    'unclassified cell',
                )),
            test_mode=True,
            type='WeCocoDataset'),
        pipeline=[
            dict(backend_args=None, type='LoadImageFromFile'),
            dict(scale=(
                640,
                640,
            ), type='WeDetectKeepRatioResize'),
            dict(
                allow_scale_up=False,
                pad_val=dict(img=114),
                scale=(
                    640,
                    640,
                ),
                type='WeDetectLetterResize'),
            dict(_scope_='mmdet', type='LoadAnnotations', with_bbox=True),
            dict(type='LoadText'),
            dict(
                meta_keys=(
                    'img_id',
                    'img_path',
                    'ori_shape',
                    'img_shape',
                    'scale_factor',
                    'pad_param',
                    'texts',
                ),
                type='PackDetInputs'),
        ],
        type='MultiModalDataset'),
    drop_last=False,
    num_workers=2,
    persistent_workers=True,
    pin_memory=True,
    sampler=dict(shuffle=False, type='DefaultSampler'))
val_dataset = dict(
    class_text_path=
    '/home/siyuan/projects/LLMs/OralDetect-Family/OralDetect/datas/class_texts_en.json',
    dataset=dict(
        ann_file=
        '/home/siyuan/projects/LLMs/OralDetect-Family/OralDetect/datas/instances_test.json',
        batch_shapes_cfg=None,
        data_prefix=dict(img='all2017/'),
        data_root='/nfs_share/public/OralGPT/oralgpt-detect-all/coco_format/',
        metainfo=dict(
            classes=(
                'abnormal oral epithelial cell',
                'alveolar bone loss',
                'anterior teeth with fluorosis',
                'anterior teeth without fluorosis',
                'blood cell',
                'canine',
                'central incisor',
                'craniofacial or oral anomaly',
                'deep dental caries',
                'dental abrasion',
                'dental caries',
                'dental crown restoration',
                'dental filling',
                'dental implant',
                'dental opacity',
                'dental restoration',
                'dividing oral cell',
                'first molar',
                'first premolar',
                'foreign object or debris',
                'grade I oral cytology (normal)',
                'grade II oral cytology (atypical)',
                'grade III oral cytology (suspicious)',
                'grade IV oral cytology (malignant)',
                'impacted tooth',
                'impacted wisdom tooth',
                'intraoral appliance',
                'lateral incisor',
                'malaligned tooth',
                'mandibular canal',
                'maxillary sinus',
                'missing or residual root',
                'missing teeth',
                'normal oral mucosa',
                'normal oral tissue',
                'oral squamous cell carcinoma tumor',
                'orthodontic bracket',
                'out-of-focus cell',
                'periapical abscess',
                'periapical cyst',
                'periapical granuloma',
                'periapical lesion',
                'quadrant 1 (upper right)',
                'quadrant 2 (upper left)',
                'quadrant 3 (lower left)',
                'quadrant 4 (lower right)',
                'reactive oral cell',
                'restoration with secondary caries',
                'retained root',
                'root canal treatment',
                'root piece',
                'second molar',
                'second premolar',
                'severe gingivitis',
                'tooth',
                'tooth 11 (upper right central incisor)',
                'tooth 12 (upper right lateral incisor)',
                'tooth 13 (upper right canine)',
                'tooth 14 (upper right first premolar)',
                'tooth 15 (upper right second premolar)',
                'tooth 16 (upper right first molar)',
                'tooth 17 (upper right second molar)',
                'tooth 18 (upper right third molar)',
                'tooth 21 (upper left central incisor)',
                'tooth 22 (upper left lateral incisor)',
                'tooth 23 (upper left canine)',
                'tooth 24 (upper left first premolar)',
                'tooth 25 (upper left second premolar)',
                'tooth 26 (upper left first molar)',
                'tooth 27 (upper left second molar)',
                'tooth 28 (upper left third molar)',
                'tooth 31 (lower left central incisor)',
                'tooth 32 (lower left lateral incisor)',
                'tooth 33 (lower left canine)',
                'tooth 34 (lower left first premolar)',
                'tooth 35 (lower left second premolar)',
                'tooth 36 (lower left first molar)',
                'tooth 37 (lower left second molar)',
                'tooth 38 (lower left third molar)',
                'tooth 41 (lower right central incisor)',
                'tooth 42 (lower right lateral incisor)',
                'tooth 43 (lower right canine)',
                'tooth 44 (lower right first premolar)',
                'tooth 45 (lower right second premolar)',
                'tooth 46 (lower right first molar)',
                'tooth 47 (lower right second molar)',
                'tooth 48 (lower right third molar)',
                'tooth erosion',
                'tooth malformation',
                'treated tooth',
                'unclassified cell',
            )),
        test_mode=True,
        type='WeCocoDataset'),
    pipeline=[
        dict(backend_args=None, type='LoadImageFromFile'),
        dict(scale=(
            640,
            640,
        ), type='WeDetectKeepRatioResize'),
        dict(
            allow_scale_up=False,
            pad_val=dict(img=114),
            scale=(
                640,
                640,
            ),
            type='WeDetectLetterResize'),
        dict(_scope_='mmdet', type='LoadAnnotations', with_bbox=True),
        dict(type='LoadText'),
        dict(
            meta_keys=(
                'img_id',
                'img_path',
                'ori_shape',
                'img_shape',
                'scale_factor',
                'pad_param',
                'texts',
            ),
            type='PackDetInputs'),
    ],
    type='MultiModalDataset')
val_evaluator = dict(
    ann_file=
    '/home/siyuan/projects/LLMs/OralDetect-Family/OralDetect/datas/instances_test.json',
    metric='bbox',
    type='CocoMetric')
vis_backends = [
    dict(type='LocalVisBackend'),
]
visualizer = dict(
    name='visualizer',
    type='mmdet.DetLocalVisualizer',
    vis_backends=[
        dict(type='LocalVisBackend'),
    ])
weight_decay = 0.05
work_dir = 'work_dirs/base3stage_s1'

06/21 20:19:53 - mmengine - INFO - Using SyncBatchNorm()
06/21 20:19:53 - mmengine - INFO - Hooks will be executed in the following order:
before_run:
(VERY_HIGH   ) RuntimeInfoHook                    
(BELOW_NORMAL) LoggerHook                         
 -------------------- 
before_train:
(VERY_HIGH   ) RuntimeInfoHook                    
(NORMAL      ) IterTimerHook                      
(VERY_LOW    ) CheckpointHook                     
 -------------------- 
before_train_epoch:
(VERY_HIGH   ) RuntimeInfoHook                    
(NORMAL      ) IterTimerHook                      
(NORMAL      ) DistSamplerSeedHook                
 -------------------- 
before_train_iter:
(VERY_HIGH   ) RuntimeInfoHook                    
(NORMAL      ) IterTimerHook                      
 -------------------- 
after_train_iter:
(VERY_HIGH   ) RuntimeInfoHook                    
(NORMAL      ) IterTimerHook                      
(BELOW_NORMAL) LoggerHook                         
(LOW         ) ParamSchedulerHook                 
(VERY_LOW    ) CheckpointHook                     
 -------------------- 
after_train_epoch:
(NORMAL      ) IterTimerHook                      
(LOW         ) ParamSchedulerHook                 
(VERY_LOW    ) CheckpointHook                     
 -------------------- 
before_val:
(VERY_HIGH   ) RuntimeInfoHook                    
 -------------------- 
before_val_epoch:
(NORMAL      ) IterTimerHook                      
 -------------------- 
before_val_iter:
(NORMAL      ) IterTimerHook                      
 -------------------- 
after_val_iter:
(NORMAL      ) IterTimerHook                      
(NORMAL      ) DetVisualizationHook               
(BELOW_NORMAL) LoggerHook                         
 -------------------- 
after_val_epoch:
(VERY_HIGH   ) RuntimeInfoHook                    
(NORMAL      ) IterTimerHook                      
(BELOW_NORMAL) LoggerHook                         
(LOW         ) ParamSchedulerHook                 
(VERY_LOW    ) CheckpointHook                     
 -------------------- 
after_val:
(VERY_HIGH   ) RuntimeInfoHook                    
 -------------------- 
after_train:
(VERY_HIGH   ) RuntimeInfoHook                    
(VERY_LOW    ) CheckpointHook                     
 -------------------- 
before_test:
(VERY_HIGH   ) RuntimeInfoHook                    
 -------------------- 
before_test_epoch:
(NORMAL      ) IterTimerHook                      
 -------------------- 
before_test_iter:
(NORMAL      ) IterTimerHook                      
 -------------------- 
after_test_iter:
(NORMAL      ) IterTimerHook                      
(NORMAL      ) DetVisualizationHook               
(BELOW_NORMAL) LoggerHook                         
 -------------------- 
after_test_epoch:
(VERY_HIGH   ) RuntimeInfoHook                    
(NORMAL      ) IterTimerHook                      
(BELOW_NORMAL) LoggerHook                         
 -------------------- 
after_test:
(VERY_HIGH   ) RuntimeInfoHook                    
 -------------------- 
after_run:
(BELOW_NORMAL) LoggerHook                         
 -------------------- 
loading annotations into memory...
loading annotations into memory...
loading annotations into memory...
Done (t=1.34s)
creating index...
index created!
loading annotations into memory...
Done (t=1.54s)
creating index...
Done (t=1.62s)
creating index...
index created!
index created!
Done (t=1.79s)
creating index...
index created!
/home/siyuan/anaconda3/envs/wedetect_official/lib/python3.10/site-packages/albumentations/core/composition.py:331: UserWarning: Got processor for bboxes, but no transform to process it.
  self._set_keys()
loading annotations into memory...
Done (t=0.36s)
creating index...
index created!
/home/siyuan/anaconda3/envs/wedetect_official/lib/python3.10/site-packages/albumentations/core/composition.py:331: UserWarning: Got processor for bboxes, but no transform to process it.
  self._set_keys()
loading annotations into memory...
/home/siyuan/anaconda3/envs/wedetect_official/lib/python3.10/site-packages/albumentations/core/composition.py:331: UserWarning: Got processor for bboxes, but no transform to process it.
  self._set_keys()
loading annotations into memory...
Done (t=0.39s)
creating index...
index created!
Done (t=0.43s)
creating index...
index created!
loading annotations into memory...
Done (t=0.39s)
creating index...
index created!
loading annotations into memory...
/home/siyuan/anaconda3/envs/wedetect_official/lib/python3.10/site-packages/albumentations/core/composition.py:331: UserWarning: Got processor for bboxes, but no transform to process it.
  self._set_keys()
06/21 20:19:59 - mmengine - INFO - paramwise_options -- neck.reduce_layer0.block.conv.weight:num of params=262144
06/21 20:19:59 - mmengine - INFO - paramwise_options -- neck.reduce_layer0.block.bn.weight:num of params=256
06/21 20:19:59 - mmengine - INFO - paramwise_options -- neck.reduce_layer0.block.bn.bias:num of params=256
06/21 20:19:59 - mmengine - INFO - paramwise_options -- neck.Bifusion0.cv1.block.conv.weight:num of params=131072
06/21 20:19:59 - mmengine - INFO - paramwise_options -- neck.Bifusion0.cv1.block.bn.weight:num of params=256
06/21 20:19:59 - mmengine - INFO - paramwise_options -- neck.Bifusion0.cv1.block.bn.bias:num of params=256
06/21 20:19:59 - mmengine - INFO - paramwise_options -- neck.Bifusion0.cv2.block.conv.weight:num of params=65536
06/21 20:19:59 - mmengine - INFO - paramwise_options -- neck.Bifusion0.cv2.block.bn.weight:num of params=256
06/21 20:19:59 - mmengine - INFO - paramwise_options -- neck.Bifusion0.cv2.block.bn.bias:num of params=256
06/21 20:19:59 - mmengine - INFO - paramwise_options -- neck.Bifusion0.cv3.block.conv.weight:num of params=196608
06/21 20:19:59 - mmengine - INFO - paramwise_options -- neck.Bifusion0.cv3.block.bn.weight:num of params=256
06/21 20:19:59 - mmengine - INFO - paramwise_options -- neck.Bifusion0.cv3.block.bn.bias:num of params=256
06/21 20:19:59 - mmengine - INFO - paramwise_options -- neck.Bifusion0.upsample.upsample_transpose.weight:num of params=262144
06/21 20:19:59 - mmengine - INFO - paramwise_options -- neck.Bifusion0.upsample.upsample_transpose.bias:num of params=256
06/21 20:19:59 - mmengine - INFO - paramwise_options -- neck.Bifusion0.downsample.block.conv.weight:num of params=589824
06/21 20:19:59 - mmengine - INFO - paramwise_options -- neck.Bifusion0.downsample.block.bn.weight:num of params=256
06/21 20:19:59 - mmengine - INFO - paramwise_options -- neck.Bifusion0.downsample.block.bn.bias:num of params=256
06/21 20:19:59 - mmengine - INFO - paramwise_options -- neck.Rep_p4.cv1.block.conv.weight:num of params=32768
06/21 20:19:59 - mmengine - INFO - paramwise_options -- neck.Rep_p4.cv1.block.bn.weight:num of params=128
06/21 20:19:59 - mmengine - INFO - paramwise_options -- neck.Rep_p4.cv1.block.bn.bias:num of params=128
06/21 20:19:59 - mmengine - INFO - paramwise_options -- neck.Rep_p4.cv2.block.conv.weight:num of params=32768
06/21 20:19:59 - mmengine - INFO - paramwise_options -- neck.Rep_p4.cv2.block.bn.weight:num of params=128
06/21 20:19:59 - mmengine - INFO - paramwise_options -- neck.Rep_p4.cv2.block.bn.bias:num of params=128
06/21 20:19:59 - mmengine - INFO - paramwise_options -- neck.Rep_p4.cv3.block.conv.weight:num of params=65536
06/21 20:19:59 - mmengine - INFO - paramwise_options -- neck.Rep_p4.cv3.block.bn.weight:num of params=256
06/21 20:19:59 - mmengine - INFO - paramwise_options -- neck.Rep_p4.cv3.block.bn.bias:num of params=256
06/21 20:19:59 - mmengine - INFO - paramwise_options -- neck.Rep_p4.m.conv1.alpha:num of params=1
06/21 20:19:59 - mmengine - INFO - paramwise_options -- neck.Rep_p4.m.conv1.conv1.block.conv.weight:num of params=147456
06/21 20:19:59 - mmengine - INFO - paramwise_options -- neck.Rep_p4.m.conv1.conv1.block.bn.weight:num of params=128
06/21 20:19:59 - mmengine - INFO - paramwise_options -- neck.Rep_p4.m.conv1.conv1.block.bn.bias:num of params=128
06/21 20:19:59 - mmengine - INFO - paramwise_options -- neck.Rep_p4.m.conv1.conv2.block.conv.weight:num of params=147456
06/21 20:19:59 - mmengine - INFO - paramwise_options -- neck.Rep_p4.m.conv1.conv2.block.bn.weight:num of params=128
06/21 20:19:59 - mmengine - INFO - paramwise_options -- neck.Rep_p4.m.conv1.conv2.block.bn.bias:num of params=128
06/21 20:19:59 - mmengine - INFO - paramwise_options -- neck.Rep_p4.m.block.0.alpha:num of params=1
06/21 20:19:59 - mmengine - INFO - paramwise_options -- neck.Rep_p4.m.block.0.conv1.block.conv.weight:num of params=147456
06/21 20:19:59 - mmengine - INFO - paramwise_options -- neck.Rep_p4.m.block.0.conv1.block.bn.weight:num of params=128
06/21 20:19:59 - mmengine - INFO - paramwise_options -- neck.Rep_p4.m.block.0.conv1.block.bn.bias:num of params=128
06/21 20:19:59 - mmengine - INFO - paramwise_options -- neck.Rep_p4.m.block.0.conv2.block.conv.weight:num of params=147456
06/21 20:19:59 - mmengine - INFO - paramwise_options -- neck.Rep_p4.m.block.0.conv2.block.bn.weight:num of params=128
06/21 20:19:59 - mmengine - INFO - paramwise_options -- neck.Rep_p4.m.block.0.conv2.block.bn.bias:num of params=128
06/21 20:19:59 - mmengine - INFO - paramwise_options -- neck.Rep_p4.m.block.1.alpha:num of params=1
06/21 20:19:59 - mmengine - INFO - paramwise_options -- neck.Rep_p4.m.block.1.conv1.block.conv.weight:num of params=147456
06/21 20:19:59 - mmengine - INFO - paramwise_options -- neck.Rep_p4.m.block.1.conv1.block.bn.weight:num of params=128
06/21 20:19:59 - mmengine - INFO - paramwise_options -- neck.Rep_p4.m.block.1.conv1.block.bn.bias:num of params=128
06/21 20:19:59 - mmengine - INFO - paramwise_options -- neck.Rep_p4.m.block.1.conv2.block.conv.weight:num of params=147456
06/21 20:19:59 - mmengine - INFO - paramwise_options -- neck.Rep_p4.m.block.1.conv2.block.bn.weight:num of params=128
06/21 20:19:59 - mmengine - INFO - paramwise_options -- neck.Rep_p4.m.block.1.conv2.block.bn.bias:num of params=128
06/21 20:19:59 - mmengine - INFO - paramwise_options -- neck.Rep_p4.m.block.2.alpha:num of params=1
06/21 20:19:59 - mmengine - INFO - paramwise_options -- neck.Rep_p4.m.block.2.conv1.block.conv.weight:num of params=147456
06/21 20:19:59 - mmengine - INFO - paramwise_options -- neck.Rep_p4.m.block.2.conv1.block.bn.weight:num of params=128
06/21 20:19:59 - mmengine - INFO - paramwise_options -- neck.Rep_p4.m.block.2.conv1.block.bn.bias:num of params=128
06/21 20:19:59 - mmengine - INFO - paramwise_options -- neck.Rep_p4.m.block.2.conv2.block.conv.weight:num of params=147456
06/21 20:19:59 - mmengine - INFO - paramwise_options -- neck.Rep_p4.m.block.2.conv2.block.bn.weight:num of params=128
06/21 20:19:59 - mmengine - INFO - paramwise_options -- neck.Rep_p4.m.block.2.conv2.block.bn.bias:num of params=128
06/21 20:19:59 - mmengine - INFO - paramwise_options -- neck.Rep_p4.m.block.3.alpha:num of params=1
06/21 20:19:59 - mmengine - INFO - paramwise_options -- neck.Rep_p4.m.block.3.conv1.block.conv.weight:num of params=147456
06/21 20:19:59 - mmengine - INFO - paramwise_options -- neck.Rep_p4.m.block.3.conv1.block.bn.weight:num of params=128
06/21 20:19:59 - mmengine - INFO - paramwise_options -- neck.Rep_p4.m.block.3.conv1.block.bn.bias:num of params=128
06/21 20:19:59 - mmengine - INFO - paramwise_options -- neck.Rep_p4.m.block.3.conv2.block.conv.weight:num of params=147456
06/21 20:19:59 - mmengine - INFO - paramwise_options -- neck.Rep_p4.m.block.3.conv2.block.bn.weight:num of params=128
06/21 20:19:59 - mmengine - INFO - paramwise_options -- neck.Rep_p4.m.block.3.conv2.block.bn.bias:num of params=128
06/21 20:19:59 - mmengine - INFO - paramwise_options -- neck.Rep_p4.m.block.4.alpha:num of params=1
06/21 20:19:59 - mmengine - INFO - paramwise_options -- neck.Rep_p4.m.block.4.conv1.block.conv.weight:num of params=147456
06/21 20:19:59 - mmengine - INFO - paramwise_options -- neck.Rep_p4.m.block.4.conv1.block.bn.weight:num of params=128
06/21 20:19:59 - mmengine - INFO - paramwise_options -- neck.Rep_p4.m.block.4.conv1.block.bn.bias:num of params=128
06/21 20:19:59 - mmengine - INFO - paramwise_options -- neck.Rep_p4.m.block.4.conv2.block.conv.weight:num of params=147456
06/21 20:19:59 - mmengine - INFO - paramwise_options -- neck.Rep_p4.m.block.4.conv2.block.bn.weight:num of params=128
06/21 20:19:59 - mmengine - INFO - paramwise_options -- neck.Rep_p4.m.block.4.conv2.block.bn.bias:num of params=128
06/21 20:19:59 - mmengine - INFO - paramwise_options -- neck.reduce_layer1.block.conv.weight:num of params=32768
06/21 20:19:59 - mmengine - INFO - paramwise_options -- neck.reduce_layer1.block.bn.weight:num of params=128
06/21 20:19:59 - mmengine - INFO - paramwise_options -- neck.reduce_layer1.block.bn.bias:num of params=128
06/21 20:19:59 - mmengine - INFO - paramwise_options -- neck.Bifusion1.cv1.block.conv.weight:num of params=32768
06/21 20:19:59 - mmengine - INFO - paramwise_options -- neck.Bifusion1.cv1.block.bn.weight:num of params=128
06/21 20:19:59 - mmengine - INFO - paramwise_options -- neck.Bifusion1.cv1.block.bn.bias:num of params=128
06/21 20:19:59 - mmengine - INFO - paramwise_options -- neck.Bifusion1.cv2.block.conv.weight:num of params=16384
06/21 20:19:59 - mmengine - INFO - paramwise_options -- neck.Bifusion1.cv2.block.bn.weight:num of params=128
06/21 20:19:59 - mmengine - INFO - paramwise_options -- neck.Bifusion1.cv2.block.bn.bias:num of params=128
06/21 20:19:59 - mmengine - INFO - paramwise_options -- neck.Bifusion1.cv3.block.conv.weight:num of params=49152
06/21 20:19:59 - mmengine - INFO - paramwise_options -- neck.Bifusion1.cv3.block.bn.weight:num of params=128
06/21 20:19:59 - mmengine - INFO - paramwise_options -- neck.Bifusion1.cv3.block.bn.bias:num of params=128
06/21 20:19:59 - mmengine - INFO - paramwise_options -- neck.Bifusion1.upsample.upsample_transpose.weight:num of params=65536
06/21 20:19:59 - mmengine - INFO - paramwise_options -- neck.Bifusion1.upsample.upsample_transpose.bias:num of params=128
06/21 20:19:59 - mmengine - INFO - paramwise_options -- neck.Bifusion1.downsample.block.conv.weight:num of params=147456
06/21 20:19:59 - mmengine - INFO - paramwise_options -- neck.Bifusion1.downsample.block.bn.weight:num of params=128
06/21 20:19:59 - mmengine - INFO - paramwise_options -- neck.Bifusion1.downsample.block.bn.bias:num of params=128
06/21 20:19:59 - mmengine - INFO - paramwise_options -- neck.Rep_p3.cv1.block.conv.weight:num of params=8192
06/21 20:19:59 - mmengine - INFO - paramwise_options -- neck.Rep_p3.cv1.block.bn.weight:num of params=64
06/21 20:19:59 - mmengine - INFO - paramwise_options -- neck.Rep_p3.cv1.block.bn.bias:num of params=64
06/21 20:19:59 - mmengine - INFO - paramwise_options -- neck.Rep_p3.cv2.block.conv.weight:num of params=8192
06/21 20:19:59 - mmengine - INFO - paramwise_options -- neck.Rep_p3.cv2.block.bn.weight:num of params=64
06/21 20:19:59 - mmengine - INFO - paramwise_options -- neck.Rep_p3.cv2.block.bn.bias:num of params=64
06/21 20:19:59 - mmengine - INFO - paramwise_options -- neck.Rep_p3.cv3.block.conv.weight:num of params=16384
06/21 20:19:59 - mmengine - INFO - paramwise_options -- neck.Rep_p3.cv3.block.bn.weight:num of params=128
06/21 20:19:59 - mmengine - INFO - paramwise_options -- neck.Rep_p3.cv3.block.bn.bias:num of params=128
06/21 20:19:59 - mmengine - INFO - paramwise_options -- neck.Rep_p3.m.conv1.alpha:num of params=1
06/21 20:19:59 - mmengine - INFO - paramwise_options -- neck.Rep_p3.m.conv1.conv1.block.conv.weight:num of params=36864
06/21 20:19:59 - mmengine - INFO - paramwise_options -- neck.Rep_p3.m.conv1.conv1.block.bn.weight:num of params=64
06/21 20:19:59 - mmengine - INFO - paramwise_options -- neck.Rep_p3.m.conv1.conv1.block.bn.bias:num of params=64
06/21 20:19:59 - mmengine - INFO - paramwise_options -- neck.Rep_p3.m.conv1.conv2.block.conv.weight:num of params=36864
06/21 20:19:59 - mmengine - INFO - paramwise_options -- neck.Rep_p3.m.conv1.conv2.block.bn.weight:num of params=64
06/21 20:19:59 - mmengine - INFO - paramwise_options -- neck.Rep_p3.m.conv1.conv2.block.bn.bias:num of params=64
06/21 20:19:59 - mmengine - INFO - paramwise_options -- neck.Rep_p3.m.block.0.alpha:num of params=1
06/21 20:19:59 - mmengine - INFO - paramwise_options -- neck.Rep_p3.m.block.0.conv1.block.conv.weight:num of params=36864
06/21 20:19:59 - mmengine - INFO - paramwise_options -- neck.Rep_p3.m.block.0.conv1.block.bn.weight:num of params=64
06/21 20:19:59 - mmengine - INFO - paramwise_options -- neck.Rep_p3.m.block.0.conv1.block.bn.bias:num of params=64
06/21 20:19:59 - mmengine - INFO - paramwise_options -- neck.Rep_p3.m.block.0.conv2.block.conv.weight:num of params=36864
06/21 20:19:59 - mmengine - INFO - paramwise_options -- neck.Rep_p3.m.block.0.conv2.block.bn.weight:num of params=64
06/21 20:19:59 - mmengine - INFO - paramwise_options -- neck.Rep_p3.m.block.0.conv2.block.bn.bias:num of params=64
06/21 20:19:59 - mmengine - INFO - paramwise_options -- neck.Rep_p3.m.block.1.alpha:num of params=1
06/21 20:19:59 - mmengine - INFO - paramwise_options -- neck.Rep_p3.m.block.1.conv1.block.conv.weight:num of params=36864
06/21 20:19:59 - mmengine - INFO - paramwise_options -- neck.Rep_p3.m.block.1.conv1.block.bn.weight:num of params=64
06/21 20:19:59 - mmengine - INFO - paramwise_options -- neck.Rep_p3.m.block.1.conv1.block.bn.bias:num of params=64
06/21 20:19:59 - mmengine - INFO - paramwise_options -- neck.Rep_p3.m.block.1.conv2.block.conv.weight:num of params=36864
06/21 20:19:59 - mmengine - INFO - paramwise_options -- neck.Rep_p3.m.block.1.conv2.block.bn.weight:num of params=64
06/21 20:19:59 - mmengine - INFO - paramwise_options -- neck.Rep_p3.m.block.1.conv2.block.bn.bias:num of params=64
06/21 20:19:59 - mmengine - INFO - paramwise_options -- neck.Rep_p3.m.block.2.alpha:num of params=1
06/21 20:19:59 - mmengine - INFO - paramwise_options -- neck.Rep_p3.m.block.2.conv1.block.conv.weight:num of params=36864
06/21 20:19:59 - mmengine - INFO - paramwise_options -- neck.Rep_p3.m.block.2.conv1.block.bn.weight:num of params=64
06/21 20:19:59 - mmengine - INFO - paramwise_options -- neck.Rep_p3.m.block.2.conv1.block.bn.bias:num of params=64
06/21 20:19:59 - mmengine - INFO - paramwise_options -- neck.Rep_p3.m.block.2.conv2.block.conv.weight:num of params=36864
06/21 20:19:59 - mmengine - INFO - paramwise_options -- neck.Rep_p3.m.block.2.conv2.block.bn.weight:num of params=64
06/21 20:19:59 - mmengine - INFO - paramwise_options -- neck.Rep_p3.m.block.2.conv2.block.bn.bias:num of params=64
06/21 20:19:59 - mmengine - INFO - paramwise_options -- neck.Rep_p3.m.block.3.alpha:num of params=1
06/21 20:19:59 - mmengine - INFO - paramwise_options -- neck.Rep_p3.m.block.3.conv1.block.conv.weight:num of params=36864
06/21 20:19:59 - mmengine - INFO - paramwise_options -- neck.Rep_p3.m.block.3.conv1.block.bn.weight:num of params=64
06/21 20:19:59 - mmengine - INFO - paramwise_options -- neck.Rep_p3.m.block.3.conv1.block.bn.bias:num of params=64
06/21 20:19:59 - mmengine - INFO - paramwise_options -- neck.Rep_p3.m.block.3.conv2.block.conv.weight:num of params=36864
06/21 20:19:59 - mmengine - INFO - paramwise_options -- neck.Rep_p3.m.block.3.conv2.block.bn.weight:num of params=64
06/21 20:19:59 - mmengine - INFO - paramwise_options -- neck.Rep_p3.m.block.3.conv2.block.bn.bias:num of params=64
06/21 20:19:59 - mmengine - INFO - paramwise_options -- neck.Rep_p3.m.block.4.alpha:num of params=1
06/21 20:19:59 - mmengine - INFO - paramwise_options -- neck.Rep_p3.m.block.4.conv1.block.conv.weight:num of params=36864
06/21 20:19:59 - mmengine - INFO - paramwise_options -- neck.Rep_p3.m.block.4.conv1.block.bn.weight:num of params=64
06/21 20:19:59 - mmengine - INFO - paramwise_options -- neck.Rep_p3.m.block.4.conv1.block.bn.bias:num of params=64
06/21 20:19:59 - mmengine - INFO - paramwise_options -- neck.Rep_p3.m.block.4.conv2.block.conv.weight:num of params=36864
06/21 20:19:59 - mmengine - INFO - paramwise_options -- neck.Rep_p3.m.block.4.conv2.block.bn.weight:num of params=64
06/21 20:19:59 - mmengine - INFO - paramwise_options -- neck.Rep_p3.m.block.4.conv2.block.bn.bias:num of params=64
06/21 20:19:59 - mmengine - INFO - paramwise_options -- neck.downsample2.block.conv.weight:num of params=147456
06/21 20:19:59 - mmengine - INFO - paramwise_options -- neck.downsample2.block.bn.weight:num of params=128
06/21 20:19:59 - mmengine - INFO - paramwise_options -- neck.downsample2.block.bn.bias:num of params=128
06/21 20:19:59 - mmengine - INFO - paramwise_options -- neck.Rep_n3.cv1.block.conv.weight:num of params=32768
06/21 20:19:59 - mmengine - INFO - paramwise_options -- neck.Rep_n3.cv1.block.bn.weight:num of params=128
06/21 20:19:59 - mmengine - INFO - paramwise_options -- neck.Rep_n3.cv1.block.bn.bias:num of params=128
06/21 20:19:59 - mmengine - INFO - paramwise_options -- neck.Rep_n3.cv2.block.conv.weight:num of params=32768
06/21 20:19:59 - mmengine - INFO - paramwise_options -- neck.Rep_n3.cv2.block.bn.weight:num of params=128
06/21 20:19:59 - mmengine - INFO - paramwise_options -- neck.Rep_n3.cv2.block.bn.bias:num of params=128
06/21 20:19:59 - mmengine - INFO - paramwise_options -- neck.Rep_n3.cv3.block.conv.weight:num of params=65536
06/21 20:19:59 - mmengine - INFO - paramwise_options -- neck.Rep_n3.cv3.block.bn.weight:num of params=256
06/21 20:19:59 - mmengine - INFO - paramwise_options -- neck.Rep_n3.cv3.block.bn.bias:num of params=256
06/21 20:19:59 - mmengine - INFO - paramwise_options -- neck.Rep_n3.m.conv1.alpha:num of params=1
06/21 20:19:59 - mmengine - INFO - paramwise_options -- neck.Rep_n3.m.conv1.conv1.block.conv.weight:num of params=147456
06/21 20:19:59 - mmengine - INFO - paramwise_options -- neck.Rep_n3.m.conv1.conv1.block.bn.weight:num of params=128
06/21 20:19:59 - mmengine - INFO - paramwise_options -- neck.Rep_n3.m.conv1.conv1.block.bn.bias:num of params=128
06/21 20:19:59 - mmengine - INFO - paramwise_options -- neck.Rep_n3.m.conv1.conv2.block.conv.weight:num of params=147456
06/21 20:19:59 - mmengine - INFO - paramwise_options -- neck.Rep_n3.m.conv1.conv2.block.bn.weight:num of params=128
06/21 20:19:59 - mmengine - INFO - paramwise_options -- neck.Rep_n3.m.conv1.conv2.block.bn.bias:num of params=128
06/21 20:19:59 - mmengine - INFO - paramwise_options -- neck.Rep_n3.m.block.0.alpha:num of params=1
06/21 20:19:59 - mmengine - INFO - paramwise_options -- neck.Rep_n3.m.block.0.conv1.block.conv.weight:num of params=147456
06/21 20:19:59 - mmengine - INFO - paramwise_options -- neck.Rep_n3.m.block.0.conv1.block.bn.weight:num of params=128
06/21 20:19:59 - mmengine - INFO - paramwise_options -- neck.Rep_n3.m.block.0.conv1.block.bn.bias:num of params=128
06/21 20:19:59 - mmengine - INFO - paramwise_options -- neck.Rep_n3.m.block.0.conv2.block.conv.weight:num of params=147456
06/21 20:19:59 - mmengine - INFO - paramwise_options -- neck.Rep_n3.m.block.0.conv2.block.bn.weight:num of params=128
06/21 20:19:59 - mmengine - INFO - paramwise_options -- neck.Rep_n3.m.block.0.conv2.block.bn.bias:num of params=128
06/21 20:19:59 - mmengine - INFO - paramwise_options -- neck.Rep_n3.m.block.1.alpha:num of params=1
06/21 20:19:59 - mmengine - INFO - paramwise_options -- neck.Rep_n3.m.block.1.conv1.block.conv.weight:num of params=147456
06/21 20:19:59 - mmengine - INFO - paramwise_options -- neck.Rep_n3.m.block.1.conv1.block.bn.weight:num of params=128
06/21 20:19:59 - mmengine - INFO - paramwise_options -- neck.Rep_n3.m.block.1.conv1.block.bn.bias:num of params=128
06/21 20:19:59 - mmengine - INFO - paramwise_options -- neck.Rep_n3.m.block.1.conv2.block.conv.weight:num of params=147456
06/21 20:19:59 - mmengine - INFO - paramwise_options -- neck.Rep_n3.m.block.1.conv2.block.bn.weight:num of params=128
06/21 20:19:59 - mmengine - INFO - paramwise_options -- neck.Rep_n3.m.block.1.conv2.block.bn.bias:num of params=128
06/21 20:19:59 - mmengine - INFO - paramwise_options -- neck.Rep_n3.m.block.2.alpha:num of params=1
06/21 20:19:59 - mmengine - INFO - paramwise_options -- neck.Rep_n3.m.block.2.conv1.block.conv.weight:num of params=147456
06/21 20:19:59 - mmengine - INFO - paramwise_options -- neck.Rep_n3.m.block.2.conv1.block.bn.weight:num of params=128
06/21 20:19:59 - mmengine - INFO - paramwise_options -- neck.Rep_n3.m.block.2.conv1.block.bn.bias:num of params=128
06/21 20:19:59 - mmengine - INFO - paramwise_options -- neck.Rep_n3.m.block.2.conv2.block.conv.weight:num of params=147456
06/21 20:19:59 - mmengine - INFO - paramwise_options -- neck.Rep_n3.m.block.2.conv2.block.bn.weight:num of params=128
06/21 20:19:59 - mmengine - INFO - paramwise_options -- neck.Rep_n3.m.block.2.conv2.block.bn.bias:num of params=128
06/21 20:19:59 - mmengine - INFO - paramwise_options -- neck.Rep_n3.m.block.3.alpha:num of params=1
06/21 20:19:59 - mmengine - INFO - paramwise_options -- neck.Rep_n3.m.block.3.conv1.block.conv.weight:num of params=147456
06/21 20:19:59 - mmengine - INFO - paramwise_options -- neck.Rep_n3.m.block.3.conv1.block.bn.weight:num of params=128
06/21 20:19:59 - mmengine - INFO - paramwise_options -- neck.Rep_n3.m.block.3.conv1.block.bn.bias:num of params=128
06/21 20:19:59 - mmengine - INFO - paramwise_options -- neck.Rep_n3.m.block.3.conv2.block.conv.weight:num of params=147456
06/21 20:19:59 - mmengine - INFO - paramwise_options -- neck.Rep_n3.m.block.3.conv2.block.bn.weight:num of params=128
06/21 20:19:59 - mmengine - INFO - paramwise_options -- neck.Rep_n3.m.block.3.conv2.block.bn.bias:num of params=128
06/21 20:19:59 - mmengine - INFO - paramwise_options -- neck.Rep_n3.m.block.4.alpha:num of params=1
06/21 20:19:59 - mmengine - INFO - paramwise_options -- neck.Rep_n3.m.block.4.conv1.block.conv.weight:num of params=147456
06/21 20:19:59 - mmengine - INFO - paramwise_options -- neck.Rep_n3.m.block.4.conv1.block.bn.weight:num of params=128
06/21 20:19:59 - mmengine - INFO - paramwise_options -- neck.Rep_n3.m.block.4.conv1.block.bn.bias:num of params=128
06/21 20:19:59 - mmengine - INFO - paramwise_options -- neck.Rep_n3.m.block.4.conv2.block.conv.weight:num of params=147456
06/21 20:19:59 - mmengine - INFO - paramwise_options -- neck.Rep_n3.m.block.4.conv2.block.bn.weight:num of params=128
06/21 20:19:59 - mmengine - INFO - paramwise_options -- neck.Rep_n3.m.block.4.conv2.block.bn.bias:num of params=128
06/21 20:19:59 - mmengine - INFO - paramwise_options -- neck.downsample1.block.conv.weight:num of params=589824
06/21 20:19:59 - mmengine - INFO - paramwise_options -- neck.downsample1.block.bn.weight:num of params=256
06/21 20:19:59 - mmengine - INFO - paramwise_options -- neck.downsample1.block.bn.bias:num of params=256
06/21 20:19:59 - mmengine - INFO - paramwise_options -- neck.Rep_n4.cv1.block.conv.weight:num of params=131072
06/21 20:19:59 - mmengine - INFO - paramwise_options -- neck.Rep_n4.cv1.block.bn.weight:num of params=256
06/21 20:19:59 - mmengine - INFO - paramwise_options -- neck.Rep_n4.cv1.block.bn.bias:num of params=256
06/21 20:19:59 - mmengine - INFO - paramwise_options -- neck.Rep_n4.cv2.block.conv.weight:num of params=131072
06/21 20:19:59 - mmengine - INFO - paramwise_options -- neck.Rep_n4.cv2.block.bn.weight:num of params=256
06/21 20:19:59 - mmengine - INFO - paramwise_options -- neck.Rep_n4.cv2.block.bn.bias:num of params=256
06/21 20:19:59 - mmengine - INFO - paramwise_options -- neck.Rep_n4.cv3.block.conv.weight:num of params=262144
06/21 20:19:59 - mmengine - INFO - paramwise_options -- neck.Rep_n4.cv3.block.bn.weight:num of params=512
06/21 20:19:59 - mmengine - INFO - paramwise_options -- neck.Rep_n4.cv3.block.bn.bias:num of params=512
06/21 20:19:59 - mmengine - INFO - paramwise_options -- neck.Rep_n4.m.conv1.alpha:num of params=1
06/21 20:19:59 - mmengine - INFO - paramwise_options -- neck.Rep_n4.m.conv1.conv1.block.conv.weight:num of params=589824
06/21 20:19:59 - mmengine - INFO - paramwise_options -- neck.Rep_n4.m.conv1.conv1.block.bn.weight:num of params=256
06/21 20:19:59 - mmengine - INFO - paramwise_options -- neck.Rep_n4.m.conv1.conv1.block.bn.bias:num of params=256
06/21 20:19:59 - mmengine - INFO - paramwise_options -- neck.Rep_n4.m.conv1.conv2.block.conv.weight:num of params=589824
06/21 20:19:59 - mmengine - INFO - paramwise_options -- neck.Rep_n4.m.conv1.conv2.block.bn.weight:num of params=256
06/21 20:19:59 - mmengine - INFO - paramwise_options -- neck.Rep_n4.m.conv1.conv2.block.bn.bias:num of params=256
06/21 20:19:59 - mmengine - INFO - paramwise_options -- neck.Rep_n4.m.block.0.alpha:num of params=1
06/21 20:19:59 - mmengine - INFO - paramwise_options -- neck.Rep_n4.m.block.0.conv1.block.conv.weight:num of params=589824
06/21 20:19:59 - mmengine - INFO - paramwise_options -- neck.Rep_n4.m.block.0.conv1.block.bn.weight:num of params=256
06/21 20:19:59 - mmengine - INFO - paramwise_options -- neck.Rep_n4.m.block.0.conv1.block.bn.bias:num of params=256
06/21 20:19:59 - mmengine - INFO - paramwise_options -- neck.Rep_n4.m.block.0.conv2.block.conv.weight:num of params=589824
06/21 20:19:59 - mmengine - INFO - paramwise_options -- neck.Rep_n4.m.block.0.conv2.block.bn.weight:num of params=256
06/21 20:19:59 - mmengine - INFO - paramwise_options -- neck.Rep_n4.m.block.0.conv2.block.bn.bias:num of params=256
06/21 20:19:59 - mmengine - INFO - paramwise_options -- neck.Rep_n4.m.block.1.alpha:num of params=1
06/21 20:19:59 - mmengine - INFO - paramwise_options -- neck.Rep_n4.m.block.1.conv1.block.conv.weight:num of params=589824
06/21 20:19:59 - mmengine - INFO - paramwise_options -- neck.Rep_n4.m.block.1.conv1.block.bn.weight:num of params=256
06/21 20:19:59 - mmengine - INFO - paramwise_options -- neck.Rep_n4.m.block.1.conv1.block.bn.bias:num of params=256
06/21 20:19:59 - mmengine - INFO - paramwise_options -- neck.Rep_n4.m.block.1.conv2.block.conv.weight:num of params=589824
06/21 20:19:59 - mmengine - INFO - paramwise_options -- neck.Rep_n4.m.block.1.conv2.block.bn.weight:num of params=256
06/21 20:19:59 - mmengine - INFO - paramwise_options -- neck.Rep_n4.m.block.1.conv2.block.bn.bias:num of params=256
06/21 20:19:59 - mmengine - INFO - paramwise_options -- neck.Rep_n4.m.block.2.alpha:num of params=1
06/21 20:19:59 - mmengine - INFO - paramwise_options -- neck.Rep_n4.m.block.2.conv1.block.conv.weight:num of params=589824
06/21 20:19:59 - mmengine - INFO - paramwise_options -- neck.Rep_n4.m.block.2.conv1.block.bn.weight:num of params=256
06/21 20:19:59 - mmengine - INFO - paramwise_options -- neck.Rep_n4.m.block.2.conv1.block.bn.bias:num of params=256
06/21 20:19:59 - mmengine - INFO - paramwise_options -- neck.Rep_n4.m.block.2.conv2.block.conv.weight:num of params=589824
06/21 20:19:59 - mmengine - INFO - paramwise_options -- neck.Rep_n4.m.block.2.conv2.block.bn.weight:num of params=256
06/21 20:19:59 - mmengine - INFO - paramwise_options -- neck.Rep_n4.m.block.2.conv2.block.bn.bias:num of params=256
06/21 20:19:59 - mmengine - INFO - paramwise_options -- neck.Rep_n4.m.block.3.alpha:num of params=1
06/21 20:19:59 - mmengine - INFO - paramwise_options -- neck.Rep_n4.m.block.3.conv1.block.conv.weight:num of params=589824
06/21 20:19:59 - mmengine - INFO - paramwise_options -- neck.Rep_n4.m.block.3.conv1.block.bn.weight:num of params=256
06/21 20:19:59 - mmengine - INFO - paramwise_options -- neck.Rep_n4.m.block.3.conv1.block.bn.bias:num of params=256
06/21 20:19:59 - mmengine - INFO - paramwise_options -- neck.Rep_n4.m.block.3.conv2.block.conv.weight:num of params=589824
06/21 20:19:59 - mmengine - INFO - paramwise_options -- neck.Rep_n4.m.block.3.conv2.block.bn.weight:num of params=256
06/21 20:19:59 - mmengine - INFO - paramwise_options -- neck.Rep_n4.m.block.3.conv2.block.bn.bias:num of params=256
06/21 20:19:59 - mmengine - INFO - paramwise_options -- neck.Rep_n4.m.block.4.alpha:num of params=1
06/21 20:19:59 - mmengine - INFO - paramwise_options -- neck.Rep_n4.m.block.4.conv1.block.conv.weight:num of params=589824
06/21 20:19:59 - mmengine - INFO - paramwise_options -- neck.Rep_n4.m.block.4.conv1.block.bn.weight:num of params=256
06/21 20:19:59 - mmengine - INFO - paramwise_options -- neck.Rep_n4.m.block.4.conv1.block.bn.bias:num of params=256
06/21 20:19:59 - mmengine - INFO - paramwise_options -- neck.Rep_n4.m.block.4.conv2.block.conv.weight:num of params=589824
06/21 20:19:59 - mmengine - INFO - paramwise_options -- neck.Rep_n4.m.block.4.conv2.block.bn.weight:num of params=256
06/21 20:19:59 - mmengine - INFO - paramwise_options -- neck.Rep_n4.m.block.4.conv2.block.bn.bias:num of params=256
06/21 20:19:59 - mmengine - INFO - paramwise_options -- bbox_head.head_module.cls_preds.0.0.conv.weight:num of params=294912
06/21 20:19:59 - mmengine - INFO - paramwise_options -- bbox_head.head_module.cls_preds.0.0.bn.weight:num of params=256
06/21 20:19:59 - mmengine - INFO - paramwise_options -- bbox_head.head_module.cls_preds.0.0.bn.bias:num of params=256
06/21 20:19:59 - mmengine - INFO - paramwise_options -- bbox_head.head_module.cls_preds.0.1.conv.weight:num of params=589824
06/21 20:19:59 - mmengine - INFO - paramwise_options -- bbox_head.head_module.cls_preds.0.1.bn.weight:num of params=256
06/21 20:19:59 - mmengine - INFO - paramwise_options -- bbox_head.head_module.cls_preds.0.1.bn.bias:num of params=256
06/21 20:19:59 - mmengine - INFO - paramwise_options -- bbox_head.head_module.cls_preds.0.2.weight:num of params=196608
06/21 20:19:59 - mmengine - INFO - paramwise_options -- bbox_head.head_module.cls_preds.0.2.bias:num of params=768
06/21 20:19:59 - mmengine - INFO - paramwise_options -- bbox_head.head_module.cls_preds.1.0.conv.weight:num of params=589824
06/21 20:19:59 - mmengine - INFO - paramwise_options -- bbox_head.head_module.cls_preds.1.0.bn.weight:num of params=256
06/21 20:19:59 - mmengine - INFO - paramwise_options -- bbox_head.head_module.cls_preds.1.0.bn.bias:num of params=256
06/21 20:19:59 - mmengine - INFO - paramwise_options -- bbox_head.head_module.cls_preds.1.1.conv.weight:num of params=589824
06/21 20:19:59 - mmengine - INFO - paramwise_options -- bbox_head.head_module.cls_preds.1.1.bn.weight:num of params=256
06/21 20:19:59 - mmengine - INFO - paramwise_options -- bbox_head.head_module.cls_preds.1.1.bn.bias:num of params=256
06/21 20:19:59 - mmengine - INFO - paramwise_options -- bbox_head.head_module.cls_preds.1.2.weight:num of params=196608
06/21 20:19:59 - mmengine - INFO - paramwise_options -- bbox_head.head_module.cls_preds.1.2.bias:num of params=768
06/21 20:19:59 - mmengine - INFO - paramwise_options -- bbox_head.head_module.cls_preds.2.0.conv.weight:num of params=1179648
06/21 20:19:59 - mmengine - INFO - paramwise_options -- bbox_head.head_module.cls_preds.2.0.bn.weight:num of params=256
06/21 20:19:59 - mmengine - INFO - paramwise_options -- bbox_head.head_module.cls_preds.2.0.bn.bias:num of params=256
06/21 20:19:59 - mmengine - INFO - paramwise_options -- bbox_head.head_module.cls_preds.2.1.conv.weight:num of params=589824
06/21 20:19:59 - mmengine - INFO - paramwise_options -- bbox_head.head_module.cls_preds.2.1.bn.weight:num of params=256
06/21 20:19:59 - mmengine - INFO - paramwise_options -- bbox_head.head_module.cls_preds.2.1.bn.bias:num of params=256
06/21 20:19:59 - mmengine - INFO - paramwise_options -- bbox_head.head_module.cls_preds.2.2.weight:num of params=196608
06/21 20:19:59 - mmengine - INFO - paramwise_options -- bbox_head.head_module.cls_preds.2.2.bias:num of params=768
06/21 20:19:59 - mmengine - INFO - paramwise_options -- bbox_head.head_module.reg_preds.0.0.conv.weight:num of params=73728
06/21 20:19:59 - mmengine - INFO - paramwise_options -- bbox_head.head_module.reg_preds.0.0.bn.weight:num of params=64
06/21 20:19:59 - mmengine - INFO - paramwise_options -- bbox_head.head_module.reg_preds.0.0.bn.bias:num of params=64
06/21 20:19:59 - mmengine - INFO - paramwise_options -- bbox_head.head_module.reg_preds.0.1.conv.weight:num of params=36864
06/21 20:19:59 - mmengine - INFO - paramwise_options -- bbox_head.head_module.reg_preds.0.1.bn.weight:num of params=64
06/21 20:19:59 - mmengine - INFO - paramwise_options -- bbox_head.head_module.reg_preds.0.1.bn.bias:num of params=64
06/21 20:19:59 - mmengine - INFO - paramwise_options -- bbox_head.head_module.reg_preds.0.2.weight:num of params=4096
06/21 20:19:59 - mmengine - INFO - paramwise_options -- bbox_head.head_module.reg_preds.0.2.bias:num of params=64
06/21 20:19:59 - mmengine - INFO - paramwise_options -- bbox_head.head_module.reg_preds.1.0.conv.weight:num of params=147456
06/21 20:19:59 - mmengine - INFO - paramwise_options -- bbox_head.head_module.reg_preds.1.0.bn.weight:num of params=64
06/21 20:19:59 - mmengine - INFO - paramwise_options -- bbox_head.head_module.reg_preds.1.0.bn.bias:num of params=64
06/21 20:19:59 - mmengine - INFO - paramwise_options -- bbox_head.head_module.reg_preds.1.1.conv.weight:num of params=36864
06/21 20:19:59 - mmengine - INFO - paramwise_options -- bbox_head.head_module.reg_preds.1.1.bn.weight:num of params=64
06/21 20:19:59 - mmengine - INFO - paramwise_options -- bbox_head.head_module.reg_preds.1.1.bn.bias:num of params=64
06/21 20:19:59 - mmengine - INFO - paramwise_options -- bbox_head.head_module.reg_preds.1.2.weight:num of params=4096
06/21 20:19:59 - mmengine - INFO - paramwise_options -- bbox_head.head_module.reg_preds.1.2.bias:num of params=64
06/21 20:19:59 - mmengine - INFO - paramwise_options -- bbox_head.head_module.reg_preds.2.0.conv.weight:num of params=294912
06/21 20:19:59 - mmengine - INFO - paramwise_options -- bbox_head.head_module.reg_preds.2.0.bn.weight:num of params=64
06/21 20:19:59 - mmengine - INFO - paramwise_options -- bbox_head.head_module.reg_preds.2.0.bn.bias:num of params=64
06/21 20:19:59 - mmengine - INFO - paramwise_options -- bbox_head.head_module.reg_preds.2.1.conv.weight:num of params=36864
06/21 20:19:59 - mmengine - INFO - paramwise_options -- bbox_head.head_module.reg_preds.2.1.bn.weight:num of params=64
06/21 20:19:59 - mmengine - INFO - paramwise_options -- bbox_head.head_module.reg_preds.2.1.bn.bias:num of params=64
06/21 20:19:59 - mmengine - INFO - paramwise_options -- bbox_head.head_module.reg_preds.2.2.weight:num of params=4096
06/21 20:19:59 - mmengine - INFO - paramwise_options -- bbox_head.head_module.reg_preds.2.2.bias:num of params=64
06/21 20:19:59 - mmengine - INFO - paramwise_options -- bbox_head.head_module.cls_contrasts.0.bias:num of params=1
06/21 20:19:59 - mmengine - INFO - paramwise_options -- bbox_head.head_module.cls_contrasts.0.logit_scale:num of params=1
06/21 20:19:59 - mmengine - INFO - paramwise_options -- bbox_head.head_module.cls_contrasts.0.logit_scale:lr=0.0001
06/21 20:19:59 - mmengine - INFO - paramwise_options -- bbox_head.head_module.cls_contrasts.0.logit_scale:weight_decay=0.0
06/21 20:19:59 - mmengine - INFO - paramwise_options -- bbox_head.head_module.cls_contrasts.0.norm.weight:num of params=768
06/21 20:19:59 - mmengine - INFO - paramwise_options -- bbox_head.head_module.cls_contrasts.0.norm.bias:num of params=768
06/21 20:19:59 - mmengine - INFO - paramwise_options -- bbox_head.head_module.cls_contrasts.1.bias:num of params=1
06/21 20:19:59 - mmengine - INFO - paramwise_options -- bbox_head.head_module.cls_contrasts.1.logit_scale:num of params=1
06/21 20:19:59 - mmengine - INFO - paramwise_options -- bbox_head.head_module.cls_contrasts.1.logit_scale:lr=0.0001
06/21 20:19:59 - mmengine - INFO - paramwise_options -- bbox_head.head_module.cls_contrasts.1.logit_scale:weight_decay=0.0
06/21 20:19:59 - mmengine - INFO - paramwise_options -- bbox_head.head_module.cls_contrasts.1.norm.weight:num of params=768
06/21 20:19:59 - mmengine - INFO - paramwise_options -- bbox_head.head_module.cls_contrasts.1.norm.bias:num of params=768
06/21 20:19:59 - mmengine - INFO - paramwise_options -- bbox_head.head_module.cls_contrasts.2.bias:num of params=1
06/21 20:19:59 - mmengine - INFO - paramwise_options -- bbox_head.head_module.cls_contrasts.2.logit_scale:num of params=1
06/21 20:19:59 - mmengine - INFO - paramwise_options -- bbox_head.head_module.cls_contrasts.2.logit_scale:lr=0.0001
06/21 20:19:59 - mmengine - INFO - paramwise_options -- bbox_head.head_module.cls_contrasts.2.logit_scale:weight_decay=0.0
06/21 20:19:59 - mmengine - INFO - paramwise_options -- bbox_head.head_module.cls_contrasts.2.norm.weight:num of params=768
06/21 20:19:59 - mmengine - INFO - paramwise_options -- bbox_head.head_module.cls_contrasts.2.norm.bias:num of params=768
loading annotations into memory...
loading annotations into memory...
Done (t=0.45s)
creating index...
index created!
Done (t=0.40s)
creating index...
Done (t=0.46s)
creating index...
index created!
index created!
loading annotations into memory...
Done (t=0.45s)
creating index...
index created!
Loads checkpoint by local backend from path: /home/siyuan/projects/LLMs/OralDetect-Family/OralCLIP/pretrained/wedetect_base.pth
Loads checkpoint by local backend from path: /home/siyuan/projects/LLMs/OralDetect-Family/OralCLIP/pretrained/wedetect_base.pth
Loads checkpoint by local backend from path: /home/siyuan/projects/LLMs/OralDetect-Family/OralCLIP/pretrained/wedetect_base.pth
/home/siyuan/anaconda3/envs/wedetect_official/lib/python3.10/site-packages/mmengine/runner/checkpoint.py:347: FutureWarning: You are using `torch.load` with `weights_only=False` (the current default value), which uses the default pickle module implicitly. It is possible to construct malicious pickle data which will execute arbitrary code during unpickling (See https://github.com/pytorch/pytorch/blob/main/SECURITY.md#untrusted-models for more details). In a future release, the default value for `weights_only` will be flipped to `True`. This limits the functions that could be executed during unpickling. Arbitrary objects will no longer be allowed to be loaded via this mode unless they are explicitly allowlisted by the user via `torch.serialization.add_safe_globals`. We recommend you start setting `weights_only=True` for any use case where you don't have full control of the loaded file. Please open an issue on GitHub for any issues related to this experimental feature.
  checkpoint = torch.load(filename, map_location=map_location)
/home/siyuan/anaconda3/envs/wedetect_official/lib/python3.10/site-packages/mmengine/runner/checkpoint.py:347: FutureWarning: You are using `torch.load` with `weights_only=False` (the current default value), which uses the default pickle module implicitly. It is possible to construct malicious pickle data which will execute arbitrary code during unpickling (See https://github.com/pytorch/pytorch/blob/main/SECURITY.md#untrusted-models for more details). In a future release, the default value for `weights_only` will be flipped to `True`. This limits the functions that could be executed during unpickling. Arbitrary objects will no longer be allowed to be loaded via this mode unless they are explicitly allowlisted by the user via `torch.serialization.add_safe_globals`. We recommend you start setting `weights_only=True` for any use case where you don't have full control of the loaded file. Please open an issue on GitHub for any issues related to this experimental feature.
  checkpoint = torch.load(filename, map_location=map_location)
/home/siyuan/anaconda3/envs/wedetect_official/lib/python3.10/site-packages/mmengine/runner/checkpoint.py:347: FutureWarning: You are using `torch.load` with `weights_only=False` (the current default value), which uses the default pickle module implicitly. It is possible to construct malicious pickle data which will execute arbitrary code during unpickling (See https://github.com/pytorch/pytorch/blob/main/SECURITY.md#untrusted-models for more details). In a future release, the default value for `weights_only` will be flipped to `True`. This limits the functions that could be executed during unpickling. Arbitrary objects will no longer be allowed to be loaded via this mode unless they are explicitly allowlisted by the user via `torch.serialization.add_safe_globals`. We recommend you start setting `weights_only=True` for any use case where you don't have full control of the loaded file. Please open an issue on GitHub for any issues related to this experimental feature.
  checkpoint = torch.load(filename, map_location=map_location)
Loads checkpoint by local backend from path: /home/siyuan/projects/LLMs/OralDetect-Family/OralCLIP/pretrained/wedetect_base.pth
/home/siyuan/anaconda3/envs/wedetect_official/lib/python3.10/site-packages/mmengine/runner/checkpoint.py:347: FutureWarning: You are using `torch.load` with `weights_only=False` (the current default value), which uses the default pickle module implicitly. It is possible to construct malicious pickle data which will execute arbitrary code during unpickling (See https://github.com/pytorch/pytorch/blob/main/SECURITY.md#untrusted-models for more details). In a future release, the default value for `weights_only` will be flipped to `True`. This limits the functions that could be executed during unpickling. Arbitrary objects will no longer be allowed to be loaded via this mode unless they are explicitly allowlisted by the user via `torch.serialization.add_safe_globals`. We recommend you start setting `weights_only=True` for any use case where you don't have full control of the loaded file. Please open an issue on GitHub for any issues related to this experimental feature.
  checkpoint = torch.load(filename, map_location=map_location)
06/21 20:20:05 - mmengine - INFO - Load checkpoint from /home/siyuan/projects/LLMs/OralDetect-Family/OralCLIP/pretrained/wedetect_base.pth
06/21 20:20:05 - mmengine - WARNING - "FileClient" will be deprecated in future. Please use io functions in https://mmengine.readthedocs.io/en/latest/api/fileio.html#file-io
06/21 20:20:05 - mmengine - WARNING - "HardDiskBackend" is the alias of "LocalBackend" and the former will be deprecated in future.
06/21 20:20:05 - mmengine - INFO - Checkpoints will be saved to /home/siyuan/projects/LLMs/OralDetect-Family/WeDetect_repro/WeDetect/work_dirs/base3stage_s1.
/home/siyuan/anaconda3/envs/wedetect_official/lib/python3.10/site-packages/torch/functional.py:534: UserWarning: torch.meshgrid: in an upcoming release, it will be required to pass the indexing argument. (Triggered internally at ../aten/src/ATen/native/TensorShape.cpp:3595.)
  return _VF.meshgrid(tensors, **kwargs)  # type: ignore[attr-defined]
/home/siyuan/anaconda3/envs/wedetect_official/lib/python3.10/site-packages/torch/functional.py:534: UserWarning: torch.meshgrid: in an upcoming release, it will be required to pass the indexing argument. (Triggered internally at ../aten/src/ATen/native/TensorShape.cpp:3595.)
  return _VF.meshgrid(tensors, **kwargs)  # type: ignore[attr-defined]
/home/siyuan/anaconda3/envs/wedetect_official/lib/python3.10/site-packages/torch/functional.py:534: UserWarning: torch.meshgrid: in an upcoming release, it will be required to pass the indexing argument. (Triggered internally at ../aten/src/ATen/native/TensorShape.cpp:3595.)
  return _VF.meshgrid(tensors, **kwargs)  # type: ignore[attr-defined]
/home/siyuan/anaconda3/envs/wedetect_official/lib/python3.10/site-packages/torch/functional.py:534: UserWarning: torch.meshgrid: in an upcoming release, it will be required to pass the indexing argument. (Triggered internally at ../aten/src/ATen/native/TensorShape.cpp:3595.)
  return _VF.meshgrid(tensors, **kwargs)  # type: ignore[attr-defined]
[rank2]:[W621 20:20:08.961010783 reducer.cpp:1400] Warning: find_unused_parameters=True was specified in DDP constructor, but did not find any unused parameters in the forward pass. This flag results in an extra traversal of the autograd graph every iteration,  which can adversely affect performance. If your model indeed never has any unused parameters in the forward pass, consider turning this flag off. Note that this warning may be a false positive if your model has flow control causing later iterations to have unused parameters. (function operator())
[rank1]:[W621 20:20:08.962436464 reducer.cpp:1400] Warning: find_unused_parameters=True was specified in DDP constructor, but did not find any unused parameters in the forward pass. This flag results in an extra traversal of the autograd graph every iteration,  which can adversely affect performance. If your model indeed never has any unused parameters in the forward pass, consider turning this flag off. Note that this warning may be a false positive if your model has flow control causing later iterations to have unused parameters. (function operator())
[rank0]:[W621 20:20:08.969738821 reducer.cpp:1400] Warning: find_unused_parameters=True was specified in DDP constructor, but did not find any unused parameters in the forward pass. This flag results in an extra traversal of the autograd graph every iteration,  which can adversely affect performance. If your model indeed never has any unused parameters in the forward pass, consider turning this flag off. Note that this warning may be a false positive if your model has flow control causing later iterations to have unused parameters. (function operator())
[rank3]:[W621 20:20:08.999670857 reducer.cpp:1400] Warning: find_unused_parameters=True was specified in DDP constructor, but did not find any unused parameters in the forward pass. This flag results in an extra traversal of the autograd graph every iteration,  which can adversely affect performance. If your model indeed never has any unused parameters in the forward pass, consider turning this flag off. Note that this warning may be a false positive if your model has flow control causing later iterations to have unused parameters. (function operator())
06/21 20:20:31 - mmengine - INFO - Epoch(train) [1][  50/1294]  base_lr: 4.9766e-06 lr: 4.9766e-06  eta: 1:30:29  time: 0.5270  data_time: 0.0239  memory: 5384  grad_norm: 1286.9845  loss: 304.7950  loss_cls: 181.3556  loss_bbox: 64.5358  loss_dfl: 58.9036
06/21 20:20:54 - mmengine - INFO - Epoch(train) [1][ 100/1294]  base_lr: 9.9053e-06 lr: 9.9053e-06  eta: 1:24:36  time: 0.4633  data_time: 0.0043  memory: 5564  grad_norm: 666.6990  loss: 242.2791  loss_cls: 133.3671  loss_bbox: 57.6426  loss_dfl: 51.2695
06/21 20:21:18 - mmengine - INFO - Epoch(train) [1][ 150/1294]  base_lr: 1.4786e-05 lr: 1.4786e-05  eta: 1:22:54  time: 0.4725  data_time: 0.0045  memory: 5403  grad_norm: 551.0050  loss: 212.5980  loss_cls: 112.4022  loss_bbox: 53.7584  loss_dfl: 46.4374
06/21 20:21:41 - mmengine - INFO - Epoch(train) [1][ 200/1294]  base_lr: 1.9619e-05 lr: 1.9619e-05  eta: 1:21:41  time: 0.4684  data_time: 0.0043  memory: 5523  grad_norm: 547.8840  loss: 193.6626  loss_cls: 97.2548  loss_bbox: 51.8685  loss_dfl: 44.5393
06/21 20:22:05 - mmengine - INFO - Epoch(train) [1][ 250/1294]  base_lr: 2.4405e-05 lr: 2.4405e-05  eta: 1:20:48  time: 0.4686  data_time: 0.0046  memory: 5396  grad_norm: 533.9252  loss: 177.8462  loss_cls: 84.1615  loss_bbox: 50.1341  loss_dfl: 43.5506
06/21 20:22:29 - mmengine - INFO - Epoch(train) [1][ 300/1294]  base_lr: 2.9142e-05 lr: 2.9142e-05  eta: 1:20:14  time: 0.4737  data_time: 0.0041  memory: 5443  grad_norm: 557.1342  loss: 172.2811  loss_cls: 79.6813  loss_bbox: 49.4791  loss_dfl: 43.1207
06/21 20:22:52 - mmengine - INFO - Epoch(train) [1][ 350/1294]  base_lr: 3.3832e-05 lr: 3.3832e-05  eta: 1:19:36  time: 0.4695  data_time: 0.0042  memory: 5376  grad_norm: 557.0210  loss: 165.9083  loss_cls: 75.1472  loss_bbox: 48.5802  loss_dfl: 42.1809
06/21 20:23:16 - mmengine - INFO - Epoch(train) [1][ 400/1294]  base_lr: 3.8474e-05 lr: 3.8474e-05  eta: 1:19:07  time: 0.4736  data_time: 0.0042  memory: 5443  grad_norm: 601.8952  loss: 165.1141  loss_cls: 73.3205  loss_bbox: 49.2600  loss_dfl: 42.5336
06/21 20:23:40 - mmengine - INFO - Epoch(train) [1][ 450/1294]  base_lr: 4.3068e-05 lr: 4.3068e-05  eta: 1:18:45  time: 0.4785  data_time: 0.0042  memory: 5609  grad_norm: 541.8387  loss: 157.6148  loss_cls: 69.9264  loss_bbox: 46.6835  loss_dfl: 41.0049
06/21 20:24:03 - mmengine - INFO - Epoch(train) [1][ 500/1294]  base_lr: 4.7614e-05 lr: 4.7614e-05  eta: 1:18:17  time: 0.4724  data_time: 0.0048  memory: 5563  grad_norm: 527.0725  loss: 153.5579  loss_cls: 67.8373  loss_bbox: 45.4599  loss_dfl: 40.2607
06/21 20:24:27 - mmengine - INFO - Epoch(train) [1][ 550/1294]  base_lr: 5.2112e-05 lr: 5.2112e-05  eta: 1:17:47  time: 0.4699  data_time: 0.0046  memory: 5383  grad_norm: 510.0478  loss: 149.7641  loss_cls: 63.8142  loss_bbox: 46.0538  loss_dfl: 39.8962
06/21 20:24:50 - mmengine - INFO - Epoch(train) [1][ 600/1294]  base_lr: 5.6563e-05 lr: 5.6563e-05  eta: 1:17:21  time: 0.4735  data_time: 0.0043  memory: 5476  grad_norm: 519.6701  loss: 152.0254  loss_cls: 64.3022  loss_bbox: 47.0931  loss_dfl: 40.6301
06/21 20:25:14 - mmengine - INFO - Epoch(train) [1][ 650/1294]  base_lr: 6.0965e-05 lr: 6.0965e-05  eta: 1:16:52  time: 0.4699  data_time: 0.0043  memory: 5369  grad_norm: 478.4358  loss: 147.4453  loss_cls: 60.1581  loss_bbox: 46.4648  loss_dfl: 40.8223
06/21 20:25:38 - mmengine - INFO - Epoch(train) [1][ 700/1294]  base_lr: 6.5320e-05 lr: 6.5320e-05  eta: 1:16:28  time: 0.4745  data_time: 0.0044  memory: 5336  grad_norm: 447.3040  loss: 143.0700  loss_cls: 58.3766  loss_bbox: 44.3180  loss_dfl: 40.3755
06/21 20:26:01 - mmengine - INFO - Epoch(train) [1][ 750/1294]  base_lr: 6.9627e-05 lr: 6.9627e-05  eta: 1:16:01  time: 0.4710  data_time: 0.0042  memory: 5469  grad_norm: 453.9924  loss: 143.1422  loss_cls: 58.5972  loss_bbox: 44.4695  loss_dfl: 40.0755
06/21 20:26:25 - mmengine - INFO - Epoch(train) [1][ 800/1294]  base_lr: 7.3887e-05 lr: 7.3887e-05  eta: 1:15:36  time: 0.4727  data_time: 0.0043  memory: 5436  grad_norm: 445.4262  loss: 138.9453  loss_cls: 55.8848  loss_bbox: 43.5721  loss_dfl: 39.4884
06/21 20:26:49 - mmengine - INFO - Epoch(train) [1][ 850/1294]  base_lr: 7.8098e-05 lr: 7.8098e-05  eta: 1:15:13  time: 0.4768  data_time: 0.0047  memory: 5456  grad_norm: 436.7821  loss: 143.9825  loss_cls: 58.6532  loss_bbox: 45.0897  loss_dfl: 40.2396
06/21 20:27:12 - mmengine - INFO - Epoch(train) [1][ 900/1294]  base_lr: 8.2262e-05 lr: 8.2262e-05  eta: 1:14:47  time: 0.4707  data_time: 0.0043  memory: 5596  grad_norm: 432.9965  loss: 140.6507  loss_cls: 56.5637  loss_bbox: 44.6991  loss_dfl: 39.3880
06/21 20:27:36 - mmengine - INFO - Epoch(train) [1][ 950/1294]  base_lr: 8.6377e-05 lr: 8.6377e-05  eta: 1:14:21  time: 0.4699  data_time: 0.0045  memory: 5476  grad_norm: 410.4624  loss: 139.4994  loss_cls: 55.7913  loss_bbox: 44.4516  loss_dfl: 39.2565
06/21 20:27:59 - mmengine - INFO - Exp name: wedetect_base_3stage_s1_20260621_201944
06/21 20:27:59 - mmengine - INFO - Epoch(train) [1][1000/1294]  base_lr: 9.0445e-05 lr: 9.0445e-05  eta: 1:13:58  time: 0.4749  data_time: 0.0041  memory: 5483  grad_norm: 393.0130  loss: 138.9250  loss_cls: 54.7669  loss_bbox: 44.4104  loss_dfl: 39.7477
06/21 20:28:23 - mmengine - INFO - Epoch(train) [1][1050/1294]  base_lr: 8.9967e-05 lr: 8.9967e-05  eta: 1:13:31  time: 0.4689  data_time: 0.0035  memory: 5369  grad_norm: 388.9912  loss: 136.5904  loss_cls: 53.9009  loss_bbox: 43.8049  loss_dfl: 38.8845
06/21 20:28:46 - mmengine - INFO - Epoch(train) [1][1100/1294]  base_lr: 8.9489e-05 lr: 8.9489e-05  eta: 1:13:06  time: 0.4705  data_time: 0.0038  memory: 5403  grad_norm: 397.1556  loss: 136.8083  loss_cls: 54.0779  loss_bbox: 43.2802  loss_dfl: 39.4503
06/21 20:29:10 - mmengine - INFO - Epoch(train) [1][1150/1294]  base_lr: 8.9011e-05 lr: 8.9011e-05  eta: 1:12:42  time: 0.4724  data_time: 0.0036  memory: 5469  grad_norm: 379.4233  loss: 136.4267  loss_cls: 53.3634  loss_bbox: 43.7695  loss_dfl: 39.2938
06/21 20:29:34 - mmengine - INFO - Epoch(train) [1][1200/1294]  base_lr: 8.8532e-05 lr: 8.8532e-05  eta: 1:12:16  time: 0.4693  data_time: 0.0035  memory: 5576  grad_norm: 362.1010  loss: 134.3073  loss_cls: 51.2564  loss_bbox: 44.5272  loss_dfl: 38.5237
06/21 20:29:57 - mmengine - INFO - Epoch(train) [1][1250/1294]  base_lr: 8.8054e-05 lr: 8.8054e-05  eta: 1:11:53  time: 0.4743  data_time: 0.0039  memory: 5876  grad_norm: 366.9985  loss: 136.2128  loss_cls: 53.4825  loss_bbox: 43.8697  loss_dfl: 38.8605
06/21 20:30:18 - mmengine - INFO - Exp name: wedetect_base_3stage_s1_20260621_201944
06/21 20:30:18 - mmengine - INFO - Saving checkpoint at 1 epochs
06/21 20:30:46 - mmengine - INFO - Epoch(train) [2][  50/1294]  base_lr: 8.7155e-05 lr: 8.7155e-05  eta: 1:11:08  time: 0.4812  data_time: 0.0173  memory: 5569  grad_norm: 365.6654  loss: 135.8529  loss_cls: 52.4990  loss_bbox: 44.1473  loss_dfl: 39.2066
06/21 20:31:10 - mmengine - INFO - Epoch(train) [2][ 100/1294]  base_lr: 8.6677e-05 lr: 8.6677e-05  eta: 1:10:44  time: 0.4740  data_time: 0.0037  memory: 5409  grad_norm: 343.0632  loss: 133.2364  loss_cls: 50.8203  loss_bbox: 43.3876  loss_dfl: 39.0284
06/21 20:31:34 - mmengine - INFO - Epoch(train) [2][ 150/1294]  base_lr: 8.6199e-05 lr: 8.6199e-05  eta: 1:10:20  time: 0.4728  data_time: 0.0042  memory: 5543  grad_norm: 335.9189  loss: 133.2722  loss_cls: 50.8133  loss_bbox: 43.3334  loss_dfl: 39.1255
06/21 20:31:57 - mmengine - INFO - Epoch(train) [2][ 200/1294]  base_lr: 8.5721e-05 lr: 8.5721e-05  eta: 1:09:56  time: 0.4704  data_time: 0.0036  memory: 5469  grad_norm: 346.5801  loss: 131.2982  loss_cls: 49.0344  loss_bbox: 43.3716  loss_dfl: 38.8921
06/21 20:32:21 - mmengine - INFO - Epoch(train) [2][ 250/1294]  base_lr: 8.5242e-05 lr: 8.5242e-05  eta: 1:09:33  time: 0.4772  data_time: 0.0037  memory: 5389  grad_norm: 348.3373  loss: 129.6127  loss_cls: 48.1203  loss_bbox: 42.7989  loss_dfl: 38.6935
06/21 20:32:45 - mmengine - INFO - Epoch(train) [2][ 300/1294]  base_lr: 8.4764e-05 lr: 8.4764e-05  eta: 1:09:09  time: 0.4721  data_time: 0.0040  memory: 5323  grad_norm: 345.2284  loss: 132.7458  loss_cls: 49.9649  loss_bbox: 43.5949  loss_dfl: 39.1860
06/21 20:33:08 - mmengine - INFO - Epoch(train) [2][ 350/1294]  base_lr: 8.4286e-05 lr: 8.4286e-05  eta: 1:08:44  time: 0.4701  data_time: 0.0040  memory: 5523  grad_norm: 332.1225  loss: 130.2453  loss_cls: 49.5405  loss_bbox: 42.5494  loss_dfl: 38.1553
06/21 20:33:32 - mmengine - INFO - Epoch(train) [2][ 400/1294]  base_lr: 8.3808e-05 lr: 8.3808e-05  eta: 1:08:21  time: 0.4756  data_time: 0.0040  memory: 5443  grad_norm: 329.4236  loss: 131.8031  loss_cls: 48.9172  loss_bbox: 43.5823  loss_dfl: 39.3036
06/21 20:33:55 - mmengine - INFO - Epoch(train) [2][ 450/1294]  base_lr: 8.3329e-05 lr: 8.3329e-05  eta: 1:07:56  time: 0.4695  data_time: 0.0038  memory: 5503  grad_norm: 328.6034  loss: 131.0702  loss_cls: 48.4625  loss_bbox: 44.0620  loss_dfl: 38.5458
06/21 20:34:19 - mmengine - INFO - Epoch(train) [2][ 500/1294]  base_lr: 8.2851e-05 lr: 8.2851e-05  eta: 1:07:32  time: 0.4699  data_time: 0.0040  memory: 5343  grad_norm: 341.2080  loss: 130.3998  loss_cls: 49.2034  loss_bbox: 42.7669  loss_dfl: 38.4295
06/21 20:34:43 - mmengine - INFO - Epoch(train) [2][ 550/1294]  base_lr: 8.2373e-05 lr: 8.2373e-05  eta: 1:07:08  time: 0.4757  data_time: 0.0038  memory: 5323  grad_norm: 331.5554  loss: 129.5860  loss_cls: 48.3528  loss_bbox: 42.7381  loss_dfl: 38.4952
06/21 20:35:06 - mmengine - INFO - Epoch(train) [2][ 600/1294]  base_lr: 8.1895e-05 lr: 8.1895e-05  eta: 1:06:44  time: 0.4706  data_time: 0.0036  memory: 5489  grad_norm: 316.4175  loss: 128.3416  loss_cls: 47.3003  loss_bbox: 42.9094  loss_dfl: 38.1319
06/21 20:35:30 - mmengine - INFO - Epoch(train) [2][ 650/1294]  base_lr: 8.1417e-05 lr: 8.1417e-05  eta: 1:06:20  time: 0.4724  data_time: 0.0038  memory: 5276  grad_norm: 321.2048  loss: 125.7693  loss_cls: 46.5259  loss_bbox: 41.5402  loss_dfl: 37.7031
06/21 20:35:53 - mmengine - INFO - Epoch(train) [2][ 700/1294]  base_lr: 8.0938e-05 lr: 8.0938e-05  eta: 1:05:57  time: 0.4737  data_time: 0.0036  memory: 5356  grad_norm: 316.6915  loss: 125.7151  loss_cls: 45.5567  loss_bbox: 42.1304  loss_dfl: 38.0280
06/21 20:35:56 - mmengine - INFO - Exp name: wedetect_base_3stage_s1_20260621_201944
06/21 20:36:17 - mmengine - INFO - Epoch(train) [2][ 750/1294]  base_lr: 8.0460e-05 lr: 8.0460e-05  eta: 1:05:32  time: 0.4691  data_time: 0.0038  memory: 5603  grad_norm: 311.1513  loss: 129.5242  loss_cls: 48.2216  loss_bbox: 42.6995  loss_dfl: 38.6032
06/21 20:36:41 - mmengine - INFO - Epoch(train) [2][ 800/1294]  base_lr: 7.9982e-05 lr: 7.9982e-05  eta: 1:05:08  time: 0.4737  data_time: 0.0037  memory: 5423  grad_norm: 312.7126  loss: 132.1329  loss_cls: 48.9832  loss_bbox: 43.9504  loss_dfl: 39.1993
06/21 20:37:04 - mmengine - INFO - Epoch(train) [2][ 850/1294]  base_lr: 7.9504e-05 lr: 7.9504e-05  eta: 1:04:45  time: 0.4739  data_time: 0.0038  memory: 5523  grad_norm: 309.8286  loss: 128.1614  loss_cls: 46.7770  loss_bbox: 43.0839  loss_dfl: 38.3006
06/21 20:37:28 - mmengine - INFO - Epoch(train) [2][ 900/1294]  base_lr: 7.9026e-05 lr: 7.9026e-05  eta: 1:04:20  time: 0.4687  data_time: 0.0036  memory: 5363  grad_norm: 310.1952  loss: 124.3223  loss_cls: 44.3323  loss_bbox: 42.2847  loss_dfl: 37.7053
06/21 20:37:51 - mmengine - INFO - Epoch(train) [2][ 950/1294]  base_lr: 7.8547e-05 lr: 7.8547e-05  eta: 1:03:57  time: 0.4751  data_time: 0.0036  memory: 5309  grad_norm: 310.1361  loss: 125.2769  loss_cls: 45.9084  loss_bbox: 41.7123  loss_dfl: 37.6562
06/21 20:38:15 - mmengine - INFO - Epoch(train) [2][1000/1294]  base_lr: 7.8069e-05 lr: 7.8069e-05  eta: 1:03:33  time: 0.4693  data_time: 0.0038  memory: 5383  grad_norm: 305.4999  loss: 127.2096  loss_cls: 47.0062  loss_bbox: 41.9075  loss_dfl: 38.2960
06/21 20:38:38 - mmengine - INFO - Epoch(train) [2][1050/1294]  base_lr: 7.7591e-05 lr: 7.7591e-05  eta: 1:03:08  time: 0.4683  data_time: 0.0036  memory: 5369  grad_norm: 291.1364  loss: 123.5970  loss_cls: 45.0660  loss_bbox: 41.3092  loss_dfl: 37.2217
06/21 20:39:02 - mmengine - INFO - Epoch(train) [2][1100/1294]  base_lr: 7.7113e-05 lr: 7.7113e-05  eta: 1:02:45  time: 0.4777  data_time: 0.0037  memory: 5463  grad_norm: 311.4896  loss: 125.4736  loss_cls: 45.2425  loss_bbox: 41.8939  loss_dfl: 38.3373
06/21 20:39:26 - mmengine - INFO - Epoch(train) [2][1150/1294]  base_lr: 7.6634e-05 lr: 7.6634e-05  eta: 1:02:21  time: 0.4685  data_time: 0.0036  memory: 5376  grad_norm: 301.9906  loss: 121.0284  loss_cls: 42.3614  loss_bbox: 41.2564  loss_dfl: 37.4106
06/21 20:39:49 - mmengine - INFO - Epoch(train) [2][1200/1294]  base_lr: 7.6156e-05 lr: 7.6156e-05  eta: 1:01:57  time: 0.4704  data_time: 0.0037  memory: 5429  grad_norm: 306.6720  loss: 124.8545  loss_cls: 44.8476  loss_bbox: 42.2032  loss_dfl: 37.8037
06/21 20:40:13 - mmengine - INFO - Epoch(train) [2][1250/1294]  base_lr: 7.5678e-05 lr: 7.5678e-05  eta: 1:01:33  time: 0.4755  data_time: 0.0035  memory: 5463  grad_norm: 302.4856  loss: 125.6632  loss_cls: 45.3123  loss_bbox: 42.5696  loss_dfl: 37.7813
06/21 20:40:33 - mmengine - INFO - Exp name: wedetect_base_3stage_s1_20260621_201944
06/21 20:40:33 - mmengine - INFO - Saving checkpoint at 2 epochs
06/21 20:40:41 - mmengine - INFO - Epoch(val) [2][  50/2587]    eta: 0:02:48  time: 0.0663  data_time: 0.0180  memory: 5496  
06/21 20:40:43 - mmengine - INFO - Epoch(val) [2][ 100/2587]    eta: 0:02:25  time: 0.0507  data_time: 0.0027  memory: 1856  
06/21 20:40:46 - mmengine - INFO - Epoch(val) [2][ 150/2587]    eta: 0:02:14  time: 0.0484  data_time: 0.0003  memory: 1856  
06/21 20:40:50 - mmengine - INFO - Epoch(val) [2][ 200/2587]    eta: 0:02:30  time: 0.0869  data_time: 0.0396  memory: 1856  
06/21 20:40:53 - mmengine - INFO - Epoch(val) [2][ 250/2587]    eta: 0:02:20  time: 0.0486  data_time: 0.0002  memory: 1856  
06/21 20:40:55 - mmengine - INFO - Epoch(val) [2][ 300/2587]    eta: 0:02:13  time: 0.0483  data_time: 0.0003  memory: 1856  
06/21 20:40:57 - mmengine - INFO - Epoch(val) [2][ 350/2587]    eta: 0:02:07  time: 0.0485  data_time: 0.0003  memory: 1856  
06/21 20:41:00 - mmengine - INFO - Epoch(val) [2][ 400/2587]    eta: 0:02:02  time: 0.0486  data_time: 0.0002  memory: 1856  
06/21 20:41:02 - mmengine - INFO - Epoch(val) [2][ 450/2587]    eta: 0:01:57  time: 0.0484  data_time: 0.0003  memory: 1856  
06/21 20:41:05 - mmengine - INFO - Epoch(val) [2][ 500/2587]    eta: 0:01:53  time: 0.0484  data_time: 0.0002  memory: 1856  
06/21 20:41:07 - mmengine - INFO - Epoch(val) [2][ 550/2587]    eta: 0:01:49  time: 0.0490  data_time: 0.0003  memory: 1856  
06/21 20:41:10 - mmengine - INFO - Epoch(val) [2][ 600/2587]    eta: 0:01:46  time: 0.0483  data_time: 0.0002  memory: 1856  
06/21 20:41:12 - mmengine - INFO - Epoch(val) [2][ 650/2587]    eta: 0:01:42  time: 0.0486  data_time: 0.0002  memory: 1856  
06/21 20:41:14 - mmengine - INFO - Epoch(val) [2][ 700/2587]    eta: 0:01:39  time: 0.0485  data_time: 0.0003  memory: 1856  
06/21 20:41:17 - mmengine - INFO - Epoch(val) [2][ 750/2587]    eta: 0:01:36  time: 0.0489  data_time: 0.0002  memory: 1856  
06/21 20:41:19 - mmengine - INFO - Epoch(val) [2][ 800/2587]    eta: 0:01:33  time: 0.0488  data_time: 0.0002  memory: 1856  
06/21 20:41:22 - mmengine - INFO - Epoch(val) [2][ 850/2587]    eta: 0:01:30  time: 0.0485  data_time: 0.0002  memory: 1856  
06/21 20:41:24 - mmengine - INFO - Epoch(val) [2][ 900/2587]    eta: 0:01:27  time: 0.0485  data_time: 0.0002  memory: 1856  
06/21 20:41:27 - mmengine - INFO - Epoch(val) [2][ 950/2587]    eta: 0:01:24  time: 0.0485  data_time: 0.0002  memory: 1856  
06/21 20:41:29 - mmengine - INFO - Epoch(val) [2][1000/2587]    eta: 0:01:21  time: 0.0485  data_time: 0.0002  memory: 1856  
06/21 20:41:31 - mmengine - INFO - Epoch(val) [2][1050/2587]    eta: 0:01:18  time: 0.0487  data_time: 0.0003  memory: 1856  
06/21 20:41:34 - mmengine - INFO - Epoch(val) [2][1100/2587]    eta: 0:01:16  time: 0.0484  data_time: 0.0002  memory: 1856  
06/21 20:41:36 - mmengine - INFO - Epoch(val) [2][1150/2587]    eta: 0:01:13  time: 0.0486  data_time: 0.0002  memory: 1856  
06/21 20:41:39 - mmengine - INFO - Epoch(val) [2][1200/2587]    eta: 0:01:10  time: 0.0485  data_time: 0.0002  memory: 1856  
06/21 20:41:41 - mmengine - INFO - Epoch(val) [2][1250/2587]    eta: 0:01:08  time: 0.0488  data_time: 0.0002  memory: 1856  
06/21 20:41:44 - mmengine - INFO - Epoch(val) [2][1300/2587]    eta: 0:01:05  time: 0.0490  data_time: 0.0003  memory: 1856  
06/21 20:41:46 - mmengine - INFO - Epoch(val) [2][1350/2587]    eta: 0:01:02  time: 0.0487  data_time: 0.0003  memory: 1856  
06/21 20:41:48 - mmengine - INFO - Epoch(val) [2][1400/2587]    eta: 0:01:00  time: 0.0487  data_time: 0.0003  memory: 1856  
06/21 20:41:51 - mmengine - INFO - Epoch(val) [2][1450/2587]    eta: 0:00:57  time: 0.0487  data_time: 0.0003  memory: 1856  
06/21 20:41:53 - mmengine - INFO - Epoch(val) [2][1500/2587]    eta: 0:00:54  time: 0.0489  data_time: 0.0003  memory: 1856  
06/21 20:41:56 - mmengine - INFO - Epoch(val) [2][1550/2587]    eta: 0:00:52  time: 0.0490  data_time: 0.0003  memory: 1856  
06/21 20:41:58 - mmengine - INFO - Epoch(val) [2][1600/2587]    eta: 0:00:49  time: 0.0488  data_time: 0.0003  memory: 1856  
06/21 20:42:01 - mmengine - INFO - Epoch(val) [2][1650/2587]    eta: 0:00:47  time: 0.0485  data_time: 0.0002  memory: 1856  
06/21 20:42:03 - mmengine - INFO - Epoch(val) [2][1700/2587]    eta: 0:00:44  time: 0.0491  data_time: 0.0003  memory: 1856  
06/21 20:42:06 - mmengine - INFO - Epoch(val) [2][1750/2587]    eta: 0:00:42  time: 0.0496  data_time: 0.0013  memory: 1856  
06/21 20:42:08 - mmengine - INFO - Epoch(val) [2][1800/2587]    eta: 0:00:39  time: 0.0511  data_time: 0.0028  memory: 1856  
06/21 20:42:11 - mmengine - INFO - Epoch(val) [2][1850/2587]    eta: 0:00:37  time: 0.0486  data_time: 0.0003  memory: 1856  
06/21 20:42:13 - mmengine - INFO - Epoch(val) [2][1900/2587]    eta: 0:00:34  time: 0.0486  data_time: 0.0003  memory: 1856  
06/21 20:42:15 - mmengine - INFO - Epoch(val) [2][1950/2587]    eta: 0:00:31  time: 0.0490  data_time: 0.0002  memory: 1856  
06/21 20:42:18 - mmengine - INFO - Epoch(val) [2][2000/2587]    eta: 0:00:29  time: 0.0486  data_time: 0.0003  memory: 1856  
06/21 20:42:20 - mmengine - INFO - Epoch(val) [2][2050/2587]    eta: 0:00:26  time: 0.0489  data_time: 0.0004  memory: 1856  
06/21 20:42:23 - mmengine - INFO - Epoch(val) [2][2100/2587]    eta: 0:00:24  time: 0.0489  data_time: 0.0003  memory: 1856  
06/21 20:42:25 - mmengine - INFO - Epoch(val) [2][2150/2587]    eta: 0:00:21  time: 0.0486  data_time: 0.0002  memory: 1856  
06/21 20:42:28 - mmengine - INFO - Epoch(val) [2][2200/2587]    eta: 0:00:19  time: 0.0487  data_time: 0.0003  memory: 1856  
06/21 20:42:30 - mmengine - INFO - Epoch(val) [2][2250/2587]    eta: 0:00:16  time: 0.0547  data_time: 0.0058  memory: 1856  
06/21 20:42:33 - mmengine - INFO - Epoch(val) [2][2300/2587]    eta: 0:00:14  time: 0.0487  data_time: 0.0003  memory: 1856  
06/21 20:42:35 - mmengine - INFO - Epoch(val) [2][2350/2587]    eta: 0:00:11  time: 0.0487  data_time: 0.0003  memory: 1856  
06/21 20:42:38 - mmengine - INFO - Epoch(val) [2][2400/2587]    eta: 0:00:09  time: 0.0489  data_time: 0.0003  memory: 1856  
06/21 20:42:40 - mmengine - INFO - Epoch(val) [2][2450/2587]    eta: 0:00:06  time: 0.0486  data_time: 0.0003  memory: 1856  
06/21 20:42:43 - mmengine - INFO - Epoch(val) [2][2500/2587]    eta: 0:00:04  time: 0.0486  data_time: 0.0003  memory: 1856  
06/21 20:42:45 - mmengine - INFO - Epoch(val) [2][2550/2587]    eta: 0:00:01  time: 0.0488  data_time: 0.0004  memory: 1856  
06/21 20:43:10 - mmengine - INFO - Evaluating bbox...
Loading and preparing results...
DONE (t=5.69s)
creating index...
index created!
Running per image evaluation...
Evaluate annotation type *bbox*
DONE (t=80.17s).
Accumulating evaluation results...
DONE (t=34.35s).
 Average Precision  (AP) @[ IoU=0.50:0.95 | area=   all | maxDets=100 ] = 0.282
 Average Precision  (AP) @[ IoU=0.50      | area=   all | maxDets=1000 ] = 0.412
 Average Precision  (AP) @[ IoU=0.75      | area=   all | maxDets=1000 ] = 0.323
 Average Precision  (AP) @[ IoU=0.50:0.95 | area= small | maxDets=1000 ] = 0.093
 Average Precision  (AP) @[ IoU=0.50:0.95 | area=medium | maxDets=1000 ] = 0.285
 Average Precision  (AP) @[ IoU=0.50:0.95 | area= large | maxDets=1000 ] = 0.308
 Average Recall     (AR) @[ IoU=0.50:0.95 | area=   all | maxDets=100 ] = 0.665
 Average Recall     (AR) @[ IoU=0.50:0.95 | area=   all | maxDets=300 ] = 0.666
 Average Recall     (AR) @[ IoU=0.50:0.95 | area=   all | maxDets=1000 ] = 0.666
 Average Recall     (AR) @[ IoU=0.50:0.95 | area= small | maxDets=1000 ] = 0.242
 Average Recall     (AR) @[ IoU=0.50:0.95 | area=medium | maxDets=1000 ] = 0.623
 Average Recall     (AR) @[ IoU=0.50:0.95 | area= large | maxDets=1000 ] = 0.725
06/21 20:45:19 - mmengine - INFO - bbox_mAP_copypaste: 0.282 0.412 0.323 0.093 0.285 0.308
06/21 20:45:22 - mmengine - INFO - Epoch(val) [2][2587/2587]    coco/bbox_mAP: 0.2820  coco/bbox_mAP_50: 0.4120  coco/bbox_mAP_75: 0.3230  coco/bbox_mAP_s: 0.0930  coco/bbox_mAP_m: 0.2850  coco/bbox_mAP_l: 0.3080  data_time: 0.0016  time: 0.0500
06/21 20:45:25 - mmengine - INFO - The best checkpoint with 0.2820 coco/bbox_mAP at 2 epoch is saved to best_coco_bbox_mAP_epoch_2.pth.
06/21 20:45:54 - mmengine - INFO - Epoch(train) [3][  50/1294]  base_lr: 7.4779e-05 lr: 7.4779e-05  eta: 1:00:49  time: 0.4842  data_time: 0.0175  memory: 5450  grad_norm: 300.4791  loss: 124.1102  loss_cls: 45.4074  loss_bbox: 41.2898  loss_dfl: 37.4130
06/21 20:46:17 - mmengine - INFO - Epoch(train) [3][ 100/1294]  base_lr: 7.4301e-05 lr: 7.4301e-05  eta: 1:00:24  time: 0.4628  data_time: 0.0037  memory: 5296  grad_norm: 294.5052  loss: 121.7442  loss_cls: 42.5044  loss_bbox: 41.2896  loss_dfl: 37.9502
06/21 20:46:40 - mmengine - INFO - Epoch(train) [3][ 150/1294]  base_lr: 7.3823e-05 lr: 7.3823e-05  eta: 1:00:00  time: 0.4677  data_time: 0.0042  memory: 5430  grad_norm: 295.9659  loss: 124.2914  loss_cls: 44.8189  loss_bbox: 41.9705  loss_dfl: 37.5020
06/21 20:47:04 - mmengine - INFO - Epoch(train) [3][ 200/1294]  base_lr: 7.3344e-05 lr: 7.3344e-05  eta: 0:59:37  time: 0.4769  data_time: 0.0038  memory: 5376  grad_norm: 299.6045  loss: 124.3802  loss_cls: 44.4741  loss_bbox: 42.0345  loss_dfl: 37.8716
06/21 20:47:27 - mmengine - INFO - Epoch(train) [3][ 250/1294]  base_lr: 7.2866e-05 lr: 7.2866e-05  eta: 0:59:12  time: 0.4680  data_time: 0.0037  memory: 5670  grad_norm: 299.0830  loss: 125.2467  loss_cls: 45.6920  loss_bbox: 41.8155  loss_dfl: 37.7392
06/21 20:47:51 - mmengine - INFO - Epoch(train) [3][ 300/1294]  base_lr: 7.2388e-05 lr: 7.2388e-05  eta: 0:58:48  time: 0.4680  data_time: 0.0037  memory: 5410  grad_norm: 285.6315  loss: 121.0075  loss_cls: 42.7983  loss_bbox: 40.8232  loss_dfl: 37.3859
06/21 20:48:14 - mmengine - INFO - Epoch(train) [3][ 350/1294]  base_lr: 7.1910e-05 lr: 7.1910e-05  eta: 0:58:25  time: 0.4749  data_time: 0.0036  memory: 5390  grad_norm: 296.0234  loss: 124.1692  loss_cls: 44.6365  loss_bbox: 41.9142  loss_dfl: 37.6185
06/21 20:48:38 - mmengine - INFO - Epoch(train) [3][ 400/1294]  base_lr: 7.1431e-05 lr: 7.1431e-05  eta: 0:58:01  time: 0.4691  data_time: 0.0038  memory: 5416  grad_norm: 282.9501  loss: 122.0313  loss_cls: 43.3194  loss_bbox: 41.1240  loss_dfl: 37.5880
06/21 20:48:44 - mmengine - INFO - Exp name: wedetect_base_3stage_s1_20260621_201944
06/21 20:49:02 - mmengine - INFO - Epoch(train) [3][ 450/1294]  base_lr: 7.0953e-05 lr: 7.0953e-05  eta: 0:57:37  time: 0.4769  data_time: 0.0038  memory: 5696  grad_norm: 284.3824  loss: 118.8522  loss_cls: 41.8507  loss_bbox: 40.4524  loss_dfl: 36.5490
06/21 20:49:25 - mmengine - INFO - Epoch(train) [3][ 500/1294]  base_lr: 7.0475e-05 lr: 7.0475e-05  eta: 0:57:13  time: 0.4684  data_time: 0.0036  memory: 5403  grad_norm: 287.6373  loss: 120.5173  loss_cls: 41.6771  loss_bbox: 41.2896  loss_dfl: 37.5506
06/21 20:49:49 - mmengine - INFO - Epoch(train) [3][ 550/1294]  base_lr: 6.9997e-05 lr: 6.9997e-05  eta: 0:56:49  time: 0.4703  data_time: 0.0036  memory: 5376  grad_norm: 306.6444  loss: 123.9013  loss_cls: 44.5835  loss_bbox: 41.7402  loss_dfl: 37.5777
06/21 20:50:13 - mmengine - INFO - Epoch(train) [3][ 600/1294]  base_lr: 6.9519e-05 lr: 6.9519e-05  eta: 0:56:26  time: 0.4761  data_time: 0.0037  memory: 5403  grad_norm: 299.6599  loss: 121.9963  loss_cls: 43.3146  loss_bbox: 41.4779  loss_dfl: 37.2038
06/21 20:50:36 - mmengine - INFO - Epoch(train) [3][ 650/1294]  base_lr: 6.9040e-05 lr: 6.9040e-05  eta: 0:56:02  time: 0.4699  data_time: 0.0040  memory: 5530  grad_norm: 283.8865  loss: 123.0734  loss_cls: 44.5073  loss_bbox: 41.6122  loss_dfl: 36.9539
06/21 20:50:59 - mmengine - INFO - Epoch(train) [3][ 700/1294]  base_lr: 6.8562e-05 lr: 6.8562e-05  eta: 0:55:38  time: 0.4693  data_time: 0.0039  memory: 5416  grad_norm: 290.3746  loss: 120.2459  loss_cls: 42.0431  loss_bbox: 40.6392  loss_dfl: 37.5636
06/21 20:51:23 - mmengine - INFO - Epoch(train) [3][ 750/1294]  base_lr: 6.8084e-05 lr: 6.8084e-05  eta: 0:55:15  time: 0.4781  data_time: 0.0037  memory: 5396  grad_norm: 285.9128  loss: 120.2047  loss_cls: 41.8912  loss_bbox: 40.7355  loss_dfl: 37.5781
06/21 20:51:47 - mmengine - INFO - Epoch(train) [3][ 800/1294]  base_lr: 6.7606e-05 lr: 6.7606e-05  eta: 0:54:51  time: 0.4678  data_time: 0.0038  memory: 5616  grad_norm: 286.1961  loss: 122.6530  loss_cls: 43.4493  loss_bbox: 41.2665  loss_dfl: 37.9372
06/21 20:52:10 - mmengine - INFO - Epoch(train) [3][ 850/1294]  base_lr: 6.7128e-05 lr: 6.7128e-05  eta: 0:54:27  time: 0.4689  data_time: 0.0036  memory: 5530  grad_norm: 279.3062  loss: 119.8349  loss_cls: 42.2234  loss_bbox: 40.7377  loss_dfl: 36.8738
06/21 20:52:34 - mmengine - INFO - Epoch(train) [3][ 900/1294]  base_lr: 6.6649e-05 lr: 6.6649e-05  eta: 0:54:03  time: 0.4743  data_time: 0.0038  memory: 5490  grad_norm: 287.5685  loss: 119.4994  loss_cls: 41.8557  loss_bbox: 40.2963  loss_dfl: 37.3474
06/21 20:52:57 - mmengine - INFO - Epoch(train) [3][ 950/1294]  base_lr: 6.6171e-05 lr: 6.6171e-05  eta: 0:53:40  time: 0.4690  data_time: 0.0037  memory: 5536  grad_norm: 288.2204  loss: 120.6833  loss_cls: 43.0076  loss_bbox: 40.5577  loss_dfl: 37.1180
06/21 20:53:21 - mmengine - INFO - Epoch(train) [3][1000/1294]  base_lr: 6.5693e-05 lr: 6.5693e-05  eta: 0:53:16  time: 0.4727  data_time: 0.0038  memory: 5576  grad_norm: 286.3675  loss: 119.8699  loss_cls: 42.3988  loss_bbox: 40.3292  loss_dfl: 37.1420
06/21 20:53:45 - mmengine - INFO - Epoch(train) [3][1050/1294]  base_lr: 6.5215e-05 lr: 6.5215e-05  eta: 0:52:52  time: 0.4735  data_time: 0.0038  memory: 5463  grad_norm: 278.4899  loss: 118.9781  loss_cls: 41.4656  loss_bbox: 40.3121  loss_dfl: 37.2003
06/21 20:54:08 - mmengine - INFO - Epoch(train) [3][1100/1294]  base_lr: 6.4736e-05 lr: 6.4736e-05  eta: 0:52:28  time: 0.4691  data_time: 0.0036  memory: 5510  grad_norm: 287.6284  loss: 122.8574  loss_cls: 43.4514  loss_bbox: 41.5594  loss_dfl: 37.8466
06/21 20:54:32 - mmengine - INFO - Epoch(train) [3][1150/1294]  base_lr: 6.4258e-05 lr: 6.4258e-05  eta: 0:52:05  time: 0.4760  data_time: 0.0042  memory: 5463  grad_norm: 294.6491  loss: 123.3278  loss_cls: 44.6770  loss_bbox: 41.1999  loss_dfl: 37.4509
06/21 20:54:55 - mmengine - INFO - Epoch(train) [3][1200/1294]  base_lr: 6.3780e-05 lr: 6.3780e-05  eta: 0:51:41  time: 0.4689  data_time: 0.0038  memory: 5370  grad_norm: 278.4457  loss: 119.5341  loss_cls: 41.7028  loss_bbox: 40.6968  loss_dfl: 37.1345
06/21 20:55:19 - mmengine - INFO - Epoch(train) [3][1250/1294]  base_lr: 6.3302e-05 lr: 6.3302e-05  eta: 0:51:17  time: 0.4688  data_time: 0.0037  memory: 5403  grad_norm: 273.5298  loss: 116.1944  loss_cls: 40.6703  loss_bbox: 39.5122  loss_dfl: 36.0119
06/21 20:55:40 - mmengine - INFO - Exp name: wedetect_base_3stage_s1_20260621_201944
06/21 20:55:40 - mmengine - INFO - Saving checkpoint at 3 epochs
06/21 20:56:08 - mmengine - INFO - Epoch(train) [4][  50/1294]  base_lr: 6.2403e-05 lr: 6.2403e-05  eta: 0:50:33  time: 0.4790  data_time: 0.0156  memory: 5603  grad_norm: 286.8437  loss: 119.1562  loss_cls: 40.7249  loss_bbox: 40.6661  loss_dfl: 37.7652
06/21 20:56:32 - mmengine - INFO - Epoch(train) [4][ 100/1294]  base_lr: 6.1925e-05 lr: 6.1925e-05  eta: 0:50:09  time: 0.4672  data_time: 0.0036  memory: 5590  grad_norm: 288.3560  loss: 119.5593  loss_cls: 41.7293  loss_bbox: 40.8350  loss_dfl: 36.9950
06/21 20:56:40 - mmengine - INFO - Exp name: wedetect_base_3stage_s1_20260621_201944
06/21 20:56:56 - mmengine - INFO - Epoch(train) [4][ 150/1294]  base_lr: 6.1446e-05 lr: 6.1446e-05  eta: 0:49:46  time: 0.4794  data_time: 0.0037  memory: 5510  grad_norm: 272.8032  loss: 119.0370  loss_cls: 41.8779  loss_bbox: 40.4463  loss_dfl: 36.7128
06/21 20:57:19 - mmengine - INFO - Epoch(train) [4][ 200/1294]  base_lr: 6.0968e-05 lr: 6.0968e-05  eta: 0:49:22  time: 0.4685  data_time: 0.0037  memory: 5410  grad_norm: 280.6331  loss: 116.9395  loss_cls: 40.4254  loss_bbox: 39.6318  loss_dfl: 36.8823
06/21 20:57:42 - mmengine - INFO - Epoch(train) [4][ 250/1294]  base_lr: 6.0490e-05 lr: 6.0490e-05  eta: 0:48:58  time: 0.4689  data_time: 0.0041  memory: 5476  grad_norm: 280.9208  loss: 118.6684  loss_cls: 41.5386  loss_bbox: 39.9703  loss_dfl: 37.1594
06/21 20:58:06 - mmengine - INFO - Epoch(train) [4][ 300/1294]  base_lr: 6.0012e-05 lr: 6.0012e-05  eta: 0:48:35  time: 0.4811  data_time: 0.0037  memory: 5430  grad_norm: 278.1848  loss: 115.6146  loss_cls: 39.9908  loss_bbox: 39.2135  loss_dfl: 36.4102
06/21 20:58:30 - mmengine - INFO - Epoch(train) [4][ 350/1294]  base_lr: 5.9533e-05 lr: 5.9533e-05  eta: 0:48:11  time: 0.4682  data_time: 0.0036  memory: 5343  grad_norm: 281.0798  loss: 117.6511  loss_cls: 40.4309  loss_bbox: 40.3280  loss_dfl: 36.8921
06/21 20:58:53 - mmengine - INFO - Epoch(train) [4][ 400/1294]  base_lr: 5.9055e-05 lr: 5.9055e-05  eta: 0:47:48  time: 0.4712  data_time: 0.0037  memory: 5870  grad_norm: 279.4027  loss: 118.2583  loss_cls: 40.8518  loss_bbox: 40.5263  loss_dfl: 36.8803
06/21 20:59:17 - mmengine - INFO - Epoch(train) [4][ 450/1294]  base_lr: 5.8577e-05 lr: 5.8577e-05  eta: 0:47:24  time: 0.4759  data_time: 0.0038  memory: 5410  grad_norm: 276.0338  loss: 117.1847  loss_cls: 41.0976  loss_bbox: 39.8095  loss_dfl: 36.2776
06/21 20:59:41 - mmengine - INFO - Epoch(train) [4][ 500/1294]  base_lr: 5.8099e-05 lr: 5.8099e-05  eta: 0:47:01  time: 0.4698  data_time: 0.0041  memory: 5756  grad_norm: 271.8066  loss: 118.5504  loss_cls: 40.3181  loss_bbox: 40.9109  loss_dfl: 37.3214
06/21 21:00:05 - mmengine - INFO - Epoch(train) [4][ 550/1294]  base_lr: 5.7621e-05 lr: 5.7621e-05  eta: 0:46:37  time: 0.4796  data_time: 0.0036  memory: 5330  grad_norm: 277.3136  loss: 118.2763  loss_cls: 40.8007  loss_bbox: 40.3726  loss_dfl: 37.1031
06/21 21:00:28 - mmengine - INFO - Epoch(train) [4][ 600/1294]  base_lr: 5.7142e-05 lr: 5.7142e-05  eta: 0:46:13  time: 0.4680  data_time: 0.0038  memory: 5376  grad_norm: 277.5242  loss: 117.3671  loss_cls: 40.3497  loss_bbox: 39.8937  loss_dfl: 37.1236
06/21 21:00:52 - mmengine - INFO - Epoch(train) [4][ 650/1294]  base_lr: 5.6664e-05 lr: 5.6664e-05  eta: 0:45:50  time: 0.4685  data_time: 0.0036  memory: 5596  grad_norm: 285.0094  loss: 119.0734  loss_cls: 40.7219  loss_bbox: 41.0483  loss_dfl: 37.3033
06/21 21:01:16 - mmengine - INFO - Epoch(train) [4][ 700/1294]  base_lr: 5.6186e-05 lr: 5.6186e-05  eta: 0:45:26  time: 0.4801  data_time: 0.0039  memory: 5756  grad_norm: 272.1114  loss: 118.1378  loss_cls: 40.6406  loss_bbox: 40.2613  loss_dfl: 37.2360
06/21 21:01:39 - mmengine - INFO - Epoch(train) [4][ 750/1294]  base_lr: 5.5708e-05 lr: 5.5708e-05  eta: 0:45:03  time: 0.4685  data_time: 0.0037  memory: 5410  grad_norm: 269.6393  loss: 117.4603  loss_cls: 40.1234  loss_bbox: 40.5239  loss_dfl: 36.8130
06/21 21:02:02 - mmengine - INFO - Epoch(train) [4][ 800/1294]  base_lr: 5.5230e-05 lr: 5.5230e-05  eta: 0:44:39  time: 0.4706  data_time: 0.0037  memory: 5443  grad_norm: 276.7468  loss: 116.9966  loss_cls: 40.5275  loss_bbox: 39.8745  loss_dfl: 36.5945
06/21 21:02:27 - mmengine - INFO - Epoch(train) [4][ 850/1294]  base_lr: 5.4751e-05 lr: 5.4751e-05  eta: 0:44:16  time: 0.4809  data_time: 0.0040  memory: 5463  grad_norm: 282.7850  loss: 117.4906  loss_cls: 41.2439  loss_bbox: 39.8979  loss_dfl: 36.3488
06/21 21:02:50 - mmengine - INFO - Epoch(train) [4][ 900/1294]  base_lr: 5.4273e-05 lr: 5.4273e-05  eta: 0:43:52  time: 0.4696  data_time: 0.0038  memory: 5470  grad_norm: 277.2336  loss: 118.7685  loss_cls: 42.3550  loss_bbox: 39.2738  loss_dfl: 37.1397
06/21 21:03:13 - mmengine - INFO - Epoch(train) [4][ 950/1294]  base_lr: 5.3795e-05 lr: 5.3795e-05  eta: 0:43:28  time: 0.4686  data_time: 0.0042  memory: 5396  grad_norm: 274.2056  loss: 117.6839  loss_cls: 40.9524  loss_bbox: 39.9637  loss_dfl: 36.7677
06/21 21:03:37 - mmengine - INFO - Epoch(train) [4][1000/1294]  base_lr: 5.3317e-05 lr: 5.3317e-05  eta: 0:43:05  time: 0.4784  data_time: 0.0037  memory: 5590  grad_norm: 279.7844  loss: 117.3725  loss_cls: 40.4463  loss_bbox: 40.1246  loss_dfl: 36.8016
06/21 21:04:01 - mmengine - INFO - Epoch(train) [4][1050/1294]  base_lr: 5.2838e-05 lr: 5.2838e-05  eta: 0:42:41  time: 0.4669  data_time: 0.0037  memory: 5330  grad_norm: 271.1347  loss: 118.0616  loss_cls: 41.0176  loss_bbox: 40.1465  loss_dfl: 36.8975
06/21 21:04:24 - mmengine - INFO - Epoch(train) [4][1100/1294]  base_lr: 5.2360e-05 lr: 5.2360e-05  eta: 0:42:17  time: 0.4747  data_time: 0.0037  memory: 5876  grad_norm: 271.2921  loss: 116.8396  loss_cls: 40.1137  loss_bbox: 39.9226  loss_dfl: 36.8033
06/21 21:04:33 - mmengine - INFO - Exp name: wedetect_base_3stage_s1_20260621_201944
06/21 21:04:48 - mmengine - INFO - Epoch(train) [4][1150/1294]  base_lr: 5.1882e-05 lr: 5.1882e-05  eta: 0:41:54  time: 0.4733  data_time: 0.0040  memory: 5430  grad_norm: 276.1890  loss: 117.2048  loss_cls: 40.5273  loss_bbox: 39.7979  loss_dfl: 36.8797
06/21 21:05:12 - mmengine - INFO - Epoch(train) [4][1200/1294]  base_lr: 5.1404e-05 lr: 5.1404e-05  eta: 0:41:30  time: 0.4688  data_time: 0.0036  memory: 5556  grad_norm: 273.4121  loss: 119.3359  loss_cls: 40.8830  loss_bbox: 40.9612  loss_dfl: 37.4916
06/21 21:05:35 - mmengine - INFO - Epoch(train) [4][1250/1294]  base_lr: 5.0926e-05 lr: 5.0926e-05  eta: 0:41:06  time: 0.4791  data_time: 0.0038  memory: 5396  grad_norm: 277.3932  loss: 114.5481  loss_cls: 38.9854  loss_bbox: 39.3853  loss_dfl: 36.1774
06/21 21:05:56 - mmengine - INFO - Exp name: wedetect_base_3stage_s1_20260621_201944
06/21 21:05:56 - mmengine - INFO - Saving checkpoint at 4 epochs
06/21 21:06:04 - mmengine - INFO - Epoch(val) [4][  50/2587]    eta: 0:02:42  time: 0.0639  data_time: 0.0165  memory: 5436  
06/21 21:06:07 - mmengine - INFO - Epoch(val) [4][ 100/2587]    eta: 0:02:23  time: 0.0513  data_time: 0.0032  memory: 1856  
06/21 21:06:09 - mmengine - INFO - Epoch(val) [4][ 150/2587]    eta: 0:02:13  time: 0.0486  data_time: 0.0004  memory: 1856  
06/21 21:06:13 - mmengine - INFO - Epoch(val) [4][ 200/2587]    eta: 0:02:28  time: 0.0855  data_time: 0.0381  memory: 1856  
06/21 21:06:16 - mmengine - INFO - Epoch(val) [4][ 250/2587]    eta: 0:02:18  time: 0.0480  data_time: 0.0002  memory: 1856  
06/21 21:06:18 - mmengine - INFO - Epoch(val) [4][ 300/2587]    eta: 0:02:11  time: 0.0484  data_time: 0.0003  memory: 1856  
06/21 21:06:21 - mmengine - INFO - Epoch(val) [4][ 350/2587]    eta: 0:02:05  time: 0.0482  data_time: 0.0002  memory: 1856  
06/21 21:06:23 - mmengine - INFO - Epoch(val) [4][ 400/2587]    eta: 0:02:00  time: 0.0481  data_time: 0.0003  memory: 1856  
06/21 21:06:25 - mmengine - INFO - Epoch(val) [4][ 450/2587]    eta: 0:01:56  time: 0.0482  data_time: 0.0002  memory: 1856  
06/21 21:06:28 - mmengine - INFO - Epoch(val) [4][ 500/2587]    eta: 0:01:52  time: 0.0483  data_time: 0.0002  memory: 1856  
06/21 21:06:30 - mmengine - INFO - Epoch(val) [4][ 550/2587]    eta: 0:01:48  time: 0.0486  data_time: 0.0003  memory: 1856  
06/21 21:06:33 - mmengine - INFO - Epoch(val) [4][ 600/2587]    eta: 0:01:45  time: 0.0483  data_time: 0.0003  memory: 1856  
06/21 21:06:35 - mmengine - INFO - Epoch(val) [4][ 650/2587]    eta: 0:01:41  time: 0.0484  data_time: 0.0002  memory: 1856  
06/21 21:06:37 - mmengine - INFO - Epoch(val) [4][ 700/2587]    eta: 0:01:38  time: 0.0483  data_time: 0.0003  memory: 1856  
06/21 21:06:40 - mmengine - INFO - Epoch(val) [4][ 750/2587]    eta: 0:01:35  time: 0.0484  data_time: 0.0003  memory: 1856  
06/21 21:06:42 - mmengine - INFO - Epoch(val) [4][ 800/2587]    eta: 0:01:32  time: 0.0483  data_time: 0.0002  memory: 1856  
06/21 21:06:45 - mmengine - INFO - Epoch(val) [4][ 850/2587]    eta: 0:01:29  time: 0.0483  data_time: 0.0002  memory: 1856  
06/21 21:06:47 - mmengine - INFO - Epoch(val) [4][ 900/2587]    eta: 0:01:26  time: 0.0484  data_time: 0.0002  memory: 1856  
06/21 21:06:50 - mmengine - INFO - Epoch(val) [4][ 950/2587]    eta: 0:01:23  time: 0.0484  data_time: 0.0003  memory: 1856  
06/21 21:06:52 - mmengine - INFO - Epoch(val) [4][1000/2587]    eta: 0:01:21  time: 0.0483  data_time: 0.0002  memory: 1856  
06/21 21:06:54 - mmengine - INFO - Epoch(val) [4][1050/2587]    eta: 0:01:18  time: 0.0485  data_time: 0.0004  memory: 1856  
06/21 21:06:57 - mmengine - INFO - Epoch(val) [4][1100/2587]    eta: 0:01:15  time: 0.0487  data_time: 0.0002  memory: 1856  
06/21 21:06:59 - mmengine - INFO - Epoch(val) [4][1150/2587]    eta: 0:01:12  time: 0.0486  data_time: 0.0002  memory: 1856  
06/21 21:07:02 - mmengine - INFO - Epoch(val) [4][1200/2587]    eta: 0:01:10  time: 0.0488  data_time: 0.0003  memory: 1856  
06/21 21:07:04 - mmengine - INFO - Epoch(val) [4][1250/2587]    eta: 0:01:07  time: 0.0486  data_time: 0.0003  memory: 1856  
06/21 21:07:07 - mmengine - INFO - Epoch(val) [4][1300/2587]    eta: 0:01:05  time: 0.0486  data_time: 0.0003  memory: 1856  
06/21 21:07:09 - mmengine - INFO - Epoch(val) [4][1350/2587]    eta: 0:01:02  time: 0.0487  data_time: 0.0003  memory: 1856  
06/21 21:07:11 - mmengine - INFO - Epoch(val) [4][1400/2587]    eta: 0:00:59  time: 0.0486  data_time: 0.0003  memory: 1856  
06/21 21:07:14 - mmengine - INFO - Epoch(val) [4][1450/2587]    eta: 0:00:57  time: 0.0486  data_time: 0.0003  memory: 1856  
06/21 21:07:16 - mmengine - INFO - Epoch(val) [4][1500/2587]    eta: 0:00:54  time: 0.0490  data_time: 0.0006  memory: 1856  
06/21 21:07:19 - mmengine - INFO - Epoch(val) [4][1550/2587]    eta: 0:00:52  time: 0.0494  data_time: 0.0003  memory: 1856  
06/21 21:07:21 - mmengine - INFO - Epoch(val) [4][1600/2587]    eta: 0:00:49  time: 0.0489  data_time: 0.0003  memory: 1856  
06/21 21:07:24 - mmengine - INFO - Epoch(val) [4][1650/2587]    eta: 0:00:47  time: 0.0488  data_time: 0.0003  memory: 1856  
06/21 21:07:26 - mmengine - INFO - Epoch(val) [4][1700/2587]    eta: 0:00:44  time: 0.0486  data_time: 0.0003  memory: 1856  
06/21 21:07:29 - mmengine - INFO - Epoch(val) [4][1750/2587]    eta: 0:00:41  time: 0.0503  data_time: 0.0015  memory: 1856  
06/21 21:07:31 - mmengine - INFO - Epoch(val) [4][1800/2587]    eta: 0:00:39  time: 0.0510  data_time: 0.0029  memory: 1856  
06/21 21:07:34 - mmengine - INFO - Epoch(val) [4][1850/2587]    eta: 0:00:36  time: 0.0487  data_time: 0.0002  memory: 1856  
06/21 21:07:36 - mmengine - INFO - Epoch(val) [4][1900/2587]    eta: 0:00:34  time: 0.0484  data_time: 0.0003  memory: 1856  
06/21 21:07:39 - mmengine - INFO - Epoch(val) [4][1950/2587]    eta: 0:00:31  time: 0.0485  data_time: 0.0003  memory: 1856  
06/21 21:07:41 - mmengine - INFO - Epoch(val) [4][2000/2587]    eta: 0:00:29  time: 0.0483  data_time: 0.0003  memory: 1856  
06/21 21:07:43 - mmengine - INFO - Epoch(val) [4][2050/2587]    eta: 0:00:26  time: 0.0483  data_time: 0.0002  memory: 1856  
06/21 21:07:46 - mmengine - INFO - Epoch(val) [4][2100/2587]    eta: 0:00:24  time: 0.0488  data_time: 0.0003  memory: 1856  
06/21 21:07:48 - mmengine - INFO - Epoch(val) [4][2150/2587]    eta: 0:00:21  time: 0.0488  data_time: 0.0004  memory: 1856  
06/21 21:07:51 - mmengine - INFO - Epoch(val) [4][2200/2587]    eta: 0:00:19  time: 0.0483  data_time: 0.0002  memory: 1856  
06/21 21:07:53 - mmengine - INFO - Epoch(val) [4][2250/2587]    eta: 0:00:16  time: 0.0547  data_time: 0.0066  memory: 1856  
06/21 21:07:56 - mmengine - INFO - Epoch(val) [4][2300/2587]    eta: 0:00:14  time: 0.0489  data_time: 0.0003  memory: 1856  
06/21 21:07:58 - mmengine - INFO - Epoch(val) [4][2350/2587]    eta: 0:00:11  time: 0.0487  data_time: 0.0003  memory: 1856  
06/21 21:08:01 - mmengine - INFO - Epoch(val) [4][2400/2587]    eta: 0:00:09  time: 0.0486  data_time: 0.0003  memory: 1856  
06/21 21:08:03 - mmengine - INFO - Epoch(val) [4][2450/2587]    eta: 0:00:06  time: 0.0485  data_time: 0.0002  memory: 1856  
06/21 21:08:06 - mmengine - INFO - Epoch(val) [4][2500/2587]    eta: 0:00:04  time: 0.0488  data_time: 0.0002  memory: 1856  
06/21 21:08:08 - mmengine - INFO - Epoch(val) [4][2550/2587]    eta: 0:00:01  time: 0.0489  data_time: 0.0004  memory: 1856  
06/21 21:08:30 - mmengine - INFO - Evaluating bbox...
Loading and preparing results...
DONE (t=4.74s)
creating index...
index created!
Running per image evaluation...
Evaluate annotation type *bbox*
DONE (t=73.32s).
Accumulating evaluation results...
DONE (t=28.22s).
 Average Precision  (AP) @[ IoU=0.50:0.95 | area=   all | maxDets=100 ] = 0.334
 Average Precision  (AP) @[ IoU=0.50      | area=   all | maxDets=1000 ] = 0.480
 Average Precision  (AP) @[ IoU=0.75      | area=   all | maxDets=1000 ] = 0.386
 Average Precision  (AP) @[ IoU=0.50:0.95 | area= small | maxDets=1000 ] = 0.121
 Average Precision  (AP) @[ IoU=0.50:0.95 | area=medium | maxDets=1000 ] = 0.319
 Average Precision  (AP) @[ IoU=0.50:0.95 | area= large | maxDets=1000 ] = 0.379
 Average Recall     (AR) @[ IoU=0.50:0.95 | area=   all | maxDets=100 ] = 0.688
 Average Recall     (AR) @[ IoU=0.50:0.95 | area=   all | maxDets=300 ] = 0.688
 Average Recall     (AR) @[ IoU=0.50:0.95 | area=   all | maxDets=1000 ] = 0.688
 Average Recall     (AR) @[ IoU=0.50:0.95 | area= small | maxDets=1000 ] = 0.276
 Average Recall     (AR) @[ IoU=0.50:0.95 | area=medium | maxDets=1000 ] = 0.655
 Average Recall     (AR) @[ IoU=0.50:0.95 | area= large | maxDets=1000 ] = 0.748
06/21 21:10:24 - mmengine - INFO - bbox_mAP_copypaste: 0.334 0.480 0.386 0.121 0.319 0.379
06/21 21:10:26 - mmengine - INFO - Epoch(val) [4][2587/2587]    coco/bbox_mAP: 0.3340  coco/bbox_mAP_50: 0.4800  coco/bbox_mAP_75: 0.3860  coco/bbox_mAP_s: 0.1210  coco/bbox_mAP_m: 0.3190  coco/bbox_mAP_l: 0.3790  data_time: 0.0016  time: 0.0498
06/21 21:10:26 - mmengine - INFO - The previous best checkpoint /home/siyuan/projects/LLMs/OralDetect-Family/WeDetect_repro/WeDetect/work_dirs/base3stage_s1/best_coco_bbox_mAP_epoch_2.pth is removed
06/21 21:10:30 - mmengine - INFO - The best checkpoint with 0.3340 coco/bbox_mAP at 4 epoch is saved to best_coco_bbox_mAP_epoch_4.pth.
06/21 21:10:58 - mmengine - INFO - Epoch(train) [5][  50/1294]  base_lr: 5.0027e-05 lr: 5.0027e-05  eta: 0:40:22  time: 0.4742  data_time: 0.0164  memory: 5316  grad_norm: 279.4080  loss: 115.1734  loss_cls: 40.5411  loss_bbox: 38.4557  loss_dfl: 36.1766
06/21 21:11:22 - mmengine - INFO - Epoch(train) [5][ 100/1294]  base_lr: 4.9548e-05 lr: 4.9548e-05  eta: 0:39:58  time: 0.4747  data_time: 0.0037  memory: 5430  grad_norm: 277.2353  loss: 117.4935  loss_cls: 40.4913  loss_bbox: 40.1188  loss_dfl: 36.8833
06/21 21:11:45 - mmengine - INFO - Epoch(train) [5][ 150/1294]  base_lr: 4.9070e-05 lr: 4.9070e-05  eta: 0:39:34  time: 0.4678  data_time: 0.0039  memory: 5363  grad_norm: 278.8422  loss: 121.6343  loss_cls: 42.9335  loss_bbox: 41.3380  loss_dfl: 37.3628
06/21 21:12:09 - mmengine - INFO - Epoch(train) [5][ 200/1294]  base_lr: 4.8592e-05 lr: 4.8592e-05  eta: 0:39:11  time: 0.4710  data_time: 0.0041  memory: 5343  grad_norm: 263.1054  loss: 115.5690  loss_cls: 39.6993  loss_bbox: 39.5308  loss_dfl: 36.3388
06/21 21:12:32 - mmengine - INFO - Epoch(train) [5][ 250/1294]  base_lr: 4.8114e-05 lr: 4.8114e-05  eta: 0:38:47  time: 0.4695  data_time: 0.0038  memory: 5423  grad_norm: 268.5946  loss: 115.5837  loss_cls: 40.0059  loss_bbox: 39.0296  loss_dfl: 36.5482
06/21 21:12:56 - mmengine - INFO - Epoch(train) [5][ 300/1294]  base_lr: 4.7635e-05 lr: 4.7635e-05  eta: 0:38:23  time: 0.4711  data_time: 0.0041  memory: 5443  grad_norm: 271.5418  loss: 115.9835  loss_cls: 39.0563  loss_bbox: 39.9540  loss_dfl: 36.9732
06/21 21:13:20 - mmengine - INFO - Epoch(train) [5][ 350/1294]  base_lr: 4.7157e-05 lr: 4.7157e-05  eta: 0:38:00  time: 0.4816  data_time: 0.0037  memory: 5343  grad_norm: 272.3065  loss: 116.4793  loss_cls: 39.7315  loss_bbox: 39.8229  loss_dfl: 36.9250
06/21 21:13:44 - mmengine - INFO - Epoch(train) [5][ 400/1294]  base_lr: 4.6679e-05 lr: 4.6679e-05  eta: 0:37:36  time: 0.4699  data_time: 0.0043  memory: 5803  grad_norm: 271.4775  loss: 116.6145  loss_cls: 39.8759  loss_bbox: 40.1735  loss_dfl: 36.5651
06/21 21:14:07 - mmengine - INFO - Epoch(train) [5][ 450/1294]  base_lr: 4.6201e-05 lr: 4.6201e-05  eta: 0:37:13  time: 0.4756  data_time: 0.0037  memory: 5436  grad_norm: 281.4344  loss: 115.4826  loss_cls: 40.4020  loss_bbox: 39.0054  loss_dfl: 36.0752
06/21 21:14:31 - mmengine - INFO - Epoch(train) [5][ 500/1294]  base_lr: 4.5723e-05 lr: 4.5723e-05  eta: 0:36:49  time: 0.4785  data_time: 0.0036  memory: 5403  grad_norm: 289.8408  loss: 116.5184  loss_cls: 40.0905  loss_bbox: 39.8244  loss_dfl: 36.6034
06/21 21:14:55 - mmengine - INFO - Epoch(train) [5][ 550/1294]  base_lr: 4.5244e-05 lr: 4.5244e-05  eta: 0:36:26  time: 0.4720  data_time: 0.0039  memory: 5403  grad_norm: 274.7105  loss: 111.3635  loss_cls: 37.2440  loss_bbox: 38.2627  loss_dfl: 35.8568
06/21 21:15:18 - mmengine - INFO - Epoch(train) [5][ 600/1294]  base_lr: 4.4766e-05 lr: 4.4766e-05  eta: 0:36:02  time: 0.4678  data_time: 0.0036  memory: 5436  grad_norm: 273.6893  loss: 114.8374  loss_cls: 39.6019  loss_bbox: 38.7387  loss_dfl: 36.4968
06/21 21:15:42 - mmengine - INFO - Epoch(train) [5][ 650/1294]  base_lr: 4.4288e-05 lr: 4.4288e-05  eta: 0:35:39  time: 0.4788  data_time: 0.0039  memory: 5410  grad_norm: 268.3390  loss: 116.5047  loss_cls: 39.7223  loss_bbox: 39.9894  loss_dfl: 36.7931
06/21 21:16:06 - mmengine - INFO - Epoch(train) [5][ 700/1294]  base_lr: 4.3810e-05 lr: 4.3810e-05  eta: 0:35:15  time: 0.4705  data_time: 0.0038  memory: 5270  grad_norm: 272.6625  loss: 114.7514  loss_cls: 39.2544  loss_bbox: 38.7256  loss_dfl: 36.7714
06/21 21:16:29 - mmengine - INFO - Epoch(train) [5][ 750/1294]  base_lr: 4.3332e-05 lr: 4.3332e-05  eta: 0:34:51  time: 0.4680  data_time: 0.0038  memory: 5363  grad_norm: 275.7342  loss: 114.5419  loss_cls: 39.1983  loss_bbox: 39.2018  loss_dfl: 36.1418
06/21 21:16:53 - mmengine - INFO - Epoch(train) [5][ 800/1294]  base_lr: 4.2853e-05 lr: 4.2853e-05  eta: 0:34:28  time: 0.4773  data_time: 0.0037  memory: 5310  grad_norm: 274.7968  loss: 115.0257  loss_cls: 39.3646  loss_bbox: 39.2785  loss_dfl: 36.3825
06/21 21:17:04 - mmengine - INFO - Exp name: wedetect_base_3stage_s1_20260621_201944
06/21 21:17:17 - mmengine - INFO - Epoch(train) [5][ 850/1294]  base_lr: 4.2375e-05 lr: 4.2375e-05  eta: 0:34:04  time: 0.4708  data_time: 0.0040  memory: 5603  grad_norm: 285.3939  loss: 115.1666  loss_cls: 39.5917  loss_bbox: 39.1996  loss_dfl: 36.3754
06/21 21:17:40 - mmengine - INFO - Epoch(train) [5][ 900/1294]  base_lr: 4.1897e-05 lr: 4.1897e-05  eta: 0:33:40  time: 0.4777  data_time: 0.0037  memory: 5563  grad_norm: 279.1269  loss: 116.8150  loss_cls: 40.2654  loss_bbox: 39.5611  loss_dfl: 36.9886
06/21 21:18:04 - mmengine - INFO - Epoch(train) [5][ 950/1294]  base_lr: 4.1419e-05 lr: 4.1419e-05  eta: 0:33:17  time: 0.4695  data_time: 0.0040  memory: 5396  grad_norm: 270.7442  loss: 116.3351  loss_cls: 40.5133  loss_bbox: 39.4495  loss_dfl: 36.3723
06/21 21:18:28 - mmengine - INFO - Epoch(train) [5][1000/1294]  base_lr: 4.0940e-05 lr: 4.0940e-05  eta: 0:32:53  time: 0.4750  data_time: 0.0040  memory: 5490  grad_norm: 267.6155  loss: 113.7862  loss_cls: 38.7953  loss_bbox: 38.5003  loss_dfl: 36.4906
06/21 21:18:52 - mmengine - INFO - Epoch(train) [5][1050/1294]  base_lr: 4.0462e-05 lr: 4.0462e-05  eta: 0:32:30  time: 0.4776  data_time: 0.0040  memory: 5516  grad_norm: 272.1606  loss: 113.1381  loss_cls: 37.9755  loss_bbox: 39.2641  loss_dfl: 35.8986
06/21 21:19:15 - mmengine - INFO - Epoch(train) [5][1100/1294]  base_lr: 3.9984e-05 lr: 3.9984e-05  eta: 0:32:06  time: 0.4693  data_time: 0.0036  memory: 5410  grad_norm: 265.1811  loss: 113.0503  loss_cls: 37.7843  loss_bbox: 38.4264  loss_dfl: 36.8396
06/21 21:19:39 - mmengine - INFO - Epoch(train) [5][1150/1294]  base_lr: 3.9506e-05 lr: 3.9506e-05  eta: 0:31:42  time: 0.4702  data_time: 0.0037  memory: 5336  grad_norm: 269.7387  loss: 112.2757  loss_cls: 37.6453  loss_bbox: 38.5507  loss_dfl: 36.0797
06/21 21:20:02 - mmengine - INFO - Epoch(train) [5][1200/1294]  base_lr: 3.9028e-05 lr: 3.9028e-05  eta: 0:31:19  time: 0.4777  data_time: 0.0041  memory: 5616  grad_norm: 274.4746  loss: 111.9302  loss_cls: 37.8063  loss_bbox: 38.0974  loss_dfl: 36.0265
06/21 21:20:26 - mmengine - INFO - Epoch(train) [5][1250/1294]  base_lr: 3.8549e-05 lr: 3.8549e-05  eta: 0:30:55  time: 0.4705  data_time: 0.0036  memory: 5563  grad_norm: 272.3395  loss: 112.2706  loss_cls: 37.8817  loss_bbox: 38.4014  loss_dfl: 35.9874
06/21 21:20:46 - mmengine - INFO - Exp name: wedetect_base_3stage_s1_20260621_201944
06/21 21:20:46 - mmengine - INFO - Saving checkpoint at 5 epochs
06/21 21:21:15 - mmengine - INFO - Epoch(train) [6][  50/1294]  base_lr: 3.7650e-05 lr: 3.7650e-05  eta: 0:30:11  time: 0.4864  data_time: 0.0114  memory: 5450  grad_norm: 274.6427  loss: 114.3453  loss_cls: 39.2933  loss_bbox: 38.4020  loss_dfl: 36.6500
06/21 21:21:39 - mmengine - INFO - Epoch(train) [6][ 100/1294]  base_lr: 3.7172e-05 lr: 3.7172e-05  eta: 0:29:47  time: 0.4751  data_time: 0.0046  memory: 5410  grad_norm: 282.7385  loss: 116.6691  loss_cls: 39.8460  loss_bbox: 39.8081  loss_dfl: 37.0151
06/21 21:22:02 - mmengine - INFO - Epoch(train) [6][ 150/1294]  base_lr: 3.6694e-05 lr: 3.6694e-05  eta: 0:29:23  time: 0.4670  data_time: 0.0038  memory: 5376  grad_norm: 266.2078  loss: 111.0565  loss_cls: 36.3688  loss_bbox: 38.4614  loss_dfl: 36.2264
06/21 21:22:26 - mmengine - INFO - Epoch(train) [6][ 200/1294]  base_lr: 3.6216e-05 lr: 3.6216e-05  eta: 0:29:00  time: 0.4771  data_time: 0.0042  memory: 5476  grad_norm: 289.7195  loss: 115.4819  loss_cls: 39.5692  loss_bbox: 39.4899  loss_dfl: 36.4228
06/21 21:22:50 - mmengine - INFO - Epoch(train) [6][ 250/1294]  base_lr: 3.5738e-05 lr: 3.5738e-05  eta: 0:28:36  time: 0.4727  data_time: 0.0039  memory: 5396  grad_norm: 276.3239  loss: 113.5716  loss_cls: 38.6718  loss_bbox: 38.8135  loss_dfl: 36.0863
06/21 21:23:13 - mmengine - INFO - Epoch(train) [6][ 300/1294]  base_lr: 3.5259e-05 lr: 3.5259e-05  eta: 0:28:13  time: 0.4760  data_time: 0.0038  memory: 5316  grad_norm: 273.0080  loss: 116.4527  loss_cls: 39.9185  loss_bbox: 39.9360  loss_dfl: 36.5982
06/21 21:23:37 - mmengine - INFO - Epoch(train) [6][ 350/1294]  base_lr: 3.4781e-05 lr: 3.4781e-05  eta: 0:27:49  time: 0.4680  data_time: 0.0038  memory: 5450  grad_norm: 264.1272  loss: 113.4430  loss_cls: 37.9915  loss_bbox: 39.4794  loss_dfl: 35.9722
06/21 21:24:00 - mmengine - INFO - Epoch(train) [6][ 400/1294]  base_lr: 3.4303e-05 lr: 3.4303e-05  eta: 0:27:25  time: 0.4712  data_time: 0.0038  memory: 5390  grad_norm: 279.5262  loss: 115.5146  loss_cls: 39.2257  loss_bbox: 39.8674  loss_dfl: 36.4216
06/21 21:24:24 - mmengine - INFO - Epoch(train) [6][ 450/1294]  base_lr: 3.3825e-05 lr: 3.3825e-05  eta: 0:27:02  time: 0.4785  data_time: 0.0037  memory: 5510  grad_norm: 274.6648  loss: 115.8124  loss_cls: 39.5635  loss_bbox: 39.8735  loss_dfl: 36.3754
06/21 21:24:48 - mmengine - INFO - Epoch(train) [6][ 500/1294]  base_lr: 3.3346e-05 lr: 3.3346e-05  eta: 0:26:38  time: 0.4689  data_time: 0.0037  memory: 5516  grad_norm: 273.4408  loss: 114.5265  loss_cls: 38.8169  loss_bbox: 39.6054  loss_dfl: 36.1042
06/21 21:25:02 - mmengine - INFO - Exp name: wedetect_base_3stage_s1_20260621_201944
06/21 21:25:11 - mmengine - INFO - Epoch(train) [6][ 550/1294]  base_lr: 3.2868e-05 lr: 3.2868e-05  eta: 0:26:14  time: 0.4722  data_time: 0.0038  memory: 5483  grad_norm: 278.7007  loss: 113.4504  loss_cls: 38.7407  loss_bbox: 38.3965  loss_dfl: 36.3132
06/21 21:25:35 - mmengine - INFO - Epoch(train) [6][ 600/1294]  base_lr: 3.2390e-05 lr: 3.2390e-05  eta: 0:25:51  time: 0.4767  data_time: 0.0038  memory: 5323  grad_norm: 278.0222  loss: 112.7081  loss_cls: 37.7700  loss_bbox: 38.8055  loss_dfl: 36.1326
06/21 21:25:59 - mmengine - INFO - Epoch(train) [6][ 650/1294]  base_lr: 3.1912e-05 lr: 3.1912e-05  eta: 0:25:27  time: 0.4673  data_time: 0.0041  memory: 5450  grad_norm: 278.9419  loss: 111.7934  loss_cls: 37.8284  loss_bbox: 37.6460  loss_dfl: 36.3189
06/21 21:26:22 - mmengine - INFO - Epoch(train) [6][ 700/1294]  base_lr: 3.1434e-05 lr: 3.1434e-05  eta: 0:25:03  time: 0.4712  data_time: 0.0037  memory: 5370  grad_norm: 270.8773  loss: 112.6252  loss_cls: 37.4571  loss_bbox: 39.0655  loss_dfl: 36.1026
06/21 21:26:46 - mmengine - INFO - Epoch(train) [6][ 750/1294]  base_lr: 3.0955e-05 lr: 3.0955e-05  eta: 0:24:40  time: 0.4785  data_time: 0.0038  memory: 5956  grad_norm: 276.1676  loss: 114.1094  loss_cls: 38.0466  loss_bbox: 39.6087  loss_dfl: 36.4541
06/21 21:27:10 - mmengine - INFO - Epoch(train) [6][ 800/1294]  base_lr: 3.0477e-05 lr: 3.0477e-05  eta: 0:24:16  time: 0.4713  data_time: 0.0038  memory: 5330  grad_norm: 280.1948  loss: 113.7328  loss_cls: 38.0923  loss_bbox: 39.3285  loss_dfl: 36.3120
06/21 21:27:33 - mmengine - INFO - Epoch(train) [6][ 850/1294]  base_lr: 2.9999e-05 lr: 2.9999e-05  eta: 0:23:53  time: 0.4736  data_time: 0.0039  memory: 5363  grad_norm: 277.9996  loss: 111.3482  loss_cls: 37.6698  loss_bbox: 37.6710  loss_dfl: 36.0073
06/21 21:27:57 - mmengine - INFO - Epoch(train) [6][ 900/1294]  base_lr: 2.9521e-05 lr: 2.9521e-05  eta: 0:23:29  time: 0.4720  data_time: 0.0038  memory: 5503  grad_norm: 284.1824  loss: 114.5235  loss_cls: 38.4568  loss_bbox: 39.4619  loss_dfl: 36.6048
06/21 21:28:21 - mmengine - INFO - Epoch(train) [6][ 950/1294]  base_lr: 2.9043e-05 lr: 2.9043e-05  eta: 0:23:05  time: 0.4714  data_time: 0.0039  memory: 5403  grad_norm: 275.2501  loss: 112.7932  loss_cls: 37.9438  loss_bbox: 38.7088  loss_dfl: 36.1406
06/21 21:28:44 - mmengine - INFO - Epoch(train) [6][1000/1294]  base_lr: 2.8564e-05 lr: 2.8564e-05  eta: 0:22:42  time: 0.4775  data_time: 0.0037  memory: 5570  grad_norm: 276.4486  loss: 114.1612  loss_cls: 38.6005  loss_bbox: 39.0682  loss_dfl: 36.4924
06/21 21:29:08 - mmengine - INFO - Epoch(train) [6][1050/1294]  base_lr: 2.8086e-05 lr: 2.8086e-05  eta: 0:22:18  time: 0.4678  data_time: 0.0039  memory: 5656  grad_norm: 271.8324  loss: 109.8273  loss_cls: 36.4080  loss_bbox: 37.6753  loss_dfl: 35.7440
06/21 21:29:31 - mmengine - INFO - Epoch(train) [6][1100/1294]  base_lr: 2.7608e-05 lr: 2.7608e-05  eta: 0:21:54  time: 0.4737  data_time: 0.0046  memory: 5630  grad_norm: 280.7735  loss: 111.3893  loss_cls: 36.8131  loss_bbox: 38.4801  loss_dfl: 36.0961
06/21 21:29:55 - mmengine - INFO - Epoch(train) [6][1150/1294]  base_lr: 2.7130e-05 lr: 2.7130e-05  eta: 0:21:31  time: 0.4770  data_time: 0.0037  memory: 5490  grad_norm: 274.4943  loss: 111.9480  loss_cls: 37.7192  loss_bbox: 38.0933  loss_dfl: 36.1356
06/21 21:30:19 - mmengine - INFO - Epoch(train) [6][1200/1294]  base_lr: 2.6651e-05 lr: 2.6651e-05  eta: 0:21:07  time: 0.4674  data_time: 0.0036  memory: 5423  grad_norm: 280.2868  loss: 112.8390  loss_cls: 37.8045  loss_bbox: 39.0914  loss_dfl: 35.9431
06/21 21:30:42 - mmengine - INFO - Epoch(train) [6][1250/1294]  base_lr: 2.6173e-05 lr: 2.6173e-05  eta: 0:20:44  time: 0.4738  data_time: 0.0038  memory: 5370  grad_norm: 280.3864  loss: 109.0909  loss_cls: 35.1049  loss_bbox: 38.0074  loss_dfl: 35.9787
06/21 21:31:03 - mmengine - INFO - Exp name: wedetect_base_3stage_s1_20260621_201944
06/21 21:31:03 - mmengine - INFO - Saving checkpoint at 6 epochs
06/21 21:31:11 - mmengine - INFO - Epoch(val) [6][  50/2587]    eta: 0:02:45  time: 0.0651  data_time: 0.0174  memory: 5256  
06/21 21:31:14 - mmengine - INFO - Epoch(val) [6][ 100/2587]    eta: 0:02:24  time: 0.0512  data_time: 0.0028  memory: 1856  
06/21 21:31:16 - mmengine - INFO - Epoch(val) [6][ 150/2587]    eta: 0:02:13  time: 0.0485  data_time: 0.0003  memory: 1856  
06/21 21:31:20 - mmengine - INFO - Epoch(val) [6][ 200/2587]    eta: 0:02:28  time: 0.0846  data_time: 0.0370  memory: 1856  
06/21 21:31:23 - mmengine - INFO - Epoch(val) [6][ 250/2587]    eta: 0:02:19  time: 0.0484  data_time: 0.0003  memory: 1856  
06/21 21:31:25 - mmengine - INFO - Epoch(val) [6][ 300/2587]    eta: 0:02:11  time: 0.0485  data_time: 0.0003  memory: 1856  
06/21 21:31:27 - mmengine - INFO - Epoch(val) [6][ 350/2587]    eta: 0:02:06  time: 0.0482  data_time: 0.0003  memory: 1856  
06/21 21:31:30 - mmengine - INFO - Epoch(val) [6][ 400/2587]    eta: 0:02:01  time: 0.0482  data_time: 0.0002  memory: 1856  
06/21 21:31:32 - mmengine - INFO - Epoch(val) [6][ 450/2587]    eta: 0:01:56  time: 0.0486  data_time: 0.0002  memory: 1856  
06/21 21:31:35 - mmengine - INFO - Epoch(val) [6][ 500/2587]    eta: 0:01:52  time: 0.0487  data_time: 0.0003  memory: 1856  
06/21 21:31:37 - mmengine - INFO - Epoch(val) [6][ 550/2587]    eta: 0:01:49  time: 0.0487  data_time: 0.0002  memory: 1856  
06/21 21:31:40 - mmengine - INFO - Epoch(val) [6][ 600/2587]    eta: 0:01:45  time: 0.0485  data_time: 0.0003  memory: 1856  
06/21 21:31:42 - mmengine - INFO - Epoch(val) [6][ 650/2587]    eta: 0:01:42  time: 0.0489  data_time: 0.0003  memory: 1856  
06/21 21:31:45 - mmengine - INFO - Epoch(val) [6][ 700/2587]    eta: 0:01:38  time: 0.0484  data_time: 0.0002  memory: 1856  
06/21 21:31:47 - mmengine - INFO - Epoch(val) [6][ 750/2587]    eta: 0:01:35  time: 0.0491  data_time: 0.0002  memory: 1856  
06/21 21:31:49 - mmengine - INFO - Epoch(val) [6][ 800/2587]    eta: 0:01:32  time: 0.0484  data_time: 0.0002  memory: 1856  
06/21 21:31:52 - mmengine - INFO - Epoch(val) [6][ 850/2587]    eta: 0:01:29  time: 0.0486  data_time: 0.0003  memory: 1856  
06/21 21:31:54 - mmengine - INFO - Epoch(val) [6][ 900/2587]    eta: 0:01:27  time: 0.0486  data_time: 0.0003  memory: 1856  
06/21 21:31:57 - mmengine - INFO - Epoch(val) [6][ 950/2587]    eta: 0:01:24  time: 0.0486  data_time: 0.0003  memory: 1856  
06/21 21:31:59 - mmengine - INFO - Epoch(val) [6][1000/2587]    eta: 0:01:21  time: 0.0485  data_time: 0.0002  memory: 1856  
06/21 21:32:02 - mmengine - INFO - Epoch(val) [6][1050/2587]    eta: 0:01:18  time: 0.0485  data_time: 0.0003  memory: 1856  
06/21 21:32:04 - mmengine - INFO - Epoch(val) [6][1100/2587]    eta: 0:01:15  time: 0.0485  data_time: 0.0002  memory: 1856  
06/21 21:32:06 - mmengine - INFO - Epoch(val) [6][1150/2587]    eta: 0:01:13  time: 0.0485  data_time: 0.0003  memory: 1856  
06/21 21:32:09 - mmengine - INFO - Epoch(val) [6][1200/2587]    eta: 0:01:10  time: 0.0486  data_time: 0.0003  memory: 1856  
06/21 21:32:11 - mmengine - INFO - Epoch(val) [6][1250/2587]    eta: 0:01:07  time: 0.0489  data_time: 0.0003  memory: 1856  
06/21 21:32:14 - mmengine - INFO - Epoch(val) [6][1300/2587]    eta: 0:01:05  time: 0.0496  data_time: 0.0003  memory: 1856  
06/21 21:32:16 - mmengine - INFO - Epoch(val) [6][1350/2587]    eta: 0:01:02  time: 0.0488  data_time: 0.0003  memory: 1856  
06/21 21:32:19 - mmengine - INFO - Epoch(val) [6][1400/2587]    eta: 0:01:00  time: 0.0488  data_time: 0.0003  memory: 1856  
06/21 21:32:21 - mmengine - INFO - Epoch(val) [6][1450/2587]    eta: 0:00:57  time: 0.0493  data_time: 0.0003  memory: 1856  
06/21 21:32:24 - mmengine - INFO - Epoch(val) [6][1500/2587]    eta: 0:00:54  time: 0.0488  data_time: 0.0003  memory: 1856  
06/21 21:32:26 - mmengine - INFO - Epoch(val) [6][1550/2587]    eta: 0:00:52  time: 0.0496  data_time: 0.0003  memory: 1856  
06/21 21:32:28 - mmengine - INFO - Epoch(val) [6][1600/2587]    eta: 0:00:49  time: 0.0488  data_time: 0.0003  memory: 1856  
06/21 21:32:31 - mmengine - INFO - Epoch(val) [6][1650/2587]    eta: 0:00:47  time: 0.0489  data_time: 0.0003  memory: 1856  
06/21 21:32:33 - mmengine - INFO - Epoch(val) [6][1700/2587]    eta: 0:00:44  time: 0.0488  data_time: 0.0003  memory: 1856  
06/21 21:32:36 - mmengine - INFO - Epoch(val) [6][1750/2587]    eta: 0:00:42  time: 0.0495  data_time: 0.0012  memory: 1856  
06/21 21:32:38 - mmengine - INFO - Epoch(val) [6][1800/2587]    eta: 0:00:39  time: 0.0515  data_time: 0.0030  memory: 1856  
06/21 21:32:41 - mmengine - INFO - Epoch(val) [6][1850/2587]    eta: 0:00:37  time: 0.0486  data_time: 0.0003  memory: 1856  
06/21 21:32:43 - mmengine - INFO - Epoch(val) [6][1900/2587]    eta: 0:00:34  time: 0.0487  data_time: 0.0003  memory: 1856  
06/21 21:32:46 - mmengine - INFO - Epoch(val) [6][1950/2587]    eta: 0:00:31  time: 0.0489  data_time: 0.0003  memory: 1856  
06/21 21:32:48 - mmengine - INFO - Epoch(val) [6][2000/2587]    eta: 0:00:29  time: 0.0489  data_time: 0.0003  memory: 1856  
06/21 21:32:51 - mmengine - INFO - Epoch(val) [6][2050/2587]    eta: 0:00:26  time: 0.0489  data_time: 0.0003  memory: 1856  
06/21 21:32:53 - mmengine - INFO - Epoch(val) [6][2100/2587]    eta: 0:00:24  time: 0.0487  data_time: 0.0003  memory: 1856  
06/21 21:32:56 - mmengine - INFO - Epoch(val) [6][2150/2587]    eta: 0:00:21  time: 0.0489  data_time: 0.0004  memory: 1856  
06/21 21:32:58 - mmengine - INFO - Epoch(val) [6][2200/2587]    eta: 0:00:19  time: 0.0489  data_time: 0.0003  memory: 1856  
06/21 21:33:01 - mmengine - INFO - Epoch(val) [6][2250/2587]    eta: 0:00:16  time: 0.0549  data_time: 0.0069  memory: 1856  
06/21 21:33:03 - mmengine - INFO - Epoch(val) [6][2300/2587]    eta: 0:00:14  time: 0.0486  data_time: 0.0003  memory: 1856  
06/21 21:33:06 - mmengine - INFO - Epoch(val) [6][2350/2587]    eta: 0:00:11  time: 0.0487  data_time: 0.0003  memory: 1856  
06/21 21:33:08 - mmengine - INFO - Epoch(val) [6][2400/2587]    eta: 0:00:09  time: 0.0487  data_time: 0.0003  memory: 1856  
06/21 21:33:10 - mmengine - INFO - Epoch(val) [6][2450/2587]    eta: 0:00:06  time: 0.0489  data_time: 0.0003  memory: 1856  
06/21 21:33:13 - mmengine - INFO - Epoch(val) [6][2500/2587]    eta: 0:00:04  time: 0.0486  data_time: 0.0003  memory: 1856  
06/21 21:33:15 - mmengine - INFO - Epoch(val) [6][2550/2587]    eta: 0:00:01  time: 0.0487  data_time: 0.0002  memory: 1856  
06/21 21:33:36 - mmengine - INFO - Evaluating bbox...
Loading and preparing results...
DONE (t=4.50s)
creating index...
index created!
Running per image evaluation...
Evaluate annotation type *bbox*
DONE (t=70.77s).
Accumulating evaluation results...
DONE (t=26.90s).
 Average Precision  (AP) @[ IoU=0.50:0.95 | area=   all | maxDets=100 ] = 0.367
 Average Precision  (AP) @[ IoU=0.50      | area=   all | maxDets=1000 ] = 0.521
 Average Precision  (AP) @[ IoU=0.75      | area=   all | maxDets=1000 ] = 0.426
 Average Precision  (AP) @[ IoU=0.50:0.95 | area= small | maxDets=1000 ] = 0.129
 Average Precision  (AP) @[ IoU=0.50:0.95 | area=medium | maxDets=1000 ] = 0.336
 Average Precision  (AP) @[ IoU=0.50:0.95 | area= large | maxDets=1000 ] = 0.428
 Average Recall     (AR) @[ IoU=0.50:0.95 | area=   all | maxDets=100 ] = 0.696
 Average Recall     (AR) @[ IoU=0.50:0.95 | area=   all | maxDets=300 ] = 0.696
 Average Recall     (AR) @[ IoU=0.50:0.95 | area=   all | maxDets=1000 ] = 0.696
 Average Recall     (AR) @[ IoU=0.50:0.95 | area= small | maxDets=1000 ] = 0.261
 Average Recall     (AR) @[ IoU=0.50:0.95 | area=medium | maxDets=1000 ] = 0.664
 Average Recall     (AR) @[ IoU=0.50:0.95 | area= large | maxDets=1000 ] = 0.761
06/21 21:35:26 - mmengine - INFO - bbox_mAP_copypaste: 0.367 0.521 0.426 0.129 0.336 0.428
06/21 21:35:28 - mmengine - INFO - Epoch(val) [6][2587/2587]    coco/bbox_mAP: 0.3670  coco/bbox_mAP_50: 0.5210  coco/bbox_mAP_75: 0.4260  coco/bbox_mAP_s: 0.1290  coco/bbox_mAP_m: 0.3360  coco/bbox_mAP_l: 0.4280  data_time: 0.0016  time: 0.0500
06/21 21:35:28 - mmengine - INFO - The previous best checkpoint /home/siyuan/projects/LLMs/OralDetect-Family/WeDetect_repro/WeDetect/work_dirs/base3stage_s1/best_coco_bbox_mAP_epoch_4.pth is removed
06/21 21:35:32 - mmengine - INFO - The best checkpoint with 0.3670 coco/bbox_mAP at 6 epoch is saved to best_coco_bbox_mAP_epoch_6.pth.
06/21 21:35:59 - mmengine - INFO - Epoch(train) [7][  50/1294]  base_lr: 2.5274e-05 lr: 2.5274e-05  eta: 0:19:59  time: 0.4735  data_time: 0.0165  memory: 5523  grad_norm: 263.7448  loss: 110.6274  loss_cls: 36.0517  loss_bbox: 38.0715  loss_dfl: 36.5042
06/21 21:36:23 - mmengine - INFO - Epoch(train) [7][ 100/1294]  base_lr: 2.4796e-05 lr: 2.4796e-05  eta: 0:19:36  time: 0.4784  data_time: 0.0044  memory: 5423  grad_norm: 275.7099  loss: 111.5460  loss_cls: 37.7363  loss_bbox: 38.3637  loss_dfl: 35.4459
06/21 21:36:46 - mmengine - INFO - Epoch(train) [7][ 150/1294]  base_lr: 2.4318e-05 lr: 2.4318e-05  eta: 0:19:12  time: 0.4651  data_time: 0.0038  memory: 5396  grad_norm: 277.5291  loss: 108.6606  loss_cls: 36.0863  loss_bbox: 36.5301  loss_dfl: 36.0442
06/21 21:37:10 - mmengine - INFO - Epoch(train) [7][ 200/1294]  base_lr: 2.3840e-05 lr: 2.3840e-05  eta: 0:18:48  time: 0.4649  data_time: 0.0037  memory: 5310  grad_norm: 281.7922  loss: 112.5053  loss_cls: 37.0479  loss_bbox: 39.1884  loss_dfl: 36.2690
06/21 21:37:27 - mmengine - INFO - Exp name: wedetect_base_3stage_s1_20260621_201944
06/21 21:37:34 - mmengine - INFO - Epoch(train) [7][ 250/1294]  base_lr: 2.3361e-05 lr: 2.3361e-05  eta: 0:18:25  time: 0.4782  data_time: 0.0037  memory: 5403  grad_norm: 273.8736  loss: 111.5491  loss_cls: 36.3197  loss_bbox: 38.9760  loss_dfl: 36.2534
06/21 21:37:57 - mmengine - INFO - Epoch(train) [7][ 300/1294]  base_lr: 2.2883e-05 lr: 2.2883e-05  eta: 0:18:01  time: 0.4721  data_time: 0.0042  memory: 5510  grad_norm: 285.8703  loss: 112.6127  loss_cls: 38.5957  loss_bbox: 38.4730  loss_dfl: 35.5440
06/21 21:38:21 - mmengine - INFO - Epoch(train) [7][ 350/1294]  base_lr: 2.2405e-05 lr: 2.2405e-05  eta: 0:17:37  time: 0.4679  data_time: 0.0039  memory: 5316  grad_norm: 290.7362  loss: 114.7546  loss_cls: 38.9491  loss_bbox: 39.3438  loss_dfl: 36.4617
06/21 21:38:45 - mmengine - INFO - Epoch(train) [7][ 400/1294]  base_lr: 2.1927e-05 lr: 2.1927e-05  eta: 0:17:14  time: 0.4802  data_time: 0.0039  memory: 5430  grad_norm: 276.3047  loss: 111.3812  loss_cls: 37.2192  loss_bbox: 38.2206  loss_dfl: 35.9414
06/21 21:39:08 - mmengine - INFO - Epoch(train) [7][ 450/1294]  base_lr: 2.1448e-05 lr: 2.1448e-05  eta: 0:16:50  time: 0.4757  data_time: 0.0041  memory: 5376  grad_norm: 288.0607  loss: 111.1477  loss_cls: 37.0971  loss_bbox: 38.4994  loss_dfl: 35.5513
06/21 21:39:32 - mmengine - INFO - Epoch(train) [7][ 500/1294]  base_lr: 2.0970e-05 lr: 2.0970e-05  eta: 0:16:26  time: 0.4681  data_time: 0.0037  memory: 5530  grad_norm: 276.3350  loss: 108.3527  loss_cls: 35.8633  loss_bbox: 37.1322  loss_dfl: 35.3572
06/21 21:39:56 - mmengine - INFO - Epoch(train) [7][ 550/1294]  base_lr: 2.0492e-05 lr: 2.0492e-05  eta: 0:16:03  time: 0.4771  data_time: 0.0037  memory: 5296  grad_norm: 285.5458  loss: 113.0968  loss_cls: 38.4241  loss_bbox: 38.4681  loss_dfl: 36.2045
06/21 21:40:19 - mmengine - INFO - Epoch(train) [7][ 600/1294]  base_lr: 2.0014e-05 lr: 2.0014e-05  eta: 0:15:39  time: 0.4698  data_time: 0.0037  memory: 5370  grad_norm: 271.9712  loss: 111.2458  loss_cls: 36.8191  loss_bbox: 38.6711  loss_dfl: 35.7556
06/21 21:40:43 - mmengine - INFO - Epoch(train) [7][ 650/1294]  base_lr: 1.9536e-05 lr: 1.9536e-05  eta: 0:15:16  time: 0.4750  data_time: 0.0037  memory: 5356  grad_norm: 263.8474  loss: 111.1603  loss_cls: 36.8539  loss_bbox: 38.1711  loss_dfl: 36.1354
06/21 21:41:07 - mmengine - INFO - Epoch(train) [7][ 700/1294]  base_lr: 1.9057e-05 lr: 1.9057e-05  eta: 0:14:52  time: 0.4756  data_time: 0.0042  memory: 5316  grad_norm: 273.8662  loss: 111.8597  loss_cls: 37.4786  loss_bbox: 38.5332  loss_dfl: 35.8480
06/21 21:41:30 - mmengine - INFO - Epoch(train) [7][ 750/1294]  base_lr: 1.8579e-05 lr: 1.8579e-05  eta: 0:14:28  time: 0.4688  data_time: 0.0041  memory: 5543  grad_norm: 278.7258  loss: 111.6642  loss_cls: 37.4260  loss_bbox: 38.2436  loss_dfl: 35.9946
06/21 21:41:54 - mmengine - INFO - Epoch(train) [7][ 800/1294]  base_lr: 1.8101e-05 lr: 1.8101e-05  eta: 0:14:05  time: 0.4734  data_time: 0.0041  memory: 5256  grad_norm: 273.4961  loss: 110.3820  loss_cls: 36.8568  loss_bbox: 37.7138  loss_dfl: 35.8113
06/21 21:42:17 - mmengine - INFO - Epoch(train) [7][ 850/1294]  base_lr: 1.7623e-05 lr: 1.7623e-05  eta: 0:13:41  time: 0.4724  data_time: 0.0039  memory: 5316  grad_norm: 270.7729  loss: 112.2964  loss_cls: 36.0467  loss_bbox: 39.7031  loss_dfl: 36.5466
06/21 21:42:41 - mmengine - INFO - Epoch(train) [7][ 900/1294]  base_lr: 1.7145e-05 lr: 1.7145e-05  eta: 0:13:17  time: 0.4701  data_time: 0.0042  memory: 5476  grad_norm: 291.1207  loss: 112.7817  loss_cls: 36.8223  loss_bbox: 39.3932  loss_dfl: 36.5662
06/21 21:43:05 - mmengine - INFO - Epoch(train) [7][ 950/1294]  base_lr: 1.6666e-05 lr: 1.6666e-05  eta: 0:12:54  time: 0.4776  data_time: 0.0041  memory: 5443  grad_norm: 279.5163  loss: 109.5162  loss_cls: 35.8526  loss_bbox: 37.9686  loss_dfl: 35.6950
06/21 21:43:29 - mmengine - INFO - Epoch(train) [7][1000/1294]  base_lr: 1.6188e-05 lr: 1.6188e-05  eta: 0:12:30  time: 0.4747  data_time: 0.0039  memory: 5370  grad_norm: 275.3465  loss: 113.1294  loss_cls: 37.1236  loss_bbox: 39.3596  loss_dfl: 36.6462
06/21 21:43:52 - mmengine - INFO - Epoch(train) [7][1050/1294]  base_lr: 1.5710e-05 lr: 1.5710e-05  eta: 0:12:06  time: 0.4682  data_time: 0.0037  memory: 5523  grad_norm: 270.6817  loss: 110.9826  loss_cls: 37.3556  loss_bbox: 37.8306  loss_dfl: 35.7964
06/21 21:44:16 - mmengine - INFO - Epoch(train) [7][1100/1294]  base_lr: 1.5232e-05 lr: 1.5232e-05  eta: 0:11:43  time: 0.4800  data_time: 0.0039  memory: 5550  grad_norm: 274.4551  loss: 112.2588  loss_cls: 36.9399  loss_bbox: 39.3559  loss_dfl: 35.9629
06/21 21:44:39 - mmengine - INFO - Epoch(train) [7][1150/1294]  base_lr: 1.4753e-05 lr: 1.4753e-05  eta: 0:11:19  time: 0.4687  data_time: 0.0042  memory: 5503  grad_norm: 263.9787  loss: 107.3374  loss_cls: 34.6231  loss_bbox: 37.3476  loss_dfl: 35.3667
06/21 21:45:03 - mmengine - INFO - Epoch(train) [7][1200/1294]  base_lr: 1.4275e-05 lr: 1.4275e-05  eta: 0:10:56  time: 0.4763  data_time: 0.0037  memory: 5416  grad_norm: 280.5855  loss: 113.2714  loss_cls: 38.7159  loss_bbox: 38.7127  loss_dfl: 35.8428
06/21 21:45:20 - mmengine - INFO - Exp name: wedetect_base_3stage_s1_20260621_201944
06/21 21:45:27 - mmengine - INFO - Epoch(train) [7][1250/1294]  base_lr: 1.3797e-05 lr: 1.3797e-05  eta: 0:10:32  time: 0.4726  data_time: 0.0039  memory: 5570  grad_norm: 272.7249  loss: 111.7529  loss_cls: 36.1942  loss_bbox: 38.9474  loss_dfl: 36.6113
06/21 21:45:47 - mmengine - INFO - Exp name: wedetect_base_3stage_s1_20260621_201944
06/21 21:45:47 - mmengine - INFO - Saving checkpoint at 7 epochs
06/21 21:45:55 - mmengine - INFO - Epoch(val) [7][  50/2587]    eta: 0:02:47  time: 0.0661  data_time: 0.0184  memory: 5610  
06/21 21:45:58 - mmengine - INFO - Epoch(val) [7][ 100/2587]    eta: 0:02:25  time: 0.0510  data_time: 0.0029  memory: 1856  
06/21 21:46:00 - mmengine - INFO - Epoch(val) [7][ 150/2587]    eta: 0:02:15  time: 0.0493  data_time: 0.0003  memory: 1856  
06/21 21:46:04 - mmengine - INFO - Epoch(val) [7][ 200/2587]    eta: 0:02:29  time: 0.0849  data_time: 0.0377  memory: 1856  
06/21 21:46:07 - mmengine - INFO - Epoch(val) [7][ 250/2587]    eta: 0:02:20  time: 0.0486  data_time: 0.0003  memory: 1856  
06/21 21:46:09 - mmengine - INFO - Epoch(val) [7][ 300/2587]    eta: 0:02:12  time: 0.0482  data_time: 0.0002  memory: 1856  
06/21 21:46:12 - mmengine - INFO - Epoch(val) [7][ 350/2587]    eta: 0:02:06  time: 0.0484  data_time: 0.0002  memory: 1856  
06/21 21:46:14 - mmengine - INFO - Epoch(val) [7][ 400/2587]    eta: 0:02:01  time: 0.0482  data_time: 0.0003  memory: 1856  
06/21 21:46:16 - mmengine - INFO - Epoch(val) [7][ 450/2587]    eta: 0:01:57  time: 0.0482  data_time: 0.0002  memory: 1856  
06/21 21:46:19 - mmengine - INFO - Epoch(val) [7][ 500/2587]    eta: 0:01:52  time: 0.0484  data_time: 0.0002  memory: 1856  
06/21 21:46:21 - mmengine - INFO - Epoch(val) [7][ 550/2587]    eta: 0:01:49  time: 0.0485  data_time: 0.0003  memory: 1856  
06/21 21:46:24 - mmengine - INFO - Epoch(val) [7][ 600/2587]    eta: 0:01:45  time: 0.0483  data_time: 0.0003  memory: 1856  
06/21 21:46:26 - mmengine - INFO - Epoch(val) [7][ 650/2587]    eta: 0:01:42  time: 0.0485  data_time: 0.0003  memory: 1856  
06/21 21:46:29 - mmengine - INFO - Epoch(val) [7][ 700/2587]    eta: 0:01:39  time: 0.0482  data_time: 0.0002  memory: 1856  
06/21 21:46:31 - mmengine - INFO - Epoch(val) [7][ 750/2587]    eta: 0:01:35  time: 0.0484  data_time: 0.0003  memory: 1856  
06/21 21:46:33 - mmengine - INFO - Epoch(val) [7][ 800/2587]    eta: 0:01:32  time: 0.0483  data_time: 0.0002  memory: 1856  
06/21 21:46:36 - mmengine - INFO - Epoch(val) [7][ 850/2587]    eta: 0:01:29  time: 0.0488  data_time: 0.0002  memory: 1856  
06/21 21:46:38 - mmengine - INFO - Epoch(val) [7][ 900/2587]    eta: 0:01:27  time: 0.0484  data_time: 0.0003  memory: 1856  
06/21 21:46:41 - mmengine - INFO - Epoch(val) [7][ 950/2587]    eta: 0:01:24  time: 0.0483  data_time: 0.0002  memory: 1856  
06/21 21:46:43 - mmengine - INFO - Epoch(val) [7][1000/2587]    eta: 0:01:21  time: 0.0484  data_time: 0.0003  memory: 1856  
06/21 21:46:45 - mmengine - INFO - Epoch(val) [7][1050/2587]    eta: 0:01:18  time: 0.0484  data_time: 0.0002  memory: 1856  
06/21 21:46:48 - mmengine - INFO - Epoch(val) [7][1100/2587]    eta: 0:01:15  time: 0.0483  data_time: 0.0002  memory: 1856  
06/21 21:46:50 - mmengine - INFO - Epoch(val) [7][1150/2587]    eta: 0:01:13  time: 0.0486  data_time: 0.0002  memory: 1856  
06/21 21:46:53 - mmengine - INFO - Epoch(val) [7][1200/2587]    eta: 0:01:10  time: 0.0483  data_time: 0.0003  memory: 1856  
06/21 21:46:55 - mmengine - INFO - Epoch(val) [7][1250/2587]    eta: 0:01:07  time: 0.0485  data_time: 0.0003  memory: 1856  
06/21 21:46:58 - mmengine - INFO - Epoch(val) [7][1300/2587]    eta: 0:01:05  time: 0.0488  data_time: 0.0003  memory: 1856  
06/21 21:47:00 - mmengine - INFO - Epoch(val) [7][1350/2587]    eta: 0:01:02  time: 0.0487  data_time: 0.0003  memory: 1856  
06/21 21:47:02 - mmengine - INFO - Epoch(val) [7][1400/2587]    eta: 0:00:59  time: 0.0487  data_time: 0.0003  memory: 1856  
06/21 21:47:05 - mmengine - INFO - Epoch(val) [7][1450/2587]    eta: 0:00:57  time: 0.0490  data_time: 0.0003  memory: 1856  
06/21 21:47:07 - mmengine - INFO - Epoch(val) [7][1500/2587]    eta: 0:00:54  time: 0.0488  data_time: 0.0003  memory: 1856  
06/21 21:47:10 - mmengine - INFO - Epoch(val) [7][1550/2587]    eta: 0:00:52  time: 0.0490  data_time: 0.0003  memory: 1856  
06/21 21:47:12 - mmengine - INFO - Epoch(val) [7][1600/2587]    eta: 0:00:49  time: 0.0484  data_time: 0.0003  memory: 1856  
06/21 21:47:15 - mmengine - INFO - Epoch(val) [7][1650/2587]    eta: 0:00:47  time: 0.0492  data_time: 0.0003  memory: 1856  
06/21 21:47:17 - mmengine - INFO - Epoch(val) [7][1700/2587]    eta: 0:00:44  time: 0.0486  data_time: 0.0003  memory: 1856  
06/21 21:47:20 - mmengine - INFO - Epoch(val) [7][1750/2587]    eta: 0:00:42  time: 0.0499  data_time: 0.0014  memory: 1856  
06/21 21:47:22 - mmengine - INFO - Epoch(val) [7][1800/2587]    eta: 0:00:39  time: 0.0510  data_time: 0.0027  memory: 1856  
06/21 21:47:25 - mmengine - INFO - Epoch(val) [7][1850/2587]    eta: 0:00:36  time: 0.0486  data_time: 0.0003  memory: 1856  
06/21 21:47:27 - mmengine - INFO - Epoch(val) [7][1900/2587]    eta: 0:00:34  time: 0.0485  data_time: 0.0003  memory: 1856  
06/21 21:47:30 - mmengine - INFO - Epoch(val) [7][1950/2587]    eta: 0:00:31  time: 0.0484  data_time: 0.0003  memory: 1856  
06/21 21:47:32 - mmengine - INFO - Epoch(val) [7][2000/2587]    eta: 0:00:29  time: 0.0487  data_time: 0.0003  memory: 1856  
06/21 21:47:34 - mmengine - INFO - Epoch(val) [7][2050/2587]    eta: 0:00:26  time: 0.0486  data_time: 0.0003  memory: 1856  
06/21 21:47:37 - mmengine - INFO - Epoch(val) [7][2100/2587]    eta: 0:00:24  time: 0.0483  data_time: 0.0003  memory: 1856  
06/21 21:47:39 - mmengine - INFO - Epoch(val) [7][2150/2587]    eta: 0:00:21  time: 0.0485  data_time: 0.0002  memory: 1856  
06/21 21:47:42 - mmengine - INFO - Epoch(val) [7][2200/2587]    eta: 0:00:19  time: 0.0485  data_time: 0.0003  memory: 1856  
06/21 21:47:44 - mmengine - INFO - Epoch(val) [7][2250/2587]    eta: 0:00:16  time: 0.0533  data_time: 0.0054  memory: 1856  
06/21 21:47:47 - mmengine - INFO - Epoch(val) [7][2300/2587]    eta: 0:00:14  time: 0.0487  data_time: 0.0003  memory: 1856  
06/21 21:47:49 - mmengine - INFO - Epoch(val) [7][2350/2587]    eta: 0:00:11  time: 0.0490  data_time: 0.0003  memory: 1856  
06/21 21:47:52 - mmengine - INFO - Epoch(val) [7][2400/2587]    eta: 0:00:09  time: 0.0487  data_time: 0.0003  memory: 1856  
06/21 21:47:54 - mmengine - INFO - Epoch(val) [7][2450/2587]    eta: 0:00:06  time: 0.0491  data_time: 0.0003  memory: 1856  
06/21 21:47:57 - mmengine - INFO - Epoch(val) [7][2500/2587]    eta: 0:00:04  time: 0.0486  data_time: 0.0003  memory: 1856  
06/21 21:47:59 - mmengine - INFO - Epoch(val) [7][2550/2587]    eta: 0:00:01  time: 0.0488  data_time: 0.0002  memory: 1856  
06/21 21:48:19 - mmengine - INFO - Evaluating bbox...
Loading and preparing results...
DONE (t=4.61s)
creating index...
index created!
Running per image evaluation...
Evaluate annotation type *bbox*
DONE (t=67.21s).
Accumulating evaluation results...
DONE (t=25.68s).
 Average Precision  (AP) @[ IoU=0.50:0.95 | area=   all | maxDets=100 ] = 0.368
 Average Precision  (AP) @[ IoU=0.50      | area=   all | maxDets=1000 ] = 0.523
 Average Precision  (AP) @[ IoU=0.75      | area=   all | maxDets=1000 ] = 0.426
 Average Precision  (AP) @[ IoU=0.50:0.95 | area= small | maxDets=1000 ] = 0.143
 Average Precision  (AP) @[ IoU=0.50:0.95 | area=medium | maxDets=1000 ] = 0.333
 Average Precision  (AP) @[ IoU=0.50:0.95 | area= large | maxDets=1000 ] = 0.433
 Average Recall     (AR) @[ IoU=0.50:0.95 | area=   all | maxDets=100 ] = 0.697
 Average Recall     (AR) @[ IoU=0.50:0.95 | area=   all | maxDets=300 ] = 0.698
 Average Recall     (AR) @[ IoU=0.50:0.95 | area=   all | maxDets=1000 ] = 0.698
 Average Recall     (AR) @[ IoU=0.50:0.95 | area= small | maxDets=1000 ] = 0.276
 Average Recall     (AR) @[ IoU=0.50:0.95 | area=medium | maxDets=1000 ] = 0.669
 Average Recall     (AR) @[ IoU=0.50:0.95 | area= large | maxDets=1000 ] = 0.757
06/21 21:50:03 - mmengine - INFO - bbox_mAP_copypaste: 0.368 0.523 0.426 0.143 0.333 0.433
06/21 21:50:05 - mmengine - INFO - Epoch(val) [7][2587/2587]    coco/bbox_mAP: 0.3680  coco/bbox_mAP_50: 0.5230  coco/bbox_mAP_75: 0.4260  coco/bbox_mAP_s: 0.1430  coco/bbox_mAP_m: 0.3330  coco/bbox_mAP_l: 0.4330  data_time: 0.0016  time: 0.0498
06/21 21:50:06 - mmengine - INFO - The previous best checkpoint /home/siyuan/projects/LLMs/OralDetect-Family/WeDetect_repro/WeDetect/work_dirs/base3stage_s1/best_coco_bbox_mAP_epoch_6.pth is removed
06/21 21:50:09 - mmengine - INFO - The best checkpoint with 0.3680 coco/bbox_mAP at 7 epoch is saved to best_coco_bbox_mAP_epoch_7.pth.
06/21 21:50:37 - mmengine - INFO - Epoch(train) [8][  50/1294]  base_lr: 1.2898e-05 lr: 1.2898e-05  eta: 0:09:48  time: 0.4842  data_time: 0.0147  memory: 5403  grad_norm: 286.2720  loss: 111.3853  loss_cls: 38.0140  loss_bbox: 38.0501  loss_dfl: 35.3212
06/21 21:51:01 - mmengine - INFO - Epoch(train) [8][ 100/1294]  base_lr: 1.2420e-05 lr: 1.2420e-05  eta: 0:09:24  time: 0.4656  data_time: 0.0038  memory: 5583  grad_norm: 282.4339  loss: 109.5764  loss_cls: 35.8995  loss_bbox: 37.7731  loss_dfl: 35.9038
06/21 21:51:24 - mmengine - INFO - Epoch(train) [8][ 150/1294]  base_lr: 1.1942e-05 lr: 1.1942e-05  eta: 0:09:00  time: 0.4656  data_time: 0.0039  memory: 5396  grad_norm: 279.6809  loss: 112.7252  loss_cls: 38.0358  loss_bbox: 38.7039  loss_dfl: 35.9855
06/21 21:51:48 - mmengine - INFO - Epoch(train) [8][ 200/1294]  base_lr: 1.1463e-05 lr: 1.1463e-05  eta: 0:08:37  time: 0.4832  data_time: 0.0038  memory: 5303  grad_norm: 269.5170  loss: 108.0500  loss_cls: 34.8623  loss_bbox: 37.5629  loss_dfl: 35.6249
06/21 21:52:11 - mmengine - INFO - Epoch(train) [8][ 250/1294]  base_lr: 1.0985e-05 lr: 1.0985e-05  eta: 0:08:13  time: 0.4679  data_time: 0.0038  memory: 5416  grad_norm: 276.3297  loss: 109.2423  loss_cls: 35.8877  loss_bbox: 37.8725  loss_dfl: 35.4821
06/21 21:52:35 - mmengine - INFO - Epoch(train) [8][ 300/1294]  base_lr: 1.0507e-05 lr: 1.0507e-05  eta: 0:07:49  time: 0.4770  data_time: 0.0038  memory: 5550  grad_norm: 281.8665  loss: 111.5909  loss_cls: 36.9331  loss_bbox: 38.9307  loss_dfl: 35.7271
06/21 21:52:59 - mmengine - INFO - Epoch(train) [8][ 350/1294]  base_lr: 1.0029e-05 lr: 1.0029e-05  eta: 0:07:26  time: 0.4684  data_time: 0.0039  memory: 5436  grad_norm: 276.1516  loss: 107.7019  loss_cls: 34.9838  loss_bbox: 37.3926  loss_dfl: 35.3256
06/21 21:53:22 - mmengine - INFO - Epoch(train) [8][ 400/1294]  base_lr: 9.5505e-06 lr: 9.5505e-06  eta: 0:07:02  time: 0.4694  data_time: 0.0038  memory: 5383  grad_norm: 283.1064  loss: 109.3918  loss_cls: 35.6125  loss_bbox: 37.7177  loss_dfl: 36.0616
06/21 21:53:46 - mmengine - INFO - Epoch(train) [8][ 450/1294]  base_lr: 9.0723e-06 lr: 9.0723e-06  eta: 0:06:38  time: 0.4772  data_time: 0.0038  memory: 5530  grad_norm: 274.9827  loss: 111.1966  loss_cls: 37.5294  loss_bbox: 38.1814  loss_dfl: 35.4859
06/21 21:54:10 - mmengine - INFO - Epoch(train) [8][ 500/1294]  base_lr: 8.5940e-06 lr: 8.5940e-06  eta: 0:06:15  time: 0.4691  data_time: 0.0039  memory: 5310  grad_norm: 273.1481  loss: 110.0283  loss_cls: 36.2805  loss_bbox: 37.9675  loss_dfl: 35.7804
06/21 21:54:33 - mmengine - INFO - Epoch(train) [8][ 550/1294]  base_lr: 8.1158e-06 lr: 8.1158e-06  eta: 0:05:51  time: 0.4692  data_time: 0.0042  memory: 5576  grad_norm: 276.2545  loss: 108.2134  loss_cls: 36.1539  loss_bbox: 36.5511  loss_dfl: 35.5084
06/21 21:54:57 - mmengine - INFO - Epoch(train) [8][ 600/1294]  base_lr: 7.6376e-06 lr: 7.6376e-06  eta: 0:05:28  time: 0.4842  data_time: 0.0041  memory: 5423  grad_norm: 266.1737  loss: 108.2436  loss_cls: 35.3761  loss_bbox: 37.0246  loss_dfl: 35.8429
06/21 21:55:21 - mmengine - INFO - Epoch(train) [8][ 650/1294]  base_lr: 7.1594e-06 lr: 7.1594e-06  eta: 0:05:04  time: 0.4688  data_time: 0.0047  memory: 5496  grad_norm: 274.0784  loss: 109.2999  loss_cls: 36.1783  loss_bbox: 37.5037  loss_dfl: 35.6179
06/21 21:55:44 - mmengine - INFO - Epoch(train) [8][ 700/1294]  base_lr: 6.6812e-06 lr: 6.6812e-06  eta: 0:04:40  time: 0.4690  data_time: 0.0039  memory: 5396  grad_norm: 264.5403  loss: 109.9468  loss_cls: 36.9041  loss_bbox: 37.7398  loss_dfl: 35.3029
06/21 21:56:08 - mmengine - INFO - Epoch(train) [8][ 750/1294]  base_lr: 6.2030e-06 lr: 6.2030e-06  eta: 0:04:17  time: 0.4803  data_time: 0.0038  memory: 5650  grad_norm: 275.8509  loss: 112.0855  loss_cls: 37.2250  loss_bbox: 38.5148  loss_dfl: 36.3457
06/21 21:56:32 - mmengine - INFO - Epoch(train) [8][ 800/1294]  base_lr: 5.7248e-06 lr: 5.7248e-06  eta: 0:03:53  time: 0.4691  data_time: 0.0040  memory: 5410  grad_norm: 269.3624  loss: 107.8071  loss_cls: 34.4168  loss_bbox: 37.7249  loss_dfl: 35.6654
06/21 21:56:55 - mmengine - INFO - Epoch(train) [8][ 850/1294]  base_lr: 5.2465e-06 lr: 5.2465e-06  eta: 0:03:29  time: 0.4673  data_time: 0.0038  memory: 5283  grad_norm: 287.4878  loss: 109.4278  loss_cls: 35.5317  loss_bbox: 38.0071  loss_dfl: 35.8890
06/21 21:57:19 - mmengine - INFO - Epoch(train) [8][ 900/1294]  base_lr: 4.7683e-06 lr: 4.7683e-06  eta: 0:03:06  time: 0.4807  data_time: 0.0038  memory: 5483  grad_norm: 273.1692  loss: 108.7659  loss_cls: 36.0084  loss_bbox: 37.8577  loss_dfl: 34.8998
06/21 21:57:39 - mmengine - INFO - Exp name: wedetect_base_3stage_s1_20260621_201944
06/21 21:57:42 - mmengine - INFO - Epoch(train) [8][ 950/1294]  base_lr: 4.2901e-06 lr: 4.2901e-06  eta: 0:02:42  time: 0.4687  data_time: 0.0040  memory: 5303  grad_norm: 282.2533  loss: 110.6654  loss_cls: 36.5176  loss_bbox: 38.3607  loss_dfl: 35.7871
06/21 21:58:06 - mmengine - INFO - Epoch(train) [8][1000/1294]  base_lr: 3.8119e-06 lr: 3.8119e-06  eta: 0:02:18  time: 0.4814  data_time: 0.0040  memory: 5403  grad_norm: 295.9208  loss: 110.9806  loss_cls: 36.1502  loss_bbox: 38.8395  loss_dfl: 35.9909
06/21 21:58:30 - mmengine - INFO - Epoch(train) [8][1050/1294]  base_lr: 3.3337e-06 lr: 3.3337e-06  eta: 0:01:55  time: 0.4696  data_time: 0.0039  memory: 5343  grad_norm: 282.1942  loss: 109.3125  loss_cls: 36.3858  loss_bbox: 37.6935  loss_dfl: 35.2332
06/21 21:58:53 - mmengine - INFO - Epoch(train) [8][1100/1294]  base_lr: 2.8555e-06 lr: 2.8555e-06  eta: 0:01:31  time: 0.4681  data_time: 0.0039  memory: 5410  grad_norm: 277.2966  loss: 111.0337  loss_cls: 37.0180  loss_bbox: 38.1623  loss_dfl: 35.8534
06/21 21:59:17 - mmengine - INFO - Epoch(train) [8][1150/1294]  base_lr: 2.3773e-06 lr: 2.3773e-06  eta: 0:01:08  time: 0.4799  data_time: 0.0037  memory: 5423  grad_norm: 276.1142  loss: 106.9775  loss_cls: 34.4943  loss_bbox: 36.8741  loss_dfl: 35.6090
06/21 21:59:41 - mmengine - INFO - Epoch(train) [8][1200/1294]  base_lr: 1.8990e-06 lr: 1.8990e-06  eta: 0:00:44  time: 0.4690  data_time: 0.0037  memory: 5530  grad_norm: 284.8778  loss: 111.0901  loss_cls: 36.9563  loss_bbox: 38.3989  loss_dfl: 35.7350
06/21 22:00:04 - mmengine - INFO - Epoch(train) [8][1250/1294]  base_lr: 1.4208e-06 lr: 1.4208e-06  eta: 0:00:20  time: 0.4670  data_time: 0.0037  memory: 5443  grad_norm: 271.2323  loss: 108.9986  loss_cls: 35.5720  loss_bbox: 37.8286  loss_dfl: 35.5981
06/21 22:00:25 - mmengine - INFO - Exp name: wedetect_base_3stage_s1_20260621_201944
06/21 22:00:25 - mmengine - INFO - Saving checkpoint at 8 epochs
06/21 22:00:33 - mmengine - INFO - Epoch(val) [8][  50/2587]    eta: 0:02:44  time: 0.0649  data_time: 0.0172  memory: 5350  
06/21 22:00:35 - mmengine - INFO - Epoch(val) [8][ 100/2587]    eta: 0:02:23  time: 0.0508  data_time: 0.0026  memory: 1856  
06/21 22:00:38 - mmengine - INFO - Epoch(val) [8][ 150/2587]    eta: 0:02:13  time: 0.0487  data_time: 0.0003  memory: 1856  
06/21 22:00:42 - mmengine - INFO - Epoch(val) [8][ 200/2587]    eta: 0:02:28  time: 0.0838  data_time: 0.0373  memory: 1856  
06/21 22:00:44 - mmengine - INFO - Epoch(val) [8][ 250/2587]    eta: 0:02:18  time: 0.0481  data_time: 0.0002  memory: 1856  
06/21 22:00:47 - mmengine - INFO - Epoch(val) [8][ 300/2587]    eta: 0:02:11  time: 0.0483  data_time: 0.0003  memory: 1856  
06/21 22:00:49 - mmengine - INFO - Epoch(val) [8][ 350/2587]    eta: 0:02:05  time: 0.0479  data_time: 0.0002  memory: 1856  
06/21 22:00:52 - mmengine - INFO - Epoch(val) [8][ 400/2587]    eta: 0:02:00  time: 0.0481  data_time: 0.0002  memory: 1856  
06/21 22:00:54 - mmengine - INFO - Epoch(val) [8][ 450/2587]    eta: 0:01:56  time: 0.0482  data_time: 0.0003  memory: 1856  
06/21 22:00:57 - mmengine - INFO - Epoch(val) [8][ 500/2587]    eta: 0:01:52  time: 0.0485  data_time: 0.0002  memory: 1856  
06/21 22:00:59 - mmengine - INFO - Epoch(val) [8][ 550/2587]    eta: 0:01:48  time: 0.0482  data_time: 0.0002  memory: 1856  
06/21 22:01:01 - mmengine - INFO - Epoch(val) [8][ 600/2587]    eta: 0:01:44  time: 0.0481  data_time: 0.0002  memory: 1856  
06/21 22:01:04 - mmengine - INFO - Epoch(val) [8][ 650/2587]    eta: 0:01:41  time: 0.0483  data_time: 0.0002  memory: 1856  
06/21 22:01:06 - mmengine - INFO - Epoch(val) [8][ 700/2587]    eta: 0:01:38  time: 0.0483  data_time: 0.0002  memory: 1856  
06/21 22:01:09 - mmengine - INFO - Epoch(val) [8][ 750/2587]    eta: 0:01:35  time: 0.0483  data_time: 0.0002  memory: 1856  
06/21 22:01:11 - mmengine - INFO - Epoch(val) [8][ 800/2587]    eta: 0:01:32  time: 0.0482  data_time: 0.0002  memory: 1856  
06/21 22:01:13 - mmengine - INFO - Epoch(val) [8][ 850/2587]    eta: 0:01:29  time: 0.0482  data_time: 0.0002  memory: 1856  
06/21 22:01:16 - mmengine - INFO - Epoch(val) [8][ 900/2587]    eta: 0:01:26  time: 0.0481  data_time: 0.0002  memory: 1856  
06/21 22:01:18 - mmengine - INFO - Epoch(val) [8][ 950/2587]    eta: 0:01:23  time: 0.0482  data_time: 0.0002  memory: 1856  
06/21 22:01:21 - mmengine - INFO - Epoch(val) [8][1000/2587]    eta: 0:01:20  time: 0.0482  data_time: 0.0002  memory: 1856  
06/21 22:01:23 - mmengine - INFO - Epoch(val) [8][1050/2587]    eta: 0:01:18  time: 0.0483  data_time: 0.0003  memory: 1856  
06/21 22:01:26 - mmengine - INFO - Epoch(val) [8][1100/2587]    eta: 0:01:15  time: 0.0484  data_time: 0.0002  memory: 1856  
06/21 22:01:28 - mmengine - INFO - Epoch(val) [8][1150/2587]    eta: 0:01:12  time: 0.0484  data_time: 0.0003  memory: 1856  
06/21 22:01:30 - mmengine - INFO - Epoch(val) [8][1200/2587]    eta: 0:01:10  time: 0.0483  data_time: 0.0003  memory: 1856  
06/21 22:01:33 - mmengine - INFO - Epoch(val) [8][1250/2587]    eta: 0:01:07  time: 0.0485  data_time: 0.0002  memory: 1856  
06/21 22:01:35 - mmengine - INFO - Epoch(val) [8][1300/2587]    eta: 0:01:04  time: 0.0488  data_time: 0.0003  memory: 1856  
06/21 22:01:38 - mmengine - INFO - Epoch(val) [8][1350/2587]    eta: 0:01:02  time: 0.0489  data_time: 0.0003  memory: 1856  
06/21 22:01:40 - mmengine - INFO - Epoch(val) [8][1400/2587]    eta: 0:00:59  time: 0.0485  data_time: 0.0003  memory: 1856  
06/21 22:01:43 - mmengine - INFO - Epoch(val) [8][1450/2587]    eta: 0:00:57  time: 0.0487  data_time: 0.0003  memory: 1856  
06/21 22:01:45 - mmengine - INFO - Epoch(val) [8][1500/2587]    eta: 0:00:54  time: 0.0489  data_time: 0.0004  memory: 1856  
06/21 22:01:47 - mmengine - INFO - Epoch(val) [8][1550/2587]    eta: 0:00:51  time: 0.0487  data_time: 0.0003  memory: 1856  
06/21 22:01:50 - mmengine - INFO - Epoch(val) [8][1600/2587]    eta: 0:00:49  time: 0.0484  data_time: 0.0003  memory: 1856  
06/21 22:01:52 - mmengine - INFO - Epoch(val) [8][1650/2587]    eta: 0:00:46  time: 0.0485  data_time: 0.0003  memory: 1856  
06/21 22:01:55 - mmengine - INFO - Epoch(val) [8][1700/2587]    eta: 0:00:44  time: 0.0488  data_time: 0.0003  memory: 1856  
06/21 22:01:57 - mmengine - INFO - Epoch(val) [8][1750/2587]    eta: 0:00:41  time: 0.0495  data_time: 0.0011  memory: 1856  
06/21 22:02:00 - mmengine - INFO - Epoch(val) [8][1800/2587]    eta: 0:00:39  time: 0.0509  data_time: 0.0030  memory: 1856  
06/21 22:02:02 - mmengine - INFO - Epoch(val) [8][1850/2587]    eta: 0:00:36  time: 0.0485  data_time: 0.0003  memory: 1856  
06/21 22:02:05 - mmengine - INFO - Epoch(val) [8][1900/2587]    eta: 0:00:34  time: 0.0483  data_time: 0.0003  memory: 1856  
06/21 22:02:07 - mmengine - INFO - Epoch(val) [8][1950/2587]    eta: 0:00:31  time: 0.0483  data_time: 0.0003  memory: 1856  
06/21 22:02:09 - mmengine - INFO - Epoch(val) [8][2000/2587]    eta: 0:00:29  time: 0.0487  data_time: 0.0003  memory: 1856  
06/21 22:02:12 - mmengine - INFO - Epoch(val) [8][2050/2587]    eta: 0:00:26  time: 0.0484  data_time: 0.0003  memory: 1856  
06/21 22:02:14 - mmengine - INFO - Epoch(val) [8][2100/2587]    eta: 0:00:24  time: 0.0487  data_time: 0.0003  memory: 1856  
06/21 22:02:17 - mmengine - INFO - Epoch(val) [8][2150/2587]    eta: 0:00:21  time: 0.0486  data_time: 0.0003  memory: 1856  
06/21 22:02:19 - mmengine - INFO - Epoch(val) [8][2200/2587]    eta: 0:00:19  time: 0.0483  data_time: 0.0002  memory: 1856  
06/21 22:02:22 - mmengine - INFO - Epoch(val) [8][2250/2587]    eta: 0:00:16  time: 0.0534  data_time: 0.0053  memory: 1856  
06/21 22:02:24 - mmengine - INFO - Epoch(val) [8][2300/2587]    eta: 0:00:14  time: 0.0484  data_time: 0.0003  memory: 1856  
06/21 22:02:27 - mmengine - INFO - Epoch(val) [8][2350/2587]    eta: 0:00:11  time: 0.0488  data_time: 0.0003  memory: 1856  
06/21 22:02:29 - mmengine - INFO - Epoch(val) [8][2400/2587]    eta: 0:00:09  time: 0.0486  data_time: 0.0003  memory: 1856  
06/21 22:02:32 - mmengine - INFO - Epoch(val) [8][2450/2587]    eta: 0:00:06  time: 0.0486  data_time: 0.0003  memory: 1856  
06/21 22:02:34 - mmengine - INFO - Epoch(val) [8][2500/2587]    eta: 0:00:04  time: 0.0484  data_time: 0.0003  memory: 1856  
06/21 22:02:36 - mmengine - INFO - Epoch(val) [8][2550/2587]    eta: 0:00:01  time: 0.0487  data_time: 0.0002  memory: 1856  
06/21 22:02:55 - mmengine - INFO - Evaluating bbox...
Loading and preparing results...
DONE (t=4.50s)
creating index...
index created!
Running per image evaluation...
Evaluate annotation type *bbox*
DONE (t=66.30s).
Accumulating evaluation results...
DONE (t=24.68s).
 Average Precision  (AP) @[ IoU=0.50:0.95 | area=   all | maxDets=100 ] = 0.388
 Average Precision  (AP) @[ IoU=0.50      | area=   all | maxDets=1000 ] = 0.546
 Average Precision  (AP) @[ IoU=0.75      | area=   all | maxDets=1000 ] = 0.451
 Average Precision  (AP) @[ IoU=0.50:0.95 | area= small | maxDets=1000 ] = 0.143
 Average Precision  (AP) @[ IoU=0.50:0.95 | area=medium | maxDets=1000 ] = 0.355
 Average Precision  (AP) @[ IoU=0.50:0.95 | area= large | maxDets=1000 ] = 0.452
 Average Recall     (AR) @[ IoU=0.50:0.95 | area=   all | maxDets=100 ] = 0.700
 Average Recall     (AR) @[ IoU=0.50:0.95 | area=   all | maxDets=300 ] = 0.701
 Average Recall     (AR) @[ IoU=0.50:0.95 | area=   all | maxDets=1000 ] = 0.701
 Average Recall     (AR) @[ IoU=0.50:0.95 | area= small | maxDets=1000 ] = 0.276
 Average Recall     (AR) @[ IoU=0.50:0.95 | area=medium | maxDets=1000 ] = 0.669
 Average Recall     (AR) @[ IoU=0.50:0.95 | area= large | maxDets=1000 ] = 0.760
06/21 22:04:38 - mmengine - INFO - bbox_mAP_copypaste: 0.388 0.546 0.451 0.143 0.355 0.452
06/21 22:04:40 - mmengine - INFO - Epoch(val) [8][2587/2587]    coco/bbox_mAP: 0.3880  coco/bbox_mAP_50: 0.5460  coco/bbox_mAP_75: 0.4510  coco/bbox_mAP_s: 0.1430  coco/bbox_mAP_m: 0.3550  coco/bbox_mAP_l: 0.4520  data_time: 0.0015  time: 0.0497
06/21 22:04:40 - mmengine - INFO - The previous best checkpoint /home/siyuan/projects/LLMs/OralDetect-Family/WeDetect_repro/WeDetect/work_dirs/base3stage_s1/best_coco_bbox_mAP_epoch_7.pth is removed
06/21 22:04:44 - mmengine - INFO - The best checkpoint with 0.3880 coco/bbox_mAP at 8 epoch is saved to best_coco_bbox_mAP_epoch_8.pth.
[rank0]:[W621 22:04:59.774607723 ProcessGroupNCCL.cpp:1250] Warning: WARNING: process group has NOT been destroyed before we destruct ProcessGroupNCCL. On normal program exit, the application should call destroy_process_group to ensure that any pending NCCL operations have finished in this process. In rare cases this process can exit before this point and block the progress of another member of the process group. This constraint has always been present,  but this warning has only been added since PyTorch 2.4 (function operator())
########## BASE STAGE 2 (freeze towers, consolidate, lr3e-5, 4ep) ##########
W0621 22:05:02.366000 2710019 site-packages/torch/distributed/run.py:793] 
W0621 22:05:02.366000 2710019 site-packages/torch/distributed/run.py:793] *****************************************
W0621 22:05:02.366000 2710019 site-packages/torch/distributed/run.py:793] Setting OMP_NUM_THREADS environment variable for each process to be 1 in default, to avoid your system being overloaded, please further tune the variable for optimal performance in your application as needed. 
W0621 22:05:02.366000 2710019 site-packages/torch/distributed/run.py:793] *****************************************
/home/siyuan/anaconda3/envs/wedetect_official/lib/python3.10/site-packages/mmengine/optim/optimizer/zero_optimizer.py:11: DeprecationWarning: `TorchScript` support for functional optimizers is deprecated and will be removed in a future PyTorch release. Consider using the `torch.compile` optimizer instead.
  from torch.distributed.optim import \
/home/siyuan/anaconda3/envs/wedetect_official/lib/python3.10/site-packages/mmengine/optim/optimizer/zero_optimizer.py:11: DeprecationWarning: `TorchScript` support for functional optimizers is deprecated and will be removed in a future PyTorch release. Consider using the `torch.compile` optimizer instead.
  from torch.distributed.optim import \
/home/siyuan/anaconda3/envs/wedetect_official/lib/python3.10/site-packages/mmengine/optim/optimizer/zero_optimizer.py:11: DeprecationWarning: `TorchScript` support for functional optimizers is deprecated and will be removed in a future PyTorch release. Consider using the `torch.compile` optimizer instead.
  from torch.distributed.optim import \
/home/siyuan/anaconda3/envs/wedetect_official/lib/python3.10/site-packages/mmengine/optim/optimizer/zero_optimizer.py:11: DeprecationWarning: `TorchScript` support for functional optimizers is deprecated and will be removed in a future PyTorch release. Consider using the `torch.compile` optimizer instead.
  from torch.distributed.optim import \
/home/siyuan/.local/lib/python3.10/site-packages/fairscale/experimental/nn/offload.py:19: FutureWarning: `torch.cuda.amp.custom_fwd(args...)` is deprecated. Please use `torch.amp.custom_fwd(args..., device_type='cuda')` instead.
  return torch.cuda.amp.custom_fwd(orig_func)  # type: ignore
/home/siyuan/.local/lib/python3.10/site-packages/fairscale/experimental/nn/offload.py:30: FutureWarning: `torch.cuda.amp.custom_bwd(args...)` is deprecated. Please use `torch.amp.custom_bwd(args..., device_type='cuda')` instead.
  return torch.cuda.amp.custom_bwd(orig_func)  # type: ignore
/home/siyuan/.local/lib/python3.10/site-packages/fairscale/experimental/nn/offload.py:19: FutureWarning: `torch.cuda.amp.custom_fwd(args...)` is deprecated. Please use `torch.amp.custom_fwd(args..., device_type='cuda')` instead.
  return torch.cuda.amp.custom_fwd(orig_func)  # type: ignore
/home/siyuan/.local/lib/python3.10/site-packages/fairscale/experimental/nn/offload.py:30: FutureWarning: `torch.cuda.amp.custom_bwd(args...)` is deprecated. Please use `torch.amp.custom_bwd(args..., device_type='cuda')` instead.
  return torch.cuda.amp.custom_bwd(orig_func)  # type: ignore
/home/siyuan/.local/lib/python3.10/site-packages/fairscale/experimental/nn/offload.py:19: FutureWarning: `torch.cuda.amp.custom_fwd(args...)` is deprecated. Please use `torch.amp.custom_fwd(args..., device_type='cuda')` instead.
  return torch.cuda.amp.custom_fwd(orig_func)  # type: ignore
/home/siyuan/.local/lib/python3.10/site-packages/fairscale/experimental/nn/offload.py:19: FutureWarning: `torch.cuda.amp.custom_fwd(args...)` is deprecated. Please use `torch.amp.custom_fwd(args..., device_type='cuda')` instead.
  return torch.cuda.amp.custom_fwd(orig_func)  # type: ignore
/home/siyuan/.local/lib/python3.10/site-packages/fairscale/experimental/nn/offload.py:30: FutureWarning: `torch.cuda.amp.custom_bwd(args...)` is deprecated. Please use `torch.amp.custom_bwd(args..., device_type='cuda')` instead.
  return torch.cuda.amp.custom_bwd(orig_func)  # type: ignore
/home/siyuan/.local/lib/python3.10/site-packages/fairscale/experimental/nn/offload.py:30: FutureWarning: `torch.cuda.amp.custom_bwd(args...)` is deprecated. Please use `torch.amp.custom_bwd(args..., device_type='cuda')` instead.
  return torch.cuda.amp.custom_bwd(orig_func)  # type: ignore
/home/siyuan/anaconda3/envs/wedetect_official/lib/python3.10/site-packages/mmengine/utils/dl_utils/setup_env.py:56: UserWarning: Setting MKL_NUM_THREADS environment variable for each process to be 1 in default, to avoid your system being overloaded, please further tune the variable for optimal performance in your application as needed.
  warnings.warn(
/home/siyuan/anaconda3/envs/wedetect_official/lib/python3.10/site-packages/mmengine/utils/dl_utils/setup_env.py:56: UserWarning: Setting MKL_NUM_THREADS environment variable for each process to be 1 in default, to avoid your system being overloaded, please further tune the variable for optimal performance in your application as needed.
  warnings.warn(
/home/siyuan/anaconda3/envs/wedetect_official/lib/python3.10/site-packages/mmengine/utils/dl_utils/setup_env.py:56: UserWarning: Setting MKL_NUM_THREADS environment variable for each process to be 1 in default, to avoid your system being overloaded, please further tune the variable for optimal performance in your application as needed.
  warnings.warn(
/home/siyuan/anaconda3/envs/wedetect_official/lib/python3.10/site-packages/mmengine/utils/dl_utils/setup_env.py:56: UserWarning: Setting MKL_NUM_THREADS environment variable for each process to be 1 in default, to avoid your system being overloaded, please further tune the variable for optimal performance in your application as needed.
  warnings.warn(
06/21 22:05:07 - mmengine - INFO - 
------------------------------------------------------------
System environment:
    sys.platform: linux
    Python: 3.10.20 (main, Jun 11 2026, 15:17:37) [GCC 14.3.0]
    CUDA available: True
    MUSA available: False
    numpy_random_seed: 558294291
    GPU 0,1,2,3: NVIDIA RTX A6000
    CUDA_HOME: /usr/local/cuda-11.3
    NVCC: Cuda compilation tools, release 11.3, V11.3.109
    GCC: gcc (Ubuntu 9.5.0-1ubuntu1~22.04) 9.5.0
    PyTorch: 2.5.1+cu124
    PyTorch compiling details: PyTorch built with:
  - GCC 9.3
  - C++ Version: 201703
  - Intel(R) oneAPI Math Kernel Library Version 2024.2-Product Build 20240605 for Intel(R) 64 architecture applications
  - Intel(R) MKL-DNN v3.5.3 (Git Hash 66f0cb9eb66affd2da3bf5f8d897376f04aae6af)
  - OpenMP 201511 (a.k.a. OpenMP 4.5)
  - LAPACK is enabled (usually provided by MKL)
  - NNPACK is enabled
  - CPU capability usage: AVX2
  - CUDA Runtime 12.4
  - NVCC architecture flags: -gencode;arch=compute_50,code=sm_50;-gencode;arch=compute_60,code=sm_60;-gencode;arch=compute_70,code=sm_70;-gencode;arch=compute_75,code=sm_75;-gencode;arch=compute_80,code=sm_80;-gencode;arch=compute_86,code=sm_86;-gencode;arch=compute_90,code=sm_90
  - CuDNN 90.1
  - Magma 2.6.1
  - Build settings: BLAS_INFO=mkl, BUILD_TYPE=Release, CUDA_VERSION=12.4, CUDNN_VERSION=9.1.0, CXX_COMPILER=/opt/rh/devtoolset-9/root/usr/bin/c++, CXX_FLAGS= -D_GLIBCXX_USE_CXX11_ABI=0 -fabi-version=11 -fvisibility-inlines-hidden -DUSE_PTHREADPOOL -DNDEBUG -DUSE_KINETO -DLIBKINETO_NOROCTRACER -DLIBKINETO_NOXPUPTI=ON -DUSE_FBGEMM -DUSE_PYTORCH_QNNPACK -DUSE_XNNPACK -DSYMBOLICATE_MOBILE_DEBUG_HANDLE -O2 -fPIC -Wall -Wextra -Werror=return-type -Werror=non-virtual-dtor -Werror=bool-operation -Wnarrowing -Wno-missing-field-initializers -Wno-type-limits -Wno-array-bounds -Wno-unknown-pragmas -Wno-unused-parameter -Wno-strict-overflow -Wno-strict-aliasing -Wno-stringop-overflow -Wsuggest-override -Wno-psabi -Wno-error=old-style-cast -Wno-missing-braces -fdiagnostics-color=always -faligned-new -Wno-unused-but-set-variable -Wno-maybe-uninitialized -fno-math-errno -fno-trapping-math -Werror=format -Wno-stringop-overflow, LAPACK_INFO=mkl, PERF_WITH_AVX=1, PERF_WITH_AVX2=1, TORCH_VERSION=2.5.1, USE_CUDA=ON, USE_CUDNN=ON, USE_CUSPARSELT=1, USE_EXCEPTION_PTR=1, USE_GFLAGS=OFF, USE_GLOG=OFF, USE_GLOO=ON, USE_MKL=ON, USE_MKLDNN=ON, USE_MPI=OFF, USE_NCCL=1, USE_NNPACK=ON, USE_OPENMP=ON, USE_ROCM=OFF, USE_ROCM_KERNEL_ASSERT=OFF, 

    TorchVision: 0.20.1+cu124
    OpenCV: 4.10.0
    MMEngine: 0.10.7

Runtime environment:
    cudnn_benchmark: False
    mp_cfg: {'mp_start_method': 'fork', 'opencv_num_threads': 0}
    dist_cfg: {'backend': 'nccl'}
    seed: 558294291
    Distributed launcher: pytorch
    Distributed training: True
    GPU number: 4
------------------------------------------------------------

06/21 22:05:09 - mmengine - INFO - Config:
CLASS_NAMES = '/home/siyuan/projects/LLMs/OralDetect-Family/OralDetect/datas/class_names_en.json'
CLASS_TEXT = '/home/siyuan/projects/LLMs/OralDetect-Family/OralDetect/datas/class_texts_en.json'
DATAS = '/home/siyuan/projects/LLMs/OralDetect-Family/OralDetect/datas'
DATA_ROOT = '/nfs_share/public/OralGPT/oralgpt-detect-all/coco_format/'
TEST_ANN = '/home/siyuan/projects/LLMs/OralDetect-Family/OralDetect/datas/instances_test.json'
TRAIN_ANN = '/home/siyuan/projects/LLMs/OralDetect-Family/OralDetect/datas/instances_train.json'
affine_scale = 0.5
albu_train_transforms = [
    dict(p=0.01, type='Blur'),
    dict(p=0.01, type='MedianBlur'),
    dict(p=0.01, type='ToGray'),
    dict(p=0.01, type='CLAHE'),
]
backend_args = None
base_lr = 3e-05
close_mosaic_epochs = 4
coco_evaluator = dict(
    ann_file='data/coco/annotations/instances_val2017.json',
    metric='bbox',
    type='CocoMetric')
coco_val_dataset = dict(
    class_text_path='data/texts/coco_zh_class_texts.json',
    dataset=dict(
        ann_file='data/coco/annotations/instances_val2017.json',
        batch_shapes_cfg=None,
        data_prefix=dict(img='val2017'),
        data_root='data/coco/',
        test_mode=True,
        type='WeCocoDataset'),
    pipeline=[
        dict(backend_args=None, type='LoadImageFromFile'),
        dict(scale=(
            640,
            640,
        ), type='WeDetectKeepRatioResize'),
        dict(
            allow_scale_up=False,
            pad_val=dict(img=114),
            scale=(
                640,
                640,
            ),
            type='WeDetectLetterResize'),
        dict(_scope_='mmdet', type='LoadAnnotations', with_bbox=True),
        dict(type='LoadText'),
        dict(
            meta_keys=(
                'img_id',
                'img_path',
                'ori_shape',
                'img_shape',
                'scale_factor',
                'pad_param',
                'texts',
            ),
            type='PackDetInputs'),
    ],
    type='MultiModalDataset')
custom_hooks = []
custom_imports = dict(
    allow_failed_imports=False, imports=[
        'wedetect',
    ])
default_hooks = dict(
    checkpoint=dict(
        interval=1,
        max_keep_ckpts=3,
        save_best='coco/bbox_mAP',
        type='CheckpointHook'),
    logger=dict(interval=50, type='LoggerHook'),
    param_scheduler=dict(type='ParamSchedulerHook'),
    sampler_seed=dict(type='DistSamplerSeedHook'),
    timer=dict(type='IterTimerHook'),
    visualization=dict(type='mmdet.DetVisualizationHook'))
default_scope = 'mmdet'
dist_cfg = dict(backend='nccl', timeout=10800)
env_cfg = dict(
    cudnn_benchmark=False,
    dist_cfg=dict(backend='nccl'),
    mp_cfg=dict(mp_start_method='fork', opencv_num_threads=0))
find_unused_parameters = True
img_scale = (
    640,
    640,
)
launcher = 'pytorch'
load_from = 'work_dirs/base3stage_s1/epoch_8.pth'
log_level = 'INFO'
log_processor = dict(by_epoch=True, type='LogProcessor', window_size=50)
loss_bbox_weight = 7.5
loss_cls_weight = 0.5
loss_dfl_weight = 0.375
lvis_minival_dataset = dict(
    class_text_path='data/texts/lvis_v1_zh_class_texts.json',
    dataset=dict(
        ann_file='data/lvis/lvis_v1_minival_inserted_image_name.json',
        batch_shapes_cfg=None,
        data_prefix=dict(img=''),
        data_root='data/coco/',
        test_mode=True,
        type='YOLOv5LVISV1Dataset'),
    pipeline=[
        dict(backend_args=None, type='LoadImageFromFile'),
        dict(scale=(
            640,
            640,
        ), type='WeDetectKeepRatioResize'),
        dict(
            allow_scale_up=False,
            pad_val=dict(img=114),
            scale=(
                640,
                640,
            ),
            type='WeDetectLetterResize'),
        dict(_scope_='mmdet', type='LoadAnnotations', with_bbox=True),
        dict(type='LoadText'),
        dict(
            meta_keys=(
                'img_id',
                'img_path',
                'ori_shape',
                'img_shape',
                'scale_factor',
                'pad_param',
                'texts',
            ),
            type='PackDetInputs'),
    ],
    type='MultiModalDataset')
lvis_minival_evaluator = dict(
    ann_file='data/lvis/lvis_v1_minival_inserted_image_name.json',
    metric='bbox',
    type='LVISMetric')
lvis_od_val_dataset = dict(
    class_text_path='data/texts/lvis_v1_zh_class_texts.json',
    dataset=dict(
        ann_file='data/lvis/lvis_od_val.json',
        batch_shapes_cfg=None,
        data_prefix=dict(img=''),
        data_root='data/coco/',
        test_mode=True,
        type='YOLOv5LVISV1Dataset'),
    pipeline=[
        dict(backend_args=None, type='LoadImageFromFile'),
        dict(scale=(
            640,
            640,
        ), type='WeDetectKeepRatioResize'),
        dict(
            allow_scale_up=False,
            pad_val=dict(img=114),
            scale=(
                640,
                640,
            ),
            type='WeDetectLetterResize'),
        dict(_scope_='mmdet', type='LoadAnnotations', with_bbox=True),
        dict(type='LoadText'),
        dict(
            meta_keys=(
                'img_id',
                'img_path',
                'ori_shape',
                'img_shape',
                'scale_factor',
                'pad_param',
                'texts',
            ),
            type='PackDetInputs'),
    ],
    type='MultiModalDataset')
lvis_od_val_evaluator = dict(
    ann_file='data/lvis/lvis_od_val.json', metric='bbox', type='LVISMetric')
max_epochs = 4
metainfo = dict(
    classes=(
        'abnormal oral epithelial cell',
        'alveolar bone loss',
        'anterior teeth with fluorosis',
        'anterior teeth without fluorosis',
        'blood cell',
        'canine',
        'central incisor',
        'craniofacial or oral anomaly',
        'deep dental caries',
        'dental abrasion',
        'dental caries',
        'dental crown restoration',
        'dental filling',
        'dental implant',
        'dental opacity',
        'dental restoration',
        'dividing oral cell',
        'first molar',
        'first premolar',
        'foreign object or debris',
        'grade I oral cytology (normal)',
        'grade II oral cytology (atypical)',
        'grade III oral cytology (suspicious)',
        'grade IV oral cytology (malignant)',
        'impacted tooth',
        'impacted wisdom tooth',
        'intraoral appliance',
        'lateral incisor',
        'malaligned tooth',
        'mandibular canal',
        'maxillary sinus',
        'missing or residual root',
        'missing teeth',
        'normal oral mucosa',
        'normal oral tissue',
        'oral squamous cell carcinoma tumor',
        'orthodontic bracket',
        'out-of-focus cell',
        'periapical abscess',
        'periapical cyst',
        'periapical granuloma',
        'periapical lesion',
        'quadrant 1 (upper right)',
        'quadrant 2 (upper left)',
        'quadrant 3 (lower left)',
        'quadrant 4 (lower right)',
        'reactive oral cell',
        'restoration with secondary caries',
        'retained root',
        'root canal treatment',
        'root piece',
        'second molar',
        'second premolar',
        'severe gingivitis',
        'tooth',
        'tooth 11 (upper right central incisor)',
        'tooth 12 (upper right lateral incisor)',
        'tooth 13 (upper right canine)',
        'tooth 14 (upper right first premolar)',
        'tooth 15 (upper right second premolar)',
        'tooth 16 (upper right first molar)',
        'tooth 17 (upper right second molar)',
        'tooth 18 (upper right third molar)',
        'tooth 21 (upper left central incisor)',
        'tooth 22 (upper left lateral incisor)',
        'tooth 23 (upper left canine)',
        'tooth 24 (upper left first premolar)',
        'tooth 25 (upper left second premolar)',
        'tooth 26 (upper left first molar)',
        'tooth 27 (upper left second molar)',
        'tooth 28 (upper left third molar)',
        'tooth 31 (lower left central incisor)',
        'tooth 32 (lower left lateral incisor)',
        'tooth 33 (lower left canine)',
        'tooth 34 (lower left first premolar)',
        'tooth 35 (lower left second premolar)',
        'tooth 36 (lower left first molar)',
        'tooth 37 (lower left second molar)',
        'tooth 38 (lower left third molar)',
        'tooth 41 (lower right central incisor)',
        'tooth 42 (lower right lateral incisor)',
        'tooth 43 (lower right canine)',
        'tooth 44 (lower right first premolar)',
        'tooth 45 (lower right second premolar)',
        'tooth 46 (lower right first molar)',
        'tooth 47 (lower right second molar)',
        'tooth 48 (lower right third molar)',
        'tooth erosion',
        'tooth malformation',
        'treated tooth',
        'unclassified cell',
    ))
mixup_prob = 0.15
model = dict(
    backbone=dict(
        image_model=dict(
            frozen_modules=[
                'all',
            ],
            model_name='base',
            type='ConvNextVisionBackbone'),
        text_model=dict(
            frozen_modules=[
                'all',
            ],
            model_name='./xlm-roberta-base/',
            model_size='base',
            type='XLMRobertaLanguageBackbone'),
        type='MultiModalYOLOBackbone'),
    bbox_head=dict(
        bbox_coder=dict(type='WeDetectDistancePointBBoxCoder'),
        head_module=dict(
            embed_dims=768,
            in_channels=[
                256,
                512,
                1024,
            ],
            model_size='base',
            num_classes=91,
            type='YOLOWorldHeadModule',
            use_bn_head=True),
        loss_bbox=dict(
            bbox_format='xyxy',
            iou_mode='ciou',
            loss_weight=7.5,
            reduction='sum',
            return_iou=False,
            type='mmyoloIoULoss'),
        loss_cls=dict(
            loss_weight=0.5,
            reduction='none',
            type='CrossEntropyLoss',
            use_sigmoid=True),
        loss_dfl=dict(
            loss_weight=0.375, reduction='mean', type='DistributionFocalLoss'),
        prior_generator=dict(
            offset=0.5, strides=[
                8,
                16,
                32,
            ], type='MlvlPointGenerator'),
        type='YOLOWorldHead'),
    data_preprocessor=dict(
        bgr_to_rgb=True,
        mean=[
            0.0,
            0.0,
            0.0,
        ],
        std=[
            255.0,
            255.0,
            255.0,
        ],
        type='YOLOWDetDataPreprocessor'),
    mm_neck=False,
    neck=dict(model_size='base', scale_factor=1.0, type='CSPRepBiFPANNeck'),
    num_test_classes=91,
    num_train_classes=91,
    test_cfg=dict(
        max_per_img=300,
        multi_label=True,
        nms=dict(iou_threshold=0.7, type='nms'),
        nms_pre=30000,
        score_thr=0.001),
    train_cfg=dict(
        assigner=dict(
            alpha=0.5,
            beta=6.0,
            eps=1e-09,
            num_classes=91,
            topk=10,
            type='BatchTaskAlignedAssigner',
            use_ciou=True)),
    type='YOLOWorldDetector')
model_test_cfg = dict(
    max_per_img=300,
    multi_label=True,
    nms=dict(iou_threshold=0.7, type='nms'),
    nms_pre=30000,
    score_thr=0.001)
mosaic_affine_transform = [
    dict(
        img_scale=(
            640,
            640,
        ),
        pad_val=114.0,
        pre_transform=[
            dict(backend_args=None, type='LoadImageFromFile'),
            dict(type='LoadAnnotations', with_bbox=True),
        ],
        type='MultiModalMosaic'),
    dict(
        border=(
            -320,
            -320,
        ),
        border_val=(
            114,
            114,
            114,
        ),
        max_aspect_ratio=100.0,
        max_rotate_degree=0.0,
        max_shear_degree=0.0,
        scaling_ratio_range=(
            0.5,
            1.5,
        ),
        type='WeDetectRandomAffine'),
]
neck_embed_channels = [
    128,
    256,
    512,
]
neck_num_heads = [
    4,
    8,
    16,
]
num_classes = 91
num_training_classes = 91
optim_wrapper = dict(
    clip_grad=dict(max_norm=10.0),
    constructor='YOLOWv5OptimizerConstructor',
    optimizer=dict(
        batch_size_per_gpu=8, lr=3e-05, type='AdamW', weight_decay=0.05),
    paramwise_cfg=dict(
        custom_keys=dict({
            'backbone.text_model': dict(lr_mult=0.01),
            'logit_scale': dict(weight_decay=0.0)
        })),
    type='OptimWrapper')
param_scheduler = [
    dict(
        begin=0,
        by_epoch=True,
        convert_to_iter_based=True,
        end=4,
        end_factor=0.01,
        start_factor=1.0,
        type='LinearLR'),
]
persistent_workers = True
pre_transform = [
    dict(backend_args=None, type='LoadImageFromFile'),
    dict(type='LoadAnnotations', with_bbox=True),
]
resume = False
save_epoch_intervals = 1
tal_alpha = 0.5
tal_beta = 6.0
tal_topk = 10
test_cfg = dict(type='TestLoop')
test_dataloader = dict(
    batch_size=1,
    dataset=dict(
        class_text_path=
        '/home/siyuan/projects/LLMs/OralDetect-Family/OralDetect/datas/class_texts_en.json',
        dataset=dict(
            ann_file=
            '/home/siyuan/projects/LLMs/OralDetect-Family/OralDetect/datas/instances_test.json',
            batch_shapes_cfg=None,
            data_prefix=dict(img='all2017/'),
            data_root=
            '/nfs_share/public/OralGPT/oralgpt-detect-all/coco_format/',
            metainfo=dict(
                classes=(
                    'abnormal oral epithelial cell',
                    'alveolar bone loss',
                    'anterior teeth with fluorosis',
                    'anterior teeth without fluorosis',
                    'blood cell',
                    'canine',
                    'central incisor',
                    'craniofacial or oral anomaly',
                    'deep dental caries',
                    'dental abrasion',
                    'dental caries',
                    'dental crown restoration',
                    'dental filling',
                    'dental implant',
                    'dental opacity',
                    'dental restoration',
                    'dividing oral cell',
                    'first molar',
                    'first premolar',
                    'foreign object or debris',
                    'grade I oral cytology (normal)',
                    'grade II oral cytology (atypical)',
                    'grade III oral cytology (suspicious)',
                    'grade IV oral cytology (malignant)',
                    'impacted tooth',
                    'impacted wisdom tooth',
                    'intraoral appliance',
                    'lateral incisor',
                    'malaligned tooth',
                    'mandibular canal',
                    'maxillary sinus',
                    'missing or residual root',
                    'missing teeth',
                    'normal oral mucosa',
                    'normal oral tissue',
                    'oral squamous cell carcinoma tumor',
                    'orthodontic bracket',
                    'out-of-focus cell',
                    'periapical abscess',
                    'periapical cyst',
                    'periapical granuloma',
                    'periapical lesion',
                    'quadrant 1 (upper right)',
                    'quadrant 2 (upper left)',
                    'quadrant 3 (lower left)',
                    'quadrant 4 (lower right)',
                    'reactive oral cell',
                    'restoration with secondary caries',
                    'retained root',
                    'root canal treatment',
                    'root piece',
                    'second molar',
                    'second premolar',
                    'severe gingivitis',
                    'tooth',
                    'tooth 11 (upper right central incisor)',
                    'tooth 12 (upper right lateral incisor)',
                    'tooth 13 (upper right canine)',
                    'tooth 14 (upper right first premolar)',
                    'tooth 15 (upper right second premolar)',
                    'tooth 16 (upper right first molar)',
                    'tooth 17 (upper right second molar)',
                    'tooth 18 (upper right third molar)',
                    'tooth 21 (upper left central incisor)',
                    'tooth 22 (upper left lateral incisor)',
                    'tooth 23 (upper left canine)',
                    'tooth 24 (upper left first premolar)',
                    'tooth 25 (upper left second premolar)',
                    'tooth 26 (upper left first molar)',
                    'tooth 27 (upper left second molar)',
                    'tooth 28 (upper left third molar)',
                    'tooth 31 (lower left central incisor)',
                    'tooth 32 (lower left lateral incisor)',
                    'tooth 33 (lower left canine)',
                    'tooth 34 (lower left first premolar)',
                    'tooth 35 (lower left second premolar)',
                    'tooth 36 (lower left first molar)',
                    'tooth 37 (lower left second molar)',
                    'tooth 38 (lower left third molar)',
                    'tooth 41 (lower right central incisor)',
                    'tooth 42 (lower right lateral incisor)',
                    'tooth 43 (lower right canine)',
                    'tooth 44 (lower right first premolar)',
                    'tooth 45 (lower right second premolar)',
                    'tooth 46 (lower right first molar)',
                    'tooth 47 (lower right second molar)',
                    'tooth 48 (lower right third molar)',
                    'tooth erosion',
                    'tooth malformation',
                    'treated tooth',
                    'unclassified cell',
                )),
            test_mode=True,
            type='WeCocoDataset'),
        pipeline=[
            dict(backend_args=None, type='LoadImageFromFile'),
            dict(scale=(
                640,
                640,
            ), type='WeDetectKeepRatioResize'),
            dict(
                allow_scale_up=False,
                pad_val=dict(img=114),
                scale=(
                    640,
                    640,
                ),
                type='WeDetectLetterResize'),
            dict(_scope_='mmdet', type='LoadAnnotations', with_bbox=True),
            dict(type='LoadText'),
            dict(
                meta_keys=(
                    'img_id',
                    'img_path',
                    'ori_shape',
                    'img_shape',
                    'scale_factor',
                    'pad_param',
                    'texts',
                ),
                type='PackDetInputs'),
        ],
        type='MultiModalDataset'),
    drop_last=False,
    num_workers=2,
    persistent_workers=True,
    pin_memory=True,
    sampler=dict(shuffle=False, type='DefaultSampler'))
test_evaluator = dict(
    ann_file=
    '/home/siyuan/projects/LLMs/OralDetect-Family/OralDetect/datas/instances_test.json',
    metric='bbox',
    type='CocoMetric')
test_pipeline = [
    dict(backend_args=None, type='LoadImageFromFile'),
    dict(scale=(
        640,
        640,
    ), type='WeDetectKeepRatioResize'),
    dict(
        allow_scale_up=False,
        pad_val=dict(img=114),
        scale=(
            640,
            640,
        ),
        type='WeDetectLetterResize'),
    dict(_scope_='mmdet', type='LoadAnnotations', with_bbox=True),
    dict(type='LoadText'),
    dict(
        meta_keys=(
            'img_id',
            'img_path',
            'ori_shape',
            'img_shape',
            'scale_factor',
            'pad_param',
            'texts',
        ),
        type='PackDetInputs'),
]
text_channels = 768
text_transform = [
    dict(
        max_num_samples=91,
        num_neg_samples=(
            91,
            91,
        ),
        padding_to_max=True,
        padding_value='',
        type='RandomLoadText'),
    dict(
        meta_keys=(
            'img_id',
            'img_path',
            'ori_shape',
            'img_shape',
            'flip',
            'flip_direction',
            'texts',
        ),
        type='mmdet.PackDetInputs'),
]
train_batch_size_per_gpu = 8
train_cfg = dict(
    dynamic_intervals=[
        (
            8,
            1,
        ),
    ],
    max_epochs=4,
    type='EpochBasedTrainLoop',
    val_interval=2)
train_dataloader = dict(
    batch_size=8,
    collate_fn=dict(type='yolow_collate'),
    dataset=dict(
        class_text_path=
        '/home/siyuan/projects/LLMs/OralDetect-Family/OralDetect/datas/class_texts_en.json',
        dataset=dict(
            ann_file=
            '/home/siyuan/projects/LLMs/OralDetect-Family/OralDetect/datas/instances_train.json',
            data_prefix=dict(img='all2017/'),
            data_root=
            '/nfs_share/public/OralGPT/oralgpt-detect-all/coco_format/',
            filter_cfg=dict(filter_empty_gt=False, min_size=32),
            metainfo=dict(
                classes=(
                    'abnormal oral epithelial cell',
                    'alveolar bone loss',
                    'anterior teeth with fluorosis',
                    'anterior teeth without fluorosis',
                    'blood cell',
                    'canine',
                    'central incisor',
                    'craniofacial or oral anomaly',
                    'deep dental caries',
                    'dental abrasion',
                    'dental caries',
                    'dental crown restoration',
                    'dental filling',
                    'dental implant',
                    'dental opacity',
                    'dental restoration',
                    'dividing oral cell',
                    'first molar',
                    'first premolar',
                    'foreign object or debris',
                    'grade I oral cytology (normal)',
                    'grade II oral cytology (atypical)',
                    'grade III oral cytology (suspicious)',
                    'grade IV oral cytology (malignant)',
                    'impacted tooth',
                    'impacted wisdom tooth',
                    'intraoral appliance',
                    'lateral incisor',
                    'malaligned tooth',
                    'mandibular canal',
                    'maxillary sinus',
                    'missing or residual root',
                    'missing teeth',
                    'normal oral mucosa',
                    'normal oral tissue',
                    'oral squamous cell carcinoma tumor',
                    'orthodontic bracket',
                    'out-of-focus cell',
                    'periapical abscess',
                    'periapical cyst',
                    'periapical granuloma',
                    'periapical lesion',
                    'quadrant 1 (upper right)',
                    'quadrant 2 (upper left)',
                    'quadrant 3 (lower left)',
                    'quadrant 4 (lower right)',
                    'reactive oral cell',
                    'restoration with secondary caries',
                    'retained root',
                    'root canal treatment',
                    'root piece',
                    'second molar',
                    'second premolar',
                    'severe gingivitis',
                    'tooth',
                    'tooth 11 (upper right central incisor)',
                    'tooth 12 (upper right lateral incisor)',
                    'tooth 13 (upper right canine)',
                    'tooth 14 (upper right first premolar)',
                    'tooth 15 (upper right second premolar)',
                    'tooth 16 (upper right first molar)',
                    'tooth 17 (upper right second molar)',
                    'tooth 18 (upper right third molar)',
                    'tooth 21 (upper left central incisor)',
                    'tooth 22 (upper left lateral incisor)',
                    'tooth 23 (upper left canine)',
                    'tooth 24 (upper left first premolar)',
                    'tooth 25 (upper left second premolar)',
                    'tooth 26 (upper left first molar)',
                    'tooth 27 (upper left second molar)',
                    'tooth 28 (upper left third molar)',
                    'tooth 31 (lower left central incisor)',
                    'tooth 32 (lower left lateral incisor)',
                    'tooth 33 (lower left canine)',
                    'tooth 34 (lower left first premolar)',
                    'tooth 35 (lower left second premolar)',
                    'tooth 36 (lower left first molar)',
                    'tooth 37 (lower left second molar)',
                    'tooth 38 (lower left third molar)',
                    'tooth 41 (lower right central incisor)',
                    'tooth 42 (lower right lateral incisor)',
                    'tooth 43 (lower right canine)',
                    'tooth 44 (lower right first premolar)',
                    'tooth 45 (lower right second premolar)',
                    'tooth 46 (lower right first molar)',
                    'tooth 47 (lower right second molar)',
                    'tooth 48 (lower right third molar)',
                    'tooth erosion',
                    'tooth malformation',
                    'treated tooth',
                    'unclassified cell',
                )),
            type='WeCocoDataset'),
        pipeline=[
            dict(backend_args=None, type='LoadImageFromFile'),
            dict(type='LoadAnnotations', with_bbox=True),
            dict(
                img_scale=(
                    640,
                    640,
                ),
                pad_val=114.0,
                pre_transform=[
                    dict(backend_args=None, type='LoadImageFromFile'),
                    dict(type='LoadAnnotations', with_bbox=True),
                ],
                type='MultiModalMosaic'),
            dict(
                border=(
                    -320,
                    -320,
                ),
                border_val=(
                    114,
                    114,
                    114,
                ),
                max_aspect_ratio=100.0,
                max_rotate_degree=0.0,
                max_shear_degree=0.0,
                scaling_ratio_range=(
                    0.5,
                    1.5,
                ),
                type='WeDetectRandomAffine'),
            dict(
                pre_transform=[
                    dict(backend_args=None, type='LoadImageFromFile'),
                    dict(type='LoadAnnotations', with_bbox=True),
                    dict(
                        img_scale=(
                            640,
                            640,
                        ),
                        pad_val=114.0,
                        pre_transform=[
                            dict(backend_args=None, type='LoadImageFromFile'),
                            dict(type='LoadAnnotations', with_bbox=True),
                        ],
                        type='MultiModalMosaic'),
                    dict(
                        border=(
                            -320,
                            -320,
                        ),
                        border_val=(
                            114,
                            114,
                            114,
                        ),
                        max_aspect_ratio=100.0,
                        max_rotate_degree=0.0,
                        max_shear_degree=0.0,
                        scaling_ratio_range=(
                            0.5,
                            1.5,
                        ),
                        type='WeDetectRandomAffine'),
                ],
                prob=0.15,
                type='YOLOv5MultiModalMixUp'),
            dict(
                bbox_params=dict(
                    format='pascal_voc',
                    label_fields=[
                        'gt_bboxes_labels',
                        'gt_ignore_flags',
                    ],
                    type='BboxParams'),
                keymap=dict(gt_bboxes='bboxes', img='image'),
                transforms=[
                    dict(p=0.01, type='Blur'),
                    dict(p=0.01, type='MedianBlur'),
                    dict(p=0.01, type='ToGray'),
                    dict(p=0.01, type='CLAHE'),
                ],
                type='mmdet.Albu'),
            dict(type='WeDetectHSVRandomAug'),
            dict(prob=0.5, type='mmdet.RandomFlip'),
            dict(
                max_num_samples=91,
                num_neg_samples=(
                    91,
                    91,
                ),
                padding_to_max=True,
                padding_value='',
                type='RandomLoadText'),
            dict(
                meta_keys=(
                    'img_id',
                    'img_path',
                    'ori_shape',
                    'img_shape',
                    'flip',
                    'flip_direction',
                    'texts',
                ),
                type='mmdet.PackDetInputs'),
        ],
        type='MultiModalDataset'),
    num_workers=4,
    persistent_workers=True,
    sampler=dict(shuffle=True, type='DefaultSampler'))
train_dataset = dict(
    class_text_path=
    '/home/siyuan/projects/LLMs/OralDetect-Family/OralDetect/datas/class_texts_en.json',
    dataset=dict(
        ann_file=
        '/home/siyuan/projects/LLMs/OralDetect-Family/OralDetect/datas/instances_train.json',
        data_prefix=dict(img='all2017/'),
        data_root='/nfs_share/public/OralGPT/oralgpt-detect-all/coco_format/',
        filter_cfg=dict(filter_empty_gt=False, min_size=32),
        metainfo=dict(
            classes=(
                'abnormal oral epithelial cell',
                'alveolar bone loss',
                'anterior teeth with fluorosis',
                'anterior teeth without fluorosis',
                'blood cell',
                'canine',
                'central incisor',
                'craniofacial or oral anomaly',
                'deep dental caries',
                'dental abrasion',
                'dental caries',
                'dental crown restoration',
                'dental filling',
                'dental implant',
                'dental opacity',
                'dental restoration',
                'dividing oral cell',
                'first molar',
                'first premolar',
                'foreign object or debris',
                'grade I oral cytology (normal)',
                'grade II oral cytology (atypical)',
                'grade III oral cytology (suspicious)',
                'grade IV oral cytology (malignant)',
                'impacted tooth',
                'impacted wisdom tooth',
                'intraoral appliance',
                'lateral incisor',
                'malaligned tooth',
                'mandibular canal',
                'maxillary sinus',
                'missing or residual root',
                'missing teeth',
                'normal oral mucosa',
                'normal oral tissue',
                'oral squamous cell carcinoma tumor',
                'orthodontic bracket',
                'out-of-focus cell',
                'periapical abscess',
                'periapical cyst',
                'periapical granuloma',
                'periapical lesion',
                'quadrant 1 (upper right)',
                'quadrant 2 (upper left)',
                'quadrant 3 (lower left)',
                'quadrant 4 (lower right)',
                'reactive oral cell',
                'restoration with secondary caries',
                'retained root',
                'root canal treatment',
                'root piece',
                'second molar',
                'second premolar',
                'severe gingivitis',
                'tooth',
                'tooth 11 (upper right central incisor)',
                'tooth 12 (upper right lateral incisor)',
                'tooth 13 (upper right canine)',
                'tooth 14 (upper right first premolar)',
                'tooth 15 (upper right second premolar)',
                'tooth 16 (upper right first molar)',
                'tooth 17 (upper right second molar)',
                'tooth 18 (upper right third molar)',
                'tooth 21 (upper left central incisor)',
                'tooth 22 (upper left lateral incisor)',
                'tooth 23 (upper left canine)',
                'tooth 24 (upper left first premolar)',
                'tooth 25 (upper left second premolar)',
                'tooth 26 (upper left first molar)',
                'tooth 27 (upper left second molar)',
                'tooth 28 (upper left third molar)',
                'tooth 31 (lower left central incisor)',
                'tooth 32 (lower left lateral incisor)',
                'tooth 33 (lower left canine)',
                'tooth 34 (lower left first premolar)',
                'tooth 35 (lower left second premolar)',
                'tooth 36 (lower left first molar)',
                'tooth 37 (lower left second molar)',
                'tooth 38 (lower left third molar)',
                'tooth 41 (lower right central incisor)',
                'tooth 42 (lower right lateral incisor)',
                'tooth 43 (lower right canine)',
                'tooth 44 (lower right first premolar)',
                'tooth 45 (lower right second premolar)',
                'tooth 46 (lower right first molar)',
                'tooth 47 (lower right second molar)',
                'tooth 48 (lower right third molar)',
                'tooth erosion',
                'tooth malformation',
                'treated tooth',
                'unclassified cell',
            )),
        type='WeCocoDataset'),
    pipeline=[
        dict(backend_args=None, type='LoadImageFromFile'),
        dict(type='LoadAnnotations', with_bbox=True),
        dict(
            img_scale=(
                640,
                640,
            ),
            pad_val=114.0,
            pre_transform=[
                dict(backend_args=None, type='LoadImageFromFile'),
                dict(type='LoadAnnotations', with_bbox=True),
            ],
            type='MultiModalMosaic'),
        dict(
            border=(
                -320,
                -320,
            ),
            border_val=(
                114,
                114,
                114,
            ),
            max_aspect_ratio=100.0,
            max_rotate_degree=0.0,
            max_shear_degree=0.0,
            scaling_ratio_range=(
                0.5,
                1.5,
            ),
            type='WeDetectRandomAffine'),
        dict(
            pre_transform=[
                dict(backend_args=None, type='LoadImageFromFile'),
                dict(type='LoadAnnotations', with_bbox=True),
                dict(
                    img_scale=(
                        640,
                        640,
                    ),
                    pad_val=114.0,
                    pre_transform=[
                        dict(backend_args=None, type='LoadImageFromFile'),
                        dict(type='LoadAnnotations', with_bbox=True),
                    ],
                    type='MultiModalMosaic'),
                dict(
                    border=(
                        -320,
                        -320,
                    ),
                    border_val=(
                        114,
                        114,
                        114,
                    ),
                    max_aspect_ratio=100.0,
                    max_rotate_degree=0.0,
                    max_shear_degree=0.0,
                    scaling_ratio_range=(
                        0.5,
                        1.5,
                    ),
                    type='WeDetectRandomAffine'),
            ],
            prob=0.15,
            type='YOLOv5MultiModalMixUp'),
        dict(
            bbox_params=dict(
                format='pascal_voc',
                label_fields=[
                    'gt_bboxes_labels',
                    'gt_ignore_flags',
                ],
                type='BboxParams'),
            keymap=dict(gt_bboxes='bboxes', img='image'),
            transforms=[
                dict(p=0.01, type='Blur'),
                dict(p=0.01, type='MedianBlur'),
                dict(p=0.01, type='ToGray'),
                dict(p=0.01, type='CLAHE'),
            ],
            type='mmdet.Albu'),
        dict(type='WeDetectHSVRandomAug'),
        dict(prob=0.5, type='mmdet.RandomFlip'),
        dict(
            max_num_samples=91,
            num_neg_samples=(
                91,
                91,
            ),
            padding_to_max=True,
            padding_value='',
            type='RandomLoadText'),
        dict(
            meta_keys=(
                'img_id',
                'img_path',
                'ori_shape',
                'img_shape',
                'flip',
                'flip_direction',
                'texts',
            ),
            type='mmdet.PackDetInputs'),
    ],
    type='MultiModalDataset')
train_pipeline = [
    dict(backend_args=None, type='LoadImageFromFile'),
    dict(type='LoadAnnotations', with_bbox=True),
    dict(
        img_scale=(
            640,
            640,
        ),
        pad_val=114.0,
        pre_transform=[
            dict(backend_args=None, type='LoadImageFromFile'),
            dict(type='LoadAnnotations', with_bbox=True),
        ],
        type='MultiModalMosaic'),
    dict(
        border=(
            -320,
            -320,
        ),
        border_val=(
            114,
            114,
            114,
        ),
        max_aspect_ratio=100.0,
        max_rotate_degree=0.0,
        max_shear_degree=0.0,
        scaling_ratio_range=(
            0.5,
            1.5,
        ),
        type='WeDetectRandomAffine'),
    dict(
        pre_transform=[
            dict(backend_args=None, type='LoadImageFromFile'),
            dict(type='LoadAnnotations', with_bbox=True),
            dict(
                img_scale=(
                    640,
                    640,
                ),
                pad_val=114.0,
                pre_transform=[
                    dict(backend_args=None, type='LoadImageFromFile'),
                    dict(type='LoadAnnotations', with_bbox=True),
                ],
                type='MultiModalMosaic'),
            dict(
                border=(
                    -320,
                    -320,
                ),
                border_val=(
                    114,
                    114,
                    114,
                ),
                max_aspect_ratio=100.0,
                max_rotate_degree=0.0,
                max_shear_degree=0.0,
                scaling_ratio_range=(
                    0.5,
                    1.5,
                ),
                type='WeDetectRandomAffine'),
        ],
        prob=0.15,
        type='YOLOv5MultiModalMixUp'),
    dict(
        bbox_params=dict(
            format='pascal_voc',
            label_fields=[
                'gt_bboxes_labels',
                'gt_ignore_flags',
            ],
            type='BboxParams'),
        keymap=dict(gt_bboxes='bboxes', img='image'),
        transforms=[
            dict(p=0.01, type='Blur'),
            dict(p=0.01, type='MedianBlur'),
            dict(p=0.01, type='ToGray'),
            dict(p=0.01, type='CLAHE'),
        ],
        type='mmdet.Albu'),
    dict(type='WeDetectHSVRandomAug'),
    dict(prob=0.5, type='mmdet.RandomFlip'),
    dict(
        max_num_samples=91,
        num_neg_samples=(
            91,
            91,
        ),
        padding_to_max=True,
        padding_value='',
        type='RandomLoadText'),
    dict(
        meta_keys=(
            'img_id',
            'img_path',
            'ori_shape',
            'img_shape',
            'flip',
            'flip_direction',
            'texts',
        ),
        type='mmdet.PackDetInputs'),
]
train_pipeline_stage2 = [
    dict(backend_args=None, type='LoadImageFromFile'),
    dict(type='LoadAnnotations', with_bbox=True),
    dict(scale=(
        640,
        640,
    ), type='WeDetectKeepRatioResize'),
    dict(
        allow_scale_up=True,
        pad_val=dict(img=114.0),
        scale=(
            640,
            640,
        ),
        type='WeDetectLetterResize'),
    dict(
        border_val=(
            114,
            114,
            114,
        ),
        max_aspect_ratio=100,
        max_rotate_degree=0.0,
        max_shear_degree=0.0,
        scaling_ratio_range=(
            0.5,
            1.5,
        ),
        type='WeDetectRandomAffine'),
    dict(
        bbox_params=dict(
            format='pascal_voc',
            label_fields=[
                'gt_bboxes_labels',
                'gt_ignore_flags',
            ],
            type='BboxParams'),
        keymap=dict(gt_bboxes='bboxes', img='image'),
        transforms=[
            dict(p=0.01, type='Blur'),
            dict(p=0.01, type='MedianBlur'),
            dict(p=0.01, type='ToGray'),
            dict(p=0.01, type='CLAHE'),
        ],
        type='mmdet.Albu'),
    dict(type='WeDetectHSVRandomAug'),
    dict(prob=0.5, type='mmdet.RandomFlip'),
    dict(
        max_num_samples=91,
        num_neg_samples=(
            91,
            91,
        ),
        padding_to_max=True,
        padding_value='',
        type='RandomLoadText'),
    dict(
        meta_keys=(
            'img_id',
            'img_path',
            'ori_shape',
            'img_shape',
            'flip',
            'flip_direction',
            'texts',
        ),
        type='mmdet.PackDetInputs'),
]
val_cfg = dict(type='ValLoop')
val_dataloader = dict(
    batch_size=1,
    dataset=dict(
        class_text_path=
        '/home/siyuan/projects/LLMs/OralDetect-Family/OralDetect/datas/class_texts_en.json',
        dataset=dict(
            ann_file=
            '/home/siyuan/projects/LLMs/OralDetect-Family/OralDetect/datas/instances_test.json',
            batch_shapes_cfg=None,
            data_prefix=dict(img='all2017/'),
            data_root=
            '/nfs_share/public/OralGPT/oralgpt-detect-all/coco_format/',
            metainfo=dict(
                classes=(
                    'abnormal oral epithelial cell',
                    'alveolar bone loss',
                    'anterior teeth with fluorosis',
                    'anterior teeth without fluorosis',
                    'blood cell',
                    'canine',
                    'central incisor',
                    'craniofacial or oral anomaly',
                    'deep dental caries',
                    'dental abrasion',
                    'dental caries',
                    'dental crown restoration',
                    'dental filling',
                    'dental implant',
                    'dental opacity',
                    'dental restoration',
                    'dividing oral cell',
                    'first molar',
                    'first premolar',
                    'foreign object or debris',
                    'grade I oral cytology (normal)',
                    'grade II oral cytology (atypical)',
                    'grade III oral cytology (suspicious)',
                    'grade IV oral cytology (malignant)',
                    'impacted tooth',
                    'impacted wisdom tooth',
                    'intraoral appliance',
                    'lateral incisor',
                    'malaligned tooth',
                    'mandibular canal',
                    'maxillary sinus',
                    'missing or residual root',
                    'missing teeth',
                    'normal oral mucosa',
                    'normal oral tissue',
                    'oral squamous cell carcinoma tumor',
                    'orthodontic bracket',
                    'out-of-focus cell',
                    'periapical abscess',
                    'periapical cyst',
                    'periapical granuloma',
                    'periapical lesion',
                    'quadrant 1 (upper right)',
                    'quadrant 2 (upper left)',
                    'quadrant 3 (lower left)',
                    'quadrant 4 (lower right)',
                    'reactive oral cell',
                    'restoration with secondary caries',
                    'retained root',
                    'root canal treatment',
                    'root piece',
                    'second molar',
                    'second premolar',
                    'severe gingivitis',
                    'tooth',
                    'tooth 11 (upper right central incisor)',
                    'tooth 12 (upper right lateral incisor)',
                    'tooth 13 (upper right canine)',
                    'tooth 14 (upper right first premolar)',
                    'tooth 15 (upper right second premolar)',
                    'tooth 16 (upper right first molar)',
                    'tooth 17 (upper right second molar)',
                    'tooth 18 (upper right third molar)',
                    'tooth 21 (upper left central incisor)',
                    'tooth 22 (upper left lateral incisor)',
                    'tooth 23 (upper left canine)',
                    'tooth 24 (upper left first premolar)',
                    'tooth 25 (upper left second premolar)',
                    'tooth 26 (upper left first molar)',
                    'tooth 27 (upper left second molar)',
                    'tooth 28 (upper left third molar)',
                    'tooth 31 (lower left central incisor)',
                    'tooth 32 (lower left lateral incisor)',
                    'tooth 33 (lower left canine)',
                    'tooth 34 (lower left first premolar)',
                    'tooth 35 (lower left second premolar)',
                    'tooth 36 (lower left first molar)',
                    'tooth 37 (lower left second molar)',
                    'tooth 38 (lower left third molar)',
                    'tooth 41 (lower right central incisor)',
                    'tooth 42 (lower right lateral incisor)',
                    'tooth 43 (lower right canine)',
                    'tooth 44 (lower right first premolar)',
                    'tooth 45 (lower right second premolar)',
                    'tooth 46 (lower right first molar)',
                    'tooth 47 (lower right second molar)',
                    'tooth 48 (lower right third molar)',
                    'tooth erosion',
                    'tooth malformation',
                    'treated tooth',
                    'unclassified cell',
                )),
            test_mode=True,
            type='WeCocoDataset'),
        pipeline=[
            dict(backend_args=None, type='LoadImageFromFile'),
            dict(scale=(
                640,
                640,
            ), type='WeDetectKeepRatioResize'),
            dict(
                allow_scale_up=False,
                pad_val=dict(img=114),
                scale=(
                    640,
                    640,
                ),
                type='WeDetectLetterResize'),
            dict(_scope_='mmdet', type='LoadAnnotations', with_bbox=True),
            dict(type='LoadText'),
            dict(
                meta_keys=(
                    'img_id',
                    'img_path',
                    'ori_shape',
                    'img_shape',
                    'scale_factor',
                    'pad_param',
                    'texts',
                ),
                type='PackDetInputs'),
        ],
        type='MultiModalDataset'),
    drop_last=False,
    num_workers=2,
    persistent_workers=True,
    pin_memory=True,
    sampler=dict(shuffle=False, type='DefaultSampler'))
val_dataset = dict(
    class_text_path=
    '/home/siyuan/projects/LLMs/OralDetect-Family/OralDetect/datas/class_texts_en.json',
    dataset=dict(
        ann_file=
        '/home/siyuan/projects/LLMs/OralDetect-Family/OralDetect/datas/instances_test.json',
        batch_shapes_cfg=None,
        data_prefix=dict(img='all2017/'),
        data_root='/nfs_share/public/OralGPT/oralgpt-detect-all/coco_format/',
        metainfo=dict(
            classes=(
                'abnormal oral epithelial cell',
                'alveolar bone loss',
                'anterior teeth with fluorosis',
                'anterior teeth without fluorosis',
                'blood cell',
                'canine',
                'central incisor',
                'craniofacial or oral anomaly',
                'deep dental caries',
                'dental abrasion',
                'dental caries',
                'dental crown restoration',
                'dental filling',
                'dental implant',
                'dental opacity',
                'dental restoration',
                'dividing oral cell',
                'first molar',
                'first premolar',
                'foreign object or debris',
                'grade I oral cytology (normal)',
                'grade II oral cytology (atypical)',
                'grade III oral cytology (suspicious)',
                'grade IV oral cytology (malignant)',
                'impacted tooth',
                'impacted wisdom tooth',
                'intraoral appliance',
                'lateral incisor',
                'malaligned tooth',
                'mandibular canal',
                'maxillary sinus',
                'missing or residual root',
                'missing teeth',
                'normal oral mucosa',
                'normal oral tissue',
                'oral squamous cell carcinoma tumor',
                'orthodontic bracket',
                'out-of-focus cell',
                'periapical abscess',
                'periapical cyst',
                'periapical granuloma',
                'periapical lesion',
                'quadrant 1 (upper right)',
                'quadrant 2 (upper left)',
                'quadrant 3 (lower left)',
                'quadrant 4 (lower right)',
                'reactive oral cell',
                'restoration with secondary caries',
                'retained root',
                'root canal treatment',
                'root piece',
                'second molar',
                'second premolar',
                'severe gingivitis',
                'tooth',
                'tooth 11 (upper right central incisor)',
                'tooth 12 (upper right lateral incisor)',
                'tooth 13 (upper right canine)',
                'tooth 14 (upper right first premolar)',
                'tooth 15 (upper right second premolar)',
                'tooth 16 (upper right first molar)',
                'tooth 17 (upper right second molar)',
                'tooth 18 (upper right third molar)',
                'tooth 21 (upper left central incisor)',
                'tooth 22 (upper left lateral incisor)',
                'tooth 23 (upper left canine)',
                'tooth 24 (upper left first premolar)',
                'tooth 25 (upper left second premolar)',
                'tooth 26 (upper left first molar)',
                'tooth 27 (upper left second molar)',
                'tooth 28 (upper left third molar)',
                'tooth 31 (lower left central incisor)',
                'tooth 32 (lower left lateral incisor)',
                'tooth 33 (lower left canine)',
                'tooth 34 (lower left first premolar)',
                'tooth 35 (lower left second premolar)',
                'tooth 36 (lower left first molar)',
                'tooth 37 (lower left second molar)',
                'tooth 38 (lower left third molar)',
                'tooth 41 (lower right central incisor)',
                'tooth 42 (lower right lateral incisor)',
                'tooth 43 (lower right canine)',
                'tooth 44 (lower right first premolar)',
                'tooth 45 (lower right second premolar)',
                'tooth 46 (lower right first molar)',
                'tooth 47 (lower right second molar)',
                'tooth 48 (lower right third molar)',
                'tooth erosion',
                'tooth malformation',
                'treated tooth',
                'unclassified cell',
            )),
        test_mode=True,
        type='WeCocoDataset'),
    pipeline=[
        dict(backend_args=None, type='LoadImageFromFile'),
        dict(scale=(
            640,
            640,
        ), type='WeDetectKeepRatioResize'),
        dict(
            allow_scale_up=False,
            pad_val=dict(img=114),
            scale=(
                640,
                640,
            ),
            type='WeDetectLetterResize'),
        dict(_scope_='mmdet', type='LoadAnnotations', with_bbox=True),
        dict(type='LoadText'),
        dict(
            meta_keys=(
                'img_id',
                'img_path',
                'ori_shape',
                'img_shape',
                'scale_factor',
                'pad_param',
                'texts',
            ),
            type='PackDetInputs'),
    ],
    type='MultiModalDataset')
val_evaluator = dict(
    ann_file=
    '/home/siyuan/projects/LLMs/OralDetect-Family/OralDetect/datas/instances_test.json',
    metric='bbox',
    type='CocoMetric')
vis_backends = [
    dict(type='LocalVisBackend'),
]
visualizer = dict(
    name='visualizer',
    type='mmdet.DetLocalVisualizer',
    vis_backends=[
        dict(type='LocalVisBackend'),
    ])
weight_decay = 0.05
work_dir = 'work_dirs/base3stage_s2'

06/21 22:05:15 - mmengine - INFO - Using SyncBatchNorm()
06/21 22:05:15 - mmengine - INFO - Hooks will be executed in the following order:
before_run:
(VERY_HIGH   ) RuntimeInfoHook                    
(BELOW_NORMAL) LoggerHook                         
 -------------------- 
before_train:
(VERY_HIGH   ) RuntimeInfoHook                    
(NORMAL      ) IterTimerHook                      
(VERY_LOW    ) CheckpointHook                     
 -------------------- 
before_train_epoch:
(VERY_HIGH   ) RuntimeInfoHook                    
(NORMAL      ) IterTimerHook                      
(NORMAL      ) DistSamplerSeedHook                
 -------------------- 
before_train_iter:
(VERY_HIGH   ) RuntimeInfoHook                    
(NORMAL      ) IterTimerHook                      
 -------------------- 
after_train_iter:
(VERY_HIGH   ) RuntimeInfoHook                    
(NORMAL      ) IterTimerHook                      
(BELOW_NORMAL) LoggerHook                         
(LOW         ) ParamSchedulerHook                 
(VERY_LOW    ) CheckpointHook                     
 -------------------- 
after_train_epoch:
(NORMAL      ) IterTimerHook                      
(LOW         ) ParamSchedulerHook                 
(VERY_LOW    ) CheckpointHook                     
 -------------------- 
before_val:
(VERY_HIGH   ) RuntimeInfoHook                    
 -------------------- 
before_val_epoch:
(NORMAL      ) IterTimerHook                      
 -------------------- 
before_val_iter:
(NORMAL      ) IterTimerHook                      
 -------------------- 
after_val_iter:
(NORMAL      ) IterTimerHook                      
(NORMAL      ) DetVisualizationHook               
(BELOW_NORMAL) LoggerHook                         
 -------------------- 
after_val_epoch:
(VERY_HIGH   ) RuntimeInfoHook                    
(NORMAL      ) IterTimerHook                      
(BELOW_NORMAL) LoggerHook                         
(LOW         ) ParamSchedulerHook                 
(VERY_LOW    ) CheckpointHook                     
 -------------------- 
after_val:
(VERY_HIGH   ) RuntimeInfoHook                    
 -------------------- 
after_train:
(VERY_HIGH   ) RuntimeInfoHook                    
(VERY_LOW    ) CheckpointHook                     
 -------------------- 
before_test:
(VERY_HIGH   ) RuntimeInfoHook                    
 -------------------- 
before_test_epoch:
(NORMAL      ) IterTimerHook                      
 -------------------- 
before_test_iter:
(NORMAL      ) IterTimerHook                      
 -------------------- 
after_test_iter:
(NORMAL      ) IterTimerHook                      
(NORMAL      ) DetVisualizationHook               
(BELOW_NORMAL) LoggerHook                         
 -------------------- 
after_test_epoch:
(VERY_HIGH   ) RuntimeInfoHook                    
(NORMAL      ) IterTimerHook                      
(BELOW_NORMAL) LoggerHook                         
 -------------------- 
after_test:
(VERY_HIGH   ) RuntimeInfoHook                    
 -------------------- 
after_run:
(BELOW_NORMAL) LoggerHook                         
 -------------------- 
loading annotations into memory...
loading annotations into memory...
loading annotations into memory...
Done (t=1.37s)
creating index...
loading annotations into memory...
Done (t=1.49s)
creating index...
index created!
index created!
Done (t=1.76s)
creating index...
index created!
Done (t=1.62s)
creating index...
index created!
/home/siyuan/anaconda3/envs/wedetect_official/lib/python3.10/site-packages/albumentations/core/composition.py:331: UserWarning: Got processor for bboxes, but no transform to process it.
  self._set_keys()
loading annotations into memory...
/home/siyuan/anaconda3/envs/wedetect_official/lib/python3.10/site-packages/albumentations/core/composition.py:331: UserWarning: Got processor for bboxes, but no transform to process it.
  self._set_keys()
loading annotations into memory...
Done (t=0.37s)
creating index...
index created!
Done (t=0.43s)
creating index...
/home/siyuan/anaconda3/envs/wedetect_official/lib/python3.10/site-packages/albumentations/core/composition.py:331: UserWarning: Got processor for bboxes, but no transform to process it.
  self._set_keys()
index created!
loading annotations into memory...
Done (t=0.43s)
creating index...
index created!
loading annotations into memory...
loading annotations into memory...
/home/siyuan/anaconda3/envs/wedetect_official/lib/python3.10/site-packages/albumentations/core/composition.py:331: UserWarning: Got processor for bboxes, but no transform to process it.
  self._set_keys()
06/21 22:05:21 - mmengine - INFO - paramwise_options -- neck.reduce_layer0.block.conv.weight:num of params=262144
06/21 22:05:21 - mmengine - INFO - paramwise_options -- neck.reduce_layer0.block.bn.weight:num of params=256
06/21 22:05:21 - mmengine - INFO - paramwise_options -- neck.reduce_layer0.block.bn.bias:num of params=256
06/21 22:05:21 - mmengine - INFO - paramwise_options -- neck.Bifusion0.cv1.block.conv.weight:num of params=131072
06/21 22:05:21 - mmengine - INFO - paramwise_options -- neck.Bifusion0.cv1.block.bn.weight:num of params=256
06/21 22:05:21 - mmengine - INFO - paramwise_options -- neck.Bifusion0.cv1.block.bn.bias:num of params=256
06/21 22:05:21 - mmengine - INFO - paramwise_options -- neck.Bifusion0.cv2.block.conv.weight:num of params=65536
06/21 22:05:21 - mmengine - INFO - paramwise_options -- neck.Bifusion0.cv2.block.bn.weight:num of params=256
06/21 22:05:21 - mmengine - INFO - paramwise_options -- neck.Bifusion0.cv2.block.bn.bias:num of params=256
06/21 22:05:21 - mmengine - INFO - paramwise_options -- neck.Bifusion0.cv3.block.conv.weight:num of params=196608
06/21 22:05:21 - mmengine - INFO - paramwise_options -- neck.Bifusion0.cv3.block.bn.weight:num of params=256
06/21 22:05:21 - mmengine - INFO - paramwise_options -- neck.Bifusion0.cv3.block.bn.bias:num of params=256
06/21 22:05:21 - mmengine - INFO - paramwise_options -- neck.Bifusion0.upsample.upsample_transpose.weight:num of params=262144
06/21 22:05:21 - mmengine - INFO - paramwise_options -- neck.Bifusion0.upsample.upsample_transpose.bias:num of params=256
06/21 22:05:21 - mmengine - INFO - paramwise_options -- neck.Bifusion0.downsample.block.conv.weight:num of params=589824
06/21 22:05:21 - mmengine - INFO - paramwise_options -- neck.Bifusion0.downsample.block.bn.weight:num of params=256
06/21 22:05:21 - mmengine - INFO - paramwise_options -- neck.Bifusion0.downsample.block.bn.bias:num of params=256
06/21 22:05:21 - mmengine - INFO - paramwise_options -- neck.Rep_p4.cv1.block.conv.weight:num of params=32768
06/21 22:05:21 - mmengine - INFO - paramwise_options -- neck.Rep_p4.cv1.block.bn.weight:num of params=128
06/21 22:05:21 - mmengine - INFO - paramwise_options -- neck.Rep_p4.cv1.block.bn.bias:num of params=128
06/21 22:05:21 - mmengine - INFO - paramwise_options -- neck.Rep_p4.cv2.block.conv.weight:num of params=32768
06/21 22:05:21 - mmengine - INFO - paramwise_options -- neck.Rep_p4.cv2.block.bn.weight:num of params=128
06/21 22:05:21 - mmengine - INFO - paramwise_options -- neck.Rep_p4.cv2.block.bn.bias:num of params=128
06/21 22:05:21 - mmengine - INFO - paramwise_options -- neck.Rep_p4.cv3.block.conv.weight:num of params=65536
06/21 22:05:21 - mmengine - INFO - paramwise_options -- neck.Rep_p4.cv3.block.bn.weight:num of params=256
06/21 22:05:21 - mmengine - INFO - paramwise_options -- neck.Rep_p4.cv3.block.bn.bias:num of params=256
06/21 22:05:21 - mmengine - INFO - paramwise_options -- neck.Rep_p4.m.conv1.alpha:num of params=1
06/21 22:05:21 - mmengine - INFO - paramwise_options -- neck.Rep_p4.m.conv1.conv1.block.conv.weight:num of params=147456
06/21 22:05:21 - mmengine - INFO - paramwise_options -- neck.Rep_p4.m.conv1.conv1.block.bn.weight:num of params=128
06/21 22:05:21 - mmengine - INFO - paramwise_options -- neck.Rep_p4.m.conv1.conv1.block.bn.bias:num of params=128
06/21 22:05:21 - mmengine - INFO - paramwise_options -- neck.Rep_p4.m.conv1.conv2.block.conv.weight:num of params=147456
06/21 22:05:21 - mmengine - INFO - paramwise_options -- neck.Rep_p4.m.conv1.conv2.block.bn.weight:num of params=128
06/21 22:05:21 - mmengine - INFO - paramwise_options -- neck.Rep_p4.m.conv1.conv2.block.bn.bias:num of params=128
06/21 22:05:21 - mmengine - INFO - paramwise_options -- neck.Rep_p4.m.block.0.alpha:num of params=1
06/21 22:05:21 - mmengine - INFO - paramwise_options -- neck.Rep_p4.m.block.0.conv1.block.conv.weight:num of params=147456
06/21 22:05:21 - mmengine - INFO - paramwise_options -- neck.Rep_p4.m.block.0.conv1.block.bn.weight:num of params=128
06/21 22:05:21 - mmengine - INFO - paramwise_options -- neck.Rep_p4.m.block.0.conv1.block.bn.bias:num of params=128
06/21 22:05:21 - mmengine - INFO - paramwise_options -- neck.Rep_p4.m.block.0.conv2.block.conv.weight:num of params=147456
06/21 22:05:21 - mmengine - INFO - paramwise_options -- neck.Rep_p4.m.block.0.conv2.block.bn.weight:num of params=128
06/21 22:05:21 - mmengine - INFO - paramwise_options -- neck.Rep_p4.m.block.0.conv2.block.bn.bias:num of params=128
06/21 22:05:21 - mmengine - INFO - paramwise_options -- neck.Rep_p4.m.block.1.alpha:num of params=1
06/21 22:05:21 - mmengine - INFO - paramwise_options -- neck.Rep_p4.m.block.1.conv1.block.conv.weight:num of params=147456
06/21 22:05:21 - mmengine - INFO - paramwise_options -- neck.Rep_p4.m.block.1.conv1.block.bn.weight:num of params=128
06/21 22:05:21 - mmengine - INFO - paramwise_options -- neck.Rep_p4.m.block.1.conv1.block.bn.bias:num of params=128
06/21 22:05:21 - mmengine - INFO - paramwise_options -- neck.Rep_p4.m.block.1.conv2.block.conv.weight:num of params=147456
06/21 22:05:21 - mmengine - INFO - paramwise_options -- neck.Rep_p4.m.block.1.conv2.block.bn.weight:num of params=128
06/21 22:05:21 - mmengine - INFO - paramwise_options -- neck.Rep_p4.m.block.1.conv2.block.bn.bias:num of params=128
06/21 22:05:21 - mmengine - INFO - paramwise_options -- neck.Rep_p4.m.block.2.alpha:num of params=1
06/21 22:05:21 - mmengine - INFO - paramwise_options -- neck.Rep_p4.m.block.2.conv1.block.conv.weight:num of params=147456
06/21 22:05:21 - mmengine - INFO - paramwise_options -- neck.Rep_p4.m.block.2.conv1.block.bn.weight:num of params=128
06/21 22:05:21 - mmengine - INFO - paramwise_options -- neck.Rep_p4.m.block.2.conv1.block.bn.bias:num of params=128
06/21 22:05:21 - mmengine - INFO - paramwise_options -- neck.Rep_p4.m.block.2.conv2.block.conv.weight:num of params=147456
06/21 22:05:21 - mmengine - INFO - paramwise_options -- neck.Rep_p4.m.block.2.conv2.block.bn.weight:num of params=128
06/21 22:05:21 - mmengine - INFO - paramwise_options -- neck.Rep_p4.m.block.2.conv2.block.bn.bias:num of params=128
06/21 22:05:21 - mmengine - INFO - paramwise_options -- neck.Rep_p4.m.block.3.alpha:num of params=1
06/21 22:05:21 - mmengine - INFO - paramwise_options -- neck.Rep_p4.m.block.3.conv1.block.conv.weight:num of params=147456
06/21 22:05:21 - mmengine - INFO - paramwise_options -- neck.Rep_p4.m.block.3.conv1.block.bn.weight:num of params=128
06/21 22:05:21 - mmengine - INFO - paramwise_options -- neck.Rep_p4.m.block.3.conv1.block.bn.bias:num of params=128
06/21 22:05:21 - mmengine - INFO - paramwise_options -- neck.Rep_p4.m.block.3.conv2.block.conv.weight:num of params=147456
06/21 22:05:21 - mmengine - INFO - paramwise_options -- neck.Rep_p4.m.block.3.conv2.block.bn.weight:num of params=128
06/21 22:05:21 - mmengine - INFO - paramwise_options -- neck.Rep_p4.m.block.3.conv2.block.bn.bias:num of params=128
06/21 22:05:21 - mmengine - INFO - paramwise_options -- neck.Rep_p4.m.block.4.alpha:num of params=1
06/21 22:05:21 - mmengine - INFO - paramwise_options -- neck.Rep_p4.m.block.4.conv1.block.conv.weight:num of params=147456
06/21 22:05:21 - mmengine - INFO - paramwise_options -- neck.Rep_p4.m.block.4.conv1.block.bn.weight:num of params=128
06/21 22:05:21 - mmengine - INFO - paramwise_options -- neck.Rep_p4.m.block.4.conv1.block.bn.bias:num of params=128
06/21 22:05:21 - mmengine - INFO - paramwise_options -- neck.Rep_p4.m.block.4.conv2.block.conv.weight:num of params=147456
06/21 22:05:21 - mmengine - INFO - paramwise_options -- neck.Rep_p4.m.block.4.conv2.block.bn.weight:num of params=128
06/21 22:05:21 - mmengine - INFO - paramwise_options -- neck.Rep_p4.m.block.4.conv2.block.bn.bias:num of params=128
06/21 22:05:21 - mmengine - INFO - paramwise_options -- neck.reduce_layer1.block.conv.weight:num of params=32768
06/21 22:05:21 - mmengine - INFO - paramwise_options -- neck.reduce_layer1.block.bn.weight:num of params=128
06/21 22:05:21 - mmengine - INFO - paramwise_options -- neck.reduce_layer1.block.bn.bias:num of params=128
06/21 22:05:21 - mmengine - INFO - paramwise_options -- neck.Bifusion1.cv1.block.conv.weight:num of params=32768
06/21 22:05:21 - mmengine - INFO - paramwise_options -- neck.Bifusion1.cv1.block.bn.weight:num of params=128
06/21 22:05:21 - mmengine - INFO - paramwise_options -- neck.Bifusion1.cv1.block.bn.bias:num of params=128
06/21 22:05:21 - mmengine - INFO - paramwise_options -- neck.Bifusion1.cv2.block.conv.weight:num of params=16384
06/21 22:05:21 - mmengine - INFO - paramwise_options -- neck.Bifusion1.cv2.block.bn.weight:num of params=128
06/21 22:05:21 - mmengine - INFO - paramwise_options -- neck.Bifusion1.cv2.block.bn.bias:num of params=128
06/21 22:05:21 - mmengine - INFO - paramwise_options -- neck.Bifusion1.cv3.block.conv.weight:num of params=49152
06/21 22:05:21 - mmengine - INFO - paramwise_options -- neck.Bifusion1.cv3.block.bn.weight:num of params=128
06/21 22:05:21 - mmengine - INFO - paramwise_options -- neck.Bifusion1.cv3.block.bn.bias:num of params=128
06/21 22:05:21 - mmengine - INFO - paramwise_options -- neck.Bifusion1.upsample.upsample_transpose.weight:num of params=65536
06/21 22:05:21 - mmengine - INFO - paramwise_options -- neck.Bifusion1.upsample.upsample_transpose.bias:num of params=128
06/21 22:05:21 - mmengine - INFO - paramwise_options -- neck.Bifusion1.downsample.block.conv.weight:num of params=147456
06/21 22:05:21 - mmengine - INFO - paramwise_options -- neck.Bifusion1.downsample.block.bn.weight:num of params=128
06/21 22:05:21 - mmengine - INFO - paramwise_options -- neck.Bifusion1.downsample.block.bn.bias:num of params=128
06/21 22:05:21 - mmengine - INFO - paramwise_options -- neck.Rep_p3.cv1.block.conv.weight:num of params=8192
06/21 22:05:21 - mmengine - INFO - paramwise_options -- neck.Rep_p3.cv1.block.bn.weight:num of params=64
06/21 22:05:21 - mmengine - INFO - paramwise_options -- neck.Rep_p3.cv1.block.bn.bias:num of params=64
06/21 22:05:21 - mmengine - INFO - paramwise_options -- neck.Rep_p3.cv2.block.conv.weight:num of params=8192
06/21 22:05:21 - mmengine - INFO - paramwise_options -- neck.Rep_p3.cv2.block.bn.weight:num of params=64
06/21 22:05:21 - mmengine - INFO - paramwise_options -- neck.Rep_p3.cv2.block.bn.bias:num of params=64
06/21 22:05:21 - mmengine - INFO - paramwise_options -- neck.Rep_p3.cv3.block.conv.weight:num of params=16384
06/21 22:05:21 - mmengine - INFO - paramwise_options -- neck.Rep_p3.cv3.block.bn.weight:num of params=128
06/21 22:05:21 - mmengine - INFO - paramwise_options -- neck.Rep_p3.cv3.block.bn.bias:num of params=128
06/21 22:05:21 - mmengine - INFO - paramwise_options -- neck.Rep_p3.m.conv1.alpha:num of params=1
06/21 22:05:21 - mmengine - INFO - paramwise_options -- neck.Rep_p3.m.conv1.conv1.block.conv.weight:num of params=36864
06/21 22:05:21 - mmengine - INFO - paramwise_options -- neck.Rep_p3.m.conv1.conv1.block.bn.weight:num of params=64
06/21 22:05:21 - mmengine - INFO - paramwise_options -- neck.Rep_p3.m.conv1.conv1.block.bn.bias:num of params=64
06/21 22:05:21 - mmengine - INFO - paramwise_options -- neck.Rep_p3.m.conv1.conv2.block.conv.weight:num of params=36864
06/21 22:05:21 - mmengine - INFO - paramwise_options -- neck.Rep_p3.m.conv1.conv2.block.bn.weight:num of params=64
06/21 22:05:21 - mmengine - INFO - paramwise_options -- neck.Rep_p3.m.conv1.conv2.block.bn.bias:num of params=64
06/21 22:05:21 - mmengine - INFO - paramwise_options -- neck.Rep_p3.m.block.0.alpha:num of params=1
06/21 22:05:21 - mmengine - INFO - paramwise_options -- neck.Rep_p3.m.block.0.conv1.block.conv.weight:num of params=36864
06/21 22:05:21 - mmengine - INFO - paramwise_options -- neck.Rep_p3.m.block.0.conv1.block.bn.weight:num of params=64
06/21 22:05:21 - mmengine - INFO - paramwise_options -- neck.Rep_p3.m.block.0.conv1.block.bn.bias:num of params=64
06/21 22:05:21 - mmengine - INFO - paramwise_options -- neck.Rep_p3.m.block.0.conv2.block.conv.weight:num of params=36864
06/21 22:05:21 - mmengine - INFO - paramwise_options -- neck.Rep_p3.m.block.0.conv2.block.bn.weight:num of params=64
06/21 22:05:21 - mmengine - INFO - paramwise_options -- neck.Rep_p3.m.block.0.conv2.block.bn.bias:num of params=64
06/21 22:05:21 - mmengine - INFO - paramwise_options -- neck.Rep_p3.m.block.1.alpha:num of params=1
06/21 22:05:21 - mmengine - INFO - paramwise_options -- neck.Rep_p3.m.block.1.conv1.block.conv.weight:num of params=36864
06/21 22:05:21 - mmengine - INFO - paramwise_options -- neck.Rep_p3.m.block.1.conv1.block.bn.weight:num of params=64
06/21 22:05:21 - mmengine - INFO - paramwise_options -- neck.Rep_p3.m.block.1.conv1.block.bn.bias:num of params=64
06/21 22:05:21 - mmengine - INFO - paramwise_options -- neck.Rep_p3.m.block.1.conv2.block.conv.weight:num of params=36864
06/21 22:05:21 - mmengine - INFO - paramwise_options -- neck.Rep_p3.m.block.1.conv2.block.bn.weight:num of params=64
06/21 22:05:21 - mmengine - INFO - paramwise_options -- neck.Rep_p3.m.block.1.conv2.block.bn.bias:num of params=64
06/21 22:05:21 - mmengine - INFO - paramwise_options -- neck.Rep_p3.m.block.2.alpha:num of params=1
06/21 22:05:21 - mmengine - INFO - paramwise_options -- neck.Rep_p3.m.block.2.conv1.block.conv.weight:num of params=36864
06/21 22:05:21 - mmengine - INFO - paramwise_options -- neck.Rep_p3.m.block.2.conv1.block.bn.weight:num of params=64
06/21 22:05:21 - mmengine - INFO - paramwise_options -- neck.Rep_p3.m.block.2.conv1.block.bn.bias:num of params=64
06/21 22:05:21 - mmengine - INFO - paramwise_options -- neck.Rep_p3.m.block.2.conv2.block.conv.weight:num of params=36864
06/21 22:05:21 - mmengine - INFO - paramwise_options -- neck.Rep_p3.m.block.2.conv2.block.bn.weight:num of params=64
06/21 22:05:21 - mmengine - INFO - paramwise_options -- neck.Rep_p3.m.block.2.conv2.block.bn.bias:num of params=64
06/21 22:05:21 - mmengine - INFO - paramwise_options -- neck.Rep_p3.m.block.3.alpha:num of params=1
06/21 22:05:21 - mmengine - INFO - paramwise_options -- neck.Rep_p3.m.block.3.conv1.block.conv.weight:num of params=36864
06/21 22:05:21 - mmengine - INFO - paramwise_options -- neck.Rep_p3.m.block.3.conv1.block.bn.weight:num of params=64
06/21 22:05:21 - mmengine - INFO - paramwise_options -- neck.Rep_p3.m.block.3.conv1.block.bn.bias:num of params=64
06/21 22:05:21 - mmengine - INFO - paramwise_options -- neck.Rep_p3.m.block.3.conv2.block.conv.weight:num of params=36864
06/21 22:05:21 - mmengine - INFO - paramwise_options -- neck.Rep_p3.m.block.3.conv2.block.bn.weight:num of params=64
06/21 22:05:21 - mmengine - INFO - paramwise_options -- neck.Rep_p3.m.block.3.conv2.block.bn.bias:num of params=64
06/21 22:05:21 - mmengine - INFO - paramwise_options -- neck.Rep_p3.m.block.4.alpha:num of params=1
06/21 22:05:21 - mmengine - INFO - paramwise_options -- neck.Rep_p3.m.block.4.conv1.block.conv.weight:num of params=36864
06/21 22:05:21 - mmengine - INFO - paramwise_options -- neck.Rep_p3.m.block.4.conv1.block.bn.weight:num of params=64
06/21 22:05:21 - mmengine - INFO - paramwise_options -- neck.Rep_p3.m.block.4.conv1.block.bn.bias:num of params=64
06/21 22:05:21 - mmengine - INFO - paramwise_options -- neck.Rep_p3.m.block.4.conv2.block.conv.weight:num of params=36864
06/21 22:05:21 - mmengine - INFO - paramwise_options -- neck.Rep_p3.m.block.4.conv2.block.bn.weight:num of params=64
06/21 22:05:21 - mmengine - INFO - paramwise_options -- neck.Rep_p3.m.block.4.conv2.block.bn.bias:num of params=64
06/21 22:05:21 - mmengine - INFO - paramwise_options -- neck.downsample2.block.conv.weight:num of params=147456
06/21 22:05:21 - mmengine - INFO - paramwise_options -- neck.downsample2.block.bn.weight:num of params=128
06/21 22:05:21 - mmengine - INFO - paramwise_options -- neck.downsample2.block.bn.bias:num of params=128
06/21 22:05:21 - mmengine - INFO - paramwise_options -- neck.Rep_n3.cv1.block.conv.weight:num of params=32768
06/21 22:05:21 - mmengine - INFO - paramwise_options -- neck.Rep_n3.cv1.block.bn.weight:num of params=128
06/21 22:05:21 - mmengine - INFO - paramwise_options -- neck.Rep_n3.cv1.block.bn.bias:num of params=128
06/21 22:05:21 - mmengine - INFO - paramwise_options -- neck.Rep_n3.cv2.block.conv.weight:num of params=32768
06/21 22:05:21 - mmengine - INFO - paramwise_options -- neck.Rep_n3.cv2.block.bn.weight:num of params=128
06/21 22:05:21 - mmengine - INFO - paramwise_options -- neck.Rep_n3.cv2.block.bn.bias:num of params=128
06/21 22:05:21 - mmengine - INFO - paramwise_options -- neck.Rep_n3.cv3.block.conv.weight:num of params=65536
06/21 22:05:21 - mmengine - INFO - paramwise_options -- neck.Rep_n3.cv3.block.bn.weight:num of params=256
06/21 22:05:21 - mmengine - INFO - paramwise_options -- neck.Rep_n3.cv3.block.bn.bias:num of params=256
06/21 22:05:21 - mmengine - INFO - paramwise_options -- neck.Rep_n3.m.conv1.alpha:num of params=1
06/21 22:05:21 - mmengine - INFO - paramwise_options -- neck.Rep_n3.m.conv1.conv1.block.conv.weight:num of params=147456
06/21 22:05:21 - mmengine - INFO - paramwise_options -- neck.Rep_n3.m.conv1.conv1.block.bn.weight:num of params=128
06/21 22:05:21 - mmengine - INFO - paramwise_options -- neck.Rep_n3.m.conv1.conv1.block.bn.bias:num of params=128
06/21 22:05:21 - mmengine - INFO - paramwise_options -- neck.Rep_n3.m.conv1.conv2.block.conv.weight:num of params=147456
06/21 22:05:21 - mmengine - INFO - paramwise_options -- neck.Rep_n3.m.conv1.conv2.block.bn.weight:num of params=128
06/21 22:05:21 - mmengine - INFO - paramwise_options -- neck.Rep_n3.m.conv1.conv2.block.bn.bias:num of params=128
06/21 22:05:21 - mmengine - INFO - paramwise_options -- neck.Rep_n3.m.block.0.alpha:num of params=1
06/21 22:05:21 - mmengine - INFO - paramwise_options -- neck.Rep_n3.m.block.0.conv1.block.conv.weight:num of params=147456
06/21 22:05:21 - mmengine - INFO - paramwise_options -- neck.Rep_n3.m.block.0.conv1.block.bn.weight:num of params=128
06/21 22:05:21 - mmengine - INFO - paramwise_options -- neck.Rep_n3.m.block.0.conv1.block.bn.bias:num of params=128
06/21 22:05:21 - mmengine - INFO - paramwise_options -- neck.Rep_n3.m.block.0.conv2.block.conv.weight:num of params=147456
06/21 22:05:21 - mmengine - INFO - paramwise_options -- neck.Rep_n3.m.block.0.conv2.block.bn.weight:num of params=128
06/21 22:05:21 - mmengine - INFO - paramwise_options -- neck.Rep_n3.m.block.0.conv2.block.bn.bias:num of params=128
06/21 22:05:21 - mmengine - INFO - paramwise_options -- neck.Rep_n3.m.block.1.alpha:num of params=1
06/21 22:05:21 - mmengine - INFO - paramwise_options -- neck.Rep_n3.m.block.1.conv1.block.conv.weight:num of params=147456
06/21 22:05:21 - mmengine - INFO - paramwise_options -- neck.Rep_n3.m.block.1.conv1.block.bn.weight:num of params=128
06/21 22:05:21 - mmengine - INFO - paramwise_options -- neck.Rep_n3.m.block.1.conv1.block.bn.bias:num of params=128
06/21 22:05:21 - mmengine - INFO - paramwise_options -- neck.Rep_n3.m.block.1.conv2.block.conv.weight:num of params=147456
06/21 22:05:21 - mmengine - INFO - paramwise_options -- neck.Rep_n3.m.block.1.conv2.block.bn.weight:num of params=128
06/21 22:05:21 - mmengine - INFO - paramwise_options -- neck.Rep_n3.m.block.1.conv2.block.bn.bias:num of params=128
06/21 22:05:21 - mmengine - INFO - paramwise_options -- neck.Rep_n3.m.block.2.alpha:num of params=1
06/21 22:05:21 - mmengine - INFO - paramwise_options -- neck.Rep_n3.m.block.2.conv1.block.conv.weight:num of params=147456
06/21 22:05:21 - mmengine - INFO - paramwise_options -- neck.Rep_n3.m.block.2.conv1.block.bn.weight:num of params=128
06/21 22:05:21 - mmengine - INFO - paramwise_options -- neck.Rep_n3.m.block.2.conv1.block.bn.bias:num of params=128
06/21 22:05:21 - mmengine - INFO - paramwise_options -- neck.Rep_n3.m.block.2.conv2.block.conv.weight:num of params=147456
06/21 22:05:21 - mmengine - INFO - paramwise_options -- neck.Rep_n3.m.block.2.conv2.block.bn.weight:num of params=128
06/21 22:05:21 - mmengine - INFO - paramwise_options -- neck.Rep_n3.m.block.2.conv2.block.bn.bias:num of params=128
06/21 22:05:21 - mmengine - INFO - paramwise_options -- neck.Rep_n3.m.block.3.alpha:num of params=1
06/21 22:05:21 - mmengine - INFO - paramwise_options -- neck.Rep_n3.m.block.3.conv1.block.conv.weight:num of params=147456
06/21 22:05:21 - mmengine - INFO - paramwise_options -- neck.Rep_n3.m.block.3.conv1.block.bn.weight:num of params=128
06/21 22:05:21 - mmengine - INFO - paramwise_options -- neck.Rep_n3.m.block.3.conv1.block.bn.bias:num of params=128
06/21 22:05:21 - mmengine - INFO - paramwise_options -- neck.Rep_n3.m.block.3.conv2.block.conv.weight:num of params=147456
06/21 22:05:21 - mmengine - INFO - paramwise_options -- neck.Rep_n3.m.block.3.conv2.block.bn.weight:num of params=128
06/21 22:05:21 - mmengine - INFO - paramwise_options -- neck.Rep_n3.m.block.3.conv2.block.bn.bias:num of params=128
06/21 22:05:21 - mmengine - INFO - paramwise_options -- neck.Rep_n3.m.block.4.alpha:num of params=1
06/21 22:05:21 - mmengine - INFO - paramwise_options -- neck.Rep_n3.m.block.4.conv1.block.conv.weight:num of params=147456
06/21 22:05:21 - mmengine - INFO - paramwise_options -- neck.Rep_n3.m.block.4.conv1.block.bn.weight:num of params=128
06/21 22:05:21 - mmengine - INFO - paramwise_options -- neck.Rep_n3.m.block.4.conv1.block.bn.bias:num of params=128
06/21 22:05:21 - mmengine - INFO - paramwise_options -- neck.Rep_n3.m.block.4.conv2.block.conv.weight:num of params=147456
06/21 22:05:21 - mmengine - INFO - paramwise_options -- neck.Rep_n3.m.block.4.conv2.block.bn.weight:num of params=128
06/21 22:05:21 - mmengine - INFO - paramwise_options -- neck.Rep_n3.m.block.4.conv2.block.bn.bias:num of params=128
06/21 22:05:21 - mmengine - INFO - paramwise_options -- neck.downsample1.block.conv.weight:num of params=589824
06/21 22:05:21 - mmengine - INFO - paramwise_options -- neck.downsample1.block.bn.weight:num of params=256
06/21 22:05:21 - mmengine - INFO - paramwise_options -- neck.downsample1.block.bn.bias:num of params=256
06/21 22:05:21 - mmengine - INFO - paramwise_options -- neck.Rep_n4.cv1.block.conv.weight:num of params=131072
06/21 22:05:21 - mmengine - INFO - paramwise_options -- neck.Rep_n4.cv1.block.bn.weight:num of params=256
06/21 22:05:21 - mmengine - INFO - paramwise_options -- neck.Rep_n4.cv1.block.bn.bias:num of params=256
06/21 22:05:21 - mmengine - INFO - paramwise_options -- neck.Rep_n4.cv2.block.conv.weight:num of params=131072
06/21 22:05:21 - mmengine - INFO - paramwise_options -- neck.Rep_n4.cv2.block.bn.weight:num of params=256
06/21 22:05:21 - mmengine - INFO - paramwise_options -- neck.Rep_n4.cv2.block.bn.bias:num of params=256
06/21 22:05:21 - mmengine - INFO - paramwise_options -- neck.Rep_n4.cv3.block.conv.weight:num of params=262144
06/21 22:05:21 - mmengine - INFO - paramwise_options -- neck.Rep_n4.cv3.block.bn.weight:num of params=512
06/21 22:05:21 - mmengine - INFO - paramwise_options -- neck.Rep_n4.cv3.block.bn.bias:num of params=512
06/21 22:05:21 - mmengine - INFO - paramwise_options -- neck.Rep_n4.m.conv1.alpha:num of params=1
06/21 22:05:21 - mmengine - INFO - paramwise_options -- neck.Rep_n4.m.conv1.conv1.block.conv.weight:num of params=589824
06/21 22:05:21 - mmengine - INFO - paramwise_options -- neck.Rep_n4.m.conv1.conv1.block.bn.weight:num of params=256
06/21 22:05:21 - mmengine - INFO - paramwise_options -- neck.Rep_n4.m.conv1.conv1.block.bn.bias:num of params=256
06/21 22:05:21 - mmengine - INFO - paramwise_options -- neck.Rep_n4.m.conv1.conv2.block.conv.weight:num of params=589824
06/21 22:05:21 - mmengine - INFO - paramwise_options -- neck.Rep_n4.m.conv1.conv2.block.bn.weight:num of params=256
06/21 22:05:21 - mmengine - INFO - paramwise_options -- neck.Rep_n4.m.conv1.conv2.block.bn.bias:num of params=256
06/21 22:05:21 - mmengine - INFO - paramwise_options -- neck.Rep_n4.m.block.0.alpha:num of params=1
06/21 22:05:21 - mmengine - INFO - paramwise_options -- neck.Rep_n4.m.block.0.conv1.block.conv.weight:num of params=589824
06/21 22:05:21 - mmengine - INFO - paramwise_options -- neck.Rep_n4.m.block.0.conv1.block.bn.weight:num of params=256
06/21 22:05:21 - mmengine - INFO - paramwise_options -- neck.Rep_n4.m.block.0.conv1.block.bn.bias:num of params=256
06/21 22:05:21 - mmengine - INFO - paramwise_options -- neck.Rep_n4.m.block.0.conv2.block.conv.weight:num of params=589824
06/21 22:05:21 - mmengine - INFO - paramwise_options -- neck.Rep_n4.m.block.0.conv2.block.bn.weight:num of params=256
06/21 22:05:21 - mmengine - INFO - paramwise_options -- neck.Rep_n4.m.block.0.conv2.block.bn.bias:num of params=256
06/21 22:05:21 - mmengine - INFO - paramwise_options -- neck.Rep_n4.m.block.1.alpha:num of params=1
06/21 22:05:21 - mmengine - INFO - paramwise_options -- neck.Rep_n4.m.block.1.conv1.block.conv.weight:num of params=589824
06/21 22:05:21 - mmengine - INFO - paramwise_options -- neck.Rep_n4.m.block.1.conv1.block.bn.weight:num of params=256
06/21 22:05:21 - mmengine - INFO - paramwise_options -- neck.Rep_n4.m.block.1.conv1.block.bn.bias:num of params=256
06/21 22:05:21 - mmengine - INFO - paramwise_options -- neck.Rep_n4.m.block.1.conv2.block.conv.weight:num of params=589824
06/21 22:05:21 - mmengine - INFO - paramwise_options -- neck.Rep_n4.m.block.1.conv2.block.bn.weight:num of params=256
06/21 22:05:21 - mmengine - INFO - paramwise_options -- neck.Rep_n4.m.block.1.conv2.block.bn.bias:num of params=256
06/21 22:05:21 - mmengine - INFO - paramwise_options -- neck.Rep_n4.m.block.2.alpha:num of params=1
06/21 22:05:21 - mmengine - INFO - paramwise_options -- neck.Rep_n4.m.block.2.conv1.block.conv.weight:num of params=589824
06/21 22:05:21 - mmengine - INFO - paramwise_options -- neck.Rep_n4.m.block.2.conv1.block.bn.weight:num of params=256
06/21 22:05:21 - mmengine - INFO - paramwise_options -- neck.Rep_n4.m.block.2.conv1.block.bn.bias:num of params=256
06/21 22:05:21 - mmengine - INFO - paramwise_options -- neck.Rep_n4.m.block.2.conv2.block.conv.weight:num of params=589824
06/21 22:05:21 - mmengine - INFO - paramwise_options -- neck.Rep_n4.m.block.2.conv2.block.bn.weight:num of params=256
06/21 22:05:21 - mmengine - INFO - paramwise_options -- neck.Rep_n4.m.block.2.conv2.block.bn.bias:num of params=256
06/21 22:05:21 - mmengine - INFO - paramwise_options -- neck.Rep_n4.m.block.3.alpha:num of params=1
06/21 22:05:21 - mmengine - INFO - paramwise_options -- neck.Rep_n4.m.block.3.conv1.block.conv.weight:num of params=589824
06/21 22:05:21 - mmengine - INFO - paramwise_options -- neck.Rep_n4.m.block.3.conv1.block.bn.weight:num of params=256
06/21 22:05:21 - mmengine - INFO - paramwise_options -- neck.Rep_n4.m.block.3.conv1.block.bn.bias:num of params=256
06/21 22:05:21 - mmengine - INFO - paramwise_options -- neck.Rep_n4.m.block.3.conv2.block.conv.weight:num of params=589824
06/21 22:05:21 - mmengine - INFO - paramwise_options -- neck.Rep_n4.m.block.3.conv2.block.bn.weight:num of params=256
06/21 22:05:21 - mmengine - INFO - paramwise_options -- neck.Rep_n4.m.block.3.conv2.block.bn.bias:num of params=256
06/21 22:05:21 - mmengine - INFO - paramwise_options -- neck.Rep_n4.m.block.4.alpha:num of params=1
06/21 22:05:21 - mmengine - INFO - paramwise_options -- neck.Rep_n4.m.block.4.conv1.block.conv.weight:num of params=589824
06/21 22:05:21 - mmengine - INFO - paramwise_options -- neck.Rep_n4.m.block.4.conv1.block.bn.weight:num of params=256
06/21 22:05:21 - mmengine - INFO - paramwise_options -- neck.Rep_n4.m.block.4.conv1.block.bn.bias:num of params=256
06/21 22:05:21 - mmengine - INFO - paramwise_options -- neck.Rep_n4.m.block.4.conv2.block.conv.weight:num of params=589824
06/21 22:05:21 - mmengine - INFO - paramwise_options -- neck.Rep_n4.m.block.4.conv2.block.bn.weight:num of params=256
06/21 22:05:21 - mmengine - INFO - paramwise_options -- neck.Rep_n4.m.block.4.conv2.block.bn.bias:num of params=256
06/21 22:05:21 - mmengine - INFO - paramwise_options -- bbox_head.head_module.cls_preds.0.0.conv.weight:num of params=294912
06/21 22:05:21 - mmengine - INFO - paramwise_options -- bbox_head.head_module.cls_preds.0.0.bn.weight:num of params=256
06/21 22:05:21 - mmengine - INFO - paramwise_options -- bbox_head.head_module.cls_preds.0.0.bn.bias:num of params=256
06/21 22:05:21 - mmengine - INFO - paramwise_options -- bbox_head.head_module.cls_preds.0.1.conv.weight:num of params=589824
06/21 22:05:21 - mmengine - INFO - paramwise_options -- bbox_head.head_module.cls_preds.0.1.bn.weight:num of params=256
06/21 22:05:21 - mmengine - INFO - paramwise_options -- bbox_head.head_module.cls_preds.0.1.bn.bias:num of params=256
06/21 22:05:21 - mmengine - INFO - paramwise_options -- bbox_head.head_module.cls_preds.0.2.weight:num of params=196608
06/21 22:05:21 - mmengine - INFO - paramwise_options -- bbox_head.head_module.cls_preds.0.2.bias:num of params=768
06/21 22:05:21 - mmengine - INFO - paramwise_options -- bbox_head.head_module.cls_preds.1.0.conv.weight:num of params=589824
06/21 22:05:21 - mmengine - INFO - paramwise_options -- bbox_head.head_module.cls_preds.1.0.bn.weight:num of params=256
06/21 22:05:21 - mmengine - INFO - paramwise_options -- bbox_head.head_module.cls_preds.1.0.bn.bias:num of params=256
06/21 22:05:21 - mmengine - INFO - paramwise_options -- bbox_head.head_module.cls_preds.1.1.conv.weight:num of params=589824
06/21 22:05:21 - mmengine - INFO - paramwise_options -- bbox_head.head_module.cls_preds.1.1.bn.weight:num of params=256
06/21 22:05:21 - mmengine - INFO - paramwise_options -- bbox_head.head_module.cls_preds.1.1.bn.bias:num of params=256
06/21 22:05:21 - mmengine - INFO - paramwise_options -- bbox_head.head_module.cls_preds.1.2.weight:num of params=196608
06/21 22:05:21 - mmengine - INFO - paramwise_options -- bbox_head.head_module.cls_preds.1.2.bias:num of params=768
06/21 22:05:21 - mmengine - INFO - paramwise_options -- bbox_head.head_module.cls_preds.2.0.conv.weight:num of params=1179648
06/21 22:05:21 - mmengine - INFO - paramwise_options -- bbox_head.head_module.cls_preds.2.0.bn.weight:num of params=256
06/21 22:05:21 - mmengine - INFO - paramwise_options -- bbox_head.head_module.cls_preds.2.0.bn.bias:num of params=256
06/21 22:05:21 - mmengine - INFO - paramwise_options -- bbox_head.head_module.cls_preds.2.1.conv.weight:num of params=589824
06/21 22:05:21 - mmengine - INFO - paramwise_options -- bbox_head.head_module.cls_preds.2.1.bn.weight:num of params=256
06/21 22:05:21 - mmengine - INFO - paramwise_options -- bbox_head.head_module.cls_preds.2.1.bn.bias:num of params=256
06/21 22:05:21 - mmengine - INFO - paramwise_options -- bbox_head.head_module.cls_preds.2.2.weight:num of params=196608
06/21 22:05:21 - mmengine - INFO - paramwise_options -- bbox_head.head_module.cls_preds.2.2.bias:num of params=768
06/21 22:05:21 - mmengine - INFO - paramwise_options -- bbox_head.head_module.reg_preds.0.0.conv.weight:num of params=73728
06/21 22:05:21 - mmengine - INFO - paramwise_options -- bbox_head.head_module.reg_preds.0.0.bn.weight:num of params=64
06/21 22:05:21 - mmengine - INFO - paramwise_options -- bbox_head.head_module.reg_preds.0.0.bn.bias:num of params=64
06/21 22:05:21 - mmengine - INFO - paramwise_options -- bbox_head.head_module.reg_preds.0.1.conv.weight:num of params=36864
06/21 22:05:21 - mmengine - INFO - paramwise_options -- bbox_head.head_module.reg_preds.0.1.bn.weight:num of params=64
06/21 22:05:21 - mmengine - INFO - paramwise_options -- bbox_head.head_module.reg_preds.0.1.bn.bias:num of params=64
06/21 22:05:21 - mmengine - INFO - paramwise_options -- bbox_head.head_module.reg_preds.0.2.weight:num of params=4096
06/21 22:05:21 - mmengine - INFO - paramwise_options -- bbox_head.head_module.reg_preds.0.2.bias:num of params=64
06/21 22:05:21 - mmengine - INFO - paramwise_options -- bbox_head.head_module.reg_preds.1.0.conv.weight:num of params=147456
06/21 22:05:21 - mmengine - INFO - paramwise_options -- bbox_head.head_module.reg_preds.1.0.bn.weight:num of params=64
06/21 22:05:21 - mmengine - INFO - paramwise_options -- bbox_head.head_module.reg_preds.1.0.bn.bias:num of params=64
06/21 22:05:21 - mmengine - INFO - paramwise_options -- bbox_head.head_module.reg_preds.1.1.conv.weight:num of params=36864
06/21 22:05:21 - mmengine - INFO - paramwise_options -- bbox_head.head_module.reg_preds.1.1.bn.weight:num of params=64
06/21 22:05:21 - mmengine - INFO - paramwise_options -- bbox_head.head_module.reg_preds.1.1.bn.bias:num of params=64
06/21 22:05:21 - mmengine - INFO - paramwise_options -- bbox_head.head_module.reg_preds.1.2.weight:num of params=4096
06/21 22:05:21 - mmengine - INFO - paramwise_options -- bbox_head.head_module.reg_preds.1.2.bias:num of params=64
06/21 22:05:21 - mmengine - INFO - paramwise_options -- bbox_head.head_module.reg_preds.2.0.conv.weight:num of params=294912
06/21 22:05:21 - mmengine - INFO - paramwise_options -- bbox_head.head_module.reg_preds.2.0.bn.weight:num of params=64
06/21 22:05:21 - mmengine - INFO - paramwise_options -- bbox_head.head_module.reg_preds.2.0.bn.bias:num of params=64
06/21 22:05:21 - mmengine - INFO - paramwise_options -- bbox_head.head_module.reg_preds.2.1.conv.weight:num of params=36864
06/21 22:05:21 - mmengine - INFO - paramwise_options -- bbox_head.head_module.reg_preds.2.1.bn.weight:num of params=64
06/21 22:05:21 - mmengine - INFO - paramwise_options -- bbox_head.head_module.reg_preds.2.1.bn.bias:num of params=64
06/21 22:05:21 - mmengine - INFO - paramwise_options -- bbox_head.head_module.reg_preds.2.2.weight:num of params=4096
06/21 22:05:21 - mmengine - INFO - paramwise_options -- bbox_head.head_module.reg_preds.2.2.bias:num of params=64
06/21 22:05:21 - mmengine - INFO - paramwise_options -- bbox_head.head_module.cls_contrasts.0.bias:num of params=1
06/21 22:05:21 - mmengine - INFO - paramwise_options -- bbox_head.head_module.cls_contrasts.0.logit_scale:num of params=1
06/21 22:05:21 - mmengine - INFO - paramwise_options -- bbox_head.head_module.cls_contrasts.0.logit_scale:lr=3e-05
06/21 22:05:21 - mmengine - INFO - paramwise_options -- bbox_head.head_module.cls_contrasts.0.logit_scale:weight_decay=0.0
06/21 22:05:21 - mmengine - INFO - paramwise_options -- bbox_head.head_module.cls_contrasts.0.norm.weight:num of params=768
06/21 22:05:21 - mmengine - INFO - paramwise_options -- bbox_head.head_module.cls_contrasts.0.norm.bias:num of params=768
06/21 22:05:21 - mmengine - INFO - paramwise_options -- bbox_head.head_module.cls_contrasts.1.bias:num of params=1
06/21 22:05:21 - mmengine - INFO - paramwise_options -- bbox_head.head_module.cls_contrasts.1.logit_scale:num of params=1
06/21 22:05:21 - mmengine - INFO - paramwise_options -- bbox_head.head_module.cls_contrasts.1.logit_scale:lr=3e-05
06/21 22:05:21 - mmengine - INFO - paramwise_options -- bbox_head.head_module.cls_contrasts.1.logit_scale:weight_decay=0.0
06/21 22:05:21 - mmengine - INFO - paramwise_options -- bbox_head.head_module.cls_contrasts.1.norm.weight:num of params=768
06/21 22:05:21 - mmengine - INFO - paramwise_options -- bbox_head.head_module.cls_contrasts.1.norm.bias:num of params=768
06/21 22:05:21 - mmengine - INFO - paramwise_options -- bbox_head.head_module.cls_contrasts.2.bias:num of params=1
06/21 22:05:21 - mmengine - INFO - paramwise_options -- bbox_head.head_module.cls_contrasts.2.logit_scale:num of params=1
06/21 22:05:21 - mmengine - INFO - paramwise_options -- bbox_head.head_module.cls_contrasts.2.logit_scale:lr=3e-05
06/21 22:05:21 - mmengine - INFO - paramwise_options -- bbox_head.head_module.cls_contrasts.2.logit_scale:weight_decay=0.0
06/21 22:05:21 - mmengine - INFO - paramwise_options -- bbox_head.head_module.cls_contrasts.2.norm.weight:num of params=768
06/21 22:05:21 - mmengine - INFO - paramwise_options -- bbox_head.head_module.cls_contrasts.2.norm.bias:num of params=768
loading annotations into memory...
Done (t=0.51s)
creating index...
index created!
Done (t=0.42s)
creating index...
index created!
Done (t=0.39s)
creating index...
index created!
loading annotations into memory...
Done (t=0.43s)
creating index...
index created!
loading annotations into memory...
Done (t=0.39s)
creating index...
index created!
Loads checkpoint by local backend from path: work_dirs/base3stage_s1/epoch_8.pth
/home/siyuan/anaconda3/envs/wedetect_official/lib/python3.10/site-packages/mmengine/runner/checkpoint.py:347: FutureWarning: You are using `torch.load` with `weights_only=False` (the current default value), which uses the default pickle module implicitly. It is possible to construct malicious pickle data which will execute arbitrary code during unpickling (See https://github.com/pytorch/pytorch/blob/main/SECURITY.md#untrusted-models for more details). In a future release, the default value for `weights_only` will be flipped to `True`. This limits the functions that could be executed during unpickling. Arbitrary objects will no longer be allowed to be loaded via this mode unless they are explicitly allowlisted by the user via `torch.serialization.add_safe_globals`. We recommend you start setting `weights_only=True` for any use case where you don't have full control of the loaded file. Please open an issue on GitHub for any issues related to this experimental feature.
  checkpoint = torch.load(filename, map_location=map_location)
Loads checkpoint by local backend from path: work_dirs/base3stage_s1/epoch_8.pth
/home/siyuan/anaconda3/envs/wedetect_official/lib/python3.10/site-packages/mmengine/runner/checkpoint.py:347: FutureWarning: You are using `torch.load` with `weights_only=False` (the current default value), which uses the default pickle module implicitly. It is possible to construct malicious pickle data which will execute arbitrary code during unpickling (See https://github.com/pytorch/pytorch/blob/main/SECURITY.md#untrusted-models for more details). In a future release, the default value for `weights_only` will be flipped to `True`. This limits the functions that could be executed during unpickling. Arbitrary objects will no longer be allowed to be loaded via this mode unless they are explicitly allowlisted by the user via `torch.serialization.add_safe_globals`. We recommend you start setting `weights_only=True` for any use case where you don't have full control of the loaded file. Please open an issue on GitHub for any issues related to this experimental feature.
  checkpoint = torch.load(filename, map_location=map_location)
Loads checkpoint by local backend from path: work_dirs/base3stage_s1/epoch_8.pth
/home/siyuan/anaconda3/envs/wedetect_official/lib/python3.10/site-packages/mmengine/runner/checkpoint.py:347: FutureWarning: You are using `torch.load` with `weights_only=False` (the current default value), which uses the default pickle module implicitly. It is possible to construct malicious pickle data which will execute arbitrary code during unpickling (See https://github.com/pytorch/pytorch/blob/main/SECURITY.md#untrusted-models for more details). In a future release, the default value for `weights_only` will be flipped to `True`. This limits the functions that could be executed during unpickling. Arbitrary objects will no longer be allowed to be loaded via this mode unless they are explicitly allowlisted by the user via `torch.serialization.add_safe_globals`. We recommend you start setting `weights_only=True` for any use case where you don't have full control of the loaded file. Please open an issue on GitHub for any issues related to this experimental feature.
  checkpoint = torch.load(filename, map_location=map_location)
Loads checkpoint by local backend from path: work_dirs/base3stage_s1/epoch_8.pth
/home/siyuan/anaconda3/envs/wedetect_official/lib/python3.10/site-packages/mmengine/runner/checkpoint.py:347: FutureWarning: You are using `torch.load` with `weights_only=False` (the current default value), which uses the default pickle module implicitly. It is possible to construct malicious pickle data which will execute arbitrary code during unpickling (See https://github.com/pytorch/pytorch/blob/main/SECURITY.md#untrusted-models for more details). In a future release, the default value for `weights_only` will be flipped to `True`. This limits the functions that could be executed during unpickling. Arbitrary objects will no longer be allowed to be loaded via this mode unless they are explicitly allowlisted by the user via `torch.serialization.add_safe_globals`. We recommend you start setting `weights_only=True` for any use case where you don't have full control of the loaded file. Please open an issue on GitHub for any issues related to this experimental feature.
  checkpoint = torch.load(filename, map_location=map_location)
06/21 22:05:26 - mmengine - INFO - Load checkpoint from work_dirs/base3stage_s1/epoch_8.pth
06/21 22:05:26 - mmengine - WARNING - "FileClient" will be deprecated in future. Please use io functions in https://mmengine.readthedocs.io/en/latest/api/fileio.html#file-io
06/21 22:05:26 - mmengine - WARNING - "HardDiskBackend" is the alias of "LocalBackend" and the former will be deprecated in future.
06/21 22:05:26 - mmengine - INFO - Checkpoints will be saved to /home/siyuan/projects/LLMs/OralDetect-Family/WeDetect_repro/WeDetect/work_dirs/base3stage_s2.
/home/siyuan/anaconda3/envs/wedetect_official/lib/python3.10/site-packages/torch/functional.py:534: UserWarning: torch.meshgrid: in an upcoming release, it will be required to pass the indexing argument. (Triggered internally at ../aten/src/ATen/native/TensorShape.cpp:3595.)
  return _VF.meshgrid(tensors, **kwargs)  # type: ignore[attr-defined]
/home/siyuan/anaconda3/envs/wedetect_official/lib/python3.10/site-packages/torch/functional.py:534: UserWarning: torch.meshgrid: in an upcoming release, it will be required to pass the indexing argument. (Triggered internally at ../aten/src/ATen/native/TensorShape.cpp:3595.)
  return _VF.meshgrid(tensors, **kwargs)  # type: ignore[attr-defined]
/home/siyuan/anaconda3/envs/wedetect_official/lib/python3.10/site-packages/torch/functional.py:534: UserWarning: torch.meshgrid: in an upcoming release, it will be required to pass the indexing argument. (Triggered internally at ../aten/src/ATen/native/TensorShape.cpp:3595.)
  return _VF.meshgrid(tensors, **kwargs)  # type: ignore[attr-defined]
/home/siyuan/anaconda3/envs/wedetect_official/lib/python3.10/site-packages/torch/functional.py:534: UserWarning: torch.meshgrid: in an upcoming release, it will be required to pass the indexing argument. (Triggered internally at ../aten/src/ATen/native/TensorShape.cpp:3595.)
  return _VF.meshgrid(tensors, **kwargs)  # type: ignore[attr-defined]
[rank2]:[W621 22:05:29.221904142 reducer.cpp:1400] Warning: find_unused_parameters=True was specified in DDP constructor, but did not find any unused parameters in the forward pass. This flag results in an extra traversal of the autograd graph every iteration,  which can adversely affect performance. If your model indeed never has any unused parameters in the forward pass, consider turning this flag off. Note that this warning may be a false positive if your model has flow control causing later iterations to have unused parameters. (function operator())
[rank3]:[W621 22:05:29.224038562 reducer.cpp:1400] Warning: find_unused_parameters=True was specified in DDP constructor, but did not find any unused parameters in the forward pass. This flag results in an extra traversal of the autograd graph every iteration,  which can adversely affect performance. If your model indeed never has any unused parameters in the forward pass, consider turning this flag off. Note that this warning may be a false positive if your model has flow control causing later iterations to have unused parameters. (function operator())
[rank0]:[W621 22:05:29.224998988 reducer.cpp:1400] Warning: find_unused_parameters=True was specified in DDP constructor, but did not find any unused parameters in the forward pass. This flag results in an extra traversal of the autograd graph every iteration,  which can adversely affect performance. If your model indeed never has any unused parameters in the forward pass, consider turning this flag off. Note that this warning may be a false positive if your model has flow control causing later iterations to have unused parameters. (function operator())
[rank1]:[W621 22:05:29.311831760 reducer.cpp:1400] Warning: find_unused_parameters=True was specified in DDP constructor, but did not find any unused parameters in the forward pass. This flag results in an extra traversal of the autograd graph every iteration,  which can adversely affect performance. If your model indeed never has any unused parameters in the forward pass, consider turning this flag off. Note that this warning may be a false positive if your model has flow control causing later iterations to have unused parameters. (function operator())
06/21 22:05:52 - mmengine - INFO - Epoch(train) [1][  50/1294]  base_lr: 2.9719e-05 lr: 2.9719e-05  eta: 0:43:32  time: 0.5097  data_time: 0.0247  memory: 5457  grad_norm: 293.9851  loss: 109.3420  loss_cls: 36.3089  loss_bbox: 37.6360  loss_dfl: 35.3971
06/21 22:06:15 - mmengine - INFO - Epoch(train) [1][ 100/1294]  base_lr: 2.9432e-05 lr: 2.9432e-05  eta: 0:41:17  time: 0.4665  data_time: 0.0045  memory: 5417  grad_norm: 279.4163  loss: 109.3819  loss_cls: 37.0991  loss_bbox: 37.2028  loss_dfl: 35.0800
06/21 22:06:39 - mmengine - INFO - Epoch(train) [1][ 150/1294]  base_lr: 2.9145e-05 lr: 2.9145e-05  eta: 0:40:27  time: 0.4731  data_time: 0.0041  memory: 5417  grad_norm: 274.0159  loss: 110.4171  loss_cls: 35.9964  loss_bbox: 38.4965  loss_dfl: 35.9242
06/21 22:07:02 - mmengine - INFO - Epoch(train) [1][ 200/1294]  base_lr: 2.8858e-05 lr: 2.8858e-05  eta: 0:39:46  time: 0.4689  data_time: 0.0036  memory: 5497  grad_norm: 278.4018  loss: 110.6952  loss_cls: 36.2146  loss_bbox: 38.4926  loss_dfl: 35.9880
06/21 22:07:26 - mmengine - INFO - Epoch(train) [1][ 250/1294]  base_lr: 2.8571e-05 lr: 2.8571e-05  eta: 0:39:10  time: 0.4678  data_time: 0.0039  memory: 5277  grad_norm: 294.4719  loss: 111.3843  loss_cls: 36.7359  loss_bbox: 38.4371  loss_dfl: 36.2114
06/21 22:07:49 - mmengine - INFO - Epoch(train) [1][ 300/1294]  base_lr: 2.8284e-05 lr: 2.8284e-05  eta: 0:38:45  time: 0.4759  data_time: 0.0039  memory: 5424  grad_norm: 291.8838  loss: 110.1004  loss_cls: 36.0304  loss_bbox: 38.0798  loss_dfl: 35.9902
06/21 22:08:13 - mmengine - INFO - Epoch(train) [1][ 350/1294]  base_lr: 2.7997e-05 lr: 2.7997e-05  eta: 0:38:16  time: 0.4695  data_time: 0.0042  memory: 5370  grad_norm: 276.9759  loss: 111.7833  loss_cls: 37.8725  loss_bbox: 38.2236  loss_dfl: 35.6873
06/21 22:08:36 - mmengine - INFO - Epoch(train) [1][ 400/1294]  base_lr: 2.7710e-05 lr: 2.7710e-05  eta: 0:37:49  time: 0.4710  data_time: 0.0045  memory: 5270  grad_norm: 289.2266  loss: 112.6749  loss_cls: 38.1110  loss_bbox: 38.0789  loss_dfl: 36.4849
06/21 22:09:00 - mmengine - INFO - Epoch(train) [1][ 450/1294]  base_lr: 2.7423e-05 lr: 2.7423e-05  eta: 0:37:25  time: 0.4750  data_time: 0.0053  memory: 5277  grad_norm: 287.0603  loss: 110.0333  loss_cls: 36.3571  loss_bbox: 37.6921  loss_dfl: 35.9841
06/21 22:09:23 - mmengine - INFO - Epoch(train) [1][ 500/1294]  base_lr: 2.7136e-05 lr: 2.7136e-05  eta: 0:36:59  time: 0.4684  data_time: 0.0037  memory: 5364  grad_norm: 277.5744  loss: 110.7862  loss_cls: 36.6309  loss_bbox: 37.9545  loss_dfl: 36.2008
06/21 22:09:47 - mmengine - INFO - Epoch(train) [1][ 550/1294]  base_lr: 2.6849e-05 lr: 2.6849e-05  eta: 0:36:35  time: 0.4742  data_time: 0.0040  memory: 5564  grad_norm: 284.2138  loss: 112.9875  loss_cls: 38.4224  loss_bbox: 38.4470  loss_dfl: 36.1180
06/21 22:10:11 - mmengine - INFO - Epoch(train) [1][ 600/1294]  base_lr: 2.6562e-05 lr: 2.6562e-05  eta: 0:36:09  time: 0.4708  data_time: 0.0039  memory: 5464  grad_norm: 290.1002  loss: 111.0256  loss_cls: 36.6733  loss_bbox: 38.0865  loss_dfl: 36.2658
06/21 22:10:34 - mmengine - INFO - Epoch(train) [1][ 650/1294]  base_lr: 2.6275e-05 lr: 2.6275e-05  eta: 0:35:45  time: 0.4712  data_time: 0.0038  memory: 5417  grad_norm: 283.7012  loss: 111.3790  loss_cls: 37.0742  loss_bbox: 38.8649  loss_dfl: 35.4399
06/21 22:10:58 - mmengine - INFO - Epoch(train) [1][ 700/1294]  base_lr: 2.5988e-05 lr: 2.5988e-05  eta: 0:35:21  time: 0.4727  data_time: 0.0040  memory: 5370  grad_norm: 285.9027  loss: 109.9584  loss_cls: 36.3153  loss_bbox: 38.0078  loss_dfl: 35.6352
06/21 22:11:21 - mmengine - INFO - Epoch(train) [1][ 750/1294]  base_lr: 2.5701e-05 lr: 2.5701e-05  eta: 0:34:56  time: 0.4703  data_time: 0.0040  memory: 5390  grad_norm: 281.9292  loss: 110.2248  loss_cls: 36.4805  loss_bbox: 37.8699  loss_dfl: 35.8743
06/21 22:11:45 - mmengine - INFO - Epoch(train) [1][ 800/1294]  base_lr: 2.5414e-05 lr: 2.5414e-05  eta: 0:34:31  time: 0.4699  data_time: 0.0043  memory: 5490  grad_norm: 293.7256  loss: 111.3681  loss_cls: 37.7176  loss_bbox: 38.1041  loss_dfl: 35.5464
06/21 22:12:09 - mmengine - INFO - Epoch(train) [1][ 850/1294]  base_lr: 2.5127e-05 lr: 2.5127e-05  eta: 0:34:07  time: 0.4727  data_time: 0.0038  memory: 5797  grad_norm: 295.1229  loss: 115.0573  loss_cls: 39.2103  loss_bbox: 39.3925  loss_dfl: 36.4544
06/21 22:12:32 - mmengine - INFO - Epoch(train) [1][ 900/1294]  base_lr: 2.4841e-05 lr: 2.4841e-05  eta: 0:33:43  time: 0.4695  data_time: 0.0038  memory: 5352  grad_norm: 295.0576  loss: 112.7877  loss_cls: 37.9319  loss_bbox: 38.4162  loss_dfl: 36.4397
06/21 22:12:56 - mmengine - INFO - Epoch(train) [1][ 950/1294]  base_lr: 2.4554e-05 lr: 2.4554e-05  eta: 0:33:18  time: 0.4704  data_time: 0.0037  memory: 5599  grad_norm: 281.9687  loss: 110.4233  loss_cls: 36.1631  loss_bbox: 38.1841  loss_dfl: 36.0761
06/21 22:13:19 - mmengine - INFO - Exp name: wedetect_base_3stage_s2_20260621_220506
06/21 22:13:19 - mmengine - INFO - Epoch(train) [1][1000/1294]  base_lr: 2.4267e-05 lr: 2.4267e-05  eta: 0:32:55  time: 0.4750  data_time: 0.0043  memory: 5499  grad_norm: 278.4038  loss: 110.8026  loss_cls: 37.1268  loss_bbox: 37.6803  loss_dfl: 35.9955
06/21 22:13:43 - mmengine - INFO - Epoch(train) [1][1050/1294]  base_lr: 2.3980e-05 lr: 2.3980e-05  eta: 0:32:31  time: 0.4710  data_time: 0.0041  memory: 5452  grad_norm: 286.0564  loss: 111.3968  loss_cls: 36.8178  loss_bbox: 38.3136  loss_dfl: 36.2655
06/21 22:14:06 - mmengine - INFO - Epoch(train) [1][1100/1294]  base_lr: 2.3693e-05 lr: 2.3693e-05  eta: 0:32:07  time: 0.4706  data_time: 0.0040  memory: 5385  grad_norm: 269.7699  loss: 110.2817  loss_cls: 36.0506  loss_bbox: 38.3500  loss_dfl: 35.8811
06/21 22:14:30 - mmengine - INFO - Epoch(train) [1][1150/1294]  base_lr: 2.3406e-05 lr: 2.3406e-05  eta: 0:31:44  time: 0.4765  data_time: 0.0046  memory: 5272  grad_norm: 287.7417  loss: 109.9659  loss_cls: 36.9892  loss_bbox: 37.5662  loss_dfl: 35.4105
06/21 22:14:54 - mmengine - INFO - Epoch(train) [1][1200/1294]  base_lr: 2.3119e-05 lr: 2.3119e-05  eta: 0:31:20  time: 0.4717  data_time: 0.0045  memory: 5525  grad_norm: 287.8429  loss: 111.7185  loss_cls: 37.7036  loss_bbox: 38.4345  loss_dfl: 35.5804
06/21 22:15:18 - mmengine - INFO - Epoch(train) [1][1250/1294]  base_lr: 2.2832e-05 lr: 2.2832e-05  eta: 0:30:57  time: 0.4750  data_time: 0.0039  memory: 5379  grad_norm: 282.4964  loss: 109.8963  loss_cls: 36.8429  loss_bbox: 37.5467  loss_dfl: 35.5067
06/21 22:15:38 - mmengine - INFO - Exp name: wedetect_base_3stage_s2_20260621_220506
06/21 22:15:38 - mmengine - INFO - Saving checkpoint at 1 epochs
06/21 22:16:07 - mmengine - INFO - Epoch(train) [2][  50/1294]  base_lr: 2.2292e-05 lr: 2.2292e-05  eta: 0:30:13  time: 0.4832  data_time: 0.0191  memory: 5479  grad_norm: 273.2928  loss: 111.0657  loss_cls: 36.4835  loss_bbox: 38.5533  loss_dfl: 36.0289
06/21 22:16:30 - mmengine - INFO - Epoch(train) [2][ 100/1294]  base_lr: 2.2005e-05 lr: 2.2005e-05  eta: 0:29:49  time: 0.4723  data_time: 0.0043  memory: 5405  grad_norm: 282.0701  loss: 111.2539  loss_cls: 36.6914  loss_bbox: 38.5742  loss_dfl: 35.9883
06/21 22:16:54 - mmengine - INFO - Epoch(train) [2][ 150/1294]  base_lr: 2.1718e-05 lr: 2.1718e-05  eta: 0:29:26  time: 0.4744  data_time: 0.0046  memory: 5465  grad_norm: 280.7327  loss: 110.6147  loss_cls: 36.8790  loss_bbox: 38.3177  loss_dfl: 35.4179
06/21 22:17:18 - mmengine - INFO - Epoch(train) [2][ 200/1294]  base_lr: 2.1431e-05 lr: 2.1431e-05  eta: 0:29:01  time: 0.4697  data_time: 0.0042  memory: 5559  grad_norm: 282.2812  loss: 108.2377  loss_cls: 35.6464  loss_bbox: 36.9990  loss_dfl: 35.5923
06/21 22:17:42 - mmengine - INFO - Epoch(train) [2][ 250/1294]  base_lr: 2.1145e-05 lr: 2.1145e-05  eta: 0:28:39  time: 0.4799  data_time: 0.0042  memory: 5685  grad_norm: 280.9521  loss: 111.7611  loss_cls: 36.8592  loss_bbox: 38.7537  loss_dfl: 36.1482
06/21 22:18:05 - mmengine - INFO - Epoch(train) [2][ 300/1294]  base_lr: 2.0858e-05 lr: 2.0858e-05  eta: 0:28:15  time: 0.4716  data_time: 0.0045  memory: 5372  grad_norm: 281.7472  loss: 112.5592  loss_cls: 37.6386  loss_bbox: 39.0429  loss_dfl: 35.8777
06/21 22:18:29 - mmengine - INFO - Epoch(train) [2][ 350/1294]  base_lr: 2.0571e-05 lr: 2.0571e-05  eta: 0:27:51  time: 0.4705  data_time: 0.0041  memory: 5332  grad_norm: 278.3637  loss: 107.9986  loss_cls: 35.7395  loss_bbox: 37.0177  loss_dfl: 35.2414
06/21 22:18:53 - mmengine - INFO - Epoch(train) [2][ 400/1294]  base_lr: 2.0284e-05 lr: 2.0284e-05  eta: 0:27:28  time: 0.4783  data_time: 0.0042  memory: 5339  grad_norm: 292.2488  loss: 109.0336  loss_cls: 36.6042  loss_bbox: 37.1784  loss_dfl: 35.2510
06/21 22:19:16 - mmengine - INFO - Epoch(train) [2][ 450/1294]  base_lr: 1.9997e-05 lr: 1.9997e-05  eta: 0:27:04  time: 0.4705  data_time: 0.0044  memory: 5505  grad_norm: 284.5906  loss: 109.7679  loss_cls: 35.6926  loss_bbox: 38.1703  loss_dfl: 35.9049
06/21 22:19:40 - mmengine - INFO - Epoch(train) [2][ 500/1294]  base_lr: 1.9710e-05 lr: 1.9710e-05  eta: 0:26:40  time: 0.4708  data_time: 0.0044  memory: 5412  grad_norm: 281.7109  loss: 109.4920  loss_cls: 35.7148  loss_bbox: 38.1779  loss_dfl: 35.5993
06/21 22:20:03 - mmengine - INFO - Epoch(train) [2][ 550/1294]  base_lr: 1.9423e-05 lr: 1.9423e-05  eta: 0:26:16  time: 0.4762  data_time: 0.0045  memory: 5385  grad_norm: 280.7936  loss: 110.4736  loss_cls: 36.6223  loss_bbox: 38.1762  loss_dfl: 35.6751
06/21 22:20:27 - mmengine - INFO - Epoch(train) [2][ 600/1294]  base_lr: 1.9136e-05 lr: 1.9136e-05  eta: 0:25:52  time: 0.4692  data_time: 0.0040  memory: 5352  grad_norm: 296.7753  loss: 109.0141  loss_cls: 35.5418  loss_bbox: 37.5669  loss_dfl: 35.9053
06/21 22:20:51 - mmengine - INFO - Epoch(train) [2][ 650/1294]  base_lr: 1.8849e-05 lr: 1.8849e-05  eta: 0:25:29  time: 0.4734  data_time: 0.0040  memory: 5352  grad_norm: 281.2418  loss: 108.5843  loss_cls: 35.6881  loss_bbox: 37.3292  loss_dfl: 35.5670
06/21 22:21:14 - mmengine - INFO - Epoch(train) [2][ 700/1294]  base_lr: 1.8562e-05 lr: 1.8562e-05  eta: 0:25:05  time: 0.4743  data_time: 0.0041  memory: 5405  grad_norm: 290.7848  loss: 110.7127  loss_cls: 36.9220  loss_bbox: 38.0777  loss_dfl: 35.7130
06/21 22:21:17 - mmengine - INFO - Exp name: wedetect_base_3stage_s2_20260621_220506
06/21 22:21:38 - mmengine - INFO - Epoch(train) [2][ 750/1294]  base_lr: 1.8275e-05 lr: 1.8275e-05  eta: 0:24:41  time: 0.4713  data_time: 0.0043  memory: 5332  grad_norm: 281.5444  loss: 109.0737  loss_cls: 35.4782  loss_bbox: 37.8742  loss_dfl: 35.7213
06/21 22:22:02 - mmengine - INFO - Epoch(train) [2][ 800/1294]  base_lr: 1.7988e-05 lr: 1.7988e-05  eta: 0:24:18  time: 0.4769  data_time: 0.0038  memory: 5405  grad_norm: 293.5631  loss: 106.9088  loss_cls: 34.5861  loss_bbox: 37.1728  loss_dfl: 35.1498
06/21 22:22:25 - mmengine - INFO - Epoch(train) [2][ 850/1294]  base_lr: 1.7701e-05 lr: 1.7701e-05  eta: 0:23:54  time: 0.4713  data_time: 0.0043  memory: 5439  grad_norm: 279.9251  loss: 109.2874  loss_cls: 35.8644  loss_bbox: 37.6606  loss_dfl: 35.7625
06/21 22:22:49 - mmengine - INFO - Epoch(train) [2][ 900/1294]  base_lr: 1.7414e-05 lr: 1.7414e-05  eta: 0:23:30  time: 0.4701  data_time: 0.0045  memory: 5432  grad_norm: 286.0481  loss: 109.8389  loss_cls: 36.6975  loss_bbox: 37.5741  loss_dfl: 35.5673
06/21 22:23:13 - mmengine - INFO - Epoch(train) [2][ 950/1294]  base_lr: 1.7127e-05 lr: 1.7127e-05  eta: 0:23:07  time: 0.4764  data_time: 0.0040  memory: 5392  grad_norm: 286.9607  loss: 110.7642  loss_cls: 36.0431  loss_bbox: 38.6239  loss_dfl: 36.0971
06/21 22:23:36 - mmengine - INFO - Epoch(train) [2][1000/1294]  base_lr: 1.6840e-05 lr: 1.6840e-05  eta: 0:22:43  time: 0.4686  data_time: 0.0039  memory: 5419  grad_norm: 282.5165  loss: 109.8520  loss_cls: 36.3377  loss_bbox: 37.7972  loss_dfl: 35.7171
06/21 22:24:00 - mmengine - INFO - Epoch(train) [2][1050/1294]  base_lr: 1.6553e-05 lr: 1.6553e-05  eta: 0:22:19  time: 0.4700  data_time: 0.0036  memory: 5485  grad_norm: 286.2359  loss: 110.7824  loss_cls: 35.8263  loss_bbox: 38.8645  loss_dfl: 36.0916
06/21 22:24:23 - mmengine - INFO - Epoch(train) [2][1100/1294]  base_lr: 1.6266e-05 lr: 1.6266e-05  eta: 0:21:56  time: 0.4780  data_time: 0.0038  memory: 5705  grad_norm: 279.7869  loss: 110.6737  loss_cls: 36.7163  loss_bbox: 37.9592  loss_dfl: 35.9983
06/21 22:24:47 - mmengine - INFO - Epoch(train) [2][1150/1294]  base_lr: 1.5979e-05 lr: 1.5979e-05  eta: 0:21:32  time: 0.4700  data_time: 0.0036  memory: 5339  grad_norm: 279.7719  loss: 111.7872  loss_cls: 37.3148  loss_bbox: 38.3769  loss_dfl: 36.0955
06/21 22:25:11 - mmengine - INFO - Epoch(train) [2][1200/1294]  base_lr: 1.5692e-05 lr: 1.5692e-05  eta: 0:21:08  time: 0.4740  data_time: 0.0039  memory: 5519  grad_norm: 277.3218  loss: 109.5417  loss_cls: 35.8569  loss_bbox: 38.1477  loss_dfl: 35.5371
06/21 22:25:34 - mmengine - INFO - Epoch(train) [2][1250/1294]  base_lr: 1.5405e-05 lr: 1.5405e-05  eta: 0:20:45  time: 0.4725  data_time: 0.0039  memory: 5379  grad_norm: 284.2694  loss: 109.0172  loss_cls: 35.6108  loss_bbox: 37.7445  loss_dfl: 35.6619
06/21 22:25:55 - mmengine - INFO - Exp name: wedetect_base_3stage_s2_20260621_220506
06/21 22:25:55 - mmengine - INFO - Saving checkpoint at 2 epochs
06/21 22:26:03 - mmengine - INFO - Epoch(val) [2][  50/2587]    eta: 0:02:52  time: 0.0679  data_time: 0.0188  memory: 5419  
06/21 22:26:05 - mmengine - INFO - Epoch(val) [2][ 100/2587]    eta: 0:02:27  time: 0.0509  data_time: 0.0027  memory: 1854  
06/21 22:26:08 - mmengine - INFO - Epoch(val) [2][ 150/2587]    eta: 0:02:15  time: 0.0486  data_time: 0.0003  memory: 1854  
06/21 22:26:12 - mmengine - INFO - Epoch(val) [2][ 200/2587]    eta: 0:02:30  time: 0.0847  data_time: 0.0375  memory: 1854  
06/21 22:26:14 - mmengine - INFO - Epoch(val) [2][ 250/2587]    eta: 0:02:20  time: 0.0481  data_time: 0.0002  memory: 1854  
06/21 22:26:17 - mmengine - INFO - Epoch(val) [2][ 300/2587]    eta: 0:02:12  time: 0.0483  data_time: 0.0003  memory: 1854  
06/21 22:26:19 - mmengine - INFO - Epoch(val) [2][ 350/2587]    eta: 0:02:06  time: 0.0482  data_time: 0.0003  memory: 1854  
06/21 22:26:21 - mmengine - INFO - Epoch(val) [2][ 400/2587]    eta: 0:02:01  time: 0.0482  data_time: 0.0002  memory: 1854  
06/21 22:26:24 - mmengine - INFO - Epoch(val) [2][ 450/2587]    eta: 0:01:57  time: 0.0484  data_time: 0.0002  memory: 1854  
06/21 22:26:26 - mmengine - INFO - Epoch(val) [2][ 500/2587]    eta: 0:01:53  time: 0.0485  data_time: 0.0002  memory: 1854  
06/21 22:26:29 - mmengine - INFO - Epoch(val) [2][ 550/2587]    eta: 0:01:49  time: 0.0483  data_time: 0.0002  memory: 1854  
06/21 22:26:31 - mmengine - INFO - Epoch(val) [2][ 600/2587]    eta: 0:01:45  time: 0.0483  data_time: 0.0002  memory: 1854  
06/21 22:26:34 - mmengine - INFO - Epoch(val) [2][ 650/2587]    eta: 0:01:42  time: 0.0484  data_time: 0.0002  memory: 1854  
06/21 22:26:36 - mmengine - INFO - Epoch(val) [2][ 700/2587]    eta: 0:01:39  time: 0.0484  data_time: 0.0002  memory: 1854  
06/21 22:26:38 - mmengine - INFO - Epoch(val) [2][ 750/2587]    eta: 0:01:35  time: 0.0485  data_time: 0.0002  memory: 1854  
06/21 22:26:41 - mmengine - INFO - Epoch(val) [2][ 800/2587]    eta: 0:01:32  time: 0.0483  data_time: 0.0002  memory: 1854  
06/21 22:26:43 - mmengine - INFO - Epoch(val) [2][ 850/2587]    eta: 0:01:29  time: 0.0484  data_time: 0.0002  memory: 1854  
06/21 22:26:46 - mmengine - INFO - Epoch(val) [2][ 900/2587]    eta: 0:01:27  time: 0.0484  data_time: 0.0002  memory: 1854  
06/21 22:26:48 - mmengine - INFO - Epoch(val) [2][ 950/2587]    eta: 0:01:24  time: 0.0486  data_time: 0.0002  memory: 1854  
06/21 22:26:50 - mmengine - INFO - Epoch(val) [2][1000/2587]    eta: 0:01:21  time: 0.0484  data_time: 0.0002  memory: 1854  
06/21 22:26:53 - mmengine - INFO - Epoch(val) [2][1050/2587]    eta: 0:01:18  time: 0.0484  data_time: 0.0002  memory: 1854  
06/21 22:26:55 - mmengine - INFO - Epoch(val) [2][1100/2587]    eta: 0:01:15  time: 0.0488  data_time: 0.0002  memory: 1854  
06/21 22:26:58 - mmengine - INFO - Epoch(val) [2][1150/2587]    eta: 0:01:13  time: 0.0484  data_time: 0.0002  memory: 1854  
06/21 22:27:00 - mmengine - INFO - Epoch(val) [2][1200/2587]    eta: 0:01:10  time: 0.0484  data_time: 0.0002  memory: 1854  
06/21 22:27:03 - mmengine - INFO - Epoch(val) [2][1250/2587]    eta: 0:01:07  time: 0.0485  data_time: 0.0002  memory: 1854  
06/21 22:27:05 - mmengine - INFO - Epoch(val) [2][1300/2587]    eta: 0:01:05  time: 0.0486  data_time: 0.0003  memory: 1854  
06/21 22:27:07 - mmengine - INFO - Epoch(val) [2][1350/2587]    eta: 0:01:02  time: 0.0487  data_time: 0.0003  memory: 1854  
06/21 22:27:10 - mmengine - INFO - Epoch(val) [2][1400/2587]    eta: 0:00:59  time: 0.0491  data_time: 0.0003  memory: 1854  
06/21 22:27:12 - mmengine - INFO - Epoch(val) [2][1450/2587]    eta: 0:00:57  time: 0.0491  data_time: 0.0003  memory: 1854  
06/21 22:27:15 - mmengine - INFO - Epoch(val) [2][1500/2587]    eta: 0:00:54  time: 0.0490  data_time: 0.0003  memory: 1854  
06/21 22:27:17 - mmengine - INFO - Epoch(val) [2][1550/2587]    eta: 0:00:52  time: 0.0488  data_time: 0.0003  memory: 1854  
06/21 22:27:20 - mmengine - INFO - Epoch(val) [2][1600/2587]    eta: 0:00:49  time: 0.0486  data_time: 0.0003  memory: 1854  
06/21 22:27:22 - mmengine - INFO - Epoch(val) [2][1650/2587]    eta: 0:00:47  time: 0.0486  data_time: 0.0003  memory: 1854  
06/21 22:27:25 - mmengine - INFO - Epoch(val) [2][1700/2587]    eta: 0:00:44  time: 0.0488  data_time: 0.0004  memory: 1854  
06/21 22:27:27 - mmengine - INFO - Epoch(val) [2][1750/2587]    eta: 0:00:42  time: 0.0491  data_time: 0.0009  memory: 1854  
06/21 22:27:30 - mmengine - INFO - Epoch(val) [2][1800/2587]    eta: 0:00:39  time: 0.0510  data_time: 0.0028  memory: 1854  
06/21 22:27:32 - mmengine - INFO - Epoch(val) [2][1850/2587]    eta: 0:00:36  time: 0.0485  data_time: 0.0003  memory: 1854  
06/21 22:27:34 - mmengine - INFO - Epoch(val) [2][1900/2587]    eta: 0:00:34  time: 0.0489  data_time: 0.0003  memory: 1854  
06/21 22:27:37 - mmengine - INFO - Epoch(val) [2][1950/2587]    eta: 0:00:31  time: 0.0487  data_time: 0.0003  memory: 1854  
06/21 22:27:39 - mmengine - INFO - Epoch(val) [2][2000/2587]    eta: 0:00:29  time: 0.0491  data_time: 0.0003  memory: 1854  
06/21 22:27:42 - mmengine - INFO - Epoch(val) [2][2050/2587]    eta: 0:00:26  time: 0.0488  data_time: 0.0003  memory: 1854  
06/21 22:27:44 - mmengine - INFO - Epoch(val) [2][2100/2587]    eta: 0:00:24  time: 0.0486  data_time: 0.0003  memory: 1854  
06/21 22:27:47 - mmengine - INFO - Epoch(val) [2][2150/2587]    eta: 0:00:21  time: 0.0493  data_time: 0.0003  memory: 1854  
06/21 22:27:49 - mmengine - INFO - Epoch(val) [2][2200/2587]    eta: 0:00:19  time: 0.0485  data_time: 0.0003  memory: 1854  
06/21 22:27:52 - mmengine - INFO - Epoch(val) [2][2250/2587]    eta: 0:00:16  time: 0.0531  data_time: 0.0051  memory: 1854  
06/21 22:27:54 - mmengine - INFO - Epoch(val) [2][2300/2587]    eta: 0:00:14  time: 0.0484  data_time: 0.0002  memory: 1854  
06/21 22:27:57 - mmengine - INFO - Epoch(val) [2][2350/2587]    eta: 0:00:11  time: 0.0485  data_time: 0.0002  memory: 1854  
06/21 22:27:59 - mmengine - INFO - Epoch(val) [2][2400/2587]    eta: 0:00:09  time: 0.0488  data_time: 0.0003  memory: 1854  
06/21 22:28:02 - mmengine - INFO - Epoch(val) [2][2450/2587]    eta: 0:00:06  time: 0.0486  data_time: 0.0002  memory: 1854  
06/21 22:28:04 - mmengine - INFO - Epoch(val) [2][2500/2587]    eta: 0:00:04  time: 0.0485  data_time: 0.0002  memory: 1854  
06/21 22:28:06 - mmengine - INFO - Epoch(val) [2][2550/2587]    eta: 0:00:01  time: 0.0492  data_time: 0.0002  memory: 1854  
06/21 22:28:26 - mmengine - INFO - Evaluating bbox...
Loading and preparing results...
DONE (t=4.41s)
creating index...
index created!
Running per image evaluation...
Evaluate annotation type *bbox*
DONE (t=67.60s).
Accumulating evaluation results...
DONE (t=25.21s).
 Average Precision  (AP) @[ IoU=0.50:0.95 | area=   all | maxDets=100 ] = 0.401
 Average Precision  (AP) @[ IoU=0.50      | area=   all | maxDets=1000 ] = 0.565
 Average Precision  (AP) @[ IoU=0.75      | area=   all | maxDets=1000 ] = 0.466
 Average Precision  (AP) @[ IoU=0.50:0.95 | area= small | maxDets=1000 ] = 0.143
 Average Precision  (AP) @[ IoU=0.50:0.95 | area=medium | maxDets=1000 ] = 0.373
 Average Precision  (AP) @[ IoU=0.50:0.95 | area= large | maxDets=1000 ] = 0.465
 Average Recall     (AR) @[ IoU=0.50:0.95 | area=   all | maxDets=100 ] = 0.701
 Average Recall     (AR) @[ IoU=0.50:0.95 | area=   all | maxDets=300 ] = 0.701
 Average Recall     (AR) @[ IoU=0.50:0.95 | area=   all | maxDets=1000 ] = 0.701
 Average Recall     (AR) @[ IoU=0.50:0.95 | area= small | maxDets=1000 ] = 0.275
 Average Recall     (AR) @[ IoU=0.50:0.95 | area=medium | maxDets=1000 ] = 0.668
 Average Recall     (AR) @[ IoU=0.50:0.95 | area= large | maxDets=1000 ] = 0.760
06/21 22:30:09 - mmengine - INFO - bbox_mAP_copypaste: 0.401 0.565 0.466 0.143 0.373 0.465
06/21 22:30:11 - mmengine - INFO - Epoch(val) [2][2587/2587]    coco/bbox_mAP: 0.4010  coco/bbox_mAP_50: 0.5650  coco/bbox_mAP_75: 0.4660  coco/bbox_mAP_s: 0.1430  coco/bbox_mAP_m: 0.3730  coco/bbox_mAP_l: 0.4650  data_time: 0.0015  time: 0.0498
06/21 22:30:15 - mmengine - INFO - The best checkpoint with 0.4010 coco/bbox_mAP at 2 epoch is saved to best_coco_bbox_mAP_epoch_2.pth.
06/21 22:30:43 - mmengine - INFO - Epoch(train) [3][  50/1294]  base_lr: 1.4866e-05 lr: 1.4866e-05  eta: 0:20:00  time: 0.4856  data_time: 0.0144  memory: 5412  grad_norm: 278.5264  loss: 110.2283  loss_cls: 36.9306  loss_bbox: 37.8132  loss_dfl: 35.4846
06/21 22:31:06 - mmengine - INFO - Epoch(train) [3][ 100/1294]  base_lr: 1.4579e-05 lr: 1.4579e-05  eta: 0:19:36  time: 0.4638  data_time: 0.0042  memory: 5365  grad_norm: 283.9546  loss: 110.3191  loss_cls: 35.8937  loss_bbox: 38.2574  loss_dfl: 36.1680
06/21 22:31:30 - mmengine - INFO - Epoch(train) [3][ 150/1294]  base_lr: 1.4292e-05 lr: 1.4292e-05  eta: 0:19:12  time: 0.4663  data_time: 0.0040  memory: 5459  grad_norm: 280.6092  loss: 109.8879  loss_cls: 36.4083  loss_bbox: 38.2389  loss_dfl: 35.2407
06/21 22:31:54 - mmengine - INFO - Epoch(train) [3][ 200/1294]  base_lr: 1.4005e-05 lr: 1.4005e-05  eta: 0:18:49  time: 0.4796  data_time: 0.0045  memory: 5385  grad_norm: 281.6073  loss: 111.1294  loss_cls: 36.8676  loss_bbox: 38.9694  loss_dfl: 35.2925
06/21 22:32:17 - mmengine - INFO - Epoch(train) [3][ 250/1294]  base_lr: 1.3718e-05 lr: 1.3718e-05  eta: 0:18:25  time: 0.4670  data_time: 0.0040  memory: 5632  grad_norm: 285.1163  loss: 109.0811  loss_cls: 35.9520  loss_bbox: 37.8593  loss_dfl: 35.2698
06/21 22:32:41 - mmengine - INFO - Epoch(train) [3][ 300/1294]  base_lr: 1.3431e-05 lr: 1.3431e-05  eta: 0:18:01  time: 0.4709  data_time: 0.0039  memory: 5605  grad_norm: 284.5387  loss: 107.6522  loss_cls: 35.7614  loss_bbox: 37.0803  loss_dfl: 34.8105
06/21 22:33:04 - mmengine - INFO - Epoch(train) [3][ 350/1294]  base_lr: 1.3144e-05 lr: 1.3144e-05  eta: 0:17:38  time: 0.4762  data_time: 0.0044  memory: 5439  grad_norm: 287.1396  loss: 108.8898  loss_cls: 35.6027  loss_bbox: 37.6924  loss_dfl: 35.5946
06/21 22:33:28 - mmengine - INFO - Epoch(train) [3][ 400/1294]  base_lr: 1.2857e-05 lr: 1.2857e-05  eta: 0:17:14  time: 0.4692  data_time: 0.0040  memory: 5692  grad_norm: 279.2035  loss: 111.2280  loss_cls: 36.5076  loss_bbox: 38.9636  loss_dfl: 35.7567
06/21 22:33:34 - mmengine - INFO - Exp name: wedetect_base_3stage_s2_20260621_220506
06/21 22:33:52 - mmengine - INFO - Epoch(train) [3][ 450/1294]  base_lr: 1.2570e-05 lr: 1.2570e-05  eta: 0:16:51  time: 0.4780  data_time: 0.0039  memory: 5285  grad_norm: 287.4939  loss: 107.4794  loss_cls: 35.1949  loss_bbox: 36.9712  loss_dfl: 35.3134
06/21 22:34:15 - mmengine - INFO - Epoch(train) [3][ 500/1294]  base_lr: 1.2283e-05 lr: 1.2283e-05  eta: 0:16:27  time: 0.4696  data_time: 0.0047  memory: 5485  grad_norm: 276.3788  loss: 109.1325  loss_cls: 36.0540  loss_bbox: 37.5620  loss_dfl: 35.5166
06/21 22:34:39 - mmengine - INFO - Epoch(train) [3][ 550/1294]  base_lr: 1.1996e-05 lr: 1.1996e-05  eta: 0:16:03  time: 0.4691  data_time: 0.0040  memory: 5405  grad_norm: 286.8616  loss: 112.7584  loss_cls: 37.8707  loss_bbox: 38.8286  loss_dfl: 36.0591
06/21 22:35:03 - mmengine - INFO - Epoch(train) [3][ 600/1294]  base_lr: 1.1709e-05 lr: 1.1709e-05  eta: 0:15:40  time: 0.4779  data_time: 0.0037  memory: 5319  grad_norm: 287.5521  loss: 109.1587  loss_cls: 36.0731  loss_bbox: 37.5067  loss_dfl: 35.5789
06/21 22:35:26 - mmengine - INFO - Epoch(train) [3][ 650/1294]  base_lr: 1.1422e-05 lr: 1.1422e-05  eta: 0:15:16  time: 0.4686  data_time: 0.0040  memory: 5565  grad_norm: 287.3277  loss: 110.1412  loss_cls: 35.3805  loss_bbox: 38.5065  loss_dfl: 36.2542
06/21 22:35:50 - mmengine - INFO - Epoch(train) [3][ 700/1294]  base_lr: 1.1135e-05 lr: 1.1135e-05  eta: 0:14:52  time: 0.4736  data_time: 0.0040  memory: 5559  grad_norm: 288.3311  loss: 109.1435  loss_cls: 35.3325  loss_bbox: 37.9005  loss_dfl: 35.9105
06/21 22:36:14 - mmengine - INFO - Epoch(train) [3][ 750/1294]  base_lr: 1.0849e-05 lr: 1.0849e-05  eta: 0:14:29  time: 0.4775  data_time: 0.0043  memory: 5345  grad_norm: 287.2531  loss: 109.9800  loss_cls: 36.1987  loss_bbox: 38.2107  loss_dfl: 35.5706
06/21 22:36:37 - mmengine - INFO - Epoch(train) [3][ 800/1294]  base_lr: 1.0562e-05 lr: 1.0562e-05  eta: 0:14:05  time: 0.4682  data_time: 0.0038  memory: 5692  grad_norm: 276.7918  loss: 109.3730  loss_cls: 35.0199  loss_bbox: 38.6604  loss_dfl: 35.6927
06/21 22:37:01 - mmengine - INFO - Epoch(train) [3][ 850/1294]  base_lr: 1.0275e-05 lr: 1.0275e-05  eta: 0:13:41  time: 0.4720  data_time: 0.0039  memory: 5472  grad_norm: 280.4672  loss: 107.9023  loss_cls: 35.2343  loss_bbox: 37.4010  loss_dfl: 35.2670
06/21 22:37:24 - mmengine - INFO - Epoch(train) [3][ 900/1294]  base_lr: 9.9877e-06 lr: 9.9877e-06  eta: 0:13:18  time: 0.4754  data_time: 0.0039  memory: 5472  grad_norm: 289.3400  loss: 110.4485  loss_cls: 36.4399  loss_bbox: 38.1621  loss_dfl: 35.8466
06/21 22:37:48 - mmengine - INFO - Epoch(train) [3][ 950/1294]  base_lr: 9.7007e-06 lr: 9.7007e-06  eta: 0:12:54  time: 0.4741  data_time: 0.0039  memory: 5585  grad_norm: 299.7046  loss: 112.2597  loss_cls: 36.6557  loss_bbox: 39.3733  loss_dfl: 36.2307
06/21 22:38:12 - mmengine - INFO - Epoch(train) [3][1000/1294]  base_lr: 9.4137e-06 lr: 9.4137e-06  eta: 0:12:31  time: 0.4774  data_time: 0.0038  memory: 5965  grad_norm: 279.8413  loss: 108.5025  loss_cls: 35.4451  loss_bbox: 37.3141  loss_dfl: 35.7433
06/21 22:38:35 - mmengine - INFO - Epoch(train) [3][1050/1294]  base_lr: 9.1268e-06 lr: 9.1268e-06  eta: 0:12:07  time: 0.4684  data_time: 0.0039  memory: 5352  grad_norm: 285.8937  loss: 106.1896  loss_cls: 34.5222  loss_bbox: 36.9547  loss_dfl: 34.7127
06/21 22:38:59 - mmengine - INFO - Epoch(train) [3][1100/1294]  base_lr: 8.8398e-06 lr: 8.8398e-06  eta: 0:11:43  time: 0.4713  data_time: 0.0036  memory: 5512  grad_norm: 283.7984  loss: 109.9523  loss_cls: 36.3277  loss_bbox: 37.8240  loss_dfl: 35.8006
06/21 22:39:23 - mmengine - INFO - Epoch(train) [3][1150/1294]  base_lr: 8.5529e-06 lr: 8.5529e-06  eta: 0:11:20  time: 0.4783  data_time: 0.0037  memory: 5505  grad_norm: 298.0340  loss: 110.3401  loss_cls: 36.5503  loss_bbox: 38.4210  loss_dfl: 35.3688
06/21 22:39:46 - mmengine - INFO - Epoch(train) [3][1200/1294]  base_lr: 8.2659e-06 lr: 8.2659e-06  eta: 0:10:56  time: 0.4684  data_time: 0.0039  memory: 5365  grad_norm: 283.3214  loss: 110.5129  loss_cls: 36.0348  loss_bbox: 38.5461  loss_dfl: 35.9319
06/21 22:40:10 - mmengine - INFO - Epoch(train) [3][1250/1294]  base_lr: 7.9790e-06 lr: 7.9790e-06  eta: 0:10:32  time: 0.4725  data_time: 0.0039  memory: 5339  grad_norm: 277.7526  loss: 109.6782  loss_cls: 35.5210  loss_bbox: 38.1344  loss_dfl: 36.0228
06/21 22:40:31 - mmengine - INFO - Exp name: wedetect_base_3stage_s2_20260621_220506
06/21 22:40:31 - mmengine - INFO - Saving checkpoint at 3 epochs
06/21 22:40:59 - mmengine - INFO - Epoch(train) [4][  50/1294]  base_lr: 7.4395e-06 lr: 7.4395e-06  eta: 0:09:48  time: 0.4815  data_time: 0.0173  memory: 5472  grad_norm: 285.4578  loss: 108.2451  loss_cls: 35.3107  loss_bbox: 37.3065  loss_dfl: 35.6278
06/21 22:41:23 - mmengine - INFO - Epoch(train) [4][ 100/1294]  base_lr: 7.1525e-06 lr: 7.1525e-06  eta: 0:09:24  time: 0.4716  data_time: 0.0037  memory: 5405  grad_norm: 285.4081  loss: 109.7900  loss_cls: 35.4776  loss_bbox: 38.4809  loss_dfl: 35.8315
06/21 22:41:32 - mmengine - INFO - Exp name: wedetect_base_3stage_s2_20260621_220506
06/21 22:41:47 - mmengine - INFO - Epoch(train) [4][ 150/1294]  base_lr: 6.8656e-06 lr: 6.8656e-06  eta: 0:09:01  time: 0.4767  data_time: 0.0037  memory: 5492  grad_norm: 288.8728  loss: 107.4571  loss_cls: 34.8558  loss_bbox: 37.3409  loss_dfl: 35.2604
06/21 22:42:10 - mmengine - INFO - Epoch(train) [4][ 200/1294]  base_lr: 6.5786e-06 lr: 6.5786e-06  eta: 0:08:37  time: 0.4675  data_time: 0.0037  memory: 5385  grad_norm: 292.6196  loss: 109.1289  loss_cls: 35.4798  loss_bbox: 37.7359  loss_dfl: 35.9131
06/21 22:42:34 - mmengine - INFO - Epoch(train) [4][ 250/1294]  base_lr: 6.2917e-06 lr: 6.2917e-06  eta: 0:08:13  time: 0.4721  data_time: 0.0041  memory: 5472  grad_norm: 281.4919  loss: 108.7074  loss_cls: 35.2812  loss_bbox: 38.1335  loss_dfl: 35.2926
06/21 22:42:58 - mmengine - INFO - Epoch(train) [4][ 300/1294]  base_lr: 6.0047e-06 lr: 6.0047e-06  eta: 0:07:50  time: 0.4791  data_time: 0.0042  memory: 5459  grad_norm: 287.0249  loss: 105.9968  loss_cls: 33.9102  loss_bbox: 36.5629  loss_dfl: 35.5237
06/21 22:43:21 - mmengine - INFO - Epoch(train) [4][ 350/1294]  base_lr: 5.7177e-06 lr: 5.7177e-06  eta: 0:07:26  time: 0.4677  data_time: 0.0036  memory: 5319  grad_norm: 277.9068  loss: 106.8582  loss_cls: 34.4368  loss_bbox: 37.2829  loss_dfl: 35.1386
06/21 22:43:45 - mmengine - INFO - Epoch(train) [4][ 400/1294]  base_lr: 5.4308e-06 lr: 5.4308e-06  eta: 0:07:02  time: 0.4804  data_time: 0.0037  memory: 5319  grad_norm: 282.3160  loss: 107.6695  loss_cls: 34.8379  loss_bbox: 37.5363  loss_dfl: 35.2952
06/21 22:44:08 - mmengine - INFO - Epoch(train) [4][ 450/1294]  base_lr: 5.1438e-06 lr: 5.1438e-06  eta: 0:06:39  time: 0.4682  data_time: 0.0042  memory: 5439  grad_norm: 297.4195  loss: 108.5085  loss_cls: 35.4204  loss_bbox: 37.4184  loss_dfl: 35.6697
06/21 22:44:32 - mmengine - INFO - Epoch(train) [4][ 500/1294]  base_lr: 4.8569e-06 lr: 4.8569e-06  eta: 0:06:15  time: 0.4684  data_time: 0.0045  memory: 5412  grad_norm: 290.9544  loss: 106.3875  loss_cls: 34.2736  loss_bbox: 36.8506  loss_dfl: 35.2633
06/21 22:44:56 - mmengine - INFO - Epoch(train) [4][ 550/1294]  base_lr: 4.5699e-06 lr: 4.5699e-06  eta: 0:05:51  time: 0.4828  data_time: 0.0041  memory: 5385  grad_norm: 287.1354  loss: 110.3436  loss_cls: 36.3571  loss_bbox: 38.1693  loss_dfl: 35.8172
06/21 22:45:19 - mmengine - INFO - Epoch(train) [4][ 600/1294]  base_lr: 4.2830e-06 lr: 4.2830e-06  eta: 0:05:28  time: 0.4699  data_time: 0.0038  memory: 5599  grad_norm: 295.9578  loss: 110.7776  loss_cls: 35.4823  loss_bbox: 38.8793  loss_dfl: 36.4160
06/21 22:45:43 - mmengine - INFO - Epoch(train) [4][ 650/1294]  base_lr: 3.9960e-06 lr: 3.9960e-06  eta: 0:05:04  time: 0.4676  data_time: 0.0036  memory: 5465  grad_norm: 286.3781  loss: 108.7495  loss_cls: 35.0640  loss_bbox: 38.1176  loss_dfl: 35.5680
06/21 22:46:07 - mmengine - INFO - Epoch(train) [4][ 700/1294]  base_lr: 3.7090e-06 lr: 3.7090e-06  eta: 0:04:40  time: 0.4834  data_time: 0.0037  memory: 5325  grad_norm: 280.6375  loss: 108.2830  loss_cls: 35.2375  loss_bbox: 37.6459  loss_dfl: 35.3996
06/21 22:46:30 - mmengine - INFO - Epoch(train) [4][ 750/1294]  base_lr: 3.4221e-06 lr: 3.4221e-06  eta: 0:04:17  time: 0.4683  data_time: 0.0037  memory: 5299  grad_norm: 286.5765  loss: 108.1144  loss_cls: 35.0358  loss_bbox: 37.1856  loss_dfl: 35.8931
06/21 22:46:54 - mmengine - INFO - Epoch(train) [4][ 800/1294]  base_lr: 3.1351e-06 lr: 3.1351e-06  eta: 0:03:53  time: 0.4718  data_time: 0.0038  memory: 5312  grad_norm: 288.4743  loss: 110.5575  loss_cls: 35.7755  loss_bbox: 38.6837  loss_dfl: 36.0983
06/21 22:47:18 - mmengine - INFO - Epoch(train) [4][ 850/1294]  base_lr: 2.8482e-06 lr: 2.8482e-06  eta: 0:03:30  time: 0.4786  data_time: 0.0040  memory: 5619  grad_norm: 292.9227  loss: 109.7908  loss_cls: 35.9644  loss_bbox: 37.6951  loss_dfl: 36.1313
06/21 22:47:41 - mmengine - INFO - Epoch(train) [4][ 900/1294]  base_lr: 2.5612e-06 lr: 2.5612e-06  eta: 0:03:06  time: 0.4682  data_time: 0.0039  memory: 5559  grad_norm: 286.1609  loss: 109.3414  loss_cls: 35.7092  loss_bbox: 38.0379  loss_dfl: 35.5943
06/21 22:48:05 - mmengine - INFO - Epoch(train) [4][ 950/1294]  base_lr: 2.2743e-06 lr: 2.2743e-06  eta: 0:02:42  time: 0.4760  data_time: 0.0047  memory: 5445  grad_norm: 292.0787  loss: 108.6519  loss_cls: 35.2777  loss_bbox: 37.7268  loss_dfl: 35.6474
06/21 22:48:29 - mmengine - INFO - Epoch(train) [4][1000/1294]  base_lr: 1.9873e-06 lr: 1.9873e-06  eta: 0:02:19  time: 0.4752  data_time: 0.0036  memory: 5432  grad_norm: 276.7067  loss: 105.4256  loss_cls: 33.8907  loss_bbox: 36.5810  loss_dfl: 34.9539
06/21 22:48:52 - mmengine - INFO - Epoch(train) [4][1050/1294]  base_lr: 1.7003e-06 lr: 1.7003e-06  eta: 0:01:55  time: 0.4688  data_time: 0.0043  memory: 5525  grad_norm: 280.2533  loss: 109.7492  loss_cls: 36.1705  loss_bbox: 37.9561  loss_dfl: 35.6226
06/21 22:49:16 - mmengine - INFO - Epoch(train) [4][1100/1294]  base_lr: 1.4134e-06 lr: 1.4134e-06  eta: 0:01:31  time: 0.4797  data_time: 0.0039  memory: 5392  grad_norm: 294.7463  loss: 108.0026  loss_cls: 34.7648  loss_bbox: 37.5203  loss_dfl: 35.7175
06/21 22:49:25 - mmengine - INFO - Exp name: wedetect_base_3stage_s2_20260621_220506
06/21 22:49:40 - mmengine - INFO - Epoch(train) [4][1150/1294]  base_lr: 1.1264e-06 lr: 1.1264e-06  eta: 0:01:08  time: 0.4688  data_time: 0.0037  memory: 5419  grad_norm: 280.2812  loss: 105.8212  loss_cls: 33.5690  loss_bbox: 36.6146  loss_dfl: 35.6376
06/21 22:50:03 - mmengine - INFO - Epoch(train) [4][1200/1294]  base_lr: 8.3948e-07 lr: 8.3948e-07  eta: 0:00:44  time: 0.4677  data_time: 0.0037  memory: 5479  grad_norm: 285.0009  loss: 106.8462  loss_cls: 34.4241  loss_bbox: 37.1736  loss_dfl: 35.2486
06/21 22:50:27 - mmengine - INFO - Epoch(train) [4][1250/1294]  base_lr: 5.5252e-07 lr: 5.5252e-07  eta: 0:00:20  time: 0.4829  data_time: 0.0045  memory: 5412  grad_norm: 286.0098  loss: 107.9990  loss_cls: 35.3728  loss_bbox: 37.3561  loss_dfl: 35.2702
06/21 22:50:48 - mmengine - INFO - Exp name: wedetect_base_3stage_s2_20260621_220506
06/21 22:50:48 - mmengine - INFO - Saving checkpoint at 4 epochs
06/21 22:50:56 - mmengine - INFO - Epoch(val) [4][  50/2587]    eta: 0:02:43  time: 0.0643  data_time: 0.0168  memory: 5465  
06/21 22:50:58 - mmengine - INFO - Epoch(val) [4][ 100/2587]    eta: 0:02:22  time: 0.0507  data_time: 0.0026  memory: 1854  
06/21 22:51:01 - mmengine - INFO - Epoch(val) [4][ 150/2587]    eta: 0:02:12  time: 0.0487  data_time: 0.0003  memory: 1854  
06/21 22:51:05 - mmengine - INFO - Epoch(val) [4][ 200/2587]    eta: 0:02:28  time: 0.0844  data_time: 0.0370  memory: 1854  
06/21 22:51:07 - mmengine - INFO - Epoch(val) [4][ 250/2587]    eta: 0:02:18  time: 0.0482  data_time: 0.0002  memory: 1854  
06/21 22:51:10 - mmengine - INFO - Epoch(val) [4][ 300/2587]    eta: 0:02:11  time: 0.0481  data_time: 0.0002  memory: 1854  
06/21 22:51:12 - mmengine - INFO - Epoch(val) [4][ 350/2587]    eta: 0:02:05  time: 0.0481  data_time: 0.0002  memory: 1854  
06/21 22:51:14 - mmengine - INFO - Epoch(val) [4][ 400/2587]    eta: 0:02:00  time: 0.0483  data_time: 0.0002  memory: 1854  
06/21 22:51:17 - mmengine - INFO - Epoch(val) [4][ 450/2587]    eta: 0:01:56  time: 0.0482  data_time: 0.0002  memory: 1854  
06/21 22:51:19 - mmengine - INFO - Epoch(val) [4][ 500/2587]    eta: 0:01:52  time: 0.0483  data_time: 0.0002  memory: 1854  
06/21 22:51:22 - mmengine - INFO - Epoch(val) [4][ 550/2587]    eta: 0:01:48  time: 0.0483  data_time: 0.0002  memory: 1854  
06/21 22:51:24 - mmengine - INFO - Epoch(val) [4][ 600/2587]    eta: 0:01:44  time: 0.0483  data_time: 0.0002  memory: 1854  
06/21 22:51:26 - mmengine - INFO - Epoch(val) [4][ 650/2587]    eta: 0:01:41  time: 0.0484  data_time: 0.0002  memory: 1854  
06/21 22:51:29 - mmengine - INFO - Epoch(val) [4][ 700/2587]    eta: 0:01:38  time: 0.0484  data_time: 0.0002  memory: 1854  
06/21 22:51:31 - mmengine - INFO - Epoch(val) [4][ 750/2587]    eta: 0:01:35  time: 0.0485  data_time: 0.0002  memory: 1854  
06/21 22:51:34 - mmengine - INFO - Epoch(val) [4][ 800/2587]    eta: 0:01:32  time: 0.0483  data_time: 0.0002  memory: 1854  
06/21 22:51:36 - mmengine - INFO - Epoch(val) [4][ 850/2587]    eta: 0:01:29  time: 0.0492  data_time: 0.0003  memory: 1854  
06/21 22:51:39 - mmengine - INFO - Epoch(val) [4][ 900/2587]    eta: 0:01:26  time: 0.0483  data_time: 0.0002  memory: 1854  
06/21 22:51:41 - mmengine - INFO - Epoch(val) [4][ 950/2587]    eta: 0:01:23  time: 0.0483  data_time: 0.0002  memory: 1854  
06/21 22:51:43 - mmengine - INFO - Epoch(val) [4][1000/2587]    eta: 0:01:21  time: 0.0486  data_time: 0.0002  memory: 1854  
06/21 22:51:46 - mmengine - INFO - Epoch(val) [4][1050/2587]    eta: 0:01:18  time: 0.0484  data_time: 0.0002  memory: 1854  
06/21 22:51:48 - mmengine - INFO - Epoch(val) [4][1100/2587]    eta: 0:01:15  time: 0.0486  data_time: 0.0002  memory: 1854  
06/21 22:51:51 - mmengine - INFO - Epoch(val) [4][1150/2587]    eta: 0:01:12  time: 0.0484  data_time: 0.0002  memory: 1854  
06/21 22:51:53 - mmengine - INFO - Epoch(val) [4][1200/2587]    eta: 0:01:10  time: 0.0485  data_time: 0.0002  memory: 1854  
06/21 22:51:56 - mmengine - INFO - Epoch(val) [4][1250/2587]    eta: 0:01:07  time: 0.0484  data_time: 0.0002  memory: 1854  
06/21 22:51:58 - mmengine - INFO - Epoch(val) [4][1300/2587]    eta: 0:01:04  time: 0.0487  data_time: 0.0002  memory: 1854  
06/21 22:52:00 - mmengine - INFO - Epoch(val) [4][1350/2587]    eta: 0:01:02  time: 0.0493  data_time: 0.0003  memory: 1854  
06/21 22:52:03 - mmengine - INFO - Epoch(val) [4][1400/2587]    eta: 0:00:59  time: 0.0489  data_time: 0.0003  memory: 1854  
06/21 22:52:05 - mmengine - INFO - Epoch(val) [4][1450/2587]    eta: 0:00:57  time: 0.0491  data_time: 0.0003  memory: 1854  
06/21 22:52:08 - mmengine - INFO - Epoch(val) [4][1500/2587]    eta: 0:00:54  time: 0.0487  data_time: 0.0003  memory: 1854  
06/21 22:52:10 - mmengine - INFO - Epoch(val) [4][1550/2587]    eta: 0:00:52  time: 0.0496  data_time: 0.0003  memory: 1854  
06/21 22:52:13 - mmengine - INFO - Epoch(val) [4][1600/2587]    eta: 0:00:49  time: 0.0484  data_time: 0.0003  memory: 1854  
06/21 22:52:15 - mmengine - INFO - Epoch(val) [4][1650/2587]    eta: 0:00:46  time: 0.0485  data_time: 0.0003  memory: 1854  
06/21 22:52:18 - mmengine - INFO - Epoch(val) [4][1700/2587]    eta: 0:00:44  time: 0.0485  data_time: 0.0003  memory: 1854  
06/21 22:52:20 - mmengine - INFO - Epoch(val) [4][1750/2587]    eta: 0:00:41  time: 0.0492  data_time: 0.0011  memory: 1854  
06/21 22:52:23 - mmengine - INFO - Epoch(val) [4][1800/2587]    eta: 0:00:39  time: 0.0508  data_time: 0.0027  memory: 1854  
06/21 22:52:25 - mmengine - INFO - Epoch(val) [4][1850/2587]    eta: 0:00:36  time: 0.0487  data_time: 0.0003  memory: 1854  
06/21 22:52:27 - mmengine - INFO - Epoch(val) [4][1900/2587]    eta: 0:00:34  time: 0.0485  data_time: 0.0002  memory: 1854  
06/21 22:52:30 - mmengine - INFO - Epoch(val) [4][1950/2587]    eta: 0:00:31  time: 0.0484  data_time: 0.0003  memory: 1854  
06/21 22:52:32 - mmengine - INFO - Epoch(val) [4][2000/2587]    eta: 0:00:29  time: 0.0487  data_time: 0.0003  memory: 1854  
06/21 22:52:35 - mmengine - INFO - Epoch(val) [4][2050/2587]    eta: 0:00:26  time: 0.0485  data_time: 0.0003  memory: 1854  
06/21 22:52:37 - mmengine - INFO - Epoch(val) [4][2100/2587]    eta: 0:00:24  time: 0.0488  data_time: 0.0003  memory: 1854  
06/21 22:52:40 - mmengine - INFO - Epoch(val) [4][2150/2587]    eta: 0:00:21  time: 0.0487  data_time: 0.0003  memory: 1854  
06/21 22:52:42 - mmengine - INFO - Epoch(val) [4][2200/2587]    eta: 0:00:19  time: 0.0485  data_time: 0.0003  memory: 1854  
06/21 22:52:45 - mmengine - INFO - Epoch(val) [4][2250/2587]    eta: 0:00:16  time: 0.0540  data_time: 0.0060  memory: 1854  
06/21 22:52:47 - mmengine - INFO - Epoch(val) [4][2300/2587]    eta: 0:00:14  time: 0.0493  data_time: 0.0003  memory: 1854  
06/21 22:52:50 - mmengine - INFO - Epoch(val) [4][2350/2587]    eta: 0:00:11  time: 0.0489  data_time: 0.0003  memory: 1854  
06/21 22:52:52 - mmengine - INFO - Epoch(val) [4][2400/2587]    eta: 0:00:09  time: 0.0489  data_time: 0.0003  memory: 1854  
06/21 22:52:55 - mmengine - INFO - Epoch(val) [4][2450/2587]    eta: 0:00:06  time: 0.0488  data_time: 0.0003  memory: 1854  
06/21 22:52:57 - mmengine - INFO - Epoch(val) [4][2500/2587]    eta: 0:00:04  time: 0.0490  data_time: 0.0002  memory: 1854  
06/21 22:52:59 - mmengine - INFO - Epoch(val) [4][2550/2587]    eta: 0:00:01  time: 0.0484  data_time: 0.0002  memory: 1854  
06/21 22:53:19 - mmengine - INFO - Evaluating bbox...
Loading and preparing results...
DONE (t=3.13s)
creating index...
index created!
Running per image evaluation...
Evaluate annotation type *bbox*
DONE (t=67.46s).
Accumulating evaluation results...
DONE (t=24.11s).
 Average Precision  (AP) @[ IoU=0.50:0.95 | area=   all | maxDets=100 ] = 0.403
 Average Precision  (AP) @[ IoU=0.50      | area=   all | maxDets=1000 ] = 0.567
 Average Precision  (AP) @[ IoU=0.75      | area=   all | maxDets=1000 ] = 0.467
 Average Precision  (AP) @[ IoU=0.50:0.95 | area= small | maxDets=1000 ] = 0.144
 Average Precision  (AP) @[ IoU=0.50:0.95 | area=medium | maxDets=1000 ] = 0.372
 Average Precision  (AP) @[ IoU=0.50:0.95 | area= large | maxDets=1000 ] = 0.467
 Average Recall     (AR) @[ IoU=0.50:0.95 | area=   all | maxDets=100 ] = 0.703
 Average Recall     (AR) @[ IoU=0.50:0.95 | area=   all | maxDets=300 ] = 0.704
 Average Recall     (AR) @[ IoU=0.50:0.95 | area=   all | maxDets=1000 ] = 0.704
 Average Recall     (AR) @[ IoU=0.50:0.95 | area= small | maxDets=1000 ] = 0.277
 Average Recall     (AR) @[ IoU=0.50:0.95 | area=medium | maxDets=1000 ] = 0.677
 Average Recall     (AR) @[ IoU=0.50:0.95 | area= large | maxDets=1000 ] = 0.763
06/21 22:55:00 - mmengine - INFO - bbox_mAP_copypaste: 0.403 0.567 0.467 0.144 0.372 0.467
06/21 22:55:02 - mmengine - INFO - Epoch(val) [4][2587/2587]    coco/bbox_mAP: 0.4030  coco/bbox_mAP_50: 0.5670  coco/bbox_mAP_75: 0.4670  coco/bbox_mAP_s: 0.1440  coco/bbox_mAP_m: 0.3720  coco/bbox_mAP_l: 0.4670  data_time: 0.0015  time: 0.0498
06/21 22:55:02 - mmengine - INFO - The previous best checkpoint /home/siyuan/projects/LLMs/OralDetect-Family/WeDetect_repro/WeDetect/work_dirs/base3stage_s2/best_coco_bbox_mAP_epoch_2.pth is removed
06/21 22:55:06 - mmengine - INFO - The best checkpoint with 0.4030 coco/bbox_mAP at 4 epoch is saved to best_coco_bbox_mAP_epoch_4.pth.
[rank0]:[W621 22:55:21.562900057 ProcessGroupNCCL.cpp:1250] Warning: WARNING: process group has NOT been destroyed before we destruct ProcessGroupNCCL. On normal program exit, the application should call destroy_process_group to ensure that any pending NCCL operations have finished in this process. In rare cases this process can exit before this point and block the progress of another member of the process group. This constraint has always been present,  but this warning has only been added since PyTorch 2.4 (function operator())
########## BASE STAGE 3 (unfreeze all, e2e, lr2e-5, 12ep) ##########
W0621 22:55:24.176000 2783326 site-packages/torch/distributed/run.py:793] 
W0621 22:55:24.176000 2783326 site-packages/torch/distributed/run.py:793] *****************************************
W0621 22:55:24.176000 2783326 site-packages/torch/distributed/run.py:793] Setting OMP_NUM_THREADS environment variable for each process to be 1 in default, to avoid your system being overloaded, please further tune the variable for optimal performance in your application as needed. 
W0621 22:55:24.176000 2783326 site-packages/torch/distributed/run.py:793] *****************************************
/home/siyuan/anaconda3/envs/wedetect_official/lib/python3.10/site-packages/mmengine/optim/optimizer/zero_optimizer.py:11: DeprecationWarning: `TorchScript` support for functional optimizers is deprecated and will be removed in a future PyTorch release. Consider using the `torch.compile` optimizer instead.
  from torch.distributed.optim import \
/home/siyuan/anaconda3/envs/wedetect_official/lib/python3.10/site-packages/mmengine/optim/optimizer/zero_optimizer.py:11: DeprecationWarning: `TorchScript` support for functional optimizers is deprecated and will be removed in a future PyTorch release. Consider using the `torch.compile` optimizer instead.
  from torch.distributed.optim import \
/home/siyuan/anaconda3/envs/wedetect_official/lib/python3.10/site-packages/mmengine/optim/optimizer/zero_optimizer.py:11: DeprecationWarning: `TorchScript` support for functional optimizers is deprecated and will be removed in a future PyTorch release. Consider using the `torch.compile` optimizer instead.
  from torch.distributed.optim import \
/home/siyuan/anaconda3/envs/wedetect_official/lib/python3.10/site-packages/mmengine/optim/optimizer/zero_optimizer.py:11: DeprecationWarning: `TorchScript` support for functional optimizers is deprecated and will be removed in a future PyTorch release. Consider using the `torch.compile` optimizer instead.
  from torch.distributed.optim import \
/home/siyuan/.local/lib/python3.10/site-packages/fairscale/experimental/nn/offload.py:19: FutureWarning: `torch.cuda.amp.custom_fwd(args...)` is deprecated. Please use `torch.amp.custom_fwd(args..., device_type='cuda')` instead.
  return torch.cuda.amp.custom_fwd(orig_func)  # type: ignore
/home/siyuan/.local/lib/python3.10/site-packages/fairscale/experimental/nn/offload.py:30: FutureWarning: `torch.cuda.amp.custom_bwd(args...)` is deprecated. Please use `torch.amp.custom_bwd(args..., device_type='cuda')` instead.
  return torch.cuda.amp.custom_bwd(orig_func)  # type: ignore
/home/siyuan/.local/lib/python3.10/site-packages/fairscale/experimental/nn/offload.py:19: FutureWarning: `torch.cuda.amp.custom_fwd(args...)` is deprecated. Please use `torch.amp.custom_fwd(args..., device_type='cuda')` instead.
  return torch.cuda.amp.custom_fwd(orig_func)  # type: ignore
/home/siyuan/.local/lib/python3.10/site-packages/fairscale/experimental/nn/offload.py:30: FutureWarning: `torch.cuda.amp.custom_bwd(args...)` is deprecated. Please use `torch.amp.custom_bwd(args..., device_type='cuda')` instead.
  return torch.cuda.amp.custom_bwd(orig_func)  # type: ignore
/home/siyuan/.local/lib/python3.10/site-packages/fairscale/experimental/nn/offload.py:19: FutureWarning: `torch.cuda.amp.custom_fwd(args...)` is deprecated. Please use `torch.amp.custom_fwd(args..., device_type='cuda')` instead.
  return torch.cuda.amp.custom_fwd(orig_func)  # type: ignore
/home/siyuan/.local/lib/python3.10/site-packages/fairscale/experimental/nn/offload.py:30: FutureWarning: `torch.cuda.amp.custom_bwd(args...)` is deprecated. Please use `torch.amp.custom_bwd(args..., device_type='cuda')` instead.
  return torch.cuda.amp.custom_bwd(orig_func)  # type: ignore
/home/siyuan/.local/lib/python3.10/site-packages/fairscale/experimental/nn/offload.py:19: FutureWarning: `torch.cuda.amp.custom_fwd(args...)` is deprecated. Please use `torch.amp.custom_fwd(args..., device_type='cuda')` instead.
  return torch.cuda.amp.custom_fwd(orig_func)  # type: ignore
/home/siyuan/.local/lib/python3.10/site-packages/fairscale/experimental/nn/offload.py:30: FutureWarning: `torch.cuda.amp.custom_bwd(args...)` is deprecated. Please use `torch.amp.custom_bwd(args..., device_type='cuda')` instead.
  return torch.cuda.amp.custom_bwd(orig_func)  # type: ignore
/home/siyuan/anaconda3/envs/wedetect_official/lib/python3.10/site-packages/mmengine/utils/dl_utils/setup_env.py:56: UserWarning: Setting MKL_NUM_THREADS environment variable for each process to be 1 in default, to avoid your system being overloaded, please further tune the variable for optimal performance in your application as needed.
  warnings.warn(
/home/siyuan/anaconda3/envs/wedetect_official/lib/python3.10/site-packages/mmengine/utils/dl_utils/setup_env.py:56: UserWarning: Setting MKL_NUM_THREADS environment variable for each process to be 1 in default, to avoid your system being overloaded, please further tune the variable for optimal performance in your application as needed.
  warnings.warn(
/home/siyuan/anaconda3/envs/wedetect_official/lib/python3.10/site-packages/mmengine/utils/dl_utils/setup_env.py:56: UserWarning: Setting MKL_NUM_THREADS environment variable for each process to be 1 in default, to avoid your system being overloaded, please further tune the variable for optimal performance in your application as needed.
  warnings.warn(
/home/siyuan/anaconda3/envs/wedetect_official/lib/python3.10/site-packages/mmengine/utils/dl_utils/setup_env.py:56: UserWarning: Setting MKL_NUM_THREADS environment variable for each process to be 1 in default, to avoid your system being overloaded, please further tune the variable for optimal performance in your application as needed.
  warnings.warn(
06/21 22:55:29 - mmengine - INFO - 
------------------------------------------------------------
System environment:
    sys.platform: linux
    Python: 3.10.20 (main, Jun 11 2026, 15:17:37) [GCC 14.3.0]
    CUDA available: True
    MUSA available: False
    numpy_random_seed: 1393175295
    GPU 0,1,2,3: NVIDIA RTX A6000
    CUDA_HOME: /usr/local/cuda-11.3
    NVCC: Cuda compilation tools, release 11.3, V11.3.109
    GCC: gcc (Ubuntu 9.5.0-1ubuntu1~22.04) 9.5.0
    PyTorch: 2.5.1+cu124
    PyTorch compiling details: PyTorch built with:
  - GCC 9.3
  - C++ Version: 201703
  - Intel(R) oneAPI Math Kernel Library Version 2024.2-Product Build 20240605 for Intel(R) 64 architecture applications
  - Intel(R) MKL-DNN v3.5.3 (Git Hash 66f0cb9eb66affd2da3bf5f8d897376f04aae6af)
  - OpenMP 201511 (a.k.a. OpenMP 4.5)
  - LAPACK is enabled (usually provided by MKL)
  - NNPACK is enabled
  - CPU capability usage: AVX2
  - CUDA Runtime 12.4
  - NVCC architecture flags: -gencode;arch=compute_50,code=sm_50;-gencode;arch=compute_60,code=sm_60;-gencode;arch=compute_70,code=sm_70;-gencode;arch=compute_75,code=sm_75;-gencode;arch=compute_80,code=sm_80;-gencode;arch=compute_86,code=sm_86;-gencode;arch=compute_90,code=sm_90
  - CuDNN 90.1
  - Magma 2.6.1
  - Build settings: BLAS_INFO=mkl, BUILD_TYPE=Release, CUDA_VERSION=12.4, CUDNN_VERSION=9.1.0, CXX_COMPILER=/opt/rh/devtoolset-9/root/usr/bin/c++, CXX_FLAGS= -D_GLIBCXX_USE_CXX11_ABI=0 -fabi-version=11 -fvisibility-inlines-hidden -DUSE_PTHREADPOOL -DNDEBUG -DUSE_KINETO -DLIBKINETO_NOROCTRACER -DLIBKINETO_NOXPUPTI=ON -DUSE_FBGEMM -DUSE_PYTORCH_QNNPACK -DUSE_XNNPACK -DSYMBOLICATE_MOBILE_DEBUG_HANDLE -O2 -fPIC -Wall -Wextra -Werror=return-type -Werror=non-virtual-dtor -Werror=bool-operation -Wnarrowing -Wno-missing-field-initializers -Wno-type-limits -Wno-array-bounds -Wno-unknown-pragmas -Wno-unused-parameter -Wno-strict-overflow -Wno-strict-aliasing -Wno-stringop-overflow -Wsuggest-override -Wno-psabi -Wno-error=old-style-cast -Wno-missing-braces -fdiagnostics-color=always -faligned-new -Wno-unused-but-set-variable -Wno-maybe-uninitialized -fno-math-errno -fno-trapping-math -Werror=format -Wno-stringop-overflow, LAPACK_INFO=mkl, PERF_WITH_AVX=1, PERF_WITH_AVX2=1, TORCH_VERSION=2.5.1, USE_CUDA=ON, USE_CUDNN=ON, USE_CUSPARSELT=1, USE_EXCEPTION_PTR=1, USE_GFLAGS=OFF, USE_GLOG=OFF, USE_GLOO=ON, USE_MKL=ON, USE_MKLDNN=ON, USE_MPI=OFF, USE_NCCL=1, USE_NNPACK=ON, USE_OPENMP=ON, USE_ROCM=OFF, USE_ROCM_KERNEL_ASSERT=OFF, 

    TorchVision: 0.20.1+cu124
    OpenCV: 4.10.0
    MMEngine: 0.10.7

Runtime environment:
    cudnn_benchmark: False
    mp_cfg: {'mp_start_method': 'fork', 'opencv_num_threads': 0}
    dist_cfg: {'backend': 'nccl'}
    seed: 1393175295
    Distributed launcher: pytorch
    Distributed training: True
    GPU number: 4
------------------------------------------------------------

06/21 22:55:30 - mmengine - INFO - Config:
CLASS_NAMES = '/home/siyuan/projects/LLMs/OralDetect-Family/OralDetect/datas/class_names_en.json'
CLASS_TEXT = '/home/siyuan/projects/LLMs/OralDetect-Family/OralDetect/datas/class_texts_en.json'
DATAS = '/home/siyuan/projects/LLMs/OralDetect-Family/OralDetect/datas'
DATA_ROOT = '/nfs_share/public/OralGPT/oralgpt-detect-all/coco_format/'
TEST_ANN = '/home/siyuan/projects/LLMs/OralDetect-Family/OralDetect/datas/instances_test.json'
TRAIN_ANN = '/home/siyuan/projects/LLMs/OralDetect-Family/OralDetect/datas/instances_train.json'
affine_scale = 0.5
albu_train_transforms = [
    dict(p=0.01, type='Blur'),
    dict(p=0.01, type='MedianBlur'),
    dict(p=0.01, type='ToGray'),
    dict(p=0.01, type='CLAHE'),
]
backend_args = None
base_lr = 2e-05
close_mosaic_epochs = 4
coco_evaluator = dict(
    ann_file='data/coco/annotations/instances_val2017.json',
    metric='bbox',
    type='CocoMetric')
coco_val_dataset = dict(
    class_text_path='data/texts/coco_zh_class_texts.json',
    dataset=dict(
        ann_file='data/coco/annotations/instances_val2017.json',
        batch_shapes_cfg=None,
        data_prefix=dict(img='val2017'),
        data_root='data/coco/',
        test_mode=True,
        type='WeCocoDataset'),
    pipeline=[
        dict(backend_args=None, type='LoadImageFromFile'),
        dict(scale=(
            640,
            640,
        ), type='WeDetectKeepRatioResize'),
        dict(
            allow_scale_up=False,
            pad_val=dict(img=114),
            scale=(
                640,
                640,
            ),
            type='WeDetectLetterResize'),
        dict(_scope_='mmdet', type='LoadAnnotations', with_bbox=True),
        dict(type='LoadText'),
        dict(
            meta_keys=(
                'img_id',
                'img_path',
                'ori_shape',
                'img_shape',
                'scale_factor',
                'pad_param',
                'texts',
            ),
            type='PackDetInputs'),
    ],
    type='MultiModalDataset')
custom_hooks = [
    dict(
        switch_epoch=8,
        switch_pipeline=[
            dict(backend_args=None, type='LoadImageFromFile'),
            dict(type='LoadAnnotations', with_bbox=True),
            dict(scale=(
                640,
                640,
            ), type='WeDetectKeepRatioResize'),
            dict(
                allow_scale_up=True,
                pad_val=dict(img=114.0),
                scale=(
                    640,
                    640,
                ),
                type='WeDetectLetterResize'),
            dict(
                border_val=(
                    114,
                    114,
                    114,
                ),
                max_aspect_ratio=100,
                max_rotate_degree=0.0,
                max_shear_degree=0.0,
                scaling_ratio_range=(
                    0.5,
                    1.5,
                ),
                type='WeDetectRandomAffine'),
            dict(
                bbox_params=dict(
                    format='pascal_voc',
                    label_fields=[
                        'gt_bboxes_labels',
                        'gt_ignore_flags',
                    ],
                    type='BboxParams'),
                keymap=dict(gt_bboxes='bboxes', img='image'),
                transforms=[
                    dict(p=0.01, type='Blur'),
                    dict(p=0.01, type='MedianBlur'),
                    dict(p=0.01, type='ToGray'),
                    dict(p=0.01, type='CLAHE'),
                ],
                type='mmdet.Albu'),
            dict(type='WeDetectHSVRandomAug'),
            dict(prob=0.5, type='mmdet.RandomFlip'),
            dict(
                max_num_samples=91,
                num_neg_samples=(
                    91,
                    91,
                ),
                padding_to_max=True,
                padding_value='',
                type='RandomLoadText'),
            dict(
                meta_keys=(
                    'img_id',
                    'img_path',
                    'ori_shape',
                    'img_shape',
                    'flip',
                    'flip_direction',
                    'texts',
                ),
                type='mmdet.PackDetInputs'),
        ],
        type='mmdet.PipelineSwitchHook'),
]
custom_imports = dict(
    allow_failed_imports=False, imports=[
        'wedetect',
    ])
default_hooks = dict(
    checkpoint=dict(
        interval=1,
        max_keep_ckpts=3,
        save_best='coco/bbox_mAP',
        type='CheckpointHook'),
    logger=dict(interval=50, type='LoggerHook'),
    param_scheduler=dict(type='ParamSchedulerHook'),
    sampler_seed=dict(type='DistSamplerSeedHook'),
    timer=dict(type='IterTimerHook'),
    visualization=dict(type='mmdet.DetVisualizationHook'))
default_scope = 'mmdet'
dist_cfg = dict(backend='nccl', timeout=10800)
env_cfg = dict(
    cudnn_benchmark=False,
    dist_cfg=dict(backend='nccl'),
    mp_cfg=dict(mp_start_method='fork', opencv_num_threads=0))
find_unused_parameters = True
img_scale = (
    640,
    640,
)
launcher = 'pytorch'
load_from = 'work_dirs/base3stage_s2/epoch_4.pth'
log_level = 'INFO'
log_processor = dict(by_epoch=True, type='LogProcessor', window_size=50)
loss_bbox_weight = 7.5
loss_cls_weight = 0.5
loss_dfl_weight = 0.375
lvis_minival_dataset = dict(
    class_text_path='data/texts/lvis_v1_zh_class_texts.json',
    dataset=dict(
        ann_file='data/lvis/lvis_v1_minival_inserted_image_name.json',
        batch_shapes_cfg=None,
        data_prefix=dict(img=''),
        data_root='data/coco/',
        test_mode=True,
        type='YOLOv5LVISV1Dataset'),
    pipeline=[
        dict(backend_args=None, type='LoadImageFromFile'),
        dict(scale=(
            640,
            640,
        ), type='WeDetectKeepRatioResize'),
        dict(
            allow_scale_up=False,
            pad_val=dict(img=114),
            scale=(
                640,
                640,
            ),
            type='WeDetectLetterResize'),
        dict(_scope_='mmdet', type='LoadAnnotations', with_bbox=True),
        dict(type='LoadText'),
        dict(
            meta_keys=(
                'img_id',
                'img_path',
                'ori_shape',
                'img_shape',
                'scale_factor',
                'pad_param',
                'texts',
            ),
            type='PackDetInputs'),
    ],
    type='MultiModalDataset')
lvis_minival_evaluator = dict(
    ann_file='data/lvis/lvis_v1_minival_inserted_image_name.json',
    metric='bbox',
    type='LVISMetric')
lvis_od_val_dataset = dict(
    class_text_path='data/texts/lvis_v1_zh_class_texts.json',
    dataset=dict(
        ann_file='data/lvis/lvis_od_val.json',
        batch_shapes_cfg=None,
        data_prefix=dict(img=''),
        data_root='data/coco/',
        test_mode=True,
        type='YOLOv5LVISV1Dataset'),
    pipeline=[
        dict(backend_args=None, type='LoadImageFromFile'),
        dict(scale=(
            640,
            640,
        ), type='WeDetectKeepRatioResize'),
        dict(
            allow_scale_up=False,
            pad_val=dict(img=114),
            scale=(
                640,
                640,
            ),
            type='WeDetectLetterResize'),
        dict(_scope_='mmdet', type='LoadAnnotations', with_bbox=True),
        dict(type='LoadText'),
        dict(
            meta_keys=(
                'img_id',
                'img_path',
                'ori_shape',
                'img_shape',
                'scale_factor',
                'pad_param',
                'texts',
            ),
            type='PackDetInputs'),
    ],
    type='MultiModalDataset')
lvis_od_val_evaluator = dict(
    ann_file='data/lvis/lvis_od_val.json', metric='bbox', type='LVISMetric')
max_epochs = 12
metainfo = dict(
    classes=(
        'abnormal oral epithelial cell',
        'alveolar bone loss',
        'anterior teeth with fluorosis',
        'anterior teeth without fluorosis',
        'blood cell',
        'canine',
        'central incisor',
        'craniofacial or oral anomaly',
        'deep dental caries',
        'dental abrasion',
        'dental caries',
        'dental crown restoration',
        'dental filling',
        'dental implant',
        'dental opacity',
        'dental restoration',
        'dividing oral cell',
        'first molar',
        'first premolar',
        'foreign object or debris',
        'grade I oral cytology (normal)',
        'grade II oral cytology (atypical)',
        'grade III oral cytology (suspicious)',
        'grade IV oral cytology (malignant)',
        'impacted tooth',
        'impacted wisdom tooth',
        'intraoral appliance',
        'lateral incisor',
        'malaligned tooth',
        'mandibular canal',
        'maxillary sinus',
        'missing or residual root',
        'missing teeth',
        'normal oral mucosa',
        'normal oral tissue',
        'oral squamous cell carcinoma tumor',
        'orthodontic bracket',
        'out-of-focus cell',
        'periapical abscess',
        'periapical cyst',
        'periapical granuloma',
        'periapical lesion',
        'quadrant 1 (upper right)',
        'quadrant 2 (upper left)',
        'quadrant 3 (lower left)',
        'quadrant 4 (lower right)',
        'reactive oral cell',
        'restoration with secondary caries',
        'retained root',
        'root canal treatment',
        'root piece',
        'second molar',
        'second premolar',
        'severe gingivitis',
        'tooth',
        'tooth 11 (upper right central incisor)',
        'tooth 12 (upper right lateral incisor)',
        'tooth 13 (upper right canine)',
        'tooth 14 (upper right first premolar)',
        'tooth 15 (upper right second premolar)',
        'tooth 16 (upper right first molar)',
        'tooth 17 (upper right second molar)',
        'tooth 18 (upper right third molar)',
        'tooth 21 (upper left central incisor)',
        'tooth 22 (upper left lateral incisor)',
        'tooth 23 (upper left canine)',
        'tooth 24 (upper left first premolar)',
        'tooth 25 (upper left second premolar)',
        'tooth 26 (upper left first molar)',
        'tooth 27 (upper left second molar)',
        'tooth 28 (upper left third molar)',
        'tooth 31 (lower left central incisor)',
        'tooth 32 (lower left lateral incisor)',
        'tooth 33 (lower left canine)',
        'tooth 34 (lower left first premolar)',
        'tooth 35 (lower left second premolar)',
        'tooth 36 (lower left first molar)',
        'tooth 37 (lower left second molar)',
        'tooth 38 (lower left third molar)',
        'tooth 41 (lower right central incisor)',
        'tooth 42 (lower right lateral incisor)',
        'tooth 43 (lower right canine)',
        'tooth 44 (lower right first premolar)',
        'tooth 45 (lower right second premolar)',
        'tooth 46 (lower right first molar)',
        'tooth 47 (lower right second molar)',
        'tooth 48 (lower right third molar)',
        'tooth erosion',
        'tooth malformation',
        'treated tooth',
        'unclassified cell',
    ))
mixup_prob = 0.15
model = dict(
    backbone=dict(
        image_model=dict(
            frozen_modules=[],
            model_name='base',
            type='ConvNextVisionBackbone'),
        text_model=dict(
            frozen_modules=[],
            model_name='./xlm-roberta-base/',
            model_size='base',
            type='XLMRobertaLanguageBackbone'),
        type='MultiModalYOLOBackbone'),
    bbox_head=dict(
        bbox_coder=dict(type='WeDetectDistancePointBBoxCoder'),
        head_module=dict(
            embed_dims=768,
            in_channels=[
                256,
                512,
                1024,
            ],
            model_size='base',
            num_classes=91,
            type='YOLOWorldHeadModule',
            use_bn_head=True),
        loss_bbox=dict(
            bbox_format='xyxy',
            iou_mode='ciou',
            loss_weight=7.5,
            reduction='sum',
            return_iou=False,
            type='mmyoloIoULoss'),
        loss_cls=dict(
            loss_weight=0.5,
            reduction='none',
            type='CrossEntropyLoss',
            use_sigmoid=True),
        loss_dfl=dict(
            loss_weight=0.375, reduction='mean', type='DistributionFocalLoss'),
        prior_generator=dict(
            offset=0.5, strides=[
                8,
                16,
                32,
            ], type='MlvlPointGenerator'),
        type='YOLOWorldHead'),
    data_preprocessor=dict(
        bgr_to_rgb=True,
        mean=[
            0.0,
            0.0,
            0.0,
        ],
        std=[
            255.0,
            255.0,
            255.0,
        ],
        type='YOLOWDetDataPreprocessor'),
    mm_neck=False,
    neck=dict(model_size='base', scale_factor=1.0, type='CSPRepBiFPANNeck'),
    num_test_classes=91,
    num_train_classes=91,
    test_cfg=dict(
        max_per_img=300,
        multi_label=True,
        nms=dict(iou_threshold=0.7, type='nms'),
        nms_pre=30000,
        score_thr=0.001),
    train_cfg=dict(
        assigner=dict(
            alpha=0.5,
            beta=6.0,
            eps=1e-09,
            num_classes=91,
            topk=10,
            type='BatchTaskAlignedAssigner',
            use_ciou=True)),
    type='YOLOWorldDetector')
model_test_cfg = dict(
    max_per_img=300,
    multi_label=True,
    nms=dict(iou_threshold=0.7, type='nms'),
    nms_pre=30000,
    score_thr=0.001)
mosaic_affine_transform = [
    dict(
        img_scale=(
            640,
            640,
        ),
        pad_val=114.0,
        pre_transform=[
            dict(backend_args=None, type='LoadImageFromFile'),
            dict(type='LoadAnnotations', with_bbox=True),
        ],
        type='MultiModalMosaic'),
    dict(
        border=(
            -320,
            -320,
        ),
        border_val=(
            114,
            114,
            114,
        ),
        max_aspect_ratio=100.0,
        max_rotate_degree=0.0,
        max_shear_degree=0.0,
        scaling_ratio_range=(
            0.5,
            1.5,
        ),
        type='WeDetectRandomAffine'),
]
neck_embed_channels = [
    128,
    256,
    512,
]
neck_num_heads = [
    4,
    8,
    16,
]
num_classes = 91
num_training_classes = 91
optim_wrapper = dict(
    clip_grad=dict(max_norm=10.0),
    constructor='YOLOWv5OptimizerConstructor',
    optimizer=dict(
        batch_size_per_gpu=8, lr=2e-05, type='AdamW', weight_decay=0.05),
    paramwise_cfg=dict(
        custom_keys=dict({
            'backbone.text_model': dict(lr_mult=0.01),
            'logit_scale': dict(weight_decay=0.0)
        })),
    type='OptimWrapper')
param_scheduler = [
    dict(
        begin=0,
        by_epoch=False,
        end=1000,
        end_factor=1.0,
        start_factor=0.001,
        type='LinearLR'),
    dict(
        begin=0,
        by_epoch=True,
        convert_to_iter_based=True,
        end=12,
        end_factor=0.001,
        start_factor=1.0,
        type='LinearLR'),
]
persistent_workers = True
pre_transform = [
    dict(backend_args=None, type='LoadImageFromFile'),
    dict(type='LoadAnnotations', with_bbox=True),
]
resume = False
save_epoch_intervals = 1
tal_alpha = 0.5
tal_beta = 6.0
tal_topk = 10
test_cfg = dict(type='TestLoop')
test_dataloader = dict(
    batch_size=1,
    dataset=dict(
        class_text_path=
        '/home/siyuan/projects/LLMs/OralDetect-Family/OralDetect/datas/class_texts_en.json',
        dataset=dict(
            ann_file=
            '/home/siyuan/projects/LLMs/OralDetect-Family/OralDetect/datas/instances_test.json',
            batch_shapes_cfg=None,
            data_prefix=dict(img='all2017/'),
            data_root=
            '/nfs_share/public/OralGPT/oralgpt-detect-all/coco_format/',
            metainfo=dict(
                classes=(
                    'abnormal oral epithelial cell',
                    'alveolar bone loss',
                    'anterior teeth with fluorosis',
                    'anterior teeth without fluorosis',
                    'blood cell',
                    'canine',
                    'central incisor',
                    'craniofacial or oral anomaly',
                    'deep dental caries',
                    'dental abrasion',
                    'dental caries',
                    'dental crown restoration',
                    'dental filling',
                    'dental implant',
                    'dental opacity',
                    'dental restoration',
                    'dividing oral cell',
                    'first molar',
                    'first premolar',
                    'foreign object or debris',
                    'grade I oral cytology (normal)',
                    'grade II oral cytology (atypical)',
                    'grade III oral cytology (suspicious)',
                    'grade IV oral cytology (malignant)',
                    'impacted tooth',
                    'impacted wisdom tooth',
                    'intraoral appliance',
                    'lateral incisor',
                    'malaligned tooth',
                    'mandibular canal',
                    'maxillary sinus',
                    'missing or residual root',
                    'missing teeth',
                    'normal oral mucosa',
                    'normal oral tissue',
                    'oral squamous cell carcinoma tumor',
                    'orthodontic bracket',
                    'out-of-focus cell',
                    'periapical abscess',
                    'periapical cyst',
                    'periapical granuloma',
                    'periapical lesion',
                    'quadrant 1 (upper right)',
                    'quadrant 2 (upper left)',
                    'quadrant 3 (lower left)',
                    'quadrant 4 (lower right)',
                    'reactive oral cell',
                    'restoration with secondary caries',
                    'retained root',
                    'root canal treatment',
                    'root piece',
                    'second molar',
                    'second premolar',
                    'severe gingivitis',
                    'tooth',
                    'tooth 11 (upper right central incisor)',
                    'tooth 12 (upper right lateral incisor)',
                    'tooth 13 (upper right canine)',
                    'tooth 14 (upper right first premolar)',
                    'tooth 15 (upper right second premolar)',
                    'tooth 16 (upper right first molar)',
                    'tooth 17 (upper right second molar)',
                    'tooth 18 (upper right third molar)',
                    'tooth 21 (upper left central incisor)',
                    'tooth 22 (upper left lateral incisor)',
                    'tooth 23 (upper left canine)',
                    'tooth 24 (upper left first premolar)',
                    'tooth 25 (upper left second premolar)',
                    'tooth 26 (upper left first molar)',
                    'tooth 27 (upper left second molar)',
                    'tooth 28 (upper left third molar)',
                    'tooth 31 (lower left central incisor)',
                    'tooth 32 (lower left lateral incisor)',
                    'tooth 33 (lower left canine)',
                    'tooth 34 (lower left first premolar)',
                    'tooth 35 (lower left second premolar)',
                    'tooth 36 (lower left first molar)',
                    'tooth 37 (lower left second molar)',
                    'tooth 38 (lower left third molar)',
                    'tooth 41 (lower right central incisor)',
                    'tooth 42 (lower right lateral incisor)',
                    'tooth 43 (lower right canine)',
                    'tooth 44 (lower right first premolar)',
                    'tooth 45 (lower right second premolar)',
                    'tooth 46 (lower right first molar)',
                    'tooth 47 (lower right second molar)',
                    'tooth 48 (lower right third molar)',
                    'tooth erosion',
                    'tooth malformation',
                    'treated tooth',
                    'unclassified cell',
                )),
            test_mode=True,
            type='WeCocoDataset'),
        pipeline=[
            dict(backend_args=None, type='LoadImageFromFile'),
            dict(scale=(
                640,
                640,
            ), type='WeDetectKeepRatioResize'),
            dict(
                allow_scale_up=False,
                pad_val=dict(img=114),
                scale=(
                    640,
                    640,
                ),
                type='WeDetectLetterResize'),
            dict(_scope_='mmdet', type='LoadAnnotations', with_bbox=True),
            dict(type='LoadText'),
            dict(
                meta_keys=(
                    'img_id',
                    'img_path',
                    'ori_shape',
                    'img_shape',
                    'scale_factor',
                    'pad_param',
                    'texts',
                ),
                type='PackDetInputs'),
        ],
        type='MultiModalDataset'),
    drop_last=False,
    num_workers=2,
    persistent_workers=True,
    pin_memory=True,
    sampler=dict(shuffle=False, type='DefaultSampler'))
test_evaluator = dict(
    ann_file=
    '/home/siyuan/projects/LLMs/OralDetect-Family/OralDetect/datas/instances_test.json',
    metric='bbox',
    type='CocoMetric')
test_pipeline = [
    dict(backend_args=None, type='LoadImageFromFile'),
    dict(scale=(
        640,
        640,
    ), type='WeDetectKeepRatioResize'),
    dict(
        allow_scale_up=False,
        pad_val=dict(img=114),
        scale=(
            640,
            640,
        ),
        type='WeDetectLetterResize'),
    dict(_scope_='mmdet', type='LoadAnnotations', with_bbox=True),
    dict(type='LoadText'),
    dict(
        meta_keys=(
            'img_id',
            'img_path',
            'ori_shape',
            'img_shape',
            'scale_factor',
            'pad_param',
            'texts',
        ),
        type='PackDetInputs'),
]
text_channels = 768
text_transform = [
    dict(
        max_num_samples=91,
        num_neg_samples=(
            91,
            91,
        ),
        padding_to_max=True,
        padding_value='',
        type='RandomLoadText'),
    dict(
        meta_keys=(
            'img_id',
            'img_path',
            'ori_shape',
            'img_shape',
            'flip',
            'flip_direction',
            'texts',
        ),
        type='mmdet.PackDetInputs'),
]
train_batch_size_per_gpu = 8
train_cfg = dict(
    dynamic_intervals=[
        (
            8,
            1,
        ),
    ],
    max_epochs=12,
    type='EpochBasedTrainLoop',
    val_interval=2)
train_dataloader = dict(
    batch_size=8,
    collate_fn=dict(type='yolow_collate'),
    dataset=dict(
        class_text_path=
        '/home/siyuan/projects/LLMs/OralDetect-Family/OralDetect/datas/class_texts_en.json',
        dataset=dict(
            ann_file=
            '/home/siyuan/projects/LLMs/OralDetect-Family/OralDetect/datas/instances_train.json',
            data_prefix=dict(img='all2017/'),
            data_root=
            '/nfs_share/public/OralGPT/oralgpt-detect-all/coco_format/',
            filter_cfg=dict(filter_empty_gt=False, min_size=32),
            metainfo=dict(
                classes=(
                    'abnormal oral epithelial cell',
                    'alveolar bone loss',
                    'anterior teeth with fluorosis',
                    'anterior teeth without fluorosis',
                    'blood cell',
                    'canine',
                    'central incisor',
                    'craniofacial or oral anomaly',
                    'deep dental caries',
                    'dental abrasion',
                    'dental caries',
                    'dental crown restoration',
                    'dental filling',
                    'dental implant',
                    'dental opacity',
                    'dental restoration',
                    'dividing oral cell',
                    'first molar',
                    'first premolar',
                    'foreign object or debris',
                    'grade I oral cytology (normal)',
                    'grade II oral cytology (atypical)',
                    'grade III oral cytology (suspicious)',
                    'grade IV oral cytology (malignant)',
                    'impacted tooth',
                    'impacted wisdom tooth',
                    'intraoral appliance',
                    'lateral incisor',
                    'malaligned tooth',
                    'mandibular canal',
                    'maxillary sinus',
                    'missing or residual root',
                    'missing teeth',
                    'normal oral mucosa',
                    'normal oral tissue',
                    'oral squamous cell carcinoma tumor',
                    'orthodontic bracket',
                    'out-of-focus cell',
                    'periapical abscess',
                    'periapical cyst',
                    'periapical granuloma',
                    'periapical lesion',
                    'quadrant 1 (upper right)',
                    'quadrant 2 (upper left)',
                    'quadrant 3 (lower left)',
                    'quadrant 4 (lower right)',
                    'reactive oral cell',
                    'restoration with secondary caries',
                    'retained root',
                    'root canal treatment',
                    'root piece',
                    'second molar',
                    'second premolar',
                    'severe gingivitis',
                    'tooth',
                    'tooth 11 (upper right central incisor)',
                    'tooth 12 (upper right lateral incisor)',
                    'tooth 13 (upper right canine)',
                    'tooth 14 (upper right first premolar)',
                    'tooth 15 (upper right second premolar)',
                    'tooth 16 (upper right first molar)',
                    'tooth 17 (upper right second molar)',
                    'tooth 18 (upper right third molar)',
                    'tooth 21 (upper left central incisor)',
                    'tooth 22 (upper left lateral incisor)',
                    'tooth 23 (upper left canine)',
                    'tooth 24 (upper left first premolar)',
                    'tooth 25 (upper left second premolar)',
                    'tooth 26 (upper left first molar)',
                    'tooth 27 (upper left second molar)',
                    'tooth 28 (upper left third molar)',
                    'tooth 31 (lower left central incisor)',
                    'tooth 32 (lower left lateral incisor)',
                    'tooth 33 (lower left canine)',
                    'tooth 34 (lower left first premolar)',
                    'tooth 35 (lower left second premolar)',
                    'tooth 36 (lower left first molar)',
                    'tooth 37 (lower left second molar)',
                    'tooth 38 (lower left third molar)',
                    'tooth 41 (lower right central incisor)',
                    'tooth 42 (lower right lateral incisor)',
                    'tooth 43 (lower right canine)',
                    'tooth 44 (lower right first premolar)',
                    'tooth 45 (lower right second premolar)',
                    'tooth 46 (lower right first molar)',
                    'tooth 47 (lower right second molar)',
                    'tooth 48 (lower right third molar)',
                    'tooth erosion',
                    'tooth malformation',
                    'treated tooth',
                    'unclassified cell',
                )),
            type='WeCocoDataset'),
        pipeline=[
            dict(backend_args=None, type='LoadImageFromFile'),
            dict(type='LoadAnnotations', with_bbox=True),
            dict(
                img_scale=(
                    640,
                    640,
                ),
                pad_val=114.0,
                pre_transform=[
                    dict(backend_args=None, type='LoadImageFromFile'),
                    dict(type='LoadAnnotations', with_bbox=True),
                ],
                type='MultiModalMosaic'),
            dict(
                border=(
                    -320,
                    -320,
                ),
                border_val=(
                    114,
                    114,
                    114,
                ),
                max_aspect_ratio=100.0,
                max_rotate_degree=0.0,
                max_shear_degree=0.0,
                scaling_ratio_range=(
                    0.5,
                    1.5,
                ),
                type='WeDetectRandomAffine'),
            dict(
                pre_transform=[
                    dict(backend_args=None, type='LoadImageFromFile'),
                    dict(type='LoadAnnotations', with_bbox=True),
                    dict(
                        img_scale=(
                            640,
                            640,
                        ),
                        pad_val=114.0,
                        pre_transform=[
                            dict(backend_args=None, type='LoadImageFromFile'),
                            dict(type='LoadAnnotations', with_bbox=True),
                        ],
                        type='MultiModalMosaic'),
                    dict(
                        border=(
                            -320,
                            -320,
                        ),
                        border_val=(
                            114,
                            114,
                            114,
                        ),
                        max_aspect_ratio=100.0,
                        max_rotate_degree=0.0,
                        max_shear_degree=0.0,
                        scaling_ratio_range=(
                            0.5,
                            1.5,
                        ),
                        type='WeDetectRandomAffine'),
                ],
                prob=0.15,
                type='YOLOv5MultiModalMixUp'),
            dict(
                bbox_params=dict(
                    format='pascal_voc',
                    label_fields=[
                        'gt_bboxes_labels',
                        'gt_ignore_flags',
                    ],
                    type='BboxParams'),
                keymap=dict(gt_bboxes='bboxes', img='image'),
                transforms=[
                    dict(p=0.01, type='Blur'),
                    dict(p=0.01, type='MedianBlur'),
                    dict(p=0.01, type='ToGray'),
                    dict(p=0.01, type='CLAHE'),
                ],
                type='mmdet.Albu'),
            dict(type='WeDetectHSVRandomAug'),
            dict(prob=0.5, type='mmdet.RandomFlip'),
            dict(
                max_num_samples=91,
                num_neg_samples=(
                    91,
                    91,
                ),
                padding_to_max=True,
                padding_value='',
                type='RandomLoadText'),
            dict(
                meta_keys=(
                    'img_id',
                    'img_path',
                    'ori_shape',
                    'img_shape',
                    'flip',
                    'flip_direction',
                    'texts',
                ),
                type='mmdet.PackDetInputs'),
        ],
        type='MultiModalDataset'),
    num_workers=4,
    persistent_workers=True,
    sampler=dict(shuffle=True, type='DefaultSampler'))
train_dataset = dict(
    class_text_path=
    '/home/siyuan/projects/LLMs/OralDetect-Family/OralDetect/datas/class_texts_en.json',
    dataset=dict(
        ann_file=
        '/home/siyuan/projects/LLMs/OralDetect-Family/OralDetect/datas/instances_train.json',
        data_prefix=dict(img='all2017/'),
        data_root='/nfs_share/public/OralGPT/oralgpt-detect-all/coco_format/',
        filter_cfg=dict(filter_empty_gt=False, min_size=32),
        metainfo=dict(
            classes=(
                'abnormal oral epithelial cell',
                'alveolar bone loss',
                'anterior teeth with fluorosis',
                'anterior teeth without fluorosis',
                'blood cell',
                'canine',
                'central incisor',
                'craniofacial or oral anomaly',
                'deep dental caries',
                'dental abrasion',
                'dental caries',
                'dental crown restoration',
                'dental filling',
                'dental implant',
                'dental opacity',
                'dental restoration',
                'dividing oral cell',
                'first molar',
                'first premolar',
                'foreign object or debris',
                'grade I oral cytology (normal)',
                'grade II oral cytology (atypical)',
                'grade III oral cytology (suspicious)',
                'grade IV oral cytology (malignant)',
                'impacted tooth',
                'impacted wisdom tooth',
                'intraoral appliance',
                'lateral incisor',
                'malaligned tooth',
                'mandibular canal',
                'maxillary sinus',
                'missing or residual root',
                'missing teeth',
                'normal oral mucosa',
                'normal oral tissue',
                'oral squamous cell carcinoma tumor',
                'orthodontic bracket',
                'out-of-focus cell',
                'periapical abscess',
                'periapical cyst',
                'periapical granuloma',
                'periapical lesion',
                'quadrant 1 (upper right)',
                'quadrant 2 (upper left)',
                'quadrant 3 (lower left)',
                'quadrant 4 (lower right)',
                'reactive oral cell',
                'restoration with secondary caries',
                'retained root',
                'root canal treatment',
                'root piece',
                'second molar',
                'second premolar',
                'severe gingivitis',
                'tooth',
                'tooth 11 (upper right central incisor)',
                'tooth 12 (upper right lateral incisor)',
                'tooth 13 (upper right canine)',
                'tooth 14 (upper right first premolar)',
                'tooth 15 (upper right second premolar)',
                'tooth 16 (upper right first molar)',
                'tooth 17 (upper right second molar)',
                'tooth 18 (upper right third molar)',
                'tooth 21 (upper left central incisor)',
                'tooth 22 (upper left lateral incisor)',
                'tooth 23 (upper left canine)',
                'tooth 24 (upper left first premolar)',
                'tooth 25 (upper left second premolar)',
                'tooth 26 (upper left first molar)',
                'tooth 27 (upper left second molar)',
                'tooth 28 (upper left third molar)',
                'tooth 31 (lower left central incisor)',
                'tooth 32 (lower left lateral incisor)',
                'tooth 33 (lower left canine)',
                'tooth 34 (lower left first premolar)',
                'tooth 35 (lower left second premolar)',
                'tooth 36 (lower left first molar)',
                'tooth 37 (lower left second molar)',
                'tooth 38 (lower left third molar)',
                'tooth 41 (lower right central incisor)',
                'tooth 42 (lower right lateral incisor)',
                'tooth 43 (lower right canine)',
                'tooth 44 (lower right first premolar)',
                'tooth 45 (lower right second premolar)',
                'tooth 46 (lower right first molar)',
                'tooth 47 (lower right second molar)',
                'tooth 48 (lower right third molar)',
                'tooth erosion',
                'tooth malformation',
                'treated tooth',
                'unclassified cell',
            )),
        type='WeCocoDataset'),
    pipeline=[
        dict(backend_args=None, type='LoadImageFromFile'),
        dict(type='LoadAnnotations', with_bbox=True),
        dict(
            img_scale=(
                640,
                640,
            ),
            pad_val=114.0,
            pre_transform=[
                dict(backend_args=None, type='LoadImageFromFile'),
                dict(type='LoadAnnotations', with_bbox=True),
            ],
            type='MultiModalMosaic'),
        dict(
            border=(
                -320,
                -320,
            ),
            border_val=(
                114,
                114,
                114,
            ),
            max_aspect_ratio=100.0,
            max_rotate_degree=0.0,
            max_shear_degree=0.0,
            scaling_ratio_range=(
                0.5,
                1.5,
            ),
            type='WeDetectRandomAffine'),
        dict(
            pre_transform=[
                dict(backend_args=None, type='LoadImageFromFile'),
                dict(type='LoadAnnotations', with_bbox=True),
                dict(
                    img_scale=(
                        640,
                        640,
                    ),
                    pad_val=114.0,
                    pre_transform=[
                        dict(backend_args=None, type='LoadImageFromFile'),
                        dict(type='LoadAnnotations', with_bbox=True),
                    ],
                    type='MultiModalMosaic'),
                dict(
                    border=(
                        -320,
                        -320,
                    ),
                    border_val=(
                        114,
                        114,
                        114,
                    ),
                    max_aspect_ratio=100.0,
                    max_rotate_degree=0.0,
                    max_shear_degree=0.0,
                    scaling_ratio_range=(
                        0.5,
                        1.5,
                    ),
                    type='WeDetectRandomAffine'),
            ],
            prob=0.15,
            type='YOLOv5MultiModalMixUp'),
        dict(
            bbox_params=dict(
                format='pascal_voc',
                label_fields=[
                    'gt_bboxes_labels',
                    'gt_ignore_flags',
                ],
                type='BboxParams'),
            keymap=dict(gt_bboxes='bboxes', img='image'),
            transforms=[
                dict(p=0.01, type='Blur'),
                dict(p=0.01, type='MedianBlur'),
                dict(p=0.01, type='ToGray'),
                dict(p=0.01, type='CLAHE'),
            ],
            type='mmdet.Albu'),
        dict(type='WeDetectHSVRandomAug'),
        dict(prob=0.5, type='mmdet.RandomFlip'),
        dict(
            max_num_samples=91,
            num_neg_samples=(
                91,
                91,
            ),
            padding_to_max=True,
            padding_value='',
            type='RandomLoadText'),
        dict(
            meta_keys=(
                'img_id',
                'img_path',
                'ori_shape',
                'img_shape',
                'flip',
                'flip_direction',
                'texts',
            ),
            type='mmdet.PackDetInputs'),
    ],
    type='MultiModalDataset')
train_pipeline = [
    dict(backend_args=None, type='LoadImageFromFile'),
    dict(type='LoadAnnotations', with_bbox=True),
    dict(
        img_scale=(
            640,
            640,
        ),
        pad_val=114.0,
        pre_transform=[
            dict(backend_args=None, type='LoadImageFromFile'),
            dict(type='LoadAnnotations', with_bbox=True),
        ],
        type='MultiModalMosaic'),
    dict(
        border=(
            -320,
            -320,
        ),
        border_val=(
            114,
            114,
            114,
        ),
        max_aspect_ratio=100.0,
        max_rotate_degree=0.0,
        max_shear_degree=0.0,
        scaling_ratio_range=(
            0.5,
            1.5,
        ),
        type='WeDetectRandomAffine'),
    dict(
        pre_transform=[
            dict(backend_args=None, type='LoadImageFromFile'),
            dict(type='LoadAnnotations', with_bbox=True),
            dict(
                img_scale=(
                    640,
                    640,
                ),
                pad_val=114.0,
                pre_transform=[
                    dict(backend_args=None, type='LoadImageFromFile'),
                    dict(type='LoadAnnotations', with_bbox=True),
                ],
                type='MultiModalMosaic'),
            dict(
                border=(
                    -320,
                    -320,
                ),
                border_val=(
                    114,
                    114,
                    114,
                ),
                max_aspect_ratio=100.0,
                max_rotate_degree=0.0,
                max_shear_degree=0.0,
                scaling_ratio_range=(
                    0.5,
                    1.5,
                ),
                type='WeDetectRandomAffine'),
        ],
        prob=0.15,
        type='YOLOv5MultiModalMixUp'),
    dict(
        bbox_params=dict(
            format='pascal_voc',
            label_fields=[
                'gt_bboxes_labels',
                'gt_ignore_flags',
            ],
            type='BboxParams'),
        keymap=dict(gt_bboxes='bboxes', img='image'),
        transforms=[
            dict(p=0.01, type='Blur'),
            dict(p=0.01, type='MedianBlur'),
            dict(p=0.01, type='ToGray'),
            dict(p=0.01, type='CLAHE'),
        ],
        type='mmdet.Albu'),
    dict(type='WeDetectHSVRandomAug'),
    dict(prob=0.5, type='mmdet.RandomFlip'),
    dict(
        max_num_samples=91,
        num_neg_samples=(
            91,
            91,
        ),
        padding_to_max=True,
        padding_value='',
        type='RandomLoadText'),
    dict(
        meta_keys=(
            'img_id',
            'img_path',
            'ori_shape',
            'img_shape',
            'flip',
            'flip_direction',
            'texts',
        ),
        type='mmdet.PackDetInputs'),
]
train_pipeline_stage2 = [
    dict(backend_args=None, type='LoadImageFromFile'),
    dict(type='LoadAnnotations', with_bbox=True),
    dict(scale=(
        640,
        640,
    ), type='WeDetectKeepRatioResize'),
    dict(
        allow_scale_up=True,
        pad_val=dict(img=114.0),
        scale=(
            640,
            640,
        ),
        type='WeDetectLetterResize'),
    dict(
        border_val=(
            114,
            114,
            114,
        ),
        max_aspect_ratio=100,
        max_rotate_degree=0.0,
        max_shear_degree=0.0,
        scaling_ratio_range=(
            0.5,
            1.5,
        ),
        type='WeDetectRandomAffine'),
    dict(
        bbox_params=dict(
            format='pascal_voc',
            label_fields=[
                'gt_bboxes_labels',
                'gt_ignore_flags',
            ],
            type='BboxParams'),
        keymap=dict(gt_bboxes='bboxes', img='image'),
        transforms=[
            dict(p=0.01, type='Blur'),
            dict(p=0.01, type='MedianBlur'),
            dict(p=0.01, type='ToGray'),
            dict(p=0.01, type='CLAHE'),
        ],
        type='mmdet.Albu'),
    dict(type='WeDetectHSVRandomAug'),
    dict(prob=0.5, type='mmdet.RandomFlip'),
    dict(
        max_num_samples=91,
        num_neg_samples=(
            91,
            91,
        ),
        padding_to_max=True,
        padding_value='',
        type='RandomLoadText'),
    dict(
        meta_keys=(
            'img_id',
            'img_path',
            'ori_shape',
            'img_shape',
            'flip',
            'flip_direction',
            'texts',
        ),
        type='mmdet.PackDetInputs'),
]
val_cfg = dict(type='ValLoop')
val_dataloader = dict(
    batch_size=1,
    dataset=dict(
        class_text_path=
        '/home/siyuan/projects/LLMs/OralDetect-Family/OralDetect/datas/class_texts_en.json',
        dataset=dict(
            ann_file=
            '/home/siyuan/projects/LLMs/OralDetect-Family/OralDetect/datas/instances_test.json',
            batch_shapes_cfg=None,
            data_prefix=dict(img='all2017/'),
            data_root=
            '/nfs_share/public/OralGPT/oralgpt-detect-all/coco_format/',
            metainfo=dict(
                classes=(
                    'abnormal oral epithelial cell',
                    'alveolar bone loss',
                    'anterior teeth with fluorosis',
                    'anterior teeth without fluorosis',
                    'blood cell',
                    'canine',
                    'central incisor',
                    'craniofacial or oral anomaly',
                    'deep dental caries',
                    'dental abrasion',
                    'dental caries',
                    'dental crown restoration',
                    'dental filling',
                    'dental implant',
                    'dental opacity',
                    'dental restoration',
                    'dividing oral cell',
                    'first molar',
                    'first premolar',
                    'foreign object or debris',
                    'grade I oral cytology (normal)',
                    'grade II oral cytology (atypical)',
                    'grade III oral cytology (suspicious)',
                    'grade IV oral cytology (malignant)',
                    'impacted tooth',
                    'impacted wisdom tooth',
                    'intraoral appliance',
                    'lateral incisor',
                    'malaligned tooth',
                    'mandibular canal',
                    'maxillary sinus',
                    'missing or residual root',
                    'missing teeth',
                    'normal oral mucosa',
                    'normal oral tissue',
                    'oral squamous cell carcinoma tumor',
                    'orthodontic bracket',
                    'out-of-focus cell',
                    'periapical abscess',
                    'periapical cyst',
                    'periapical granuloma',
                    'periapical lesion',
                    'quadrant 1 (upper right)',
                    'quadrant 2 (upper left)',
                    'quadrant 3 (lower left)',
                    'quadrant 4 (lower right)',
                    'reactive oral cell',
                    'restoration with secondary caries',
                    'retained root',
                    'root canal treatment',
                    'root piece',
                    'second molar',
                    'second premolar',
                    'severe gingivitis',
                    'tooth',
                    'tooth 11 (upper right central incisor)',
                    'tooth 12 (upper right lateral incisor)',
                    'tooth 13 (upper right canine)',
                    'tooth 14 (upper right first premolar)',
                    'tooth 15 (upper right second premolar)',
                    'tooth 16 (upper right first molar)',
                    'tooth 17 (upper right second molar)',
                    'tooth 18 (upper right third molar)',
                    'tooth 21 (upper left central incisor)',
                    'tooth 22 (upper left lateral incisor)',
                    'tooth 23 (upper left canine)',
                    'tooth 24 (upper left first premolar)',
                    'tooth 25 (upper left second premolar)',
                    'tooth 26 (upper left first molar)',
                    'tooth 27 (upper left second molar)',
                    'tooth 28 (upper left third molar)',
                    'tooth 31 (lower left central incisor)',
                    'tooth 32 (lower left lateral incisor)',
                    'tooth 33 (lower left canine)',
                    'tooth 34 (lower left first premolar)',
                    'tooth 35 (lower left second premolar)',
                    'tooth 36 (lower left first molar)',
                    'tooth 37 (lower left second molar)',
                    'tooth 38 (lower left third molar)',
                    'tooth 41 (lower right central incisor)',
                    'tooth 42 (lower right lateral incisor)',
                    'tooth 43 (lower right canine)',
                    'tooth 44 (lower right first premolar)',
                    'tooth 45 (lower right second premolar)',
                    'tooth 46 (lower right first molar)',
                    'tooth 47 (lower right second molar)',
                    'tooth 48 (lower right third molar)',
                    'tooth erosion',
                    'tooth malformation',
                    'treated tooth',
                    'unclassified cell',
                )),
            test_mode=True,
            type='WeCocoDataset'),
        pipeline=[
            dict(backend_args=None, type='LoadImageFromFile'),
            dict(scale=(
                640,
                640,
            ), type='WeDetectKeepRatioResize'),
            dict(
                allow_scale_up=False,
                pad_val=dict(img=114),
                scale=(
                    640,
                    640,
                ),
                type='WeDetectLetterResize'),
            dict(_scope_='mmdet', type='LoadAnnotations', with_bbox=True),
            dict(type='LoadText'),
            dict(
                meta_keys=(
                    'img_id',
                    'img_path',
                    'ori_shape',
                    'img_shape',
                    'scale_factor',
                    'pad_param',
                    'texts',
                ),
                type='PackDetInputs'),
        ],
        type='MultiModalDataset'),
    drop_last=False,
    num_workers=2,
    persistent_workers=True,
    pin_memory=True,
    sampler=dict(shuffle=False, type='DefaultSampler'))
val_dataset = dict(
    class_text_path=
    '/home/siyuan/projects/LLMs/OralDetect-Family/OralDetect/datas/class_texts_en.json',
    dataset=dict(
        ann_file=
        '/home/siyuan/projects/LLMs/OralDetect-Family/OralDetect/datas/instances_test.json',
        batch_shapes_cfg=None,
        data_prefix=dict(img='all2017/'),
        data_root='/nfs_share/public/OralGPT/oralgpt-detect-all/coco_format/',
        metainfo=dict(
            classes=(
                'abnormal oral epithelial cell',
                'alveolar bone loss',
                'anterior teeth with fluorosis',
                'anterior teeth without fluorosis',
                'blood cell',
                'canine',
                'central incisor',
                'craniofacial or oral anomaly',
                'deep dental caries',
                'dental abrasion',
                'dental caries',
                'dental crown restoration',
                'dental filling',
                'dental implant',
                'dental opacity',
                'dental restoration',
                'dividing oral cell',
                'first molar',
                'first premolar',
                'foreign object or debris',
                'grade I oral cytology (normal)',
                'grade II oral cytology (atypical)',
                'grade III oral cytology (suspicious)',
                'grade IV oral cytology (malignant)',
                'impacted tooth',
                'impacted wisdom tooth',
                'intraoral appliance',
                'lateral incisor',
                'malaligned tooth',
                'mandibular canal',
                'maxillary sinus',
                'missing or residual root',
                'missing teeth',
                'normal oral mucosa',
                'normal oral tissue',
                'oral squamous cell carcinoma tumor',
                'orthodontic bracket',
                'out-of-focus cell',
                'periapical abscess',
                'periapical cyst',
                'periapical granuloma',
                'periapical lesion',
                'quadrant 1 (upper right)',
                'quadrant 2 (upper left)',
                'quadrant 3 (lower left)',
                'quadrant 4 (lower right)',
                'reactive oral cell',
                'restoration with secondary caries',
                'retained root',
                'root canal treatment',
                'root piece',
                'second molar',
                'second premolar',
                'severe gingivitis',
                'tooth',
                'tooth 11 (upper right central incisor)',
                'tooth 12 (upper right lateral incisor)',
                'tooth 13 (upper right canine)',
                'tooth 14 (upper right first premolar)',
                'tooth 15 (upper right second premolar)',
                'tooth 16 (upper right first molar)',
                'tooth 17 (upper right second molar)',
                'tooth 18 (upper right third molar)',
                'tooth 21 (upper left central incisor)',
                'tooth 22 (upper left lateral incisor)',
                'tooth 23 (upper left canine)',
                'tooth 24 (upper left first premolar)',
                'tooth 25 (upper left second premolar)',
                'tooth 26 (upper left first molar)',
                'tooth 27 (upper left second molar)',
                'tooth 28 (upper left third molar)',
                'tooth 31 (lower left central incisor)',
                'tooth 32 (lower left lateral incisor)',
                'tooth 33 (lower left canine)',
                'tooth 34 (lower left first premolar)',
                'tooth 35 (lower left second premolar)',
                'tooth 36 (lower left first molar)',
                'tooth 37 (lower left second molar)',
                'tooth 38 (lower left third molar)',
                'tooth 41 (lower right central incisor)',
                'tooth 42 (lower right lateral incisor)',
                'tooth 43 (lower right canine)',
                'tooth 44 (lower right first premolar)',
                'tooth 45 (lower right second premolar)',
                'tooth 46 (lower right first molar)',
                'tooth 47 (lower right second molar)',
                'tooth 48 (lower right third molar)',
                'tooth erosion',
                'tooth malformation',
                'treated tooth',
                'unclassified cell',
            )),
        test_mode=True,
        type='WeCocoDataset'),
    pipeline=[
        dict(backend_args=None, type='LoadImageFromFile'),
        dict(scale=(
            640,
            640,
        ), type='WeDetectKeepRatioResize'),
        dict(
            allow_scale_up=False,
            pad_val=dict(img=114),
            scale=(
                640,
                640,
            ),
            type='WeDetectLetterResize'),
        dict(_scope_='mmdet', type='LoadAnnotations', with_bbox=True),
        dict(type='LoadText'),
        dict(
            meta_keys=(
                'img_id',
                'img_path',
                'ori_shape',
                'img_shape',
                'scale_factor',
                'pad_param',
                'texts',
            ),
            type='PackDetInputs'),
    ],
    type='MultiModalDataset')
val_evaluator = dict(
    ann_file=
    '/home/siyuan/projects/LLMs/OralDetect-Family/OralDetect/datas/instances_test.json',
    metric='bbox',
    type='CocoMetric')
vis_backends = [
    dict(type='LocalVisBackend'),
]
visualizer = dict(
    name='visualizer',
    type='mmdet.DetLocalVisualizer',
    vis_backends=[
        dict(type='LocalVisBackend'),
    ])
weight_decay = 0.05
work_dir = 'work_dirs/base3stage_s3'

06/21 22:55:37 - mmengine - INFO - Using SyncBatchNorm()
06/21 22:55:37 - mmengine - INFO - Hooks will be executed in the following order:
before_run:
(VERY_HIGH   ) RuntimeInfoHook                    
(BELOW_NORMAL) LoggerHook                         
 -------------------- 
before_train:
(VERY_HIGH   ) RuntimeInfoHook                    
(NORMAL      ) IterTimerHook                      
(VERY_LOW    ) CheckpointHook                     
 -------------------- 
before_train_epoch:
(VERY_HIGH   ) RuntimeInfoHook                    
(NORMAL      ) IterTimerHook                      
(NORMAL      ) DistSamplerSeedHook                
(NORMAL      ) PipelineSwitchHook                 
 -------------------- 
before_train_iter:
(VERY_HIGH   ) RuntimeInfoHook                    
(NORMAL      ) IterTimerHook                      
 -------------------- 
after_train_iter:
(VERY_HIGH   ) RuntimeInfoHook                    
(NORMAL      ) IterTimerHook                      
(BELOW_NORMAL) LoggerHook                         
(LOW         ) ParamSchedulerHook                 
(VERY_LOW    ) CheckpointHook                     
 -------------------- 
after_train_epoch:
(NORMAL      ) IterTimerHook                      
(LOW         ) ParamSchedulerHook                 
(VERY_LOW    ) CheckpointHook                     
 -------------------- 
before_val:
(VERY_HIGH   ) RuntimeInfoHook                    
 -------------------- 
before_val_epoch:
(NORMAL      ) IterTimerHook                      
 -------------------- 
before_val_iter:
(NORMAL      ) IterTimerHook                      
 -------------------- 
after_val_iter:
(NORMAL      ) IterTimerHook                      
(NORMAL      ) DetVisualizationHook               
(BELOW_NORMAL) LoggerHook                         
 -------------------- 
after_val_epoch:
(VERY_HIGH   ) RuntimeInfoHook                    
(NORMAL      ) IterTimerHook                      
(BELOW_NORMAL) LoggerHook                         
(LOW         ) ParamSchedulerHook                 
(VERY_LOW    ) CheckpointHook                     
 -------------------- 
after_val:
(VERY_HIGH   ) RuntimeInfoHook                    
 -------------------- 
after_train:
(VERY_HIGH   ) RuntimeInfoHook                    
(VERY_LOW    ) CheckpointHook                     
 -------------------- 
before_test:
(VERY_HIGH   ) RuntimeInfoHook                    
 -------------------- 
before_test_epoch:
(NORMAL      ) IterTimerHook                      
 -------------------- 
before_test_iter:
(NORMAL      ) IterTimerHook                      
 -------------------- 
after_test_iter:
(NORMAL      ) IterTimerHook                      
(NORMAL      ) DetVisualizationHook               
(BELOW_NORMAL) LoggerHook                         
 -------------------- 
after_test_epoch:
(VERY_HIGH   ) RuntimeInfoHook                    
(NORMAL      ) IterTimerHook                      
(BELOW_NORMAL) LoggerHook                         
 -------------------- 
after_test:
(VERY_HIGH   ) RuntimeInfoHook                    
 -------------------- 
after_run:
(BELOW_NORMAL) LoggerHook                         
 -------------------- 
loading annotations into memory...
loading annotations into memory...
loading annotations into memory...
Done (t=1.35s)
creating index...
Done (t=1.35s)
creating index...
Done (t=1.37s)
creating index...
index created!
index created!
index created!
loading annotations into memory...
Done (t=1.36s)
creating index...
index created!
/home/siyuan/anaconda3/envs/wedetect_official/lib/python3.10/site-packages/albumentations/core/composition.py:331: UserWarning: Got processor for bboxes, but no transform to process it.
  self._set_keys()
/home/siyuan/anaconda3/envs/wedetect_official/lib/python3.10/site-packages/albumentations/core/composition.py:331: UserWarning: Got processor for bboxes, but no transform to process it.
  self._set_keys()
/home/siyuan/anaconda3/envs/wedetect_official/lib/python3.10/site-packages/albumentations/core/composition.py:331: UserWarning: Got processor for bboxes, but no transform to process it.
  self._set_keys()
loading annotations into memory...
loading annotations into memory...
loading annotations into memory...
Done (t=0.37s)
creating index...
index created!
Done (t=0.38s)
creating index...
index created!
Done (t=0.39s)
creating index...
index created!
loading annotations into memory...
loading annotations into memory...
loading annotations into memory...
/home/siyuan/anaconda3/envs/wedetect_official/lib/python3.10/site-packages/albumentations/core/composition.py:331: UserWarning: Got processor for bboxes, but no transform to process it.
  self._set_keys()
06/21 22:55:43 - mmengine - INFO - paramwise_options -- backbone.image_model.model.downsample_layers.0.0.weight:num of params=6144
06/21 22:55:43 - mmengine - INFO - paramwise_options -- backbone.image_model.model.downsample_layers.0.0.bias:num of params=128
06/21 22:55:43 - mmengine - INFO - paramwise_options -- backbone.image_model.model.downsample_layers.0.1.weight:num of params=128
06/21 22:55:43 - mmengine - INFO - paramwise_options -- backbone.image_model.model.downsample_layers.0.1.bias:num of params=128
06/21 22:55:43 - mmengine - INFO - paramwise_options -- backbone.image_model.model.downsample_layers.1.0.weight:num of params=128
06/21 22:55:43 - mmengine - INFO - paramwise_options -- backbone.image_model.model.downsample_layers.1.0.bias:num of params=128
06/21 22:55:43 - mmengine - INFO - paramwise_options -- backbone.image_model.model.downsample_layers.1.1.weight:num of params=131072
06/21 22:55:43 - mmengine - INFO - paramwise_options -- backbone.image_model.model.downsample_layers.1.1.bias:num of params=256
06/21 22:55:43 - mmengine - INFO - paramwise_options -- backbone.image_model.model.downsample_layers.2.0.weight:num of params=256
06/21 22:55:43 - mmengine - INFO - paramwise_options -- backbone.image_model.model.downsample_layers.2.0.bias:num of params=256
06/21 22:55:43 - mmengine - INFO - paramwise_options -- backbone.image_model.model.downsample_layers.2.1.weight:num of params=524288
06/21 22:55:43 - mmengine - INFO - paramwise_options -- backbone.image_model.model.downsample_layers.2.1.bias:num of params=512
06/21 22:55:43 - mmengine - INFO - paramwise_options -- backbone.image_model.model.downsample_layers.3.0.weight:num of params=512
06/21 22:55:43 - mmengine - INFO - paramwise_options -- backbone.image_model.model.downsample_layers.3.0.bias:num of params=512
06/21 22:55:43 - mmengine - INFO - paramwise_options -- backbone.image_model.model.downsample_layers.3.1.weight:num of params=2097152
06/21 22:55:43 - mmengine - INFO - paramwise_options -- backbone.image_model.model.downsample_layers.3.1.bias:num of params=1024
06/21 22:55:43 - mmengine - INFO - paramwise_options -- backbone.image_model.model.stages.0.0.gamma:num of params=128
06/21 22:55:43 - mmengine - INFO - paramwise_options -- backbone.image_model.model.stages.0.0.dwconv.weight:num of params=6272
06/21 22:55:43 - mmengine - INFO - paramwise_options -- backbone.image_model.model.stages.0.0.dwconv.bias:num of params=128
06/21 22:55:43 - mmengine - INFO - paramwise_options -- backbone.image_model.model.stages.0.0.norm.weight:num of params=128
06/21 22:55:43 - mmengine - INFO - paramwise_options -- backbone.image_model.model.stages.0.0.norm.bias:num of params=128
06/21 22:55:43 - mmengine - INFO - paramwise_options -- backbone.image_model.model.stages.0.0.pwconv1.weight:num of params=65536
06/21 22:55:43 - mmengine - INFO - paramwise_options -- backbone.image_model.model.stages.0.0.pwconv1.bias:num of params=512
06/21 22:55:43 - mmengine - INFO - paramwise_options -- backbone.image_model.model.stages.0.0.pwconv2.weight:num of params=65536
06/21 22:55:43 - mmengine - INFO - paramwise_options -- backbone.image_model.model.stages.0.0.pwconv2.bias:num of params=128
06/21 22:55:43 - mmengine - INFO - paramwise_options -- backbone.image_model.model.stages.0.1.gamma:num of params=128
06/21 22:55:43 - mmengine - INFO - paramwise_options -- backbone.image_model.model.stages.0.1.dwconv.weight:num of params=6272
06/21 22:55:43 - mmengine - INFO - paramwise_options -- backbone.image_model.model.stages.0.1.dwconv.bias:num of params=128
06/21 22:55:43 - mmengine - INFO - paramwise_options -- backbone.image_model.model.stages.0.1.norm.weight:num of params=128
06/21 22:55:43 - mmengine - INFO - paramwise_options -- backbone.image_model.model.stages.0.1.norm.bias:num of params=128
06/21 22:55:43 - mmengine - INFO - paramwise_options -- backbone.image_model.model.stages.0.1.pwconv1.weight:num of params=65536
06/21 22:55:43 - mmengine - INFO - paramwise_options -- backbone.image_model.model.stages.0.1.pwconv1.bias:num of params=512
06/21 22:55:43 - mmengine - INFO - paramwise_options -- backbone.image_model.model.stages.0.1.pwconv2.weight:num of params=65536
06/21 22:55:43 - mmengine - INFO - paramwise_options -- backbone.image_model.model.stages.0.1.pwconv2.bias:num of params=128
06/21 22:55:43 - mmengine - INFO - paramwise_options -- backbone.image_model.model.stages.0.2.gamma:num of params=128
06/21 22:55:43 - mmengine - INFO - paramwise_options -- backbone.image_model.model.stages.0.2.dwconv.weight:num of params=6272
06/21 22:55:43 - mmengine - INFO - paramwise_options -- backbone.image_model.model.stages.0.2.dwconv.bias:num of params=128
06/21 22:55:43 - mmengine - INFO - paramwise_options -- backbone.image_model.model.stages.0.2.norm.weight:num of params=128
06/21 22:55:43 - mmengine - INFO - paramwise_options -- backbone.image_model.model.stages.0.2.norm.bias:num of params=128
06/21 22:55:43 - mmengine - INFO - paramwise_options -- backbone.image_model.model.stages.0.2.pwconv1.weight:num of params=65536
06/21 22:55:43 - mmengine - INFO - paramwise_options -- backbone.image_model.model.stages.0.2.pwconv1.bias:num of params=512
06/21 22:55:43 - mmengine - INFO - paramwise_options -- backbone.image_model.model.stages.0.2.pwconv2.weight:num of params=65536
06/21 22:55:43 - mmengine - INFO - paramwise_options -- backbone.image_model.model.stages.0.2.pwconv2.bias:num of params=128
06/21 22:55:43 - mmengine - INFO - paramwise_options -- backbone.image_model.model.stages.1.0.gamma:num of params=256
06/21 22:55:43 - mmengine - INFO - paramwise_options -- backbone.image_model.model.stages.1.0.dwconv.weight:num of params=12544
06/21 22:55:43 - mmengine - INFO - paramwise_options -- backbone.image_model.model.stages.1.0.dwconv.bias:num of params=256
06/21 22:55:43 - mmengine - INFO - paramwise_options -- backbone.image_model.model.stages.1.0.norm.weight:num of params=256
06/21 22:55:43 - mmengine - INFO - paramwise_options -- backbone.image_model.model.stages.1.0.norm.bias:num of params=256
06/21 22:55:43 - mmengine - INFO - paramwise_options -- backbone.image_model.model.stages.1.0.pwconv1.weight:num of params=262144
06/21 22:55:43 - mmengine - INFO - paramwise_options -- backbone.image_model.model.stages.1.0.pwconv1.bias:num of params=1024
06/21 22:55:43 - mmengine - INFO - paramwise_options -- backbone.image_model.model.stages.1.0.pwconv2.weight:num of params=262144
06/21 22:55:43 - mmengine - INFO - paramwise_options -- backbone.image_model.model.stages.1.0.pwconv2.bias:num of params=256
06/21 22:55:43 - mmengine - INFO - paramwise_options -- backbone.image_model.model.stages.1.1.gamma:num of params=256
06/21 22:55:43 - mmengine - INFO - paramwise_options -- backbone.image_model.model.stages.1.1.dwconv.weight:num of params=12544
06/21 22:55:43 - mmengine - INFO - paramwise_options -- backbone.image_model.model.stages.1.1.dwconv.bias:num of params=256
06/21 22:55:43 - mmengine - INFO - paramwise_options -- backbone.image_model.model.stages.1.1.norm.weight:num of params=256
06/21 22:55:43 - mmengine - INFO - paramwise_options -- backbone.image_model.model.stages.1.1.norm.bias:num of params=256
06/21 22:55:43 - mmengine - INFO - paramwise_options -- backbone.image_model.model.stages.1.1.pwconv1.weight:num of params=262144
06/21 22:55:43 - mmengine - INFO - paramwise_options -- backbone.image_model.model.stages.1.1.pwconv1.bias:num of params=1024
06/21 22:55:43 - mmengine - INFO - paramwise_options -- backbone.image_model.model.stages.1.1.pwconv2.weight:num of params=262144
06/21 22:55:43 - mmengine - INFO - paramwise_options -- backbone.image_model.model.stages.1.1.pwconv2.bias:num of params=256
06/21 22:55:43 - mmengine - INFO - paramwise_options -- backbone.image_model.model.stages.1.2.gamma:num of params=256
06/21 22:55:43 - mmengine - INFO - paramwise_options -- backbone.image_model.model.stages.1.2.dwconv.weight:num of params=12544
06/21 22:55:43 - mmengine - INFO - paramwise_options -- backbone.image_model.model.stages.1.2.dwconv.bias:num of params=256
06/21 22:55:43 - mmengine - INFO - paramwise_options -- backbone.image_model.model.stages.1.2.norm.weight:num of params=256
06/21 22:55:43 - mmengine - INFO - paramwise_options -- backbone.image_model.model.stages.1.2.norm.bias:num of params=256
06/21 22:55:43 - mmengine - INFO - paramwise_options -- backbone.image_model.model.stages.1.2.pwconv1.weight:num of params=262144
06/21 22:55:43 - mmengine - INFO - paramwise_options -- backbone.image_model.model.stages.1.2.pwconv1.bias:num of params=1024
06/21 22:55:43 - mmengine - INFO - paramwise_options -- backbone.image_model.model.stages.1.2.pwconv2.weight:num of params=262144
06/21 22:55:43 - mmengine - INFO - paramwise_options -- backbone.image_model.model.stages.1.2.pwconv2.bias:num of params=256
06/21 22:55:43 - mmengine - INFO - paramwise_options -- backbone.image_model.model.stages.2.0.gamma:num of params=512
06/21 22:55:43 - mmengine - INFO - paramwise_options -- backbone.image_model.model.stages.2.0.dwconv.weight:num of params=25088
06/21 22:55:43 - mmengine - INFO - paramwise_options -- backbone.image_model.model.stages.2.0.dwconv.bias:num of params=512
06/21 22:55:43 - mmengine - INFO - paramwise_options -- backbone.image_model.model.stages.2.0.norm.weight:num of params=512
06/21 22:55:43 - mmengine - INFO - paramwise_options -- backbone.image_model.model.stages.2.0.norm.bias:num of params=512
06/21 22:55:43 - mmengine - INFO - paramwise_options -- backbone.image_model.model.stages.2.0.pwconv1.weight:num of params=1048576
06/21 22:55:43 - mmengine - INFO - paramwise_options -- backbone.image_model.model.stages.2.0.pwconv1.bias:num of params=2048
06/21 22:55:43 - mmengine - INFO - paramwise_options -- backbone.image_model.model.stages.2.0.pwconv2.weight:num of params=1048576
06/21 22:55:43 - mmengine - INFO - paramwise_options -- backbone.image_model.model.stages.2.0.pwconv2.bias:num of params=512
06/21 22:55:43 - mmengine - INFO - paramwise_options -- backbone.image_model.model.stages.2.1.gamma:num of params=512
06/21 22:55:43 - mmengine - INFO - paramwise_options -- backbone.image_model.model.stages.2.1.dwconv.weight:num of params=25088
06/21 22:55:43 - mmengine - INFO - paramwise_options -- backbone.image_model.model.stages.2.1.dwconv.bias:num of params=512
06/21 22:55:43 - mmengine - INFO - paramwise_options -- backbone.image_model.model.stages.2.1.norm.weight:num of params=512
06/21 22:55:43 - mmengine - INFO - paramwise_options -- backbone.image_model.model.stages.2.1.norm.bias:num of params=512
06/21 22:55:43 - mmengine - INFO - paramwise_options -- backbone.image_model.model.stages.2.1.pwconv1.weight:num of params=1048576
06/21 22:55:43 - mmengine - INFO - paramwise_options -- backbone.image_model.model.stages.2.1.pwconv1.bias:num of params=2048
06/21 22:55:43 - mmengine - INFO - paramwise_options -- backbone.image_model.model.stages.2.1.pwconv2.weight:num of params=1048576
06/21 22:55:43 - mmengine - INFO - paramwise_options -- backbone.image_model.model.stages.2.1.pwconv2.bias:num of params=512
06/21 22:55:43 - mmengine - INFO - paramwise_options -- backbone.image_model.model.stages.2.2.gamma:num of params=512
06/21 22:55:43 - mmengine - INFO - paramwise_options -- backbone.image_model.model.stages.2.2.dwconv.weight:num of params=25088
06/21 22:55:43 - mmengine - INFO - paramwise_options -- backbone.image_model.model.stages.2.2.dwconv.bias:num of params=512
06/21 22:55:43 - mmengine - INFO - paramwise_options -- backbone.image_model.model.stages.2.2.norm.weight:num of params=512
06/21 22:55:43 - mmengine - INFO - paramwise_options -- backbone.image_model.model.stages.2.2.norm.bias:num of params=512
06/21 22:55:43 - mmengine - INFO - paramwise_options -- backbone.image_model.model.stages.2.2.pwconv1.weight:num of params=1048576
06/21 22:55:43 - mmengine - INFO - paramwise_options -- backbone.image_model.model.stages.2.2.pwconv1.bias:num of params=2048
06/21 22:55:43 - mmengine - INFO - paramwise_options -- backbone.image_model.model.stages.2.2.pwconv2.weight:num of params=1048576
06/21 22:55:43 - mmengine - INFO - paramwise_options -- backbone.image_model.model.stages.2.2.pwconv2.bias:num of params=512
06/21 22:55:43 - mmengine - INFO - paramwise_options -- backbone.image_model.model.stages.2.3.gamma:num of params=512
06/21 22:55:43 - mmengine - INFO - paramwise_options -- backbone.image_model.model.stages.2.3.dwconv.weight:num of params=25088
06/21 22:55:43 - mmengine - INFO - paramwise_options -- backbone.image_model.model.stages.2.3.dwconv.bias:num of params=512
06/21 22:55:43 - mmengine - INFO - paramwise_options -- backbone.image_model.model.stages.2.3.norm.weight:num of params=512
06/21 22:55:43 - mmengine - INFO - paramwise_options -- backbone.image_model.model.stages.2.3.norm.bias:num of params=512
06/21 22:55:43 - mmengine - INFO - paramwise_options -- backbone.image_model.model.stages.2.3.pwconv1.weight:num of params=1048576
06/21 22:55:43 - mmengine - INFO - paramwise_options -- backbone.image_model.model.stages.2.3.pwconv1.bias:num of params=2048
06/21 22:55:43 - mmengine - INFO - paramwise_options -- backbone.image_model.model.stages.2.3.pwconv2.weight:num of params=1048576
06/21 22:55:43 - mmengine - INFO - paramwise_options -- backbone.image_model.model.stages.2.3.pwconv2.bias:num of params=512
06/21 22:55:43 - mmengine - INFO - paramwise_options -- backbone.image_model.model.stages.2.4.gamma:num of params=512
06/21 22:55:43 - mmengine - INFO - paramwise_options -- backbone.image_model.model.stages.2.4.dwconv.weight:num of params=25088
06/21 22:55:43 - mmengine - INFO - paramwise_options -- backbone.image_model.model.stages.2.4.dwconv.bias:num of params=512
06/21 22:55:43 - mmengine - INFO - paramwise_options -- backbone.image_model.model.stages.2.4.norm.weight:num of params=512
06/21 22:55:43 - mmengine - INFO - paramwise_options -- backbone.image_model.model.stages.2.4.norm.bias:num of params=512
06/21 22:55:43 - mmengine - INFO - paramwise_options -- backbone.image_model.model.stages.2.4.pwconv1.weight:num of params=1048576
06/21 22:55:43 - mmengine - INFO - paramwise_options -- backbone.image_model.model.stages.2.4.pwconv1.bias:num of params=2048
06/21 22:55:43 - mmengine - INFO - paramwise_options -- backbone.image_model.model.stages.2.4.pwconv2.weight:num of params=1048576
06/21 22:55:43 - mmengine - INFO - paramwise_options -- backbone.image_model.model.stages.2.4.pwconv2.bias:num of params=512
06/21 22:55:43 - mmengine - INFO - paramwise_options -- backbone.image_model.model.stages.2.5.gamma:num of params=512
06/21 22:55:43 - mmengine - INFO - paramwise_options -- backbone.image_model.model.stages.2.5.dwconv.weight:num of params=25088
06/21 22:55:43 - mmengine - INFO - paramwise_options -- backbone.image_model.model.stages.2.5.dwconv.bias:num of params=512
06/21 22:55:43 - mmengine - INFO - paramwise_options -- backbone.image_model.model.stages.2.5.norm.weight:num of params=512
06/21 22:55:43 - mmengine - INFO - paramwise_options -- backbone.image_model.model.stages.2.5.norm.bias:num of params=512
06/21 22:55:43 - mmengine - INFO - paramwise_options -- backbone.image_model.model.stages.2.5.pwconv1.weight:num of params=1048576
06/21 22:55:43 - mmengine - INFO - paramwise_options -- backbone.image_model.model.stages.2.5.pwconv1.bias:num of params=2048
06/21 22:55:43 - mmengine - INFO - paramwise_options -- backbone.image_model.model.stages.2.5.pwconv2.weight:num of params=1048576
06/21 22:55:43 - mmengine - INFO - paramwise_options -- backbone.image_model.model.stages.2.5.pwconv2.bias:num of params=512
06/21 22:55:43 - mmengine - INFO - paramwise_options -- backbone.image_model.model.stages.2.6.gamma:num of params=512
06/21 22:55:43 - mmengine - INFO - paramwise_options -- backbone.image_model.model.stages.2.6.dwconv.weight:num of params=25088
06/21 22:55:43 - mmengine - INFO - paramwise_options -- backbone.image_model.model.stages.2.6.dwconv.bias:num of params=512
06/21 22:55:43 - mmengine - INFO - paramwise_options -- backbone.image_model.model.stages.2.6.norm.weight:num of params=512
06/21 22:55:43 - mmengine - INFO - paramwise_options -- backbone.image_model.model.stages.2.6.norm.bias:num of params=512
06/21 22:55:43 - mmengine - INFO - paramwise_options -- backbone.image_model.model.stages.2.6.pwconv1.weight:num of params=1048576
06/21 22:55:43 - mmengine - INFO - paramwise_options -- backbone.image_model.model.stages.2.6.pwconv1.bias:num of params=2048
06/21 22:55:43 - mmengine - INFO - paramwise_options -- backbone.image_model.model.stages.2.6.pwconv2.weight:num of params=1048576
06/21 22:55:43 - mmengine - INFO - paramwise_options -- backbone.image_model.model.stages.2.6.pwconv2.bias:num of params=512
06/21 22:55:43 - mmengine - INFO - paramwise_options -- backbone.image_model.model.stages.2.7.gamma:num of params=512
06/21 22:55:43 - mmengine - INFO - paramwise_options -- backbone.image_model.model.stages.2.7.dwconv.weight:num of params=25088
06/21 22:55:43 - mmengine - INFO - paramwise_options -- backbone.image_model.model.stages.2.7.dwconv.bias:num of params=512
06/21 22:55:43 - mmengine - INFO - paramwise_options -- backbone.image_model.model.stages.2.7.norm.weight:num of params=512
06/21 22:55:43 - mmengine - INFO - paramwise_options -- backbone.image_model.model.stages.2.7.norm.bias:num of params=512
06/21 22:55:43 - mmengine - INFO - paramwise_options -- backbone.image_model.model.stages.2.7.pwconv1.weight:num of params=1048576
06/21 22:55:43 - mmengine - INFO - paramwise_options -- backbone.image_model.model.stages.2.7.pwconv1.bias:num of params=2048
06/21 22:55:43 - mmengine - INFO - paramwise_options -- backbone.image_model.model.stages.2.7.pwconv2.weight:num of params=1048576
06/21 22:55:43 - mmengine - INFO - paramwise_options -- backbone.image_model.model.stages.2.7.pwconv2.bias:num of params=512
06/21 22:55:43 - mmengine - INFO - paramwise_options -- backbone.image_model.model.stages.2.8.gamma:num of params=512
06/21 22:55:43 - mmengine - INFO - paramwise_options -- backbone.image_model.model.stages.2.8.dwconv.weight:num of params=25088
06/21 22:55:43 - mmengine - INFO - paramwise_options -- backbone.image_model.model.stages.2.8.dwconv.bias:num of params=512
06/21 22:55:43 - mmengine - INFO - paramwise_options -- backbone.image_model.model.stages.2.8.norm.weight:num of params=512
06/21 22:55:43 - mmengine - INFO - paramwise_options -- backbone.image_model.model.stages.2.8.norm.bias:num of params=512
06/21 22:55:43 - mmengine - INFO - paramwise_options -- backbone.image_model.model.stages.2.8.pwconv1.weight:num of params=1048576
06/21 22:55:43 - mmengine - INFO - paramwise_options -- backbone.image_model.model.stages.2.8.pwconv1.bias:num of params=2048
06/21 22:55:43 - mmengine - INFO - paramwise_options -- backbone.image_model.model.stages.2.8.pwconv2.weight:num of params=1048576
06/21 22:55:43 - mmengine - INFO - paramwise_options -- backbone.image_model.model.stages.2.8.pwconv2.bias:num of params=512
06/21 22:55:43 - mmengine - INFO - paramwise_options -- backbone.image_model.model.stages.2.9.gamma:num of params=512
06/21 22:55:43 - mmengine - INFO - paramwise_options -- backbone.image_model.model.stages.2.9.dwconv.weight:num of params=25088
06/21 22:55:43 - mmengine - INFO - paramwise_options -- backbone.image_model.model.stages.2.9.dwconv.bias:num of params=512
06/21 22:55:43 - mmengine - INFO - paramwise_options -- backbone.image_model.model.stages.2.9.norm.weight:num of params=512
06/21 22:55:43 - mmengine - INFO - paramwise_options -- backbone.image_model.model.stages.2.9.norm.bias:num of params=512
06/21 22:55:43 - mmengine - INFO - paramwise_options -- backbone.image_model.model.stages.2.9.pwconv1.weight:num of params=1048576
06/21 22:55:43 - mmengine - INFO - paramwise_options -- backbone.image_model.model.stages.2.9.pwconv1.bias:num of params=2048
06/21 22:55:43 - mmengine - INFO - paramwise_options -- backbone.image_model.model.stages.2.9.pwconv2.weight:num of params=1048576
06/21 22:55:43 - mmengine - INFO - paramwise_options -- backbone.image_model.model.stages.2.9.pwconv2.bias:num of params=512
06/21 22:55:43 - mmengine - INFO - paramwise_options -- backbone.image_model.model.stages.2.10.gamma:num of params=512
06/21 22:55:43 - mmengine - INFO - paramwise_options -- backbone.image_model.model.stages.2.10.dwconv.weight:num of params=25088
06/21 22:55:43 - mmengine - INFO - paramwise_options -- backbone.image_model.model.stages.2.10.dwconv.bias:num of params=512
06/21 22:55:43 - mmengine - INFO - paramwise_options -- backbone.image_model.model.stages.2.10.norm.weight:num of params=512
06/21 22:55:43 - mmengine - INFO - paramwise_options -- backbone.image_model.model.stages.2.10.norm.bias:num of params=512
06/21 22:55:43 - mmengine - INFO - paramwise_options -- backbone.image_model.model.stages.2.10.pwconv1.weight:num of params=1048576
06/21 22:55:43 - mmengine - INFO - paramwise_options -- backbone.image_model.model.stages.2.10.pwconv1.bias:num of params=2048
06/21 22:55:43 - mmengine - INFO - paramwise_options -- backbone.image_model.model.stages.2.10.pwconv2.weight:num of params=1048576
06/21 22:55:43 - mmengine - INFO - paramwise_options -- backbone.image_model.model.stages.2.10.pwconv2.bias:num of params=512
06/21 22:55:43 - mmengine - INFO - paramwise_options -- backbone.image_model.model.stages.2.11.gamma:num of params=512
06/21 22:55:43 - mmengine - INFO - paramwise_options -- backbone.image_model.model.stages.2.11.dwconv.weight:num of params=25088
06/21 22:55:43 - mmengine - INFO - paramwise_options -- backbone.image_model.model.stages.2.11.dwconv.bias:num of params=512
06/21 22:55:43 - mmengine - INFO - paramwise_options -- backbone.image_model.model.stages.2.11.norm.weight:num of params=512
06/21 22:55:43 - mmengine - INFO - paramwise_options -- backbone.image_model.model.stages.2.11.norm.bias:num of params=512
06/21 22:55:43 - mmengine - INFO - paramwise_options -- backbone.image_model.model.stages.2.11.pwconv1.weight:num of params=1048576
06/21 22:55:43 - mmengine - INFO - paramwise_options -- backbone.image_model.model.stages.2.11.pwconv1.bias:num of params=2048
06/21 22:55:43 - mmengine - INFO - paramwise_options -- backbone.image_model.model.stages.2.11.pwconv2.weight:num of params=1048576
06/21 22:55:43 - mmengine - INFO - paramwise_options -- backbone.image_model.model.stages.2.11.pwconv2.bias:num of params=512
06/21 22:55:43 - mmengine - INFO - paramwise_options -- backbone.image_model.model.stages.2.12.gamma:num of params=512
06/21 22:55:43 - mmengine - INFO - paramwise_options -- backbone.image_model.model.stages.2.12.dwconv.weight:num of params=25088
06/21 22:55:43 - mmengine - INFO - paramwise_options -- backbone.image_model.model.stages.2.12.dwconv.bias:num of params=512
06/21 22:55:43 - mmengine - INFO - paramwise_options -- backbone.image_model.model.stages.2.12.norm.weight:num of params=512
06/21 22:55:43 - mmengine - INFO - paramwise_options -- backbone.image_model.model.stages.2.12.norm.bias:num of params=512
06/21 22:55:43 - mmengine - INFO - paramwise_options -- backbone.image_model.model.stages.2.12.pwconv1.weight:num of params=1048576
06/21 22:55:43 - mmengine - INFO - paramwise_options -- backbone.image_model.model.stages.2.12.pwconv1.bias:num of params=2048
06/21 22:55:43 - mmengine - INFO - paramwise_options -- backbone.image_model.model.stages.2.12.pwconv2.weight:num of params=1048576
06/21 22:55:43 - mmengine - INFO - paramwise_options -- backbone.image_model.model.stages.2.12.pwconv2.bias:num of params=512
06/21 22:55:43 - mmengine - INFO - paramwise_options -- backbone.image_model.model.stages.2.13.gamma:num of params=512
06/21 22:55:43 - mmengine - INFO - paramwise_options -- backbone.image_model.model.stages.2.13.dwconv.weight:num of params=25088
06/21 22:55:43 - mmengine - INFO - paramwise_options -- backbone.image_model.model.stages.2.13.dwconv.bias:num of params=512
06/21 22:55:43 - mmengine - INFO - paramwise_options -- backbone.image_model.model.stages.2.13.norm.weight:num of params=512
06/21 22:55:43 - mmengine - INFO - paramwise_options -- backbone.image_model.model.stages.2.13.norm.bias:num of params=512
06/21 22:55:43 - mmengine - INFO - paramwise_options -- backbone.image_model.model.stages.2.13.pwconv1.weight:num of params=1048576
06/21 22:55:43 - mmengine - INFO - paramwise_options -- backbone.image_model.model.stages.2.13.pwconv1.bias:num of params=2048
06/21 22:55:43 - mmengine - INFO - paramwise_options -- backbone.image_model.model.stages.2.13.pwconv2.weight:num of params=1048576
06/21 22:55:43 - mmengine - INFO - paramwise_options -- backbone.image_model.model.stages.2.13.pwconv2.bias:num of params=512
06/21 22:55:43 - mmengine - INFO - paramwise_options -- backbone.image_model.model.stages.2.14.gamma:num of params=512
06/21 22:55:43 - mmengine - INFO - paramwise_options -- backbone.image_model.model.stages.2.14.dwconv.weight:num of params=25088
06/21 22:55:43 - mmengine - INFO - paramwise_options -- backbone.image_model.model.stages.2.14.dwconv.bias:num of params=512
06/21 22:55:43 - mmengine - INFO - paramwise_options -- backbone.image_model.model.stages.2.14.norm.weight:num of params=512
06/21 22:55:43 - mmengine - INFO - paramwise_options -- backbone.image_model.model.stages.2.14.norm.bias:num of params=512
06/21 22:55:43 - mmengine - INFO - paramwise_options -- backbone.image_model.model.stages.2.14.pwconv1.weight:num of params=1048576
06/21 22:55:43 - mmengine - INFO - paramwise_options -- backbone.image_model.model.stages.2.14.pwconv1.bias:num of params=2048
06/21 22:55:43 - mmengine - INFO - paramwise_options -- backbone.image_model.model.stages.2.14.pwconv2.weight:num of params=1048576
06/21 22:55:43 - mmengine - INFO - paramwise_options -- backbone.image_model.model.stages.2.14.pwconv2.bias:num of params=512
06/21 22:55:43 - mmengine - INFO - paramwise_options -- backbone.image_model.model.stages.2.15.gamma:num of params=512
06/21 22:55:43 - mmengine - INFO - paramwise_options -- backbone.image_model.model.stages.2.15.dwconv.weight:num of params=25088
06/21 22:55:43 - mmengine - INFO - paramwise_options -- backbone.image_model.model.stages.2.15.dwconv.bias:num of params=512
06/21 22:55:43 - mmengine - INFO - paramwise_options -- backbone.image_model.model.stages.2.15.norm.weight:num of params=512
06/21 22:55:43 - mmengine - INFO - paramwise_options -- backbone.image_model.model.stages.2.15.norm.bias:num of params=512
06/21 22:55:43 - mmengine - INFO - paramwise_options -- backbone.image_model.model.stages.2.15.pwconv1.weight:num of params=1048576
06/21 22:55:43 - mmengine - INFO - paramwise_options -- backbone.image_model.model.stages.2.15.pwconv1.bias:num of params=2048
06/21 22:55:43 - mmengine - INFO - paramwise_options -- backbone.image_model.model.stages.2.15.pwconv2.weight:num of params=1048576
06/21 22:55:43 - mmengine - INFO - paramwise_options -- backbone.image_model.model.stages.2.15.pwconv2.bias:num of params=512
06/21 22:55:43 - mmengine - INFO - paramwise_options -- backbone.image_model.model.stages.2.16.gamma:num of params=512
06/21 22:55:43 - mmengine - INFO - paramwise_options -- backbone.image_model.model.stages.2.16.dwconv.weight:num of params=25088
06/21 22:55:43 - mmengine - INFO - paramwise_options -- backbone.image_model.model.stages.2.16.dwconv.bias:num of params=512
06/21 22:55:43 - mmengine - INFO - paramwise_options -- backbone.image_model.model.stages.2.16.norm.weight:num of params=512
06/21 22:55:43 - mmengine - INFO - paramwise_options -- backbone.image_model.model.stages.2.16.norm.bias:num of params=512
06/21 22:55:43 - mmengine - INFO - paramwise_options -- backbone.image_model.model.stages.2.16.pwconv1.weight:num of params=1048576
06/21 22:55:43 - mmengine - INFO - paramwise_options -- backbone.image_model.model.stages.2.16.pwconv1.bias:num of params=2048
06/21 22:55:43 - mmengine - INFO - paramwise_options -- backbone.image_model.model.stages.2.16.pwconv2.weight:num of params=1048576
06/21 22:55:43 - mmengine - INFO - paramwise_options -- backbone.image_model.model.stages.2.16.pwconv2.bias:num of params=512
06/21 22:55:43 - mmengine - INFO - paramwise_options -- backbone.image_model.model.stages.2.17.gamma:num of params=512
06/21 22:55:43 - mmengine - INFO - paramwise_options -- backbone.image_model.model.stages.2.17.dwconv.weight:num of params=25088
06/21 22:55:43 - mmengine - INFO - paramwise_options -- backbone.image_model.model.stages.2.17.dwconv.bias:num of params=512
06/21 22:55:43 - mmengine - INFO - paramwise_options -- backbone.image_model.model.stages.2.17.norm.weight:num of params=512
06/21 22:55:43 - mmengine - INFO - paramwise_options -- backbone.image_model.model.stages.2.17.norm.bias:num of params=512
06/21 22:55:43 - mmengine - INFO - paramwise_options -- backbone.image_model.model.stages.2.17.pwconv1.weight:num of params=1048576
06/21 22:55:43 - mmengine - INFO - paramwise_options -- backbone.image_model.model.stages.2.17.pwconv1.bias:num of params=2048
06/21 22:55:43 - mmengine - INFO - paramwise_options -- backbone.image_model.model.stages.2.17.pwconv2.weight:num of params=1048576
06/21 22:55:43 - mmengine - INFO - paramwise_options -- backbone.image_model.model.stages.2.17.pwconv2.bias:num of params=512
06/21 22:55:43 - mmengine - INFO - paramwise_options -- backbone.image_model.model.stages.2.18.gamma:num of params=512
06/21 22:55:43 - mmengine - INFO - paramwise_options -- backbone.image_model.model.stages.2.18.dwconv.weight:num of params=25088
06/21 22:55:43 - mmengine - INFO - paramwise_options -- backbone.image_model.model.stages.2.18.dwconv.bias:num of params=512
06/21 22:55:43 - mmengine - INFO - paramwise_options -- backbone.image_model.model.stages.2.18.norm.weight:num of params=512
06/21 22:55:43 - mmengine - INFO - paramwise_options -- backbone.image_model.model.stages.2.18.norm.bias:num of params=512
06/21 22:55:43 - mmengine - INFO - paramwise_options -- backbone.image_model.model.stages.2.18.pwconv1.weight:num of params=1048576
06/21 22:55:43 - mmengine - INFO - paramwise_options -- backbone.image_model.model.stages.2.18.pwconv1.bias:num of params=2048
06/21 22:55:43 - mmengine - INFO - paramwise_options -- backbone.image_model.model.stages.2.18.pwconv2.weight:num of params=1048576
06/21 22:55:43 - mmengine - INFO - paramwise_options -- backbone.image_model.model.stages.2.18.pwconv2.bias:num of params=512
06/21 22:55:43 - mmengine - INFO - paramwise_options -- backbone.image_model.model.stages.2.19.gamma:num of params=512
06/21 22:55:43 - mmengine - INFO - paramwise_options -- backbone.image_model.model.stages.2.19.dwconv.weight:num of params=25088
06/21 22:55:43 - mmengine - INFO - paramwise_options -- backbone.image_model.model.stages.2.19.dwconv.bias:num of params=512
06/21 22:55:43 - mmengine - INFO - paramwise_options -- backbone.image_model.model.stages.2.19.norm.weight:num of params=512
06/21 22:55:43 - mmengine - INFO - paramwise_options -- backbone.image_model.model.stages.2.19.norm.bias:num of params=512
06/21 22:55:43 - mmengine - INFO - paramwise_options -- backbone.image_model.model.stages.2.19.pwconv1.weight:num of params=1048576
06/21 22:55:43 - mmengine - INFO - paramwise_options -- backbone.image_model.model.stages.2.19.pwconv1.bias:num of params=2048
06/21 22:55:43 - mmengine - INFO - paramwise_options -- backbone.image_model.model.stages.2.19.pwconv2.weight:num of params=1048576
06/21 22:55:43 - mmengine - INFO - paramwise_options -- backbone.image_model.model.stages.2.19.pwconv2.bias:num of params=512
06/21 22:55:43 - mmengine - INFO - paramwise_options -- backbone.image_model.model.stages.2.20.gamma:num of params=512
06/21 22:55:43 - mmengine - INFO - paramwise_options -- backbone.image_model.model.stages.2.20.dwconv.weight:num of params=25088
06/21 22:55:43 - mmengine - INFO - paramwise_options -- backbone.image_model.model.stages.2.20.dwconv.bias:num of params=512
06/21 22:55:43 - mmengine - INFO - paramwise_options -- backbone.image_model.model.stages.2.20.norm.weight:num of params=512
06/21 22:55:43 - mmengine - INFO - paramwise_options -- backbone.image_model.model.stages.2.20.norm.bias:num of params=512
06/21 22:55:43 - mmengine - INFO - paramwise_options -- backbone.image_model.model.stages.2.20.pwconv1.weight:num of params=1048576
06/21 22:55:43 - mmengine - INFO - paramwise_options -- backbone.image_model.model.stages.2.20.pwconv1.bias:num of params=2048
06/21 22:55:43 - mmengine - INFO - paramwise_options -- backbone.image_model.model.stages.2.20.pwconv2.weight:num of params=1048576
06/21 22:55:43 - mmengine - INFO - paramwise_options -- backbone.image_model.model.stages.2.20.pwconv2.bias:num of params=512
06/21 22:55:43 - mmengine - INFO - paramwise_options -- backbone.image_model.model.stages.2.21.gamma:num of params=512
06/21 22:55:43 - mmengine - INFO - paramwise_options -- backbone.image_model.model.stages.2.21.dwconv.weight:num of params=25088
06/21 22:55:43 - mmengine - INFO - paramwise_options -- backbone.image_model.model.stages.2.21.dwconv.bias:num of params=512
06/21 22:55:43 - mmengine - INFO - paramwise_options -- backbone.image_model.model.stages.2.21.norm.weight:num of params=512
06/21 22:55:43 - mmengine - INFO - paramwise_options -- backbone.image_model.model.stages.2.21.norm.bias:num of params=512
06/21 22:55:43 - mmengine - INFO - paramwise_options -- backbone.image_model.model.stages.2.21.pwconv1.weight:num of params=1048576
06/21 22:55:43 - mmengine - INFO - paramwise_options -- backbone.image_model.model.stages.2.21.pwconv1.bias:num of params=2048
06/21 22:55:43 - mmengine - INFO - paramwise_options -- backbone.image_model.model.stages.2.21.pwconv2.weight:num of params=1048576
06/21 22:55:43 - mmengine - INFO - paramwise_options -- backbone.image_model.model.stages.2.21.pwconv2.bias:num of params=512
06/21 22:55:43 - mmengine - INFO - paramwise_options -- backbone.image_model.model.stages.2.22.gamma:num of params=512
06/21 22:55:43 - mmengine - INFO - paramwise_options -- backbone.image_model.model.stages.2.22.dwconv.weight:num of params=25088
06/21 22:55:43 - mmengine - INFO - paramwise_options -- backbone.image_model.model.stages.2.22.dwconv.bias:num of params=512
06/21 22:55:43 - mmengine - INFO - paramwise_options -- backbone.image_model.model.stages.2.22.norm.weight:num of params=512
06/21 22:55:43 - mmengine - INFO - paramwise_options -- backbone.image_model.model.stages.2.22.norm.bias:num of params=512
06/21 22:55:43 - mmengine - INFO - paramwise_options -- backbone.image_model.model.stages.2.22.pwconv1.weight:num of params=1048576
06/21 22:55:43 - mmengine - INFO - paramwise_options -- backbone.image_model.model.stages.2.22.pwconv1.bias:num of params=2048
06/21 22:55:43 - mmengine - INFO - paramwise_options -- backbone.image_model.model.stages.2.22.pwconv2.weight:num of params=1048576
06/21 22:55:43 - mmengine - INFO - paramwise_options -- backbone.image_model.model.stages.2.22.pwconv2.bias:num of params=512
06/21 22:55:43 - mmengine - INFO - paramwise_options -- backbone.image_model.model.stages.2.23.gamma:num of params=512
06/21 22:55:43 - mmengine - INFO - paramwise_options -- backbone.image_model.model.stages.2.23.dwconv.weight:num of params=25088
06/21 22:55:43 - mmengine - INFO - paramwise_options -- backbone.image_model.model.stages.2.23.dwconv.bias:num of params=512
06/21 22:55:43 - mmengine - INFO - paramwise_options -- backbone.image_model.model.stages.2.23.norm.weight:num of params=512
06/21 22:55:43 - mmengine - INFO - paramwise_options -- backbone.image_model.model.stages.2.23.norm.bias:num of params=512
06/21 22:55:43 - mmengine - INFO - paramwise_options -- backbone.image_model.model.stages.2.23.pwconv1.weight:num of params=1048576
06/21 22:55:43 - mmengine - INFO - paramwise_options -- backbone.image_model.model.stages.2.23.pwconv1.bias:num of params=2048
06/21 22:55:43 - mmengine - INFO - paramwise_options -- backbone.image_model.model.stages.2.23.pwconv2.weight:num of params=1048576
06/21 22:55:43 - mmengine - INFO - paramwise_options -- backbone.image_model.model.stages.2.23.pwconv2.bias:num of params=512
06/21 22:55:43 - mmengine - INFO - paramwise_options -- backbone.image_model.model.stages.2.24.gamma:num of params=512
06/21 22:55:43 - mmengine - INFO - paramwise_options -- backbone.image_model.model.stages.2.24.dwconv.weight:num of params=25088
06/21 22:55:43 - mmengine - INFO - paramwise_options -- backbone.image_model.model.stages.2.24.dwconv.bias:num of params=512
06/21 22:55:43 - mmengine - INFO - paramwise_options -- backbone.image_model.model.stages.2.24.norm.weight:num of params=512
06/21 22:55:43 - mmengine - INFO - paramwise_options -- backbone.image_model.model.stages.2.24.norm.bias:num of params=512
06/21 22:55:43 - mmengine - INFO - paramwise_options -- backbone.image_model.model.stages.2.24.pwconv1.weight:num of params=1048576
06/21 22:55:43 - mmengine - INFO - paramwise_options -- backbone.image_model.model.stages.2.24.pwconv1.bias:num of params=2048
06/21 22:55:43 - mmengine - INFO - paramwise_options -- backbone.image_model.model.stages.2.24.pwconv2.weight:num of params=1048576
06/21 22:55:43 - mmengine - INFO - paramwise_options -- backbone.image_model.model.stages.2.24.pwconv2.bias:num of params=512
06/21 22:55:43 - mmengine - INFO - paramwise_options -- backbone.image_model.model.stages.2.25.gamma:num of params=512
06/21 22:55:43 - mmengine - INFO - paramwise_options -- backbone.image_model.model.stages.2.25.dwconv.weight:num of params=25088
06/21 22:55:43 - mmengine - INFO - paramwise_options -- backbone.image_model.model.stages.2.25.dwconv.bias:num of params=512
06/21 22:55:43 - mmengine - INFO - paramwise_options -- backbone.image_model.model.stages.2.25.norm.weight:num of params=512
06/21 22:55:43 - mmengine - INFO - paramwise_options -- backbone.image_model.model.stages.2.25.norm.bias:num of params=512
06/21 22:55:43 - mmengine - INFO - paramwise_options -- backbone.image_model.model.stages.2.25.pwconv1.weight:num of params=1048576
06/21 22:55:43 - mmengine - INFO - paramwise_options -- backbone.image_model.model.stages.2.25.pwconv1.bias:num of params=2048
06/21 22:55:43 - mmengine - INFO - paramwise_options -- backbone.image_model.model.stages.2.25.pwconv2.weight:num of params=1048576
06/21 22:55:43 - mmengine - INFO - paramwise_options -- backbone.image_model.model.stages.2.25.pwconv2.bias:num of params=512
06/21 22:55:43 - mmengine - INFO - paramwise_options -- backbone.image_model.model.stages.2.26.gamma:num of params=512
06/21 22:55:43 - mmengine - INFO - paramwise_options -- backbone.image_model.model.stages.2.26.dwconv.weight:num of params=25088
06/21 22:55:43 - mmengine - INFO - paramwise_options -- backbone.image_model.model.stages.2.26.dwconv.bias:num of params=512
06/21 22:55:43 - mmengine - INFO - paramwise_options -- backbone.image_model.model.stages.2.26.norm.weight:num of params=512
06/21 22:55:43 - mmengine - INFO - paramwise_options -- backbone.image_model.model.stages.2.26.norm.bias:num of params=512
06/21 22:55:43 - mmengine - INFO - paramwise_options -- backbone.image_model.model.stages.2.26.pwconv1.weight:num of params=1048576
06/21 22:55:43 - mmengine - INFO - paramwise_options -- backbone.image_model.model.stages.2.26.pwconv1.bias:num of params=2048
06/21 22:55:43 - mmengine - INFO - paramwise_options -- backbone.image_model.model.stages.2.26.pwconv2.weight:num of params=1048576
06/21 22:55:43 - mmengine - INFO - paramwise_options -- backbone.image_model.model.stages.2.26.pwconv2.bias:num of params=512
06/21 22:55:43 - mmengine - INFO - paramwise_options -- backbone.image_model.model.stages.3.0.gamma:num of params=1024
06/21 22:55:43 - mmengine - INFO - paramwise_options -- backbone.image_model.model.stages.3.0.dwconv.weight:num of params=50176
06/21 22:55:43 - mmengine - INFO - paramwise_options -- backbone.image_model.model.stages.3.0.dwconv.bias:num of params=1024
06/21 22:55:43 - mmengine - INFO - paramwise_options -- backbone.image_model.model.stages.3.0.norm.weight:num of params=1024
06/21 22:55:43 - mmengine - INFO - paramwise_options -- backbone.image_model.model.stages.3.0.norm.bias:num of params=1024
06/21 22:55:43 - mmengine - INFO - paramwise_options -- backbone.image_model.model.stages.3.0.pwconv1.weight:num of params=4194304
06/21 22:55:43 - mmengine - INFO - paramwise_options -- backbone.image_model.model.stages.3.0.pwconv1.bias:num of params=4096
06/21 22:55:43 - mmengine - INFO - paramwise_options -- backbone.image_model.model.stages.3.0.pwconv2.weight:num of params=4194304
06/21 22:55:43 - mmengine - INFO - paramwise_options -- backbone.image_model.model.stages.3.0.pwconv2.bias:num of params=1024
06/21 22:55:43 - mmengine - INFO - paramwise_options -- backbone.image_model.model.stages.3.1.gamma:num of params=1024
06/21 22:55:43 - mmengine - INFO - paramwise_options -- backbone.image_model.model.stages.3.1.dwconv.weight:num of params=50176
06/21 22:55:43 - mmengine - INFO - paramwise_options -- backbone.image_model.model.stages.3.1.dwconv.bias:num of params=1024
06/21 22:55:43 - mmengine - INFO - paramwise_options -- backbone.image_model.model.stages.3.1.norm.weight:num of params=1024
06/21 22:55:43 - mmengine - INFO - paramwise_options -- backbone.image_model.model.stages.3.1.norm.bias:num of params=1024
06/21 22:55:43 - mmengine - INFO - paramwise_options -- backbone.image_model.model.stages.3.1.pwconv1.weight:num of params=4194304
06/21 22:55:43 - mmengine - INFO - paramwise_options -- backbone.image_model.model.stages.3.1.pwconv1.bias:num of params=4096
06/21 22:55:43 - mmengine - INFO - paramwise_options -- backbone.image_model.model.stages.3.1.pwconv2.weight:num of params=4194304
06/21 22:55:43 - mmengine - INFO - paramwise_options -- backbone.image_model.model.stages.3.1.pwconv2.bias:num of params=1024
06/21 22:55:43 - mmengine - INFO - paramwise_options -- backbone.image_model.model.stages.3.2.gamma:num of params=1024
06/21 22:55:43 - mmengine - INFO - paramwise_options -- backbone.image_model.model.stages.3.2.dwconv.weight:num of params=50176
06/21 22:55:43 - mmengine - INFO - paramwise_options -- backbone.image_model.model.stages.3.2.dwconv.bias:num of params=1024
06/21 22:55:43 - mmengine - INFO - paramwise_options -- backbone.image_model.model.stages.3.2.norm.weight:num of params=1024
06/21 22:55:43 - mmengine - INFO - paramwise_options -- backbone.image_model.model.stages.3.2.norm.bias:num of params=1024
06/21 22:55:43 - mmengine - INFO - paramwise_options -- backbone.image_model.model.stages.3.2.pwconv1.weight:num of params=4194304
06/21 22:55:43 - mmengine - INFO - paramwise_options -- backbone.image_model.model.stages.3.2.pwconv1.bias:num of params=4096
06/21 22:55:43 - mmengine - INFO - paramwise_options -- backbone.image_model.model.stages.3.2.pwconv2.weight:num of params=4194304
06/21 22:55:43 - mmengine - INFO - paramwise_options -- backbone.image_model.model.stages.3.2.pwconv2.bias:num of params=1024
06/21 22:55:43 - mmengine - INFO - paramwise_options -- backbone.image_model.model.norm.weight:num of params=1024
06/21 22:55:43 - mmengine - INFO - paramwise_options -- backbone.image_model.model.norm.bias:num of params=1024
06/21 22:55:43 - mmengine - INFO - paramwise_options -- backbone.image_model.model.head.weight:num of params=1024000
06/21 22:55:43 - mmengine - INFO - paramwise_options -- backbone.image_model.model.head.bias:num of params=1000
06/21 22:55:43 - mmengine - INFO - paramwise_options -- backbone.text_model.model.embeddings.word_embeddings.weight:num of params=192001536
06/21 22:55:43 - mmengine - INFO - paramwise_options -- backbone.text_model.model.embeddings.word_embeddings.weight:lr=2.0000000000000002e-07
06/21 22:55:43 - mmengine - INFO - paramwise_options -- backbone.text_model.model.embeddings.word_embeddings.weight:weight_decay=0.05
06/21 22:55:43 - mmengine - INFO - paramwise_options -- backbone.text_model.model.embeddings.word_embeddings.weight:lr_mult=0.01
06/21 22:55:43 - mmengine - INFO - paramwise_options -- backbone.text_model.model.embeddings.position_embeddings.weight:num of params=394752
06/21 22:55:43 - mmengine - INFO - paramwise_options -- backbone.text_model.model.embeddings.position_embeddings.weight:lr=2.0000000000000002e-07
06/21 22:55:43 - mmengine - INFO - paramwise_options -- backbone.text_model.model.embeddings.position_embeddings.weight:weight_decay=0.05
06/21 22:55:43 - mmengine - INFO - paramwise_options -- backbone.text_model.model.embeddings.position_embeddings.weight:lr_mult=0.01
06/21 22:55:43 - mmengine - INFO - paramwise_options -- backbone.text_model.model.embeddings.token_type_embeddings.weight:num of params=768
06/21 22:55:43 - mmengine - INFO - paramwise_options -- backbone.text_model.model.embeddings.token_type_embeddings.weight:lr=2.0000000000000002e-07
06/21 22:55:43 - mmengine - INFO - paramwise_options -- backbone.text_model.model.embeddings.token_type_embeddings.weight:weight_decay=0.05
06/21 22:55:43 - mmengine - INFO - paramwise_options -- backbone.text_model.model.embeddings.token_type_embeddings.weight:lr_mult=0.01
06/21 22:55:43 - mmengine - INFO - paramwise_options -- backbone.text_model.model.embeddings.LayerNorm.weight:num of params=768
06/21 22:55:43 - mmengine - INFO - paramwise_options -- backbone.text_model.model.embeddings.LayerNorm.weight:lr=2.0000000000000002e-07
06/21 22:55:43 - mmengine - INFO - paramwise_options -- backbone.text_model.model.embeddings.LayerNorm.weight:weight_decay=0.05
06/21 22:55:43 - mmengine - INFO - paramwise_options -- backbone.text_model.model.embeddings.LayerNorm.weight:lr_mult=0.01
06/21 22:55:43 - mmengine - INFO - paramwise_options -- backbone.text_model.model.embeddings.LayerNorm.bias:num of params=768
06/21 22:55:43 - mmengine - INFO - paramwise_options -- backbone.text_model.model.embeddings.LayerNorm.bias:lr=2.0000000000000002e-07
06/21 22:55:43 - mmengine - INFO - paramwise_options -- backbone.text_model.model.embeddings.LayerNorm.bias:weight_decay=0.05
06/21 22:55:43 - mmengine - INFO - paramwise_options -- backbone.text_model.model.embeddings.LayerNorm.bias:lr_mult=0.01
06/21 22:55:43 - mmengine - INFO - paramwise_options -- backbone.text_model.model.encoder.layer.0.attention.self.query.weight:num of params=589824
06/21 22:55:43 - mmengine - INFO - paramwise_options -- backbone.text_model.model.encoder.layer.0.attention.self.query.weight:lr=2.0000000000000002e-07
06/21 22:55:43 - mmengine - INFO - paramwise_options -- backbone.text_model.model.encoder.layer.0.attention.self.query.weight:weight_decay=0.05
06/21 22:55:43 - mmengine - INFO - paramwise_options -- backbone.text_model.model.encoder.layer.0.attention.self.query.weight:lr_mult=0.01
06/21 22:55:43 - mmengine - INFO - paramwise_options -- backbone.text_model.model.encoder.layer.0.attention.self.query.bias:num of params=768
06/21 22:55:43 - mmengine - INFO - paramwise_options -- backbone.text_model.model.encoder.layer.0.attention.self.query.bias:lr=2.0000000000000002e-07
06/21 22:55:43 - mmengine - INFO - paramwise_options -- backbone.text_model.model.encoder.layer.0.attention.self.query.bias:weight_decay=0.05
06/21 22:55:43 - mmengine - INFO - paramwise_options -- backbone.text_model.model.encoder.layer.0.attention.self.query.bias:lr_mult=0.01
06/21 22:55:43 - mmengine - INFO - paramwise_options -- backbone.text_model.model.encoder.layer.0.attention.self.key.weight:num of params=589824
06/21 22:55:43 - mmengine - INFO - paramwise_options -- backbone.text_model.model.encoder.layer.0.attention.self.key.weight:lr=2.0000000000000002e-07
06/21 22:55:43 - mmengine - INFO - paramwise_options -- backbone.text_model.model.encoder.layer.0.attention.self.key.weight:weight_decay=0.05
06/21 22:55:43 - mmengine - INFO - paramwise_options -- backbone.text_model.model.encoder.layer.0.attention.self.key.weight:lr_mult=0.01
06/21 22:55:43 - mmengine - INFO - paramwise_options -- backbone.text_model.model.encoder.layer.0.attention.self.key.bias:num of params=768
06/21 22:55:43 - mmengine - INFO - paramwise_options -- backbone.text_model.model.encoder.layer.0.attention.self.key.bias:lr=2.0000000000000002e-07
06/21 22:55:43 - mmengine - INFO - paramwise_options -- backbone.text_model.model.encoder.layer.0.attention.self.key.bias:weight_decay=0.05
06/21 22:55:43 - mmengine - INFO - paramwise_options -- backbone.text_model.model.encoder.layer.0.attention.self.key.bias:lr_mult=0.01
06/21 22:55:43 - mmengine - INFO - paramwise_options -- backbone.text_model.model.encoder.layer.0.attention.self.value.weight:num of params=589824
06/21 22:55:43 - mmengine - INFO - paramwise_options -- backbone.text_model.model.encoder.layer.0.attention.self.value.weight:lr=2.0000000000000002e-07
06/21 22:55:43 - mmengine - INFO - paramwise_options -- backbone.text_model.model.encoder.layer.0.attention.self.value.weight:weight_decay=0.05
06/21 22:55:43 - mmengine - INFO - paramwise_options -- backbone.text_model.model.encoder.layer.0.attention.self.value.weight:lr_mult=0.01
06/21 22:55:43 - mmengine - INFO - paramwise_options -- backbone.text_model.model.encoder.layer.0.attention.self.value.bias:num of params=768
06/21 22:55:43 - mmengine - INFO - paramwise_options -- backbone.text_model.model.encoder.layer.0.attention.self.value.bias:lr=2.0000000000000002e-07
06/21 22:55:43 - mmengine - INFO - paramwise_options -- backbone.text_model.model.encoder.layer.0.attention.self.value.bias:weight_decay=0.05
06/21 22:55:43 - mmengine - INFO - paramwise_options -- backbone.text_model.model.encoder.layer.0.attention.self.value.bias:lr_mult=0.01
06/21 22:55:43 - mmengine - INFO - paramwise_options -- backbone.text_model.model.encoder.layer.0.attention.output.dense.weight:num of params=589824
06/21 22:55:43 - mmengine - INFO - paramwise_options -- backbone.text_model.model.encoder.layer.0.attention.output.dense.weight:lr=2.0000000000000002e-07
06/21 22:55:43 - mmengine - INFO - paramwise_options -- backbone.text_model.model.encoder.layer.0.attention.output.dense.weight:weight_decay=0.05
06/21 22:55:43 - mmengine - INFO - paramwise_options -- backbone.text_model.model.encoder.layer.0.attention.output.dense.weight:lr_mult=0.01
06/21 22:55:43 - mmengine - INFO - paramwise_options -- backbone.text_model.model.encoder.layer.0.attention.output.dense.bias:num of params=768
06/21 22:55:43 - mmengine - INFO - paramwise_options -- backbone.text_model.model.encoder.layer.0.attention.output.dense.bias:lr=2.0000000000000002e-07
06/21 22:55:43 - mmengine - INFO - paramwise_options -- backbone.text_model.model.encoder.layer.0.attention.output.dense.bias:weight_decay=0.05
06/21 22:55:43 - mmengine - INFO - paramwise_options -- backbone.text_model.model.encoder.layer.0.attention.output.dense.bias:lr_mult=0.01
06/21 22:55:43 - mmengine - INFO - paramwise_options -- backbone.text_model.model.encoder.layer.0.attention.output.LayerNorm.weight:num of params=768
06/21 22:55:43 - mmengine - INFO - paramwise_options -- backbone.text_model.model.encoder.layer.0.attention.output.LayerNorm.weight:lr=2.0000000000000002e-07
06/21 22:55:43 - mmengine - INFO - paramwise_options -- backbone.text_model.model.encoder.layer.0.attention.output.LayerNorm.weight:weight_decay=0.05
06/21 22:55:43 - mmengine - INFO - paramwise_options -- backbone.text_model.model.encoder.layer.0.attention.output.LayerNorm.weight:lr_mult=0.01
06/21 22:55:43 - mmengine - INFO - paramwise_options -- backbone.text_model.model.encoder.layer.0.attention.output.LayerNorm.bias:num of params=768
06/21 22:55:43 - mmengine - INFO - paramwise_options -- backbone.text_model.model.encoder.layer.0.attention.output.LayerNorm.bias:lr=2.0000000000000002e-07
06/21 22:55:43 - mmengine - INFO - paramwise_options -- backbone.text_model.model.encoder.layer.0.attention.output.LayerNorm.bias:weight_decay=0.05
06/21 22:55:43 - mmengine - INFO - paramwise_options -- backbone.text_model.model.encoder.layer.0.attention.output.LayerNorm.bias:lr_mult=0.01
06/21 22:55:43 - mmengine - INFO - paramwise_options -- backbone.text_model.model.encoder.layer.0.intermediate.dense.weight:num of params=2359296
06/21 22:55:43 - mmengine - INFO - paramwise_options -- backbone.text_model.model.encoder.layer.0.intermediate.dense.weight:lr=2.0000000000000002e-07
06/21 22:55:43 - mmengine - INFO - paramwise_options -- backbone.text_model.model.encoder.layer.0.intermediate.dense.weight:weight_decay=0.05
06/21 22:55:43 - mmengine - INFO - paramwise_options -- backbone.text_model.model.encoder.layer.0.intermediate.dense.weight:lr_mult=0.01
06/21 22:55:43 - mmengine - INFO - paramwise_options -- backbone.text_model.model.encoder.layer.0.intermediate.dense.bias:num of params=3072
06/21 22:55:43 - mmengine - INFO - paramwise_options -- backbone.text_model.model.encoder.layer.0.intermediate.dense.bias:lr=2.0000000000000002e-07
06/21 22:55:43 - mmengine - INFO - paramwise_options -- backbone.text_model.model.encoder.layer.0.intermediate.dense.bias:weight_decay=0.05
06/21 22:55:43 - mmengine - INFO - paramwise_options -- backbone.text_model.model.encoder.layer.0.intermediate.dense.bias:lr_mult=0.01
06/21 22:55:43 - mmengine - INFO - paramwise_options -- backbone.text_model.model.encoder.layer.0.output.dense.weight:num of params=2359296
06/21 22:55:43 - mmengine - INFO - paramwise_options -- backbone.text_model.model.encoder.layer.0.output.dense.weight:lr=2.0000000000000002e-07
06/21 22:55:43 - mmengine - INFO - paramwise_options -- backbone.text_model.model.encoder.layer.0.output.dense.weight:weight_decay=0.05
06/21 22:55:43 - mmengine - INFO - paramwise_options -- backbone.text_model.model.encoder.layer.0.output.dense.weight:lr_mult=0.01
06/21 22:55:43 - mmengine - INFO - paramwise_options -- backbone.text_model.model.encoder.layer.0.output.dense.bias:num of params=768
06/21 22:55:43 - mmengine - INFO - paramwise_options -- backbone.text_model.model.encoder.layer.0.output.dense.bias:lr=2.0000000000000002e-07
06/21 22:55:43 - mmengine - INFO - paramwise_options -- backbone.text_model.model.encoder.layer.0.output.dense.bias:weight_decay=0.05
06/21 22:55:43 - mmengine - INFO - paramwise_options -- backbone.text_model.model.encoder.layer.0.output.dense.bias:lr_mult=0.01
06/21 22:55:43 - mmengine - INFO - paramwise_options -- backbone.text_model.model.encoder.layer.0.output.LayerNorm.weight:num of params=768
06/21 22:55:43 - mmengine - INFO - paramwise_options -- backbone.text_model.model.encoder.layer.0.output.LayerNorm.weight:lr=2.0000000000000002e-07
06/21 22:55:43 - mmengine - INFO - paramwise_options -- backbone.text_model.model.encoder.layer.0.output.LayerNorm.weight:weight_decay=0.05
06/21 22:55:43 - mmengine - INFO - paramwise_options -- backbone.text_model.model.encoder.layer.0.output.LayerNorm.weight:lr_mult=0.01
06/21 22:55:43 - mmengine - INFO - paramwise_options -- backbone.text_model.model.encoder.layer.0.output.LayerNorm.bias:num of params=768
06/21 22:55:43 - mmengine - INFO - paramwise_options -- backbone.text_model.model.encoder.layer.0.output.LayerNorm.bias:lr=2.0000000000000002e-07
06/21 22:55:43 - mmengine - INFO - paramwise_options -- backbone.text_model.model.encoder.layer.0.output.LayerNorm.bias:weight_decay=0.05
06/21 22:55:43 - mmengine - INFO - paramwise_options -- backbone.text_model.model.encoder.layer.0.output.LayerNorm.bias:lr_mult=0.01
06/21 22:55:43 - mmengine - INFO - paramwise_options -- backbone.text_model.model.encoder.layer.1.attention.self.query.weight:num of params=589824
06/21 22:55:43 - mmengine - INFO - paramwise_options -- backbone.text_model.model.encoder.layer.1.attention.self.query.weight:lr=2.0000000000000002e-07
06/21 22:55:43 - mmengine - INFO - paramwise_options -- backbone.text_model.model.encoder.layer.1.attention.self.query.weight:weight_decay=0.05
06/21 22:55:43 - mmengine - INFO - paramwise_options -- backbone.text_model.model.encoder.layer.1.attention.self.query.weight:lr_mult=0.01
06/21 22:55:43 - mmengine - INFO - paramwise_options -- backbone.text_model.model.encoder.layer.1.attention.self.query.bias:num of params=768
06/21 22:55:43 - mmengine - INFO - paramwise_options -- backbone.text_model.model.encoder.layer.1.attention.self.query.bias:lr=2.0000000000000002e-07
06/21 22:55:43 - mmengine - INFO - paramwise_options -- backbone.text_model.model.encoder.layer.1.attention.self.query.bias:weight_decay=0.05
06/21 22:55:43 - mmengine - INFO - paramwise_options -- backbone.text_model.model.encoder.layer.1.attention.self.query.bias:lr_mult=0.01
06/21 22:55:43 - mmengine - INFO - paramwise_options -- backbone.text_model.model.encoder.layer.1.attention.self.key.weight:num of params=589824
06/21 22:55:43 - mmengine - INFO - paramwise_options -- backbone.text_model.model.encoder.layer.1.attention.self.key.weight:lr=2.0000000000000002e-07
06/21 22:55:43 - mmengine - INFO - paramwise_options -- backbone.text_model.model.encoder.layer.1.attention.self.key.weight:weight_decay=0.05
06/21 22:55:43 - mmengine - INFO - paramwise_options -- backbone.text_model.model.encoder.layer.1.attention.self.key.weight:lr_mult=0.01
06/21 22:55:43 - mmengine - INFO - paramwise_options -- backbone.text_model.model.encoder.layer.1.attention.self.key.bias:num of params=768
06/21 22:55:43 - mmengine - INFO - paramwise_options -- backbone.text_model.model.encoder.layer.1.attention.self.key.bias:lr=2.0000000000000002e-07
06/21 22:55:43 - mmengine - INFO - paramwise_options -- backbone.text_model.model.encoder.layer.1.attention.self.key.bias:weight_decay=0.05
06/21 22:55:43 - mmengine - INFO - paramwise_options -- backbone.text_model.model.encoder.layer.1.attention.self.key.bias:lr_mult=0.01
06/21 22:55:43 - mmengine - INFO - paramwise_options -- backbone.text_model.model.encoder.layer.1.attention.self.value.weight:num of params=589824
06/21 22:55:43 - mmengine - INFO - paramwise_options -- backbone.text_model.model.encoder.layer.1.attention.self.value.weight:lr=2.0000000000000002e-07
06/21 22:55:43 - mmengine - INFO - paramwise_options -- backbone.text_model.model.encoder.layer.1.attention.self.value.weight:weight_decay=0.05
06/21 22:55:43 - mmengine - INFO - paramwise_options -- backbone.text_model.model.encoder.layer.1.attention.self.value.weight:lr_mult=0.01
06/21 22:55:43 - mmengine - INFO - paramwise_options -- backbone.text_model.model.encoder.layer.1.attention.self.value.bias:num of params=768
06/21 22:55:43 - mmengine - INFO - paramwise_options -- backbone.text_model.model.encoder.layer.1.attention.self.value.bias:lr=2.0000000000000002e-07
06/21 22:55:43 - mmengine - INFO - paramwise_options -- backbone.text_model.model.encoder.layer.1.attention.self.value.bias:weight_decay=0.05
06/21 22:55:43 - mmengine - INFO - paramwise_options -- backbone.text_model.model.encoder.layer.1.attention.self.value.bias:lr_mult=0.01
06/21 22:55:43 - mmengine - INFO - paramwise_options -- backbone.text_model.model.encoder.layer.1.attention.output.dense.weight:num of params=589824
06/21 22:55:43 - mmengine - INFO - paramwise_options -- backbone.text_model.model.encoder.layer.1.attention.output.dense.weight:lr=2.0000000000000002e-07
06/21 22:55:43 - mmengine - INFO - paramwise_options -- backbone.text_model.model.encoder.layer.1.attention.output.dense.weight:weight_decay=0.05
06/21 22:55:43 - mmengine - INFO - paramwise_options -- backbone.text_model.model.encoder.layer.1.attention.output.dense.weight:lr_mult=0.01
06/21 22:55:43 - mmengine - INFO - paramwise_options -- backbone.text_model.model.encoder.layer.1.attention.output.dense.bias:num of params=768
06/21 22:55:43 - mmengine - INFO - paramwise_options -- backbone.text_model.model.encoder.layer.1.attention.output.dense.bias:lr=2.0000000000000002e-07
06/21 22:55:43 - mmengine - INFO - paramwise_options -- backbone.text_model.model.encoder.layer.1.attention.output.dense.bias:weight_decay=0.05
06/21 22:55:43 - mmengine - INFO - paramwise_options -- backbone.text_model.model.encoder.layer.1.attention.output.dense.bias:lr_mult=0.01
06/21 22:55:43 - mmengine - INFO - paramwise_options -- backbone.text_model.model.encoder.layer.1.attention.output.LayerNorm.weight:num of params=768
06/21 22:55:43 - mmengine - INFO - paramwise_options -- backbone.text_model.model.encoder.layer.1.attention.output.LayerNorm.weight:lr=2.0000000000000002e-07
06/21 22:55:43 - mmengine - INFO - paramwise_options -- backbone.text_model.model.encoder.layer.1.attention.output.LayerNorm.weight:weight_decay=0.05
06/21 22:55:43 - mmengine - INFO - paramwise_options -- backbone.text_model.model.encoder.layer.1.attention.output.LayerNorm.weight:lr_mult=0.01
06/21 22:55:43 - mmengine - INFO - paramwise_options -- backbone.text_model.model.encoder.layer.1.attention.output.LayerNorm.bias:num of params=768
06/21 22:55:43 - mmengine - INFO - paramwise_options -- backbone.text_model.model.encoder.layer.1.attention.output.LayerNorm.bias:lr=2.0000000000000002e-07
06/21 22:55:43 - mmengine - INFO - paramwise_options -- backbone.text_model.model.encoder.layer.1.attention.output.LayerNorm.bias:weight_decay=0.05
06/21 22:55:43 - mmengine - INFO - paramwise_options -- backbone.text_model.model.encoder.layer.1.attention.output.LayerNorm.bias:lr_mult=0.01
06/21 22:55:43 - mmengine - INFO - paramwise_options -- backbone.text_model.model.encoder.layer.1.intermediate.dense.weight:num of params=2359296
06/21 22:55:43 - mmengine - INFO - paramwise_options -- backbone.text_model.model.encoder.layer.1.intermediate.dense.weight:lr=2.0000000000000002e-07
06/21 22:55:43 - mmengine - INFO - paramwise_options -- backbone.text_model.model.encoder.layer.1.intermediate.dense.weight:weight_decay=0.05
06/21 22:55:43 - mmengine - INFO - paramwise_options -- backbone.text_model.model.encoder.layer.1.intermediate.dense.weight:lr_mult=0.01
06/21 22:55:43 - mmengine - INFO - paramwise_options -- backbone.text_model.model.encoder.layer.1.intermediate.dense.bias:num of params=3072
06/21 22:55:43 - mmengine - INFO - paramwise_options -- backbone.text_model.model.encoder.layer.1.intermediate.dense.bias:lr=2.0000000000000002e-07
06/21 22:55:43 - mmengine - INFO - paramwise_options -- backbone.text_model.model.encoder.layer.1.intermediate.dense.bias:weight_decay=0.05
06/21 22:55:43 - mmengine - INFO - paramwise_options -- backbone.text_model.model.encoder.layer.1.intermediate.dense.bias:lr_mult=0.01
06/21 22:55:43 - mmengine - INFO - paramwise_options -- backbone.text_model.model.encoder.layer.1.output.dense.weight:num of params=2359296
06/21 22:55:43 - mmengine - INFO - paramwise_options -- backbone.text_model.model.encoder.layer.1.output.dense.weight:lr=2.0000000000000002e-07
06/21 22:55:43 - mmengine - INFO - paramwise_options -- backbone.text_model.model.encoder.layer.1.output.dense.weight:weight_decay=0.05
06/21 22:55:43 - mmengine - INFO - paramwise_options -- backbone.text_model.model.encoder.layer.1.output.dense.weight:lr_mult=0.01
06/21 22:55:43 - mmengine - INFO - paramwise_options -- backbone.text_model.model.encoder.layer.1.output.dense.bias:num of params=768
06/21 22:55:43 - mmengine - INFO - paramwise_options -- backbone.text_model.model.encoder.layer.1.output.dense.bias:lr=2.0000000000000002e-07
06/21 22:55:43 - mmengine - INFO - paramwise_options -- backbone.text_model.model.encoder.layer.1.output.dense.bias:weight_decay=0.05
06/21 22:55:43 - mmengine - INFO - paramwise_options -- backbone.text_model.model.encoder.layer.1.output.dense.bias:lr_mult=0.01
06/21 22:55:43 - mmengine - INFO - paramwise_options -- backbone.text_model.model.encoder.layer.1.output.LayerNorm.weight:num of params=768
06/21 22:55:43 - mmengine - INFO - paramwise_options -- backbone.text_model.model.encoder.layer.1.output.LayerNorm.weight:lr=2.0000000000000002e-07
06/21 22:55:43 - mmengine - INFO - paramwise_options -- backbone.text_model.model.encoder.layer.1.output.LayerNorm.weight:weight_decay=0.05
06/21 22:55:43 - mmengine - INFO - paramwise_options -- backbone.text_model.model.encoder.layer.1.output.LayerNorm.weight:lr_mult=0.01
06/21 22:55:43 - mmengine - INFO - paramwise_options -- backbone.text_model.model.encoder.layer.1.output.LayerNorm.bias:num of params=768
06/21 22:55:43 - mmengine - INFO - paramwise_options -- backbone.text_model.model.encoder.layer.1.output.LayerNorm.bias:lr=2.0000000000000002e-07
06/21 22:55:43 - mmengine - INFO - paramwise_options -- backbone.text_model.model.encoder.layer.1.output.LayerNorm.bias:weight_decay=0.05
06/21 22:55:43 - mmengine - INFO - paramwise_options -- backbone.text_model.model.encoder.layer.1.output.LayerNorm.bias:lr_mult=0.01
06/21 22:55:43 - mmengine - INFO - paramwise_options -- backbone.text_model.model.encoder.layer.2.attention.self.query.weight:num of params=589824
06/21 22:55:43 - mmengine - INFO - paramwise_options -- backbone.text_model.model.encoder.layer.2.attention.self.query.weight:lr=2.0000000000000002e-07
06/21 22:55:43 - mmengine - INFO - paramwise_options -- backbone.text_model.model.encoder.layer.2.attention.self.query.weight:weight_decay=0.05
06/21 22:55:43 - mmengine - INFO - paramwise_options -- backbone.text_model.model.encoder.layer.2.attention.self.query.weight:lr_mult=0.01
06/21 22:55:43 - mmengine - INFO - paramwise_options -- backbone.text_model.model.encoder.layer.2.attention.self.query.bias:num of params=768
06/21 22:55:43 - mmengine - INFO - paramwise_options -- backbone.text_model.model.encoder.layer.2.attention.self.query.bias:lr=2.0000000000000002e-07
06/21 22:55:43 - mmengine - INFO - paramwise_options -- backbone.text_model.model.encoder.layer.2.attention.self.query.bias:weight_decay=0.05
06/21 22:55:43 - mmengine - INFO - paramwise_options -- backbone.text_model.model.encoder.layer.2.attention.self.query.bias:lr_mult=0.01
06/21 22:55:43 - mmengine - INFO - paramwise_options -- backbone.text_model.model.encoder.layer.2.attention.self.key.weight:num of params=589824
06/21 22:55:43 - mmengine - INFO - paramwise_options -- backbone.text_model.model.encoder.layer.2.attention.self.key.weight:lr=2.0000000000000002e-07
06/21 22:55:43 - mmengine - INFO - paramwise_options -- backbone.text_model.model.encoder.layer.2.attention.self.key.weight:weight_decay=0.05
06/21 22:55:43 - mmengine - INFO - paramwise_options -- backbone.text_model.model.encoder.layer.2.attention.self.key.weight:lr_mult=0.01
06/21 22:55:43 - mmengine - INFO - paramwise_options -- backbone.text_model.model.encoder.layer.2.attention.self.key.bias:num of params=768
06/21 22:55:43 - mmengine - INFO - paramwise_options -- backbone.text_model.model.encoder.layer.2.attention.self.key.bias:lr=2.0000000000000002e-07
06/21 22:55:43 - mmengine - INFO - paramwise_options -- backbone.text_model.model.encoder.layer.2.attention.self.key.bias:weight_decay=0.05
06/21 22:55:43 - mmengine - INFO - paramwise_options -- backbone.text_model.model.encoder.layer.2.attention.self.key.bias:lr_mult=0.01
06/21 22:55:43 - mmengine - INFO - paramwise_options -- backbone.text_model.model.encoder.layer.2.attention.self.value.weight:num of params=589824
06/21 22:55:43 - mmengine - INFO - paramwise_options -- backbone.text_model.model.encoder.layer.2.attention.self.value.weight:lr=2.0000000000000002e-07
06/21 22:55:43 - mmengine - INFO - paramwise_options -- backbone.text_model.model.encoder.layer.2.attention.self.value.weight:weight_decay=0.05
06/21 22:55:43 - mmengine - INFO - paramwise_options -- backbone.text_model.model.encoder.layer.2.attention.self.value.weight:lr_mult=0.01
06/21 22:55:43 - mmengine - INFO - paramwise_options -- backbone.text_model.model.encoder.layer.2.attention.self.value.bias:num of params=768
06/21 22:55:43 - mmengine - INFO - paramwise_options -- backbone.text_model.model.encoder.layer.2.attention.self.value.bias:lr=2.0000000000000002e-07
06/21 22:55:43 - mmengine - INFO - paramwise_options -- backbone.text_model.model.encoder.layer.2.attention.self.value.bias:weight_decay=0.05
06/21 22:55:43 - mmengine - INFO - paramwise_options -- backbone.text_model.model.encoder.layer.2.attention.self.value.bias:lr_mult=0.01
06/21 22:55:43 - mmengine - INFO - paramwise_options -- backbone.text_model.model.encoder.layer.2.attention.output.dense.weight:num of params=589824
06/21 22:55:43 - mmengine - INFO - paramwise_options -- backbone.text_model.model.encoder.layer.2.attention.output.dense.weight:lr=2.0000000000000002e-07
06/21 22:55:43 - mmengine - INFO - paramwise_options -- backbone.text_model.model.encoder.layer.2.attention.output.dense.weight:weight_decay=0.05
06/21 22:55:43 - mmengine - INFO - paramwise_options -- backbone.text_model.model.encoder.layer.2.attention.output.dense.weight:lr_mult=0.01
06/21 22:55:43 - mmengine - INFO - paramwise_options -- backbone.text_model.model.encoder.layer.2.attention.output.dense.bias:num of params=768
06/21 22:55:43 - mmengine - INFO - paramwise_options -- backbone.text_model.model.encoder.layer.2.attention.output.dense.bias:lr=2.0000000000000002e-07
06/21 22:55:43 - mmengine - INFO - paramwise_options -- backbone.text_model.model.encoder.layer.2.attention.output.dense.bias:weight_decay=0.05
06/21 22:55:43 - mmengine - INFO - paramwise_options -- backbone.text_model.model.encoder.layer.2.attention.output.dense.bias:lr_mult=0.01
06/21 22:55:43 - mmengine - INFO - paramwise_options -- backbone.text_model.model.encoder.layer.2.attention.output.LayerNorm.weight:num of params=768
06/21 22:55:43 - mmengine - INFO - paramwise_options -- backbone.text_model.model.encoder.layer.2.attention.output.LayerNorm.weight:lr=2.0000000000000002e-07
06/21 22:55:43 - mmengine - INFO - paramwise_options -- backbone.text_model.model.encoder.layer.2.attention.output.LayerNorm.weight:weight_decay=0.05
06/21 22:55:43 - mmengine - INFO - paramwise_options -- backbone.text_model.model.encoder.layer.2.attention.output.LayerNorm.weight:lr_mult=0.01
06/21 22:55:43 - mmengine - INFO - paramwise_options -- backbone.text_model.model.encoder.layer.2.attention.output.LayerNorm.bias:num of params=768
06/21 22:55:43 - mmengine - INFO - paramwise_options -- backbone.text_model.model.encoder.layer.2.attention.output.LayerNorm.bias:lr=2.0000000000000002e-07
06/21 22:55:43 - mmengine - INFO - paramwise_options -- backbone.text_model.model.encoder.layer.2.attention.output.LayerNorm.bias:weight_decay=0.05
06/21 22:55:43 - mmengine - INFO - paramwise_options -- backbone.text_model.model.encoder.layer.2.attention.output.LayerNorm.bias:lr_mult=0.01
06/21 22:55:43 - mmengine - INFO - paramwise_options -- backbone.text_model.model.encoder.layer.2.intermediate.dense.weight:num of params=2359296
06/21 22:55:43 - mmengine - INFO - paramwise_options -- backbone.text_model.model.encoder.layer.2.intermediate.dense.weight:lr=2.0000000000000002e-07
06/21 22:55:43 - mmengine - INFO - paramwise_options -- backbone.text_model.model.encoder.layer.2.intermediate.dense.weight:weight_decay=0.05
06/21 22:55:43 - mmengine - INFO - paramwise_options -- backbone.text_model.model.encoder.layer.2.intermediate.dense.weight:lr_mult=0.01
06/21 22:55:43 - mmengine - INFO - paramwise_options -- backbone.text_model.model.encoder.layer.2.intermediate.dense.bias:num of params=3072
06/21 22:55:43 - mmengine - INFO - paramwise_options -- backbone.text_model.model.encoder.layer.2.intermediate.dense.bias:lr=2.0000000000000002e-07
06/21 22:55:43 - mmengine - INFO - paramwise_options -- backbone.text_model.model.encoder.layer.2.intermediate.dense.bias:weight_decay=0.05
06/21 22:55:43 - mmengine - INFO - paramwise_options -- backbone.text_model.model.encoder.layer.2.intermediate.dense.bias:lr_mult=0.01
06/21 22:55:43 - mmengine - INFO - paramwise_options -- backbone.text_model.model.encoder.layer.2.output.dense.weight:num of params=2359296
06/21 22:55:43 - mmengine - INFO - paramwise_options -- backbone.text_model.model.encoder.layer.2.output.dense.weight:lr=2.0000000000000002e-07
06/21 22:55:43 - mmengine - INFO - paramwise_options -- backbone.text_model.model.encoder.layer.2.output.dense.weight:weight_decay=0.05
06/21 22:55:43 - mmengine - INFO - paramwise_options -- backbone.text_model.model.encoder.layer.2.output.dense.weight:lr_mult=0.01
06/21 22:55:43 - mmengine - INFO - paramwise_options -- backbone.text_model.model.encoder.layer.2.output.dense.bias:num of params=768
06/21 22:55:43 - mmengine - INFO - paramwise_options -- backbone.text_model.model.encoder.layer.2.output.dense.bias:lr=2.0000000000000002e-07
06/21 22:55:43 - mmengine - INFO - paramwise_options -- backbone.text_model.model.encoder.layer.2.output.dense.bias:weight_decay=0.05
06/21 22:55:43 - mmengine - INFO - paramwise_options -- backbone.text_model.model.encoder.layer.2.output.dense.bias:lr_mult=0.01
06/21 22:55:43 - mmengine - INFO - paramwise_options -- backbone.text_model.model.encoder.layer.2.output.LayerNorm.weight:num of params=768
06/21 22:55:43 - mmengine - INFO - paramwise_options -- backbone.text_model.model.encoder.layer.2.output.LayerNorm.weight:lr=2.0000000000000002e-07
06/21 22:55:43 - mmengine - INFO - paramwise_options -- backbone.text_model.model.encoder.layer.2.output.LayerNorm.weight:weight_decay=0.05
06/21 22:55:43 - mmengine - INFO - paramwise_options -- backbone.text_model.model.encoder.layer.2.output.LayerNorm.weight:lr_mult=0.01
06/21 22:55:43 - mmengine - INFO - paramwise_options -- backbone.text_model.model.encoder.layer.2.output.LayerNorm.bias:num of params=768
06/21 22:55:43 - mmengine - INFO - paramwise_options -- backbone.text_model.model.encoder.layer.2.output.LayerNorm.bias:lr=2.0000000000000002e-07
06/21 22:55:43 - mmengine - INFO - paramwise_options -- backbone.text_model.model.encoder.layer.2.output.LayerNorm.bias:weight_decay=0.05
06/21 22:55:43 - mmengine - INFO - paramwise_options -- backbone.text_model.model.encoder.layer.2.output.LayerNorm.bias:lr_mult=0.01
06/21 22:55:43 - mmengine - INFO - paramwise_options -- backbone.text_model.model.encoder.layer.3.attention.self.query.weight:num of params=589824
06/21 22:55:43 - mmengine - INFO - paramwise_options -- backbone.text_model.model.encoder.layer.3.attention.self.query.weight:lr=2.0000000000000002e-07
06/21 22:55:43 - mmengine - INFO - paramwise_options -- backbone.text_model.model.encoder.layer.3.attention.self.query.weight:weight_decay=0.05
06/21 22:55:43 - mmengine - INFO - paramwise_options -- backbone.text_model.model.encoder.layer.3.attention.self.query.weight:lr_mult=0.01
06/21 22:55:43 - mmengine - INFO - paramwise_options -- backbone.text_model.model.encoder.layer.3.attention.self.query.bias:num of params=768
06/21 22:55:43 - mmengine - INFO - paramwise_options -- backbone.text_model.model.encoder.layer.3.attention.self.query.bias:lr=2.0000000000000002e-07
06/21 22:55:43 - mmengine - INFO - paramwise_options -- backbone.text_model.model.encoder.layer.3.attention.self.query.bias:weight_decay=0.05
06/21 22:55:43 - mmengine - INFO - paramwise_options -- backbone.text_model.model.encoder.layer.3.attention.self.query.bias:lr_mult=0.01
06/21 22:55:43 - mmengine - INFO - paramwise_options -- backbone.text_model.model.encoder.layer.3.attention.self.key.weight:num of params=589824
06/21 22:55:43 - mmengine - INFO - paramwise_options -- backbone.text_model.model.encoder.layer.3.attention.self.key.weight:lr=2.0000000000000002e-07
06/21 22:55:43 - mmengine - INFO - paramwise_options -- backbone.text_model.model.encoder.layer.3.attention.self.key.weight:weight_decay=0.05
06/21 22:55:43 - mmengine - INFO - paramwise_options -- backbone.text_model.model.encoder.layer.3.attention.self.key.weight:lr_mult=0.01
06/21 22:55:43 - mmengine - INFO - paramwise_options -- backbone.text_model.model.encoder.layer.3.attention.self.key.bias:num of params=768
06/21 22:55:43 - mmengine - INFO - paramwise_options -- backbone.text_model.model.encoder.layer.3.attention.self.key.bias:lr=2.0000000000000002e-07
06/21 22:55:43 - mmengine - INFO - paramwise_options -- backbone.text_model.model.encoder.layer.3.attention.self.key.bias:weight_decay=0.05
06/21 22:55:43 - mmengine - INFO - paramwise_options -- backbone.text_model.model.encoder.layer.3.attention.self.key.bias:lr_mult=0.01
06/21 22:55:43 - mmengine - INFO - paramwise_options -- backbone.text_model.model.encoder.layer.3.attention.self.value.weight:num of params=589824
06/21 22:55:43 - mmengine - INFO - paramwise_options -- backbone.text_model.model.encoder.layer.3.attention.self.value.weight:lr=2.0000000000000002e-07
06/21 22:55:43 - mmengine - INFO - paramwise_options -- backbone.text_model.model.encoder.layer.3.attention.self.value.weight:weight_decay=0.05
06/21 22:55:43 - mmengine - INFO - paramwise_options -- backbone.text_model.model.encoder.layer.3.attention.self.value.weight:lr_mult=0.01
06/21 22:55:43 - mmengine - INFO - paramwise_options -- backbone.text_model.model.encoder.layer.3.attention.self.value.bias:num of params=768
06/21 22:55:43 - mmengine - INFO - paramwise_options -- backbone.text_model.model.encoder.layer.3.attention.self.value.bias:lr=2.0000000000000002e-07
06/21 22:55:43 - mmengine - INFO - paramwise_options -- backbone.text_model.model.encoder.layer.3.attention.self.value.bias:weight_decay=0.05
06/21 22:55:43 - mmengine - INFO - paramwise_options -- backbone.text_model.model.encoder.layer.3.attention.self.value.bias:lr_mult=0.01
06/21 22:55:43 - mmengine - INFO - paramwise_options -- backbone.text_model.model.encoder.layer.3.attention.output.dense.weight:num of params=589824
06/21 22:55:43 - mmengine - INFO - paramwise_options -- backbone.text_model.model.encoder.layer.3.attention.output.dense.weight:lr=2.0000000000000002e-07
06/21 22:55:43 - mmengine - INFO - paramwise_options -- backbone.text_model.model.encoder.layer.3.attention.output.dense.weight:weight_decay=0.05
06/21 22:55:43 - mmengine - INFO - paramwise_options -- backbone.text_model.model.encoder.layer.3.attention.output.dense.weight:lr_mult=0.01
06/21 22:55:43 - mmengine - INFO - paramwise_options -- backbone.text_model.model.encoder.layer.3.attention.output.dense.bias:num of params=768
06/21 22:55:43 - mmengine - INFO - paramwise_options -- backbone.text_model.model.encoder.layer.3.attention.output.dense.bias:lr=2.0000000000000002e-07
06/21 22:55:43 - mmengine - INFO - paramwise_options -- backbone.text_model.model.encoder.layer.3.attention.output.dense.bias:weight_decay=0.05
06/21 22:55:43 - mmengine - INFO - paramwise_options -- backbone.text_model.model.encoder.layer.3.attention.output.dense.bias:lr_mult=0.01
06/21 22:55:43 - mmengine - INFO - paramwise_options -- backbone.text_model.model.encoder.layer.3.attention.output.LayerNorm.weight:num of params=768
06/21 22:55:43 - mmengine - INFO - paramwise_options -- backbone.text_model.model.encoder.layer.3.attention.output.LayerNorm.weight:lr=2.0000000000000002e-07
06/21 22:55:43 - mmengine - INFO - paramwise_options -- backbone.text_model.model.encoder.layer.3.attention.output.LayerNorm.weight:weight_decay=0.05
06/21 22:55:43 - mmengine - INFO - paramwise_options -- backbone.text_model.model.encoder.layer.3.attention.output.LayerNorm.weight:lr_mult=0.01
06/21 22:55:43 - mmengine - INFO - paramwise_options -- backbone.text_model.model.encoder.layer.3.attention.output.LayerNorm.bias:num of params=768
06/21 22:55:43 - mmengine - INFO - paramwise_options -- backbone.text_model.model.encoder.layer.3.attention.output.LayerNorm.bias:lr=2.0000000000000002e-07
06/21 22:55:43 - mmengine - INFO - paramwise_options -- backbone.text_model.model.encoder.layer.3.attention.output.LayerNorm.bias:weight_decay=0.05
06/21 22:55:43 - mmengine - INFO - paramwise_options -- backbone.text_model.model.encoder.layer.3.attention.output.LayerNorm.bias:lr_mult=0.01
06/21 22:55:43 - mmengine - INFO - paramwise_options -- backbone.text_model.model.encoder.layer.3.intermediate.dense.weight:num of params=2359296
06/21 22:55:43 - mmengine - INFO - paramwise_options -- backbone.text_model.model.encoder.layer.3.intermediate.dense.weight:lr=2.0000000000000002e-07
06/21 22:55:43 - mmengine - INFO - paramwise_options -- backbone.text_model.model.encoder.layer.3.intermediate.dense.weight:weight_decay=0.05
06/21 22:55:43 - mmengine - INFO - paramwise_options -- backbone.text_model.model.encoder.layer.3.intermediate.dense.weight:lr_mult=0.01
06/21 22:55:43 - mmengine - INFO - paramwise_options -- backbone.text_model.model.encoder.layer.3.intermediate.dense.bias:num of params=3072
06/21 22:55:43 - mmengine - INFO - paramwise_options -- backbone.text_model.model.encoder.layer.3.intermediate.dense.bias:lr=2.0000000000000002e-07
06/21 22:55:43 - mmengine - INFO - paramwise_options -- backbone.text_model.model.encoder.layer.3.intermediate.dense.bias:weight_decay=0.05
06/21 22:55:43 - mmengine - INFO - paramwise_options -- backbone.text_model.model.encoder.layer.3.intermediate.dense.bias:lr_mult=0.01
06/21 22:55:43 - mmengine - INFO - paramwise_options -- backbone.text_model.model.encoder.layer.3.output.dense.weight:num of params=2359296
06/21 22:55:43 - mmengine - INFO - paramwise_options -- backbone.text_model.model.encoder.layer.3.output.dense.weight:lr=2.0000000000000002e-07
06/21 22:55:43 - mmengine - INFO - paramwise_options -- backbone.text_model.model.encoder.layer.3.output.dense.weight:weight_decay=0.05
06/21 22:55:43 - mmengine - INFO - paramwise_options -- backbone.text_model.model.encoder.layer.3.output.dense.weight:lr_mult=0.01
06/21 22:55:43 - mmengine - INFO - paramwise_options -- backbone.text_model.model.encoder.layer.3.output.dense.bias:num of params=768
06/21 22:55:43 - mmengine - INFO - paramwise_options -- backbone.text_model.model.encoder.layer.3.output.dense.bias:lr=2.0000000000000002e-07
06/21 22:55:43 - mmengine - INFO - paramwise_options -- backbone.text_model.model.encoder.layer.3.output.dense.bias:weight_decay=0.05
06/21 22:55:43 - mmengine - INFO - paramwise_options -- backbone.text_model.model.encoder.layer.3.output.dense.bias:lr_mult=0.01
06/21 22:55:43 - mmengine - INFO - paramwise_options -- backbone.text_model.model.encoder.layer.3.output.LayerNorm.weight:num of params=768
06/21 22:55:43 - mmengine - INFO - paramwise_options -- backbone.text_model.model.encoder.layer.3.output.LayerNorm.weight:lr=2.0000000000000002e-07
06/21 22:55:43 - mmengine - INFO - paramwise_options -- backbone.text_model.model.encoder.layer.3.output.LayerNorm.weight:weight_decay=0.05
06/21 22:55:43 - mmengine - INFO - paramwise_options -- backbone.text_model.model.encoder.layer.3.output.LayerNorm.weight:lr_mult=0.01
06/21 22:55:43 - mmengine - INFO - paramwise_options -- backbone.text_model.model.encoder.layer.3.output.LayerNorm.bias:num of params=768
06/21 22:55:43 - mmengine - INFO - paramwise_options -- backbone.text_model.model.encoder.layer.3.output.LayerNorm.bias:lr=2.0000000000000002e-07
06/21 22:55:43 - mmengine - INFO - paramwise_options -- backbone.text_model.model.encoder.layer.3.output.LayerNorm.bias:weight_decay=0.05
06/21 22:55:43 - mmengine - INFO - paramwise_options -- backbone.text_model.model.encoder.layer.3.output.LayerNorm.bias:lr_mult=0.01
06/21 22:55:43 - mmengine - INFO - paramwise_options -- backbone.text_model.model.encoder.layer.4.attention.self.query.weight:num of params=589824
06/21 22:55:43 - mmengine - INFO - paramwise_options -- backbone.text_model.model.encoder.layer.4.attention.self.query.weight:lr=2.0000000000000002e-07
06/21 22:55:43 - mmengine - INFO - paramwise_options -- backbone.text_model.model.encoder.layer.4.attention.self.query.weight:weight_decay=0.05
06/21 22:55:43 - mmengine - INFO - paramwise_options -- backbone.text_model.model.encoder.layer.4.attention.self.query.weight:lr_mult=0.01
06/21 22:55:43 - mmengine - INFO - paramwise_options -- backbone.text_model.model.encoder.layer.4.attention.self.query.bias:num of params=768
06/21 22:55:43 - mmengine - INFO - paramwise_options -- backbone.text_model.model.encoder.layer.4.attention.self.query.bias:lr=2.0000000000000002e-07
06/21 22:55:43 - mmengine - INFO - paramwise_options -- backbone.text_model.model.encoder.layer.4.attention.self.query.bias:weight_decay=0.05
06/21 22:55:43 - mmengine - INFO - paramwise_options -- backbone.text_model.model.encoder.layer.4.attention.self.query.bias:lr_mult=0.01
06/21 22:55:43 - mmengine - INFO - paramwise_options -- backbone.text_model.model.encoder.layer.4.attention.self.key.weight:num of params=589824
06/21 22:55:43 - mmengine - INFO - paramwise_options -- backbone.text_model.model.encoder.layer.4.attention.self.key.weight:lr=2.0000000000000002e-07
06/21 22:55:43 - mmengine - INFO - paramwise_options -- backbone.text_model.model.encoder.layer.4.attention.self.key.weight:weight_decay=0.05
06/21 22:55:43 - mmengine - INFO - paramwise_options -- backbone.text_model.model.encoder.layer.4.attention.self.key.weight:lr_mult=0.01
06/21 22:55:43 - mmengine - INFO - paramwise_options -- backbone.text_model.model.encoder.layer.4.attention.self.key.bias:num of params=768
06/21 22:55:43 - mmengine - INFO - paramwise_options -- backbone.text_model.model.encoder.layer.4.attention.self.key.bias:lr=2.0000000000000002e-07
06/21 22:55:43 - mmengine - INFO - paramwise_options -- backbone.text_model.model.encoder.layer.4.attention.self.key.bias:weight_decay=0.05
06/21 22:55:43 - mmengine - INFO - paramwise_options -- backbone.text_model.model.encoder.layer.4.attention.self.key.bias:lr_mult=0.01
06/21 22:55:43 - mmengine - INFO - paramwise_options -- backbone.text_model.model.encoder.layer.4.attention.self.value.weight:num of params=589824
06/21 22:55:43 - mmengine - INFO - paramwise_options -- backbone.text_model.model.encoder.layer.4.attention.self.value.weight:lr=2.0000000000000002e-07
06/21 22:55:43 - mmengine - INFO - paramwise_options -- backbone.text_model.model.encoder.layer.4.attention.self.value.weight:weight_decay=0.05
06/21 22:55:43 - mmengine - INFO - paramwise_options -- backbone.text_model.model.encoder.layer.4.attention.self.value.weight:lr_mult=0.01
06/21 22:55:43 - mmengine - INFO - paramwise_options -- backbone.text_model.model.encoder.layer.4.attention.self.value.bias:num of params=768
06/21 22:55:43 - mmengine - INFO - paramwise_options -- backbone.text_model.model.encoder.layer.4.attention.self.value.bias:lr=2.0000000000000002e-07
06/21 22:55:43 - mmengine - INFO - paramwise_options -- backbone.text_model.model.encoder.layer.4.attention.self.value.bias:weight_decay=0.05
06/21 22:55:43 - mmengine - INFO - paramwise_options -- backbone.text_model.model.encoder.layer.4.attention.self.value.bias:lr_mult=0.01
06/21 22:55:43 - mmengine - INFO - paramwise_options -- backbone.text_model.model.encoder.layer.4.attention.output.dense.weight:num of params=589824
06/21 22:55:43 - mmengine - INFO - paramwise_options -- backbone.text_model.model.encoder.layer.4.attention.output.dense.weight:lr=2.0000000000000002e-07
06/21 22:55:43 - mmengine - INFO - paramwise_options -- backbone.text_model.model.encoder.layer.4.attention.output.dense.weight:weight_decay=0.05
06/21 22:55:43 - mmengine - INFO - paramwise_options -- backbone.text_model.model.encoder.layer.4.attention.output.dense.weight:lr_mult=0.01
06/21 22:55:43 - mmengine - INFO - paramwise_options -- backbone.text_model.model.encoder.layer.4.attention.output.dense.bias:num of params=768
06/21 22:55:43 - mmengine - INFO - paramwise_options -- backbone.text_model.model.encoder.layer.4.attention.output.dense.bias:lr=2.0000000000000002e-07
06/21 22:55:43 - mmengine - INFO - paramwise_options -- backbone.text_model.model.encoder.layer.4.attention.output.dense.bias:weight_decay=0.05
06/21 22:55:43 - mmengine - INFO - paramwise_options -- backbone.text_model.model.encoder.layer.4.attention.output.dense.bias:lr_mult=0.01
06/21 22:55:43 - mmengine - INFO - paramwise_options -- backbone.text_model.model.encoder.layer.4.attention.output.LayerNorm.weight:num of params=768
06/21 22:55:43 - mmengine - INFO - paramwise_options -- backbone.text_model.model.encoder.layer.4.attention.output.LayerNorm.weight:lr=2.0000000000000002e-07
06/21 22:55:43 - mmengine - INFO - paramwise_options -- backbone.text_model.model.encoder.layer.4.attention.output.LayerNorm.weight:weight_decay=0.05
06/21 22:55:43 - mmengine - INFO - paramwise_options -- backbone.text_model.model.encoder.layer.4.attention.output.LayerNorm.weight:lr_mult=0.01
06/21 22:55:43 - mmengine - INFO - paramwise_options -- backbone.text_model.model.encoder.layer.4.attention.output.LayerNorm.bias:num of params=768
06/21 22:55:43 - mmengine - INFO - paramwise_options -- backbone.text_model.model.encoder.layer.4.attention.output.LayerNorm.bias:lr=2.0000000000000002e-07
06/21 22:55:43 - mmengine - INFO - paramwise_options -- backbone.text_model.model.encoder.layer.4.attention.output.LayerNorm.bias:weight_decay=0.05
06/21 22:55:43 - mmengine - INFO - paramwise_options -- backbone.text_model.model.encoder.layer.4.attention.output.LayerNorm.bias:lr_mult=0.01
06/21 22:55:43 - mmengine - INFO - paramwise_options -- backbone.text_model.model.encoder.layer.4.intermediate.dense.weight:num of params=2359296
06/21 22:55:43 - mmengine - INFO - paramwise_options -- backbone.text_model.model.encoder.layer.4.intermediate.dense.weight:lr=2.0000000000000002e-07
06/21 22:55:43 - mmengine - INFO - paramwise_options -- backbone.text_model.model.encoder.layer.4.intermediate.dense.weight:weight_decay=0.05
06/21 22:55:43 - mmengine - INFO - paramwise_options -- backbone.text_model.model.encoder.layer.4.intermediate.dense.weight:lr_mult=0.01
06/21 22:55:43 - mmengine - INFO - paramwise_options -- backbone.text_model.model.encoder.layer.4.intermediate.dense.bias:num of params=3072
06/21 22:55:43 - mmengine - INFO - paramwise_options -- backbone.text_model.model.encoder.layer.4.intermediate.dense.bias:lr=2.0000000000000002e-07
06/21 22:55:43 - mmengine - INFO - paramwise_options -- backbone.text_model.model.encoder.layer.4.intermediate.dense.bias:weight_decay=0.05
06/21 22:55:43 - mmengine - INFO - paramwise_options -- backbone.text_model.model.encoder.layer.4.intermediate.dense.bias:lr_mult=0.01
06/21 22:55:43 - mmengine - INFO - paramwise_options -- backbone.text_model.model.encoder.layer.4.output.dense.weight:num of params=2359296
06/21 22:55:43 - mmengine - INFO - paramwise_options -- backbone.text_model.model.encoder.layer.4.output.dense.weight:lr=2.0000000000000002e-07
06/21 22:55:43 - mmengine - INFO - paramwise_options -- backbone.text_model.model.encoder.layer.4.output.dense.weight:weight_decay=0.05
06/21 22:55:43 - mmengine - INFO - paramwise_options -- backbone.text_model.model.encoder.layer.4.output.dense.weight:lr_mult=0.01
06/21 22:55:43 - mmengine - INFO - paramwise_options -- backbone.text_model.model.encoder.layer.4.output.dense.bias:num of params=768
06/21 22:55:43 - mmengine - INFO - paramwise_options -- backbone.text_model.model.encoder.layer.4.output.dense.bias:lr=2.0000000000000002e-07
06/21 22:55:43 - mmengine - INFO - paramwise_options -- backbone.text_model.model.encoder.layer.4.output.dense.bias:weight_decay=0.05
06/21 22:55:43 - mmengine - INFO - paramwise_options -- backbone.text_model.model.encoder.layer.4.output.dense.bias:lr_mult=0.01
06/21 22:55:43 - mmengine - INFO - paramwise_options -- backbone.text_model.model.encoder.layer.4.output.LayerNorm.weight:num of params=768
06/21 22:55:43 - mmengine - INFO - paramwise_options -- backbone.text_model.model.encoder.layer.4.output.LayerNorm.weight:lr=2.0000000000000002e-07
06/21 22:55:43 - mmengine - INFO - paramwise_options -- backbone.text_model.model.encoder.layer.4.output.LayerNorm.weight:weight_decay=0.05
06/21 22:55:43 - mmengine - INFO - paramwise_options -- backbone.text_model.model.encoder.layer.4.output.LayerNorm.weight:lr_mult=0.01
06/21 22:55:43 - mmengine - INFO - paramwise_options -- backbone.text_model.model.encoder.layer.4.output.LayerNorm.bias:num of params=768
06/21 22:55:43 - mmengine - INFO - paramwise_options -- backbone.text_model.model.encoder.layer.4.output.LayerNorm.bias:lr=2.0000000000000002e-07
06/21 22:55:43 - mmengine - INFO - paramwise_options -- backbone.text_model.model.encoder.layer.4.output.LayerNorm.bias:weight_decay=0.05
06/21 22:55:43 - mmengine - INFO - paramwise_options -- backbone.text_model.model.encoder.layer.4.output.LayerNorm.bias:lr_mult=0.01
06/21 22:55:43 - mmengine - INFO - paramwise_options -- backbone.text_model.model.encoder.layer.5.attention.self.query.weight:num of params=589824
06/21 22:55:43 - mmengine - INFO - paramwise_options -- backbone.text_model.model.encoder.layer.5.attention.self.query.weight:lr=2.0000000000000002e-07
06/21 22:55:43 - mmengine - INFO - paramwise_options -- backbone.text_model.model.encoder.layer.5.attention.self.query.weight:weight_decay=0.05
06/21 22:55:43 - mmengine - INFO - paramwise_options -- backbone.text_model.model.encoder.layer.5.attention.self.query.weight:lr_mult=0.01
06/21 22:55:43 - mmengine - INFO - paramwise_options -- backbone.text_model.model.encoder.layer.5.attention.self.query.bias:num of params=768
06/21 22:55:43 - mmengine - INFO - paramwise_options -- backbone.text_model.model.encoder.layer.5.attention.self.query.bias:lr=2.0000000000000002e-07
06/21 22:55:43 - mmengine - INFO - paramwise_options -- backbone.text_model.model.encoder.layer.5.attention.self.query.bias:weight_decay=0.05
06/21 22:55:43 - mmengine - INFO - paramwise_options -- backbone.text_model.model.encoder.layer.5.attention.self.query.bias:lr_mult=0.01
06/21 22:55:43 - mmengine - INFO - paramwise_options -- backbone.text_model.model.encoder.layer.5.attention.self.key.weight:num of params=589824
06/21 22:55:43 - mmengine - INFO - paramwise_options -- backbone.text_model.model.encoder.layer.5.attention.self.key.weight:lr=2.0000000000000002e-07
06/21 22:55:43 - mmengine - INFO - paramwise_options -- backbone.text_model.model.encoder.layer.5.attention.self.key.weight:weight_decay=0.05
06/21 22:55:43 - mmengine - INFO - paramwise_options -- backbone.text_model.model.encoder.layer.5.attention.self.key.weight:lr_mult=0.01
06/21 22:55:43 - mmengine - INFO - paramwise_options -- backbone.text_model.model.encoder.layer.5.attention.self.key.bias:num of params=768
06/21 22:55:43 - mmengine - INFO - paramwise_options -- backbone.text_model.model.encoder.layer.5.attention.self.key.bias:lr=2.0000000000000002e-07
06/21 22:55:43 - mmengine - INFO - paramwise_options -- backbone.text_model.model.encoder.layer.5.attention.self.key.bias:weight_decay=0.05
06/21 22:55:43 - mmengine - INFO - paramwise_options -- backbone.text_model.model.encoder.layer.5.attention.self.key.bias:lr_mult=0.01
06/21 22:55:43 - mmengine - INFO - paramwise_options -- backbone.text_model.model.encoder.layer.5.attention.self.value.weight:num of params=589824
06/21 22:55:43 - mmengine - INFO - paramwise_options -- backbone.text_model.model.encoder.layer.5.attention.self.value.weight:lr=2.0000000000000002e-07
06/21 22:55:43 - mmengine - INFO - paramwise_options -- backbone.text_model.model.encoder.layer.5.attention.self.value.weight:weight_decay=0.05
06/21 22:55:43 - mmengine - INFO - paramwise_options -- backbone.text_model.model.encoder.layer.5.attention.self.value.weight:lr_mult=0.01
06/21 22:55:43 - mmengine - INFO - paramwise_options -- backbone.text_model.model.encoder.layer.5.attention.self.value.bias:num of params=768
06/21 22:55:43 - mmengine - INFO - paramwise_options -- backbone.text_model.model.encoder.layer.5.attention.self.value.bias:lr=2.0000000000000002e-07
06/21 22:55:43 - mmengine - INFO - paramwise_options -- backbone.text_model.model.encoder.layer.5.attention.self.value.bias:weight_decay=0.05
06/21 22:55:43 - mmengine - INFO - paramwise_options -- backbone.text_model.model.encoder.layer.5.attention.self.value.bias:lr_mult=0.01
06/21 22:55:43 - mmengine - INFO - paramwise_options -- backbone.text_model.model.encoder.layer.5.attention.output.dense.weight:num of params=589824
06/21 22:55:43 - mmengine - INFO - paramwise_options -- backbone.text_model.model.encoder.layer.5.attention.output.dense.weight:lr=2.0000000000000002e-07
06/21 22:55:43 - mmengine - INFO - paramwise_options -- backbone.text_model.model.encoder.layer.5.attention.output.dense.weight:weight_decay=0.05
06/21 22:55:43 - mmengine - INFO - paramwise_options -- backbone.text_model.model.encoder.layer.5.attention.output.dense.weight:lr_mult=0.01
06/21 22:55:43 - mmengine - INFO - paramwise_options -- backbone.text_model.model.encoder.layer.5.attention.output.dense.bias:num of params=768
06/21 22:55:43 - mmengine - INFO - paramwise_options -- backbone.text_model.model.encoder.layer.5.attention.output.dense.bias:lr=2.0000000000000002e-07
06/21 22:55:43 - mmengine - INFO - paramwise_options -- backbone.text_model.model.encoder.layer.5.attention.output.dense.bias:weight_decay=0.05
06/21 22:55:43 - mmengine - INFO - paramwise_options -- backbone.text_model.model.encoder.layer.5.attention.output.dense.bias:lr_mult=0.01
06/21 22:55:43 - mmengine - INFO - paramwise_options -- backbone.text_model.model.encoder.layer.5.attention.output.LayerNorm.weight:num of params=768
06/21 22:55:43 - mmengine - INFO - paramwise_options -- backbone.text_model.model.encoder.layer.5.attention.output.LayerNorm.weight:lr=2.0000000000000002e-07
06/21 22:55:43 - mmengine - INFO - paramwise_options -- backbone.text_model.model.encoder.layer.5.attention.output.LayerNorm.weight:weight_decay=0.05
06/21 22:55:43 - mmengine - INFO - paramwise_options -- backbone.text_model.model.encoder.layer.5.attention.output.LayerNorm.weight:lr_mult=0.01
06/21 22:55:43 - mmengine - INFO - paramwise_options -- backbone.text_model.model.encoder.layer.5.attention.output.LayerNorm.bias:num of params=768
06/21 22:55:43 - mmengine - INFO - paramwise_options -- backbone.text_model.model.encoder.layer.5.attention.output.LayerNorm.bias:lr=2.0000000000000002e-07
06/21 22:55:43 - mmengine - INFO - paramwise_options -- backbone.text_model.model.encoder.layer.5.attention.output.LayerNorm.bias:weight_decay=0.05
06/21 22:55:43 - mmengine - INFO - paramwise_options -- backbone.text_model.model.encoder.layer.5.attention.output.LayerNorm.bias:lr_mult=0.01
06/21 22:55:43 - mmengine - INFO - paramwise_options -- backbone.text_model.model.encoder.layer.5.intermediate.dense.weight:num of params=2359296
06/21 22:55:43 - mmengine - INFO - paramwise_options -- backbone.text_model.model.encoder.layer.5.intermediate.dense.weight:lr=2.0000000000000002e-07
06/21 22:55:43 - mmengine - INFO - paramwise_options -- backbone.text_model.model.encoder.layer.5.intermediate.dense.weight:weight_decay=0.05
06/21 22:55:43 - mmengine - INFO - paramwise_options -- backbone.text_model.model.encoder.layer.5.intermediate.dense.weight:lr_mult=0.01
06/21 22:55:43 - mmengine - INFO - paramwise_options -- backbone.text_model.model.encoder.layer.5.intermediate.dense.bias:num of params=3072
06/21 22:55:43 - mmengine - INFO - paramwise_options -- backbone.text_model.model.encoder.layer.5.intermediate.dense.bias:lr=2.0000000000000002e-07
06/21 22:55:43 - mmengine - INFO - paramwise_options -- backbone.text_model.model.encoder.layer.5.intermediate.dense.bias:weight_decay=0.05
06/21 22:55:43 - mmengine - INFO - paramwise_options -- backbone.text_model.model.encoder.layer.5.intermediate.dense.bias:lr_mult=0.01
06/21 22:55:43 - mmengine - INFO - paramwise_options -- backbone.text_model.model.encoder.layer.5.output.dense.weight:num of params=2359296
06/21 22:55:43 - mmengine - INFO - paramwise_options -- backbone.text_model.model.encoder.layer.5.output.dense.weight:lr=2.0000000000000002e-07
06/21 22:55:43 - mmengine - INFO - paramwise_options -- backbone.text_model.model.encoder.layer.5.output.dense.weight:weight_decay=0.05
06/21 22:55:43 - mmengine - INFO - paramwise_options -- backbone.text_model.model.encoder.layer.5.output.dense.weight:lr_mult=0.01
06/21 22:55:43 - mmengine - INFO - paramwise_options -- backbone.text_model.model.encoder.layer.5.output.dense.bias:num of params=768
06/21 22:55:43 - mmengine - INFO - paramwise_options -- backbone.text_model.model.encoder.layer.5.output.dense.bias:lr=2.0000000000000002e-07
06/21 22:55:43 - mmengine - INFO - paramwise_options -- backbone.text_model.model.encoder.layer.5.output.dense.bias:weight_decay=0.05
06/21 22:55:43 - mmengine - INFO - paramwise_options -- backbone.text_model.model.encoder.layer.5.output.dense.bias:lr_mult=0.01
06/21 22:55:43 - mmengine - INFO - paramwise_options -- backbone.text_model.model.encoder.layer.5.output.LayerNorm.weight:num of params=768
06/21 22:55:43 - mmengine - INFO - paramwise_options -- backbone.text_model.model.encoder.layer.5.output.LayerNorm.weight:lr=2.0000000000000002e-07
06/21 22:55:43 - mmengine - INFO - paramwise_options -- backbone.text_model.model.encoder.layer.5.output.LayerNorm.weight:weight_decay=0.05
06/21 22:55:43 - mmengine - INFO - paramwise_options -- backbone.text_model.model.encoder.layer.5.output.LayerNorm.weight:lr_mult=0.01
06/21 22:55:43 - mmengine - INFO - paramwise_options -- backbone.text_model.model.encoder.layer.5.output.LayerNorm.bias:num of params=768
06/21 22:55:43 - mmengine - INFO - paramwise_options -- backbone.text_model.model.encoder.layer.5.output.LayerNorm.bias:lr=2.0000000000000002e-07
06/21 22:55:43 - mmengine - INFO - paramwise_options -- backbone.text_model.model.encoder.layer.5.output.LayerNorm.bias:weight_decay=0.05
06/21 22:55:43 - mmengine - INFO - paramwise_options -- backbone.text_model.model.encoder.layer.5.output.LayerNorm.bias:lr_mult=0.01
06/21 22:55:43 - mmengine - INFO - paramwise_options -- backbone.text_model.model.encoder.layer.6.attention.self.query.weight:num of params=589824
06/21 22:55:43 - mmengine - INFO - paramwise_options -- backbone.text_model.model.encoder.layer.6.attention.self.query.weight:lr=2.0000000000000002e-07
06/21 22:55:43 - mmengine - INFO - paramwise_options -- backbone.text_model.model.encoder.layer.6.attention.self.query.weight:weight_decay=0.05
06/21 22:55:43 - mmengine - INFO - paramwise_options -- backbone.text_model.model.encoder.layer.6.attention.self.query.weight:lr_mult=0.01
06/21 22:55:43 - mmengine - INFO - paramwise_options -- backbone.text_model.model.encoder.layer.6.attention.self.query.bias:num of params=768
06/21 22:55:43 - mmengine - INFO - paramwise_options -- backbone.text_model.model.encoder.layer.6.attention.self.query.bias:lr=2.0000000000000002e-07
06/21 22:55:43 - mmengine - INFO - paramwise_options -- backbone.text_model.model.encoder.layer.6.attention.self.query.bias:weight_decay=0.05
06/21 22:55:43 - mmengine - INFO - paramwise_options -- backbone.text_model.model.encoder.layer.6.attention.self.query.bias:lr_mult=0.01
06/21 22:55:43 - mmengine - INFO - paramwise_options -- backbone.text_model.model.encoder.layer.6.attention.self.key.weight:num of params=589824
06/21 22:55:43 - mmengine - INFO - paramwise_options -- backbone.text_model.model.encoder.layer.6.attention.self.key.weight:lr=2.0000000000000002e-07
06/21 22:55:43 - mmengine - INFO - paramwise_options -- backbone.text_model.model.encoder.layer.6.attention.self.key.weight:weight_decay=0.05
06/21 22:55:43 - mmengine - INFO - paramwise_options -- backbone.text_model.model.encoder.layer.6.attention.self.key.weight:lr_mult=0.01
06/21 22:55:43 - mmengine - INFO - paramwise_options -- backbone.text_model.model.encoder.layer.6.attention.self.key.bias:num of params=768
06/21 22:55:43 - mmengine - INFO - paramwise_options -- backbone.text_model.model.encoder.layer.6.attention.self.key.bias:lr=2.0000000000000002e-07
06/21 22:55:43 - mmengine - INFO - paramwise_options -- backbone.text_model.model.encoder.layer.6.attention.self.key.bias:weight_decay=0.05
06/21 22:55:43 - mmengine - INFO - paramwise_options -- backbone.text_model.model.encoder.layer.6.attention.self.key.bias:lr_mult=0.01
06/21 22:55:43 - mmengine - INFO - paramwise_options -- backbone.text_model.model.encoder.layer.6.attention.self.value.weight:num of params=589824
06/21 22:55:43 - mmengine - INFO - paramwise_options -- backbone.text_model.model.encoder.layer.6.attention.self.value.weight:lr=2.0000000000000002e-07
06/21 22:55:43 - mmengine - INFO - paramwise_options -- backbone.text_model.model.encoder.layer.6.attention.self.value.weight:weight_decay=0.05
06/21 22:55:43 - mmengine - INFO - paramwise_options -- backbone.text_model.model.encoder.layer.6.attention.self.value.weight:lr_mult=0.01
06/21 22:55:43 - mmengine - INFO - paramwise_options -- backbone.text_model.model.encoder.layer.6.attention.self.value.bias:num of params=768
06/21 22:55:43 - mmengine - INFO - paramwise_options -- backbone.text_model.model.encoder.layer.6.attention.self.value.bias:lr=2.0000000000000002e-07
06/21 22:55:43 - mmengine - INFO - paramwise_options -- backbone.text_model.model.encoder.layer.6.attention.self.value.bias:weight_decay=0.05
06/21 22:55:43 - mmengine - INFO - paramwise_options -- backbone.text_model.model.encoder.layer.6.attention.self.value.bias:lr_mult=0.01
06/21 22:55:43 - mmengine - INFO - paramwise_options -- backbone.text_model.model.encoder.layer.6.attention.output.dense.weight:num of params=589824
06/21 22:55:43 - mmengine - INFO - paramwise_options -- backbone.text_model.model.encoder.layer.6.attention.output.dense.weight:lr=2.0000000000000002e-07
06/21 22:55:43 - mmengine - INFO - paramwise_options -- backbone.text_model.model.encoder.layer.6.attention.output.dense.weight:weight_decay=0.05
06/21 22:55:43 - mmengine - INFO - paramwise_options -- backbone.text_model.model.encoder.layer.6.attention.output.dense.weight:lr_mult=0.01
06/21 22:55:43 - mmengine - INFO - paramwise_options -- backbone.text_model.model.encoder.layer.6.attention.output.dense.bias:num of params=768
06/21 22:55:43 - mmengine - INFO - paramwise_options -- backbone.text_model.model.encoder.layer.6.attention.output.dense.bias:lr=2.0000000000000002e-07
06/21 22:55:43 - mmengine - INFO - paramwise_options -- backbone.text_model.model.encoder.layer.6.attention.output.dense.bias:weight_decay=0.05
06/21 22:55:43 - mmengine - INFO - paramwise_options -- backbone.text_model.model.encoder.layer.6.attention.output.dense.bias:lr_mult=0.01
06/21 22:55:43 - mmengine - INFO - paramwise_options -- backbone.text_model.model.encoder.layer.6.attention.output.LayerNorm.weight:num of params=768
06/21 22:55:43 - mmengine - INFO - paramwise_options -- backbone.text_model.model.encoder.layer.6.attention.output.LayerNorm.weight:lr=2.0000000000000002e-07
06/21 22:55:43 - mmengine - INFO - paramwise_options -- backbone.text_model.model.encoder.layer.6.attention.output.LayerNorm.weight:weight_decay=0.05
06/21 22:55:43 - mmengine - INFO - paramwise_options -- backbone.text_model.model.encoder.layer.6.attention.output.LayerNorm.weight:lr_mult=0.01
06/21 22:55:43 - mmengine - INFO - paramwise_options -- backbone.text_model.model.encoder.layer.6.attention.output.LayerNorm.bias:num of params=768
06/21 22:55:43 - mmengine - INFO - paramwise_options -- backbone.text_model.model.encoder.layer.6.attention.output.LayerNorm.bias:lr=2.0000000000000002e-07
06/21 22:55:43 - mmengine - INFO - paramwise_options -- backbone.text_model.model.encoder.layer.6.attention.output.LayerNorm.bias:weight_decay=0.05
06/21 22:55:43 - mmengine - INFO - paramwise_options -- backbone.text_model.model.encoder.layer.6.attention.output.LayerNorm.bias:lr_mult=0.01
06/21 22:55:43 - mmengine - INFO - paramwise_options -- backbone.text_model.model.encoder.layer.6.intermediate.dense.weight:num of params=2359296
06/21 22:55:43 - mmengine - INFO - paramwise_options -- backbone.text_model.model.encoder.layer.6.intermediate.dense.weight:lr=2.0000000000000002e-07
06/21 22:55:43 - mmengine - INFO - paramwise_options -- backbone.text_model.model.encoder.layer.6.intermediate.dense.weight:weight_decay=0.05
06/21 22:55:43 - mmengine - INFO - paramwise_options -- backbone.text_model.model.encoder.layer.6.intermediate.dense.weight:lr_mult=0.01
06/21 22:55:43 - mmengine - INFO - paramwise_options -- backbone.text_model.model.encoder.layer.6.intermediate.dense.bias:num of params=3072
06/21 22:55:43 - mmengine - INFO - paramwise_options -- backbone.text_model.model.encoder.layer.6.intermediate.dense.bias:lr=2.0000000000000002e-07
06/21 22:55:43 - mmengine - INFO - paramwise_options -- backbone.text_model.model.encoder.layer.6.intermediate.dense.bias:weight_decay=0.05
06/21 22:55:43 - mmengine - INFO - paramwise_options -- backbone.text_model.model.encoder.layer.6.intermediate.dense.bias:lr_mult=0.01
06/21 22:55:43 - mmengine - INFO - paramwise_options -- backbone.text_model.model.encoder.layer.6.output.dense.weight:num of params=2359296
06/21 22:55:43 - mmengine - INFO - paramwise_options -- backbone.text_model.model.encoder.layer.6.output.dense.weight:lr=2.0000000000000002e-07
06/21 22:55:43 - mmengine - INFO - paramwise_options -- backbone.text_model.model.encoder.layer.6.output.dense.weight:weight_decay=0.05
06/21 22:55:43 - mmengine - INFO - paramwise_options -- backbone.text_model.model.encoder.layer.6.output.dense.weight:lr_mult=0.01
06/21 22:55:43 - mmengine - INFO - paramwise_options -- backbone.text_model.model.encoder.layer.6.output.dense.bias:num of params=768
06/21 22:55:43 - mmengine - INFO - paramwise_options -- backbone.text_model.model.encoder.layer.6.output.dense.bias:lr=2.0000000000000002e-07
06/21 22:55:43 - mmengine - INFO - paramwise_options -- backbone.text_model.model.encoder.layer.6.output.dense.bias:weight_decay=0.05
06/21 22:55:43 - mmengine - INFO - paramwise_options -- backbone.text_model.model.encoder.layer.6.output.dense.bias:lr_mult=0.01
06/21 22:55:43 - mmengine - INFO - paramwise_options -- backbone.text_model.model.encoder.layer.6.output.LayerNorm.weight:num of params=768
06/21 22:55:43 - mmengine - INFO - paramwise_options -- backbone.text_model.model.encoder.layer.6.output.LayerNorm.weight:lr=2.0000000000000002e-07
06/21 22:55:43 - mmengine - INFO - paramwise_options -- backbone.text_model.model.encoder.layer.6.output.LayerNorm.weight:weight_decay=0.05
06/21 22:55:43 - mmengine - INFO - paramwise_options -- backbone.text_model.model.encoder.layer.6.output.LayerNorm.weight:lr_mult=0.01
06/21 22:55:43 - mmengine - INFO - paramwise_options -- backbone.text_model.model.encoder.layer.6.output.LayerNorm.bias:num of params=768
06/21 22:55:43 - mmengine - INFO - paramwise_options -- backbone.text_model.model.encoder.layer.6.output.LayerNorm.bias:lr=2.0000000000000002e-07
06/21 22:55:43 - mmengine - INFO - paramwise_options -- backbone.text_model.model.encoder.layer.6.output.LayerNorm.bias:weight_decay=0.05
06/21 22:55:43 - mmengine - INFO - paramwise_options -- backbone.text_model.model.encoder.layer.6.output.LayerNorm.bias:lr_mult=0.01
06/21 22:55:43 - mmengine - INFO - paramwise_options -- backbone.text_model.model.encoder.layer.7.attention.self.query.weight:num of params=589824
06/21 22:55:43 - mmengine - INFO - paramwise_options -- backbone.text_model.model.encoder.layer.7.attention.self.query.weight:lr=2.0000000000000002e-07
06/21 22:55:43 - mmengine - INFO - paramwise_options -- backbone.text_model.model.encoder.layer.7.attention.self.query.weight:weight_decay=0.05
06/21 22:55:43 - mmengine - INFO - paramwise_options -- backbone.text_model.model.encoder.layer.7.attention.self.query.weight:lr_mult=0.01
06/21 22:55:43 - mmengine - INFO - paramwise_options -- backbone.text_model.model.encoder.layer.7.attention.self.query.bias:num of params=768
06/21 22:55:43 - mmengine - INFO - paramwise_options -- backbone.text_model.model.encoder.layer.7.attention.self.query.bias:lr=2.0000000000000002e-07
06/21 22:55:43 - mmengine - INFO - paramwise_options -- backbone.text_model.model.encoder.layer.7.attention.self.query.bias:weight_decay=0.05
06/21 22:55:43 - mmengine - INFO - paramwise_options -- backbone.text_model.model.encoder.layer.7.attention.self.query.bias:lr_mult=0.01
06/21 22:55:43 - mmengine - INFO - paramwise_options -- backbone.text_model.model.encoder.layer.7.attention.self.key.weight:num of params=589824
06/21 22:55:43 - mmengine - INFO - paramwise_options -- backbone.text_model.model.encoder.layer.7.attention.self.key.weight:lr=2.0000000000000002e-07
06/21 22:55:43 - mmengine - INFO - paramwise_options -- backbone.text_model.model.encoder.layer.7.attention.self.key.weight:weight_decay=0.05
06/21 22:55:43 - mmengine - INFO - paramwise_options -- backbone.text_model.model.encoder.layer.7.attention.self.key.weight:lr_mult=0.01
06/21 22:55:43 - mmengine - INFO - paramwise_options -- backbone.text_model.model.encoder.layer.7.attention.self.key.bias:num of params=768
06/21 22:55:43 - mmengine - INFO - paramwise_options -- backbone.text_model.model.encoder.layer.7.attention.self.key.bias:lr=2.0000000000000002e-07
06/21 22:55:43 - mmengine - INFO - paramwise_options -- backbone.text_model.model.encoder.layer.7.attention.self.key.bias:weight_decay=0.05
06/21 22:55:43 - mmengine - INFO - paramwise_options -- backbone.text_model.model.encoder.layer.7.attention.self.key.bias:lr_mult=0.01
06/21 22:55:43 - mmengine - INFO - paramwise_options -- backbone.text_model.model.encoder.layer.7.attention.self.value.weight:num of params=589824
06/21 22:55:43 - mmengine - INFO - paramwise_options -- backbone.text_model.model.encoder.layer.7.attention.self.value.weight:lr=2.0000000000000002e-07
06/21 22:55:43 - mmengine - INFO - paramwise_options -- backbone.text_model.model.encoder.layer.7.attention.self.value.weight:weight_decay=0.05
06/21 22:55:43 - mmengine - INFO - paramwise_options -- backbone.text_model.model.encoder.layer.7.attention.self.value.weight:lr_mult=0.01
06/21 22:55:43 - mmengine - INFO - paramwise_options -- backbone.text_model.model.encoder.layer.7.attention.self.value.bias:num of params=768
06/21 22:55:43 - mmengine - INFO - paramwise_options -- backbone.text_model.model.encoder.layer.7.attention.self.value.bias:lr=2.0000000000000002e-07
06/21 22:55:43 - mmengine - INFO - paramwise_options -- backbone.text_model.model.encoder.layer.7.attention.self.value.bias:weight_decay=0.05
06/21 22:55:43 - mmengine - INFO - paramwise_options -- backbone.text_model.model.encoder.layer.7.attention.self.value.bias:lr_mult=0.01
06/21 22:55:43 - mmengine - INFO - paramwise_options -- backbone.text_model.model.encoder.layer.7.attention.output.dense.weight:num of params=589824
06/21 22:55:43 - mmengine - INFO - paramwise_options -- backbone.text_model.model.encoder.layer.7.attention.output.dense.weight:lr=2.0000000000000002e-07
06/21 22:55:43 - mmengine - INFO - paramwise_options -- backbone.text_model.model.encoder.layer.7.attention.output.dense.weight:weight_decay=0.05
06/21 22:55:43 - mmengine - INFO - paramwise_options -- backbone.text_model.model.encoder.layer.7.attention.output.dense.weight:lr_mult=0.01
06/21 22:55:43 - mmengine - INFO - paramwise_options -- backbone.text_model.model.encoder.layer.7.attention.output.dense.bias:num of params=768
06/21 22:55:43 - mmengine - INFO - paramwise_options -- backbone.text_model.model.encoder.layer.7.attention.output.dense.bias:lr=2.0000000000000002e-07
06/21 22:55:43 - mmengine - INFO - paramwise_options -- backbone.text_model.model.encoder.layer.7.attention.output.dense.bias:weight_decay=0.05
06/21 22:55:43 - mmengine - INFO - paramwise_options -- backbone.text_model.model.encoder.layer.7.attention.output.dense.bias:lr_mult=0.01
06/21 22:55:43 - mmengine - INFO - paramwise_options -- backbone.text_model.model.encoder.layer.7.attention.output.LayerNorm.weight:num of params=768
06/21 22:55:43 - mmengine - INFO - paramwise_options -- backbone.text_model.model.encoder.layer.7.attention.output.LayerNorm.weight:lr=2.0000000000000002e-07
06/21 22:55:43 - mmengine - INFO - paramwise_options -- backbone.text_model.model.encoder.layer.7.attention.output.LayerNorm.weight:weight_decay=0.05
06/21 22:55:43 - mmengine - INFO - paramwise_options -- backbone.text_model.model.encoder.layer.7.attention.output.LayerNorm.weight:lr_mult=0.01
06/21 22:55:43 - mmengine - INFO - paramwise_options -- backbone.text_model.model.encoder.layer.7.attention.output.LayerNorm.bias:num of params=768
06/21 22:55:43 - mmengine - INFO - paramwise_options -- backbone.text_model.model.encoder.layer.7.attention.output.LayerNorm.bias:lr=2.0000000000000002e-07
06/21 22:55:43 - mmengine - INFO - paramwise_options -- backbone.text_model.model.encoder.layer.7.attention.output.LayerNorm.bias:weight_decay=0.05
06/21 22:55:43 - mmengine - INFO - paramwise_options -- backbone.text_model.model.encoder.layer.7.attention.output.LayerNorm.bias:lr_mult=0.01
06/21 22:55:43 - mmengine - INFO - paramwise_options -- backbone.text_model.model.encoder.layer.7.intermediate.dense.weight:num of params=2359296
06/21 22:55:43 - mmengine - INFO - paramwise_options -- backbone.text_model.model.encoder.layer.7.intermediate.dense.weight:lr=2.0000000000000002e-07
06/21 22:55:43 - mmengine - INFO - paramwise_options -- backbone.text_model.model.encoder.layer.7.intermediate.dense.weight:weight_decay=0.05
06/21 22:55:43 - mmengine - INFO - paramwise_options -- backbone.text_model.model.encoder.layer.7.intermediate.dense.weight:lr_mult=0.01
06/21 22:55:43 - mmengine - INFO - paramwise_options -- backbone.text_model.model.encoder.layer.7.intermediate.dense.bias:num of params=3072
06/21 22:55:43 - mmengine - INFO - paramwise_options -- backbone.text_model.model.encoder.layer.7.intermediate.dense.bias:lr=2.0000000000000002e-07
06/21 22:55:43 - mmengine - INFO - paramwise_options -- backbone.text_model.model.encoder.layer.7.intermediate.dense.bias:weight_decay=0.05
06/21 22:55:43 - mmengine - INFO - paramwise_options -- backbone.text_model.model.encoder.layer.7.intermediate.dense.bias:lr_mult=0.01
06/21 22:55:43 - mmengine - INFO - paramwise_options -- backbone.text_model.model.encoder.layer.7.output.dense.weight:num of params=2359296
06/21 22:55:43 - mmengine - INFO - paramwise_options -- backbone.text_model.model.encoder.layer.7.output.dense.weight:lr=2.0000000000000002e-07
06/21 22:55:43 - mmengine - INFO - paramwise_options -- backbone.text_model.model.encoder.layer.7.output.dense.weight:weight_decay=0.05
06/21 22:55:43 - mmengine - INFO - paramwise_options -- backbone.text_model.model.encoder.layer.7.output.dense.weight:lr_mult=0.01
06/21 22:55:43 - mmengine - INFO - paramwise_options -- backbone.text_model.model.encoder.layer.7.output.dense.bias:num of params=768
06/21 22:55:43 - mmengine - INFO - paramwise_options -- backbone.text_model.model.encoder.layer.7.output.dense.bias:lr=2.0000000000000002e-07
06/21 22:55:43 - mmengine - INFO - paramwise_options -- backbone.text_model.model.encoder.layer.7.output.dense.bias:weight_decay=0.05
06/21 22:55:43 - mmengine - INFO - paramwise_options -- backbone.text_model.model.encoder.layer.7.output.dense.bias:lr_mult=0.01
06/21 22:55:43 - mmengine - INFO - paramwise_options -- backbone.text_model.model.encoder.layer.7.output.LayerNorm.weight:num of params=768
06/21 22:55:43 - mmengine - INFO - paramwise_options -- backbone.text_model.model.encoder.layer.7.output.LayerNorm.weight:lr=2.0000000000000002e-07
06/21 22:55:43 - mmengine - INFO - paramwise_options -- backbone.text_model.model.encoder.layer.7.output.LayerNorm.weight:weight_decay=0.05
06/21 22:55:43 - mmengine - INFO - paramwise_options -- backbone.text_model.model.encoder.layer.7.output.LayerNorm.weight:lr_mult=0.01
06/21 22:55:43 - mmengine - INFO - paramwise_options -- backbone.text_model.model.encoder.layer.7.output.LayerNorm.bias:num of params=768
06/21 22:55:43 - mmengine - INFO - paramwise_options -- backbone.text_model.model.encoder.layer.7.output.LayerNorm.bias:lr=2.0000000000000002e-07
06/21 22:55:43 - mmengine - INFO - paramwise_options -- backbone.text_model.model.encoder.layer.7.output.LayerNorm.bias:weight_decay=0.05
06/21 22:55:43 - mmengine - INFO - paramwise_options -- backbone.text_model.model.encoder.layer.7.output.LayerNorm.bias:lr_mult=0.01
06/21 22:55:43 - mmengine - INFO - paramwise_options -- backbone.text_model.model.encoder.layer.8.attention.self.query.weight:num of params=589824
06/21 22:55:43 - mmengine - INFO - paramwise_options -- backbone.text_model.model.encoder.layer.8.attention.self.query.weight:lr=2.0000000000000002e-07
06/21 22:55:43 - mmengine - INFO - paramwise_options -- backbone.text_model.model.encoder.layer.8.attention.self.query.weight:weight_decay=0.05
06/21 22:55:43 - mmengine - INFO - paramwise_options -- backbone.text_model.model.encoder.layer.8.attention.self.query.weight:lr_mult=0.01
06/21 22:55:43 - mmengine - INFO - paramwise_options -- backbone.text_model.model.encoder.layer.8.attention.self.query.bias:num of params=768
06/21 22:55:43 - mmengine - INFO - paramwise_options -- backbone.text_model.model.encoder.layer.8.attention.self.query.bias:lr=2.0000000000000002e-07
06/21 22:55:43 - mmengine - INFO - paramwise_options -- backbone.text_model.model.encoder.layer.8.attention.self.query.bias:weight_decay=0.05
06/21 22:55:43 - mmengine - INFO - paramwise_options -- backbone.text_model.model.encoder.layer.8.attention.self.query.bias:lr_mult=0.01
06/21 22:55:43 - mmengine - INFO - paramwise_options -- backbone.text_model.model.encoder.layer.8.attention.self.key.weight:num of params=589824
06/21 22:55:43 - mmengine - INFO - paramwise_options -- backbone.text_model.model.encoder.layer.8.attention.self.key.weight:lr=2.0000000000000002e-07
06/21 22:55:43 - mmengine - INFO - paramwise_options -- backbone.text_model.model.encoder.layer.8.attention.self.key.weight:weight_decay=0.05
06/21 22:55:43 - mmengine - INFO - paramwise_options -- backbone.text_model.model.encoder.layer.8.attention.self.key.weight:lr_mult=0.01
06/21 22:55:43 - mmengine - INFO - paramwise_options -- backbone.text_model.model.encoder.layer.8.attention.self.key.bias:num of params=768
06/21 22:55:43 - mmengine - INFO - paramwise_options -- backbone.text_model.model.encoder.layer.8.attention.self.key.bias:lr=2.0000000000000002e-07
06/21 22:55:43 - mmengine - INFO - paramwise_options -- backbone.text_model.model.encoder.layer.8.attention.self.key.bias:weight_decay=0.05
06/21 22:55:43 - mmengine - INFO - paramwise_options -- backbone.text_model.model.encoder.layer.8.attention.self.key.bias:lr_mult=0.01
06/21 22:55:43 - mmengine - INFO - paramwise_options -- backbone.text_model.model.encoder.layer.8.attention.self.value.weight:num of params=589824
06/21 22:55:43 - mmengine - INFO - paramwise_options -- backbone.text_model.model.encoder.layer.8.attention.self.value.weight:lr=2.0000000000000002e-07
06/21 22:55:43 - mmengine - INFO - paramwise_options -- backbone.text_model.model.encoder.layer.8.attention.self.value.weight:weight_decay=0.05
06/21 22:55:43 - mmengine - INFO - paramwise_options -- backbone.text_model.model.encoder.layer.8.attention.self.value.weight:lr_mult=0.01
06/21 22:55:43 - mmengine - INFO - paramwise_options -- backbone.text_model.model.encoder.layer.8.attention.self.value.bias:num of params=768
06/21 22:55:43 - mmengine - INFO - paramwise_options -- backbone.text_model.model.encoder.layer.8.attention.self.value.bias:lr=2.0000000000000002e-07
06/21 22:55:43 - mmengine - INFO - paramwise_options -- backbone.text_model.model.encoder.layer.8.attention.self.value.bias:weight_decay=0.05
06/21 22:55:43 - mmengine - INFO - paramwise_options -- backbone.text_model.model.encoder.layer.8.attention.self.value.bias:lr_mult=0.01
06/21 22:55:43 - mmengine - INFO - paramwise_options -- backbone.text_model.model.encoder.layer.8.attention.output.dense.weight:num of params=589824
06/21 22:55:43 - mmengine - INFO - paramwise_options -- backbone.text_model.model.encoder.layer.8.attention.output.dense.weight:lr=2.0000000000000002e-07
06/21 22:55:43 - mmengine - INFO - paramwise_options -- backbone.text_model.model.encoder.layer.8.attention.output.dense.weight:weight_decay=0.05
06/21 22:55:43 - mmengine - INFO - paramwise_options -- backbone.text_model.model.encoder.layer.8.attention.output.dense.weight:lr_mult=0.01
06/21 22:55:43 - mmengine - INFO - paramwise_options -- backbone.text_model.model.encoder.layer.8.attention.output.dense.bias:num of params=768
06/21 22:55:43 - mmengine - INFO - paramwise_options -- backbone.text_model.model.encoder.layer.8.attention.output.dense.bias:lr=2.0000000000000002e-07
06/21 22:55:43 - mmengine - INFO - paramwise_options -- backbone.text_model.model.encoder.layer.8.attention.output.dense.bias:weight_decay=0.05
06/21 22:55:43 - mmengine - INFO - paramwise_options -- backbone.text_model.model.encoder.layer.8.attention.output.dense.bias:lr_mult=0.01
06/21 22:55:43 - mmengine - INFO - paramwise_options -- backbone.text_model.model.encoder.layer.8.attention.output.LayerNorm.weight:num of params=768
06/21 22:55:43 - mmengine - INFO - paramwise_options -- backbone.text_model.model.encoder.layer.8.attention.output.LayerNorm.weight:lr=2.0000000000000002e-07
06/21 22:55:43 - mmengine - INFO - paramwise_options -- backbone.text_model.model.encoder.layer.8.attention.output.LayerNorm.weight:weight_decay=0.05
06/21 22:55:43 - mmengine - INFO - paramwise_options -- backbone.text_model.model.encoder.layer.8.attention.output.LayerNorm.weight:lr_mult=0.01
06/21 22:55:43 - mmengine - INFO - paramwise_options -- backbone.text_model.model.encoder.layer.8.attention.output.LayerNorm.bias:num of params=768
06/21 22:55:43 - mmengine - INFO - paramwise_options -- backbone.text_model.model.encoder.layer.8.attention.output.LayerNorm.bias:lr=2.0000000000000002e-07
06/21 22:55:43 - mmengine - INFO - paramwise_options -- backbone.text_model.model.encoder.layer.8.attention.output.LayerNorm.bias:weight_decay=0.05
06/21 22:55:43 - mmengine - INFO - paramwise_options -- backbone.text_model.model.encoder.layer.8.attention.output.LayerNorm.bias:lr_mult=0.01
06/21 22:55:43 - mmengine - INFO - paramwise_options -- backbone.text_model.model.encoder.layer.8.intermediate.dense.weight:num of params=2359296
06/21 22:55:43 - mmengine - INFO - paramwise_options -- backbone.text_model.model.encoder.layer.8.intermediate.dense.weight:lr=2.0000000000000002e-07
06/21 22:55:43 - mmengine - INFO - paramwise_options -- backbone.text_model.model.encoder.layer.8.intermediate.dense.weight:weight_decay=0.05
06/21 22:55:43 - mmengine - INFO - paramwise_options -- backbone.text_model.model.encoder.layer.8.intermediate.dense.weight:lr_mult=0.01
06/21 22:55:43 - mmengine - INFO - paramwise_options -- backbone.text_model.model.encoder.layer.8.intermediate.dense.bias:num of params=3072
06/21 22:55:43 - mmengine - INFO - paramwise_options -- backbone.text_model.model.encoder.layer.8.intermediate.dense.bias:lr=2.0000000000000002e-07
06/21 22:55:43 - mmengine - INFO - paramwise_options -- backbone.text_model.model.encoder.layer.8.intermediate.dense.bias:weight_decay=0.05
06/21 22:55:43 - mmengine - INFO - paramwise_options -- backbone.text_model.model.encoder.layer.8.intermediate.dense.bias:lr_mult=0.01
06/21 22:55:43 - mmengine - INFO - paramwise_options -- backbone.text_model.model.encoder.layer.8.output.dense.weight:num of params=2359296
06/21 22:55:43 - mmengine - INFO - paramwise_options -- backbone.text_model.model.encoder.layer.8.output.dense.weight:lr=2.0000000000000002e-07
06/21 22:55:43 - mmengine - INFO - paramwise_options -- backbone.text_model.model.encoder.layer.8.output.dense.weight:weight_decay=0.05
06/21 22:55:43 - mmengine - INFO - paramwise_options -- backbone.text_model.model.encoder.layer.8.output.dense.weight:lr_mult=0.01
06/21 22:55:43 - mmengine - INFO - paramwise_options -- backbone.text_model.model.encoder.layer.8.output.dense.bias:num of params=768
06/21 22:55:43 - mmengine - INFO - paramwise_options -- backbone.text_model.model.encoder.layer.8.output.dense.bias:lr=2.0000000000000002e-07
06/21 22:55:43 - mmengine - INFO - paramwise_options -- backbone.text_model.model.encoder.layer.8.output.dense.bias:weight_decay=0.05
06/21 22:55:43 - mmengine - INFO - paramwise_options -- backbone.text_model.model.encoder.layer.8.output.dense.bias:lr_mult=0.01
06/21 22:55:43 - mmengine - INFO - paramwise_options -- backbone.text_model.model.encoder.layer.8.output.LayerNorm.weight:num of params=768
06/21 22:55:43 - mmengine - INFO - paramwise_options -- backbone.text_model.model.encoder.layer.8.output.LayerNorm.weight:lr=2.0000000000000002e-07
06/21 22:55:43 - mmengine - INFO - paramwise_options -- backbone.text_model.model.encoder.layer.8.output.LayerNorm.weight:weight_decay=0.05
06/21 22:55:43 - mmengine - INFO - paramwise_options -- backbone.text_model.model.encoder.layer.8.output.LayerNorm.weight:lr_mult=0.01
06/21 22:55:43 - mmengine - INFO - paramwise_options -- backbone.text_model.model.encoder.layer.8.output.LayerNorm.bias:num of params=768
06/21 22:55:43 - mmengine - INFO - paramwise_options -- backbone.text_model.model.encoder.layer.8.output.LayerNorm.bias:lr=2.0000000000000002e-07
06/21 22:55:43 - mmengine - INFO - paramwise_options -- backbone.text_model.model.encoder.layer.8.output.LayerNorm.bias:weight_decay=0.05
06/21 22:55:43 - mmengine - INFO - paramwise_options -- backbone.text_model.model.encoder.layer.8.output.LayerNorm.bias:lr_mult=0.01
06/21 22:55:43 - mmengine - INFO - paramwise_options -- backbone.text_model.model.encoder.layer.9.attention.self.query.weight:num of params=589824
06/21 22:55:43 - mmengine - INFO - paramwise_options -- backbone.text_model.model.encoder.layer.9.attention.self.query.weight:lr=2.0000000000000002e-07
06/21 22:55:43 - mmengine - INFO - paramwise_options -- backbone.text_model.model.encoder.layer.9.attention.self.query.weight:weight_decay=0.05
06/21 22:55:43 - mmengine - INFO - paramwise_options -- backbone.text_model.model.encoder.layer.9.attention.self.query.weight:lr_mult=0.01
06/21 22:55:43 - mmengine - INFO - paramwise_options -- backbone.text_model.model.encoder.layer.9.attention.self.query.bias:num of params=768
06/21 22:55:43 - mmengine - INFO - paramwise_options -- backbone.text_model.model.encoder.layer.9.attention.self.query.bias:lr=2.0000000000000002e-07
06/21 22:55:43 - mmengine - INFO - paramwise_options -- backbone.text_model.model.encoder.layer.9.attention.self.query.bias:weight_decay=0.05
06/21 22:55:43 - mmengine - INFO - paramwise_options -- backbone.text_model.model.encoder.layer.9.attention.self.query.bias:lr_mult=0.01
06/21 22:55:43 - mmengine - INFO - paramwise_options -- backbone.text_model.model.encoder.layer.9.attention.self.key.weight:num of params=589824
06/21 22:55:43 - mmengine - INFO - paramwise_options -- backbone.text_model.model.encoder.layer.9.attention.self.key.weight:lr=2.0000000000000002e-07
06/21 22:55:43 - mmengine - INFO - paramwise_options -- backbone.text_model.model.encoder.layer.9.attention.self.key.weight:weight_decay=0.05
06/21 22:55:43 - mmengine - INFO - paramwise_options -- backbone.text_model.model.encoder.layer.9.attention.self.key.weight:lr_mult=0.01
06/21 22:55:43 - mmengine - INFO - paramwise_options -- backbone.text_model.model.encoder.layer.9.attention.self.key.bias:num of params=768
06/21 22:55:43 - mmengine - INFO - paramwise_options -- backbone.text_model.model.encoder.layer.9.attention.self.key.bias:lr=2.0000000000000002e-07
06/21 22:55:43 - mmengine - INFO - paramwise_options -- backbone.text_model.model.encoder.layer.9.attention.self.key.bias:weight_decay=0.05
06/21 22:55:43 - mmengine - INFO - paramwise_options -- backbone.text_model.model.encoder.layer.9.attention.self.key.bias:lr_mult=0.01
06/21 22:55:43 - mmengine - INFO - paramwise_options -- backbone.text_model.model.encoder.layer.9.attention.self.value.weight:num of params=589824
06/21 22:55:43 - mmengine - INFO - paramwise_options -- backbone.text_model.model.encoder.layer.9.attention.self.value.weight:lr=2.0000000000000002e-07
06/21 22:55:43 - mmengine - INFO - paramwise_options -- backbone.text_model.model.encoder.layer.9.attention.self.value.weight:weight_decay=0.05
06/21 22:55:43 - mmengine - INFO - paramwise_options -- backbone.text_model.model.encoder.layer.9.attention.self.value.weight:lr_mult=0.01
06/21 22:55:43 - mmengine - INFO - paramwise_options -- backbone.text_model.model.encoder.layer.9.attention.self.value.bias:num of params=768
06/21 22:55:43 - mmengine - INFO - paramwise_options -- backbone.text_model.model.encoder.layer.9.attention.self.value.bias:lr=2.0000000000000002e-07
06/21 22:55:43 - mmengine - INFO - paramwise_options -- backbone.text_model.model.encoder.layer.9.attention.self.value.bias:weight_decay=0.05
06/21 22:55:43 - mmengine - INFO - paramwise_options -- backbone.text_model.model.encoder.layer.9.attention.self.value.bias:lr_mult=0.01
06/21 22:55:43 - mmengine - INFO - paramwise_options -- backbone.text_model.model.encoder.layer.9.attention.output.dense.weight:num of params=589824
06/21 22:55:43 - mmengine - INFO - paramwise_options -- backbone.text_model.model.encoder.layer.9.attention.output.dense.weight:lr=2.0000000000000002e-07
06/21 22:55:43 - mmengine - INFO - paramwise_options -- backbone.text_model.model.encoder.layer.9.attention.output.dense.weight:weight_decay=0.05
06/21 22:55:43 - mmengine - INFO - paramwise_options -- backbone.text_model.model.encoder.layer.9.attention.output.dense.weight:lr_mult=0.01
06/21 22:55:43 - mmengine - INFO - paramwise_options -- backbone.text_model.model.encoder.layer.9.attention.output.dense.bias:num of params=768
06/21 22:55:43 - mmengine - INFO - paramwise_options -- backbone.text_model.model.encoder.layer.9.attention.output.dense.bias:lr=2.0000000000000002e-07
06/21 22:55:43 - mmengine - INFO - paramwise_options -- backbone.text_model.model.encoder.layer.9.attention.output.dense.bias:weight_decay=0.05
06/21 22:55:43 - mmengine - INFO - paramwise_options -- backbone.text_model.model.encoder.layer.9.attention.output.dense.bias:lr_mult=0.01
06/21 22:55:43 - mmengine - INFO - paramwise_options -- backbone.text_model.model.encoder.layer.9.attention.output.LayerNorm.weight:num of params=768
06/21 22:55:43 - mmengine - INFO - paramwise_options -- backbone.text_model.model.encoder.layer.9.attention.output.LayerNorm.weight:lr=2.0000000000000002e-07
06/21 22:55:43 - mmengine - INFO - paramwise_options -- backbone.text_model.model.encoder.layer.9.attention.output.LayerNorm.weight:weight_decay=0.05
06/21 22:55:43 - mmengine - INFO - paramwise_options -- backbone.text_model.model.encoder.layer.9.attention.output.LayerNorm.weight:lr_mult=0.01
06/21 22:55:43 - mmengine - INFO - paramwise_options -- backbone.text_model.model.encoder.layer.9.attention.output.LayerNorm.bias:num of params=768
06/21 22:55:43 - mmengine - INFO - paramwise_options -- backbone.text_model.model.encoder.layer.9.attention.output.LayerNorm.bias:lr=2.0000000000000002e-07
06/21 22:55:43 - mmengine - INFO - paramwise_options -- backbone.text_model.model.encoder.layer.9.attention.output.LayerNorm.bias:weight_decay=0.05
06/21 22:55:43 - mmengine - INFO - paramwise_options -- backbone.text_model.model.encoder.layer.9.attention.output.LayerNorm.bias:lr_mult=0.01
06/21 22:55:43 - mmengine - INFO - paramwise_options -- backbone.text_model.model.encoder.layer.9.intermediate.dense.weight:num of params=2359296
06/21 22:55:43 - mmengine - INFO - paramwise_options -- backbone.text_model.model.encoder.layer.9.intermediate.dense.weight:lr=2.0000000000000002e-07
06/21 22:55:43 - mmengine - INFO - paramwise_options -- backbone.text_model.model.encoder.layer.9.intermediate.dense.weight:weight_decay=0.05
06/21 22:55:43 - mmengine - INFO - paramwise_options -- backbone.text_model.model.encoder.layer.9.intermediate.dense.weight:lr_mult=0.01
06/21 22:55:43 - mmengine - INFO - paramwise_options -- backbone.text_model.model.encoder.layer.9.intermediate.dense.bias:num of params=3072
06/21 22:55:43 - mmengine - INFO - paramwise_options -- backbone.text_model.model.encoder.layer.9.intermediate.dense.bias:lr=2.0000000000000002e-07
06/21 22:55:43 - mmengine - INFO - paramwise_options -- backbone.text_model.model.encoder.layer.9.intermediate.dense.bias:weight_decay=0.05
06/21 22:55:43 - mmengine - INFO - paramwise_options -- backbone.text_model.model.encoder.layer.9.intermediate.dense.bias:lr_mult=0.01
06/21 22:55:43 - mmengine - INFO - paramwise_options -- backbone.text_model.model.encoder.layer.9.output.dense.weight:num of params=2359296
06/21 22:55:43 - mmengine - INFO - paramwise_options -- backbone.text_model.model.encoder.layer.9.output.dense.weight:lr=2.0000000000000002e-07
06/21 22:55:43 - mmengine - INFO - paramwise_options -- backbone.text_model.model.encoder.layer.9.output.dense.weight:weight_decay=0.05
06/21 22:55:43 - mmengine - INFO - paramwise_options -- backbone.text_model.model.encoder.layer.9.output.dense.weight:lr_mult=0.01
06/21 22:55:43 - mmengine - INFO - paramwise_options -- backbone.text_model.model.encoder.layer.9.output.dense.bias:num of params=768
06/21 22:55:43 - mmengine - INFO - paramwise_options -- backbone.text_model.model.encoder.layer.9.output.dense.bias:lr=2.0000000000000002e-07
06/21 22:55:43 - mmengine - INFO - paramwise_options -- backbone.text_model.model.encoder.layer.9.output.dense.bias:weight_decay=0.05
06/21 22:55:43 - mmengine - INFO - paramwise_options -- backbone.text_model.model.encoder.layer.9.output.dense.bias:lr_mult=0.01
06/21 22:55:43 - mmengine - INFO - paramwise_options -- backbone.text_model.model.encoder.layer.9.output.LayerNorm.weight:num of params=768
06/21 22:55:43 - mmengine - INFO - paramwise_options -- backbone.text_model.model.encoder.layer.9.output.LayerNorm.weight:lr=2.0000000000000002e-07
06/21 22:55:43 - mmengine - INFO - paramwise_options -- backbone.text_model.model.encoder.layer.9.output.LayerNorm.weight:weight_decay=0.05
06/21 22:55:43 - mmengine - INFO - paramwise_options -- backbone.text_model.model.encoder.layer.9.output.LayerNorm.weight:lr_mult=0.01
06/21 22:55:43 - mmengine - INFO - paramwise_options -- backbone.text_model.model.encoder.layer.9.output.LayerNorm.bias:num of params=768
06/21 22:55:43 - mmengine - INFO - paramwise_options -- backbone.text_model.model.encoder.layer.9.output.LayerNorm.bias:lr=2.0000000000000002e-07
06/21 22:55:43 - mmengine - INFO - paramwise_options -- backbone.text_model.model.encoder.layer.9.output.LayerNorm.bias:weight_decay=0.05
06/21 22:55:43 - mmengine - INFO - paramwise_options -- backbone.text_model.model.encoder.layer.9.output.LayerNorm.bias:lr_mult=0.01
06/21 22:55:43 - mmengine - INFO - paramwise_options -- backbone.text_model.model.encoder.layer.10.attention.self.query.weight:num of params=589824
06/21 22:55:43 - mmengine - INFO - paramwise_options -- backbone.text_model.model.encoder.layer.10.attention.self.query.weight:lr=2.0000000000000002e-07
06/21 22:55:43 - mmengine - INFO - paramwise_options -- backbone.text_model.model.encoder.layer.10.attention.self.query.weight:weight_decay=0.05
06/21 22:55:43 - mmengine - INFO - paramwise_options -- backbone.text_model.model.encoder.layer.10.attention.self.query.weight:lr_mult=0.01
06/21 22:55:43 - mmengine - INFO - paramwise_options -- backbone.text_model.model.encoder.layer.10.attention.self.query.bias:num of params=768
06/21 22:55:43 - mmengine - INFO - paramwise_options -- backbone.text_model.model.encoder.layer.10.attention.self.query.bias:lr=2.0000000000000002e-07
06/21 22:55:43 - mmengine - INFO - paramwise_options -- backbone.text_model.model.encoder.layer.10.attention.self.query.bias:weight_decay=0.05
06/21 22:55:43 - mmengine - INFO - paramwise_options -- backbone.text_model.model.encoder.layer.10.attention.self.query.bias:lr_mult=0.01
06/21 22:55:43 - mmengine - INFO - paramwise_options -- backbone.text_model.model.encoder.layer.10.attention.self.key.weight:num of params=589824
06/21 22:55:43 - mmengine - INFO - paramwise_options -- backbone.text_model.model.encoder.layer.10.attention.self.key.weight:lr=2.0000000000000002e-07
06/21 22:55:43 - mmengine - INFO - paramwise_options -- backbone.text_model.model.encoder.layer.10.attention.self.key.weight:weight_decay=0.05
06/21 22:55:43 - mmengine - INFO - paramwise_options -- backbone.text_model.model.encoder.layer.10.attention.self.key.weight:lr_mult=0.01
06/21 22:55:43 - mmengine - INFO - paramwise_options -- backbone.text_model.model.encoder.layer.10.attention.self.key.bias:num of params=768
06/21 22:55:43 - mmengine - INFO - paramwise_options -- backbone.text_model.model.encoder.layer.10.attention.self.key.bias:lr=2.0000000000000002e-07
06/21 22:55:43 - mmengine - INFO - paramwise_options -- backbone.text_model.model.encoder.layer.10.attention.self.key.bias:weight_decay=0.05
06/21 22:55:43 - mmengine - INFO - paramwise_options -- backbone.text_model.model.encoder.layer.10.attention.self.key.bias:lr_mult=0.01
06/21 22:55:43 - mmengine - INFO - paramwise_options -- backbone.text_model.model.encoder.layer.10.attention.self.value.weight:num of params=589824
06/21 22:55:43 - mmengine - INFO - paramwise_options -- backbone.text_model.model.encoder.layer.10.attention.self.value.weight:lr=2.0000000000000002e-07
06/21 22:55:43 - mmengine - INFO - paramwise_options -- backbone.text_model.model.encoder.layer.10.attention.self.value.weight:weight_decay=0.05
06/21 22:55:43 - mmengine - INFO - paramwise_options -- backbone.text_model.model.encoder.layer.10.attention.self.value.weight:lr_mult=0.01
06/21 22:55:43 - mmengine - INFO - paramwise_options -- backbone.text_model.model.encoder.layer.10.attention.self.value.bias:num of params=768
06/21 22:55:43 - mmengine - INFO - paramwise_options -- backbone.text_model.model.encoder.layer.10.attention.self.value.bias:lr=2.0000000000000002e-07
06/21 22:55:43 - mmengine - INFO - paramwise_options -- backbone.text_model.model.encoder.layer.10.attention.self.value.bias:weight_decay=0.05
06/21 22:55:43 - mmengine - INFO - paramwise_options -- backbone.text_model.model.encoder.layer.10.attention.self.value.bias:lr_mult=0.01
06/21 22:55:43 - mmengine - INFO - paramwise_options -- backbone.text_model.model.encoder.layer.10.attention.output.dense.weight:num of params=589824
06/21 22:55:43 - mmengine - INFO - paramwise_options -- backbone.text_model.model.encoder.layer.10.attention.output.dense.weight:lr=2.0000000000000002e-07
06/21 22:55:43 - mmengine - INFO - paramwise_options -- backbone.text_model.model.encoder.layer.10.attention.output.dense.weight:weight_decay=0.05
06/21 22:55:43 - mmengine - INFO - paramwise_options -- backbone.text_model.model.encoder.layer.10.attention.output.dense.weight:lr_mult=0.01
06/21 22:55:43 - mmengine - INFO - paramwise_options -- backbone.text_model.model.encoder.layer.10.attention.output.dense.bias:num of params=768
06/21 22:55:43 - mmengine - INFO - paramwise_options -- backbone.text_model.model.encoder.layer.10.attention.output.dense.bias:lr=2.0000000000000002e-07
06/21 22:55:43 - mmengine - INFO - paramwise_options -- backbone.text_model.model.encoder.layer.10.attention.output.dense.bias:weight_decay=0.05
06/21 22:55:43 - mmengine - INFO - paramwise_options -- backbone.text_model.model.encoder.layer.10.attention.output.dense.bias:lr_mult=0.01
06/21 22:55:43 - mmengine - INFO - paramwise_options -- backbone.text_model.model.encoder.layer.10.attention.output.LayerNorm.weight:num of params=768
06/21 22:55:43 - mmengine - INFO - paramwise_options -- backbone.text_model.model.encoder.layer.10.attention.output.LayerNorm.weight:lr=2.0000000000000002e-07
06/21 22:55:43 - mmengine - INFO - paramwise_options -- backbone.text_model.model.encoder.layer.10.attention.output.LayerNorm.weight:weight_decay=0.05
06/21 22:55:43 - mmengine - INFO - paramwise_options -- backbone.text_model.model.encoder.layer.10.attention.output.LayerNorm.weight:lr_mult=0.01
06/21 22:55:43 - mmengine - INFO - paramwise_options -- backbone.text_model.model.encoder.layer.10.attention.output.LayerNorm.bias:num of params=768
06/21 22:55:43 - mmengine - INFO - paramwise_options -- backbone.text_model.model.encoder.layer.10.attention.output.LayerNorm.bias:lr=2.0000000000000002e-07
06/21 22:55:43 - mmengine - INFO - paramwise_options -- backbone.text_model.model.encoder.layer.10.attention.output.LayerNorm.bias:weight_decay=0.05
06/21 22:55:43 - mmengine - INFO - paramwise_options -- backbone.text_model.model.encoder.layer.10.attention.output.LayerNorm.bias:lr_mult=0.01
06/21 22:55:43 - mmengine - INFO - paramwise_options -- backbone.text_model.model.encoder.layer.10.intermediate.dense.weight:num of params=2359296
06/21 22:55:43 - mmengine - INFO - paramwise_options -- backbone.text_model.model.encoder.layer.10.intermediate.dense.weight:lr=2.0000000000000002e-07
06/21 22:55:43 - mmengine - INFO - paramwise_options -- backbone.text_model.model.encoder.layer.10.intermediate.dense.weight:weight_decay=0.05
06/21 22:55:43 - mmengine - INFO - paramwise_options -- backbone.text_model.model.encoder.layer.10.intermediate.dense.weight:lr_mult=0.01
06/21 22:55:43 - mmengine - INFO - paramwise_options -- backbone.text_model.model.encoder.layer.10.intermediate.dense.bias:num of params=3072
06/21 22:55:43 - mmengine - INFO - paramwise_options -- backbone.text_model.model.encoder.layer.10.intermediate.dense.bias:lr=2.0000000000000002e-07
06/21 22:55:43 - mmengine - INFO - paramwise_options -- backbone.text_model.model.encoder.layer.10.intermediate.dense.bias:weight_decay=0.05
06/21 22:55:43 - mmengine - INFO - paramwise_options -- backbone.text_model.model.encoder.layer.10.intermediate.dense.bias:lr_mult=0.01
06/21 22:55:43 - mmengine - INFO - paramwise_options -- backbone.text_model.model.encoder.layer.10.output.dense.weight:num of params=2359296
06/21 22:55:43 - mmengine - INFO - paramwise_options -- backbone.text_model.model.encoder.layer.10.output.dense.weight:lr=2.0000000000000002e-07
06/21 22:55:43 - mmengine - INFO - paramwise_options -- backbone.text_model.model.encoder.layer.10.output.dense.weight:weight_decay=0.05
06/21 22:55:43 - mmengine - INFO - paramwise_options -- backbone.text_model.model.encoder.layer.10.output.dense.weight:lr_mult=0.01
06/21 22:55:43 - mmengine - INFO - paramwise_options -- backbone.text_model.model.encoder.layer.10.output.dense.bias:num of params=768
06/21 22:55:43 - mmengine - INFO - paramwise_options -- backbone.text_model.model.encoder.layer.10.output.dense.bias:lr=2.0000000000000002e-07
06/21 22:55:43 - mmengine - INFO - paramwise_options -- backbone.text_model.model.encoder.layer.10.output.dense.bias:weight_decay=0.05
06/21 22:55:43 - mmengine - INFO - paramwise_options -- backbone.text_model.model.encoder.layer.10.output.dense.bias:lr_mult=0.01
06/21 22:55:43 - mmengine - INFO - paramwise_options -- backbone.text_model.model.encoder.layer.10.output.LayerNorm.weight:num of params=768
06/21 22:55:43 - mmengine - INFO - paramwise_options -- backbone.text_model.model.encoder.layer.10.output.LayerNorm.weight:lr=2.0000000000000002e-07
06/21 22:55:43 - mmengine - INFO - paramwise_options -- backbone.text_model.model.encoder.layer.10.output.LayerNorm.weight:weight_decay=0.05
06/21 22:55:43 - mmengine - INFO - paramwise_options -- backbone.text_model.model.encoder.layer.10.output.LayerNorm.weight:lr_mult=0.01
06/21 22:55:43 - mmengine - INFO - paramwise_options -- backbone.text_model.model.encoder.layer.10.output.LayerNorm.bias:num of params=768
06/21 22:55:43 - mmengine - INFO - paramwise_options -- backbone.text_model.model.encoder.layer.10.output.LayerNorm.bias:lr=2.0000000000000002e-07
06/21 22:55:43 - mmengine - INFO - paramwise_options -- backbone.text_model.model.encoder.layer.10.output.LayerNorm.bias:weight_decay=0.05
06/21 22:55:43 - mmengine - INFO - paramwise_options -- backbone.text_model.model.encoder.layer.10.output.LayerNorm.bias:lr_mult=0.01
06/21 22:55:43 - mmengine - INFO - paramwise_options -- backbone.text_model.model.encoder.layer.11.attention.self.query.weight:num of params=589824
06/21 22:55:43 - mmengine - INFO - paramwise_options -- backbone.text_model.model.encoder.layer.11.attention.self.query.weight:lr=2.0000000000000002e-07
06/21 22:55:43 - mmengine - INFO - paramwise_options -- backbone.text_model.model.encoder.layer.11.attention.self.query.weight:weight_decay=0.05
06/21 22:55:43 - mmengine - INFO - paramwise_options -- backbone.text_model.model.encoder.layer.11.attention.self.query.weight:lr_mult=0.01
06/21 22:55:43 - mmengine - INFO - paramwise_options -- backbone.text_model.model.encoder.layer.11.attention.self.query.bias:num of params=768
06/21 22:55:43 - mmengine - INFO - paramwise_options -- backbone.text_model.model.encoder.layer.11.attention.self.query.bias:lr=2.0000000000000002e-07
06/21 22:55:43 - mmengine - INFO - paramwise_options -- backbone.text_model.model.encoder.layer.11.attention.self.query.bias:weight_decay=0.05
06/21 22:55:43 - mmengine - INFO - paramwise_options -- backbone.text_model.model.encoder.layer.11.attention.self.query.bias:lr_mult=0.01
06/21 22:55:43 - mmengine - INFO - paramwise_options -- backbone.text_model.model.encoder.layer.11.attention.self.key.weight:num of params=589824
06/21 22:55:43 - mmengine - INFO - paramwise_options -- backbone.text_model.model.encoder.layer.11.attention.self.key.weight:lr=2.0000000000000002e-07
06/21 22:55:43 - mmengine - INFO - paramwise_options -- backbone.text_model.model.encoder.layer.11.attention.self.key.weight:weight_decay=0.05
06/21 22:55:43 - mmengine - INFO - paramwise_options -- backbone.text_model.model.encoder.layer.11.attention.self.key.weight:lr_mult=0.01
06/21 22:55:43 - mmengine - INFO - paramwise_options -- backbone.text_model.model.encoder.layer.11.attention.self.key.bias:num of params=768
06/21 22:55:43 - mmengine - INFO - paramwise_options -- backbone.text_model.model.encoder.layer.11.attention.self.key.bias:lr=2.0000000000000002e-07
06/21 22:55:43 - mmengine - INFO - paramwise_options -- backbone.text_model.model.encoder.layer.11.attention.self.key.bias:weight_decay=0.05
06/21 22:55:43 - mmengine - INFO - paramwise_options -- backbone.text_model.model.encoder.layer.11.attention.self.key.bias:lr_mult=0.01
06/21 22:55:43 - mmengine - INFO - paramwise_options -- backbone.text_model.model.encoder.layer.11.attention.self.value.weight:num of params=589824
06/21 22:55:43 - mmengine - INFO - paramwise_options -- backbone.text_model.model.encoder.layer.11.attention.self.value.weight:lr=2.0000000000000002e-07
06/21 22:55:43 - mmengine - INFO - paramwise_options -- backbone.text_model.model.encoder.layer.11.attention.self.value.weight:weight_decay=0.05
06/21 22:55:43 - mmengine - INFO - paramwise_options -- backbone.text_model.model.encoder.layer.11.attention.self.value.weight:lr_mult=0.01
06/21 22:55:43 - mmengine - INFO - paramwise_options -- backbone.text_model.model.encoder.layer.11.attention.self.value.bias:num of params=768
06/21 22:55:43 - mmengine - INFO - paramwise_options -- backbone.text_model.model.encoder.layer.11.attention.self.value.bias:lr=2.0000000000000002e-07
06/21 22:55:43 - mmengine - INFO - paramwise_options -- backbone.text_model.model.encoder.layer.11.attention.self.value.bias:weight_decay=0.05
06/21 22:55:43 - mmengine - INFO - paramwise_options -- backbone.text_model.model.encoder.layer.11.attention.self.value.bias:lr_mult=0.01
06/21 22:55:43 - mmengine - INFO - paramwise_options -- backbone.text_model.model.encoder.layer.11.attention.output.dense.weight:num of params=589824
06/21 22:55:43 - mmengine - INFO - paramwise_options -- backbone.text_model.model.encoder.layer.11.attention.output.dense.weight:lr=2.0000000000000002e-07
06/21 22:55:43 - mmengine - INFO - paramwise_options -- backbone.text_model.model.encoder.layer.11.attention.output.dense.weight:weight_decay=0.05
06/21 22:55:43 - mmengine - INFO - paramwise_options -- backbone.text_model.model.encoder.layer.11.attention.output.dense.weight:lr_mult=0.01
06/21 22:55:43 - mmengine - INFO - paramwise_options -- backbone.text_model.model.encoder.layer.11.attention.output.dense.bias:num of params=768
06/21 22:55:43 - mmengine - INFO - paramwise_options -- backbone.text_model.model.encoder.layer.11.attention.output.dense.bias:lr=2.0000000000000002e-07
06/21 22:55:43 - mmengine - INFO - paramwise_options -- backbone.text_model.model.encoder.layer.11.attention.output.dense.bias:weight_decay=0.05
06/21 22:55:43 - mmengine - INFO - paramwise_options -- backbone.text_model.model.encoder.layer.11.attention.output.dense.bias:lr_mult=0.01
06/21 22:55:43 - mmengine - INFO - paramwise_options -- backbone.text_model.model.encoder.layer.11.attention.output.LayerNorm.weight:num of params=768
06/21 22:55:43 - mmengine - INFO - paramwise_options -- backbone.text_model.model.encoder.layer.11.attention.output.LayerNorm.weight:lr=2.0000000000000002e-07
06/21 22:55:43 - mmengine - INFO - paramwise_options -- backbone.text_model.model.encoder.layer.11.attention.output.LayerNorm.weight:weight_decay=0.05
06/21 22:55:43 - mmengine - INFO - paramwise_options -- backbone.text_model.model.encoder.layer.11.attention.output.LayerNorm.weight:lr_mult=0.01
06/21 22:55:43 - mmengine - INFO - paramwise_options -- backbone.text_model.model.encoder.layer.11.attention.output.LayerNorm.bias:num of params=768
06/21 22:55:43 - mmengine - INFO - paramwise_options -- backbone.text_model.model.encoder.layer.11.attention.output.LayerNorm.bias:lr=2.0000000000000002e-07
06/21 22:55:43 - mmengine - INFO - paramwise_options -- backbone.text_model.model.encoder.layer.11.attention.output.LayerNorm.bias:weight_decay=0.05
06/21 22:55:43 - mmengine - INFO - paramwise_options -- backbone.text_model.model.encoder.layer.11.attention.output.LayerNorm.bias:lr_mult=0.01
06/21 22:55:43 - mmengine - INFO - paramwise_options -- backbone.text_model.model.encoder.layer.11.intermediate.dense.weight:num of params=2359296
06/21 22:55:43 - mmengine - INFO - paramwise_options -- backbone.text_model.model.encoder.layer.11.intermediate.dense.weight:lr=2.0000000000000002e-07
06/21 22:55:43 - mmengine - INFO - paramwise_options -- backbone.text_model.model.encoder.layer.11.intermediate.dense.weight:weight_decay=0.05
06/21 22:55:43 - mmengine - INFO - paramwise_options -- backbone.text_model.model.encoder.layer.11.intermediate.dense.weight:lr_mult=0.01
06/21 22:55:43 - mmengine - INFO - paramwise_options -- backbone.text_model.model.encoder.layer.11.intermediate.dense.bias:num of params=3072
06/21 22:55:43 - mmengine - INFO - paramwise_options -- backbone.text_model.model.encoder.layer.11.intermediate.dense.bias:lr=2.0000000000000002e-07
06/21 22:55:43 - mmengine - INFO - paramwise_options -- backbone.text_model.model.encoder.layer.11.intermediate.dense.bias:weight_decay=0.05
06/21 22:55:43 - mmengine - INFO - paramwise_options -- backbone.text_model.model.encoder.layer.11.intermediate.dense.bias:lr_mult=0.01
06/21 22:55:43 - mmengine - INFO - paramwise_options -- backbone.text_model.model.encoder.layer.11.output.dense.weight:num of params=2359296
06/21 22:55:43 - mmengine - INFO - paramwise_options -- backbone.text_model.model.encoder.layer.11.output.dense.weight:lr=2.0000000000000002e-07
06/21 22:55:43 - mmengine - INFO - paramwise_options -- backbone.text_model.model.encoder.layer.11.output.dense.weight:weight_decay=0.05
06/21 22:55:43 - mmengine - INFO - paramwise_options -- backbone.text_model.model.encoder.layer.11.output.dense.weight:lr_mult=0.01
06/21 22:55:43 - mmengine - INFO - paramwise_options -- backbone.text_model.model.encoder.layer.11.output.dense.bias:num of params=768
06/21 22:55:43 - mmengine - INFO - paramwise_options -- backbone.text_model.model.encoder.layer.11.output.dense.bias:lr=2.0000000000000002e-07
06/21 22:55:43 - mmengine - INFO - paramwise_options -- backbone.text_model.model.encoder.layer.11.output.dense.bias:weight_decay=0.05
06/21 22:55:43 - mmengine - INFO - paramwise_options -- backbone.text_model.model.encoder.layer.11.output.dense.bias:lr_mult=0.01
06/21 22:55:43 - mmengine - INFO - paramwise_options -- backbone.text_model.model.encoder.layer.11.output.LayerNorm.weight:num of params=768
06/21 22:55:43 - mmengine - INFO - paramwise_options -- backbone.text_model.model.encoder.layer.11.output.LayerNorm.weight:lr=2.0000000000000002e-07
06/21 22:55:43 - mmengine - INFO - paramwise_options -- backbone.text_model.model.encoder.layer.11.output.LayerNorm.weight:weight_decay=0.05
06/21 22:55:43 - mmengine - INFO - paramwise_options -- backbone.text_model.model.encoder.layer.11.output.LayerNorm.weight:lr_mult=0.01
06/21 22:55:43 - mmengine - INFO - paramwise_options -- backbone.text_model.model.encoder.layer.11.output.LayerNorm.bias:num of params=768
06/21 22:55:43 - mmengine - INFO - paramwise_options -- backbone.text_model.model.encoder.layer.11.output.LayerNorm.bias:lr=2.0000000000000002e-07
06/21 22:55:43 - mmengine - INFO - paramwise_options -- backbone.text_model.model.encoder.layer.11.output.LayerNorm.bias:weight_decay=0.05
06/21 22:55:43 - mmengine - INFO - paramwise_options -- backbone.text_model.model.encoder.layer.11.output.LayerNorm.bias:lr_mult=0.01
06/21 22:55:43 - mmengine - INFO - paramwise_options -- backbone.text_model.model.pooler.dense.weight:num of params=589824
06/21 22:55:43 - mmengine - INFO - paramwise_options -- backbone.text_model.model.pooler.dense.weight:lr=2.0000000000000002e-07
06/21 22:55:43 - mmengine - INFO - paramwise_options -- backbone.text_model.model.pooler.dense.weight:weight_decay=0.05
06/21 22:55:43 - mmengine - INFO - paramwise_options -- backbone.text_model.model.pooler.dense.weight:lr_mult=0.01
06/21 22:55:43 - mmengine - INFO - paramwise_options -- backbone.text_model.model.pooler.dense.bias:num of params=768
06/21 22:55:43 - mmengine - INFO - paramwise_options -- backbone.text_model.model.pooler.dense.bias:lr=2.0000000000000002e-07
06/21 22:55:43 - mmengine - INFO - paramwise_options -- backbone.text_model.model.pooler.dense.bias:weight_decay=0.05
06/21 22:55:43 - mmengine - INFO - paramwise_options -- backbone.text_model.model.pooler.dense.bias:lr_mult=0.01
06/21 22:55:43 - mmengine - INFO - paramwise_options -- backbone.text_model.head.weight:num of params=589824
06/21 22:55:43 - mmengine - INFO - paramwise_options -- backbone.text_model.head.weight:lr=2.0000000000000002e-07
06/21 22:55:43 - mmengine - INFO - paramwise_options -- backbone.text_model.head.weight:weight_decay=0.05
06/21 22:55:43 - mmengine - INFO - paramwise_options -- backbone.text_model.head.weight:lr_mult=0.01
06/21 22:55:43 - mmengine - INFO - paramwise_options -- backbone.text_model.head.bias:num of params=768
06/21 22:55:43 - mmengine - INFO - paramwise_options -- backbone.text_model.head.bias:lr=2.0000000000000002e-07
06/21 22:55:43 - mmengine - INFO - paramwise_options -- backbone.text_model.head.bias:weight_decay=0.05
06/21 22:55:43 - mmengine - INFO - paramwise_options -- backbone.text_model.head.bias:lr_mult=0.01
06/21 22:55:43 - mmengine - INFO - paramwise_options -- neck.reduce_layer0.block.conv.weight:num of params=262144
06/21 22:55:43 - mmengine - INFO - paramwise_options -- neck.reduce_layer0.block.bn.weight:num of params=256
06/21 22:55:43 - mmengine - INFO - paramwise_options -- neck.reduce_layer0.block.bn.bias:num of params=256
06/21 22:55:43 - mmengine - INFO - paramwise_options -- neck.Bifusion0.cv1.block.conv.weight:num of params=131072
06/21 22:55:43 - mmengine - INFO - paramwise_options -- neck.Bifusion0.cv1.block.bn.weight:num of params=256
06/21 22:55:43 - mmengine - INFO - paramwise_options -- neck.Bifusion0.cv1.block.bn.bias:num of params=256
06/21 22:55:43 - mmengine - INFO - paramwise_options -- neck.Bifusion0.cv2.block.conv.weight:num of params=65536
06/21 22:55:43 - mmengine - INFO - paramwise_options -- neck.Bifusion0.cv2.block.bn.weight:num of params=256
06/21 22:55:43 - mmengine - INFO - paramwise_options -- neck.Bifusion0.cv2.block.bn.bias:num of params=256
06/21 22:55:43 - mmengine - INFO - paramwise_options -- neck.Bifusion0.cv3.block.conv.weight:num of params=196608
06/21 22:55:43 - mmengine - INFO - paramwise_options -- neck.Bifusion0.cv3.block.bn.weight:num of params=256
06/21 22:55:43 - mmengine - INFO - paramwise_options -- neck.Bifusion0.cv3.block.bn.bias:num of params=256
06/21 22:55:43 - mmengine - INFO - paramwise_options -- neck.Bifusion0.upsample.upsample_transpose.weight:num of params=262144
06/21 22:55:43 - mmengine - INFO - paramwise_options -- neck.Bifusion0.upsample.upsample_transpose.bias:num of params=256
06/21 22:55:43 - mmengine - INFO - paramwise_options -- neck.Bifusion0.downsample.block.conv.weight:num of params=589824
06/21 22:55:43 - mmengine - INFO - paramwise_options -- neck.Bifusion0.downsample.block.bn.weight:num of params=256
06/21 22:55:43 - mmengine - INFO - paramwise_options -- neck.Bifusion0.downsample.block.bn.bias:num of params=256
06/21 22:55:43 - mmengine - INFO - paramwise_options -- neck.Rep_p4.cv1.block.conv.weight:num of params=32768
06/21 22:55:43 - mmengine - INFO - paramwise_options -- neck.Rep_p4.cv1.block.bn.weight:num of params=128
06/21 22:55:43 - mmengine - INFO - paramwise_options -- neck.Rep_p4.cv1.block.bn.bias:num of params=128
06/21 22:55:43 - mmengine - INFO - paramwise_options -- neck.Rep_p4.cv2.block.conv.weight:num of params=32768
06/21 22:55:43 - mmengine - INFO - paramwise_options -- neck.Rep_p4.cv2.block.bn.weight:num of params=128
06/21 22:55:43 - mmengine - INFO - paramwise_options -- neck.Rep_p4.cv2.block.bn.bias:num of params=128
06/21 22:55:43 - mmengine - INFO - paramwise_options -- neck.Rep_p4.cv3.block.conv.weight:num of params=65536
06/21 22:55:43 - mmengine - INFO - paramwise_options -- neck.Rep_p4.cv3.block.bn.weight:num of params=256
06/21 22:55:43 - mmengine - INFO - paramwise_options -- neck.Rep_p4.cv3.block.bn.bias:num of params=256
06/21 22:55:43 - mmengine - INFO - paramwise_options -- neck.Rep_p4.m.conv1.alpha:num of params=1
06/21 22:55:43 - mmengine - INFO - paramwise_options -- neck.Rep_p4.m.conv1.conv1.block.conv.weight:num of params=147456
06/21 22:55:43 - mmengine - INFO - paramwise_options -- neck.Rep_p4.m.conv1.conv1.block.bn.weight:num of params=128
06/21 22:55:43 - mmengine - INFO - paramwise_options -- neck.Rep_p4.m.conv1.conv1.block.bn.bias:num of params=128
06/21 22:55:43 - mmengine - INFO - paramwise_options -- neck.Rep_p4.m.conv1.conv2.block.conv.weight:num of params=147456
06/21 22:55:43 - mmengine - INFO - paramwise_options -- neck.Rep_p4.m.conv1.conv2.block.bn.weight:num of params=128
06/21 22:55:43 - mmengine - INFO - paramwise_options -- neck.Rep_p4.m.conv1.conv2.block.bn.bias:num of params=128
06/21 22:55:43 - mmengine - INFO - paramwise_options -- neck.Rep_p4.m.block.0.alpha:num of params=1
06/21 22:55:43 - mmengine - INFO - paramwise_options -- neck.Rep_p4.m.block.0.conv1.block.conv.weight:num of params=147456
06/21 22:55:43 - mmengine - INFO - paramwise_options -- neck.Rep_p4.m.block.0.conv1.block.bn.weight:num of params=128
06/21 22:55:43 - mmengine - INFO - paramwise_options -- neck.Rep_p4.m.block.0.conv1.block.bn.bias:num of params=128
06/21 22:55:43 - mmengine - INFO - paramwise_options -- neck.Rep_p4.m.block.0.conv2.block.conv.weight:num of params=147456
06/21 22:55:43 - mmengine - INFO - paramwise_options -- neck.Rep_p4.m.block.0.conv2.block.bn.weight:num of params=128
06/21 22:55:43 - mmengine - INFO - paramwise_options -- neck.Rep_p4.m.block.0.conv2.block.bn.bias:num of params=128
06/21 22:55:43 - mmengine - INFO - paramwise_options -- neck.Rep_p4.m.block.1.alpha:num of params=1
06/21 22:55:43 - mmengine - INFO - paramwise_options -- neck.Rep_p4.m.block.1.conv1.block.conv.weight:num of params=147456
06/21 22:55:43 - mmengine - INFO - paramwise_options -- neck.Rep_p4.m.block.1.conv1.block.bn.weight:num of params=128
06/21 22:55:43 - mmengine - INFO - paramwise_options -- neck.Rep_p4.m.block.1.conv1.block.bn.bias:num of params=128
06/21 22:55:43 - mmengine - INFO - paramwise_options -- neck.Rep_p4.m.block.1.conv2.block.conv.weight:num of params=147456
06/21 22:55:43 - mmengine - INFO - paramwise_options -- neck.Rep_p4.m.block.1.conv2.block.bn.weight:num of params=128
06/21 22:55:43 - mmengine - INFO - paramwise_options -- neck.Rep_p4.m.block.1.conv2.block.bn.bias:num of params=128
06/21 22:55:43 - mmengine - INFO - paramwise_options -- neck.Rep_p4.m.block.2.alpha:num of params=1
06/21 22:55:43 - mmengine - INFO - paramwise_options -- neck.Rep_p4.m.block.2.conv1.block.conv.weight:num of params=147456
06/21 22:55:43 - mmengine - INFO - paramwise_options -- neck.Rep_p4.m.block.2.conv1.block.bn.weight:num of params=128
06/21 22:55:43 - mmengine - INFO - paramwise_options -- neck.Rep_p4.m.block.2.conv1.block.bn.bias:num of params=128
06/21 22:55:43 - mmengine - INFO - paramwise_options -- neck.Rep_p4.m.block.2.conv2.block.conv.weight:num of params=147456
06/21 22:55:43 - mmengine - INFO - paramwise_options -- neck.Rep_p4.m.block.2.conv2.block.bn.weight:num of params=128
06/21 22:55:43 - mmengine - INFO - paramwise_options -- neck.Rep_p4.m.block.2.conv2.block.bn.bias:num of params=128
06/21 22:55:43 - mmengine - INFO - paramwise_options -- neck.Rep_p4.m.block.3.alpha:num of params=1
06/21 22:55:43 - mmengine - INFO - paramwise_options -- neck.Rep_p4.m.block.3.conv1.block.conv.weight:num of params=147456
06/21 22:55:43 - mmengine - INFO - paramwise_options -- neck.Rep_p4.m.block.3.conv1.block.bn.weight:num of params=128
06/21 22:55:43 - mmengine - INFO - paramwise_options -- neck.Rep_p4.m.block.3.conv1.block.bn.bias:num of params=128
06/21 22:55:43 - mmengine - INFO - paramwise_options -- neck.Rep_p4.m.block.3.conv2.block.conv.weight:num of params=147456
06/21 22:55:43 - mmengine - INFO - paramwise_options -- neck.Rep_p4.m.block.3.conv2.block.bn.weight:num of params=128
06/21 22:55:43 - mmengine - INFO - paramwise_options -- neck.Rep_p4.m.block.3.conv2.block.bn.bias:num of params=128
06/21 22:55:43 - mmengine - INFO - paramwise_options -- neck.Rep_p4.m.block.4.alpha:num of params=1
06/21 22:55:43 - mmengine - INFO - paramwise_options -- neck.Rep_p4.m.block.4.conv1.block.conv.weight:num of params=147456
06/21 22:55:43 - mmengine - INFO - paramwise_options -- neck.Rep_p4.m.block.4.conv1.block.bn.weight:num of params=128
06/21 22:55:43 - mmengine - INFO - paramwise_options -- neck.Rep_p4.m.block.4.conv1.block.bn.bias:num of params=128
06/21 22:55:43 - mmengine - INFO - paramwise_options -- neck.Rep_p4.m.block.4.conv2.block.conv.weight:num of params=147456
06/21 22:55:43 - mmengine - INFO - paramwise_options -- neck.Rep_p4.m.block.4.conv2.block.bn.weight:num of params=128
06/21 22:55:43 - mmengine - INFO - paramwise_options -- neck.Rep_p4.m.block.4.conv2.block.bn.bias:num of params=128
06/21 22:55:43 - mmengine - INFO - paramwise_options -- neck.reduce_layer1.block.conv.weight:num of params=32768
06/21 22:55:43 - mmengine - INFO - paramwise_options -- neck.reduce_layer1.block.bn.weight:num of params=128
06/21 22:55:43 - mmengine - INFO - paramwise_options -- neck.reduce_layer1.block.bn.bias:num of params=128
06/21 22:55:43 - mmengine - INFO - paramwise_options -- neck.Bifusion1.cv1.block.conv.weight:num of params=32768
06/21 22:55:43 - mmengine - INFO - paramwise_options -- neck.Bifusion1.cv1.block.bn.weight:num of params=128
06/21 22:55:43 - mmengine - INFO - paramwise_options -- neck.Bifusion1.cv1.block.bn.bias:num of params=128
06/21 22:55:43 - mmengine - INFO - paramwise_options -- neck.Bifusion1.cv2.block.conv.weight:num of params=16384
06/21 22:55:43 - mmengine - INFO - paramwise_options -- neck.Bifusion1.cv2.block.bn.weight:num of params=128
06/21 22:55:43 - mmengine - INFO - paramwise_options -- neck.Bifusion1.cv2.block.bn.bias:num of params=128
06/21 22:55:43 - mmengine - INFO - paramwise_options -- neck.Bifusion1.cv3.block.conv.weight:num of params=49152
06/21 22:55:43 - mmengine - INFO - paramwise_options -- neck.Bifusion1.cv3.block.bn.weight:num of params=128
06/21 22:55:43 - mmengine - INFO - paramwise_options -- neck.Bifusion1.cv3.block.bn.bias:num of params=128
06/21 22:55:43 - mmengine - INFO - paramwise_options -- neck.Bifusion1.upsample.upsample_transpose.weight:num of params=65536
06/21 22:55:43 - mmengine - INFO - paramwise_options -- neck.Bifusion1.upsample.upsample_transpose.bias:num of params=128
06/21 22:55:43 - mmengine - INFO - paramwise_options -- neck.Bifusion1.downsample.block.conv.weight:num of params=147456
06/21 22:55:43 - mmengine - INFO - paramwise_options -- neck.Bifusion1.downsample.block.bn.weight:num of params=128
06/21 22:55:43 - mmengine - INFO - paramwise_options -- neck.Bifusion1.downsample.block.bn.bias:num of params=128
06/21 22:55:43 - mmengine - INFO - paramwise_options -- neck.Rep_p3.cv1.block.conv.weight:num of params=8192
06/21 22:55:43 - mmengine - INFO - paramwise_options -- neck.Rep_p3.cv1.block.bn.weight:num of params=64
06/21 22:55:43 - mmengine - INFO - paramwise_options -- neck.Rep_p3.cv1.block.bn.bias:num of params=64
06/21 22:55:43 - mmengine - INFO - paramwise_options -- neck.Rep_p3.cv2.block.conv.weight:num of params=8192
06/21 22:55:43 - mmengine - INFO - paramwise_options -- neck.Rep_p3.cv2.block.bn.weight:num of params=64
06/21 22:55:43 - mmengine - INFO - paramwise_options -- neck.Rep_p3.cv2.block.bn.bias:num of params=64
06/21 22:55:43 - mmengine - INFO - paramwise_options -- neck.Rep_p3.cv3.block.conv.weight:num of params=16384
06/21 22:55:43 - mmengine - INFO - paramwise_options -- neck.Rep_p3.cv3.block.bn.weight:num of params=128
06/21 22:55:43 - mmengine - INFO - paramwise_options -- neck.Rep_p3.cv3.block.bn.bias:num of params=128
06/21 22:55:43 - mmengine - INFO - paramwise_options -- neck.Rep_p3.m.conv1.alpha:num of params=1
06/21 22:55:43 - mmengine - INFO - paramwise_options -- neck.Rep_p3.m.conv1.conv1.block.conv.weight:num of params=36864
06/21 22:55:43 - mmengine - INFO - paramwise_options -- neck.Rep_p3.m.conv1.conv1.block.bn.weight:num of params=64
06/21 22:55:43 - mmengine - INFO - paramwise_options -- neck.Rep_p3.m.conv1.conv1.block.bn.bias:num of params=64
06/21 22:55:43 - mmengine - INFO - paramwise_options -- neck.Rep_p3.m.conv1.conv2.block.conv.weight:num of params=36864
06/21 22:55:43 - mmengine - INFO - paramwise_options -- neck.Rep_p3.m.conv1.conv2.block.bn.weight:num of params=64
06/21 22:55:43 - mmengine - INFO - paramwise_options -- neck.Rep_p3.m.conv1.conv2.block.bn.bias:num of params=64
06/21 22:55:43 - mmengine - INFO - paramwise_options -- neck.Rep_p3.m.block.0.alpha:num of params=1
06/21 22:55:43 - mmengine - INFO - paramwise_options -- neck.Rep_p3.m.block.0.conv1.block.conv.weight:num of params=36864
06/21 22:55:43 - mmengine - INFO - paramwise_options -- neck.Rep_p3.m.block.0.conv1.block.bn.weight:num of params=64
06/21 22:55:43 - mmengine - INFO - paramwise_options -- neck.Rep_p3.m.block.0.conv1.block.bn.bias:num of params=64
06/21 22:55:43 - mmengine - INFO - paramwise_options -- neck.Rep_p3.m.block.0.conv2.block.conv.weight:num of params=36864
06/21 22:55:43 - mmengine - INFO - paramwise_options -- neck.Rep_p3.m.block.0.conv2.block.bn.weight:num of params=64
06/21 22:55:43 - mmengine - INFO - paramwise_options -- neck.Rep_p3.m.block.0.conv2.block.bn.bias:num of params=64
06/21 22:55:43 - mmengine - INFO - paramwise_options -- neck.Rep_p3.m.block.1.alpha:num of params=1
06/21 22:55:43 - mmengine - INFO - paramwise_options -- neck.Rep_p3.m.block.1.conv1.block.conv.weight:num of params=36864
06/21 22:55:43 - mmengine - INFO - paramwise_options -- neck.Rep_p3.m.block.1.conv1.block.bn.weight:num of params=64
06/21 22:55:43 - mmengine - INFO - paramwise_options -- neck.Rep_p3.m.block.1.conv1.block.bn.bias:num of params=64
06/21 22:55:43 - mmengine - INFO - paramwise_options -- neck.Rep_p3.m.block.1.conv2.block.conv.weight:num of params=36864
06/21 22:55:43 - mmengine - INFO - paramwise_options -- neck.Rep_p3.m.block.1.conv2.block.bn.weight:num of params=64
06/21 22:55:43 - mmengine - INFO - paramwise_options -- neck.Rep_p3.m.block.1.conv2.block.bn.bias:num of params=64
06/21 22:55:43 - mmengine - INFO - paramwise_options -- neck.Rep_p3.m.block.2.alpha:num of params=1
06/21 22:55:43 - mmengine - INFO - paramwise_options -- neck.Rep_p3.m.block.2.conv1.block.conv.weight:num of params=36864
06/21 22:55:43 - mmengine - INFO - paramwise_options -- neck.Rep_p3.m.block.2.conv1.block.bn.weight:num of params=64
06/21 22:55:43 - mmengine - INFO - paramwise_options -- neck.Rep_p3.m.block.2.conv1.block.bn.bias:num of params=64
06/21 22:55:43 - mmengine - INFO - paramwise_options -- neck.Rep_p3.m.block.2.conv2.block.conv.weight:num of params=36864
06/21 22:55:43 - mmengine - INFO - paramwise_options -- neck.Rep_p3.m.block.2.conv2.block.bn.weight:num of params=64
06/21 22:55:43 - mmengine - INFO - paramwise_options -- neck.Rep_p3.m.block.2.conv2.block.bn.bias:num of params=64
06/21 22:55:43 - mmengine - INFO - paramwise_options -- neck.Rep_p3.m.block.3.alpha:num of params=1
06/21 22:55:43 - mmengine - INFO - paramwise_options -- neck.Rep_p3.m.block.3.conv1.block.conv.weight:num of params=36864
06/21 22:55:43 - mmengine - INFO - paramwise_options -- neck.Rep_p3.m.block.3.conv1.block.bn.weight:num of params=64
06/21 22:55:43 - mmengine - INFO - paramwise_options -- neck.Rep_p3.m.block.3.conv1.block.bn.bias:num of params=64
06/21 22:55:43 - mmengine - INFO - paramwise_options -- neck.Rep_p3.m.block.3.conv2.block.conv.weight:num of params=36864
06/21 22:55:43 - mmengine - INFO - paramwise_options -- neck.Rep_p3.m.block.3.conv2.block.bn.weight:num of params=64
06/21 22:55:43 - mmengine - INFO - paramwise_options -- neck.Rep_p3.m.block.3.conv2.block.bn.bias:num of params=64
06/21 22:55:43 - mmengine - INFO - paramwise_options -- neck.Rep_p3.m.block.4.alpha:num of params=1
06/21 22:55:43 - mmengine - INFO - paramwise_options -- neck.Rep_p3.m.block.4.conv1.block.conv.weight:num of params=36864
06/21 22:55:43 - mmengine - INFO - paramwise_options -- neck.Rep_p3.m.block.4.conv1.block.bn.weight:num of params=64
Done (t=0.39s)
creating index...
06/21 22:55:43 - mmengine - INFO - paramwise_options -- neck.Rep_p3.m.block.4.conv1.block.bn.bias:num of params=64
06/21 22:55:43 - mmengine - INFO - paramwise_options -- neck.Rep_p3.m.block.4.conv2.block.conv.weight:num of params=36864
06/21 22:55:43 - mmengine - INFO - paramwise_options -- neck.Rep_p3.m.block.4.conv2.block.bn.weight:num of params=64
06/21 22:55:43 - mmengine - INFO - paramwise_options -- neck.Rep_p3.m.block.4.conv2.block.bn.bias:num of params=64
06/21 22:55:43 - mmengine - INFO - paramwise_options -- neck.downsample2.block.conv.weight:num of params=147456
06/21 22:55:43 - mmengine - INFO - paramwise_options -- neck.downsample2.block.bn.weight:num of params=128
06/21 22:55:43 - mmengine - INFO - paramwise_options -- neck.downsample2.block.bn.bias:num of params=128
06/21 22:55:43 - mmengine - INFO - paramwise_options -- neck.Rep_n3.cv1.block.conv.weight:num of params=32768
06/21 22:55:43 - mmengine - INFO - paramwise_options -- neck.Rep_n3.cv1.block.bn.weight:num of params=128
06/21 22:55:43 - mmengine - INFO - paramwise_options -- neck.Rep_n3.cv1.block.bn.bias:num of params=128
06/21 22:55:43 - mmengine - INFO - paramwise_options -- neck.Rep_n3.cv2.block.conv.weight:num of params=32768
06/21 22:55:43 - mmengine - INFO - paramwise_options -- neck.Rep_n3.cv2.block.bn.weight:num of params=128
06/21 22:55:43 - mmengine - INFO - paramwise_options -- neck.Rep_n3.cv2.block.bn.bias:num of params=128
06/21 22:55:43 - mmengine - INFO - paramwise_options -- neck.Rep_n3.cv3.block.conv.weight:num of params=65536
06/21 22:55:43 - mmengine - INFO - paramwise_options -- neck.Rep_n3.cv3.block.bn.weight:num of params=256
06/21 22:55:43 - mmengine - INFO - paramwise_options -- neck.Rep_n3.cv3.block.bn.bias:num of params=256
06/21 22:55:43 - mmengine - INFO - paramwise_options -- neck.Rep_n3.m.conv1.alpha:num of params=1
06/21 22:55:43 - mmengine - INFO - paramwise_options -- neck.Rep_n3.m.conv1.conv1.block.conv.weight:num of params=147456
06/21 22:55:43 - mmengine - INFO - paramwise_options -- neck.Rep_n3.m.conv1.conv1.block.bn.weight:num of params=128
06/21 22:55:43 - mmengine - INFO - paramwise_options -- neck.Rep_n3.m.conv1.conv1.block.bn.bias:num of params=128
06/21 22:55:43 - mmengine - INFO - paramwise_options -- neck.Rep_n3.m.conv1.conv2.block.conv.weight:num of params=147456
06/21 22:55:43 - mmengine - INFO - paramwise_options -- neck.Rep_n3.m.conv1.conv2.block.bn.weight:num of params=128
06/21 22:55:43 - mmengine - INFO - paramwise_options -- neck.Rep_n3.m.conv1.conv2.block.bn.bias:num of params=128
06/21 22:55:43 - mmengine - INFO - paramwise_options -- neck.Rep_n3.m.block.0.alpha:num of params=1
06/21 22:55:43 - mmengine - INFO - paramwise_options -- neck.Rep_n3.m.block.0.conv1.block.conv.weight:num of params=147456
06/21 22:55:43 - mmengine - INFO - paramwise_options -- neck.Rep_n3.m.block.0.conv1.block.bn.weight:num of params=128
06/21 22:55:43 - mmengine - INFO - paramwise_options -- neck.Rep_n3.m.block.0.conv1.block.bn.bias:num of params=128
06/21 22:55:43 - mmengine - INFO - paramwise_options -- neck.Rep_n3.m.block.0.conv2.block.conv.weight:num of params=147456
06/21 22:55:43 - mmengine - INFO - paramwise_options -- neck.Rep_n3.m.block.0.conv2.block.bn.weight:num of params=128
06/21 22:55:43 - mmengine - INFO - paramwise_options -- neck.Rep_n3.m.block.0.conv2.block.bn.bias:num of params=128
06/21 22:55:43 - mmengine - INFO - paramwise_options -- neck.Rep_n3.m.block.1.alpha:num of params=1
06/21 22:55:43 - mmengine - INFO - paramwise_options -- neck.Rep_n3.m.block.1.conv1.block.conv.weight:num of params=147456
06/21 22:55:43 - mmengine - INFO - paramwise_options -- neck.Rep_n3.m.block.1.conv1.block.bn.weight:num of params=128
06/21 22:55:43 - mmengine - INFO - paramwise_options -- neck.Rep_n3.m.block.1.conv1.block.bn.bias:num of params=128
06/21 22:55:43 - mmengine - INFO - paramwise_options -- neck.Rep_n3.m.block.1.conv2.block.conv.weight:num of params=147456
06/21 22:55:43 - mmengine - INFO - paramwise_options -- neck.Rep_n3.m.block.1.conv2.block.bn.weight:num of params=128
06/21 22:55:43 - mmengine - INFO - paramwise_options -- neck.Rep_n3.m.block.1.conv2.block.bn.bias:num of params=128
06/21 22:55:43 - mmengine - INFO - paramwise_options -- neck.Rep_n3.m.block.2.alpha:num of params=1
06/21 22:55:43 - mmengine - INFO - paramwise_options -- neck.Rep_n3.m.block.2.conv1.block.conv.weight:num of params=147456
06/21 22:55:43 - mmengine - INFO - paramwise_options -- neck.Rep_n3.m.block.2.conv1.block.bn.weight:num of params=128
06/21 22:55:43 - mmengine - INFO - paramwise_options -- neck.Rep_n3.m.block.2.conv1.block.bn.bias:num of params=128
06/21 22:55:43 - mmengine - INFO - paramwise_options -- neck.Rep_n3.m.block.2.conv2.block.conv.weight:num of params=147456
06/21 22:55:43 - mmengine - INFO - paramwise_options -- neck.Rep_n3.m.block.2.conv2.block.bn.weight:num of params=128
06/21 22:55:43 - mmengine - INFO - paramwise_options -- neck.Rep_n3.m.block.2.conv2.block.bn.bias:num of params=128
06/21 22:55:43 - mmengine - INFO - paramwise_options -- neck.Rep_n3.m.block.3.alpha:num of params=1
06/21 22:55:43 - mmengine - INFO - paramwise_options -- neck.Rep_n3.m.block.3.conv1.block.conv.weight:num of params=147456
06/21 22:55:43 - mmengine - INFO - paramwise_options -- neck.Rep_n3.m.block.3.conv1.block.bn.weight:num of params=128
06/21 22:55:43 - mmengine - INFO - paramwise_options -- neck.Rep_n3.m.block.3.conv1.block.bn.bias:num of params=128
06/21 22:55:43 - mmengine - INFO - paramwise_options -- neck.Rep_n3.m.block.3.conv2.block.conv.weight:num of params=147456
06/21 22:55:43 - mmengine - INFO - paramwise_options -- neck.Rep_n3.m.block.3.conv2.block.bn.weight:num of params=128
06/21 22:55:43 - mmengine - INFO - paramwise_options -- neck.Rep_n3.m.block.3.conv2.block.bn.bias:num of params=128
06/21 22:55:43 - mmengine - INFO - paramwise_options -- neck.Rep_n3.m.block.4.alpha:num of params=1
06/21 22:55:43 - mmengine - INFO - paramwise_options -- neck.Rep_n3.m.block.4.conv1.block.conv.weight:num of params=147456
06/21 22:55:43 - mmengine - INFO - paramwise_options -- neck.Rep_n3.m.block.4.conv1.block.bn.weight:num of params=128
06/21 22:55:43 - mmengine - INFO - paramwise_options -- neck.Rep_n3.m.block.4.conv1.block.bn.bias:num of params=128
06/21 22:55:43 - mmengine - INFO - paramwise_options -- neck.Rep_n3.m.block.4.conv2.block.conv.weight:num of params=147456
06/21 22:55:43 - mmengine - INFO - paramwise_options -- neck.Rep_n3.m.block.4.conv2.block.bn.weight:num of params=128
06/21 22:55:43 - mmengine - INFO - paramwise_options -- neck.Rep_n3.m.block.4.conv2.block.bn.bias:num of params=128
06/21 22:55:43 - mmengine - INFO - paramwise_options -- neck.downsample1.block.conv.weight:num of params=589824
06/21 22:55:43 - mmengine - INFO - paramwise_options -- neck.downsample1.block.bn.weight:num of params=256
06/21 22:55:43 - mmengine - INFO - paramwise_options -- neck.downsample1.block.bn.bias:num of params=256
06/21 22:55:43 - mmengine - INFO - paramwise_options -- neck.Rep_n4.cv1.block.conv.weight:num of params=131072
06/21 22:55:43 - mmengine - INFO - paramwise_options -- neck.Rep_n4.cv1.block.bn.weight:num of params=256
06/21 22:55:43 - mmengine - INFO - paramwise_options -- neck.Rep_n4.cv1.block.bn.bias:num of params=256
06/21 22:55:43 - mmengine - INFO - paramwise_options -- neck.Rep_n4.cv2.block.conv.weight:num of params=131072
06/21 22:55:43 - mmengine - INFO - paramwise_options -- neck.Rep_n4.cv2.block.bn.weight:num of params=256
06/21 22:55:43 - mmengine - INFO - paramwise_options -- neck.Rep_n4.cv2.block.bn.bias:num of params=256
06/21 22:55:43 - mmengine - INFO - paramwise_options -- neck.Rep_n4.cv3.block.conv.weight:num of params=262144
06/21 22:55:43 - mmengine - INFO - paramwise_options -- neck.Rep_n4.cv3.block.bn.weight:num of params=512
06/21 22:55:43 - mmengine - INFO - paramwise_options -- neck.Rep_n4.cv3.block.bn.bias:num of params=512
06/21 22:55:43 - mmengine - INFO - paramwise_options -- neck.Rep_n4.m.conv1.alpha:num of params=1
06/21 22:55:43 - mmengine - INFO - paramwise_options -- neck.Rep_n4.m.conv1.conv1.block.conv.weight:num of params=589824
06/21 22:55:43 - mmengine - INFO - paramwise_options -- neck.Rep_n4.m.conv1.conv1.block.bn.weight:num of params=256
06/21 22:55:43 - mmengine - INFO - paramwise_options -- neck.Rep_n4.m.conv1.conv1.block.bn.bias:num of params=256
06/21 22:55:43 - mmengine - INFO - paramwise_options -- neck.Rep_n4.m.conv1.conv2.block.conv.weight:num of params=589824
06/21 22:55:43 - mmengine - INFO - paramwise_options -- neck.Rep_n4.m.conv1.conv2.block.bn.weight:num of params=256
06/21 22:55:43 - mmengine - INFO - paramwise_options -- neck.Rep_n4.m.conv1.conv2.block.bn.bias:num of params=256
06/21 22:55:43 - mmengine - INFO - paramwise_options -- neck.Rep_n4.m.block.0.alpha:num of params=1
06/21 22:55:43 - mmengine - INFO - paramwise_options -- neck.Rep_n4.m.block.0.conv1.block.conv.weight:num of params=589824
06/21 22:55:43 - mmengine - INFO - paramwise_options -- neck.Rep_n4.m.block.0.conv1.block.bn.weight:num of params=256
06/21 22:55:43 - mmengine - INFO - paramwise_options -- neck.Rep_n4.m.block.0.conv1.block.bn.bias:num of params=256
06/21 22:55:43 - mmengine - INFO - paramwise_options -- neck.Rep_n4.m.block.0.conv2.block.conv.weight:num of params=589824
06/21 22:55:43 - mmengine - INFO - paramwise_options -- neck.Rep_n4.m.block.0.conv2.block.bn.weight:num of params=256
06/21 22:55:43 - mmengine - INFO - paramwise_options -- neck.Rep_n4.m.block.0.conv2.block.bn.bias:num of params=256
06/21 22:55:43 - mmengine - INFO - paramwise_options -- neck.Rep_n4.m.block.1.alpha:num of params=1
06/21 22:55:43 - mmengine - INFO - paramwise_options -- neck.Rep_n4.m.block.1.conv1.block.conv.weight:num of params=589824
06/21 22:55:43 - mmengine - INFO - paramwise_options -- neck.Rep_n4.m.block.1.conv1.block.bn.weight:num of params=256
06/21 22:55:43 - mmengine - INFO - paramwise_options -- neck.Rep_n4.m.block.1.conv1.block.bn.bias:num of params=256
06/21 22:55:43 - mmengine - INFO - paramwise_options -- neck.Rep_n4.m.block.1.conv2.block.conv.weight:num of params=589824
06/21 22:55:43 - mmengine - INFO - paramwise_options -- neck.Rep_n4.m.block.1.conv2.block.bn.weight:num of params=256
06/21 22:55:43 - mmengine - INFO - paramwise_options -- neck.Rep_n4.m.block.1.conv2.block.bn.bias:num of params=256
06/21 22:55:43 - mmengine - INFO - paramwise_options -- neck.Rep_n4.m.block.2.alpha:num of params=1
06/21 22:55:43 - mmengine - INFO - paramwise_options -- neck.Rep_n4.m.block.2.conv1.block.conv.weight:num of params=589824
06/21 22:55:43 - mmengine - INFO - paramwise_options -- neck.Rep_n4.m.block.2.conv1.block.bn.weight:num of params=256
06/21 22:55:43 - mmengine - INFO - paramwise_options -- neck.Rep_n4.m.block.2.conv1.block.bn.bias:num of params=256
06/21 22:55:43 - mmengine - INFO - paramwise_options -- neck.Rep_n4.m.block.2.conv2.block.conv.weight:num of params=589824
06/21 22:55:43 - mmengine - INFO - paramwise_options -- neck.Rep_n4.m.block.2.conv2.block.bn.weight:num of params=256
06/21 22:55:43 - mmengine - INFO - paramwise_options -- neck.Rep_n4.m.block.2.conv2.block.bn.bias:num of params=256
06/21 22:55:43 - mmengine - INFO - paramwise_options -- neck.Rep_n4.m.block.3.alpha:num of params=1
06/21 22:55:43 - mmengine - INFO - paramwise_options -- neck.Rep_n4.m.block.3.conv1.block.conv.weight:num of params=589824
06/21 22:55:43 - mmengine - INFO - paramwise_options -- neck.Rep_n4.m.block.3.conv1.block.bn.weight:num of params=256
06/21 22:55:43 - mmengine - INFO - paramwise_options -- neck.Rep_n4.m.block.3.conv1.block.bn.bias:num of params=256
06/21 22:55:43 - mmengine - INFO - paramwise_options -- neck.Rep_n4.m.block.3.conv2.block.conv.weight:num of params=589824
06/21 22:55:43 - mmengine - INFO - paramwise_options -- neck.Rep_n4.m.block.3.conv2.block.bn.weight:num of params=256
06/21 22:55:43 - mmengine - INFO - paramwise_options -- neck.Rep_n4.m.block.3.conv2.block.bn.bias:num of params=256
06/21 22:55:43 - mmengine - INFO - paramwise_options -- neck.Rep_n4.m.block.4.alpha:num of params=1
06/21 22:55:43 - mmengine - INFO - paramwise_options -- neck.Rep_n4.m.block.4.conv1.block.conv.weight:num of params=589824
06/21 22:55:43 - mmengine - INFO - paramwise_options -- neck.Rep_n4.m.block.4.conv1.block.bn.weight:num of params=256
06/21 22:55:43 - mmengine - INFO - paramwise_options -- neck.Rep_n4.m.block.4.conv1.block.bn.bias:num of params=256
06/21 22:55:43 - mmengine - INFO - paramwise_options -- neck.Rep_n4.m.block.4.conv2.block.conv.weight:num of params=589824
06/21 22:55:43 - mmengine - INFO - paramwise_options -- neck.Rep_n4.m.block.4.conv2.block.bn.weight:num of params=256
06/21 22:55:43 - mmengine - INFO - paramwise_options -- neck.Rep_n4.m.block.4.conv2.block.bn.bias:num of params=256
06/21 22:55:43 - mmengine - INFO - paramwise_options -- bbox_head.head_module.cls_preds.0.0.conv.weight:num of params=294912
06/21 22:55:43 - mmengine - INFO - paramwise_options -- bbox_head.head_module.cls_preds.0.0.bn.weight:num of params=256
06/21 22:55:43 - mmengine - INFO - paramwise_options -- bbox_head.head_module.cls_preds.0.0.bn.bias:num of params=256
06/21 22:55:43 - mmengine - INFO - paramwise_options -- bbox_head.head_module.cls_preds.0.1.conv.weight:num of params=589824
06/21 22:55:43 - mmengine - INFO - paramwise_options -- bbox_head.head_module.cls_preds.0.1.bn.weight:num of params=256
06/21 22:55:43 - mmengine - INFO - paramwise_options -- bbox_head.head_module.cls_preds.0.1.bn.bias:num of params=256
06/21 22:55:43 - mmengine - INFO - paramwise_options -- bbox_head.head_module.cls_preds.0.2.weight:num of params=196608
06/21 22:55:43 - mmengine - INFO - paramwise_options -- bbox_head.head_module.cls_preds.0.2.bias:num of params=768
06/21 22:55:43 - mmengine - INFO - paramwise_options -- bbox_head.head_module.cls_preds.1.0.conv.weight:num of params=589824
06/21 22:55:43 - mmengine - INFO - paramwise_options -- bbox_head.head_module.cls_preds.1.0.bn.weight:num of params=256
06/21 22:55:43 - mmengine - INFO - paramwise_options -- bbox_head.head_module.cls_preds.1.0.bn.bias:num of params=256
06/21 22:55:43 - mmengine - INFO - paramwise_options -- bbox_head.head_module.cls_preds.1.1.conv.weight:num of params=589824
06/21 22:55:43 - mmengine - INFO - paramwise_options -- bbox_head.head_module.cls_preds.1.1.bn.weight:num of params=256
06/21 22:55:43 - mmengine - INFO - paramwise_options -- bbox_head.head_module.cls_preds.1.1.bn.bias:num of params=256
06/21 22:55:43 - mmengine - INFO - paramwise_options -- bbox_head.head_module.cls_preds.1.2.weight:num of params=196608
06/21 22:55:43 - mmengine - INFO - paramwise_options -- bbox_head.head_module.cls_preds.1.2.bias:num of params=768
06/21 22:55:43 - mmengine - INFO - paramwise_options -- bbox_head.head_module.cls_preds.2.0.conv.weight:num of params=1179648
06/21 22:55:43 - mmengine - INFO - paramwise_options -- bbox_head.head_module.cls_preds.2.0.bn.weight:num of params=256
06/21 22:55:43 - mmengine - INFO - paramwise_options -- bbox_head.head_module.cls_preds.2.0.bn.bias:num of params=256
06/21 22:55:43 - mmengine - INFO - paramwise_options -- bbox_head.head_module.cls_preds.2.1.conv.weight:num of params=589824
06/21 22:55:43 - mmengine - INFO - paramwise_options -- bbox_head.head_module.cls_preds.2.1.bn.weight:num of params=256
06/21 22:55:43 - mmengine - INFO - paramwise_options -- bbox_head.head_module.cls_preds.2.1.bn.bias:num of params=256
06/21 22:55:43 - mmengine - INFO - paramwise_options -- bbox_head.head_module.cls_preds.2.2.weight:num of params=196608
06/21 22:55:43 - mmengine - INFO - paramwise_options -- bbox_head.head_module.cls_preds.2.2.bias:num of params=768
06/21 22:55:43 - mmengine - INFO - paramwise_options -- bbox_head.head_module.reg_preds.0.0.conv.weight:num of params=73728
06/21 22:55:43 - mmengine - INFO - paramwise_options -- bbox_head.head_module.reg_preds.0.0.bn.weight:num of params=64
06/21 22:55:43 - mmengine - INFO - paramwise_options -- bbox_head.head_module.reg_preds.0.0.bn.bias:num of params=64
06/21 22:55:43 - mmengine - INFO - paramwise_options -- bbox_head.head_module.reg_preds.0.1.conv.weight:num of params=36864
06/21 22:55:43 - mmengine - INFO - paramwise_options -- bbox_head.head_module.reg_preds.0.1.bn.weight:num of params=64
06/21 22:55:43 - mmengine - INFO - paramwise_options -- bbox_head.head_module.reg_preds.0.1.bn.bias:num of params=64
06/21 22:55:43 - mmengine - INFO - paramwise_options -- bbox_head.head_module.reg_preds.0.2.weight:num of params=4096
06/21 22:55:43 - mmengine - INFO - paramwise_options -- bbox_head.head_module.reg_preds.0.2.bias:num of params=64
06/21 22:55:43 - mmengine - INFO - paramwise_options -- bbox_head.head_module.reg_preds.1.0.conv.weight:num of params=147456
06/21 22:55:43 - mmengine - INFO - paramwise_options -- bbox_head.head_module.reg_preds.1.0.bn.weight:num of params=64
06/21 22:55:43 - mmengine - INFO - paramwise_options -- bbox_head.head_module.reg_preds.1.0.bn.bias:num of params=64
06/21 22:55:43 - mmengine - INFO - paramwise_options -- bbox_head.head_module.reg_preds.1.1.conv.weight:num of params=36864
06/21 22:55:43 - mmengine - INFO - paramwise_options -- bbox_head.head_module.reg_preds.1.1.bn.weight:num of params=64
06/21 22:55:43 - mmengine - INFO - paramwise_options -- bbox_head.head_module.reg_preds.1.1.bn.bias:num of params=64
06/21 22:55:43 - mmengine - INFO - paramwise_options -- bbox_head.head_module.reg_preds.1.2.weight:num of params=4096
06/21 22:55:43 - mmengine - INFO - paramwise_options -- bbox_head.head_module.reg_preds.1.2.bias:num of params=64
06/21 22:55:43 - mmengine - INFO - paramwise_options -- bbox_head.head_module.reg_preds.2.0.conv.weight:num of params=294912
06/21 22:55:43 - mmengine - INFO - paramwise_options -- bbox_head.head_module.reg_preds.2.0.bn.weight:num of params=64
06/21 22:55:43 - mmengine - INFO - paramwise_options -- bbox_head.head_module.reg_preds.2.0.bn.bias:num of params=64
06/21 22:55:43 - mmengine - INFO - paramwise_options -- bbox_head.head_module.reg_preds.2.1.conv.weight:num of params=36864
06/21 22:55:43 - mmengine - INFO - paramwise_options -- bbox_head.head_module.reg_preds.2.1.bn.weight:num of params=64
06/21 22:55:43 - mmengine - INFO - paramwise_options -- bbox_head.head_module.reg_preds.2.1.bn.bias:num of params=64
06/21 22:55:43 - mmengine - INFO - paramwise_options -- bbox_head.head_module.reg_preds.2.2.weight:num of params=4096
06/21 22:55:43 - mmengine - INFO - paramwise_options -- bbox_head.head_module.reg_preds.2.2.bias:num of params=64
06/21 22:55:43 - mmengine - INFO - paramwise_options -- bbox_head.head_module.cls_contrasts.0.bias:num of params=1
06/21 22:55:43 - mmengine - INFO - paramwise_options -- bbox_head.head_module.cls_contrasts.0.logit_scale:num of params=1
06/21 22:55:43 - mmengine - INFO - paramwise_options -- bbox_head.head_module.cls_contrasts.0.logit_scale:lr=2e-05
06/21 22:55:43 - mmengine - INFO - paramwise_options -- bbox_head.head_module.cls_contrasts.0.logit_scale:weight_decay=0.0
06/21 22:55:43 - mmengine - INFO - paramwise_options -- bbox_head.head_module.cls_contrasts.0.norm.weight:num of params=768
06/21 22:55:43 - mmengine - INFO - paramwise_options -- bbox_head.head_module.cls_contrasts.0.norm.bias:num of params=768
06/21 22:55:43 - mmengine - INFO - paramwise_options -- bbox_head.head_module.cls_contrasts.1.bias:num of params=1
06/21 22:55:43 - mmengine - INFO - paramwise_options -- bbox_head.head_module.cls_contrasts.1.logit_scale:num of params=1
06/21 22:55:43 - mmengine - INFO - paramwise_options -- bbox_head.head_module.cls_contrasts.1.logit_scale:lr=2e-05
06/21 22:55:43 - mmengine - INFO - paramwise_options -- bbox_head.head_module.cls_contrasts.1.logit_scale:weight_decay=0.0
06/21 22:55:43 - mmengine - INFO - paramwise_options -- bbox_head.head_module.cls_contrasts.1.norm.weight:num of params=768
06/21 22:55:43 - mmengine - INFO - paramwise_options -- bbox_head.head_module.cls_contrasts.1.norm.bias:num of params=768
06/21 22:55:43 - mmengine - INFO - paramwise_options -- bbox_head.head_module.cls_contrasts.2.bias:num of params=1
06/21 22:55:43 - mmengine - INFO - paramwise_options -- bbox_head.head_module.cls_contrasts.2.logit_scale:num of params=1
06/21 22:55:43 - mmengine - INFO - paramwise_options -- bbox_head.head_module.cls_contrasts.2.logit_scale:lr=2e-05
06/21 22:55:43 - mmengine - INFO - paramwise_options -- bbox_head.head_module.cls_contrasts.2.logit_scale:weight_decay=0.0
06/21 22:55:43 - mmengine - INFO - paramwise_options -- bbox_head.head_module.cls_contrasts.2.norm.weight:num of params=768
06/21 22:55:43 - mmengine - INFO - paramwise_options -- bbox_head.head_module.cls_contrasts.2.norm.bias:num of params=768
index created!
Done (t=0.38s)
creating index...
index created!
Done (t=0.39s)
creating index...
index created!
loading annotations into memory...
Done (t=0.37s)
creating index...
index created!
loading annotations into memory...
Done (t=0.39s)
creating index...
index created!
Loads checkpoint by local backend from path: work_dirs/base3stage_s2/epoch_4.pth
/home/siyuan/anaconda3/envs/wedetect_official/lib/python3.10/site-packages/mmengine/runner/checkpoint.py:347: FutureWarning: You are using `torch.load` with `weights_only=False` (the current default value), which uses the default pickle module implicitly. It is possible to construct malicious pickle data which will execute arbitrary code during unpickling (See https://github.com/pytorch/pytorch/blob/main/SECURITY.md#untrusted-models for more details). In a future release, the default value for `weights_only` will be flipped to `True`. This limits the functions that could be executed during unpickling. Arbitrary objects will no longer be allowed to be loaded via this mode unless they are explicitly allowlisted by the user via `torch.serialization.add_safe_globals`. We recommend you start setting `weights_only=True` for any use case where you don't have full control of the loaded file. Please open an issue on GitHub for any issues related to this experimental feature.
  checkpoint = torch.load(filename, map_location=map_location)
Loads checkpoint by local backend from path: work_dirs/base3stage_s2/epoch_4.pth
/home/siyuan/anaconda3/envs/wedetect_official/lib/python3.10/site-packages/mmengine/runner/checkpoint.py:347: FutureWarning: You are using `torch.load` with `weights_only=False` (the current default value), which uses the default pickle module implicitly. It is possible to construct malicious pickle data which will execute arbitrary code during unpickling (See https://github.com/pytorch/pytorch/blob/main/SECURITY.md#untrusted-models for more details). In a future release, the default value for `weights_only` will be flipped to `True`. This limits the functions that could be executed during unpickling. Arbitrary objects will no longer be allowed to be loaded via this mode unless they are explicitly allowlisted by the user via `torch.serialization.add_safe_globals`. We recommend you start setting `weights_only=True` for any use case where you don't have full control of the loaded file. Please open an issue on GitHub for any issues related to this experimental feature.
  checkpoint = torch.load(filename, map_location=map_location)
Loads checkpoint by local backend from path: work_dirs/base3stage_s2/epoch_4.pth
/home/siyuan/anaconda3/envs/wedetect_official/lib/python3.10/site-packages/mmengine/runner/checkpoint.py:347: FutureWarning: You are using `torch.load` with `weights_only=False` (the current default value), which uses the default pickle module implicitly. It is possible to construct malicious pickle data which will execute arbitrary code during unpickling (See https://github.com/pytorch/pytorch/blob/main/SECURITY.md#untrusted-models for more details). In a future release, the default value for `weights_only` will be flipped to `True`. This limits the functions that could be executed during unpickling. Arbitrary objects will no longer be allowed to be loaded via this mode unless they are explicitly allowlisted by the user via `torch.serialization.add_safe_globals`. We recommend you start setting `weights_only=True` for any use case where you don't have full control of the loaded file. Please open an issue on GitHub for any issues related to this experimental feature.
  checkpoint = torch.load(filename, map_location=map_location)
Loads checkpoint by local backend from path: work_dirs/base3stage_s2/epoch_4.pth
/home/siyuan/anaconda3/envs/wedetect_official/lib/python3.10/site-packages/mmengine/runner/checkpoint.py:347: FutureWarning: You are using `torch.load` with `weights_only=False` (the current default value), which uses the default pickle module implicitly. It is possible to construct malicious pickle data which will execute arbitrary code during unpickling (See https://github.com/pytorch/pytorch/blob/main/SECURITY.md#untrusted-models for more details). In a future release, the default value for `weights_only` will be flipped to `True`. This limits the functions that could be executed during unpickling. Arbitrary objects will no longer be allowed to be loaded via this mode unless they are explicitly allowlisted by the user via `torch.serialization.add_safe_globals`. We recommend you start setting `weights_only=True` for any use case where you don't have full control of the loaded file. Please open an issue on GitHub for any issues related to this experimental feature.
  checkpoint = torch.load(filename, map_location=map_location)
06/21 22:55:47 - mmengine - INFO - Load checkpoint from work_dirs/base3stage_s2/epoch_4.pth
06/21 22:55:47 - mmengine - WARNING - "FileClient" will be deprecated in future. Please use io functions in https://mmengine.readthedocs.io/en/latest/api/fileio.html#file-io
06/21 22:55:47 - mmengine - WARNING - "HardDiskBackend" is the alias of "LocalBackend" and the former will be deprecated in future.
06/21 22:55:47 - mmengine - INFO - Checkpoints will be saved to /home/siyuan/projects/LLMs/OralDetect-Family/WeDetect_repro/WeDetect/work_dirs/base3stage_s3.
/home/siyuan/anaconda3/envs/wedetect_official/lib/python3.10/site-packages/torch/functional.py:534: UserWarning: torch.meshgrid: in an upcoming release, it will be required to pass the indexing argument. (Triggered internally at ../aten/src/ATen/native/TensorShape.cpp:3595.)
  return _VF.meshgrid(tensors, **kwargs)  # type: ignore[attr-defined]
/home/siyuan/anaconda3/envs/wedetect_official/lib/python3.10/site-packages/torch/functional.py:534: UserWarning: torch.meshgrid: in an upcoming release, it will be required to pass the indexing argument. (Triggered internally at ../aten/src/ATen/native/TensorShape.cpp:3595.)
  return _VF.meshgrid(tensors, **kwargs)  # type: ignore[attr-defined]
/home/siyuan/anaconda3/envs/wedetect_official/lib/python3.10/site-packages/torch/functional.py:534: UserWarning: torch.meshgrid: in an upcoming release, it will be required to pass the indexing argument. (Triggered internally at ../aten/src/ATen/native/TensorShape.cpp:3595.)
  return _VF.meshgrid(tensors, **kwargs)  # type: ignore[attr-defined]
/home/siyuan/anaconda3/envs/wedetect_official/lib/python3.10/site-packages/torch/functional.py:534: UserWarning: torch.meshgrid: in an upcoming release, it will be required to pass the indexing argument. (Triggered internally at ../aten/src/ATen/native/TensorShape.cpp:3595.)
  return _VF.meshgrid(tensors, **kwargs)  # type: ignore[attr-defined]
06/21 22:56:47 - mmengine - INFO - Epoch(train)  [1][  50/1294]  base_lr: 9.9685e-07 lr: 9.9685e-07  eta: 5:05:46  time: 1.1854  data_time: 0.0289  memory: 30950  grad_norm: 1669.7167  loss: 129.7669  loss_cls: 54.7992  loss_bbox: 38.7494  loss_dfl: 36.2183
06/21 22:57:44 - mmengine - INFO - Epoch(train)  [1][ 100/1294]  base_lr: 1.9873e-06 lr: 1.9873e-06  eta: 5:00:11  time: 1.1496  data_time: 0.0074  memory: 31276  grad_norm: 1524.3743  loss: 120.7159  loss_cls: 48.8306  loss_bbox: 37.0298  loss_dfl: 34.8554
06/21 22:58:42 - mmengine - INFO - Epoch(train)  [1][ 150/1294]  base_lr: 2.9712e-06 lr: 2.9712e-06  eta: 4:58:14  time: 1.1559  data_time: 0.0072  memory: 31197  grad_norm: 1704.5177  loss: 119.0107  loss_cls: 46.4425  loss_bbox: 37.2945  loss_dfl: 35.2737
06/21 22:59:40 - mmengine - INFO - Epoch(train)  [1][ 200/1294]  base_lr: 3.9488e-06 lr: 3.9488e-06  eta: 4:56:31  time: 1.1521  data_time: 0.0073  memory: 30937  grad_norm: 1542.9991  loss: 118.9158  loss_cls: 45.3239  loss_bbox: 38.2100  loss_dfl: 35.3819
06/21 23:00:38 - mmengine - INFO - Epoch(train)  [1][ 250/1294]  base_lr: 4.9199e-06 lr: 4.9199e-06  eta: 4:55:27  time: 1.1588  data_time: 0.0071  memory: 31057  grad_norm: 1925.1138  loss: 118.2768  loss_cls: 44.8168  loss_bbox: 38.0607  loss_dfl: 35.3993
06/21 23:01:35 - mmengine - INFO - Epoch(train)  [1][ 300/1294]  base_lr: 5.8846e-06 lr: 5.8846e-06  eta: 4:54:13  time: 1.1541  data_time: 0.0074  memory: 30783  grad_norm: 1778.3602  loss: 117.4524  loss_cls: 43.2427  loss_bbox: 38.1852  loss_dfl: 36.0245
06/21 23:02:33 - mmengine - INFO - Epoch(train)  [1][ 350/1294]  base_lr: 6.8428e-06 lr: 6.8428e-06  eta: 4:53:11  time: 1.1574  data_time: 0.0073  memory: 30970  grad_norm: 1719.4356  loss: 117.1639  loss_cls: 43.3518  loss_bbox: 37.8495  loss_dfl: 35.9626
06/21 23:03:31 - mmengine - INFO - Epoch(train)  [1][ 400/1294]  base_lr: 7.7946e-06 lr: 7.7946e-06  eta: 4:52:18  time: 1.1615  data_time: 0.0074  memory: 30977  grad_norm: 1544.4102  loss: 118.4309  loss_cls: 43.8900  loss_bbox: 38.8004  loss_dfl: 35.7405
06/21 23:04:29 - mmengine - INFO - Epoch(train)  [1][ 450/1294]  base_lr: 8.7400e-06 lr: 8.7400e-06  eta: 4:51:10  time: 1.1535  data_time: 0.0072  memory: 31003  grad_norm: 1578.8837  loss: 115.6862  loss_cls: 41.9349  loss_bbox: 38.0069  loss_dfl: 35.7444
06/21 23:05:27 - mmengine - INFO - Epoch(train)  [1][ 500/1294]  base_lr: 9.6789e-06 lr: 9.6789e-06  eta: 4:50:09  time: 1.1569  data_time: 0.0073  memory: 31083  grad_norm: 1675.0621  loss: 113.1036  loss_cls: 41.5284  loss_bbox: 36.5220  loss_dfl: 35.0532
06/21 23:06:24 - mmengine - INFO - Epoch(train)  [1][ 550/1294]  base_lr: 1.0611e-05 lr: 1.0611e-05  eta: 4:49:05  time: 1.1539  data_time: 0.0071  memory: 30897  grad_norm: 1727.3399  loss: 117.8764  loss_cls: 43.5419  loss_bbox: 38.5652  loss_dfl: 35.7692
06/21 23:07:22 - mmengine - INFO - Epoch(train)  [1][ 600/1294]  base_lr: 1.1538e-05 lr: 1.1538e-05  eta: 4:48:08  time: 1.1585  data_time: 0.0070  memory: 31003  grad_norm: 2030.2730  loss: 114.5375  loss_cls: 41.1652  loss_bbox: 37.6038  loss_dfl: 35.7685
06/21 23:08:20 - mmengine - INFO - Epoch(train)  [1][ 650/1294]  base_lr: 1.2457e-05 lr: 1.2457e-05  eta: 4:47:03  time: 1.1521  data_time: 0.0071  memory: 30850  grad_norm: 1533.1726  loss: 115.8063  loss_cls: 42.1384  loss_bbox: 38.0047  loss_dfl: 35.6633
06/21 23:09:18 - mmengine - INFO - Epoch(train)  [1][ 700/1294]  base_lr: 1.3370e-05 lr: 1.3370e-05  eta: 4:46:05  time: 1.1576  data_time: 0.0074  memory: 30863  grad_norm: 1817.7030  loss: 115.7607  loss_cls: 41.4774  loss_bbox: 38.3757  loss_dfl: 35.9076
06/21 23:10:16 - mmengine - INFO - Epoch(train)  [1][ 750/1294]  base_lr: 1.4277e-05 lr: 1.4277e-05  eta: 4:45:03  time: 1.1532  data_time: 0.0072  memory: 30990  grad_norm: 1468.2845  loss: 115.3070  loss_cls: 41.7815  loss_bbox: 37.8100  loss_dfl: 35.7155
06/21 23:11:14 - mmengine - INFO - Epoch(train)  [1][ 800/1294]  base_lr: 1.5177e-05 lr: 1.5177e-05  eta: 4:44:08  time: 1.1601  data_time: 0.0072  memory: 30917  grad_norm: 1621.7181  loss: 112.6268  loss_cls: 40.2103  loss_bbox: 37.2498  loss_dfl: 35.1668
06/21 23:12:11 - mmengine - INFO - Epoch(train)  [1][ 850/1294]  base_lr: 1.6071e-05 lr: 1.6071e-05  eta: 4:43:04  time: 1.1511  data_time: 0.0071  memory: 31157  grad_norm: 1495.7034  loss: 113.6701  loss_cls: 40.0178  loss_bbox: 38.0794  loss_dfl: 35.5730
06/21 23:13:09 - mmengine - INFO - Epoch(train)  [1][ 900/1294]  base_lr: 1.6959e-05 lr: 1.6959e-05  eta: 4:42:06  time: 1.1562  data_time: 0.0073  memory: 30903  grad_norm: 1753.5913  loss: 116.4781  loss_cls: 41.9913  loss_bbox: 38.6362  loss_dfl: 35.8506
06/21 23:14:07 - mmengine - INFO - Epoch(train)  [1][ 950/1294]  base_lr: 1.7840e-05 lr: 1.7840e-05  eta: 4:41:04  time: 1.1528  data_time: 0.0071  memory: 30950  grad_norm: 1693.7134  loss: 113.1239  loss_cls: 40.0411  loss_bbox: 37.3081  loss_dfl: 35.7747
06/21 23:15:04 - mmengine - INFO - Exp name: wedetect_base_3stage_s3_20260621_225528
06/21 23:15:04 - mmengine - INFO - Epoch(train)  [1][1000/1294]  base_lr: 1.8714e-05 lr: 1.8714e-05  eta: 4:40:07  time: 1.1575  data_time: 0.0072  memory: 30883  grad_norm: 1452.1833  loss: 114.5679  loss_cls: 40.0660  loss_bbox: 38.7858  loss_dfl: 35.7161
06/21 23:16:02 - mmengine - INFO - Epoch(train)  [1][1050/1294]  base_lr: 1.8650e-05 lr: 1.8650e-05  eta: 4:39:05  time: 1.1507  data_time: 0.0057  memory: 30990  grad_norm: 1589.2043  loss: 116.2524  loss_cls: 41.4641  loss_bbox: 38.7060  loss_dfl: 36.0823
06/21 23:17:00 - mmengine - INFO - Epoch(train)  [1][1100/1294]  base_lr: 1.8586e-05 lr: 1.8586e-05  eta: 4:38:05  time: 1.1533  data_time: 0.0056  memory: 30970  grad_norm: 1749.4103  loss: 114.7948  loss_cls: 40.9033  loss_bbox: 38.1273  loss_dfl: 35.7642
06/21 23:17:57 - mmengine - INFO - Epoch(train)  [1][1150/1294]  base_lr: 1.8521e-05 lr: 1.8521e-05  eta: 4:37:04  time: 1.1510  data_time: 0.0057  memory: 30930  grad_norm: 1689.7850  loss: 114.8383  loss_cls: 40.4218  loss_bbox: 38.5850  loss_dfl: 35.8315
06/21 23:18:55 - mmengine - INFO - Epoch(train)  [1][1200/1294]  base_lr: 1.8457e-05 lr: 1.8457e-05  eta: 4:36:07  time: 1.1583  data_time: 0.0057  memory: 31110  grad_norm: 1631.7972  loss: 114.5730  loss_cls: 40.2951  loss_bbox: 38.2463  loss_dfl: 36.0315
06/21 23:19:53 - mmengine - INFO - Epoch(train)  [1][1250/1294]  base_lr: 1.8393e-05 lr: 1.8393e-05  eta: 4:35:08  time: 1.1538  data_time: 0.0057  memory: 31077  grad_norm: 1358.8928  loss: 114.7577  loss_cls: 40.2917  loss_bbox: 38.7856  loss_dfl: 35.6804
06/21 23:20:43 - mmengine - INFO - Exp name: wedetect_base_3stage_s3_20260621_225528
06/21 23:20:43 - mmengine - INFO - Saving checkpoint at 1 epochs
06/21 23:21:50 - mmengine - INFO - Epoch(train)  [2][  50/1294]  base_lr: 1.8272e-05 lr: 1.8272e-05  eta: 4:33:16  time: 1.1664  data_time: 0.0239  memory: 31137  grad_norm: 1246.7602  loss: 114.6002  loss_cls: 40.2430  loss_bbox: 38.7246  loss_dfl: 35.6326
06/21 23:22:48 - mmengine - INFO - Epoch(train)  [2][ 100/1294]  base_lr: 1.8208e-05 lr: 1.8208e-05  eta: 4:32:19  time: 1.1584  data_time: 0.0058  memory: 30810  grad_norm: 1300.1699  loss: 114.4455  loss_cls: 39.5013  loss_bbox: 38.3322  loss_dfl: 36.6120
06/21 23:23:46 - mmengine - INFO - Epoch(train)  [2][ 150/1294]  base_lr: 1.8143e-05 lr: 1.8143e-05  eta: 4:31:19  time: 1.1508  data_time: 0.0058  memory: 30850  grad_norm: 1244.3148  loss: 113.0634  loss_cls: 39.0376  loss_bbox: 37.8044  loss_dfl: 36.2214
06/21 23:24:43 - mmengine - INFO - Epoch(train)  [2][ 200/1294]  base_lr: 1.8079e-05 lr: 1.8079e-05  eta: 4:30:19  time: 1.1509  data_time: 0.0057  memory: 31023  grad_norm: 1142.2028  loss: 113.3908  loss_cls: 39.6734  loss_bbox: 38.2819  loss_dfl: 35.4356
06/21 23:25:41 - mmengine - INFO - Epoch(train)  [2][ 250/1294]  base_lr: 1.8014e-05 lr: 1.8014e-05  eta: 4:29:21  time: 1.1570  data_time: 0.0057  memory: 31137  grad_norm: 1238.1160  loss: 114.0901  loss_cls: 39.7250  loss_bbox: 38.3790  loss_dfl: 35.9861
06/21 23:26:38 - mmengine - INFO - Epoch(train)  [2][ 300/1294]  base_lr: 1.7950e-05 lr: 1.7950e-05  eta: 4:28:21  time: 1.1506  data_time: 0.0059  memory: 30857  grad_norm: 1190.5123  loss: 114.6055  loss_cls: 41.1386  loss_bbox: 37.5922  loss_dfl: 35.8747
06/21 23:27:36 - mmengine - INFO - Epoch(train)  [2][ 350/1294]  base_lr: 1.7886e-05 lr: 1.7886e-05  eta: 4:27:22  time: 1.1510  data_time: 0.0060  memory: 30810  grad_norm: 1243.1485  loss: 109.9167  loss_cls: 37.7304  loss_bbox: 36.5435  loss_dfl: 35.6428
06/21 23:28:34 - mmengine - INFO - Epoch(train)  [2][ 400/1294]  base_lr: 1.7821e-05 lr: 1.7821e-05  eta: 4:26:22  time: 1.1510  data_time: 0.0058  memory: 30970  grad_norm: 1265.7095  loss: 110.8461  loss_cls: 38.2037  loss_bbox: 37.5430  loss_dfl: 35.0993
06/21 23:29:31 - mmengine - INFO - Epoch(train)  [2][ 450/1294]  base_lr: 1.7757e-05 lr: 1.7757e-05  eta: 4:25:25  time: 1.1576  data_time: 0.0056  memory: 30917  grad_norm: 1337.2514  loss: 109.2264  loss_cls: 37.0804  loss_bbox: 37.1183  loss_dfl: 35.0276
06/21 23:30:29 - mmengine - INFO - Epoch(train)  [2][ 500/1294]  base_lr: 1.7693e-05 lr: 1.7693e-05  eta: 4:24:26  time: 1.1503  data_time: 0.0058  memory: 30923  grad_norm: 1183.4857  loss: 112.5571  loss_cls: 38.9797  loss_bbox: 38.0033  loss_dfl: 35.5742
06/21 23:31:27 - mmengine - INFO - Epoch(train)  [2][ 550/1294]  base_lr: 1.7628e-05 lr: 1.7628e-05  eta: 4:23:27  time: 1.1524  data_time: 0.0059  memory: 30937  grad_norm: 1268.2195  loss: 113.7384  loss_cls: 39.8075  loss_bbox: 38.3429  loss_dfl: 35.5880
06/21 23:32:24 - mmengine - INFO - Epoch(train)  [2][ 600/1294]  base_lr: 1.7564e-05 lr: 1.7564e-05  eta: 4:22:30  time: 1.1569  data_time: 0.0057  memory: 30903  grad_norm: 1137.5974  loss: 113.0693  loss_cls: 39.5401  loss_bbox: 37.7561  loss_dfl: 35.7731
06/21 23:33:22 - mmengine - INFO - Epoch(train)  [2][ 650/1294]  base_lr: 1.7500e-05 lr: 1.7500e-05  eta: 4:21:30  time: 1.1507  data_time: 0.0063  memory: 30997  grad_norm: 1319.6109  loss: 113.1832  loss_cls: 39.3223  loss_bbox: 37.9906  loss_dfl: 35.8703
06/21 23:34:20 - mmengine - INFO - Epoch(train)  [2][ 700/1294]  base_lr: 1.7435e-05 lr: 1.7435e-05  eta: 4:20:31  time: 1.1505  data_time: 0.0059  memory: 30930  grad_norm: 1204.8190  loss: 112.7025  loss_cls: 39.0807  loss_bbox: 37.7739  loss_dfl: 35.8480
06/21 23:34:26 - mmengine - INFO - Exp name: wedetect_base_3stage_s3_20260621_225528
06/21 23:35:17 - mmengine - INFO - Epoch(train)  [2][ 750/1294]  base_lr: 1.7371e-05 lr: 1.7371e-05  eta: 4:19:34  time: 1.1580  data_time: 0.0058  memory: 30990  grad_norm: 1180.9483  loss: 110.3100  loss_cls: 37.4842  loss_bbox: 37.2718  loss_dfl: 35.5539
06/21 23:36:15 - mmengine - INFO - Epoch(train)  [2][ 800/1294]  base_lr: 1.7307e-05 lr: 1.7307e-05  eta: 4:18:35  time: 1.1512  data_time: 0.0059  memory: 31097  grad_norm: 1287.5264  loss: 111.4594  loss_cls: 38.1517  loss_bbox: 37.6862  loss_dfl: 35.6215
06/21 23:37:13 - mmengine - INFO - Epoch(train)  [2][ 850/1294]  base_lr: 1.7242e-05 lr: 1.7242e-05  eta: 4:17:37  time: 1.1523  data_time: 0.0057  memory: 30943  grad_norm: 1245.1033  loss: 114.0118  loss_cls: 39.5632  loss_bbox: 38.8202  loss_dfl: 35.6284
06/21 23:38:10 - mmengine - INFO - Epoch(train)  [2][ 900/1294]  base_lr: 1.7178e-05 lr: 1.7178e-05  eta: 4:16:39  time: 1.1546  data_time: 0.0057  memory: 31063  grad_norm: 1312.3058  loss: 110.4273  loss_cls: 38.8433  loss_bbox: 36.5851  loss_dfl: 34.9989
06/21 23:39:08 - mmengine - INFO - Epoch(train)  [2][ 950/1294]  base_lr: 1.7114e-05 lr: 1.7114e-05  eta: 4:15:41  time: 1.1551  data_time: 0.0057  memory: 30950  grad_norm: 1119.8844  loss: 114.3438  loss_cls: 39.9057  loss_bbox: 38.2428  loss_dfl: 36.1954
06/21 23:40:06 - mmengine - INFO - Epoch(train)  [2][1000/1294]  base_lr: 1.7049e-05 lr: 1.7049e-05  eta: 4:14:43  time: 1.1519  data_time: 0.0057  memory: 30903  grad_norm: 1186.4196  loss: 113.8132  loss_cls: 39.7636  loss_bbox: 38.1985  loss_dfl: 35.8511
06/21 23:41:03 - mmengine - INFO - Epoch(train)  [2][1050/1294]  base_lr: 1.6985e-05 lr: 1.6985e-05  eta: 4:13:44  time: 1.1516  data_time: 0.0056  memory: 30937  grad_norm: 1238.2381  loss: 113.9716  loss_cls: 39.3901  loss_bbox: 38.6685  loss_dfl: 35.9130
06/21 23:42:01 - mmengine - INFO - Epoch(train)  [2][1100/1294]  base_lr: 1.6921e-05 lr: 1.6921e-05  eta: 4:12:47  time: 1.1587  data_time: 0.0057  memory: 30850  grad_norm: 1068.3020  loss: 113.5661  loss_cls: 40.0401  loss_bbox: 37.6249  loss_dfl: 35.9011
06/21 23:42:59 - mmengine - INFO - Epoch(train)  [2][1150/1294]  base_lr: 1.6856e-05 lr: 1.6856e-05  eta: 4:11:49  time: 1.1534  data_time: 0.0058  memory: 31103  grad_norm: 1047.1539  loss: 111.3635  loss_cls: 37.9626  loss_bbox: 37.6806  loss_dfl: 35.7203
06/21 23:43:57 - mmengine - INFO - Epoch(train)  [2][1200/1294]  base_lr: 1.6792e-05 lr: 1.6792e-05  eta: 4:10:51  time: 1.1530  data_time: 0.0061  memory: 30957  grad_norm: 1119.1371  loss: 109.4389  loss_cls: 37.5942  loss_bbox: 36.8344  loss_dfl: 35.0103
06/21 23:44:54 - mmengine - INFO - Epoch(train)  [2][1250/1294]  base_lr: 1.6728e-05 lr: 1.6728e-05  eta: 4:09:54  time: 1.1577  data_time: 0.0057  memory: 30877  grad_norm: 1064.7242  loss: 110.1397  loss_cls: 37.9738  loss_bbox: 36.9849  loss_dfl: 35.1810
06/21 23:45:44 - mmengine - INFO - Exp name: wedetect_base_3stage_s3_20260621_225528
06/21 23:45:45 - mmengine - INFO - Saving checkpoint at 2 epochs
06/21 23:45:57 - mmengine - INFO - Epoch(val)  [2][  50/2587]    eta: 0:02:49  time: 0.0668  data_time: 0.0173  memory: 30863  
06/21 23:45:59 - mmengine - INFO - Epoch(val)  [2][ 100/2587]    eta: 0:02:25  time: 0.0505  data_time: 0.0029  memory: 6053  
06/21 23:46:02 - mmengine - INFO - Epoch(val)  [2][ 150/2587]    eta: 0:02:14  time: 0.0481  data_time: 0.0003  memory: 6053  
06/21 23:46:06 - mmengine - INFO - Epoch(val)  [2][ 200/2587]    eta: 0:02:29  time: 0.0847  data_time: 0.0378  memory: 6053  
06/21 23:46:08 - mmengine - INFO - Epoch(val)  [2][ 250/2587]    eta: 0:02:19  time: 0.0481  data_time: 0.0002  memory: 6053  
06/21 23:46:11 - mmengine - INFO - Epoch(val)  [2][ 300/2587]    eta: 0:02:12  time: 0.0484  data_time: 0.0002  memory: 6053  
06/21 23:46:13 - mmengine - INFO - Epoch(val)  [2][ 350/2587]    eta: 0:02:06  time: 0.0482  data_time: 0.0002  memory: 6053  
06/21 23:46:16 - mmengine - INFO - Epoch(val)  [2][ 400/2587]    eta: 0:02:01  time: 0.0484  data_time: 0.0002  memory: 6053  
06/21 23:46:18 - mmengine - INFO - Epoch(val)  [2][ 450/2587]    eta: 0:01:56  time: 0.0484  data_time: 0.0002  memory: 6053  
06/21 23:46:20 - mmengine - INFO - Epoch(val)  [2][ 500/2587]    eta: 0:01:52  time: 0.0485  data_time: 0.0002  memory: 6053  
06/21 23:46:23 - mmengine - INFO - Epoch(val)  [2][ 550/2587]    eta: 0:01:49  time: 0.0485  data_time: 0.0002  memory: 6053  
06/21 23:46:25 - mmengine - INFO - Epoch(val)  [2][ 600/2587]    eta: 0:01:45  time: 0.0486  data_time: 0.0002  memory: 6053  
06/21 23:46:28 - mmengine - INFO - Epoch(val)  [2][ 650/2587]    eta: 0:01:42  time: 0.0484  data_time: 0.0002  memory: 6053  
06/21 23:46:30 - mmengine - INFO - Epoch(val)  [2][ 700/2587]    eta: 0:01:39  time: 0.0486  data_time: 0.0002  memory: 6053  
06/21 23:46:33 - mmengine - INFO - Epoch(val)  [2][ 750/2587]    eta: 0:01:35  time: 0.0487  data_time: 0.0002  memory: 6053  
06/21 23:46:35 - mmengine - INFO - Epoch(val)  [2][ 800/2587]    eta: 0:01:32  time: 0.0485  data_time: 0.0002  memory: 6053  
06/21 23:46:37 - mmengine - INFO - Epoch(val)  [2][ 850/2587]    eta: 0:01:29  time: 0.0485  data_time: 0.0002  memory: 6053  
06/21 23:46:40 - mmengine - INFO - Epoch(val)  [2][ 900/2587]    eta: 0:01:27  time: 0.0488  data_time: 0.0002  memory: 6053  
06/21 23:46:42 - mmengine - INFO - Epoch(val)  [2][ 950/2587]    eta: 0:01:24  time: 0.0487  data_time: 0.0004  memory: 6053  
06/21 23:46:45 - mmengine - INFO - Epoch(val)  [2][1000/2587]    eta: 0:01:21  time: 0.0485  data_time: 0.0002  memory: 6053  
06/21 23:46:47 - mmengine - INFO - Epoch(val)  [2][1050/2587]    eta: 0:01:18  time: 0.0486  data_time: 0.0002  memory: 6053  
06/21 23:46:50 - mmengine - INFO - Epoch(val)  [2][1100/2587]    eta: 0:01:15  time: 0.0486  data_time: 0.0002  memory: 6053  
06/21 23:46:52 - mmengine - INFO - Epoch(val)  [2][1150/2587]    eta: 0:01:13  time: 0.0485  data_time: 0.0002  memory: 6053  
06/21 23:46:54 - mmengine - INFO - Epoch(val)  [2][1200/2587]    eta: 0:01:10  time: 0.0492  data_time: 0.0003  memory: 6053  
06/21 23:46:57 - mmengine - INFO - Epoch(val)  [2][1250/2587]    eta: 0:01:07  time: 0.0490  data_time: 0.0003  memory: 6053  
06/21 23:46:59 - mmengine - INFO - Epoch(val)  [2][1300/2587]    eta: 0:01:05  time: 0.0490  data_time: 0.0003  memory: 6053  
06/21 23:47:02 - mmengine - INFO - Epoch(val)  [2][1350/2587]    eta: 0:01:02  time: 0.0489  data_time: 0.0003  memory: 6053  
06/21 23:47:04 - mmengine - INFO - Epoch(val)  [2][1400/2587]    eta: 0:01:00  time: 0.0487  data_time: 0.0003  memory: 6053  
06/21 23:47:07 - mmengine - INFO - Epoch(val)  [2][1450/2587]    eta: 0:00:57  time: 0.0489  data_time: 0.0003  memory: 6053  
06/21 23:47:09 - mmengine - INFO - Epoch(val)  [2][1500/2587]    eta: 0:00:54  time: 0.0490  data_time: 0.0003  memory: 6053  
06/21 23:47:12 - mmengine - INFO - Epoch(val)  [2][1550/2587]    eta: 0:00:52  time: 0.0488  data_time: 0.0002  memory: 6053  
06/21 23:47:14 - mmengine - INFO - Epoch(val)  [2][1600/2587]    eta: 0:00:49  time: 0.0492  data_time: 0.0004  memory: 6053  
06/21 23:47:17 - mmengine - INFO - Epoch(val)  [2][1650/2587]    eta: 0:00:47  time: 0.0490  data_time: 0.0004  memory: 6053  
06/21 23:47:19 - mmengine - INFO - Epoch(val)  [2][1700/2587]    eta: 0:00:44  time: 0.0487  data_time: 0.0002  memory: 6053  
06/21 23:47:21 - mmengine - INFO - Epoch(val)  [2][1750/2587]    eta: 0:00:42  time: 0.0495  data_time: 0.0014  memory: 6053  
06/21 23:47:24 - mmengine - INFO - Epoch(val)  [2][1800/2587]    eta: 0:00:39  time: 0.0508  data_time: 0.0025  memory: 6053  
06/21 23:47:26 - mmengine - INFO - Epoch(val)  [2][1850/2587]    eta: 0:00:37  time: 0.0484  data_time: 0.0003  memory: 6053  
06/21 23:47:29 - mmengine - INFO - Epoch(val)  [2][1900/2587]    eta: 0:00:34  time: 0.0482  data_time: 0.0003  memory: 6053  
06/21 23:47:31 - mmengine - INFO - Epoch(val)  [2][1950/2587]    eta: 0:00:31  time: 0.0485  data_time: 0.0003  memory: 6053  
06/21 23:47:34 - mmengine - INFO - Epoch(val)  [2][2000/2587]    eta: 0:00:29  time: 0.0487  data_time: 0.0003  memory: 6053  
06/21 23:47:36 - mmengine - INFO - Epoch(val)  [2][2050/2587]    eta: 0:00:26  time: 0.0483  data_time: 0.0003  memory: 6053  
06/21 23:47:38 - mmengine - INFO - Epoch(val)  [2][2100/2587]    eta: 0:00:24  time: 0.0481  data_time: 0.0002  memory: 6053  
06/21 23:47:41 - mmengine - INFO - Epoch(val)  [2][2150/2587]    eta: 0:00:21  time: 0.0483  data_time: 0.0002  memory: 6053  
06/21 23:47:43 - mmengine - INFO - Epoch(val)  [2][2200/2587]    eta: 0:00:19  time: 0.0482  data_time: 0.0003  memory: 6053  
06/21 23:47:46 - mmengine - INFO - Epoch(val)  [2][2250/2587]    eta: 0:00:16  time: 0.0539  data_time: 0.0056  memory: 6053  
06/21 23:47:48 - mmengine - INFO - Epoch(val)  [2][2300/2587]    eta: 0:00:14  time: 0.0485  data_time: 0.0002  memory: 6053  
06/21 23:47:51 - mmengine - INFO - Epoch(val)  [2][2350/2587]    eta: 0:00:11  time: 0.0488  data_time: 0.0003  memory: 6053  
06/21 23:47:53 - mmengine - INFO - Epoch(val)  [2][2400/2587]    eta: 0:00:09  time: 0.0488  data_time: 0.0003  memory: 6053  
06/21 23:47:56 - mmengine - INFO - Epoch(val)  [2][2450/2587]    eta: 0:00:06  time: 0.0483  data_time: 0.0002  memory: 6053  
06/21 23:47:58 - mmengine - INFO - Epoch(val)  [2][2500/2587]    eta: 0:00:04  time: 0.0485  data_time: 0.0002  memory: 6053  
06/21 23:48:01 - mmengine - INFO - Epoch(val)  [2][2550/2587]    eta: 0:00:01  time: 0.0487  data_time: 0.0002  memory: 6053  
06/21 23:48:25 - mmengine - INFO - Evaluating bbox...
Loading and preparing results...
DONE (t=4.15s)
creating index...
index created!
Running per image evaluation...
Evaluate annotation type *bbox*
DONE (t=79.62s).
Accumulating evaluation results...
DONE (t=37.79s).
 Average Precision  (AP) @[ IoU=0.50:0.95 | area=   all | maxDets=100 ] = 0.392
 Average Precision  (AP) @[ IoU=0.50      | area=   all | maxDets=1000 ] = 0.555
 Average Precision  (AP) @[ IoU=0.75      | area=   all | maxDets=1000 ] = 0.453
 Average Precision  (AP) @[ IoU=0.50:0.95 | area= small | maxDets=1000 ] = 0.143
 Average Precision  (AP) @[ IoU=0.50:0.95 | area=medium | maxDets=1000 ] = 0.358
 Average Precision  (AP) @[ IoU=0.50:0.95 | area= large | maxDets=1000 ] = 0.448
 Average Recall     (AR) @[ IoU=0.50:0.95 | area=   all | maxDets=100 ] = 0.706
 Average Recall     (AR) @[ IoU=0.50:0.95 | area=   all | maxDets=300 ] = 0.707
 Average Recall     (AR) @[ IoU=0.50:0.95 | area=   all | maxDets=1000 ] = 0.707
 Average Recall     (AR) @[ IoU=0.50:0.95 | area= small | maxDets=1000 ] = 0.287
 Average Recall     (AR) @[ IoU=0.50:0.95 | area=medium | maxDets=1000 ] = 0.673
 Average Recall     (AR) @[ IoU=0.50:0.95 | area= large | maxDets=1000 ] = 0.761
06/21 23:50:36 - mmengine - INFO - bbox_mAP_copypaste: 0.392 0.555 0.453 0.143 0.358 0.448
06/21 23:50:39 - mmengine - INFO - Epoch(val) [2][2587/2587]    coco/bbox_mAP: 0.3920  coco/bbox_mAP_50: 0.5550  coco/bbox_mAP_75: 0.4530  coco/bbox_mAP_s: 0.1430  coco/bbox_mAP_m: 0.3580  coco/bbox_mAP_l: 0.4480  data_time: 0.0015  time: 0.0498
06/21 23:50:43 - mmengine - INFO - The best checkpoint with 0.3920 coco/bbox_mAP at 2 epoch is saved to best_coco_bbox_mAP_epoch_2.pth.
06/21 23:51:49 - mmengine - INFO - Epoch(train)  [3][  50/1294]  base_lr: 1.6607e-05 lr: 1.6607e-05  eta: 4:07:59  time: 1.1433  data_time: 0.0163  memory: 31023  grad_norm: 1132.2991  loss: 110.8023  loss_cls: 37.9590  loss_bbox: 37.3533  loss_dfl: 35.4900
06/21 23:52:47 - mmengine - INFO - Epoch(train)  [3][ 100/1294]  base_lr: 1.6542e-05 lr: 1.6542e-05  eta: 4:07:02  time: 1.1578  data_time: 0.0059  memory: 30897  grad_norm: 1125.5425  loss: 111.5460  loss_cls: 38.8480  loss_bbox: 37.6767  loss_dfl: 35.0212
06/21 23:53:45 - mmengine - INFO - Epoch(train)  [3][ 150/1294]  base_lr: 1.6478e-05 lr: 1.6478e-05  eta: 4:06:03  time: 1.1494  data_time: 0.0057  memory: 30997  grad_norm: 1196.4198  loss: 111.5568  loss_cls: 38.1922  loss_bbox: 37.9993  loss_dfl: 35.3653
06/21 23:54:42 - mmengine - INFO - Epoch(train)  [3][ 200/1294]  base_lr: 1.6414e-05 lr: 1.6414e-05  eta: 4:05:05  time: 1.1540  data_time: 0.0058  memory: 30917  grad_norm: 1202.4411  loss: 112.3937  loss_cls: 39.0815  loss_bbox: 37.7578  loss_dfl: 35.5544
06/21 23:55:40 - mmengine - INFO - Epoch(train)  [3][ 250/1294]  base_lr: 1.6349e-05 lr: 1.6349e-05  eta: 4:04:08  time: 1.1537  data_time: 0.0061  memory: 30890  grad_norm: 1134.2905  loss: 110.6695  loss_cls: 36.8612  loss_bbox: 37.9461  loss_dfl: 35.8621
06/21 23:56:37 - mmengine - INFO - Epoch(train)  [3][ 300/1294]  base_lr: 1.6285e-05 lr: 1.6285e-05  eta: 4:03:09  time: 1.1506  data_time: 0.0059  memory: 30977  grad_norm: 1137.9893  loss: 110.9808  loss_cls: 37.6229  loss_bbox: 38.1089  loss_dfl: 35.2490
06/21 23:57:35 - mmengine - INFO - Epoch(train)  [3][ 350/1294]  base_lr: 1.6221e-05 lr: 1.6221e-05  eta: 4:02:11  time: 1.1513  data_time: 0.0059  memory: 31117  grad_norm: 1037.2131  loss: 110.3370  loss_cls: 37.4213  loss_bbox: 38.0936  loss_dfl: 34.8220
06/21 23:58:33 - mmengine - INFO - Epoch(train)  [3][ 400/1294]  base_lr: 1.6156e-05 lr: 1.6156e-05  eta: 4:01:13  time: 1.1524  data_time: 0.0060  memory: 31130  grad_norm: 1061.9755  loss: 110.8835  loss_cls: 37.1826  loss_bbox: 37.7041  loss_dfl: 35.9967
06/21 23:58:47 - mmengine - INFO - Exp name: wedetect_base_3stage_s3_20260621_225528
06/21 23:59:30 - mmengine - INFO - Epoch(train)  [3][ 450/1294]  base_lr: 1.6092e-05 lr: 1.6092e-05  eta: 4:00:15  time: 1.1540  data_time: 0.0058  memory: 30943  grad_norm: 1186.3902  loss: 112.5807  loss_cls: 38.7719  loss_bbox: 38.1351  loss_dfl: 35.6737
06/22 00:00:28 - mmengine - INFO - Epoch(train)  [3][ 500/1294]  base_lr: 1.6028e-05 lr: 1.6028e-05  eta: 3:59:16  time: 1.1482  data_time: 0.0059  memory: 30790  grad_norm: 1013.3231  loss: 109.1377  loss_cls: 35.8880  loss_bbox: 37.6796  loss_dfl: 35.5701
06/22 00:01:25 - mmengine - INFO - Epoch(train)  [3][ 550/1294]  base_lr: 1.5963e-05 lr: 1.5963e-05  eta: 3:58:18  time: 1.1512  data_time: 0.0058  memory: 30910  grad_norm: 1021.6953  loss: 111.4185  loss_cls: 37.6559  loss_bbox: 38.0853  loss_dfl: 35.6774
06/22 00:02:23 - mmengine - INFO - Epoch(train)  [3][ 600/1294]  base_lr: 1.5899e-05 lr: 1.5899e-05  eta: 3:57:21  time: 1.1584  data_time: 0.0060  memory: 31030  grad_norm: 1035.5217  loss: 109.5992  loss_cls: 37.3848  loss_bbox: 37.2811  loss_dfl: 34.9334
06/22 00:03:21 - mmengine - INFO - Epoch(train)  [3][ 650/1294]  base_lr: 1.5835e-05 lr: 1.5835e-05  eta: 3:56:22  time: 1.1491  data_time: 0.0058  memory: 30930  grad_norm: 964.8766  loss: 108.0661  loss_cls: 36.8814  loss_bbox: 36.5895  loss_dfl: 34.5951
06/22 00:04:18 - mmengine - INFO - Epoch(train)  [3][ 700/1294]  base_lr: 1.5770e-05 lr: 1.5770e-05  eta: 3:55:24  time: 1.1509  data_time: 0.0058  memory: 30977  grad_norm: 1060.6919  loss: 110.5571  loss_cls: 37.5959  loss_bbox: 37.4988  loss_dfl: 35.4624
06/22 00:05:16 - mmengine - INFO - Epoch(train)  [3][ 750/1294]  base_lr: 1.5706e-05 lr: 1.5706e-05  eta: 3:54:26  time: 1.1514  data_time: 0.0059  memory: 30883  grad_norm: 1072.0240  loss: 112.4966  loss_cls: 38.5412  loss_bbox: 38.2067  loss_dfl: 35.7488
06/22 00:06:14 - mmengine - INFO - Epoch(train)  [3][ 800/1294]  base_lr: 1.5642e-05 lr: 1.5642e-05  eta: 3:53:28  time: 1.1545  data_time: 0.0058  memory: 31130  grad_norm: 1024.4791  loss: 110.2719  loss_cls: 37.3551  loss_bbox: 37.6480  loss_dfl: 35.2687
06/22 00:07:11 - mmengine - INFO - Epoch(train)  [3][ 850/1294]  base_lr: 1.5577e-05 lr: 1.5577e-05  eta: 3:52:30  time: 1.1486  data_time: 0.0058  memory: 30930  grad_norm: 1036.4020  loss: 108.9124  loss_cls: 36.2101  loss_bbox: 37.3443  loss_dfl: 35.3579
06/22 00:08:09 - mmengine - INFO - Epoch(train)  [3][ 900/1294]  base_lr: 1.5513e-05 lr: 1.5513e-05  eta: 3:51:32  time: 1.1541  data_time: 0.0057  memory: 31030  grad_norm: 1070.6733  loss: 111.2118  loss_cls: 37.7852  loss_bbox: 37.9226  loss_dfl: 35.5040
06/22 00:09:06 - mmengine - INFO - Epoch(train)  [3][ 950/1294]  base_lr: 1.5449e-05 lr: 1.5449e-05  eta: 3:50:33  time: 1.1490  data_time: 0.0058  memory: 30997  grad_norm: 1057.1300  loss: 109.0991  loss_cls: 36.4695  loss_bbox: 37.3006  loss_dfl: 35.3290
06/22 00:10:04 - mmengine - INFO - Epoch(train)  [3][1000/1294]  base_lr: 1.5384e-05 lr: 1.5384e-05  eta: 3:49:36  time: 1.1544  data_time: 0.0058  memory: 30943  grad_norm: 976.6416  loss: 111.9458  loss_cls: 38.4958  loss_bbox: 38.0385  loss_dfl: 35.4116
06/22 00:11:01 - mmengine - INFO - Epoch(train)  [3][1050/1294]  base_lr: 1.5320e-05 lr: 1.5320e-05  eta: 3:48:37  time: 1.1490  data_time: 0.0059  memory: 30990  grad_norm: 939.5104  loss: 109.7896  loss_cls: 37.0709  loss_bbox: 37.5306  loss_dfl: 35.1881
06/22 00:11:59 - mmengine - INFO - Epoch(train)  [3][1100/1294]  base_lr: 1.5256e-05 lr: 1.5256e-05  eta: 3:47:40  time: 1.1548  data_time: 0.0057  memory: 30937  grad_norm: 1178.3838  loss: 108.3348  loss_cls: 35.9530  loss_bbox: 37.1323  loss_dfl: 35.2494
06/22 00:12:57 - mmengine - INFO - Epoch(train)  [3][1150/1294]  base_lr: 1.5191e-05 lr: 1.5191e-05  eta: 3:46:42  time: 1.1528  data_time: 0.0061  memory: 30897  grad_norm: 1040.1375  loss: 109.4505  loss_cls: 36.4589  loss_bbox: 37.7041  loss_dfl: 35.2875
06/22 00:13:54 - mmengine - INFO - Epoch(train)  [3][1200/1294]  base_lr: 1.5127e-05 lr: 1.5127e-05  eta: 3:45:44  time: 1.1549  data_time: 0.0058  memory: 30890  grad_norm: 1023.8754  loss: 108.1067  loss_cls: 35.9328  loss_bbox: 36.9026  loss_dfl: 35.2713
06/22 00:14:52 - mmengine - INFO - Epoch(train)  [3][1250/1294]  base_lr: 1.5063e-05 lr: 1.5063e-05  eta: 3:44:47  time: 1.1538  data_time: 0.0057  memory: 31063  grad_norm: 1027.8581  loss: 110.5548  loss_cls: 37.7657  loss_bbox: 37.0713  loss_dfl: 35.7177
06/22 00:15:42 - mmengine - INFO - Exp name: wedetect_base_3stage_s3_20260621_225528
06/22 00:15:42 - mmengine - INFO - Saving checkpoint at 3 epochs
06/22 00:16:49 - mmengine - INFO - Epoch(train)  [4][  50/1294]  base_lr: 1.4942e-05 lr: 1.4942e-05  eta: 3:42:57  time: 1.1614  data_time: 0.0162  memory: 31090  grad_norm: 1184.2796  loss: 109.2763  loss_cls: 36.3156  loss_bbox: 37.7453  loss_dfl: 35.2154
06/22 00:17:47 - mmengine - INFO - Epoch(train)  [4][ 100/1294]  base_lr: 1.4877e-05 lr: 1.4877e-05  eta: 3:42:00  time: 1.1553  data_time: 0.0059  memory: 30897  grad_norm: 968.9398  loss: 110.6182  loss_cls: 36.8491  loss_bbox: 37.9787  loss_dfl: 35.7904
06/22 00:18:07 - mmengine - INFO - Exp name: wedetect_base_3stage_s3_20260621_225528
06/22 00:18:44 - mmengine - INFO - Epoch(train)  [4][ 150/1294]  base_lr: 1.4813e-05 lr: 1.4813e-05  eta: 3:41:02  time: 1.1532  data_time: 0.0058  memory: 30970  grad_norm: 963.6352  loss: 107.6079  loss_cls: 35.1007  loss_bbox: 37.0073  loss_dfl: 35.4999
06/22 00:19:42 - mmengine - INFO - Epoch(train)  [4][ 200/1294]  base_lr: 1.4749e-05 lr: 1.4749e-05  eta: 3:40:04  time: 1.1476  data_time: 0.0058  memory: 30910  grad_norm: 985.1983  loss: 106.3424  loss_cls: 35.0239  loss_bbox: 36.3385  loss_dfl: 34.9800
06/22 00:20:40 - mmengine - INFO - Epoch(train)  [4][ 250/1294]  base_lr: 1.4684e-05 lr: 1.4684e-05  eta: 3:39:07  time: 1.1594  data_time: 0.0061  memory: 30997  grad_norm: 999.2241  loss: 108.6752  loss_cls: 35.8952  loss_bbox: 37.4243  loss_dfl: 35.3557
06/22 00:21:37 - mmengine - INFO - Epoch(train)  [4][ 300/1294]  base_lr: 1.4620e-05 lr: 1.4620e-05  eta: 3:38:09  time: 1.1502  data_time: 0.0059  memory: 31010  grad_norm: 1016.4604  loss: 110.6908  loss_cls: 36.8845  loss_bbox: 37.8434  loss_dfl: 35.9629
06/22 00:22:35 - mmengine - INFO - Epoch(train)  [4][ 350/1294]  base_lr: 1.4556e-05 lr: 1.4556e-05  eta: 3:37:11  time: 1.1534  data_time: 0.0058  memory: 30850  grad_norm: 909.9629  loss: 107.9098  loss_cls: 35.9092  loss_bbox: 36.9603  loss_dfl: 35.0403
06/22 00:23:32 - mmengine - INFO - Epoch(train)  [4][ 400/1294]  base_lr: 1.4491e-05 lr: 1.4491e-05  eta: 3:36:13  time: 1.1493  data_time: 0.0057  memory: 31043  grad_norm: 960.8373  loss: 109.8372  loss_cls: 36.9308  loss_bbox: 37.7345  loss_dfl: 35.1719
06/22 00:24:31 - mmengine - INFO - Epoch(train)  [4][ 450/1294]  base_lr: 1.4427e-05 lr: 1.4427e-05  eta: 3:35:16  time: 1.1633  data_time: 0.0060  memory: 31017  grad_norm: 952.9454  loss: 107.2403  loss_cls: 36.1882  loss_bbox: 35.9629  loss_dfl: 35.0892
06/22 00:25:28 - mmengine - INFO - Epoch(train)  [4][ 500/1294]  base_lr: 1.4363e-05 lr: 1.4363e-05  eta: 3:34:18  time: 1.1483  data_time: 0.0059  memory: 30937  grad_norm: 960.5900  loss: 108.8764  loss_cls: 36.6929  loss_bbox: 37.3458  loss_dfl: 34.8376
06/22 00:26:26 - mmengine - INFO - Epoch(train)  [4][ 550/1294]  base_lr: 1.4298e-05 lr: 1.4298e-05  eta: 3:33:20  time: 1.1549  data_time: 0.0058  memory: 30997  grad_norm: 1041.2555  loss: 113.1669  loss_cls: 38.9163  loss_bbox: 38.3065  loss_dfl: 35.9441
06/22 00:27:23 - mmengine - INFO - Epoch(train)  [4][ 600/1294]  base_lr: 1.4234e-05 lr: 1.4234e-05  eta: 3:32:22  time: 1.1493  data_time: 0.0058  memory: 30817  grad_norm: 1051.1193  loss: 108.0981  loss_cls: 35.6700  loss_bbox: 37.1385  loss_dfl: 35.2896
06/22 00:28:21 - mmengine - INFO - Epoch(train)  [4][ 650/1294]  base_lr: 1.4170e-05 lr: 1.4170e-05  eta: 3:31:25  time: 1.1603  data_time: 0.0061  memory: 31243  grad_norm: 1095.7637  loss: 108.9142  loss_cls: 36.1045  loss_bbox: 37.7930  loss_dfl: 35.0168
06/22 00:29:19 - mmengine - INFO - Epoch(train)  [4][ 700/1294]  base_lr: 1.4105e-05 lr: 1.4105e-05  eta: 3:30:27  time: 1.1480  data_time: 0.0060  memory: 31037  grad_norm: 934.7052  loss: 111.0197  loss_cls: 37.5266  loss_bbox: 37.9160  loss_dfl: 35.5771
06/22 00:30:16 - mmengine - INFO - Epoch(train)  [4][ 750/1294]  base_lr: 1.4041e-05 lr: 1.4041e-05  eta: 3:29:29  time: 1.1541  data_time: 0.0062  memory: 30843  grad_norm: 949.2399  loss: 108.4754  loss_cls: 35.9157  loss_bbox: 37.6130  loss_dfl: 34.9467
06/22 00:31:14 - mmengine - INFO - Epoch(train)  [4][ 800/1294]  base_lr: 1.3977e-05 lr: 1.3977e-05  eta: 3:28:31  time: 1.1508  data_time: 0.0059  memory: 31070  grad_norm: 1014.0300  loss: 109.6839  loss_cls: 36.4070  loss_bbox: 38.0258  loss_dfl: 35.2511
06/22 00:32:12 - mmengine - INFO - Epoch(train)  [4][ 850/1294]  base_lr: 1.3912e-05 lr: 1.3912e-05  eta: 3:27:35  time: 1.1630  data_time: 0.0061  memory: 30823  grad_norm: 973.9487  loss: 111.8084  loss_cls: 37.4619  loss_bbox: 38.4230  loss_dfl: 35.9236
06/22 00:33:10 - mmengine - INFO - Epoch(train)  [4][ 900/1294]  base_lr: 1.3848e-05 lr: 1.3848e-05  eta: 3:26:37  time: 1.1557  data_time: 0.0061  memory: 30997  grad_norm: 960.1054  loss: 109.3586  loss_cls: 36.0887  loss_bbox: 37.9927  loss_dfl: 35.2772
06/22 00:34:07 - mmengine - INFO - Epoch(train)  [4][ 950/1294]  base_lr: 1.3784e-05 lr: 1.3784e-05  eta: 3:25:39  time: 1.1510  data_time: 0.0060  memory: 30823  grad_norm: 998.9154  loss: 108.8010  loss_cls: 35.1258  loss_bbox: 37.7862  loss_dfl: 35.8890
06/22 00:35:05 - mmengine - INFO - Epoch(train)  [4][1000/1294]  base_lr: 1.3719e-05 lr: 1.3719e-05  eta: 3:24:42  time: 1.1620  data_time: 0.0062  memory: 30950  grad_norm: 931.6551  loss: 109.7536  loss_cls: 35.9402  loss_bbox: 38.2868  loss_dfl: 35.5266
06/22 00:36:03 - mmengine - INFO - Epoch(train)  [4][1050/1294]  base_lr: 1.3655e-05 lr: 1.3655e-05  eta: 3:23:44  time: 1.1483  data_time: 0.0059  memory: 31003  grad_norm: 1032.5648  loss: 105.9395  loss_cls: 35.0843  loss_bbox: 36.1941  loss_dfl: 34.6611
06/22 00:37:01 - mmengine - INFO - Epoch(train)  [4][1100/1294]  base_lr: 1.3590e-05 lr: 1.3590e-05  eta: 3:22:47  time: 1.1578  data_time: 0.0059  memory: 30883  grad_norm: 1007.3860  loss: 106.4314  loss_cls: 34.8278  loss_bbox: 36.5208  loss_dfl: 35.0828
06/22 00:37:21 - mmengine - INFO - Exp name: wedetect_base_3stage_s3_20260621_225528
06/22 00:37:58 - mmengine - INFO - Epoch(train)  [4][1150/1294]  base_lr: 1.3526e-05 lr: 1.3526e-05  eta: 3:21:49  time: 1.1481  data_time: 0.0060  memory: 30877  grad_norm: 966.4582  loss: 106.9242  loss_cls: 35.2723  loss_bbox: 36.3634  loss_dfl: 35.2884
06/22 00:38:56 - mmengine - INFO - Epoch(train)  [4][1200/1294]  base_lr: 1.3462e-05 lr: 1.3462e-05  eta: 3:20:52  time: 1.1612  data_time: 0.0060  memory: 31077  grad_norm: 977.6506  loss: 107.0027  loss_cls: 34.7941  loss_bbox: 36.7401  loss_dfl: 35.4685
06/22 00:39:54 - mmengine - INFO - Epoch(train)  [4][1250/1294]  base_lr: 1.3397e-05 lr: 1.3397e-05  eta: 3:19:54  time: 1.1508  data_time: 0.0059  memory: 30810  grad_norm: 944.3789  loss: 108.3610  loss_cls: 35.1765  loss_bbox: 37.2954  loss_dfl: 35.8891
06/22 00:40:44 - mmengine - INFO - Exp name: wedetect_base_3stage_s3_20260621_225528
06/22 00:40:44 - mmengine - INFO - Saving checkpoint at 4 epochs
06/22 00:40:56 - mmengine - INFO - Epoch(val)  [4][  50/2587]    eta: 0:02:42  time: 0.0642  data_time: 0.0169  memory: 30957  
06/22 00:40:59 - mmengine - INFO - Epoch(val)  [4][ 100/2587]    eta: 0:02:22  time: 0.0503  data_time: 0.0025  memory: 6053  
06/22 00:41:01 - mmengine - INFO - Epoch(val)  [4][ 150/2587]    eta: 0:02:12  time: 0.0480  data_time: 0.0003  memory: 6053  
06/22 00:41:05 - mmengine - INFO - Epoch(val)  [4][ 200/2587]    eta: 0:02:27  time: 0.0844  data_time: 0.0376  memory: 6053  
06/22 00:41:08 - mmengine - INFO - Epoch(val)  [4][ 250/2587]    eta: 0:02:17  time: 0.0480  data_time: 0.0003  memory: 6053  
06/22 00:41:10 - mmengine - INFO - Epoch(val)  [4][ 300/2587]    eta: 0:02:10  time: 0.0483  data_time: 0.0003  memory: 6053  
06/22 00:41:13 - mmengine - INFO - Epoch(val)  [4][ 350/2587]    eta: 0:02:05  time: 0.0482  data_time: 0.0002  memory: 6053  
06/22 00:41:15 - mmengine - INFO - Epoch(val)  [4][ 400/2587]    eta: 0:02:00  time: 0.0481  data_time: 0.0002  memory: 6053  
06/22 00:41:17 - mmengine - INFO - Epoch(val)  [4][ 450/2587]    eta: 0:01:55  time: 0.0483  data_time: 0.0002  memory: 6053  
06/22 00:41:20 - mmengine - INFO - Epoch(val)  [4][ 500/2587]    eta: 0:01:52  time: 0.0487  data_time: 0.0003  memory: 6053  
06/22 00:41:22 - mmengine - INFO - Epoch(val)  [4][ 550/2587]    eta: 0:01:48  time: 0.0484  data_time: 0.0003  memory: 6053  
06/22 00:41:25 - mmengine - INFO - Epoch(val)  [4][ 600/2587]    eta: 0:01:44  time: 0.0487  data_time: 0.0002  memory: 6053  
06/22 00:41:27 - mmengine - INFO - Epoch(val)  [4][ 650/2587]    eta: 0:01:41  time: 0.0483  data_time: 0.0002  memory: 6053  
06/22 00:41:30 - mmengine - INFO - Epoch(val)  [4][ 700/2587]    eta: 0:01:38  time: 0.0486  data_time: 0.0002  memory: 6053  
06/22 00:41:32 - mmengine - INFO - Epoch(val)  [4][ 750/2587]    eta: 0:01:35  time: 0.0485  data_time: 0.0002  memory: 6053  
06/22 00:41:34 - mmengine - INFO - Epoch(val)  [4][ 800/2587]    eta: 0:01:32  time: 0.0484  data_time: 0.0002  memory: 6053  
06/22 00:41:37 - mmengine - INFO - Epoch(val)  [4][ 850/2587]    eta: 0:01:29  time: 0.0490  data_time: 0.0003  memory: 6053  
06/22 00:41:39 - mmengine - INFO - Epoch(val)  [4][ 900/2587]    eta: 0:01:26  time: 0.0485  data_time: 0.0003  memory: 6053  
06/22 00:41:42 - mmengine - INFO - Epoch(val)  [4][ 950/2587]    eta: 0:01:23  time: 0.0485  data_time: 0.0003  memory: 6053  
06/22 00:41:44 - mmengine - INFO - Epoch(val)  [4][1000/2587]    eta: 0:01:21  time: 0.0487  data_time: 0.0002  memory: 6053  
06/22 00:41:47 - mmengine - INFO - Epoch(val)  [4][1050/2587]    eta: 0:01:18  time: 0.0484  data_time: 0.0002  memory: 6053  
06/22 00:41:49 - mmengine - INFO - Epoch(val)  [4][1100/2587]    eta: 0:01:15  time: 0.0484  data_time: 0.0002  memory: 6053  
06/22 00:41:51 - mmengine - INFO - Epoch(val)  [4][1150/2587]    eta: 0:01:12  time: 0.0489  data_time: 0.0002  memory: 6053  
06/22 00:41:54 - mmengine - INFO - Epoch(val)  [4][1200/2587]    eta: 0:01:10  time: 0.0485  data_time: 0.0003  memory: 6053  
06/22 00:41:56 - mmengine - INFO - Epoch(val)  [4][1250/2587]    eta: 0:01:07  time: 0.0489  data_time: 0.0002  memory: 6053  
06/22 00:41:59 - mmengine - INFO - Epoch(val)  [4][1300/2587]    eta: 0:01:05  time: 0.0488  data_time: 0.0003  memory: 6053  
06/22 00:42:01 - mmengine - INFO - Epoch(val)  [4][1350/2587]    eta: 0:01:02  time: 0.0488  data_time: 0.0003  memory: 6053  
06/22 00:42:04 - mmengine - INFO - Epoch(val)  [4][1400/2587]    eta: 0:00:59  time: 0.0488  data_time: 0.0003  memory: 6053  
06/22 00:42:06 - mmengine - INFO - Epoch(val)  [4][1450/2587]    eta: 0:00:57  time: 0.0487  data_time: 0.0003  memory: 6053  
06/22 00:42:09 - mmengine - INFO - Epoch(val)  [4][1500/2587]    eta: 0:00:54  time: 0.0490  data_time: 0.0003  memory: 6053  
06/22 00:42:11 - mmengine - INFO - Epoch(val)  [4][1550/2587]    eta: 0:00:52  time: 0.0486  data_time: 0.0003  memory: 6053  
06/22 00:42:13 - mmengine - INFO - Epoch(val)  [4][1600/2587]    eta: 0:00:49  time: 0.0495  data_time: 0.0003  memory: 6053  
06/22 00:42:16 - mmengine - INFO - Epoch(val)  [4][1650/2587]    eta: 0:00:47  time: 0.0486  data_time: 0.0003  memory: 6053  
06/22 00:42:18 - mmengine - INFO - Epoch(val)  [4][1700/2587]    eta: 0:00:44  time: 0.0484  data_time: 0.0002  memory: 6053  
06/22 00:42:21 - mmengine - INFO - Epoch(val)  [4][1750/2587]    eta: 0:00:41  time: 0.0500  data_time: 0.0016  memory: 6053  
06/22 00:42:23 - mmengine - INFO - Epoch(val)  [4][1800/2587]    eta: 0:00:39  time: 0.0506  data_time: 0.0023  memory: 6053  
06/22 00:42:26 - mmengine - INFO - Epoch(val)  [4][1850/2587]    eta: 0:00:36  time: 0.0488  data_time: 0.0003  memory: 6053  
06/22 00:42:28 - mmengine - INFO - Epoch(val)  [4][1900/2587]    eta: 0:00:34  time: 0.0487  data_time: 0.0003  memory: 6053  
06/22 00:42:31 - mmengine - INFO - Epoch(val)  [4][1950/2587]    eta: 0:00:31  time: 0.0485  data_time: 0.0003  memory: 6053  
06/22 00:42:33 - mmengine - INFO - Epoch(val)  [4][2000/2587]    eta: 0:00:29  time: 0.0486  data_time: 0.0003  memory: 6053  
06/22 00:42:36 - mmengine - INFO - Epoch(val)  [4][2050/2587]    eta: 0:00:26  time: 0.0488  data_time: 0.0003  memory: 6053  
06/22 00:42:38 - mmengine - INFO - Epoch(val)  [4][2100/2587]    eta: 0:00:24  time: 0.0487  data_time: 0.0003  memory: 6053  
06/22 00:42:40 - mmengine - INFO - Epoch(val)  [4][2150/2587]    eta: 0:00:21  time: 0.0484  data_time: 0.0002  memory: 6053  
06/22 00:42:43 - mmengine - INFO - Epoch(val)  [4][2200/2587]    eta: 0:00:19  time: 0.0488  data_time: 0.0003  memory: 6053  
06/22 00:42:46 - mmengine - INFO - Epoch(val)  [4][2250/2587]    eta: 0:00:16  time: 0.0540  data_time: 0.0059  memory: 6053  
06/22 00:42:48 - mmengine - INFO - Epoch(val)  [4][2300/2587]    eta: 0:00:14  time: 0.0484  data_time: 0.0003  memory: 6053  
06/22 00:42:50 - mmengine - INFO - Epoch(val)  [4][2350/2587]    eta: 0:00:11  time: 0.0486  data_time: 0.0003  memory: 6053  
06/22 00:42:53 - mmengine - INFO - Epoch(val)  [4][2400/2587]    eta: 0:00:09  time: 0.0486  data_time: 0.0003  memory: 6053  
06/22 00:42:55 - mmengine - INFO - Epoch(val)  [4][2450/2587]    eta: 0:00:06  time: 0.0490  data_time: 0.0002  memory: 6053  
06/22 00:42:58 - mmengine - INFO - Epoch(val)  [4][2500/2587]    eta: 0:00:04  time: 0.0484  data_time: 0.0003  memory: 6053  
06/22 00:43:00 - mmengine - INFO - Epoch(val)  [4][2550/2587]    eta: 0:00:01  time: 0.0490  data_time: 0.0003  memory: 6053  
06/22 00:43:25 - mmengine - INFO - Evaluating bbox...
Loading and preparing results...
DONE (t=4.89s)
creating index...
index created!
Running per image evaluation...
Evaluate annotation type *bbox*
DONE (t=76.48s).
Accumulating evaluation results...
DONE (t=31.69s).
 Average Precision  (AP) @[ IoU=0.50:0.95 | area=   all | maxDets=100 ] = 0.422
 Average Precision  (AP) @[ IoU=0.50      | area=   all | maxDets=1000 ] = 0.596
 Average Precision  (AP) @[ IoU=0.75      | area=   all | maxDets=1000 ] = 0.490
 Average Precision  (AP) @[ IoU=0.50:0.95 | area= small | maxDets=1000 ] = 0.155
 Average Precision  (AP) @[ IoU=0.50:0.95 | area=medium | maxDets=1000 ] = 0.397
 Average Precision  (AP) @[ IoU=0.50:0.95 | area= large | maxDets=1000 ] = 0.476
 Average Recall     (AR) @[ IoU=0.50:0.95 | area=   all | maxDets=100 ] = 0.702
 Average Recall     (AR) @[ IoU=0.50:0.95 | area=   all | maxDets=300 ] = 0.702
 Average Recall     (AR) @[ IoU=0.50:0.95 | area=   all | maxDets=1000 ] = 0.702
 Average Recall     (AR) @[ IoU=0.50:0.95 | area= small | maxDets=1000 ] = 0.290
 Average Recall     (AR) @[ IoU=0.50:0.95 | area=medium | maxDets=1000 ] = 0.665
 Average Recall     (AR) @[ IoU=0.50:0.95 | area= large | maxDets=1000 ] = 0.766
06/22 00:45:25 - mmengine - INFO - bbox_mAP_copypaste: 0.422 0.596 0.490 0.155 0.397 0.476
06/22 00:45:28 - mmengine - INFO - Epoch(val) [4][2587/2587]    coco/bbox_mAP: 0.4220  coco/bbox_mAP_50: 0.5960  coco/bbox_mAP_75: 0.4900  coco/bbox_mAP_s: 0.1550  coco/bbox_mAP_m: 0.3970  coco/bbox_mAP_l: 0.4760  data_time: 0.0015  time: 0.0498
06/22 00:45:28 - mmengine - INFO - The previous best checkpoint /home/siyuan/projects/LLMs/OralDetect-Family/WeDetect_repro/WeDetect/work_dirs/base3stage_s3/best_coco_bbox_mAP_epoch_2.pth is removed
06/22 00:45:31 - mmengine - INFO - The best checkpoint with 0.4220 coco/bbox_mAP at 4 epoch is saved to best_coco_bbox_mAP_epoch_4.pth.
06/22 00:46:39 - mmengine - INFO - Epoch(train)  [5][  50/1294]  base_lr: 1.3277e-05 lr: 1.3277e-05  eta: 3:18:04  time: 1.1573  data_time: 0.0250  memory: 30970  grad_norm: 963.3295  loss: 108.4470  loss_cls: 35.9843  loss_bbox: 37.1830  loss_dfl: 35.2797
06/22 00:47:37 - mmengine - INFO - Epoch(train)  [5][ 100/1294]  base_lr: 1.3212e-05 lr: 1.3212e-05  eta: 3:17:07  time: 1.1559  data_time: 0.0059  memory: 31090  grad_norm: 1051.7704  loss: 109.3972  loss_cls: 35.6616  loss_bbox: 37.9474  loss_dfl: 35.7882
06/22 00:48:34 - mmengine - INFO - Epoch(train)  [5][ 150/1294]  base_lr: 1.3148e-05 lr: 1.3148e-05  eta: 3:16:10  time: 1.1569  data_time: 0.0060  memory: 30910  grad_norm: 962.1426  loss: 108.7727  loss_cls: 35.9601  loss_bbox: 37.1727  loss_dfl: 35.6398
06/22 00:49:32 - mmengine - INFO - Epoch(train)  [5][ 200/1294]  base_lr: 1.3083e-05 lr: 1.3083e-05  eta: 3:15:12  time: 1.1603  data_time: 0.0060  memory: 30890  grad_norm: 979.4636  loss: 106.8399  loss_cls: 34.7605  loss_bbox: 36.8619  loss_dfl: 35.2175
06/22 00:50:30 - mmengine - INFO - Epoch(train)  [5][ 250/1294]  base_lr: 1.3019e-05 lr: 1.3019e-05  eta: 3:14:15  time: 1.1544  data_time: 0.0062  memory: 30950  grad_norm: 1098.9384  loss: 108.3569  loss_cls: 34.8731  loss_bbox: 38.2334  loss_dfl: 35.2504
06/22 00:51:28 - mmengine - INFO - Epoch(train)  [5][ 300/1294]  base_lr: 1.2955e-05 lr: 1.2955e-05  eta: 3:13:17  time: 1.1566  data_time: 0.0060  memory: 30837  grad_norm: 980.0945  loss: 109.8121  loss_cls: 36.4377  loss_bbox: 37.7435  loss_dfl: 35.6308
06/22 00:52:26 - mmengine - INFO - Epoch(train)  [5][ 350/1294]  base_lr: 1.2890e-05 lr: 1.2890e-05  eta: 3:12:20  time: 1.1523  data_time: 0.0060  memory: 30963  grad_norm: 1160.7034  loss: 108.2811  loss_cls: 34.7967  loss_bbox: 38.1945  loss_dfl: 35.2900
06/22 00:53:24 - mmengine - INFO - Epoch(train)  [5][ 400/1294]  base_lr: 1.2826e-05 lr: 1.2826e-05  eta: 3:11:22  time: 1.1603  data_time: 0.0059  memory: 30823  grad_norm: 916.2747  loss: 106.5897  loss_cls: 34.6492  loss_bbox: 36.7073  loss_dfl: 35.2331
06/22 00:54:22 - mmengine - INFO - Epoch(train)  [5][ 450/1294]  base_lr: 1.2762e-05 lr: 1.2762e-05  eta: 3:10:25  time: 1.1593  data_time: 0.0061  memory: 31010  grad_norm: 926.4338  loss: 107.0032  loss_cls: 34.4920  loss_bbox: 37.2806  loss_dfl: 35.2306
06/22 00:55:19 - mmengine - INFO - Epoch(train)  [5][ 500/1294]  base_lr: 1.2697e-05 lr: 1.2697e-05  eta: 3:09:28  time: 1.1543  data_time: 0.0059  memory: 30903  grad_norm: 956.0667  loss: 107.6556  loss_cls: 35.3194  loss_bbox: 37.1791  loss_dfl: 35.1572
06/22 00:56:17 - mmengine - INFO - Epoch(train)  [5][ 550/1294]  base_lr: 1.2633e-05 lr: 1.2633e-05  eta: 3:08:30  time: 1.1515  data_time: 0.0059  memory: 30843  grad_norm: 956.3190  loss: 106.1379  loss_cls: 34.7059  loss_bbox: 36.5267  loss_dfl: 34.9053
06/22 00:57:15 - mmengine - INFO - Epoch(train)  [5][ 600/1294]  base_lr: 1.2569e-05 lr: 1.2569e-05  eta: 3:07:33  time: 1.1631  data_time: 0.0060  memory: 31010  grad_norm: 1025.5157  loss: 105.8181  loss_cls: 33.9420  loss_bbox: 36.2703  loss_dfl: 35.6059
06/22 00:58:13 - mmengine - INFO - Epoch(train)  [5][ 650/1294]  base_lr: 1.2504e-05 lr: 1.2504e-05  eta: 3:06:35  time: 1.1577  data_time: 0.0063  memory: 30897  grad_norm: 1058.9500  loss: 111.1681  loss_cls: 37.2984  loss_bbox: 37.9086  loss_dfl: 35.9612
06/22 00:59:11 - mmengine - INFO - Epoch(train)  [5][ 700/1294]  base_lr: 1.2440e-05 lr: 1.2440e-05  eta: 3:05:37  time: 1.1514  data_time: 0.0059  memory: 30770  grad_norm: 954.0486  loss: 106.7526  loss_cls: 34.5575  loss_bbox: 36.8791  loss_dfl: 35.3160
06/22 01:00:08 - mmengine - INFO - Epoch(train)  [5][ 750/1294]  base_lr: 1.2376e-05 lr: 1.2376e-05  eta: 3:04:40  time: 1.1576  data_time: 0.0063  memory: 30977  grad_norm: 922.5865  loss: 107.8415  loss_cls: 35.9833  loss_bbox: 36.9613  loss_dfl: 34.8970
06/22 01:01:06 - mmengine - INFO - Epoch(train)  [5][ 800/1294]  base_lr: 1.2311e-05 lr: 1.2311e-05  eta: 3:03:43  time: 1.1599  data_time: 0.0061  memory: 31030  grad_norm: 967.8810  loss: 107.9007  loss_cls: 35.2781  loss_bbox: 37.1558  loss_dfl: 35.4668
06/22 01:01:34 - mmengine - INFO - Exp name: wedetect_base_3stage_s3_20260621_225528
06/22 01:02:04 - mmengine - INFO - Epoch(train)  [5][ 850/1294]  base_lr: 1.2247e-05 lr: 1.2247e-05  eta: 3:02:46  time: 1.1607  data_time: 0.0058  memory: 31063  grad_norm: 953.6883  loss: 106.6648  loss_cls: 34.2151  loss_bbox: 36.8936  loss_dfl: 35.5562
06/22 01:03:02 - mmengine - INFO - Epoch(train)  [5][ 900/1294]  base_lr: 1.2183e-05 lr: 1.2183e-05  eta: 3:01:48  time: 1.1532  data_time: 0.0063  memory: 30943  grad_norm: 949.7320  loss: 111.3803  loss_cls: 36.8378  loss_bbox: 38.3385  loss_dfl: 36.2040
06/22 01:04:00 - mmengine - INFO - Epoch(train)  [5][ 950/1294]  base_lr: 1.2118e-05 lr: 1.2118e-05  eta: 3:00:51  time: 1.1629  data_time: 0.0060  memory: 30957  grad_norm: 934.9097  loss: 107.6461  loss_cls: 35.4474  loss_bbox: 36.8198  loss_dfl: 35.3789
06/22 01:04:58 - mmengine - INFO - Epoch(train)  [5][1000/1294]  base_lr: 1.2054e-05 lr: 1.2054e-05  eta: 2:59:54  time: 1.1595  data_time: 0.0063  memory: 31223  grad_norm: 1056.5553  loss: 108.4135  loss_cls: 35.0879  loss_bbox: 37.7683  loss_dfl: 35.5574
06/22 01:05:56 - mmengine - INFO - Epoch(train)  [5][1050/1294]  base_lr: 1.1990e-05 lr: 1.1990e-05  eta: 2:58:56  time: 1.1543  data_time: 0.0060  memory: 30883  grad_norm: 879.4800  loss: 105.3137  loss_cls: 33.5123  loss_bbox: 36.4335  loss_dfl: 35.3679
06/22 01:06:54 - mmengine - INFO - Epoch(train)  [5][1100/1294]  base_lr: 1.1925e-05 lr: 1.1925e-05  eta: 2:57:58  time: 1.1543  data_time: 0.0064  memory: 30877  grad_norm: 936.0191  loss: 108.6714  loss_cls: 35.7924  loss_bbox: 37.5093  loss_dfl: 35.3697
06/22 01:07:52 - mmengine - INFO - Epoch(train)  [5][1150/1294]  base_lr: 1.1861e-05 lr: 1.1861e-05  eta: 2:57:01  time: 1.1608  data_time: 0.0061  memory: 30877  grad_norm: 950.1164  loss: 106.6636  loss_cls: 34.1974  loss_bbox: 37.2871  loss_dfl: 35.1791
06/22 01:08:49 - mmengine - INFO - Epoch(train)  [5][1200/1294]  base_lr: 1.1797e-05 lr: 1.1797e-05  eta: 2:56:03  time: 1.1550  data_time: 0.0060  memory: 30990  grad_norm: 955.5103  loss: 107.3848  loss_cls: 34.6014  loss_bbox: 37.5346  loss_dfl: 35.2488
06/22 01:09:47 - mmengine - INFO - Epoch(train)  [5][1250/1294]  base_lr: 1.1732e-05 lr: 1.1732e-05  eta: 2:55:06  time: 1.1601  data_time: 0.0061  memory: 31137  grad_norm: 907.3596  loss: 105.5638  loss_cls: 34.6662  loss_bbox: 35.9006  loss_dfl: 34.9970
06/22 01:10:37 - mmengine - INFO - Exp name: wedetect_base_3stage_s3_20260621_225528
06/22 01:10:37 - mmengine - INFO - Saving checkpoint at 5 epochs
06/22 01:11:44 - mmengine - INFO - Epoch(train)  [6][  50/1294]  base_lr: 1.1611e-05 lr: 1.1611e-05  eta: 2:53:17  time: 1.1601  data_time: 0.0138  memory: 31010  grad_norm: 933.0887  loss: 108.3564  loss_cls: 36.2480  loss_bbox: 36.8158  loss_dfl: 35.2926
06/22 01:12:42 - mmengine - INFO - Epoch(train)  [6][ 100/1294]  base_lr: 1.1547e-05 lr: 1.1547e-05  eta: 2:52:19  time: 1.1511  data_time: 0.0061  memory: 31043  grad_norm: 930.1418  loss: 107.2348  loss_cls: 34.3687  loss_bbox: 37.6165  loss_dfl: 35.2496
06/22 01:13:40 - mmengine - INFO - Epoch(train)  [6][ 150/1294]  base_lr: 1.1483e-05 lr: 1.1483e-05  eta: 2:51:21  time: 1.1574  data_time: 0.0061  memory: 31170  grad_norm: 1065.7672  loss: 107.2909  loss_cls: 35.2183  loss_bbox: 36.9571  loss_dfl: 35.1155
06/22 01:14:37 - mmengine - INFO - Epoch(train)  [6][ 200/1294]  base_lr: 1.1418e-05 lr: 1.1418e-05  eta: 2:50:23  time: 1.1506  data_time: 0.0060  memory: 30997  grad_norm: 940.1513  loss: 105.8681  loss_cls: 33.6836  loss_bbox: 36.9012  loss_dfl: 35.2833
06/22 01:15:35 - mmengine - INFO - Epoch(train)  [6][ 250/1294]  base_lr: 1.1354e-05 lr: 1.1354e-05  eta: 2:49:26  time: 1.1602  data_time: 0.0060  memory: 30877  grad_norm: 936.6293  loss: 105.0048  loss_cls: 33.6078  loss_bbox: 36.4194  loss_dfl: 34.9776
06/22 01:16:33 - mmengine - INFO - Epoch(train)  [6][ 300/1294]  base_lr: 1.1290e-05 lr: 1.1290e-05  eta: 2:48:28  time: 1.1518  data_time: 0.0059  memory: 30903  grad_norm: 904.8558  loss: 109.2490  loss_cls: 35.2121  loss_bbox: 37.9716  loss_dfl: 36.0653
06/22 01:17:31 - mmengine - INFO - Epoch(train)  [6][ 350/1294]  base_lr: 1.1225e-05 lr: 1.1225e-05  eta: 2:47:31  time: 1.1582  data_time: 0.0060  memory: 31017  grad_norm: 1081.2601  loss: 108.4328  loss_cls: 36.0753  loss_bbox: 37.1128  loss_dfl: 35.2447
06/22 01:18:28 - mmengine - INFO - Epoch(train)  [6][ 400/1294]  base_lr: 1.1161e-05 lr: 1.1161e-05  eta: 2:46:33  time: 1.1567  data_time: 0.0061  memory: 30823  grad_norm: 895.5664  loss: 107.6767  loss_cls: 35.5461  loss_bbox: 37.1365  loss_dfl: 34.9941
06/22 01:19:26 - mmengine - INFO - Epoch(train)  [6][ 450/1294]  base_lr: 1.1097e-05 lr: 1.1097e-05  eta: 2:45:35  time: 1.1548  data_time: 0.0061  memory: 30863  grad_norm: 949.2097  loss: 105.5471  loss_cls: 34.0121  loss_bbox: 36.6362  loss_dfl: 34.8989
06/22 01:20:24 - mmengine - INFO - Epoch(train)  [6][ 500/1294]  base_lr: 1.1032e-05 lr: 1.1032e-05  eta: 2:44:38  time: 1.1573  data_time: 0.0061  memory: 30883  grad_norm: 939.7232  loss: 108.2918  loss_cls: 35.9235  loss_bbox: 37.4620  loss_dfl: 34.9063
06/22 01:20:59 - mmengine - INFO - Exp name: wedetect_base_3stage_s3_20260621_225528
06/22 01:21:22 - mmengine - INFO - Epoch(train)  [6][ 550/1294]  base_lr: 1.0968e-05 lr: 1.0968e-05  eta: 2:43:40  time: 1.1555  data_time: 0.0059  memory: 30970  grad_norm: 958.8154  loss: 104.9897  loss_cls: 33.7875  loss_bbox: 36.5405  loss_dfl: 34.6617
06/22 01:22:19 - mmengine - INFO - Epoch(train)  [6][ 600/1294]  base_lr: 1.0904e-05 lr: 1.0904e-05  eta: 2:42:42  time: 1.1513  data_time: 0.0062  memory: 30970  grad_norm: 1093.7616  loss: 106.6858  loss_cls: 35.4240  loss_bbox: 36.1595  loss_dfl: 35.1023
06/22 01:23:17 - mmengine - INFO - Epoch(train)  [6][ 650/1294]  base_lr: 1.0839e-05 lr: 1.0839e-05  eta: 2:41:45  time: 1.1570  data_time: 0.0059  memory: 30897  grad_norm: 976.2168  loss: 106.6953  loss_cls: 34.4263  loss_bbox: 37.0699  loss_dfl: 35.1992
06/22 01:24:15 - mmengine - INFO - Epoch(train)  [6][ 700/1294]  base_lr: 1.0775e-05 lr: 1.0775e-05  eta: 2:40:47  time: 1.1591  data_time: 0.0060  memory: 31070  grad_norm: 924.2142  loss: 106.2162  loss_cls: 34.3732  loss_bbox: 36.6111  loss_dfl: 35.2319
06/22 01:25:13 - mmengine - INFO - Epoch(train)  [6][ 750/1294]  base_lr: 1.0711e-05 lr: 1.0711e-05  eta: 2:39:50  time: 1.1526  data_time: 0.0059  memory: 30943  grad_norm: 1035.1453  loss: 109.4582  loss_cls: 35.3047  loss_bbox: 38.3288  loss_dfl: 35.8247
06/22 01:26:11 - mmengine - INFO - Epoch(train)  [6][ 800/1294]  base_lr: 1.0646e-05 lr: 1.0646e-05  eta: 2:38:52  time: 1.1551  data_time: 0.0060  memory: 30850  grad_norm: 870.5585  loss: 104.6075  loss_cls: 33.2456  loss_bbox: 36.3423  loss_dfl: 35.0196
06/22 01:27:08 - mmengine - INFO - Epoch(train)  [6][ 850/1294]  base_lr: 1.0582e-05 lr: 1.0582e-05  eta: 2:37:54  time: 1.1530  data_time: 0.0060  memory: 30857  grad_norm: 906.0909  loss: 105.3239  loss_cls: 33.9739  loss_bbox: 36.5494  loss_dfl: 34.8006
06/22 01:28:06 - mmengine - INFO - Epoch(train)  [6][ 900/1294]  base_lr: 1.0518e-05 lr: 1.0518e-05  eta: 2:36:57  time: 1.1589  data_time: 0.0059  memory: 31030  grad_norm: 1046.4570  loss: 105.1765  loss_cls: 34.5224  loss_bbox: 35.9874  loss_dfl: 34.6667
06/22 01:29:04 - mmengine - INFO - Epoch(train)  [6][ 950/1294]  base_lr: 1.0453e-05 lr: 1.0453e-05  eta: 2:35:59  time: 1.1540  data_time: 0.0059  memory: 30990  grad_norm: 913.4197  loss: 106.8928  loss_cls: 34.5431  loss_bbox: 37.2006  loss_dfl: 35.1491
06/22 01:30:02 - mmengine - INFO - Epoch(train)  [6][1000/1294]  base_lr: 1.0389e-05 lr: 1.0389e-05  eta: 2:35:01  time: 1.1516  data_time: 0.0059  memory: 30937  grad_norm: 941.7249  loss: 105.7403  loss_cls: 34.5115  loss_bbox: 36.2142  loss_dfl: 35.0146
06/22 01:30:59 - mmengine - INFO - Epoch(train)  [6][1050/1294]  base_lr: 1.0325e-05 lr: 1.0325e-05  eta: 2:34:04  time: 1.1576  data_time: 0.0059  memory: 30863  grad_norm: 968.6625  loss: 104.8069  loss_cls: 33.5474  loss_bbox: 36.4071  loss_dfl: 34.8524
06/22 01:31:57 - mmengine - INFO - Epoch(train)  [6][1100/1294]  base_lr: 1.0260e-05 lr: 1.0260e-05  eta: 2:33:06  time: 1.1545  data_time: 0.0060  memory: 30883  grad_norm: 910.2039  loss: 106.9185  loss_cls: 34.6251  loss_bbox: 37.4006  loss_dfl: 34.8929
06/22 01:32:55 - mmengine - INFO - Epoch(train)  [6][1150/1294]  base_lr: 1.0196e-05 lr: 1.0196e-05  eta: 2:32:08  time: 1.1584  data_time: 0.0058  memory: 30943  grad_norm: 911.4163  loss: 105.9138  loss_cls: 34.3363  loss_bbox: 36.4145  loss_dfl: 35.1629
06/22 01:33:53 - mmengine - INFO - Epoch(train)  [6][1200/1294]  base_lr: 1.0132e-05 lr: 1.0132e-05  eta: 2:31:11  time: 1.1586  data_time: 0.0059  memory: 31037  grad_norm: 963.8529  loss: 102.2887  loss_cls: 32.4301  loss_bbox: 35.5037  loss_dfl: 34.3549
06/22 01:34:51 - mmengine - INFO - Epoch(train)  [6][1250/1294]  base_lr: 1.0067e-05 lr: 1.0067e-05  eta: 2:30:13  time: 1.1545  data_time: 0.0060  memory: 31017  grad_norm: 985.3641  loss: 107.8690  loss_cls: 35.4099  loss_bbox: 37.3167  loss_dfl: 35.1424
06/22 01:35:41 - mmengine - INFO - Exp name: wedetect_base_3stage_s3_20260621_225528
06/22 01:35:41 - mmengine - INFO - Saving checkpoint at 6 epochs
06/22 01:35:53 - mmengine - INFO - Epoch(val)  [6][  50/2587]    eta: 0:02:43  time: 0.0645  data_time: 0.0159  memory: 31017  
06/22 01:35:56 - mmengine - INFO - Epoch(val)  [6][ 100/2587]    eta: 0:02:21  time: 0.0493  data_time: 0.0016  memory: 6053  
06/22 01:35:58 - mmengine - INFO - Epoch(val)  [6][ 150/2587]    eta: 0:02:11  time: 0.0481  data_time: 0.0003  memory: 6053  
06/22 01:36:02 - mmengine - INFO - Epoch(val)  [6][ 200/2587]    eta: 0:02:27  time: 0.0856  data_time: 0.0386  memory: 6053  
06/22 01:36:05 - mmengine - INFO - Epoch(val)  [6][ 250/2587]    eta: 0:02:18  time: 0.0481  data_time: 0.0003  memory: 6053  
06/22 01:36:07 - mmengine - INFO - Epoch(val)  [6][ 300/2587]    eta: 0:02:10  time: 0.0481  data_time: 0.0003  memory: 6053  
06/22 01:36:10 - mmengine - INFO - Epoch(val)  [6][ 350/2587]    eta: 0:02:05  time: 0.0480  data_time: 0.0002  memory: 6053  
06/22 01:36:12 - mmengine - INFO - Epoch(val)  [6][ 400/2587]    eta: 0:02:00  time: 0.0482  data_time: 0.0002  memory: 6053  
06/22 01:36:14 - mmengine - INFO - Epoch(val)  [6][ 450/2587]    eta: 0:01:55  time: 0.0483  data_time: 0.0002  memory: 6053  
06/22 01:36:17 - mmengine - INFO - Epoch(val)  [6][ 500/2587]    eta: 0:01:51  time: 0.0484  data_time: 0.0003  memory: 6053  
06/22 01:36:19 - mmengine - INFO - Epoch(val)  [6][ 550/2587]    eta: 0:01:48  time: 0.0484  data_time: 0.0002  memory: 6053  
06/22 01:36:22 - mmengine - INFO - Epoch(val)  [6][ 600/2587]    eta: 0:01:44  time: 0.0484  data_time: 0.0002  memory: 6053  
06/22 01:36:24 - mmengine - INFO - Epoch(val)  [6][ 650/2587]    eta: 0:01:41  time: 0.0484  data_time: 0.0002  memory: 6053  
06/22 01:36:27 - mmengine - INFO - Epoch(val)  [6][ 700/2587]    eta: 0:01:38  time: 0.0484  data_time: 0.0002  memory: 6053  
06/22 01:36:29 - mmengine - INFO - Epoch(val)  [6][ 750/2587]    eta: 0:01:35  time: 0.0484  data_time: 0.0002  memory: 6053  
06/22 01:36:31 - mmengine - INFO - Epoch(val)  [6][ 800/2587]    eta: 0:01:32  time: 0.0484  data_time: 0.0002  memory: 6053  
06/22 01:36:34 - mmengine - INFO - Epoch(val)  [6][ 850/2587]    eta: 0:01:29  time: 0.0485  data_time: 0.0002  memory: 6053  
06/22 01:36:36 - mmengine - INFO - Epoch(val)  [6][ 900/2587]    eta: 0:01:26  time: 0.0485  data_time: 0.0002  memory: 6053  
06/22 01:36:39 - mmengine - INFO - Epoch(val)  [6][ 950/2587]    eta: 0:01:23  time: 0.0487  data_time: 0.0002  memory: 6053  
06/22 01:36:41 - mmengine - INFO - Epoch(val)  [6][1000/2587]    eta: 0:01:21  time: 0.0484  data_time: 0.0002  memory: 6053  
06/22 01:36:44 - mmengine - INFO - Epoch(val)  [6][1050/2587]    eta: 0:01:18  time: 0.0485  data_time: 0.0002  memory: 6053  
06/22 01:36:46 - mmengine - INFO - Epoch(val)  [6][1100/2587]    eta: 0:01:15  time: 0.0486  data_time: 0.0002  memory: 6053  
06/22 01:36:48 - mmengine - INFO - Epoch(val)  [6][1150/2587]    eta: 0:01:12  time: 0.0485  data_time: 0.0002  memory: 6053  
06/22 01:36:51 - mmengine - INFO - Epoch(val)  [6][1200/2587]    eta: 0:01:10  time: 0.0487  data_time: 0.0003  memory: 6053  
06/22 01:36:53 - mmengine - INFO - Epoch(val)  [6][1250/2587]    eta: 0:01:07  time: 0.0491  data_time: 0.0002  memory: 6053  
06/22 01:36:56 - mmengine - INFO - Epoch(val)  [6][1300/2587]    eta: 0:01:05  time: 0.0489  data_time: 0.0004  memory: 6053  
06/22 01:36:58 - mmengine - INFO - Epoch(val)  [6][1350/2587]    eta: 0:01:02  time: 0.0487  data_time: 0.0003  memory: 6053  
06/22 01:37:01 - mmengine - INFO - Epoch(val)  [6][1400/2587]    eta: 0:00:59  time: 0.0493  data_time: 0.0003  memory: 6053  
06/22 01:37:03 - mmengine - INFO - Epoch(val)  [6][1450/2587]    eta: 0:00:57  time: 0.0488  data_time: 0.0003  memory: 6053  
06/22 01:37:06 - mmengine - INFO - Epoch(val)  [6][1500/2587]    eta: 0:00:54  time: 0.0487  data_time: 0.0003  memory: 6053  
06/22 01:37:08 - mmengine - INFO - Epoch(val)  [6][1550/2587]    eta: 0:00:52  time: 0.0486  data_time: 0.0003  memory: 6053  
06/22 01:37:10 - mmengine - INFO - Epoch(val)  [6][1600/2587]    eta: 0:00:49  time: 0.0493  data_time: 0.0003  memory: 6053  
06/22 01:37:13 - mmengine - INFO - Epoch(val)  [6][1650/2587]    eta: 0:00:47  time: 0.0487  data_time: 0.0003  memory: 6053  
06/22 01:37:15 - mmengine - INFO - Epoch(val)  [6][1700/2587]    eta: 0:00:44  time: 0.0485  data_time: 0.0002  memory: 6053  
06/22 01:37:18 - mmengine - INFO - Epoch(val)  [6][1750/2587]    eta: 0:00:41  time: 0.0503  data_time: 0.0018  memory: 6053  
06/22 01:37:20 - mmengine - INFO - Epoch(val)  [6][1800/2587]    eta: 0:00:39  time: 0.0509  data_time: 0.0026  memory: 6053  
06/22 01:37:23 - mmengine - INFO - Epoch(val)  [6][1850/2587]    eta: 0:00:36  time: 0.0485  data_time: 0.0003  memory: 6053  
06/22 01:37:25 - mmengine - INFO - Epoch(val)  [6][1900/2587]    eta: 0:00:34  time: 0.0489  data_time: 0.0003  memory: 6053  
06/22 01:37:28 - mmengine - INFO - Epoch(val)  [6][1950/2587]    eta: 0:00:31  time: 0.0486  data_time: 0.0003  memory: 6053  
06/22 01:37:30 - mmengine - INFO - Epoch(val)  [6][2000/2587]    eta: 0:00:29  time: 0.0489  data_time: 0.0003  memory: 6053  
06/22 01:37:33 - mmengine - INFO - Epoch(val)  [6][2050/2587]    eta: 0:00:26  time: 0.0486  data_time: 0.0003  memory: 6053  
06/22 01:37:35 - mmengine - INFO - Epoch(val)  [6][2100/2587]    eta: 0:00:24  time: 0.0486  data_time: 0.0002  memory: 6053  
06/22 01:37:37 - mmengine - INFO - Epoch(val)  [6][2150/2587]    eta: 0:00:21  time: 0.0485  data_time: 0.0003  memory: 6053  
06/22 01:37:40 - mmengine - INFO - Epoch(val)  [6][2200/2587]    eta: 0:00:19  time: 0.0486  data_time: 0.0003  memory: 6053  
06/22 01:37:43 - mmengine - INFO - Epoch(val)  [6][2250/2587]    eta: 0:00:16  time: 0.0552  data_time: 0.0068  memory: 6053  
06/22 01:37:45 - mmengine - INFO - Epoch(val)  [6][2300/2587]    eta: 0:00:14  time: 0.0488  data_time: 0.0003  memory: 6053  
06/22 01:37:47 - mmengine - INFO - Epoch(val)  [6][2350/2587]    eta: 0:00:11  time: 0.0488  data_time: 0.0003  memory: 6053  
06/22 01:37:50 - mmengine - INFO - Epoch(val)  [6][2400/2587]    eta: 0:00:09  time: 0.0489  data_time: 0.0003  memory: 6053  
06/22 01:37:52 - mmengine - INFO - Epoch(val)  [6][2450/2587]    eta: 0:00:06  time: 0.0489  data_time: 0.0002  memory: 6053  
06/22 01:37:55 - mmengine - INFO - Epoch(val)  [6][2500/2587]    eta: 0:00:04  time: 0.0490  data_time: 0.0002  memory: 6053  
06/22 01:37:57 - mmengine - INFO - Epoch(val)  [6][2550/2587]    eta: 0:00:01  time: 0.0483  data_time: 0.0003  memory: 6053  
06/22 01:38:19 - mmengine - INFO - Evaluating bbox...
Loading and preparing results...
DONE (t=4.89s)
creating index...
index created!
Running per image evaluation...
Evaluate annotation type *bbox*
DONE (t=70.42s).
Accumulating evaluation results...
DONE (t=28.93s).
 Average Precision  (AP) @[ IoU=0.50:0.95 | area=   all | maxDets=100 ] = 0.481
 Average Precision  (AP) @[ IoU=0.50      | area=   all | maxDets=1000 ] = 0.671
 Average Precision  (AP) @[ IoU=0.75      | area=   all | maxDets=1000 ] = 0.566
 Average Precision  (AP) @[ IoU=0.50:0.95 | area= small | maxDets=1000 ] = 0.159
 Average Precision  (AP) @[ IoU=0.50:0.95 | area=medium | maxDets=1000 ] = 0.471
 Average Precision  (AP) @[ IoU=0.50:0.95 | area= large | maxDets=1000 ] = 0.522
 Average Recall     (AR) @[ IoU=0.50:0.95 | area=   all | maxDets=100 ] = 0.715
 Average Recall     (AR) @[ IoU=0.50:0.95 | area=   all | maxDets=300 ] = 0.715
 Average Recall     (AR) @[ IoU=0.50:0.95 | area=   all | maxDets=1000 ] = 0.715
 Average Recall     (AR) @[ IoU=0.50:0.95 | area= small | maxDets=1000 ] = 0.285
 Average Recall     (AR) @[ IoU=0.50:0.95 | area=medium | maxDets=1000 ] = 0.694
 Average Recall     (AR) @[ IoU=0.50:0.95 | area= large | maxDets=1000 ] = 0.773
06/22 01:40:11 - mmengine - INFO - bbox_mAP_copypaste: 0.481 0.671 0.566 0.159 0.471 0.522
06/22 01:40:13 - mmengine - INFO - Epoch(val) [6][2587/2587]    coco/bbox_mAP: 0.4810  coco/bbox_mAP_50: 0.6710  coco/bbox_mAP_75: 0.5660  coco/bbox_mAP_s: 0.1590  coco/bbox_mAP_m: 0.4710  coco/bbox_mAP_l: 0.5220  data_time: 0.0015  time: 0.0498
06/22 01:40:13 - mmengine - INFO - The previous best checkpoint /home/siyuan/projects/LLMs/OralDetect-Family/WeDetect_repro/WeDetect/work_dirs/base3stage_s3/best_coco_bbox_mAP_epoch_4.pth is removed
06/22 01:40:17 - mmengine - INFO - The best checkpoint with 0.4810 coco/bbox_mAP at 6 epoch is saved to best_coco_bbox_mAP_epoch_6.pth.
06/22 01:41:23 - mmengine - INFO - Epoch(train)  [7][  50/1294]  base_lr: 9.9463e-06 lr: 9.9463e-06  eta: 2:28:23  time: 1.1444  data_time: 0.0150  memory: 30990  grad_norm: 907.2511  loss: 105.3850  loss_cls: 33.1883  loss_bbox: 37.0064  loss_dfl: 35.1904
06/22 01:42:21 - mmengine - INFO - Epoch(train)  [7][ 100/1294]  base_lr: 9.8820e-06 lr: 9.8820e-06  eta: 2:27:26  time: 1.1532  data_time: 0.0058  memory: 30903  grad_norm: 1006.5280  loss: 102.9429  loss_cls: 32.2249  loss_bbox: 35.8678  loss_dfl: 34.8502
06/22 01:43:19 - mmengine - INFO - Epoch(train)  [7][ 150/1294]  base_lr: 9.8176e-06 lr: 9.8176e-06  eta: 2:26:28  time: 1.1582  data_time: 0.0058  memory: 31023  grad_norm: 964.6029  loss: 106.0287  loss_cls: 33.7646  loss_bbox: 36.5461  loss_dfl: 35.7180
06/22 01:44:17 - mmengine - INFO - Epoch(train)  [7][ 200/1294]  base_lr: 9.7533e-06 lr: 9.7533e-06  eta: 2:25:31  time: 1.1573  data_time: 0.0059  memory: 30897  grad_norm: 997.9182  loss: 105.8131  loss_cls: 34.5727  loss_bbox: 36.4270  loss_dfl: 34.8133
06/22 01:44:58 - mmengine - INFO - Exp name: wedetect_base_3stage_s3_20260621_225528
06/22 01:45:14 - mmengine - INFO - Epoch(train)  [7][ 250/1294]  base_lr: 9.6889e-06 lr: 9.6889e-06  eta: 2:24:33  time: 1.1562  data_time: 0.0060  memory: 30950  grad_norm: 987.9088  loss: 105.0156  loss_cls: 33.4156  loss_bbox: 36.4431  loss_dfl: 35.1570
06/22 01:46:12 - mmengine - INFO - Epoch(train)  [7][ 300/1294]  base_lr: 9.6246e-06 lr: 9.6246e-06  eta: 2:23:35  time: 1.1583  data_time: 0.0061  memory: 30830  grad_norm: 852.7840  loss: 103.8474  loss_cls: 33.0636  loss_bbox: 36.1640  loss_dfl: 34.6198
06/22 01:47:10 - mmengine - INFO - Epoch(train)  [7][ 350/1294]  base_lr: 9.5603e-06 lr: 9.5603e-06  eta: 2:22:38  time: 1.1606  data_time: 0.0063  memory: 30883  grad_norm: 977.7321  loss: 107.3727  loss_cls: 35.2206  loss_bbox: 36.8522  loss_dfl: 35.2998
06/22 01:48:08 - mmengine - INFO - Epoch(train)  [7][ 400/1294]  base_lr: 9.4959e-06 lr: 9.4959e-06  eta: 2:21:41  time: 1.1585  data_time: 0.0060  memory: 30863  grad_norm: 877.0151  loss: 104.4761  loss_cls: 33.0991  loss_bbox: 36.5403  loss_dfl: 34.8367
06/22 01:49:06 - mmengine - INFO - Epoch(train)  [7][ 450/1294]  base_lr: 9.4316e-06 lr: 9.4316e-06  eta: 2:20:43  time: 1.1557  data_time: 0.0061  memory: 31177  grad_norm: 920.1496  loss: 105.0493  loss_cls: 33.9859  loss_bbox: 35.8521  loss_dfl: 35.2113
06/22 01:50:04 - mmengine - INFO - Epoch(train)  [7][ 500/1294]  base_lr: 9.3672e-06 lr: 9.3672e-06  eta: 2:19:45  time: 1.1576  data_time: 0.0061  memory: 31203  grad_norm: 1045.9089  loss: 104.9802  loss_cls: 33.6659  loss_bbox: 36.0628  loss_dfl: 35.2515
06/22 01:51:02 - mmengine - INFO - Epoch(train)  [7][ 550/1294]  base_lr: 9.3029e-06 lr: 9.3029e-06  eta: 2:18:48  time: 1.1625  data_time: 0.0059  memory: 30997  grad_norm: 957.1826  loss: 106.1588  loss_cls: 33.8514  loss_bbox: 37.5451  loss_dfl: 34.7623
06/22 01:52:00 - mmengine - INFO - Epoch(train)  [7][ 600/1294]  base_lr: 9.2386e-06 lr: 9.2386e-06  eta: 2:17:50  time: 1.1558  data_time: 0.0065  memory: 31263  grad_norm: 950.2239  loss: 105.7624  loss_cls: 34.2952  loss_bbox: 36.5724  loss_dfl: 34.8949
06/22 01:52:58 - mmengine - INFO - Epoch(train)  [7][ 650/1294]  base_lr: 9.1742e-06 lr: 9.1742e-06  eta: 2:16:53  time: 1.1630  data_time: 0.0061  memory: 30963  grad_norm: 897.6506  loss: 105.3819  loss_cls: 34.1132  loss_bbox: 36.2400  loss_dfl: 35.0288
06/22 01:53:56 - mmengine - INFO - Epoch(train)  [7][ 700/1294]  base_lr: 9.1099e-06 lr: 9.1099e-06  eta: 2:15:56  time: 1.1645  data_time: 0.0061  memory: 31083  grad_norm: 999.4379  loss: 107.4351  loss_cls: 34.2871  loss_bbox: 37.6027  loss_dfl: 35.5453
06/22 01:54:54 - mmengine - INFO - Epoch(train)  [7][ 750/1294]  base_lr: 9.0456e-06 lr: 9.0456e-06  eta: 2:14:58  time: 1.1510  data_time: 0.0059  memory: 30970  grad_norm: 913.2332  loss: 103.7822  loss_cls: 33.1483  loss_bbox: 35.7386  loss_dfl: 34.8953
06/22 01:55:52 - mmengine - INFO - Epoch(train)  [7][ 800/1294]  base_lr: 8.9812e-06 lr: 8.9812e-06  eta: 2:14:00  time: 1.1609  data_time: 0.0060  memory: 31277  grad_norm: 967.0227  loss: 103.5169  loss_cls: 32.8165  loss_bbox: 35.7738  loss_dfl: 34.9265
06/22 01:56:50 - mmengine - INFO - Epoch(train)  [7][ 850/1294]  base_lr: 8.9169e-06 lr: 8.9169e-06  eta: 2:13:02  time: 1.1549  data_time: 0.0060  memory: 31130  grad_norm: 1046.5793  loss: 108.6363  loss_cls: 35.6282  loss_bbox: 37.9339  loss_dfl: 35.0742
06/22 01:57:48 - mmengine - INFO - Epoch(train)  [7][ 900/1294]  base_lr: 8.8525e-06 lr: 8.8525e-06  eta: 2:12:05  time: 1.1633  data_time: 0.0060  memory: 30810  grad_norm: 956.9592  loss: 103.1241  loss_cls: 32.3570  loss_bbox: 35.8476  loss_dfl: 34.9196
06/22 01:58:46 - mmengine - INFO - Epoch(train)  [7][ 950/1294]  base_lr: 8.7882e-06 lr: 8.7882e-06  eta: 2:11:08  time: 1.1579  data_time: 0.0058  memory: 30863  grad_norm: 851.3912  loss: 103.2484  loss_cls: 32.3288  loss_bbox: 36.0783  loss_dfl: 34.8413
06/22 01:59:43 - mmengine - INFO - Epoch(train)  [7][1000/1294]  base_lr: 8.7239e-06 lr: 8.7239e-06  eta: 2:10:10  time: 1.1569  data_time: 0.0059  memory: 30943  grad_norm: 896.2255  loss: 106.1544  loss_cls: 34.7155  loss_bbox: 36.2434  loss_dfl: 35.1955
06/22 02:00:41 - mmengine - INFO - Epoch(train)  [7][1050/1294]  base_lr: 8.6595e-06 lr: 8.6595e-06  eta: 2:09:12  time: 1.1558  data_time: 0.0059  memory: 30937  grad_norm: 1018.4622  loss: 107.1028  loss_cls: 34.3529  loss_bbox: 37.4592  loss_dfl: 35.2906
06/22 02:01:39 - mmengine - INFO - Epoch(train)  [7][1100/1294]  base_lr: 8.5952e-06 lr: 8.5952e-06  eta: 2:08:15  time: 1.1613  data_time: 0.0057  memory: 31083  grad_norm: 925.0833  loss: 103.9405  loss_cls: 32.6116  loss_bbox: 36.4439  loss_dfl: 34.8849
06/22 02:02:37 - mmengine - INFO - Epoch(train)  [7][1150/1294]  base_lr: 8.5308e-06 lr: 8.5308e-06  eta: 2:07:17  time: 1.1568  data_time: 0.0059  memory: 30957  grad_norm: 881.4622  loss: 104.8796  loss_cls: 33.2927  loss_bbox: 36.6359  loss_dfl: 34.9510
06/22 02:03:35 - mmengine - INFO - Epoch(train)  [7][1200/1294]  base_lr: 8.4665e-06 lr: 8.4665e-06  eta: 2:06:19  time: 1.1531  data_time: 0.0059  memory: 30943  grad_norm: 922.6058  loss: 104.3021  loss_cls: 33.3799  loss_bbox: 36.0856  loss_dfl: 34.8366
06/22 02:04:17 - mmengine - INFO - Exp name: wedetect_base_3stage_s3_20260621_225528
06/22 02:04:33 - mmengine - INFO - Epoch(train)  [7][1250/1294]  base_lr: 8.4022e-06 lr: 8.4022e-06  eta: 2:05:22  time: 1.1585  data_time: 0.0063  memory: 30990  grad_norm: 937.6818  loss: 104.5356  loss_cls: 33.4564  loss_bbox: 36.5569  loss_dfl: 34.5223
06/22 02:05:23 - mmengine - INFO - Exp name: wedetect_base_3stage_s3_20260621_225528
06/22 02:05:23 - mmengine - INFO - Saving checkpoint at 7 epochs
06/22 02:05:35 - mmengine - INFO - Epoch(val)  [7][  50/2587]    eta: 0:02:44  time: 0.0648  data_time: 0.0165  memory: 31043  
06/22 02:05:38 - mmengine - INFO - Epoch(val)  [7][ 100/2587]    eta: 0:02:23  time: 0.0505  data_time: 0.0028  memory: 6053  
06/22 02:05:40 - mmengine - INFO - Epoch(val)  [7][ 150/2587]    eta: 0:02:12  time: 0.0481  data_time: 0.0003  memory: 6053  
06/22 02:05:45 - mmengine - INFO - Epoch(val)  [7][ 200/2587]    eta: 0:02:27  time: 0.0842  data_time: 0.0372  memory: 6053  
06/22 02:05:47 - mmengine - INFO - Epoch(val)  [7][ 250/2587]    eta: 0:02:18  time: 0.0479  data_time: 0.0002  memory: 6053  
06/22 02:05:49 - mmengine - INFO - Epoch(val)  [7][ 300/2587]    eta: 0:02:10  time: 0.0479  data_time: 0.0002  memory: 6053  
06/22 02:05:52 - mmengine - INFO - Epoch(val)  [7][ 350/2587]    eta: 0:02:05  time: 0.0480  data_time: 0.0002  memory: 6053  
06/22 02:05:54 - mmengine - INFO - Epoch(val)  [7][ 400/2587]    eta: 0:02:00  time: 0.0480  data_time: 0.0002  memory: 6053  
06/22 02:05:57 - mmengine - INFO - Epoch(val)  [7][ 450/2587]    eta: 0:01:55  time: 0.0483  data_time: 0.0002  memory: 6053  
06/22 02:05:59 - mmengine - INFO - Epoch(val)  [7][ 500/2587]    eta: 0:01:51  time: 0.0484  data_time: 0.0002  memory: 6053  
06/22 02:06:01 - mmengine - INFO - Epoch(val)  [7][ 550/2587]    eta: 0:01:48  time: 0.0484  data_time: 0.0003  memory: 6053  
06/22 02:06:04 - mmengine - INFO - Epoch(val)  [7][ 600/2587]    eta: 0:01:44  time: 0.0483  data_time: 0.0003  memory: 6053  
06/22 02:06:06 - mmengine - INFO - Epoch(val)  [7][ 650/2587]    eta: 0:01:41  time: 0.0483  data_time: 0.0003  memory: 6053  
06/22 02:06:09 - mmengine - INFO - Epoch(val)  [7][ 700/2587]    eta: 0:01:38  time: 0.0482  data_time: 0.0002  memory: 6053  
06/22 02:06:11 - mmengine - INFO - Epoch(val)  [7][ 750/2587]    eta: 0:01:35  time: 0.0484  data_time: 0.0002  memory: 6053  
06/22 02:06:14 - mmengine - INFO - Epoch(val)  [7][ 800/2587]    eta: 0:01:32  time: 0.0485  data_time: 0.0002  memory: 6053  
06/22 02:06:16 - mmengine - INFO - Epoch(val)  [7][ 850/2587]    eta: 0:01:29  time: 0.0483  data_time: 0.0002  memory: 6053  
06/22 02:06:18 - mmengine - INFO - Epoch(val)  [7][ 900/2587]    eta: 0:01:26  time: 0.0485  data_time: 0.0003  memory: 6053  
06/22 02:06:21 - mmengine - INFO - Epoch(val)  [7][ 950/2587]    eta: 0:01:23  time: 0.0484  data_time: 0.0002  memory: 6053  
06/22 02:06:23 - mmengine - INFO - Epoch(val)  [7][1000/2587]    eta: 0:01:20  time: 0.0485  data_time: 0.0002  memory: 6053  
06/22 02:06:26 - mmengine - INFO - Epoch(val)  [7][1050/2587]    eta: 0:01:18  time: 0.0483  data_time: 0.0002  memory: 6053  
06/22 02:06:28 - mmengine - INFO - Epoch(val)  [7][1100/2587]    eta: 0:01:15  time: 0.0482  data_time: 0.0002  memory: 6053  
06/22 02:06:31 - mmengine - INFO - Epoch(val)  [7][1150/2587]    eta: 0:01:12  time: 0.0483  data_time: 0.0002  memory: 6053  
06/22 02:06:33 - mmengine - INFO - Epoch(val)  [7][1200/2587]    eta: 0:01:10  time: 0.0487  data_time: 0.0003  memory: 6053  
06/22 02:06:35 - mmengine - INFO - Epoch(val)  [7][1250/2587]    eta: 0:01:07  time: 0.0489  data_time: 0.0003  memory: 6053  
06/22 02:06:38 - mmengine - INFO - Epoch(val)  [7][1300/2587]    eta: 0:01:04  time: 0.0486  data_time: 0.0003  memory: 6053  
06/22 02:06:40 - mmengine - INFO - Epoch(val)  [7][1350/2587]    eta: 0:01:02  time: 0.0491  data_time: 0.0005  memory: 6053  
06/22 02:06:43 - mmengine - INFO - Epoch(val)  [7][1400/2587]    eta: 0:00:59  time: 0.0490  data_time: 0.0003  memory: 6053  
06/22 02:06:45 - mmengine - INFO - Epoch(val)  [7][1450/2587]    eta: 0:00:57  time: 0.0486  data_time: 0.0003  memory: 6053  
06/22 02:06:48 - mmengine - INFO - Epoch(val)  [7][1500/2587]    eta: 0:00:54  time: 0.0490  data_time: 0.0003  memory: 6053  
06/22 02:06:50 - mmengine - INFO - Epoch(val)  [7][1550/2587]    eta: 0:00:52  time: 0.0486  data_time: 0.0003  memory: 6053  
06/22 02:06:53 - mmengine - INFO - Epoch(val)  [7][1600/2587]    eta: 0:00:49  time: 0.0487  data_time: 0.0003  memory: 6053  
06/22 02:06:55 - mmengine - INFO - Epoch(val)  [7][1650/2587]    eta: 0:00:46  time: 0.0489  data_time: 0.0003  memory: 6053  
06/22 02:06:57 - mmengine - INFO - Epoch(val)  [7][1700/2587]    eta: 0:00:44  time: 0.0485  data_time: 0.0002  memory: 6053  
06/22 02:07:00 - mmengine - INFO - Epoch(val)  [7][1750/2587]    eta: 0:00:41  time: 0.0495  data_time: 0.0012  memory: 6053  
06/22 02:07:02 - mmengine - INFO - Epoch(val)  [7][1800/2587]    eta: 0:00:39  time: 0.0510  data_time: 0.0030  memory: 6053  
06/22 02:07:05 - mmengine - INFO - Epoch(val)  [7][1850/2587]    eta: 0:00:36  time: 0.0485  data_time: 0.0003  memory: 6053  
06/22 02:07:07 - mmengine - INFO - Epoch(val)  [7][1900/2587]    eta: 0:00:34  time: 0.0486  data_time: 0.0003  memory: 6053  
06/22 02:07:10 - mmengine - INFO - Epoch(val)  [7][1950/2587]    eta: 0:00:31  time: 0.0485  data_time: 0.0003  memory: 6053  
06/22 02:07:12 - mmengine - INFO - Epoch(val)  [7][2000/2587]    eta: 0:00:29  time: 0.0485  data_time: 0.0003  memory: 6053  
06/22 02:07:15 - mmengine - INFO - Epoch(val)  [7][2050/2587]    eta: 0:00:26  time: 0.0484  data_time: 0.0003  memory: 6053  
06/22 02:07:17 - mmengine - INFO - Epoch(val)  [7][2100/2587]    eta: 0:00:24  time: 0.0484  data_time: 0.0003  memory: 6053  
06/22 02:07:19 - mmengine - INFO - Epoch(val)  [7][2150/2587]    eta: 0:00:21  time: 0.0484  data_time: 0.0003  memory: 6053  
06/22 02:07:22 - mmengine - INFO - Epoch(val)  [7][2200/2587]    eta: 0:00:19  time: 0.0486  data_time: 0.0003  memory: 6053  
06/22 02:07:25 - mmengine - INFO - Epoch(val)  [7][2250/2587]    eta: 0:00:16  time: 0.0532  data_time: 0.0049  memory: 6053  
06/22 02:07:27 - mmengine - INFO - Epoch(val)  [7][2300/2587]    eta: 0:00:14  time: 0.0488  data_time: 0.0003  memory: 6053  
06/22 02:07:29 - mmengine - INFO - Epoch(val)  [7][2350/2587]    eta: 0:00:11  time: 0.0486  data_time: 0.0003  memory: 6053  
06/22 02:07:32 - mmengine - INFO - Epoch(val)  [7][2400/2587]    eta: 0:00:09  time: 0.0492  data_time: 0.0003  memory: 6053  
06/22 02:07:34 - mmengine - INFO - Epoch(val)  [7][2450/2587]    eta: 0:00:06  time: 0.0488  data_time: 0.0003  memory: 6053  
06/22 02:07:37 - mmengine - INFO - Epoch(val)  [7][2500/2587]    eta: 0:00:04  time: 0.0486  data_time: 0.0002  memory: 6053  
06/22 02:07:39 - mmengine - INFO - Epoch(val)  [7][2550/2587]    eta: 0:00:01  time: 0.0488  data_time: 0.0002  memory: 6053  
06/22 02:08:00 - mmengine - INFO - Evaluating bbox...
Loading and preparing results...
DONE (t=4.74s)
creating index...
index created!
Running per image evaluation...
Evaluate annotation type *bbox*
DONE (t=69.97s).
Accumulating evaluation results...
DONE (t=28.19s).
 Average Precision  (AP) @[ IoU=0.50:0.95 | area=   all | maxDets=100 ] = 0.491
 Average Precision  (AP) @[ IoU=0.50      | area=   all | maxDets=1000 ] = 0.684
 Average Precision  (AP) @[ IoU=0.75      | area=   all | maxDets=1000 ] = 0.576
 Average Precision  (AP) @[ IoU=0.50:0.95 | area= small | maxDets=1000 ] = 0.157
 Average Precision  (AP) @[ IoU=0.50:0.95 | area=medium | maxDets=1000 ] = 0.481
 Average Precision  (AP) @[ IoU=0.50:0.95 | area= large | maxDets=1000 ] = 0.541
 Average Recall     (AR) @[ IoU=0.50:0.95 | area=   all | maxDets=100 ] = 0.715
 Average Recall     (AR) @[ IoU=0.50:0.95 | area=   all | maxDets=300 ] = 0.716
 Average Recall     (AR) @[ IoU=0.50:0.95 | area=   all | maxDets=1000 ] = 0.716
 Average Recall     (AR) @[ IoU=0.50:0.95 | area= small | maxDets=1000 ] = 0.285
 Average Recall     (AR) @[ IoU=0.50:0.95 | area=medium | maxDets=1000 ] = 0.692
 Average Recall     (AR) @[ IoU=0.50:0.95 | area= large | maxDets=1000 ] = 0.775
06/22 02:09:51 - mmengine - INFO - bbox_mAP_copypaste: 0.491 0.684 0.576 0.157 0.481 0.541
06/22 02:09:53 - mmengine - INFO - Epoch(val) [7][2587/2587]    coco/bbox_mAP: 0.4910  coco/bbox_mAP_50: 0.6840  coco/bbox_mAP_75: 0.5760  coco/bbox_mAP_s: 0.1570  coco/bbox_mAP_m: 0.4810  coco/bbox_mAP_l: 0.5410  data_time: 0.0015  time: 0.0497
06/22 02:09:53 - mmengine - INFO - The previous best checkpoint /home/siyuan/projects/LLMs/OralDetect-Family/WeDetect_repro/WeDetect/work_dirs/base3stage_s3/best_coco_bbox_mAP_epoch_6.pth is removed
06/22 02:09:57 - mmengine - INFO - The best checkpoint with 0.4910 coco/bbox_mAP at 7 epoch is saved to best_coco_bbox_mAP_epoch_7.pth.
06/22 02:11:04 - mmengine - INFO - Epoch(train)  [8][  50/1294]  base_lr: 8.2812e-06 lr: 8.2812e-06  eta: 2:03:32  time: 1.1455  data_time: 0.0157  memory: 31063  grad_norm: 968.6131  loss: 105.2653  loss_cls: 33.6082  loss_bbox: 36.8755  loss_dfl: 34.7816
06/22 02:12:02 - mmengine - INFO - Epoch(train)  [8][ 100/1294]  base_lr: 8.2169e-06 lr: 8.2169e-06  eta: 2:02:35  time: 1.1532  data_time: 0.0060  memory: 30957  grad_norm: 916.5852  loss: 107.8266  loss_cls: 35.4871  loss_bbox: 37.0585  loss_dfl: 35.2810
06/22 02:12:59 - mmengine - INFO - Epoch(train)  [8][ 150/1294]  base_lr: 8.1525e-06 lr: 8.1525e-06  eta: 2:01:37  time: 1.1527  data_time: 0.0060  memory: 30937  grad_norm: 920.2045  loss: 104.9713  loss_cls: 32.9264  loss_bbox: 36.8530  loss_dfl: 35.1919
06/22 02:13:57 - mmengine - INFO - Epoch(train)  [8][ 200/1294]  base_lr: 8.0882e-06 lr: 8.0882e-06  eta: 2:00:39  time: 1.1527  data_time: 0.0061  memory: 31003  grad_norm: 1010.4995  loss: 105.0903  loss_cls: 33.1533  loss_bbox: 36.6815  loss_dfl: 35.2555
06/22 02:14:54 - mmengine - INFO - Epoch(train)  [8][ 250/1294]  base_lr: 8.0238e-06 lr: 8.0238e-06  eta: 1:59:41  time: 1.1507  data_time: 0.0059  memory: 31077  grad_norm: 875.4360  loss: 103.2924  loss_cls: 32.2271  loss_bbox: 36.3555  loss_dfl: 34.7097
06/22 02:15:52 - mmengine - INFO - Epoch(train)  [8][ 300/1294]  base_lr: 7.9595e-06 lr: 7.9595e-06  eta: 1:58:44  time: 1.1594  data_time: 0.0059  memory: 30903  grad_norm: 956.1321  loss: 102.7222  loss_cls: 32.4241  loss_bbox: 35.3971  loss_dfl: 34.9010
06/22 02:16:50 - mmengine - INFO - Epoch(train)  [8][ 350/1294]  base_lr: 7.8952e-06 lr: 7.8952e-06  eta: 1:57:46  time: 1.1501  data_time: 0.0061  memory: 30843  grad_norm: 864.9412  loss: 105.6149  loss_cls: 33.8953  loss_bbox: 36.7968  loss_dfl: 34.9228
06/22 02:17:48 - mmengine - INFO - Epoch(train)  [8][ 400/1294]  base_lr: 7.8308e-06 lr: 7.8308e-06  eta: 1:56:48  time: 1.1644  data_time: 0.0060  memory: 30890  grad_norm: 998.7280  loss: 106.7981  loss_cls: 33.8052  loss_bbox: 37.3422  loss_dfl: 35.6508
06/22 02:18:46 - mmengine - INFO - Epoch(train)  [8][ 450/1294]  base_lr: 7.7665e-06 lr: 7.7665e-06  eta: 1:55:51  time: 1.1525  data_time: 0.0060  memory: 31010  grad_norm: 891.9922  loss: 103.8679  loss_cls: 33.0729  loss_bbox: 35.8299  loss_dfl: 34.9651
06/22 02:19:44 - mmengine - INFO - Epoch(train)  [8][ 500/1294]  base_lr: 7.7021e-06 lr: 7.7021e-06  eta: 1:54:53  time: 1.1579  data_time: 0.0059  memory: 31050  grad_norm: 1020.1182  loss: 105.6099  loss_cls: 33.8996  loss_bbox: 36.5294  loss_dfl: 35.1810
06/22 02:20:41 - mmengine - INFO - Epoch(train)  [8][ 550/1294]  base_lr: 7.6378e-06 lr: 7.6378e-06  eta: 1:53:55  time: 1.1505  data_time: 0.0061  memory: 30963  grad_norm: 928.0025  loss: 104.6785  loss_cls: 33.0125  loss_bbox: 36.3958  loss_dfl: 35.2703
06/22 02:21:39 - mmengine - INFO - Epoch(train)  [8][ 600/1294]  base_lr: 7.5735e-06 lr: 7.5735e-06  eta: 1:52:57  time: 1.1594  data_time: 0.0059  memory: 31003  grad_norm: 952.4622  loss: 105.2790  loss_cls: 32.9745  loss_bbox: 36.9255  loss_dfl: 35.3790
06/22 02:22:37 - mmengine - INFO - Epoch(train)  [8][ 650/1294]  base_lr: 7.5091e-06 lr: 7.5091e-06  eta: 1:52:00  time: 1.1535  data_time: 0.0059  memory: 31003  grad_norm: 951.7305  loss: 103.7190  loss_cls: 32.4344  loss_bbox: 36.3789  loss_dfl: 34.9057
06/22 02:23:34 - mmengine - INFO - Epoch(train)  [8][ 700/1294]  base_lr: 7.4448e-06 lr: 7.4448e-06  eta: 1:51:02  time: 1.1507  data_time: 0.0060  memory: 30930  grad_norm: 924.1001  loss: 104.4374  loss_cls: 33.8518  loss_bbox: 36.0658  loss_dfl: 34.5199
06/22 02:24:32 - mmengine - INFO - Epoch(train)  [8][ 750/1294]  base_lr: 7.3804e-06 lr: 7.3804e-06  eta: 1:50:04  time: 1.1611  data_time: 0.0061  memory: 30863  grad_norm: 906.4950  loss: 106.6415  loss_cls: 34.6441  loss_bbox: 37.0907  loss_dfl: 34.9067
06/22 02:25:30 - mmengine - INFO - Epoch(train)  [8][ 800/1294]  base_lr: 7.3161e-06 lr: 7.3161e-06  eta: 1:49:06  time: 1.1472  data_time: 0.0058  memory: 30923  grad_norm: 981.3538  loss: 106.6453  loss_cls: 34.1138  loss_bbox: 37.0120  loss_dfl: 35.5195
06/22 02:26:28 - mmengine - INFO - Epoch(train)  [8][ 850/1294]  base_lr: 7.2518e-06 lr: 7.2518e-06  eta: 1:48:09  time: 1.1555  data_time: 0.0057  memory: 30877  grad_norm: 1003.6437  loss: 107.6364  loss_cls: 34.8824  loss_bbox: 37.3505  loss_dfl: 35.4035
06/22 02:27:25 - mmengine - INFO - Epoch(train)  [8][ 900/1294]  base_lr: 7.1874e-06 lr: 7.1874e-06  eta: 1:47:11  time: 1.1507  data_time: 0.0057  memory: 30890  grad_norm: 950.1871  loss: 103.4109  loss_cls: 32.3797  loss_bbox: 36.2545  loss_dfl: 34.7768
06/22 02:28:14 - mmengine - INFO - Exp name: wedetect_base_3stage_s3_20260621_225528
06/22 02:28:23 - mmengine - INFO - Epoch(train)  [8][ 950/1294]  base_lr: 7.1231e-06 lr: 7.1231e-06  eta: 1:46:13  time: 1.1613  data_time: 0.0059  memory: 31070  grad_norm: 843.2945  loss: 106.4961  loss_cls: 33.5189  loss_bbox: 37.2033  loss_dfl: 35.7740
06/22 02:29:21 - mmengine - INFO - Epoch(train)  [8][1000/1294]  base_lr: 7.0587e-06 lr: 7.0587e-06  eta: 1:45:15  time: 1.1471  data_time: 0.0057  memory: 30850  grad_norm: 1042.2197  loss: 104.9104  loss_cls: 33.2983  loss_bbox: 36.5742  loss_dfl: 35.0380
06/22 02:30:18 - mmengine - INFO - Epoch(train)  [8][1050/1294]  base_lr: 6.9944e-06 lr: 6.9944e-06  eta: 1:44:18  time: 1.1585  data_time: 0.0058  memory: 30963  grad_norm: 1006.2148  loss: 106.5097  loss_cls: 33.4950  loss_bbox: 37.4764  loss_dfl: 35.5383
06/22 02:31:16 - mmengine - INFO - Epoch(train)  [8][1100/1294]  base_lr: 6.9301e-06 lr: 6.9301e-06  eta: 1:43:20  time: 1.1517  data_time: 0.0061  memory: 30930  grad_norm: 873.6485  loss: 103.7439  loss_cls: 32.8220  loss_bbox: 36.0886  loss_dfl: 34.8334
06/22 02:32:14 - mmengine - INFO - Epoch(train)  [8][1150/1294]  base_lr: 6.8657e-06 lr: 6.8657e-06  eta: 1:42:22  time: 1.1561  data_time: 0.0060  memory: 31030  grad_norm: 914.1274  loss: 103.6735  loss_cls: 31.7917  loss_bbox: 36.7855  loss_dfl: 35.0962
06/22 02:33:11 - mmengine - INFO - Epoch(train)  [8][1200/1294]  base_lr: 6.8014e-06 lr: 6.8014e-06  eta: 1:41:24  time: 1.1482  data_time: 0.0059  memory: 30897  grad_norm: 876.6241  loss: 104.0394  loss_cls: 32.0833  loss_bbox: 36.9192  loss_dfl: 35.0370
06/22 02:34:09 - mmengine - INFO - Epoch(train)  [8][1250/1294]  base_lr: 6.7370e-06 lr: 6.7370e-06  eta: 1:40:27  time: 1.1633  data_time: 0.0059  memory: 30917  grad_norm: 899.7362  loss: 102.3427  loss_cls: 32.1309  loss_bbox: 35.9587  loss_dfl: 34.2531
06/22 02:34:59 - mmengine - INFO - Exp name: wedetect_base_3stage_s3_20260621_225528
06/22 02:34:59 - mmengine - INFO - Saving checkpoint at 8 epochs
06/22 02:35:12 - mmengine - INFO - Epoch(val)  [8][  50/2587]    eta: 0:02:41  time: 0.0637  data_time: 0.0162  memory: 30983  
06/22 02:35:14 - mmengine - INFO - Epoch(val)  [8][ 100/2587]    eta: 0:02:22  time: 0.0509  data_time: 0.0030  memory: 6053  
06/22 02:35:17 - mmengine - INFO - Epoch(val)  [8][ 150/2587]    eta: 0:02:12  time: 0.0482  data_time: 0.0003  memory: 6053  
06/22 02:35:21 - mmengine - INFO - Epoch(val)  [8][ 200/2587]    eta: 0:02:27  time: 0.0845  data_time: 0.0375  memory: 6053  
06/22 02:35:23 - mmengine - INFO - Epoch(val)  [8][ 250/2587]    eta: 0:02:17  time: 0.0479  data_time: 0.0002  memory: 6053  
06/22 02:35:26 - mmengine - INFO - Epoch(val)  [8][ 300/2587]    eta: 0:02:10  time: 0.0484  data_time: 0.0003  memory: 6053  
06/22 02:35:28 - mmengine - INFO - Epoch(val)  [8][ 350/2587]    eta: 0:02:05  time: 0.0481  data_time: 0.0002  memory: 6053  
06/22 02:35:31 - mmengine - INFO - Epoch(val)  [8][ 400/2587]    eta: 0:02:00  time: 0.0483  data_time: 0.0003  memory: 6053  
06/22 02:35:33 - mmengine - INFO - Epoch(val)  [8][ 450/2587]    eta: 0:01:55  time: 0.0483  data_time: 0.0003  memory: 6053  
06/22 02:35:35 - mmengine - INFO - Epoch(val)  [8][ 500/2587]    eta: 0:01:52  time: 0.0486  data_time: 0.0002  memory: 6053  
06/22 02:35:38 - mmengine - INFO - Epoch(val)  [8][ 550/2587]    eta: 0:01:48  time: 0.0485  data_time: 0.0003  memory: 6053  
06/22 02:35:40 - mmengine - INFO - Epoch(val)  [8][ 600/2587]    eta: 0:01:44  time: 0.0484  data_time: 0.0003  memory: 6053  
06/22 02:35:43 - mmengine - INFO - Epoch(val)  [8][ 650/2587]    eta: 0:01:41  time: 0.0492  data_time: 0.0003  memory: 6053  
06/22 02:35:45 - mmengine - INFO - Epoch(val)  [8][ 700/2587]    eta: 0:01:38  time: 0.0487  data_time: 0.0003  memory: 6053  
06/22 02:35:48 - mmengine - INFO - Epoch(val)  [8][ 750/2587]    eta: 0:01:35  time: 0.0483  data_time: 0.0002  memory: 6053  
06/22 02:35:50 - mmengine - INFO - Epoch(val)  [8][ 800/2587]    eta: 0:01:32  time: 0.0486  data_time: 0.0002  memory: 6053  
06/22 02:35:53 - mmengine - INFO - Epoch(val)  [8][ 850/2587]    eta: 0:01:29  time: 0.0486  data_time: 0.0002  memory: 6053  
06/22 02:35:55 - mmengine - INFO - Epoch(val)  [8][ 900/2587]    eta: 0:01:26  time: 0.0484  data_time: 0.0002  memory: 6053  
06/22 02:35:57 - mmengine - INFO - Epoch(val)  [8][ 950/2587]    eta: 0:01:23  time: 0.0487  data_time: 0.0003  memory: 6053  
06/22 02:36:00 - mmengine - INFO - Epoch(val)  [8][1000/2587]    eta: 0:01:21  time: 0.0485  data_time: 0.0002  memory: 6053  
06/22 02:36:02 - mmengine - INFO - Epoch(val)  [8][1050/2587]    eta: 0:01:18  time: 0.0486  data_time: 0.0003  memory: 6053  
06/22 02:36:05 - mmengine - INFO - Epoch(val)  [8][1100/2587]    eta: 0:01:15  time: 0.0487  data_time: 0.0002  memory: 6053  
06/22 02:36:07 - mmengine - INFO - Epoch(val)  [8][1150/2587]    eta: 0:01:12  time: 0.0484  data_time: 0.0002  memory: 6053  
06/22 02:36:10 - mmengine - INFO - Epoch(val)  [8][1200/2587]    eta: 0:01:10  time: 0.0487  data_time: 0.0003  memory: 6053  
06/22 02:36:12 - mmengine - INFO - Epoch(val)  [8][1250/2587]    eta: 0:01:07  time: 0.0491  data_time: 0.0003  memory: 6053  
06/22 02:36:14 - mmengine - INFO - Epoch(val)  [8][1300/2587]    eta: 0:01:05  time: 0.0489  data_time: 0.0003  memory: 6053  
06/22 02:36:17 - mmengine - INFO - Epoch(val)  [8][1350/2587]    eta: 0:01:02  time: 0.0489  data_time: 0.0003  memory: 6053  
06/22 02:36:19 - mmengine - INFO - Epoch(val)  [8][1400/2587]    eta: 0:00:59  time: 0.0489  data_time: 0.0003  memory: 6053  
06/22 02:36:22 - mmengine - INFO - Epoch(val)  [8][1450/2587]    eta: 0:00:57  time: 0.0490  data_time: 0.0003  memory: 6053  
06/22 02:36:24 - mmengine - INFO - Epoch(val)  [8][1500/2587]    eta: 0:00:54  time: 0.0488  data_time: 0.0003  memory: 6053  
06/22 02:36:27 - mmengine - INFO - Epoch(val)  [8][1550/2587]    eta: 0:00:52  time: 0.0488  data_time: 0.0003  memory: 6053  
06/22 02:36:29 - mmengine - INFO - Epoch(val)  [8][1600/2587]    eta: 0:00:49  time: 0.0492  data_time: 0.0004  memory: 6053  
06/22 02:36:32 - mmengine - INFO - Epoch(val)  [8][1650/2587]    eta: 0:00:47  time: 0.0488  data_time: 0.0003  memory: 6053  
06/22 02:36:34 - mmengine - INFO - Epoch(val)  [8][1700/2587]    eta: 0:00:44  time: 0.0485  data_time: 0.0002  memory: 6053  
06/22 02:36:36 - mmengine - INFO - Epoch(val)  [8][1750/2587]    eta: 0:00:41  time: 0.0497  data_time: 0.0012  memory: 6053  
06/22 02:36:39 - mmengine - INFO - Epoch(val)  [8][1800/2587]    eta: 0:00:39  time: 0.0515  data_time: 0.0034  memory: 6053  
06/22 02:36:42 - mmengine - INFO - Epoch(val)  [8][1850/2587]    eta: 0:00:36  time: 0.0486  data_time: 0.0003  memory: 6053  
06/22 02:36:44 - mmengine - INFO - Epoch(val)  [8][1900/2587]    eta: 0:00:34  time: 0.0488  data_time: 0.0003  memory: 6053  
06/22 02:36:46 - mmengine - INFO - Epoch(val)  [8][1950/2587]    eta: 0:00:31  time: 0.0490  data_time: 0.0003  memory: 6053  
06/22 02:36:49 - mmengine - INFO - Epoch(val)  [8][2000/2587]    eta: 0:00:29  time: 0.0485  data_time: 0.0003  memory: 6053  
06/22 02:36:51 - mmengine - INFO - Epoch(val)  [8][2050/2587]    eta: 0:00:26  time: 0.0491  data_time: 0.0003  memory: 6053  
06/22 02:36:54 - mmengine - INFO - Epoch(val)  [8][2100/2587]    eta: 0:00:24  time: 0.0485  data_time: 0.0003  memory: 6053  
06/22 02:36:56 - mmengine - INFO - Epoch(val)  [8][2150/2587]    eta: 0:00:21  time: 0.0484  data_time: 0.0002  memory: 6053  
06/22 02:36:59 - mmengine - INFO - Epoch(val)  [8][2200/2587]    eta: 0:00:19  time: 0.0485  data_time: 0.0003  memory: 6053  
06/22 02:37:01 - mmengine - INFO - Epoch(val)  [8][2250/2587]    eta: 0:00:16  time: 0.0538  data_time: 0.0057  memory: 6053  
06/22 02:37:04 - mmengine - INFO - Epoch(val)  [8][2300/2587]    eta: 0:00:14  time: 0.0490  data_time: 0.0003  memory: 6053  
06/22 02:37:06 - mmengine - INFO - Epoch(val)  [8][2350/2587]    eta: 0:00:11  time: 0.0486  data_time: 0.0002  memory: 6053  
06/22 02:37:09 - mmengine - INFO - Epoch(val)  [8][2400/2587]    eta: 0:00:09  time: 0.0489  data_time: 0.0003  memory: 6053  
06/22 02:37:11 - mmengine - INFO - Epoch(val)  [8][2450/2587]    eta: 0:00:06  time: 0.0485  data_time: 0.0003  memory: 6053  
06/22 02:37:13 - mmengine - INFO - Epoch(val)  [8][2500/2587]    eta: 0:00:04  time: 0.0486  data_time: 0.0002  memory: 6053  
06/22 02:37:16 - mmengine - INFO - Epoch(val)  [8][2550/2587]    eta: 0:00:01  time: 0.0486  data_time: 0.0003  memory: 6053  
06/22 02:37:39 - mmengine - INFO - Evaluating bbox...
Loading and preparing results...
DONE (t=4.89s)
creating index...
index created!
Running per image evaluation...
Evaluate annotation type *bbox*
DONE (t=73.16s).
Accumulating evaluation results...
DONE (t=30.22s).
 Average Precision  (AP) @[ IoU=0.50:0.95 | area=   all | maxDets=100 ] = 0.498
 Average Precision  (AP) @[ IoU=0.50      | area=   all | maxDets=1000 ] = 0.694
 Average Precision  (AP) @[ IoU=0.75      | area=   all | maxDets=1000 ] = 0.583
 Average Precision  (AP) @[ IoU=0.50:0.95 | area= small | maxDets=1000 ] = 0.162
 Average Precision  (AP) @[ IoU=0.50:0.95 | area=medium | maxDets=1000 ] = 0.486
 Average Precision  (AP) @[ IoU=0.50:0.95 | area= large | maxDets=1000 ] = 0.546
 Average Recall     (AR) @[ IoU=0.50:0.95 | area=   all | maxDets=100 ] = 0.717
 Average Recall     (AR) @[ IoU=0.50:0.95 | area=   all | maxDets=300 ] = 0.718
 Average Recall     (AR) @[ IoU=0.50:0.95 | area=   all | maxDets=1000 ] = 0.718
 Average Recall     (AR) @[ IoU=0.50:0.95 | area= small | maxDets=1000 ] = 0.291
 Average Recall     (AR) @[ IoU=0.50:0.95 | area=medium | maxDets=1000 ] = 0.693
 Average Recall     (AR) @[ IoU=0.50:0.95 | area= large | maxDets=1000 ] = 0.773
06/22 02:39:34 - mmengine - INFO - bbox_mAP_copypaste: 0.498 0.694 0.583 0.162 0.486 0.546
/home/siyuan/anaconda3/envs/wedetect_official/lib/python3.10/site-packages/albumentations/core/composition.py:331: UserWarning: Got processor for bboxes, but no transform to process it.
  self._set_keys()
/home/siyuan/anaconda3/envs/wedetect_official/lib/python3.10/site-packages/albumentations/core/composition.py:331: UserWarning: Got processor for bboxes, but no transform to process it.
  self._set_keys()
/home/siyuan/anaconda3/envs/wedetect_official/lib/python3.10/site-packages/albumentations/core/composition.py:331: UserWarning: Got processor for bboxes, but no transform to process it.
  self._set_keys()
06/22 02:39:37 - mmengine - INFO - Epoch(val) [8][2587/2587]    coco/bbox_mAP: 0.4980  coco/bbox_mAP_50: 0.6940  coco/bbox_mAP_75: 0.5830  coco/bbox_mAP_s: 0.1620  coco/bbox_mAP_m: 0.4860  coco/bbox_mAP_l: 0.5460  data_time: 0.0015  time: 0.0498
06/22 02:39:37 - mmengine - INFO - The previous best checkpoint /home/siyuan/projects/LLMs/OralDetect-Family/WeDetect_repro/WeDetect/work_dirs/base3stage_s3/best_coco_bbox_mAP_epoch_7.pth is removed
06/22 02:39:41 - mmengine - INFO - The best checkpoint with 0.4980 coco/bbox_mAP at 8 epoch is saved to best_coco_bbox_mAP_epoch_8.pth.
06/22 02:39:51 - mmengine - INFO - Switch pipeline now!
/home/siyuan/anaconda3/envs/wedetect_official/lib/python3.10/site-packages/albumentations/core/composition.py:331: UserWarning: Got processor for bboxes, but no transform to process it.
  self._set_keys()
06/22 02:40:48 - mmengine - INFO - Epoch(train)  [9][  50/1294]  base_lr: 6.6161e-06 lr: 6.6161e-06  eta: 1:38:38  time: 1.1464  data_time: 0.0150  memory: 30670  grad_norm: 1342.9574  loss: 102.2376  loss_cls: 31.4672  loss_bbox: 34.9678  loss_dfl: 35.8026
06/22 02:41:46 - mmengine - INFO - Epoch(train)  [9][ 100/1294]  base_lr: 6.5517e-06 lr: 6.5517e-06  eta: 1:37:40  time: 1.1529  data_time: 0.0057  memory: 30830  grad_norm: 1113.9529  loss: 99.4624  loss_cls: 28.7689  loss_bbox: 34.9454  loss_dfl: 35.7481
06/22 02:42:43 - mmengine - INFO - Epoch(train)  [9][ 150/1294]  base_lr: 6.4874e-06 lr: 6.4874e-06  eta: 1:36:42  time: 1.1481  data_time: 0.0059  memory: 30697  grad_norm: 1145.4505  loss: 101.4384  loss_cls: 30.5691  loss_bbox: 35.5272  loss_dfl: 35.3421
06/22 02:43:41 - mmengine - INFO - Epoch(train)  [9][ 200/1294]  base_lr: 6.4231e-06 lr: 6.4231e-06  eta: 1:35:44  time: 1.1572  data_time: 0.0060  memory: 30797  grad_norm: 1262.0218  loss: 98.9019  loss_cls: 30.0375  loss_bbox: 33.8285  loss_dfl: 35.0358
06/22 02:44:38 - mmengine - INFO - Epoch(train)  [9][ 250/1294]  base_lr: 6.3587e-06 lr: 6.3587e-06  eta: 1:34:46  time: 1.1473  data_time: 0.0057  memory: 30750  grad_norm: 1074.6858  loss: 103.3507  loss_cls: 32.1447  loss_bbox: 35.7821  loss_dfl: 35.4239
06/22 02:45:36 - mmengine - INFO - Epoch(train)  [9][ 300/1294]  base_lr: 6.2944e-06 lr: 6.2944e-06  eta: 1:33:49  time: 1.1552  data_time: 0.0057  memory: 30810  grad_norm: 1135.3172  loss: 102.7297  loss_cls: 30.7120  loss_bbox: 36.1604  loss_dfl: 35.8573
06/22 02:46:33 - mmengine - INFO - Epoch(train)  [9][ 350/1294]  base_lr: 6.2301e-06 lr: 6.2301e-06  eta: 1:32:51  time: 1.1465  data_time: 0.0056  memory: 30857  grad_norm: 1168.0353  loss: 102.3927  loss_cls: 31.0331  loss_bbox: 35.7901  loss_dfl: 35.5695
06/22 02:47:31 - mmengine - INFO - Epoch(train)  [9][ 400/1294]  base_lr: 6.1657e-06 lr: 6.1657e-06  eta: 1:31:53  time: 1.1590  data_time: 0.0056  memory: 30743  grad_norm: 1142.2994  loss: 104.5061  loss_cls: 31.7930  loss_bbox: 36.6440  loss_dfl: 36.0691
06/22 02:48:29 - mmengine - INFO - Epoch(train)  [9][ 450/1294]  base_lr: 6.1014e-06 lr: 6.1014e-06  eta: 1:30:55  time: 1.1492  data_time: 0.0058  memory: 30863  grad_norm: 1309.9144  loss: 102.1040  loss_cls: 31.3991  loss_bbox: 35.5395  loss_dfl: 35.1654
06/22 02:49:26 - mmengine - INFO - Epoch(train)  [9][ 500/1294]  base_lr: 6.0370e-06 lr: 6.0370e-06  eta: 1:29:58  time: 1.1527  data_time: 0.0058  memory: 30790  grad_norm: 1086.1696  loss: 100.1621  loss_cls: 29.3002  loss_bbox: 35.0725  loss_dfl: 35.7895
06/22 02:50:24 - mmengine - INFO - Epoch(train)  [9][ 550/1294]  base_lr: 5.9727e-06 lr: 5.9727e-06  eta: 1:29:00  time: 1.1504  data_time: 0.0058  memory: 30930  grad_norm: 1097.7564  loss: 101.2726  loss_cls: 30.9539  loss_bbox: 34.8324  loss_dfl: 35.4863
06/22 02:51:22 - mmengine - INFO - Epoch(train)  [9][ 600/1294]  base_lr: 5.9084e-06 lr: 5.9084e-06  eta: 1:28:02  time: 1.1569  data_time: 0.0057  memory: 30697  grad_norm: 1247.0909  loss: 98.8909  loss_cls: 29.5171  loss_bbox: 34.2777  loss_dfl: 35.0960
06/22 02:52:17 - mmengine - INFO - Exp name: wedetect_base_3stage_s3_20260621_225528
06/22 02:52:19 - mmengine - INFO - Epoch(train)  [9][ 650/1294]  base_lr: 5.8440e-06 lr: 5.8440e-06  eta: 1:27:04  time: 1.1473  data_time: 0.0059  memory: 30717  grad_norm: 1208.3720  loss: 101.1110  loss_cls: 30.3546  loss_bbox: 35.4503  loss_dfl: 35.3062
06/22 02:53:17 - mmengine - INFO - Epoch(train)  [9][ 700/1294]  base_lr: 5.7797e-06 lr: 5.7797e-06  eta: 1:26:06  time: 1.1526  data_time: 0.0056  memory: 30723  grad_norm: 1174.3063  loss: 101.9372  loss_cls: 32.4388  loss_bbox: 34.8852  loss_dfl: 34.6133
06/22 02:54:14 - mmengine - INFO - Epoch(train)  [9][ 750/1294]  base_lr: 5.7153e-06 lr: 5.7153e-06  eta: 1:25:09  time: 1.1532  data_time: 0.0057  memory: 30710  grad_norm: 1120.4104  loss: 97.5302  loss_cls: 29.4019  loss_bbox: 33.5721  loss_dfl: 34.5562
06/22 02:55:12 - mmengine - INFO - Epoch(train)  [9][ 800/1294]  base_lr: 5.6510e-06 lr: 5.6510e-06  eta: 1:24:11  time: 1.1524  data_time: 0.0057  memory: 30790  grad_norm: 1063.8626  loss: 102.5247  loss_cls: 31.7722  loss_bbox: 35.1999  loss_dfl: 35.5525
06/22 02:56:10 - mmengine - INFO - Epoch(train)  [9][ 850/1294]  base_lr: 5.5867e-06 lr: 5.5867e-06  eta: 1:23:13  time: 1.1512  data_time: 0.0059  memory: 31023  grad_norm: 1177.4901  loss: 101.5487  loss_cls: 31.7478  loss_bbox: 35.2113  loss_dfl: 34.5896
06/22 02:57:07 - mmengine - INFO - Epoch(train)  [9][ 900/1294]  base_lr: 5.5223e-06 lr: 5.5223e-06  eta: 1:22:15  time: 1.1547  data_time: 0.0058  memory: 30630  grad_norm: 1101.7932  loss: 99.1577  loss_cls: 28.7456  loss_bbox: 35.3261  loss_dfl: 35.0860
06/22 02:58:05 - mmengine - INFO - Epoch(train)  [9][ 950/1294]  base_lr: 5.4580e-06 lr: 5.4580e-06  eta: 1:21:18  time: 1.1592  data_time: 0.0058  memory: 30710  grad_norm: 1111.7345  loss: 97.6974  loss_cls: 30.1148  loss_bbox: 33.5626  loss_dfl: 34.0201
06/22 02:59:03 - mmengine - INFO - Epoch(train)  [9][1000/1294]  base_lr: 5.3936e-06 lr: 5.3936e-06  eta: 1:20:20  time: 1.1452  data_time: 0.0057  memory: 30703  grad_norm: 1107.4271  loss: 102.9207  loss_cls: 32.5849  loss_bbox: 35.2039  loss_dfl: 35.1319
06/22 03:00:00 - mmengine - INFO - Epoch(train)  [9][1050/1294]  base_lr: 5.3293e-06 lr: 5.3293e-06  eta: 1:19:22  time: 1.1565  data_time: 0.0059  memory: 30830  grad_norm: 1134.9413  loss: 100.0475  loss_cls: 30.0576  loss_bbox: 35.3769  loss_dfl: 34.6130
06/22 03:00:58 - mmengine - INFO - Epoch(train)  [9][1100/1294]  base_lr: 5.2650e-06 lr: 5.2650e-06  eta: 1:18:24  time: 1.1476  data_time: 0.0058  memory: 31077  grad_norm: 1040.5810  loss: 98.1385  loss_cls: 28.9731  loss_bbox: 34.1263  loss_dfl: 35.0391
06/22 03:01:56 - mmengine - INFO - Epoch(train)  [9][1150/1294]  base_lr: 5.2006e-06 lr: 5.2006e-06  eta: 1:17:27  time: 1.1573  data_time: 0.0057  memory: 30757  grad_norm: 1082.7815  loss: 102.7805  loss_cls: 32.1219  loss_bbox: 35.6022  loss_dfl: 35.0564
06/22 03:02:53 - mmengine - INFO - Epoch(train)  [9][1200/1294]  base_lr: 5.1363e-06 lr: 5.1363e-06  eta: 1:16:29  time: 1.1458  data_time: 0.0057  memory: 30757  grad_norm: 1103.8031  loss: 99.3472  loss_cls: 29.8468  loss_bbox: 34.4174  loss_dfl: 35.0830
06/22 03:03:51 - mmengine - INFO - Epoch(train)  [9][1250/1294]  base_lr: 5.0719e-06 lr: 5.0719e-06  eta: 1:15:31  time: 1.1593  data_time: 0.0059  memory: 30710  grad_norm: 1054.5667  loss: 99.6488  loss_cls: 29.7605  loss_bbox: 34.8135  loss_dfl: 35.0748
06/22 03:04:41 - mmengine - INFO - Exp name: wedetect_base_3stage_s3_20260621_225528
06/22 03:04:41 - mmengine - INFO - Saving checkpoint at 9 epochs
06/22 03:04:53 - mmengine - INFO - Epoch(val)  [9][  50/2587]    eta: 0:02:49  time: 0.0666  data_time: 0.0188  memory: 30890  
06/22 03:04:56 - mmengine - INFO - Epoch(val)  [9][ 100/2587]    eta: 0:02:25  time: 0.0506  data_time: 0.0029  memory: 6053  
06/22 03:04:58 - mmengine - INFO - Epoch(val)  [9][ 150/2587]    eta: 0:02:14  time: 0.0482  data_time: 0.0003  memory: 6053  
06/22 03:05:02 - mmengine - INFO - Epoch(val)  [9][ 200/2587]    eta: 0:02:28  time: 0.0841  data_time: 0.0371  memory: 6053  
06/22 03:05:05 - mmengine - INFO - Epoch(val)  [9][ 250/2587]    eta: 0:02:19  time: 0.0478  data_time: 0.0002  memory: 6053  
06/22 03:05:07 - mmengine - INFO - Epoch(val)  [9][ 300/2587]    eta: 0:02:11  time: 0.0479  data_time: 0.0002  memory: 6053  
06/22 03:05:10 - mmengine - INFO - Epoch(val)  [9][ 350/2587]    eta: 0:02:05  time: 0.0479  data_time: 0.0003  memory: 6053  
06/22 03:05:12 - mmengine - INFO - Epoch(val)  [9][ 400/2587]    eta: 0:02:00  time: 0.0481  data_time: 0.0002  memory: 6053  
06/22 03:05:14 - mmengine - INFO - Epoch(val)  [9][ 450/2587]    eta: 0:01:56  time: 0.0485  data_time: 0.0003  memory: 6053  
06/22 03:05:17 - mmengine - INFO - Epoch(val)  [9][ 500/2587]    eta: 0:01:52  time: 0.0481  data_time: 0.0002  memory: 6053  
06/22 03:05:19 - mmengine - INFO - Epoch(val)  [9][ 550/2587]    eta: 0:01:48  time: 0.0483  data_time: 0.0003  memory: 6053  
06/22 03:05:22 - mmengine - INFO - Epoch(val)  [9][ 600/2587]    eta: 0:01:45  time: 0.0482  data_time: 0.0002  memory: 6053  
06/22 03:05:24 - mmengine - INFO - Epoch(val)  [9][ 650/2587]    eta: 0:01:41  time: 0.0484  data_time: 0.0002  memory: 6053  
06/22 03:05:27 - mmengine - INFO - Epoch(val)  [9][ 700/2587]    eta: 0:01:38  time: 0.0482  data_time: 0.0002  memory: 6053  
06/22 03:05:29 - mmengine - INFO - Epoch(val)  [9][ 750/2587]    eta: 0:01:35  time: 0.0482  data_time: 0.0002  memory: 6053  
06/22 03:05:31 - mmengine - INFO - Epoch(val)  [9][ 800/2587]    eta: 0:01:32  time: 0.0484  data_time: 0.0003  memory: 6053  
06/22 03:05:34 - mmengine - INFO - Epoch(val)  [9][ 850/2587]    eta: 0:01:29  time: 0.0484  data_time: 0.0002  memory: 6053  
06/22 03:05:36 - mmengine - INFO - Epoch(val)  [9][ 900/2587]    eta: 0:01:26  time: 0.0484  data_time: 0.0002  memory: 6053  
06/22 03:05:39 - mmengine - INFO - Epoch(val)  [9][ 950/2587]    eta: 0:01:23  time: 0.0483  data_time: 0.0002  memory: 6053  
06/22 03:05:41 - mmengine - INFO - Epoch(val)  [9][1000/2587]    eta: 0:01:21  time: 0.0484  data_time: 0.0003  memory: 6053  
06/22 03:05:43 - mmengine - INFO - Epoch(val)  [9][1050/2587]    eta: 0:01:18  time: 0.0484  data_time: 0.0002  memory: 6053  
06/22 03:05:46 - mmengine - INFO - Epoch(val)  [9][1100/2587]    eta: 0:01:15  time: 0.0485  data_time: 0.0003  memory: 6053  
06/22 03:05:48 - mmengine - INFO - Epoch(val)  [9][1150/2587]    eta: 0:01:12  time: 0.0482  data_time: 0.0002  memory: 6053  
06/22 03:05:51 - mmengine - INFO - Epoch(val)  [9][1200/2587]    eta: 0:01:10  time: 0.0484  data_time: 0.0003  memory: 6053  
06/22 03:05:53 - mmengine - INFO - Epoch(val)  [9][1250/2587]    eta: 0:01:07  time: 0.0489  data_time: 0.0003  memory: 6053  
06/22 03:05:56 - mmengine - INFO - Epoch(val)  [9][1300/2587]    eta: 0:01:04  time: 0.0485  data_time: 0.0003  memory: 6053  
06/22 03:05:58 - mmengine - INFO - Epoch(val)  [9][1350/2587]    eta: 0:01:02  time: 0.0490  data_time: 0.0003  memory: 6053  
06/22 03:06:01 - mmengine - INFO - Epoch(val)  [9][1400/2587]    eta: 0:00:59  time: 0.0486  data_time: 0.0003  memory: 6053  
06/22 03:06:03 - mmengine - INFO - Epoch(val)  [9][1450/2587]    eta: 0:00:57  time: 0.0489  data_time: 0.0003  memory: 6053  
06/22 03:06:05 - mmengine - INFO - Epoch(val)  [9][1500/2587]    eta: 0:00:54  time: 0.0487  data_time: 0.0003  memory: 6053  
06/22 03:06:08 - mmengine - INFO - Epoch(val)  [9][1550/2587]    eta: 0:00:52  time: 0.0485  data_time: 0.0003  memory: 6053  
06/22 03:06:10 - mmengine - INFO - Epoch(val)  [9][1600/2587]    eta: 0:00:49  time: 0.0491  data_time: 0.0003  memory: 6053  
06/22 03:06:13 - mmengine - INFO - Epoch(val)  [9][1650/2587]    eta: 0:00:46  time: 0.0486  data_time: 0.0003  memory: 6053  
06/22 03:06:15 - mmengine - INFO - Epoch(val)  [9][1700/2587]    eta: 0:00:44  time: 0.0484  data_time: 0.0003  memory: 6053  
06/22 03:06:18 - mmengine - INFO - Epoch(val)  [9][1750/2587]    eta: 0:00:41  time: 0.0499  data_time: 0.0019  memory: 6053  
06/22 03:06:20 - mmengine - INFO - Epoch(val)  [9][1800/2587]    eta: 0:00:39  time: 0.0515  data_time: 0.0036  memory: 6053  
06/22 03:06:23 - mmengine - INFO - Epoch(val)  [9][1850/2587]    eta: 0:00:36  time: 0.0488  data_time: 0.0003  memory: 6053  
06/22 03:06:25 - mmengine - INFO - Epoch(val)  [9][1900/2587]    eta: 0:00:34  time: 0.0484  data_time: 0.0003  memory: 6053  
06/22 03:06:28 - mmengine - INFO - Epoch(val)  [9][1950/2587]    eta: 0:00:31  time: 0.0487  data_time: 0.0003  memory: 6053  
06/22 03:06:30 - mmengine - INFO - Epoch(val)  [9][2000/2587]    eta: 0:00:29  time: 0.0487  data_time: 0.0003  memory: 6053  
06/22 03:06:32 - mmengine - INFO - Epoch(val)  [9][2050/2587]    eta: 0:00:26  time: 0.0485  data_time: 0.0003  memory: 6053  
06/22 03:06:35 - mmengine - INFO - Epoch(val)  [9][2100/2587]    eta: 0:00:24  time: 0.0487  data_time: 0.0003  memory: 6053  
06/22 03:06:37 - mmengine - INFO - Epoch(val)  [9][2150/2587]    eta: 0:00:21  time: 0.0486  data_time: 0.0003  memory: 6053  
06/22 03:06:40 - mmengine - INFO - Epoch(val)  [9][2200/2587]    eta: 0:00:19  time: 0.0484  data_time: 0.0003  memory: 6053  
06/22 03:06:42 - mmengine - INFO - Epoch(val)  [9][2250/2587]    eta: 0:00:16  time: 0.0534  data_time: 0.0051  memory: 6053  
06/22 03:06:45 - mmengine - INFO - Epoch(val)  [9][2300/2587]    eta: 0:00:14  time: 0.0489  data_time: 0.0002  memory: 6053  
06/22 03:06:47 - mmengine - INFO - Epoch(val)  [9][2350/2587]    eta: 0:00:11  time: 0.0490  data_time: 0.0002  memory: 6053  
06/22 03:06:50 - mmengine - INFO - Epoch(val)  [9][2400/2587]    eta: 0:00:09  time: 0.0543  data_time: 0.0003  memory: 6053  
06/22 03:06:52 - mmengine - INFO - Epoch(val)  [9][2450/2587]    eta: 0:00:06  time: 0.0490  data_time: 0.0002  memory: 6053  
06/22 03:06:55 - mmengine - INFO - Epoch(val)  [9][2500/2587]    eta: 0:00:04  time: 0.0489  data_time: 0.0002  memory: 6053  
06/22 03:06:57 - mmengine - INFO - Epoch(val)  [9][2550/2587]    eta: 0:00:01  time: 0.0486  data_time: 0.0002  memory: 6053  
06/22 03:07:18 - mmengine - INFO - Evaluating bbox...
Loading and preparing results...
DONE (t=5.02s)
creating index...
index created!
Running per image evaluation...
Evaluate annotation type *bbox*
DONE (t=71.66s).
Accumulating evaluation results...
DONE (t=28.37s).
 Average Precision  (AP) @[ IoU=0.50:0.95 | area=   all | maxDets=100 ] = 0.496
 Average Precision  (AP) @[ IoU=0.50      | area=   all | maxDets=1000 ] = 0.689
 Average Precision  (AP) @[ IoU=0.75      | area=   all | maxDets=1000 ] = 0.582
 Average Precision  (AP) @[ IoU=0.50:0.95 | area= small | maxDets=1000 ] = 0.156
 Average Precision  (AP) @[ IoU=0.50:0.95 | area=medium | maxDets=1000 ] = 0.481
 Average Precision  (AP) @[ IoU=0.50:0.95 | area= large | maxDets=1000 ] = 0.535
 Average Recall     (AR) @[ IoU=0.50:0.95 | area=   all | maxDets=100 ] = 0.716
 Average Recall     (AR) @[ IoU=0.50:0.95 | area=   all | maxDets=300 ] = 0.717
 Average Recall     (AR) @[ IoU=0.50:0.95 | area=   all | maxDets=1000 ] = 0.717
 Average Recall     (AR) @[ IoU=0.50:0.95 | area= small | maxDets=1000 ] = 0.297
 Average Recall     (AR) @[ IoU=0.50:0.95 | area=medium | maxDets=1000 ] = 0.688
 Average Recall     (AR) @[ IoU=0.50:0.95 | area= large | maxDets=1000 ] = 0.777
06/22 03:09:11 - mmengine - INFO - bbox_mAP_copypaste: 0.496 0.689 0.582 0.156 0.481 0.535
06/22 03:09:13 - mmengine - INFO - Epoch(val) [9][2587/2587]    coco/bbox_mAP: 0.4960  coco/bbox_mAP_50: 0.6890  coco/bbox_mAP_75: 0.5820  coco/bbox_mAP_s: 0.1560  coco/bbox_mAP_m: 0.4810  coco/bbox_mAP_l: 0.5350  data_time: 0.0016  time: 0.0499
06/22 03:10:10 - mmengine - INFO - Epoch(train) [10][  50/1294]  base_lr: 4.9510e-06 lr: 4.9510e-06  eta: 1:13:42  time: 1.1389  data_time: 0.0111  memory: 30837  grad_norm: 1125.9346  loss: 98.9207  loss_cls: 29.8820  loss_bbox: 34.1672  loss_dfl: 34.8715
06/22 03:11:07 - mmengine - INFO - Epoch(train) [10][ 100/1294]  base_lr: 4.8866e-06 lr: 4.8866e-06  eta: 1:12:44  time: 1.1467  data_time: 0.0061  memory: 30857  grad_norm: 1116.9188  loss: 99.7330  loss_cls: 29.9941  loss_bbox: 34.7148  loss_dfl: 35.0240
06/22 03:12:05 - mmengine - INFO - Epoch(train) [10][ 150/1294]  base_lr: 4.8223e-06 lr: 4.8223e-06  eta: 1:11:47  time: 1.1505  data_time: 0.0062  memory: 30837  grad_norm: 1087.1199  loss: 103.0375  loss_cls: 31.8543  loss_bbox: 35.7709  loss_dfl: 35.4123
06/22 03:13:02 - mmengine - INFO - Epoch(train) [10][ 200/1294]  base_lr: 4.7580e-06 lr: 4.7580e-06  eta: 1:10:49  time: 1.1478  data_time: 0.0062  memory: 30777  grad_norm: 1118.6349  loss: 103.1899  loss_cls: 31.2154  loss_bbox: 36.3813  loss_dfl: 35.5932
06/22 03:14:00 - mmengine - INFO - Epoch(train) [10][ 250/1294]  base_lr: 4.6936e-06 lr: 4.6936e-06  eta: 1:09:51  time: 1.1493  data_time: 0.0058  memory: 30797  grad_norm: 1025.7704  loss: 103.6275  loss_cls: 31.8133  loss_bbox: 36.0698  loss_dfl: 35.7443
06/22 03:14:57 - mmengine - INFO - Epoch(train) [10][ 300/1294]  base_lr: 4.6293e-06 lr: 4.6293e-06  eta: 1:08:53  time: 1.1516  data_time: 0.0058  memory: 30737  grad_norm: 1005.7578  loss: 101.6793  loss_cls: 31.0390  loss_bbox: 35.4860  loss_dfl: 35.1543
06/22 03:15:55 - mmengine - INFO - Epoch(train) [10][ 350/1294]  base_lr: 4.5649e-06 lr: 4.5649e-06  eta: 1:07:55  time: 1.1444  data_time: 0.0060  memory: 30710  grad_norm: 1167.0713  loss: 101.3018  loss_cls: 29.4524  loss_bbox: 35.2778  loss_dfl: 36.5717
06/22 03:15:59 - mmengine - INFO - Exp name: wedetect_base_3stage_s3_20260621_225528
06/22 03:16:52 - mmengine - INFO - Epoch(train) [10][ 400/1294]  base_lr: 4.5006e-06 lr: 4.5006e-06  eta: 1:06:58  time: 1.1534  data_time: 0.0058  memory: 30977  grad_norm: 1030.9959  loss: 101.1969  loss_cls: 30.6021  loss_bbox: 35.2672  loss_dfl: 35.3276
06/22 03:17:50 - mmengine - INFO - Epoch(train) [10][ 450/1294]  base_lr: 4.4363e-06 lr: 4.4363e-06  eta: 1:06:00  time: 1.1455  data_time: 0.0058  memory: 30710  grad_norm: 1144.2914  loss: 102.3891  loss_cls: 31.2145  loss_bbox: 35.6264  loss_dfl: 35.5482
06/22 03:18:47 - mmengine - INFO - Epoch(train) [10][ 500/1294]  base_lr: 4.3719e-06 lr: 4.3719e-06  eta: 1:05:02  time: 1.1512  data_time: 0.0059  memory: 30863  grad_norm: 1138.7095  loss: 101.3963  loss_cls: 30.9187  loss_bbox: 35.6666  loss_dfl: 34.8110
06/22 03:19:44 - mmengine - INFO - Epoch(train) [10][ 550/1294]  base_lr: 4.3076e-06 lr: 4.3076e-06  eta: 1:04:04  time: 1.1480  data_time: 0.0059  memory: 30797  grad_norm: 1105.5594  loss: 99.3495  loss_cls: 30.9209  loss_bbox: 33.9432  loss_dfl: 34.4853
06/22 03:20:42 - mmengine - INFO - Epoch(train) [10][ 600/1294]  base_lr: 4.2432e-06 lr: 4.2432e-06  eta: 1:03:07  time: 1.1511  data_time: 0.0059  memory: 30737  grad_norm: 1300.4350  loss: 100.5358  loss_cls: 31.0004  loss_bbox: 34.6968  loss_dfl: 34.8385
06/22 03:21:39 - mmengine - INFO - Epoch(train) [10][ 650/1294]  base_lr: 4.1789e-06 lr: 4.1789e-06  eta: 1:02:09  time: 1.1463  data_time: 0.0058  memory: 30883  grad_norm: 1035.9158  loss: 102.9707  loss_cls: 30.8056  loss_bbox: 36.8855  loss_dfl: 35.2796
06/22 03:22:37 - mmengine - INFO - Epoch(train) [10][ 700/1294]  base_lr: 4.1146e-06 lr: 4.1146e-06  eta: 1:01:11  time: 1.1545  data_time: 0.0058  memory: 31110  grad_norm: 1112.5719  loss: 100.3308  loss_cls: 30.2133  loss_bbox: 35.3961  loss_dfl: 34.7213
06/22 03:23:34 - mmengine - INFO - Epoch(train) [10][ 750/1294]  base_lr: 4.0502e-06 lr: 4.0502e-06  eta: 1:00:13  time: 1.1470  data_time: 0.0058  memory: 30797  grad_norm: 1134.9577  loss: 104.8551  loss_cls: 32.3238  loss_bbox: 36.1469  loss_dfl: 36.3844
06/22 03:24:32 - mmengine - INFO - Epoch(train) [10][ 800/1294]  base_lr: 3.9859e-06 lr: 3.9859e-06  eta: 0:59:16  time: 1.1478  data_time: 0.0059  memory: 30703  grad_norm: 980.4237  loss: 98.0750  loss_cls: 28.7918  loss_bbox: 33.8981  loss_dfl: 35.3851
06/22 03:25:29 - mmengine - INFO - Epoch(train) [10][ 850/1294]  base_lr: 3.9215e-06 lr: 3.9215e-06  eta: 0:58:18  time: 1.1484  data_time: 0.0058  memory: 30897  grad_norm: 1073.3676  loss: 99.9615  loss_cls: 30.7554  loss_bbox: 34.1365  loss_dfl: 35.0696
06/22 03:26:27 - mmengine - INFO - Epoch(train) [10][ 900/1294]  base_lr: 3.8572e-06 lr: 3.8572e-06  eta: 0:57:20  time: 1.1579  data_time: 0.0058  memory: 30697  grad_norm: 1128.8240  loss: 101.5766  loss_cls: 31.8069  loss_bbox: 35.0163  loss_dfl: 34.7534
06/22 03:27:24 - mmengine - INFO - Epoch(train) [10][ 950/1294]  base_lr: 3.7929e-06 lr: 3.7929e-06  eta: 0:56:22  time: 1.1454  data_time: 0.0057  memory: 30863  grad_norm: 1066.8606  loss: 99.3136  loss_cls: 29.1681  loss_bbox: 35.2674  loss_dfl: 34.8781
06/22 03:28:22 - mmengine - INFO - Epoch(train) [10][1000/1294]  base_lr: 3.7285e-06 lr: 3.7285e-06  eta: 0:55:25  time: 1.1509  data_time: 0.0057  memory: 30683  grad_norm: 1044.5072  loss: 102.3076  loss_cls: 31.4246  loss_bbox: 35.6963  loss_dfl: 35.1867
06/22 03:29:20 - mmengine - INFO - Epoch(train) [10][1050/1294]  base_lr: 3.6642e-06 lr: 3.6642e-06  eta: 0:54:27  time: 1.1539  data_time: 0.0058  memory: 30710  grad_norm: 1064.9444  loss: 100.7506  loss_cls: 30.0781  loss_bbox: 35.6333  loss_dfl: 35.0392
06/22 03:30:17 - mmengine - INFO - Epoch(train) [10][1100/1294]  base_lr: 3.5999e-06 lr: 3.5999e-06  eta: 0:53:29  time: 1.1528  data_time: 0.0062  memory: 30737  grad_norm: 1252.6087  loss: 101.6898  loss_cls: 30.3982  loss_bbox: 35.4491  loss_dfl: 35.8425
06/22 03:31:15 - mmengine - INFO - Epoch(train) [10][1150/1294]  base_lr: 3.5355e-06 lr: 3.5355e-06  eta: 0:52:32  time: 1.1478  data_time: 0.0058  memory: 30703  grad_norm: 1098.8290  loss: 101.3601  loss_cls: 31.0011  loss_bbox: 35.2648  loss_dfl: 35.0942
06/22 03:32:12 - mmengine - INFO - Epoch(train) [10][1200/1294]  base_lr: 3.4712e-06 lr: 3.4712e-06  eta: 0:51:34  time: 1.1519  data_time: 0.0058  memory: 30790  grad_norm: 1145.6066  loss: 99.1746  loss_cls: 29.3000  loss_bbox: 35.1462  loss_dfl: 34.7283
06/22 03:33:10 - mmengine - INFO - Epoch(train) [10][1250/1294]  base_lr: 3.4068e-06 lr: 3.4068e-06  eta: 0:50:36  time: 1.1540  data_time: 0.0058  memory: 30683  grad_norm: 1021.5811  loss: 98.2129  loss_cls: 28.8642  loss_bbox: 34.7954  loss_dfl: 34.5533
06/22 03:34:00 - mmengine - INFO - Exp name: wedetect_base_3stage_s3_20260621_225528
06/22 03:34:00 - mmengine - INFO - Saving checkpoint at 10 epochs
06/22 03:34:13 - mmengine - INFO - Epoch(val) [10][  50/2587]    eta: 0:02:45  time: 0.0651  data_time: 0.0175  memory: 30717  
06/22 03:34:15 - mmengine - INFO - Epoch(val) [10][ 100/2587]    eta: 0:02:22  time: 0.0498  data_time: 0.0023  memory: 6053  
06/22 03:34:18 - mmengine - INFO - Epoch(val) [10][ 150/2587]    eta: 0:02:12  time: 0.0483  data_time: 0.0003  memory: 6053  
06/22 03:34:22 - mmengine - INFO - Epoch(val) [10][ 200/2587]    eta: 0:02:27  time: 0.0845  data_time: 0.0380  memory: 6053  
06/22 03:34:24 - mmengine - INFO - Epoch(val) [10][ 250/2587]    eta: 0:02:18  time: 0.0478  data_time: 0.0002  memory: 6053  
06/22 03:34:27 - mmengine - INFO - Epoch(val) [10][ 300/2587]    eta: 0:02:10  time: 0.0479  data_time: 0.0002  memory: 6053  
06/22 03:34:29 - mmengine - INFO - Epoch(val) [10][ 350/2587]    eta: 0:02:05  time: 0.0479  data_time: 0.0003  memory: 6053  
06/22 03:34:32 - mmengine - INFO - Epoch(val) [10][ 400/2587]    eta: 0:02:00  time: 0.0480  data_time: 0.0003  memory: 6053  
06/22 03:34:34 - mmengine - INFO - Epoch(val) [10][ 450/2587]    eta: 0:01:55  time: 0.0481  data_time: 0.0003  memory: 6053  
06/22 03:34:36 - mmengine - INFO - Epoch(val) [10][ 500/2587]    eta: 0:01:51  time: 0.0483  data_time: 0.0003  memory: 6053  
06/22 03:34:39 - mmengine - INFO - Epoch(val) [10][ 550/2587]    eta: 0:01:48  time: 0.0485  data_time: 0.0002  memory: 6053  
06/22 03:34:41 - mmengine - INFO - Epoch(val) [10][ 600/2587]    eta: 0:01:44  time: 0.0487  data_time: 0.0002  memory: 6053  
06/22 03:34:44 - mmengine - INFO - Epoch(val) [10][ 650/2587]    eta: 0:01:41  time: 0.0482  data_time: 0.0002  memory: 6053  
06/22 03:34:46 - mmengine - INFO - Epoch(val) [10][ 700/2587]    eta: 0:01:38  time: 0.0482  data_time: 0.0002  memory: 6053  
06/22 03:34:49 - mmengine - INFO - Epoch(val) [10][ 750/2587]    eta: 0:01:35  time: 0.0484  data_time: 0.0003  memory: 6053  
06/22 03:34:51 - mmengine - INFO - Epoch(val) [10][ 800/2587]    eta: 0:01:32  time: 0.0483  data_time: 0.0002  memory: 6053  
06/22 03:34:53 - mmengine - INFO - Epoch(val) [10][ 850/2587]    eta: 0:01:29  time: 0.0482  data_time: 0.0002  memory: 6053  
06/22 03:34:56 - mmengine - INFO - Epoch(val) [10][ 900/2587]    eta: 0:01:26  time: 0.0482  data_time: 0.0002  memory: 6053  
06/22 03:34:58 - mmengine - INFO - Epoch(val) [10][ 950/2587]    eta: 0:01:23  time: 0.0486  data_time: 0.0002  memory: 6053  
06/22 03:35:01 - mmengine - INFO - Epoch(val) [10][1000/2587]    eta: 0:01:20  time: 0.0484  data_time: 0.0003  memory: 6053  
06/22 03:35:03 - mmengine - INFO - Epoch(val) [10][1050/2587]    eta: 0:01:18  time: 0.0484  data_time: 0.0002  memory: 6053  
06/22 03:35:05 - mmengine - INFO - Epoch(val) [10][1100/2587]    eta: 0:01:15  time: 0.0486  data_time: 0.0003  memory: 6053  
06/22 03:35:08 - mmengine - INFO - Epoch(val) [10][1150/2587]    eta: 0:01:12  time: 0.0483  data_time: 0.0002  memory: 6053  
06/22 03:35:10 - mmengine - INFO - Epoch(val) [10][1200/2587]    eta: 0:01:10  time: 0.0488  data_time: 0.0003  memory: 6053  
06/22 03:35:13 - mmengine - INFO - Epoch(val) [10][1250/2587]    eta: 0:01:07  time: 0.0484  data_time: 0.0003  memory: 6053  
06/22 03:35:15 - mmengine - INFO - Epoch(val) [10][1300/2587]    eta: 0:01:04  time: 0.0484  data_time: 0.0002  memory: 6053  
06/22 03:35:18 - mmengine - INFO - Epoch(val) [10][1350/2587]    eta: 0:01:02  time: 0.0485  data_time: 0.0003  memory: 6053  
06/22 03:35:20 - mmengine - INFO - Epoch(val) [10][1400/2587]    eta: 0:00:59  time: 0.0491  data_time: 0.0003  memory: 6053  
06/22 03:35:23 - mmengine - INFO - Epoch(val) [10][1450/2587]    eta: 0:00:57  time: 0.0490  data_time: 0.0003  memory: 6053  
06/22 03:35:25 - mmengine - INFO - Epoch(val) [10][1500/2587]    eta: 0:00:54  time: 0.0485  data_time: 0.0003  memory: 6053  
06/22 03:35:27 - mmengine - INFO - Epoch(val) [10][1550/2587]    eta: 0:00:51  time: 0.0486  data_time: 0.0003  memory: 6053  
06/22 03:35:30 - mmengine - INFO - Epoch(val) [10][1600/2587]    eta: 0:00:49  time: 0.0492  data_time: 0.0004  memory: 6053  
06/22 03:35:32 - mmengine - INFO - Epoch(val) [10][1650/2587]    eta: 0:00:46  time: 0.0485  data_time: 0.0003  memory: 6053  
06/22 03:35:35 - mmengine - INFO - Epoch(val) [10][1700/2587]    eta: 0:00:44  time: 0.0483  data_time: 0.0003  memory: 6053  
06/22 03:35:37 - mmengine - INFO - Epoch(val) [10][1750/2587]    eta: 0:00:41  time: 0.0495  data_time: 0.0012  memory: 6053  
06/22 03:35:40 - mmengine - INFO - Epoch(val) [10][1800/2587]    eta: 0:00:39  time: 0.0509  data_time: 0.0029  memory: 6053  
06/22 03:35:42 - mmengine - INFO - Epoch(val) [10][1850/2587]    eta: 0:00:36  time: 0.0483  data_time: 0.0003  memory: 6053  
06/22 03:35:45 - mmengine - INFO - Epoch(val) [10][1900/2587]    eta: 0:00:34  time: 0.0484  data_time: 0.0003  memory: 6053  
06/22 03:35:47 - mmengine - INFO - Epoch(val) [10][1950/2587]    eta: 0:00:31  time: 0.0487  data_time: 0.0002  memory: 6053  
06/22 03:35:49 - mmengine - INFO - Epoch(val) [10][2000/2587]    eta: 0:00:29  time: 0.0484  data_time: 0.0003  memory: 6053  
06/22 03:35:52 - mmengine - INFO - Epoch(val) [10][2050/2587]    eta: 0:00:26  time: 0.0484  data_time: 0.0003  memory: 6053  
06/22 03:35:54 - mmengine - INFO - Epoch(val) [10][2100/2587]    eta: 0:00:24  time: 0.0484  data_time: 0.0003  memory: 6053  
06/22 03:35:57 - mmengine - INFO - Epoch(val) [10][2150/2587]    eta: 0:00:21  time: 0.0486  data_time: 0.0003  memory: 6053  
06/22 03:35:59 - mmengine - INFO - Epoch(val) [10][2200/2587]    eta: 0:00:19  time: 0.0487  data_time: 0.0003  memory: 6053  
06/22 03:36:02 - mmengine - INFO - Epoch(val) [10][2250/2587]    eta: 0:00:16  time: 0.0536  data_time: 0.0058  memory: 6053  
06/22 03:36:04 - mmengine - INFO - Epoch(val) [10][2300/2587]    eta: 0:00:14  time: 0.0487  data_time: 0.0002  memory: 6053  
06/22 03:36:07 - mmengine - INFO - Epoch(val) [10][2350/2587]    eta: 0:00:11  time: 0.0487  data_time: 0.0003  memory: 6053  
06/22 03:36:09 - mmengine - INFO - Epoch(val) [10][2400/2587]    eta: 0:00:09  time: 0.0488  data_time: 0.0003  memory: 6053  
06/22 03:36:12 - mmengine - INFO - Epoch(val) [10][2450/2587]    eta: 0:00:06  time: 0.0485  data_time: 0.0003  memory: 6053  
06/22 03:36:14 - mmengine - INFO - Epoch(val) [10][2500/2587]    eta: 0:00:04  time: 0.0484  data_time: 0.0002  memory: 6053  
06/22 03:36:16 - mmengine - INFO - Epoch(val) [10][2550/2587]    eta: 0:00:01  time: 0.0483  data_time: 0.0002  memory: 6053  
06/22 03:36:37 - mmengine - INFO - Evaluating bbox...
Loading and preparing results...
DONE (t=4.53s)
creating index...
index created!
Running per image evaluation...
Evaluate annotation type *bbox*
DONE (t=69.53s).
Accumulating evaluation results...
DONE (t=26.71s).
 Average Precision  (AP) @[ IoU=0.50:0.95 | area=   all | maxDets=100 ] = 0.508
 Average Precision  (AP) @[ IoU=0.50      | area=   all | maxDets=1000 ] = 0.705
 Average Precision  (AP) @[ IoU=0.75      | area=   all | maxDets=1000 ] = 0.596
 Average Precision  (AP) @[ IoU=0.50:0.95 | area= small | maxDets=1000 ] = 0.168
 Average Precision  (AP) @[ IoU=0.50:0.95 | area=medium | maxDets=1000 ] = 0.489
 Average Precision  (AP) @[ IoU=0.50:0.95 | area= large | maxDets=1000 ] = 0.557
 Average Recall     (AR) @[ IoU=0.50:0.95 | area=   all | maxDets=100 ] = 0.722
 Average Recall     (AR) @[ IoU=0.50:0.95 | area=   all | maxDets=300 ] = 0.723
 Average Recall     (AR) @[ IoU=0.50:0.95 | area=   all | maxDets=1000 ] = 0.723
 Average Recall     (AR) @[ IoU=0.50:0.95 | area= small | maxDets=1000 ] = 0.297
 Average Recall     (AR) @[ IoU=0.50:0.95 | area=medium | maxDets=1000 ] = 0.702
 Average Recall     (AR) @[ IoU=0.50:0.95 | area= large | maxDets=1000 ] = 0.780
06/22 03:38:24 - mmengine - INFO - bbox_mAP_copypaste: 0.508 0.705 0.596 0.168 0.489 0.557
06/22 03:38:27 - mmengine - INFO - Epoch(val) [10][2587/2587]    coco/bbox_mAP: 0.5080  coco/bbox_mAP_50: 0.7050  coco/bbox_mAP_75: 0.5960  coco/bbox_mAP_s: 0.1680  coco/bbox_mAP_m: 0.4890  coco/bbox_mAP_l: 0.5570  data_time: 0.0015  time: 0.0497
06/22 03:38:27 - mmengine - INFO - The previous best checkpoint /home/siyuan/projects/LLMs/OralDetect-Family/WeDetect_repro/WeDetect/work_dirs/base3stage_s3/best_coco_bbox_mAP_epoch_8.pth is removed
06/22 03:38:30 - mmengine - INFO - The best checkpoint with 0.5080 coco/bbox_mAP at 10 epoch is saved to best_coco_bbox_mAP_epoch_10.pth.
06/22 03:39:37 - mmengine - INFO - Epoch(train) [11][  50/1294]  base_lr: 3.2859e-06 lr: 3.2859e-06  eta: 0:48:48  time: 1.1486  data_time: 0.0145  memory: 30750  grad_norm: 1120.9741  loss: 98.5265  loss_cls: 28.3369  loss_bbox: 35.0493  loss_dfl: 35.1403
06/22 03:39:48 - mmengine - INFO - Exp name: wedetect_base_3stage_s3_20260621_225528
06/22 03:40:34 - mmengine - INFO - Epoch(train) [11][ 100/1294]  base_lr: 3.2215e-06 lr: 3.2215e-06  eta: 0:47:50  time: 1.1435  data_time: 0.0059  memory: 30710  grad_norm: 1121.7412  loss: 96.3196  loss_cls: 27.7790  loss_bbox: 33.6045  loss_dfl: 34.9361
06/22 03:41:32 - mmengine - INFO - Epoch(train) [11][ 150/1294]  base_lr: 3.1572e-06 lr: 3.1572e-06  eta: 0:46:52  time: 1.1548  data_time: 0.0059  memory: 30717  grad_norm: 1074.9950  loss: 102.7803  loss_cls: 32.7108  loss_bbox: 35.2678  loss_dfl: 34.8018
06/22 03:42:29 - mmengine - INFO - Epoch(train) [11][ 200/1294]  base_lr: 3.0929e-06 lr: 3.0929e-06  eta: 0:45:54  time: 1.1453  data_time: 0.0060  memory: 30717  grad_norm: 1122.6472  loss: 102.4054  loss_cls: 31.4099  loss_bbox: 35.8348  loss_dfl: 35.1607
06/22 03:43:27 - mmengine - INFO - Epoch(train) [11][ 250/1294]  base_lr: 3.0285e-06 lr: 3.0285e-06  eta: 0:44:57  time: 1.1593  data_time: 0.0060  memory: 30670  grad_norm: 1089.1947  loss: 100.7350  loss_cls: 29.3343  loss_bbox: 35.6841  loss_dfl: 35.7166
06/22 03:44:24 - mmengine - INFO - Epoch(train) [11][ 300/1294]  base_lr: 2.9642e-06 lr: 2.9642e-06  eta: 0:43:59  time: 1.1488  data_time: 0.0060  memory: 31030  grad_norm: 1076.9488  loss: 99.0973  loss_cls: 29.1878  loss_bbox: 35.2276  loss_dfl: 34.6819
06/22 03:45:22 - mmengine - INFO - Epoch(train) [11][ 350/1294]  base_lr: 2.8998e-06 lr: 2.8998e-06  eta: 0:43:01  time: 1.1541  data_time: 0.0059  memory: 30737  grad_norm: 1095.2093  loss: 100.3141  loss_cls: 28.7875  loss_bbox: 36.0768  loss_dfl: 35.4498
06/22 03:46:20 - mmengine - INFO - Epoch(train) [11][ 400/1294]  base_lr: 2.8355e-06 lr: 2.8355e-06  eta: 0:42:04  time: 1.1554  data_time: 0.0060  memory: 30770  grad_norm: 1097.0243  loss: 102.5544  loss_cls: 30.8317  loss_bbox: 36.2319  loss_dfl: 35.4908
06/22 03:47:18 - mmengine - INFO - Epoch(train) [11][ 450/1294]  base_lr: 2.7712e-06 lr: 2.7712e-06  eta: 0:41:06  time: 1.1519  data_time: 0.0058  memory: 30750  grad_norm: 1249.2004  loss: 100.7560  loss_cls: 30.3224  loss_bbox: 34.9124  loss_dfl: 35.5212
06/22 03:48:15 - mmengine - INFO - Epoch(train) [11][ 500/1294]  base_lr: 2.7068e-06 lr: 2.7068e-06  eta: 0:40:08  time: 1.1509  data_time: 0.0062  memory: 30643  grad_norm: 1086.0109  loss: 101.7819  loss_cls: 29.8820  loss_bbox: 35.9913  loss_dfl: 35.9085
06/22 03:49:13 - mmengine - INFO - Epoch(train) [11][ 550/1294]  base_lr: 2.6425e-06 lr: 2.6425e-06  eta: 0:39:11  time: 1.1517  data_time: 0.0059  memory: 30717  grad_norm: 1234.3706  loss: 100.0291  loss_cls: 31.0611  loss_bbox: 34.3231  loss_dfl: 34.6449
06/22 03:50:10 - mmengine - INFO - Epoch(train) [11][ 600/1294]  base_lr: 2.5781e-06 lr: 2.5781e-06  eta: 0:38:13  time: 1.1553  data_time: 0.0059  memory: 30697  grad_norm: 1091.3615  loss: 99.4100  loss_cls: 28.8786  loss_bbox: 35.0549  loss_dfl: 35.4766
06/22 03:51:08 - mmengine - INFO - Epoch(train) [11][ 650/1294]  base_lr: 2.5138e-06 lr: 2.5138e-06  eta: 0:37:15  time: 1.1550  data_time: 0.0059  memory: 30690  grad_norm: 1009.3165  loss: 99.2929  loss_cls: 29.5951  loss_bbox: 34.6126  loss_dfl: 35.0852
06/22 03:52:06 - mmengine - INFO - Epoch(train) [11][ 700/1294]  base_lr: 2.4495e-06 lr: 2.4495e-06  eta: 0:36:17  time: 1.1468  data_time: 0.0059  memory: 30750  grad_norm: 1084.4093  loss: 101.7368  loss_cls: 31.5188  loss_bbox: 35.2954  loss_dfl: 34.9227
06/22 03:53:03 - mmengine - INFO - Epoch(train) [11][ 750/1294]  base_lr: 2.3851e-06 lr: 2.3851e-06  eta: 0:35:20  time: 1.1580  data_time: 0.0060  memory: 30883  grad_norm: 1075.9877  loss: 101.1487  loss_cls: 30.3586  loss_bbox: 35.6616  loss_dfl: 35.1284
06/22 03:54:01 - mmengine - INFO - Epoch(train) [11][ 800/1294]  base_lr: 2.3208e-06 lr: 2.3208e-06  eta: 0:34:22  time: 1.1500  data_time: 0.0061  memory: 30863  grad_norm: 1131.2898  loss: 100.2146  loss_cls: 30.5186  loss_bbox: 34.9368  loss_dfl: 34.7591
06/22 03:54:59 - mmengine - INFO - Epoch(train) [11][ 850/1294]  base_lr: 2.2564e-06 lr: 2.2564e-06  eta: 0:33:24  time: 1.1552  data_time: 0.0059  memory: 30670  grad_norm: 1041.3010  loss: 98.5237  loss_cls: 29.7063  loss_bbox: 34.3308  loss_dfl: 34.4866
06/22 03:55:56 - mmengine - INFO - Epoch(train) [11][ 900/1294]  base_lr: 2.1921e-06 lr: 2.1921e-06  eta: 0:32:27  time: 1.1551  data_time: 0.0059  memory: 30750  grad_norm: 1146.6686  loss: 103.6505  loss_cls: 32.4484  loss_bbox: 35.5993  loss_dfl: 35.6028
06/22 03:56:54 - mmengine - INFO - Epoch(train) [11][ 950/1294]  base_lr: 2.1278e-06 lr: 2.1278e-06  eta: 0:31:29  time: 1.1496  data_time: 0.0058  memory: 30717  grad_norm: 1076.6536  loss: 97.6675  loss_cls: 27.9785  loss_bbox: 35.1025  loss_dfl: 34.5866
06/22 03:57:52 - mmengine - INFO - Epoch(train) [11][1000/1294]  base_lr: 2.0634e-06 lr: 2.0634e-06  eta: 0:30:31  time: 1.1584  data_time: 0.0060  memory: 30817  grad_norm: 1123.7142  loss: 99.7309  loss_cls: 29.3770  loss_bbox: 35.0966  loss_dfl: 35.2573
06/22 03:58:49 - mmengine - INFO - Epoch(train) [11][1050/1294]  base_lr: 1.9991e-06 lr: 1.9991e-06  eta: 0:29:34  time: 1.1483  data_time: 0.0060  memory: 30790  grad_norm: 1152.5805  loss: 99.4039  loss_cls: 29.3104  loss_bbox: 35.0411  loss_dfl: 35.0524
06/22 03:59:01 - mmengine - INFO - Exp name: wedetect_base_3stage_s3_20260621_225528
06/22 03:59:47 - mmengine - INFO - Epoch(train) [11][1100/1294]  base_lr: 1.9347e-06 lr: 1.9347e-06  eta: 0:28:36  time: 1.1550  data_time: 0.0062  memory: 30783  grad_norm: 1063.0528  loss: 100.2806  loss_cls: 29.0714  loss_bbox: 35.7173  loss_dfl: 35.4919
06/22 04:00:45 - mmengine - INFO - Epoch(train) [11][1150/1294]  base_lr: 1.8704e-06 lr: 1.8704e-06  eta: 0:27:38  time: 1.1559  data_time: 0.0061  memory: 30890  grad_norm: 1156.1765  loss: 98.4093  loss_cls: 28.7173  loss_bbox: 34.7746  loss_dfl: 34.9173
06/22 04:01:42 - mmengine - INFO - Epoch(train) [11][1200/1294]  base_lr: 1.8061e-06 lr: 1.8061e-06  eta: 0:26:41  time: 1.1535  data_time: 0.0060  memory: 30723  grad_norm: 1119.0154  loss: 98.9481  loss_cls: 29.5471  loss_bbox: 34.5863  loss_dfl: 34.8147
06/22 04:02:40 - mmengine - INFO - Epoch(train) [11][1250/1294]  base_lr: 1.7417e-06 lr: 1.7417e-06  eta: 0:25:43  time: 1.1504  data_time: 0.0059  memory: 30850  grad_norm: 1157.2550  loss: 99.1694  loss_cls: 30.4928  loss_bbox: 34.6106  loss_dfl: 34.0660
06/22 04:03:30 - mmengine - INFO - Exp name: wedetect_base_3stage_s3_20260621_225528
06/22 04:03:30 - mmengine - INFO - Saving checkpoint at 11 epochs
06/22 04:03:43 - mmengine - INFO - Epoch(val) [11][  50/2587]    eta: 0:02:46  time: 0.0655  data_time: 0.0179  memory: 31017  
06/22 04:03:45 - mmengine - INFO - Epoch(val) [11][ 100/2587]    eta: 0:02:24  time: 0.0505  data_time: 0.0027  memory: 6053  
06/22 04:03:48 - mmengine - INFO - Epoch(val) [11][ 150/2587]    eta: 0:02:13  time: 0.0484  data_time: 0.0003  memory: 6053  
06/22 04:03:52 - mmengine - INFO - Epoch(val) [11][ 200/2587]    eta: 0:02:27  time: 0.0837  data_time: 0.0370  memory: 6053  
06/22 04:03:54 - mmengine - INFO - Epoch(val) [11][ 250/2587]    eta: 0:02:18  time: 0.0479  data_time: 0.0003  memory: 6053  
06/22 04:03:57 - mmengine - INFO - Epoch(val) [11][ 300/2587]    eta: 0:02:11  time: 0.0479  data_time: 0.0002  memory: 6053  
06/22 04:03:59 - mmengine - INFO - Epoch(val) [11][ 350/2587]    eta: 0:02:05  time: 0.0483  data_time: 0.0002  memory: 6053  
06/22 04:04:01 - mmengine - INFO - Epoch(val) [11][ 400/2587]    eta: 0:02:00  time: 0.0480  data_time: 0.0002  memory: 6053  
06/22 04:04:04 - mmengine - INFO - Epoch(val) [11][ 450/2587]    eta: 0:01:55  time: 0.0484  data_time: 0.0002  memory: 6053  
06/22 04:04:06 - mmengine - INFO - Epoch(val) [11][ 500/2587]    eta: 0:01:51  time: 0.0481  data_time: 0.0002  memory: 6053  
06/22 04:04:09 - mmengine - INFO - Epoch(val) [11][ 550/2587]    eta: 0:01:48  time: 0.0481  data_time: 0.0002  memory: 6053  
06/22 04:04:11 - mmengine - INFO - Epoch(val) [11][ 600/2587]    eta: 0:01:44  time: 0.0484  data_time: 0.0003  memory: 6053  
06/22 04:04:13 - mmengine - INFO - Epoch(val) [11][ 650/2587]    eta: 0:01:41  time: 0.0482  data_time: 0.0002  memory: 6053  
06/22 04:04:16 - mmengine - INFO - Epoch(val) [11][ 700/2587]    eta: 0:01:38  time: 0.0483  data_time: 0.0003  memory: 6053  
06/22 04:04:18 - mmengine - INFO - Epoch(val) [11][ 750/2587]    eta: 0:01:35  time: 0.0482  data_time: 0.0003  memory: 6053  
06/22 04:04:21 - mmengine - INFO - Epoch(val) [11][ 800/2587]    eta: 0:01:32  time: 0.0485  data_time: 0.0002  memory: 6053  
06/22 04:04:23 - mmengine - INFO - Epoch(val) [11][ 850/2587]    eta: 0:01:29  time: 0.0485  data_time: 0.0003  memory: 6053  
06/22 04:04:26 - mmengine - INFO - Epoch(val) [11][ 900/2587]    eta: 0:01:26  time: 0.0483  data_time: 0.0002  memory: 6053  
06/22 04:04:28 - mmengine - INFO - Epoch(val) [11][ 950/2587]    eta: 0:01:23  time: 0.0486  data_time: 0.0004  memory: 6053  
06/22 04:04:30 - mmengine - INFO - Epoch(val) [11][1000/2587]    eta: 0:01:20  time: 0.0483  data_time: 0.0002  memory: 6053  
06/22 04:04:33 - mmengine - INFO - Epoch(val) [11][1050/2587]    eta: 0:01:18  time: 0.0484  data_time: 0.0003  memory: 6053  
06/22 04:04:35 - mmengine - INFO - Epoch(val) [11][1100/2587]    eta: 0:01:15  time: 0.0484  data_time: 0.0003  memory: 6053  
06/22 04:04:38 - mmengine - INFO - Epoch(val) [11][1150/2587]    eta: 0:01:12  time: 0.0481  data_time: 0.0002  memory: 6053  
06/22 04:04:40 - mmengine - INFO - Epoch(val) [11][1200/2587]    eta: 0:01:10  time: 0.0485  data_time: 0.0003  memory: 6053  
06/22 04:04:43 - mmengine - INFO - Epoch(val) [11][1250/2587]    eta: 0:01:07  time: 0.0485  data_time: 0.0003  memory: 6053  
06/22 04:04:45 - mmengine - INFO - Epoch(val) [11][1300/2587]    eta: 0:01:04  time: 0.0485  data_time: 0.0003  memory: 6053  
06/22 04:04:47 - mmengine - INFO - Epoch(val) [11][1350/2587]    eta: 0:01:02  time: 0.0486  data_time: 0.0003  memory: 6053  
06/22 04:04:50 - mmengine - INFO - Epoch(val) [11][1400/2587]    eta: 0:00:59  time: 0.0486  data_time: 0.0003  memory: 6053  
06/22 04:04:52 - mmengine - INFO - Epoch(val) [11][1450/2587]    eta: 0:00:57  time: 0.0488  data_time: 0.0003  memory: 6053  
06/22 04:04:55 - mmengine - INFO - Epoch(val) [11][1500/2587]    eta: 0:00:54  time: 0.0485  data_time: 0.0003  memory: 6053  
06/22 04:04:57 - mmengine - INFO - Epoch(val) [11][1550/2587]    eta: 0:00:51  time: 0.0484  data_time: 0.0002  memory: 6053  
06/22 04:05:00 - mmengine - INFO - Epoch(val) [11][1600/2587]    eta: 0:00:49  time: 0.0543  data_time: 0.0003  memory: 6053  
06/22 04:05:02 - mmengine - INFO - Epoch(val) [11][1650/2587]    eta: 0:00:47  time: 0.0489  data_time: 0.0003  memory: 6053  
06/22 04:05:05 - mmengine - INFO - Epoch(val) [11][1700/2587]    eta: 0:00:44  time: 0.0486  data_time: 0.0003  memory: 6053  
06/22 04:05:07 - mmengine - INFO - Epoch(val) [11][1750/2587]    eta: 0:00:41  time: 0.0497  data_time: 0.0011  memory: 6053  
06/22 04:05:10 - mmengine - INFO - Epoch(val) [11][1800/2587]    eta: 0:00:39  time: 0.0512  data_time: 0.0030  memory: 6053  
06/22 04:05:12 - mmengine - INFO - Epoch(val) [11][1850/2587]    eta: 0:00:36  time: 0.0487  data_time: 0.0003  memory: 6053  
06/22 04:05:15 - mmengine - INFO - Epoch(val) [11][1900/2587]    eta: 0:00:34  time: 0.0485  data_time: 0.0003  memory: 6053  
06/22 04:05:17 - mmengine - INFO - Epoch(val) [11][1950/2587]    eta: 0:00:31  time: 0.0487  data_time: 0.0003  memory: 6053  
06/22 04:05:20 - mmengine - INFO - Epoch(val) [11][2000/2587]    eta: 0:00:29  time: 0.0487  data_time: 0.0003  memory: 6053  
06/22 04:05:22 - mmengine - INFO - Epoch(val) [11][2050/2587]    eta: 0:00:26  time: 0.0488  data_time: 0.0003  memory: 6053  
06/22 04:05:24 - mmengine - INFO - Epoch(val) [11][2100/2587]    eta: 0:00:24  time: 0.0484  data_time: 0.0003  memory: 6053  
06/22 04:05:27 - mmengine - INFO - Epoch(val) [11][2150/2587]    eta: 0:00:21  time: 0.0486  data_time: 0.0003  memory: 6053  
06/22 04:05:29 - mmengine - INFO - Epoch(val) [11][2200/2587]    eta: 0:00:19  time: 0.0486  data_time: 0.0003  memory: 6053  
06/22 04:05:32 - mmengine - INFO - Epoch(val) [11][2250/2587]    eta: 0:00:16  time: 0.0535  data_time: 0.0052  memory: 6053  
06/22 04:05:34 - mmengine - INFO - Epoch(val) [11][2300/2587]    eta: 0:00:14  time: 0.0486  data_time: 0.0003  memory: 6053  
06/22 04:05:37 - mmengine - INFO - Epoch(val) [11][2350/2587]    eta: 0:00:11  time: 0.0486  data_time: 0.0002  memory: 6053  
06/22 04:05:39 - mmengine - INFO - Epoch(val) [11][2400/2587]    eta: 0:00:09  time: 0.0486  data_time: 0.0003  memory: 6053  
06/22 04:05:42 - mmengine - INFO - Epoch(val) [11][2450/2587]    eta: 0:00:06  time: 0.0486  data_time: 0.0002  memory: 6053  
06/22 04:05:44 - mmengine - INFO - Epoch(val) [11][2500/2587]    eta: 0:00:04  time: 0.0485  data_time: 0.0002  memory: 6053  
06/22 04:05:47 - mmengine - INFO - Epoch(val) [11][2550/2587]    eta: 0:00:01  time: 0.0484  data_time: 0.0002  memory: 6053  
06/22 04:06:07 - mmengine - INFO - Evaluating bbox...
Loading and preparing results...
DONE (t=4.50s)
creating index...
index created!
Running per image evaluation...
Evaluate annotation type *bbox*
DONE (t=68.72s).
Accumulating evaluation results...
DONE (t=25.74s).
 Average Precision  (AP) @[ IoU=0.50:0.95 | area=   all | maxDets=100 ] = 0.512
 Average Precision  (AP) @[ IoU=0.50      | area=   all | maxDets=1000 ] = 0.710
 Average Precision  (AP) @[ IoU=0.75      | area=   all | maxDets=1000 ] = 0.602
 Average Precision  (AP) @[ IoU=0.50:0.95 | area= small | maxDets=1000 ] = 0.162
 Average Precision  (AP) @[ IoU=0.50:0.95 | area=medium | maxDets=1000 ] = 0.496
 Average Precision  (AP) @[ IoU=0.50:0.95 | area= large | maxDets=1000 ] = 0.565
 Average Recall     (AR) @[ IoU=0.50:0.95 | area=   all | maxDets=100 ] = 0.721
 Average Recall     (AR) @[ IoU=0.50:0.95 | area=   all | maxDets=300 ] = 0.721
 Average Recall     (AR) @[ IoU=0.50:0.95 | area=   all | maxDets=1000 ] = 0.721
 Average Recall     (AR) @[ IoU=0.50:0.95 | area= small | maxDets=1000 ] = 0.288
 Average Recall     (AR) @[ IoU=0.50:0.95 | area=medium | maxDets=1000 ] = 0.699
 Average Recall     (AR) @[ IoU=0.50:0.95 | area= large | maxDets=1000 ] = 0.777
06/22 04:07:52 - mmengine - INFO - bbox_mAP_copypaste: 0.512 0.710 0.602 0.162 0.496 0.565
06/22 04:07:54 - mmengine - INFO - Epoch(val) [11][2587/2587]    coco/bbox_mAP: 0.5120  coco/bbox_mAP_50: 0.7100  coco/bbox_mAP_75: 0.6020  coco/bbox_mAP_s: 0.1620  coco/bbox_mAP_m: 0.4960  coco/bbox_mAP_l: 0.5650  data_time: 0.0015  time: 0.0498
06/22 04:07:54 - mmengine - INFO - The previous best checkpoint /home/siyuan/projects/LLMs/OralDetect-Family/WeDetect_repro/WeDetect/work_dirs/base3stage_s3/best_coco_bbox_mAP_epoch_10.pth is removed
06/22 04:07:58 - mmengine - INFO - The best checkpoint with 0.5120 coco/bbox_mAP at 11 epoch is saved to best_coco_bbox_mAP_epoch_11.pth.
06/22 04:09:04 - mmengine - INFO - Epoch(train) [12][  50/1294]  base_lr: 1.6208e-06 lr: 1.6208e-06  eta: 0:23:54  time: 1.1322  data_time: 0.0089  memory: 30843  grad_norm: 1102.1930  loss: 102.5947  loss_cls: 31.8630  loss_bbox: 35.8335  loss_dfl: 34.8982
06/22 04:10:01 - mmengine - INFO - Epoch(train) [12][ 100/1294]  base_lr: 1.5564e-06 lr: 1.5564e-06  eta: 0:22:57  time: 1.1513  data_time: 0.0061  memory: 30823  grad_norm: 1150.3763  loss: 98.7641  loss_cls: 30.3585  loss_bbox: 33.3299  loss_dfl: 35.0756
06/22 04:10:59 - mmengine - INFO - Epoch(train) [12][ 150/1294]  base_lr: 1.4921e-06 lr: 1.4921e-06  eta: 0:21:59  time: 1.1444  data_time: 0.0059  memory: 30903  grad_norm: 1182.0466  loss: 98.9310  loss_cls: 28.7180  loss_bbox: 34.8283  loss_dfl: 35.3846
06/22 04:11:56 - mmengine - INFO - Epoch(train) [12][ 200/1294]  base_lr: 1.4277e-06 lr: 1.4277e-06  eta: 0:21:01  time: 1.1501  data_time: 0.0059  memory: 30703  grad_norm: 1292.1024  loss: 99.2034  loss_cls: 29.0434  loss_bbox: 34.8502  loss_dfl: 35.3098
06/22 04:12:54 - mmengine - INFO - Epoch(train) [12][ 250/1294]  base_lr: 1.3634e-06 lr: 1.3634e-06  eta: 0:20:04  time: 1.1531  data_time: 0.0059  memory: 30897  grad_norm: 1172.1736  loss: 101.6257  loss_cls: 29.2138  loss_bbox: 36.1381  loss_dfl: 36.2738
06/22 04:13:51 - mmengine - INFO - Epoch(train) [12][ 300/1294]  base_lr: 1.2991e-06 lr: 1.2991e-06  eta: 0:19:06  time: 1.1475  data_time: 0.0059  memory: 30790  grad_norm: 1235.2634  loss: 98.3225  loss_cls: 28.0111  loss_bbox: 34.7767  loss_dfl: 35.5348
06/22 04:14:48 - mmengine - INFO - Epoch(train) [12][ 350/1294]  base_lr: 1.2347e-06 lr: 1.2347e-06  eta: 0:18:08  time: 1.1476  data_time: 0.0060  memory: 30843  grad_norm: 1236.6017  loss: 98.4987  loss_cls: 29.8361  loss_bbox: 33.6493  loss_dfl: 35.0133
06/22 04:15:46 - mmengine - INFO - Epoch(train) [12][ 400/1294]  base_lr: 1.1704e-06 lr: 1.1704e-06  eta: 0:17:11  time: 1.1564  data_time: 0.0060  memory: 30810  grad_norm: 1224.6147  loss: 102.6980  loss_cls: 31.7838  loss_bbox: 35.6048  loss_dfl: 35.3093
06/22 04:16:44 - mmengine - INFO - Epoch(train) [12][ 450/1294]  base_lr: 1.1061e-06 lr: 1.1061e-06  eta: 0:16:13  time: 1.1515  data_time: 0.0058  memory: 30710  grad_norm: 1238.0259  loss: 102.8918  loss_cls: 31.6005  loss_bbox: 35.9177  loss_dfl: 35.3736
06/22 04:17:41 - mmengine - INFO - Epoch(train) [12][ 500/1294]  base_lr: 1.0417e-06 lr: 1.0417e-06  eta: 0:15:15  time: 1.1487  data_time: 0.0058  memory: 30750  grad_norm: 1085.4577  loss: 97.8469  loss_cls: 27.7728  loss_bbox: 34.6921  loss_dfl: 35.3820
06/22 04:18:39 - mmengine - INFO - Epoch(train) [12][ 550/1294]  base_lr: 9.7737e-07 lr: 9.7737e-07  eta: 0:14:18  time: 1.1542  data_time: 0.0059  memory: 30777  grad_norm: 1162.3898  loss: 103.1076  loss_cls: 29.7873  loss_bbox: 36.7274  loss_dfl: 36.5928
06/22 04:19:37 - mmengine - INFO - Epoch(train) [12][ 600/1294]  base_lr: 9.1303e-07 lr: 9.1303e-07  eta: 0:13:20  time: 1.1520  data_time: 0.0060  memory: 30710  grad_norm: 1208.5721  loss: 100.6502  loss_cls: 30.7797  loss_bbox: 35.2324  loss_dfl: 34.6382
06/22 04:20:34 - mmengine - INFO - Epoch(train) [12][ 650/1294]  base_lr: 8.4869e-07 lr: 8.4869e-07  eta: 0:12:22  time: 1.1530  data_time: 0.0062  memory: 30777  grad_norm: 1322.1509  loss: 102.2048  loss_cls: 30.6853  loss_bbox: 35.9002  loss_dfl: 35.6193
06/22 04:21:32 - mmengine - INFO - Epoch(train) [12][ 700/1294]  base_lr: 7.8435e-07 lr: 7.8435e-07  eta: 0:11:25  time: 1.1498  data_time: 0.0062  memory: 30750  grad_norm: 1282.4710  loss: 99.4562  loss_cls: 28.9260  loss_bbox: 35.1712  loss_dfl: 35.3590
06/22 04:22:30 - mmengine - INFO - Epoch(train) [12][ 750/1294]  base_lr: 7.2001e-07 lr: 7.2001e-07  eta: 0:10:27  time: 1.1567  data_time: 0.0058  memory: 30757  grad_norm: 1129.6153  loss: 100.2443  loss_cls: 29.5470  loss_bbox: 35.0259  loss_dfl: 35.6714
06/22 04:22:48 - mmengine - INFO - Exp name: wedetect_base_3stage_s3_20260621_225528
06/22 04:23:27 - mmengine - INFO - Epoch(train) [12][ 800/1294]  base_lr: 6.5567e-07 lr: 6.5567e-07  eta: 0:09:29  time: 1.1452  data_time: 0.0060  memory: 30697  grad_norm: 1151.0553  loss: 102.0536  loss_cls: 31.9241  loss_bbox: 35.0481  loss_dfl: 35.0814
06/22 04:24:24 - mmengine - INFO - Epoch(train) [12][ 850/1294]  base_lr: 5.9134e-07 lr: 5.9134e-07  eta: 0:08:32  time: 1.1528  data_time: 0.0059  memory: 30723  grad_norm: 1173.6083  loss: 95.8449  loss_cls: 27.7276  loss_bbox: 34.1575  loss_dfl: 33.9598
06/22 04:25:22 - mmengine - INFO - Epoch(train) [12][ 900/1294]  base_lr: 5.2700e-07 lr: 5.2700e-07  eta: 0:07:34  time: 1.1529  data_time: 0.0060  memory: 30723  grad_norm: 1252.6128  loss: 101.3770  loss_cls: 29.7098  loss_bbox: 35.9172  loss_dfl: 35.7500
06/22 04:26:20 - mmengine - INFO - Epoch(train) [12][ 950/1294]  base_lr: 4.6266e-07 lr: 4.6266e-07  eta: 0:06:36  time: 1.1530  data_time: 0.0059  memory: 30803  grad_norm: 1238.0464  loss: 99.3473  loss_cls: 30.4217  loss_bbox: 34.1069  loss_dfl: 34.8186
06/22 04:27:17 - mmengine - INFO - Epoch(train) [12][1000/1294]  base_lr: 3.9832e-07 lr: 3.9832e-07  eta: 0:05:39  time: 1.1496  data_time: 0.0059  memory: 30723  grad_norm: 1124.1833  loss: 98.3594  loss_cls: 28.9980  loss_bbox: 34.5426  loss_dfl: 34.8189
06/22 04:28:15 - mmengine - INFO - Epoch(train) [12][1050/1294]  base_lr: 3.3398e-07 lr: 3.3398e-07  eta: 0:04:41  time: 1.1530  data_time: 0.0058  memory: 30697  grad_norm: 1253.5775  loss: 100.3057  loss_cls: 29.8768  loss_bbox: 34.8559  loss_dfl: 35.5730
06/22 04:29:12 - mmengine - INFO - Epoch(train) [12][1100/1294]  base_lr: 2.6964e-07 lr: 2.6964e-07  eta: 0:03:43  time: 1.1476  data_time: 0.0059  memory: 30703  grad_norm: 1170.2641  loss: 98.9788  loss_cls: 28.3324  loss_bbox: 35.5214  loss_dfl: 35.1250
06/22 04:30:10 - mmengine - INFO - Epoch(train) [12][1150/1294]  base_lr: 2.0530e-07 lr: 2.0530e-07  eta: 0:02:46  time: 1.1519  data_time: 0.0059  memory: 31057  grad_norm: 1271.4380  loss: 100.2036  loss_cls: 29.5787  loss_bbox: 35.2394  loss_dfl: 35.3855
06/22 04:31:08 - mmengine - INFO - Epoch(train) [12][1200/1294]  base_lr: 1.4096e-07 lr: 1.4096e-07  eta: 0:01:48  time: 1.1540  data_time: 0.0059  memory: 30743  grad_norm: 1297.9825  loss: 100.4273  loss_cls: 29.5153  loss_bbox: 35.5489  loss_dfl: 35.3631
06/22 04:32:05 - mmengine - INFO - Epoch(train) [12][1250/1294]  base_lr: 7.6619e-08 lr: 7.6619e-08  eta: 0:00:50  time: 1.1517  data_time: 0.0063  memory: 30817  grad_norm: 1161.2938  loss: 99.3670  loss_cls: 28.7611  loss_bbox: 34.9615  loss_dfl: 35.6444
06/22 04:32:55 - mmengine - INFO - Exp name: wedetect_base_3stage_s3_20260621_225528
06/22 04:32:55 - mmengine - INFO - Saving checkpoint at 12 epochs
06/22 04:33:08 - mmengine - INFO - Epoch(val) [12][  50/2587]    eta: 0:02:48  time: 0.0662  data_time: 0.0183  memory: 30857  
06/22 04:33:10 - mmengine - INFO - Epoch(val) [12][ 100/2587]    eta: 0:02:25  time: 0.0511  data_time: 0.0031  memory: 6053  
06/22 04:33:13 - mmengine - INFO - Epoch(val) [12][ 150/2587]    eta: 0:02:14  time: 0.0482  data_time: 0.0003  memory: 6053  
06/22 04:33:17 - mmengine - INFO - Epoch(val) [12][ 200/2587]    eta: 0:02:28  time: 0.0828  data_time: 0.0363  memory: 6053  
06/22 04:33:19 - mmengine - INFO - Epoch(val) [12][ 250/2587]    eta: 0:02:18  time: 0.0480  data_time: 0.0002  memory: 6053  
06/22 04:33:22 - mmengine - INFO - Epoch(val) [12][ 300/2587]    eta: 0:02:11  time: 0.0482  data_time: 0.0003  memory: 6053  
06/22 04:33:24 - mmengine - INFO - Epoch(val) [12][ 350/2587]    eta: 0:02:05  time: 0.0482  data_time: 0.0003  memory: 6053  
06/22 04:33:27 - mmengine - INFO - Epoch(val) [12][ 400/2587]    eta: 0:02:00  time: 0.0482  data_time: 0.0002  memory: 6053  
06/22 04:33:29 - mmengine - INFO - Epoch(val) [12][ 450/2587]    eta: 0:01:56  time: 0.0484  data_time: 0.0002  memory: 6053  
06/22 04:33:31 - mmengine - INFO - Epoch(val) [12][ 500/2587]    eta: 0:01:52  time: 0.0482  data_time: 0.0002  memory: 6053  
06/22 04:33:34 - mmengine - INFO - Epoch(val) [12][ 550/2587]    eta: 0:01:48  time: 0.0485  data_time: 0.0002  memory: 6053  
06/22 04:33:36 - mmengine - INFO - Epoch(val) [12][ 600/2587]    eta: 0:01:45  time: 0.0483  data_time: 0.0002  memory: 6053  
06/22 04:33:39 - mmengine - INFO - Epoch(val) [12][ 650/2587]    eta: 0:01:41  time: 0.0484  data_time: 0.0003  memory: 6053  
06/22 04:33:41 - mmengine - INFO - Epoch(val) [12][ 700/2587]    eta: 0:01:38  time: 0.0484  data_time: 0.0002  memory: 6053  
06/22 04:33:44 - mmengine - INFO - Epoch(val) [12][ 750/2587]    eta: 0:01:35  time: 0.0486  data_time: 0.0002  memory: 6053  
06/22 04:33:46 - mmengine - INFO - Epoch(val) [12][ 800/2587]    eta: 0:01:32  time: 0.0485  data_time: 0.0002  memory: 6053  
06/22 04:33:48 - mmengine - INFO - Epoch(val) [12][ 850/2587]    eta: 0:01:29  time: 0.0484  data_time: 0.0003  memory: 6053  
06/22 04:33:51 - mmengine - INFO - Epoch(val) [12][ 900/2587]    eta: 0:01:26  time: 0.0485  data_time: 0.0003  memory: 6053  
06/22 04:33:53 - mmengine - INFO - Epoch(val) [12][ 950/2587]    eta: 0:01:23  time: 0.0486  data_time: 0.0003  memory: 6053  
06/22 04:33:56 - mmengine - INFO - Epoch(val) [12][1000/2587]    eta: 0:01:21  time: 0.0485  data_time: 0.0002  memory: 6053  
06/22 04:33:58 - mmengine - INFO - Epoch(val) [12][1050/2587]    eta: 0:01:18  time: 0.0485  data_time: 0.0003  memory: 6053  
06/22 04:34:01 - mmengine - INFO - Epoch(val) [12][1100/2587]    eta: 0:01:15  time: 0.0486  data_time: 0.0002  memory: 6053  
06/22 04:34:03 - mmengine - INFO - Epoch(val) [12][1150/2587]    eta: 0:01:13  time: 0.0494  data_time: 0.0003  memory: 6053  
06/22 04:34:05 - mmengine - INFO - Epoch(val) [12][1200/2587]    eta: 0:01:10  time: 0.0487  data_time: 0.0003  memory: 6053  
06/22 04:34:08 - mmengine - INFO - Epoch(val) [12][1250/2587]    eta: 0:01:07  time: 0.0487  data_time: 0.0003  memory: 6053  
06/22 04:34:10 - mmengine - INFO - Epoch(val) [12][1300/2587]    eta: 0:01:05  time: 0.0490  data_time: 0.0003  memory: 6053  
06/22 04:34:13 - mmengine - INFO - Epoch(val) [12][1350/2587]    eta: 0:01:02  time: 0.0487  data_time: 0.0003  memory: 6053  
06/22 04:34:15 - mmengine - INFO - Epoch(val) [12][1400/2587]    eta: 0:00:59  time: 0.0493  data_time: 0.0003  memory: 6053  
06/22 04:34:18 - mmengine - INFO - Epoch(val) [12][1450/2587]    eta: 0:00:57  time: 0.0494  data_time: 0.0003  memory: 6053  
06/22 04:34:20 - mmengine - INFO - Epoch(val) [12][1500/2587]    eta: 0:00:54  time: 0.0488  data_time: 0.0003  memory: 6053  
06/22 04:34:23 - mmengine - INFO - Epoch(val) [12][1550/2587]    eta: 0:00:52  time: 0.0488  data_time: 0.0003  memory: 6053  
06/22 04:34:25 - mmengine - INFO - Epoch(val) [12][1600/2587]    eta: 0:00:49  time: 0.0490  data_time: 0.0003  memory: 6053  
06/22 04:34:28 - mmengine - INFO - Epoch(val) [12][1650/2587]    eta: 0:00:47  time: 0.0487  data_time: 0.0003  memory: 6053  
06/22 04:34:30 - mmengine - INFO - Epoch(val) [12][1700/2587]    eta: 0:00:44  time: 0.0485  data_time: 0.0003  memory: 6053  
06/22 04:34:32 - mmengine - INFO - Epoch(val) [12][1750/2587]    eta: 0:00:42  time: 0.0497  data_time: 0.0010  memory: 6053  
06/22 04:34:35 - mmengine - INFO - Epoch(val) [12][1800/2587]    eta: 0:00:39  time: 0.0515  data_time: 0.0026  memory: 6053  
06/22 04:34:37 - mmengine - INFO - Epoch(val) [12][1850/2587]    eta: 0:00:36  time: 0.0490  data_time: 0.0003  memory: 6053  
06/22 04:34:40 - mmengine - INFO - Epoch(val) [12][1900/2587]    eta: 0:00:34  time: 0.0486  data_time: 0.0003  memory: 6053  
06/22 04:34:42 - mmengine - INFO - Epoch(val) [12][1950/2587]    eta: 0:00:31  time: 0.0488  data_time: 0.0003  memory: 6053  
06/22 04:34:45 - mmengine - INFO - Epoch(val) [12][2000/2587]    eta: 0:00:29  time: 0.0486  data_time: 0.0003  memory: 6053  
06/22 04:34:47 - mmengine - INFO - Epoch(val) [12][2050/2587]    eta: 0:00:26  time: 0.0488  data_time: 0.0003  memory: 6053  
06/22 04:34:50 - mmengine - INFO - Epoch(val) [12][2100/2587]    eta: 0:00:24  time: 0.0485  data_time: 0.0002  memory: 6053  
06/22 04:34:52 - mmengine - INFO - Epoch(val) [12][2150/2587]    eta: 0:00:21  time: 0.0486  data_time: 0.0003  memory: 6053  
06/22 04:34:55 - mmengine - INFO - Epoch(val) [12][2200/2587]    eta: 0:00:19  time: 0.0488  data_time: 0.0003  memory: 6053  
06/22 04:34:57 - mmengine - INFO - Epoch(val) [12][2250/2587]    eta: 0:00:16  time: 0.0548  data_time: 0.0062  memory: 6053  
06/22 04:35:00 - mmengine - INFO - Epoch(val) [12][2300/2587]    eta: 0:00:14  time: 0.0487  data_time: 0.0003  memory: 6053  
06/22 04:35:02 - mmengine - INFO - Epoch(val) [12][2350/2587]    eta: 0:00:11  time: 0.0490  data_time: 0.0003  memory: 6053  
06/22 04:35:05 - mmengine - INFO - Epoch(val) [12][2400/2587]    eta: 0:00:09  time: 0.0489  data_time: 0.0003  memory: 6053  
06/22 04:35:07 - mmengine - INFO - Epoch(val) [12][2450/2587]    eta: 0:00:06  time: 0.0484  data_time: 0.0002  memory: 6053  
06/22 04:35:10 - mmengine - INFO - Epoch(val) [12][2500/2587]    eta: 0:00:04  time: 0.0488  data_time: 0.0002  memory: 6053  
06/22 04:35:12 - mmengine - INFO - Epoch(val) [12][2550/2587]    eta: 0:00:01  time: 0.0485  data_time: 0.0003  memory: 6053  
06/22 04:35:32 - mmengine - INFO - Evaluating bbox...
Loading and preparing results...
DONE (t=4.44s)
creating index...
index created!
Running per image evaluation...
Evaluate annotation type *bbox*
DONE (t=68.20s).
Accumulating evaluation results...
DONE (t=26.69s).
 Average Precision  (AP) @[ IoU=0.50:0.95 | area=   all | maxDets=100 ] = 0.516
 Average Precision  (AP) @[ IoU=0.50      | area=   all | maxDets=1000 ] = 0.716
 Average Precision  (AP) @[ IoU=0.75      | area=   all | maxDets=1000 ] = 0.607
 Average Precision  (AP) @[ IoU=0.50:0.95 | area= small | maxDets=1000 ] = 0.168
 Average Precision  (AP) @[ IoU=0.50:0.95 | area=medium | maxDets=1000 ] = 0.496
 Average Precision  (AP) @[ IoU=0.50:0.95 | area= large | maxDets=1000 ] = 0.575
 Average Recall     (AR) @[ IoU=0.50:0.95 | area=   all | maxDets=100 ] = 0.721
 Average Recall     (AR) @[ IoU=0.50:0.95 | area=   all | maxDets=300 ] = 0.722
 Average Recall     (AR) @[ IoU=0.50:0.95 | area=   all | maxDets=1000 ] = 0.722
 Average Recall     (AR) @[ IoU=0.50:0.95 | area= small | maxDets=1000 ] = 0.295
 Average Recall     (AR) @[ IoU=0.50:0.95 | area=medium | maxDets=1000 ] = 0.699
 Average Recall     (AR) @[ IoU=0.50:0.95 | area= large | maxDets=1000 ] = 0.777
06/22 04:37:19 - mmengine - INFO - bbox_mAP_copypaste: 0.516 0.716 0.607 0.168 0.496 0.575
06/22 04:37:21 - mmengine - INFO - Epoch(val) [12][2587/2587]    coco/bbox_mAP: 0.5160  coco/bbox_mAP_50: 0.7160  coco/bbox_mAP_75: 0.6070  coco/bbox_mAP_s: 0.1680  coco/bbox_mAP_m: 0.4960  coco/bbox_mAP_l: 0.5750  data_time: 0.0015  time: 0.0499
06/22 04:37:21 - mmengine - INFO - The previous best checkpoint /home/siyuan/projects/LLMs/OralDetect-Family/WeDetect_repro/WeDetect/work_dirs/base3stage_s3/best_coco_bbox_mAP_epoch_11.pth is removed
06/22 04:37:25 - mmengine - INFO - The best checkpoint with 0.5160 coco/bbox_mAP at 12 epoch is saved to best_coco_bbox_mAP_epoch_12.pth.
[rank0]:[W622 04:37:46.200595076 ProcessGroupNCCL.cpp:1250] Warning: WARNING: process group has NOT been destroyed before we destruct ProcessGroupNCCL. On normal program exit, the application should call destroy_process_group to ensure that any pending NCCL operations have finished in this process. In rare cases this process can exit before this point and block the progress of another member of the process group. This constraint has always been present,  but this warning has only been added since PyTorch 2.4 (function operator())
ALL BASE 3 STAGES DONE
