W0618 12:07:00.564000 12901 site-packages/torch/distributed/run.py:793] 
W0618 12:07:00.564000 12901 site-packages/torch/distributed/run.py:793] *****************************************
W0618 12:07:00.564000 12901 site-packages/torch/distributed/run.py:793] Setting OMP_NUM_THREADS environment variable for each process to be 1 in default, to avoid your system being overloaded, please further tune the variable for optimal performance in your application as needed. 
W0618 12:07:00.564000 12901 site-packages/torch/distributed/run.py:793] *****************************************
/home/siyuan/anaconda3/envs/wedetect_official/lib/python3.10/site-packages/mmengine/optim/optimizer/zero_optimizer.py:11: DeprecationWarning: `TorchScript` support for functional optimizers is deprecated and will be removed in a future PyTorch release. Consider using the `torch.compile` optimizer instead.
  from torch.distributed.optim import \
/home/siyuan/anaconda3/envs/wedetect_official/lib/python3.10/site-packages/mmengine/optim/optimizer/zero_optimizer.py:11: DeprecationWarning: `TorchScript` support for functional optimizers is deprecated and will be removed in a future PyTorch release. Consider using the `torch.compile` optimizer instead.
  from torch.distributed.optim import \
/home/siyuan/anaconda3/envs/wedetect_official/lib/python3.10/site-packages/mmengine/optim/optimizer/zero_optimizer.py:11: DeprecationWarning: `TorchScript` support for functional optimizers is deprecated and will be removed in a future PyTorch release. Consider using the `torch.compile` optimizer instead.
  from torch.distributed.optim import \
/home/siyuan/anaconda3/envs/wedetect_official/lib/python3.10/site-packages/mmengine/optim/optimizer/zero_optimizer.py:11: DeprecationWarning: `TorchScript` support for functional optimizers is deprecated and will be removed in a future PyTorch release. Consider using the `torch.compile` optimizer instead.
  from torch.distributed.optim import \
/home/siyuan/.local/lib/python3.10/site-packages/fairscale/experimental/nn/offload.py:19: FutureWarning: `torch.cuda.amp.custom_fwd(args...)` is deprecated. Please use `torch.amp.custom_fwd(args..., device_type='cuda')` instead.
  return torch.cuda.amp.custom_fwd(orig_func)  # type: ignore
/home/siyuan/.local/lib/python3.10/site-packages/fairscale/experimental/nn/offload.py:19: FutureWarning: `torch.cuda.amp.custom_fwd(args...)` is deprecated. Please use `torch.amp.custom_fwd(args..., device_type='cuda')` instead.
  return torch.cuda.amp.custom_fwd(orig_func)  # type: ignore
/home/siyuan/.local/lib/python3.10/site-packages/fairscale/experimental/nn/offload.py:19: FutureWarning: `torch.cuda.amp.custom_fwd(args...)` is deprecated. Please use `torch.amp.custom_fwd(args..., device_type='cuda')` instead.
  return torch.cuda.amp.custom_fwd(orig_func)  # type: ignore
/home/siyuan/.local/lib/python3.10/site-packages/fairscale/experimental/nn/offload.py:19: FutureWarning: `torch.cuda.amp.custom_fwd(args...)` is deprecated. Please use `torch.amp.custom_fwd(args..., device_type='cuda')` instead.
  return torch.cuda.amp.custom_fwd(orig_func)  # type: ignore
/home/siyuan/.local/lib/python3.10/site-packages/fairscale/experimental/nn/offload.py:30: FutureWarning: `torch.cuda.amp.custom_bwd(args...)` is deprecated. Please use `torch.amp.custom_bwd(args..., device_type='cuda')` instead.
  return torch.cuda.amp.custom_bwd(orig_func)  # type: ignore
/home/siyuan/.local/lib/python3.10/site-packages/fairscale/experimental/nn/offload.py:30: FutureWarning: `torch.cuda.amp.custom_bwd(args...)` is deprecated. Please use `torch.amp.custom_bwd(args..., device_type='cuda')` instead.
  return torch.cuda.amp.custom_bwd(orig_func)  # type: ignore
/home/siyuan/.local/lib/python3.10/site-packages/fairscale/experimental/nn/offload.py:30: FutureWarning: `torch.cuda.amp.custom_bwd(args...)` is deprecated. Please use `torch.amp.custom_bwd(args..., device_type='cuda')` instead.
  return torch.cuda.amp.custom_bwd(orig_func)  # type: ignore
/home/siyuan/.local/lib/python3.10/site-packages/fairscale/experimental/nn/offload.py:30: FutureWarning: `torch.cuda.amp.custom_bwd(args...)` is deprecated. Please use `torch.amp.custom_bwd(args..., device_type='cuda')` instead.
  return torch.cuda.amp.custom_bwd(orig_func)  # type: ignore
/home/siyuan/anaconda3/envs/wedetect_official/lib/python3.10/site-packages/mmengine/utils/dl_utils/setup_env.py:56: UserWarning: Setting MKL_NUM_THREADS environment variable for each process to be 1 in default, to avoid your system being overloaded, please further tune the variable for optimal performance in your application as needed.
  warnings.warn(
/home/siyuan/anaconda3/envs/wedetect_official/lib/python3.10/site-packages/mmengine/utils/dl_utils/setup_env.py:56: UserWarning: Setting MKL_NUM_THREADS environment variable for each process to be 1 in default, to avoid your system being overloaded, please further tune the variable for optimal performance in your application as needed.
  warnings.warn(
/home/siyuan/anaconda3/envs/wedetect_official/lib/python3.10/site-packages/mmengine/utils/dl_utils/setup_env.py:56: UserWarning: Setting MKL_NUM_THREADS environment variable for each process to be 1 in default, to avoid your system being overloaded, please further tune the variable for optimal performance in your application as needed.
  warnings.warn(
/home/siyuan/anaconda3/envs/wedetect_official/lib/python3.10/site-packages/mmengine/utils/dl_utils/setup_env.py:56: UserWarning: Setting MKL_NUM_THREADS environment variable for each process to be 1 in default, to avoid your system being overloaded, please further tune the variable for optimal performance in your application as needed.
  warnings.warn(
06/18 12:07:06 - mmengine - INFO - 
------------------------------------------------------------
System environment:
    sys.platform: linux
    Python: 3.10.20 (main, Jun 11 2026, 15:17:37) [GCC 14.3.0]
    CUDA available: True
    MUSA available: False
    numpy_random_seed: 729358481
    GPU 0,1,2,3: NVIDIA RTX A6000
    CUDA_HOME: /usr/local/cuda-11.3
    NVCC: Cuda compilation tools, release 11.3, V11.3.109
    GCC: gcc (Ubuntu 9.5.0-1ubuntu1~22.04) 9.5.0
    PyTorch: 2.5.1+cu124
    PyTorch compiling details: PyTorch built with:
  - GCC 9.3
  - C++ Version: 201703
  - Intel(R) oneAPI Math Kernel Library Version 2024.2-Product Build 20240605 for Intel(R) 64 architecture applications
  - Intel(R) MKL-DNN v3.5.3 (Git Hash 66f0cb9eb66affd2da3bf5f8d897376f04aae6af)
  - OpenMP 201511 (a.k.a. OpenMP 4.5)
  - LAPACK is enabled (usually provided by MKL)
  - NNPACK is enabled
  - CPU capability usage: AVX2
  - CUDA Runtime 12.4
  - NVCC architecture flags: -gencode;arch=compute_50,code=sm_50;-gencode;arch=compute_60,code=sm_60;-gencode;arch=compute_70,code=sm_70;-gencode;arch=compute_75,code=sm_75;-gencode;arch=compute_80,code=sm_80;-gencode;arch=compute_86,code=sm_86;-gencode;arch=compute_90,code=sm_90
  - CuDNN 90.1
  - Magma 2.6.1
  - Build settings: BLAS_INFO=mkl, BUILD_TYPE=Release, CUDA_VERSION=12.4, CUDNN_VERSION=9.1.0, CXX_COMPILER=/opt/rh/devtoolset-9/root/usr/bin/c++, CXX_FLAGS= -D_GLIBCXX_USE_CXX11_ABI=0 -fabi-version=11 -fvisibility-inlines-hidden -DUSE_PTHREADPOOL -DNDEBUG -DUSE_KINETO -DLIBKINETO_NOROCTRACER -DLIBKINETO_NOXPUPTI=ON -DUSE_FBGEMM -DUSE_PYTORCH_QNNPACK -DUSE_XNNPACK -DSYMBOLICATE_MOBILE_DEBUG_HANDLE -O2 -fPIC -Wall -Wextra -Werror=return-type -Werror=non-virtual-dtor -Werror=bool-operation -Wnarrowing -Wno-missing-field-initializers -Wno-type-limits -Wno-array-bounds -Wno-unknown-pragmas -Wno-unused-parameter -Wno-strict-overflow -Wno-strict-aliasing -Wno-stringop-overflow -Wsuggest-override -Wno-psabi -Wno-error=old-style-cast -Wno-missing-braces -fdiagnostics-color=always -faligned-new -Wno-unused-but-set-variable -Wno-maybe-uninitialized -fno-math-errno -fno-trapping-math -Werror=format -Wno-stringop-overflow, LAPACK_INFO=mkl, PERF_WITH_AVX=1, PERF_WITH_AVX2=1, TORCH_VERSION=2.5.1, USE_CUDA=ON, USE_CUDNN=ON, USE_CUSPARSELT=1, USE_EXCEPTION_PTR=1, USE_GFLAGS=OFF, USE_GLOG=OFF, USE_GLOO=ON, USE_MKL=ON, USE_MKLDNN=ON, USE_MPI=OFF, USE_NCCL=1, USE_NNPACK=ON, USE_OPENMP=ON, USE_ROCM=OFF, USE_ROCM_KERNEL_ASSERT=OFF, 

    TorchVision: 0.20.1+cu124
    OpenCV: 4.10.0
    MMEngine: 0.10.7

Runtime environment:
    cudnn_benchmark: False
    mp_cfg: {'mp_start_method': 'fork', 'opencv_num_threads': 0}
    dist_cfg: {'backend': 'nccl'}
    seed: 729358481
    Distributed launcher: pytorch
    Distributed training: True
    GPU number: 4
------------------------------------------------------------

06/18 12:07:08 - mmengine - INFO - Config:
CLASS_NAMES = '/home/siyuan/projects/LLMs/OralDetect-Family/OralDetect/datas/class_names_en.json'
CLASS_TEXT = '/home/siyuan/projects/LLMs/OralDetect-Family/OralDetect/datas/class_texts_en.json'
DATAS = '/home/siyuan/projects/LLMs/OralDetect-Family/OralDetect/datas'
DATA_ROOT = '/nfs_share/public/OralGPT/oralgpt-detect-all/coco_format/'
DENTALBERT = '/home/siyuan/projects/LLMs/OralDetect-Family/OralCLIP/Bert_tuning/checkpoints/BiomedNLP-BiomedBERT-base-uncased-abstract-fulltext_dental_mlm/final'
TEST_ANN = '/home/siyuan/projects/LLMs/OralDetect-Family/OralDetect/datas/instances_test.json'
TRAIN_ANN = '/home/siyuan/projects/LLMs/OralDetect-Family/OralDetect/datas/instances_train.json'
affine_scale = 0.5
albu_train_transforms = [
    dict(p=0.01, type='Blur'),
    dict(p=0.01, type='MedianBlur'),
    dict(p=0.01, type='ToGray'),
    dict(p=0.01, type='CLAHE'),
]
backend_args = None
base_lr = 2e-05
close_mosaic_epochs = 4
coco_evaluator = dict(
    ann_file='data/coco/annotations/instances_val2017.json',
    metric='bbox',
    type='CocoMetric')
coco_val_dataset = dict(
    class_text_path='data/texts/coco_zh_class_texts.json',
    dataset=dict(
        ann_file='data/coco/annotations/instances_val2017.json',
        batch_shapes_cfg=None,
        data_prefix=dict(img='val2017'),
        data_root='data/coco/',
        test_mode=True,
        type='WeCocoDataset'),
    pipeline=[
        dict(backend_args=None, type='LoadImageFromFile'),
        dict(scale=(
            640,
            640,
        ), type='WeDetectKeepRatioResize'),
        dict(
            allow_scale_up=False,
            pad_val=dict(img=114),
            scale=(
                640,
                640,
            ),
            type='WeDetectLetterResize'),
        dict(_scope_='mmdet', type='LoadAnnotations', with_bbox=True),
        dict(type='LoadText'),
        dict(
            meta_keys=(
                'img_id',
                'img_path',
                'ori_shape',
                'img_shape',
                'scale_factor',
                'pad_param',
                'texts',
            ),
            type='PackDetInputs'),
    ],
    type='MultiModalDataset')
custom_hooks = [
    dict(
        switch_epoch=8,
        switch_pipeline=[
            dict(backend_args=None, type='LoadImageFromFile'),
            dict(type='LoadAnnotations', with_bbox=True),
            dict(scale=(
                640,
                640,
            ), type='WeDetectKeepRatioResize'),
            dict(
                allow_scale_up=True,
                pad_val=dict(img=114.0),
                scale=(
                    640,
                    640,
                ),
                type='WeDetectLetterResize'),
            dict(
                border_val=(
                    114,
                    114,
                    114,
                ),
                max_aspect_ratio=100,
                max_rotate_degree=0.0,
                max_shear_degree=0.0,
                scaling_ratio_range=(
                    0.5,
                    1.5,
                ),
                type='WeDetectRandomAffine'),
            dict(
                bbox_params=dict(
                    format='pascal_voc',
                    label_fields=[
                        'gt_bboxes_labels',
                        'gt_ignore_flags',
                    ],
                    type='BboxParams'),
                keymap=dict(gt_bboxes='bboxes', img='image'),
                transforms=[
                    dict(p=0.01, type='Blur'),
                    dict(p=0.01, type='MedianBlur'),
                    dict(p=0.01, type='ToGray'),
                    dict(p=0.01, type='CLAHE'),
                ],
                type='mmdet.Albu'),
            dict(type='WeDetectHSVRandomAug'),
            dict(prob=0.5, type='mmdet.RandomFlip'),
            dict(
                max_num_samples=91,
                num_neg_samples=(
                    91,
                    91,
                ),
                padding_to_max=True,
                padding_value='',
                type='RandomLoadText'),
            dict(
                meta_keys=(
                    'img_id',
                    'img_path',
                    'ori_shape',
                    'img_shape',
                    'flip',
                    'flip_direction',
                    'texts',
                ),
                type='mmdet.PackDetInputs'),
        ],
        type='mmdet.PipelineSwitchHook'),
]
custom_imports = dict(
    allow_failed_imports=False, imports=[
        'wedetect',
    ])
default_hooks = dict(
    checkpoint=dict(
        interval=1,
        max_keep_ckpts=3,
        save_best='coco/bbox_mAP',
        type='CheckpointHook'),
    logger=dict(interval=50, type='LoggerHook'),
    param_scheduler=dict(type='ParamSchedulerHook'),
    sampler_seed=dict(type='DistSamplerSeedHook'),
    timer=dict(type='IterTimerHook'),
    visualization=dict(type='mmdet.DetVisualizationHook'))
default_scope = 'mmdet'
dist_cfg = dict(backend='nccl', timeout=10800)
env_cfg = dict(
    cudnn_benchmark=False,
    dist_cfg=dict(backend='nccl'),
    mp_cfg=dict(mp_start_method='fork', opencv_num_threads=0))
find_unused_parameters = True
img_scale = (
    640,
    640,
)
launcher = 'pytorch'
load_from = '/home/siyuan/projects/LLMs/OralDetect-Family/OralCLIP/pretrained/wedetect_oralclip_dentalbert_init.pth'
log_level = 'INFO'
log_processor = dict(by_epoch=True, type='LogProcessor', window_size=50)
loss_bbox_weight = 7.5
loss_cls_weight = 0.5
loss_dfl_weight = 0.375
lvis_minival_dataset = dict(
    class_text_path='data/texts/lvis_v1_zh_class_texts.json',
    dataset=dict(
        ann_file='data/lvis/lvis_v1_minival_inserted_image_name.json',
        batch_shapes_cfg=None,
        data_prefix=dict(img=''),
        data_root='data/coco/',
        test_mode=True,
        type='YOLOv5LVISV1Dataset'),
    pipeline=[
        dict(backend_args=None, type='LoadImageFromFile'),
        dict(scale=(
            640,
            640,
        ), type='WeDetectKeepRatioResize'),
        dict(
            allow_scale_up=False,
            pad_val=dict(img=114),
            scale=(
                640,
                640,
            ),
            type='WeDetectLetterResize'),
        dict(_scope_='mmdet', type='LoadAnnotations', with_bbox=True),
        dict(type='LoadText'),
        dict(
            meta_keys=(
                'img_id',
                'img_path',
                'ori_shape',
                'img_shape',
                'scale_factor',
                'pad_param',
                'texts',
            ),
            type='PackDetInputs'),
    ],
    type='MultiModalDataset')
lvis_minival_evaluator = dict(
    ann_file='data/lvis/lvis_v1_minival_inserted_image_name.json',
    metric='bbox',
    type='LVISMetric')
lvis_od_val_dataset = dict(
    class_text_path='data/texts/lvis_v1_zh_class_texts.json',
    dataset=dict(
        ann_file='data/lvis/lvis_od_val.json',
        batch_shapes_cfg=None,
        data_prefix=dict(img=''),
        data_root='data/coco/',
        test_mode=True,
        type='YOLOv5LVISV1Dataset'),
    pipeline=[
        dict(backend_args=None, type='LoadImageFromFile'),
        dict(scale=(
            640,
            640,
        ), type='WeDetectKeepRatioResize'),
        dict(
            allow_scale_up=False,
            pad_val=dict(img=114),
            scale=(
                640,
                640,
            ),
            type='WeDetectLetterResize'),
        dict(_scope_='mmdet', type='LoadAnnotations', with_bbox=True),
        dict(type='LoadText'),
        dict(
            meta_keys=(
                'img_id',
                'img_path',
                'ori_shape',
                'img_shape',
                'scale_factor',
                'pad_param',
                'texts',
            ),
            type='PackDetInputs'),
    ],
    type='MultiModalDataset')
lvis_od_val_evaluator = dict(
    ann_file='data/lvis/lvis_od_val.json', metric='bbox', type='LVISMetric')
max_epochs = 12
metainfo = dict(
    classes=(
        'abnormal oral epithelial cell',
        'alveolar bone loss',
        'anterior teeth with fluorosis',
        'anterior teeth without fluorosis',
        'blood cell',
        'canine',
        'central incisor',
        'craniofacial or oral anomaly',
        'deep dental caries',
        'dental abrasion',
        'dental caries',
        'dental crown restoration',
        'dental filling',
        'dental implant',
        'dental opacity',
        'dental restoration',
        'dividing oral cell',
        'first molar',
        'first premolar',
        'foreign object or debris',
        'grade I oral cytology (normal)',
        'grade II oral cytology (atypical)',
        'grade III oral cytology (suspicious)',
        'grade IV oral cytology (malignant)',
        'impacted tooth',
        'impacted wisdom tooth',
        'intraoral appliance',
        'lateral incisor',
        'malaligned tooth',
        'mandibular canal',
        'maxillary sinus',
        'missing or residual root',
        'missing teeth',
        'normal oral mucosa',
        'normal oral tissue',
        'oral squamous cell carcinoma tumor',
        'orthodontic bracket',
        'out-of-focus cell',
        'periapical abscess',
        'periapical cyst',
        'periapical granuloma',
        'periapical lesion',
        'quadrant 1 (upper right)',
        'quadrant 2 (upper left)',
        'quadrant 3 (lower left)',
        'quadrant 4 (lower right)',
        'reactive oral cell',
        'restoration with secondary caries',
        'retained root',
        'root canal treatment',
        'root piece',
        'second molar',
        'second premolar',
        'severe gingivitis',
        'tooth',
        'tooth 11 (upper right central incisor)',
        'tooth 12 (upper right lateral incisor)',
        'tooth 13 (upper right canine)',
        'tooth 14 (upper right first premolar)',
        'tooth 15 (upper right second premolar)',
        'tooth 16 (upper right first molar)',
        'tooth 17 (upper right second molar)',
        'tooth 18 (upper right third molar)',
        'tooth 21 (upper left central incisor)',
        'tooth 22 (upper left lateral incisor)',
        'tooth 23 (upper left canine)',
        'tooth 24 (upper left first premolar)',
        'tooth 25 (upper left second premolar)',
        'tooth 26 (upper left first molar)',
        'tooth 27 (upper left second molar)',
        'tooth 28 (upper left third molar)',
        'tooth 31 (lower left central incisor)',
        'tooth 32 (lower left lateral incisor)',
        'tooth 33 (lower left canine)',
        'tooth 34 (lower left first premolar)',
        'tooth 35 (lower left second premolar)',
        'tooth 36 (lower left first molar)',
        'tooth 37 (lower left second molar)',
        'tooth 38 (lower left third molar)',
        'tooth 41 (lower right central incisor)',
        'tooth 42 (lower right lateral incisor)',
        'tooth 43 (lower right canine)',
        'tooth 44 (lower right first premolar)',
        'tooth 45 (lower right second premolar)',
        'tooth 46 (lower right first molar)',
        'tooth 47 (lower right second molar)',
        'tooth 48 (lower right third molar)',
        'tooth erosion',
        'tooth malformation',
        'treated tooth',
        'unclassified cell',
    ))
mixup_prob = 0.15
model = dict(
    backbone=dict(
        image_model=dict(
            frozen_modules=[],
            model_name='base',
            type='ConvNextVisionBackbone'),
        text_model=dict(
            frozen_modules=[],
            model_name=
            '/home/siyuan/projects/LLMs/OralDetect-Family/OralCLIP/Bert_tuning/checkpoints/BiomedNLP-BiomedBERT-base-uncased-abstract-fulltext_dental_mlm/final',
            model_size='base',
            type='DentalBertLanguageBackbone'),
        type='MultiModalYOLOBackbone'),
    bbox_head=dict(
        bbox_coder=dict(type='WeDetectDistancePointBBoxCoder'),
        head_module=dict(
            embed_dims=768,
            in_channels=[
                256,
                512,
                1024,
            ],
            model_size='base',
            num_classes=91,
            type='YOLOWorldHeadModule',
            use_bn_head=True),
        loss_bbox=dict(
            bbox_format='xyxy',
            iou_mode='ciou',
            loss_weight=7.5,
            reduction='sum',
            return_iou=False,
            type='mmyoloIoULoss'),
        loss_cls=dict(
            loss_weight=0.5,
            reduction='none',
            type='CrossEntropyLoss',
            use_sigmoid=True),
        loss_dfl=dict(
            loss_weight=0.375, reduction='mean', type='DistributionFocalLoss'),
        prior_generator=dict(
            offset=0.5, strides=[
                8,
                16,
                32,
            ], type='MlvlPointGenerator'),
        type='YOLOWorldHead'),
    data_preprocessor=dict(
        bgr_to_rgb=True,
        mean=[
            0.0,
            0.0,
            0.0,
        ],
        std=[
            255.0,
            255.0,
            255.0,
        ],
        type='YOLOWDetDataPreprocessor'),
    mm_neck=False,
    neck=dict(model_size='base', scale_factor=1.0, type='CSPRepBiFPANNeck'),
    num_test_classes=91,
    num_train_classes=91,
    test_cfg=dict(
        max_per_img=300,
        multi_label=True,
        nms=dict(iou_threshold=0.7, type='nms'),
        nms_pre=30000,
        score_thr=0.001),
    train_cfg=dict(
        assigner=dict(
            alpha=0.5,
            beta=6.0,
            eps=1e-09,
            num_classes=91,
            topk=10,
            type='BatchTaskAlignedAssigner',
            use_ciou=True)),
    type='YOLOWorldDetector')
model_test_cfg = dict(
    max_per_img=300,
    multi_label=True,
    nms=dict(iou_threshold=0.7, type='nms'),
    nms_pre=30000,
    score_thr=0.001)
mosaic_affine_transform = [
    dict(
        img_scale=(
            640,
            640,
        ),
        pad_val=114.0,
        pre_transform=[
            dict(backend_args=None, type='LoadImageFromFile'),
            dict(type='LoadAnnotations', with_bbox=True),
        ],
        type='MultiModalMosaic'),
    dict(
        border=(
            -320,
            -320,
        ),
        border_val=(
            114,
            114,
            114,
        ),
        max_aspect_ratio=100.0,
        max_rotate_degree=0.0,
        max_shear_degree=0.0,
        scaling_ratio_range=(
            0.5,
            1.5,
        ),
        type='WeDetectRandomAffine'),
]
neck_embed_channels = [
    128,
    256,
    512,
]
neck_num_heads = [
    4,
    8,
    16,
]
num_classes = 91
num_training_classes = 91
optim_wrapper = dict(
    clip_grad=dict(max_norm=10.0),
    constructor='YOLOWv5OptimizerConstructor',
    optimizer=dict(
        batch_size_per_gpu=8, lr=2e-05, type='AdamW', weight_decay=0.05),
    paramwise_cfg=dict(
        custom_keys=dict({
            'backbone.text_model': dict(lr_mult=0.1),
            'logit_scale': dict(weight_decay=0.0)
        })),
    type='OptimWrapper')
param_scheduler = [
    dict(
        begin=0,
        by_epoch=False,
        end=1000,
        end_factor=1.0,
        start_factor=0.001,
        type='LinearLR'),
    dict(
        begin=0,
        by_epoch=True,
        convert_to_iter_based=True,
        end=12,
        end_factor=0.001,
        start_factor=1.0,
        type='LinearLR'),
]
persistent_workers = True
pre_transform = [
    dict(backend_args=None, type='LoadImageFromFile'),
    dict(type='LoadAnnotations', with_bbox=True),
]
resume = False
save_epoch_intervals = 1
tal_alpha = 0.5
tal_beta = 6.0
tal_topk = 10
test_cfg = dict(type='TestLoop')
test_dataloader = dict(
    batch_size=1,
    dataset=dict(
        class_text_path=
        '/home/siyuan/projects/LLMs/OralDetect-Family/OralDetect/datas/class_texts_en.json',
        dataset=dict(
            ann_file=
            '/home/siyuan/projects/LLMs/OralDetect-Family/OralDetect/datas/instances_test.json',
            batch_shapes_cfg=None,
            data_prefix=dict(img='all2017/'),
            data_root=
            '/nfs_share/public/OralGPT/oralgpt-detect-all/coco_format/',
            metainfo=dict(
                classes=(
                    'abnormal oral epithelial cell',
                    'alveolar bone loss',
                    'anterior teeth with fluorosis',
                    'anterior teeth without fluorosis',
                    'blood cell',
                    'canine',
                    'central incisor',
                    'craniofacial or oral anomaly',
                    'deep dental caries',
                    'dental abrasion',
                    'dental caries',
                    'dental crown restoration',
                    'dental filling',
                    'dental implant',
                    'dental opacity',
                    'dental restoration',
                    'dividing oral cell',
                    'first molar',
                    'first premolar',
                    'foreign object or debris',
                    'grade I oral cytology (normal)',
                    'grade II oral cytology (atypical)',
                    'grade III oral cytology (suspicious)',
                    'grade IV oral cytology (malignant)',
                    'impacted tooth',
                    'impacted wisdom tooth',
                    'intraoral appliance',
                    'lateral incisor',
                    'malaligned tooth',
                    'mandibular canal',
                    'maxillary sinus',
                    'missing or residual root',
                    'missing teeth',
                    'normal oral mucosa',
                    'normal oral tissue',
                    'oral squamous cell carcinoma tumor',
                    'orthodontic bracket',
                    'out-of-focus cell',
                    'periapical abscess',
                    'periapical cyst',
                    'periapical granuloma',
                    'periapical lesion',
                    'quadrant 1 (upper right)',
                    'quadrant 2 (upper left)',
                    'quadrant 3 (lower left)',
                    'quadrant 4 (lower right)',
                    'reactive oral cell',
                    'restoration with secondary caries',
                    'retained root',
                    'root canal treatment',
                    'root piece',
                    'second molar',
                    'second premolar',
                    'severe gingivitis',
                    'tooth',
                    'tooth 11 (upper right central incisor)',
                    'tooth 12 (upper right lateral incisor)',
                    'tooth 13 (upper right canine)',
                    'tooth 14 (upper right first premolar)',
                    'tooth 15 (upper right second premolar)',
                    'tooth 16 (upper right first molar)',
                    'tooth 17 (upper right second molar)',
                    'tooth 18 (upper right third molar)',
                    'tooth 21 (upper left central incisor)',
                    'tooth 22 (upper left lateral incisor)',
                    'tooth 23 (upper left canine)',
                    'tooth 24 (upper left first premolar)',
                    'tooth 25 (upper left second premolar)',
                    'tooth 26 (upper left first molar)',
                    'tooth 27 (upper left second molar)',
                    'tooth 28 (upper left third molar)',
                    'tooth 31 (lower left central incisor)',
                    'tooth 32 (lower left lateral incisor)',
                    'tooth 33 (lower left canine)',
                    'tooth 34 (lower left first premolar)',
                    'tooth 35 (lower left second premolar)',
                    'tooth 36 (lower left first molar)',
                    'tooth 37 (lower left second molar)',
                    'tooth 38 (lower left third molar)',
                    'tooth 41 (lower right central incisor)',
                    'tooth 42 (lower right lateral incisor)',
                    'tooth 43 (lower right canine)',
                    'tooth 44 (lower right first premolar)',
                    'tooth 45 (lower right second premolar)',
                    'tooth 46 (lower right first molar)',
                    'tooth 47 (lower right second molar)',
                    'tooth 48 (lower right third molar)',
                    'tooth erosion',
                    'tooth malformation',
                    'treated tooth',
                    'unclassified cell',
                )),
            test_mode=True,
            type='WeCocoDataset'),
        pipeline=[
            dict(backend_args=None, type='LoadImageFromFile'),
            dict(scale=(
                640,
                640,
            ), type='WeDetectKeepRatioResize'),
            dict(
                allow_scale_up=False,
                pad_val=dict(img=114),
                scale=(
                    640,
                    640,
                ),
                type='WeDetectLetterResize'),
            dict(_scope_='mmdet', type='LoadAnnotations', with_bbox=True),
            dict(type='LoadText'),
            dict(
                meta_keys=(
                    'img_id',
                    'img_path',
                    'ori_shape',
                    'img_shape',
                    'scale_factor',
                    'pad_param',
                    'texts',
                ),
                type='PackDetInputs'),
        ],
        type='MultiModalDataset'),
    drop_last=False,
    num_workers=2,
    persistent_workers=True,
    pin_memory=True,
    sampler=dict(shuffle=False, type='DefaultSampler'))
test_evaluator = dict(
    ann_file=
    '/home/siyuan/projects/LLMs/OralDetect-Family/OralDetect/datas/instances_test.json',
    metric='bbox',
    type='CocoMetric')
test_pipeline = [
    dict(backend_args=None, type='LoadImageFromFile'),
    dict(scale=(
        640,
        640,
    ), type='WeDetectKeepRatioResize'),
    dict(
        allow_scale_up=False,
        pad_val=dict(img=114),
        scale=(
            640,
            640,
        ),
        type='WeDetectLetterResize'),
    dict(_scope_='mmdet', type='LoadAnnotations', with_bbox=True),
    dict(type='LoadText'),
    dict(
        meta_keys=(
            'img_id',
            'img_path',
            'ori_shape',
            'img_shape',
            'scale_factor',
            'pad_param',
            'texts',
        ),
        type='PackDetInputs'),
]
text_channels = 768
text_transform = [
    dict(
        max_num_samples=91,
        num_neg_samples=(
            91,
            91,
        ),
        padding_to_max=True,
        padding_value='',
        type='RandomLoadText'),
    dict(
        meta_keys=(
            'img_id',
            'img_path',
            'ori_shape',
            'img_shape',
            'flip',
            'flip_direction',
            'texts',
        ),
        type='mmdet.PackDetInputs'),
]
train_batch_size_per_gpu = 8
train_cfg = dict(
    dynamic_intervals=[
        (
            8,
            1,
        ),
    ],
    max_epochs=12,
    type='EpochBasedTrainLoop',
    val_interval=2)
train_dataloader = dict(
    batch_size=8,
    collate_fn=dict(type='yolow_collate'),
    dataset=dict(
        class_text_path=
        '/home/siyuan/projects/LLMs/OralDetect-Family/OralDetect/datas/class_texts_en.json',
        dataset=dict(
            ann_file=
            '/home/siyuan/projects/LLMs/OralDetect-Family/OralDetect/datas/instances_train.json',
            data_prefix=dict(img='all2017/'),
            data_root=
            '/nfs_share/public/OralGPT/oralgpt-detect-all/coco_format/',
            filter_cfg=dict(filter_empty_gt=False, min_size=32),
            metainfo=dict(
                classes=(
                    'abnormal oral epithelial cell',
                    'alveolar bone loss',
                    'anterior teeth with fluorosis',
                    'anterior teeth without fluorosis',
                    'blood cell',
                    'canine',
                    'central incisor',
                    'craniofacial or oral anomaly',
                    'deep dental caries',
                    'dental abrasion',
                    'dental caries',
                    'dental crown restoration',
                    'dental filling',
                    'dental implant',
                    'dental opacity',
                    'dental restoration',
                    'dividing oral cell',
                    'first molar',
                    'first premolar',
                    'foreign object or debris',
                    'grade I oral cytology (normal)',
                    'grade II oral cytology (atypical)',
                    'grade III oral cytology (suspicious)',
                    'grade IV oral cytology (malignant)',
                    'impacted tooth',
                    'impacted wisdom tooth',
                    'intraoral appliance',
                    'lateral incisor',
                    'malaligned tooth',
                    'mandibular canal',
                    'maxillary sinus',
                    'missing or residual root',
                    'missing teeth',
                    'normal oral mucosa',
                    'normal oral tissue',
                    'oral squamous cell carcinoma tumor',
                    'orthodontic bracket',
                    'out-of-focus cell',
                    'periapical abscess',
                    'periapical cyst',
                    'periapical granuloma',
                    'periapical lesion',
                    'quadrant 1 (upper right)',
                    'quadrant 2 (upper left)',
                    'quadrant 3 (lower left)',
                    'quadrant 4 (lower right)',
                    'reactive oral cell',
                    'restoration with secondary caries',
                    'retained root',
                    'root canal treatment',
                    'root piece',
                    'second molar',
                    'second premolar',
                    'severe gingivitis',
                    'tooth',
                    'tooth 11 (upper right central incisor)',
                    'tooth 12 (upper right lateral incisor)',
                    'tooth 13 (upper right canine)',
                    'tooth 14 (upper right first premolar)',
                    'tooth 15 (upper right second premolar)',
                    'tooth 16 (upper right first molar)',
                    'tooth 17 (upper right second molar)',
                    'tooth 18 (upper right third molar)',
                    'tooth 21 (upper left central incisor)',
                    'tooth 22 (upper left lateral incisor)',
                    'tooth 23 (upper left canine)',
                    'tooth 24 (upper left first premolar)',
                    'tooth 25 (upper left second premolar)',
                    'tooth 26 (upper left first molar)',
                    'tooth 27 (upper left second molar)',
                    'tooth 28 (upper left third molar)',
                    'tooth 31 (lower left central incisor)',
                    'tooth 32 (lower left lateral incisor)',
                    'tooth 33 (lower left canine)',
                    'tooth 34 (lower left first premolar)',
                    'tooth 35 (lower left second premolar)',
                    'tooth 36 (lower left first molar)',
                    'tooth 37 (lower left second molar)',
                    'tooth 38 (lower left third molar)',
                    'tooth 41 (lower right central incisor)',
                    'tooth 42 (lower right lateral incisor)',
                    'tooth 43 (lower right canine)',
                    'tooth 44 (lower right first premolar)',
                    'tooth 45 (lower right second premolar)',
                    'tooth 46 (lower right first molar)',
                    'tooth 47 (lower right second molar)',
                    'tooth 48 (lower right third molar)',
                    'tooth erosion',
                    'tooth malformation',
                    'treated tooth',
                    'unclassified cell',
                )),
            type='WeCocoDataset'),
        pipeline=[
            dict(backend_args=None, type='LoadImageFromFile'),
            dict(type='LoadAnnotations', with_bbox=True),
            dict(
                img_scale=(
                    640,
                    640,
                ),
                pad_val=114.0,
                pre_transform=[
                    dict(backend_args=None, type='LoadImageFromFile'),
                    dict(type='LoadAnnotations', with_bbox=True),
                ],
                type='MultiModalMosaic'),
            dict(
                border=(
                    -320,
                    -320,
                ),
                border_val=(
                    114,
                    114,
                    114,
                ),
                max_aspect_ratio=100.0,
                max_rotate_degree=0.0,
                max_shear_degree=0.0,
                scaling_ratio_range=(
                    0.5,
                    1.5,
                ),
                type='WeDetectRandomAffine'),
            dict(
                pre_transform=[
                    dict(backend_args=None, type='LoadImageFromFile'),
                    dict(type='LoadAnnotations', with_bbox=True),
                    dict(
                        img_scale=(
                            640,
                            640,
                        ),
                        pad_val=114.0,
                        pre_transform=[
                            dict(backend_args=None, type='LoadImageFromFile'),
                            dict(type='LoadAnnotations', with_bbox=True),
                        ],
                        type='MultiModalMosaic'),
                    dict(
                        border=(
                            -320,
                            -320,
                        ),
                        border_val=(
                            114,
                            114,
                            114,
                        ),
                        max_aspect_ratio=100.0,
                        max_rotate_degree=0.0,
                        max_shear_degree=0.0,
                        scaling_ratio_range=(
                            0.5,
                            1.5,
                        ),
                        type='WeDetectRandomAffine'),
                ],
                prob=0.15,
                type='YOLOv5MultiModalMixUp'),
            dict(
                bbox_params=dict(
                    format='pascal_voc',
                    label_fields=[
                        'gt_bboxes_labels',
                        'gt_ignore_flags',
                    ],
                    type='BboxParams'),
                keymap=dict(gt_bboxes='bboxes', img='image'),
                transforms=[
                    dict(p=0.01, type='Blur'),
                    dict(p=0.01, type='MedianBlur'),
                    dict(p=0.01, type='ToGray'),
                    dict(p=0.01, type='CLAHE'),
                ],
                type='mmdet.Albu'),
            dict(type='WeDetectHSVRandomAug'),
            dict(prob=0.5, type='mmdet.RandomFlip'),
            dict(
                max_num_samples=91,
                num_neg_samples=(
                    91,
                    91,
                ),
                padding_to_max=True,
                padding_value='',
                type='RandomLoadText'),
            dict(
                meta_keys=(
                    'img_id',
                    'img_path',
                    'ori_shape',
                    'img_shape',
                    'flip',
                    'flip_direction',
                    'texts',
                ),
                type='mmdet.PackDetInputs'),
        ],
        type='MultiModalDataset'),
    num_workers=4,
    persistent_workers=True,
    sampler=dict(shuffle=True, type='DefaultSampler'))
train_dataset = dict(
    class_text_path=
    '/home/siyuan/projects/LLMs/OralDetect-Family/OralDetect/datas/class_texts_en.json',
    dataset=dict(
        ann_file=
        '/home/siyuan/projects/LLMs/OralDetect-Family/OralDetect/datas/instances_train.json',
        data_prefix=dict(img='all2017/'),
        data_root='/nfs_share/public/OralGPT/oralgpt-detect-all/coco_format/',
        filter_cfg=dict(filter_empty_gt=False, min_size=32),
        metainfo=dict(
            classes=(
                'abnormal oral epithelial cell',
                'alveolar bone loss',
                'anterior teeth with fluorosis',
                'anterior teeth without fluorosis',
                'blood cell',
                'canine',
                'central incisor',
                'craniofacial or oral anomaly',
                'deep dental caries',
                'dental abrasion',
                'dental caries',
                'dental crown restoration',
                'dental filling',
                'dental implant',
                'dental opacity',
                'dental restoration',
                'dividing oral cell',
                'first molar',
                'first premolar',
                'foreign object or debris',
                'grade I oral cytology (normal)',
                'grade II oral cytology (atypical)',
                'grade III oral cytology (suspicious)',
                'grade IV oral cytology (malignant)',
                'impacted tooth',
                'impacted wisdom tooth',
                'intraoral appliance',
                'lateral incisor',
                'malaligned tooth',
                'mandibular canal',
                'maxillary sinus',
                'missing or residual root',
                'missing teeth',
                'normal oral mucosa',
                'normal oral tissue',
                'oral squamous cell carcinoma tumor',
                'orthodontic bracket',
                'out-of-focus cell',
                'periapical abscess',
                'periapical cyst',
                'periapical granuloma',
                'periapical lesion',
                'quadrant 1 (upper right)',
                'quadrant 2 (upper left)',
                'quadrant 3 (lower left)',
                'quadrant 4 (lower right)',
                'reactive oral cell',
                'restoration with secondary caries',
                'retained root',
                'root canal treatment',
                'root piece',
                'second molar',
                'second premolar',
                'severe gingivitis',
                'tooth',
                'tooth 11 (upper right central incisor)',
                'tooth 12 (upper right lateral incisor)',
                'tooth 13 (upper right canine)',
                'tooth 14 (upper right first premolar)',
                'tooth 15 (upper right second premolar)',
                'tooth 16 (upper right first molar)',
                'tooth 17 (upper right second molar)',
                'tooth 18 (upper right third molar)',
                'tooth 21 (upper left central incisor)',
                'tooth 22 (upper left lateral incisor)',
                'tooth 23 (upper left canine)',
                'tooth 24 (upper left first premolar)',
                'tooth 25 (upper left second premolar)',
                'tooth 26 (upper left first molar)',
                'tooth 27 (upper left second molar)',
                'tooth 28 (upper left third molar)',
                'tooth 31 (lower left central incisor)',
                'tooth 32 (lower left lateral incisor)',
                'tooth 33 (lower left canine)',
                'tooth 34 (lower left first premolar)',
                'tooth 35 (lower left second premolar)',
                'tooth 36 (lower left first molar)',
                'tooth 37 (lower left second molar)',
                'tooth 38 (lower left third molar)',
                'tooth 41 (lower right central incisor)',
                'tooth 42 (lower right lateral incisor)',
                'tooth 43 (lower right canine)',
                'tooth 44 (lower right first premolar)',
                'tooth 45 (lower right second premolar)',
                'tooth 46 (lower right first molar)',
                'tooth 47 (lower right second molar)',
                'tooth 48 (lower right third molar)',
                'tooth erosion',
                'tooth malformation',
                'treated tooth',
                'unclassified cell',
            )),
        type='WeCocoDataset'),
    pipeline=[
        dict(backend_args=None, type='LoadImageFromFile'),
        dict(type='LoadAnnotations', with_bbox=True),
        dict(
            img_scale=(
                640,
                640,
            ),
            pad_val=114.0,
            pre_transform=[
                dict(backend_args=None, type='LoadImageFromFile'),
                dict(type='LoadAnnotations', with_bbox=True),
            ],
            type='MultiModalMosaic'),
        dict(
            border=(
                -320,
                -320,
            ),
            border_val=(
                114,
                114,
                114,
            ),
            max_aspect_ratio=100.0,
            max_rotate_degree=0.0,
            max_shear_degree=0.0,
            scaling_ratio_range=(
                0.5,
                1.5,
            ),
            type='WeDetectRandomAffine'),
        dict(
            pre_transform=[
                dict(backend_args=None, type='LoadImageFromFile'),
                dict(type='LoadAnnotations', with_bbox=True),
                dict(
                    img_scale=(
                        640,
                        640,
                    ),
                    pad_val=114.0,
                    pre_transform=[
                        dict(backend_args=None, type='LoadImageFromFile'),
                        dict(type='LoadAnnotations', with_bbox=True),
                    ],
                    type='MultiModalMosaic'),
                dict(
                    border=(
                        -320,
                        -320,
                    ),
                    border_val=(
                        114,
                        114,
                        114,
                    ),
                    max_aspect_ratio=100.0,
                    max_rotate_degree=0.0,
                    max_shear_degree=0.0,
                    scaling_ratio_range=(
                        0.5,
                        1.5,
                    ),
                    type='WeDetectRandomAffine'),
            ],
            prob=0.15,
            type='YOLOv5MultiModalMixUp'),
        dict(
            bbox_params=dict(
                format='pascal_voc',
                label_fields=[
                    'gt_bboxes_labels',
                    'gt_ignore_flags',
                ],
                type='BboxParams'),
            keymap=dict(gt_bboxes='bboxes', img='image'),
            transforms=[
                dict(p=0.01, type='Blur'),
                dict(p=0.01, type='MedianBlur'),
                dict(p=0.01, type='ToGray'),
                dict(p=0.01, type='CLAHE'),
            ],
            type='mmdet.Albu'),
        dict(type='WeDetectHSVRandomAug'),
        dict(prob=0.5, type='mmdet.RandomFlip'),
        dict(
            max_num_samples=91,
            num_neg_samples=(
                91,
                91,
            ),
            padding_to_max=True,
            padding_value='',
            type='RandomLoadText'),
        dict(
            meta_keys=(
                'img_id',
                'img_path',
                'ori_shape',
                'img_shape',
                'flip',
                'flip_direction',
                'texts',
            ),
            type='mmdet.PackDetInputs'),
    ],
    type='MultiModalDataset')
train_pipeline = [
    dict(backend_args=None, type='LoadImageFromFile'),
    dict(type='LoadAnnotations', with_bbox=True),
    dict(
        img_scale=(
            640,
            640,
        ),
        pad_val=114.0,
        pre_transform=[
            dict(backend_args=None, type='LoadImageFromFile'),
            dict(type='LoadAnnotations', with_bbox=True),
        ],
        type='MultiModalMosaic'),
    dict(
        border=(
            -320,
            -320,
        ),
        border_val=(
            114,
            114,
            114,
        ),
        max_aspect_ratio=100.0,
        max_rotate_degree=0.0,
        max_shear_degree=0.0,
        scaling_ratio_range=(
            0.5,
            1.5,
        ),
        type='WeDetectRandomAffine'),
    dict(
        pre_transform=[
            dict(backend_args=None, type='LoadImageFromFile'),
            dict(type='LoadAnnotations', with_bbox=True),
            dict(
                img_scale=(
                    640,
                    640,
                ),
                pad_val=114.0,
                pre_transform=[
                    dict(backend_args=None, type='LoadImageFromFile'),
                    dict(type='LoadAnnotations', with_bbox=True),
                ],
                type='MultiModalMosaic'),
            dict(
                border=(
                    -320,
                    -320,
                ),
                border_val=(
                    114,
                    114,
                    114,
                ),
                max_aspect_ratio=100.0,
                max_rotate_degree=0.0,
                max_shear_degree=0.0,
                scaling_ratio_range=(
                    0.5,
                    1.5,
                ),
                type='WeDetectRandomAffine'),
        ],
        prob=0.15,
        type='YOLOv5MultiModalMixUp'),
    dict(
        bbox_params=dict(
            format='pascal_voc',
            label_fields=[
                'gt_bboxes_labels',
                'gt_ignore_flags',
            ],
            type='BboxParams'),
        keymap=dict(gt_bboxes='bboxes', img='image'),
        transforms=[
            dict(p=0.01, type='Blur'),
            dict(p=0.01, type='MedianBlur'),
            dict(p=0.01, type='ToGray'),
            dict(p=0.01, type='CLAHE'),
        ],
        type='mmdet.Albu'),
    dict(type='WeDetectHSVRandomAug'),
    dict(prob=0.5, type='mmdet.RandomFlip'),
    dict(
        max_num_samples=91,
        num_neg_samples=(
            91,
            91,
        ),
        padding_to_max=True,
        padding_value='',
        type='RandomLoadText'),
    dict(
        meta_keys=(
            'img_id',
            'img_path',
            'ori_shape',
            'img_shape',
            'flip',
            'flip_direction',
            'texts',
        ),
        type='mmdet.PackDetInputs'),
]
train_pipeline_stage2 = [
    dict(backend_args=None, type='LoadImageFromFile'),
    dict(type='LoadAnnotations', with_bbox=True),
    dict(scale=(
        640,
        640,
    ), type='WeDetectKeepRatioResize'),
    dict(
        allow_scale_up=True,
        pad_val=dict(img=114.0),
        scale=(
            640,
            640,
        ),
        type='WeDetectLetterResize'),
    dict(
        border_val=(
            114,
            114,
            114,
        ),
        max_aspect_ratio=100,
        max_rotate_degree=0.0,
        max_shear_degree=0.0,
        scaling_ratio_range=(
            0.5,
            1.5,
        ),
        type='WeDetectRandomAffine'),
    dict(
        bbox_params=dict(
            format='pascal_voc',
            label_fields=[
                'gt_bboxes_labels',
                'gt_ignore_flags',
            ],
            type='BboxParams'),
        keymap=dict(gt_bboxes='bboxes', img='image'),
        transforms=[
            dict(p=0.01, type='Blur'),
            dict(p=0.01, type='MedianBlur'),
            dict(p=0.01, type='ToGray'),
            dict(p=0.01, type='CLAHE'),
        ],
        type='mmdet.Albu'),
    dict(type='WeDetectHSVRandomAug'),
    dict(prob=0.5, type='mmdet.RandomFlip'),
    dict(
        max_num_samples=91,
        num_neg_samples=(
            91,
            91,
        ),
        padding_to_max=True,
        padding_value='',
        type='RandomLoadText'),
    dict(
        meta_keys=(
            'img_id',
            'img_path',
            'ori_shape',
            'img_shape',
            'flip',
            'flip_direction',
            'texts',
        ),
        type='mmdet.PackDetInputs'),
]
val_cfg = dict(type='ValLoop')
val_dataloader = dict(
    batch_size=1,
    dataset=dict(
        class_text_path=
        '/home/siyuan/projects/LLMs/OralDetect-Family/OralDetect/datas/class_texts_en.json',
        dataset=dict(
            ann_file=
            '/home/siyuan/projects/LLMs/OralDetect-Family/OralDetect/datas/instances_test.json',
            batch_shapes_cfg=None,
            data_prefix=dict(img='all2017/'),
            data_root=
            '/nfs_share/public/OralGPT/oralgpt-detect-all/coco_format/',
            metainfo=dict(
                classes=(
                    'abnormal oral epithelial cell',
                    'alveolar bone loss',
                    'anterior teeth with fluorosis',
                    'anterior teeth without fluorosis',
                    'blood cell',
                    'canine',
                    'central incisor',
                    'craniofacial or oral anomaly',
                    'deep dental caries',
                    'dental abrasion',
                    'dental caries',
                    'dental crown restoration',
                    'dental filling',
                    'dental implant',
                    'dental opacity',
                    'dental restoration',
                    'dividing oral cell',
                    'first molar',
                    'first premolar',
                    'foreign object or debris',
                    'grade I oral cytology (normal)',
                    'grade II oral cytology (atypical)',
                    'grade III oral cytology (suspicious)',
                    'grade IV oral cytology (malignant)',
                    'impacted tooth',
                    'impacted wisdom tooth',
                    'intraoral appliance',
                    'lateral incisor',
                    'malaligned tooth',
                    'mandibular canal',
                    'maxillary sinus',
                    'missing or residual root',
                    'missing teeth',
                    'normal oral mucosa',
                    'normal oral tissue',
                    'oral squamous cell carcinoma tumor',
                    'orthodontic bracket',
                    'out-of-focus cell',
                    'periapical abscess',
                    'periapical cyst',
                    'periapical granuloma',
                    'periapical lesion',
                    'quadrant 1 (upper right)',
                    'quadrant 2 (upper left)',
                    'quadrant 3 (lower left)',
                    'quadrant 4 (lower right)',
                    'reactive oral cell',
                    'restoration with secondary caries',
                    'retained root',
                    'root canal treatment',
                    'root piece',
                    'second molar',
                    'second premolar',
                    'severe gingivitis',
                    'tooth',
                    'tooth 11 (upper right central incisor)',
                    'tooth 12 (upper right lateral incisor)',
                    'tooth 13 (upper right canine)',
                    'tooth 14 (upper right first premolar)',
                    'tooth 15 (upper right second premolar)',
                    'tooth 16 (upper right first molar)',
                    'tooth 17 (upper right second molar)',
                    'tooth 18 (upper right third molar)',
                    'tooth 21 (upper left central incisor)',
                    'tooth 22 (upper left lateral incisor)',
                    'tooth 23 (upper left canine)',
                    'tooth 24 (upper left first premolar)',
                    'tooth 25 (upper left second premolar)',
                    'tooth 26 (upper left first molar)',
                    'tooth 27 (upper left second molar)',
                    'tooth 28 (upper left third molar)',
                    'tooth 31 (lower left central incisor)',
                    'tooth 32 (lower left lateral incisor)',
                    'tooth 33 (lower left canine)',
                    'tooth 34 (lower left first premolar)',
                    'tooth 35 (lower left second premolar)',
                    'tooth 36 (lower left first molar)',
                    'tooth 37 (lower left second molar)',
                    'tooth 38 (lower left third molar)',
                    'tooth 41 (lower right central incisor)',
                    'tooth 42 (lower right lateral incisor)',
                    'tooth 43 (lower right canine)',
                    'tooth 44 (lower right first premolar)',
                    'tooth 45 (lower right second premolar)',
                    'tooth 46 (lower right first molar)',
                    'tooth 47 (lower right second molar)',
                    'tooth 48 (lower right third molar)',
                    'tooth erosion',
                    'tooth malformation',
                    'treated tooth',
                    'unclassified cell',
                )),
            test_mode=True,
            type='WeCocoDataset'),
        pipeline=[
            dict(backend_args=None, type='LoadImageFromFile'),
            dict(scale=(
                640,
                640,
            ), type='WeDetectKeepRatioResize'),
            dict(
                allow_scale_up=False,
                pad_val=dict(img=114),
                scale=(
                    640,
                    640,
                ),
                type='WeDetectLetterResize'),
            dict(_scope_='mmdet', type='LoadAnnotations', with_bbox=True),
            dict(type='LoadText'),
            dict(
                meta_keys=(
                    'img_id',
                    'img_path',
                    'ori_shape',
                    'img_shape',
                    'scale_factor',
                    'pad_param',
                    'texts',
                ),
                type='PackDetInputs'),
        ],
        type='MultiModalDataset'),
    drop_last=False,
    num_workers=2,
    persistent_workers=True,
    pin_memory=True,
    sampler=dict(shuffle=False, type='DefaultSampler'))
val_dataset = dict(
    class_text_path=
    '/home/siyuan/projects/LLMs/OralDetect-Family/OralDetect/datas/class_texts_en.json',
    dataset=dict(
        ann_file=
        '/home/siyuan/projects/LLMs/OralDetect-Family/OralDetect/datas/instances_test.json',
        batch_shapes_cfg=None,
        data_prefix=dict(img='all2017/'),
        data_root='/nfs_share/public/OralGPT/oralgpt-detect-all/coco_format/',
        metainfo=dict(
            classes=(
                'abnormal oral epithelial cell',
                'alveolar bone loss',
                'anterior teeth with fluorosis',
                'anterior teeth without fluorosis',
                'blood cell',
                'canine',
                'central incisor',
                'craniofacial or oral anomaly',
                'deep dental caries',
                'dental abrasion',
                'dental caries',
                'dental crown restoration',
                'dental filling',
                'dental implant',
                'dental opacity',
                'dental restoration',
                'dividing oral cell',
                'first molar',
                'first premolar',
                'foreign object or debris',
                'grade I oral cytology (normal)',
                'grade II oral cytology (atypical)',
                'grade III oral cytology (suspicious)',
                'grade IV oral cytology (malignant)',
                'impacted tooth',
                'impacted wisdom tooth',
                'intraoral appliance',
                'lateral incisor',
                'malaligned tooth',
                'mandibular canal',
                'maxillary sinus',
                'missing or residual root',
                'missing teeth',
                'normal oral mucosa',
                'normal oral tissue',
                'oral squamous cell carcinoma tumor',
                'orthodontic bracket',
                'out-of-focus cell',
                'periapical abscess',
                'periapical cyst',
                'periapical granuloma',
                'periapical lesion',
                'quadrant 1 (upper right)',
                'quadrant 2 (upper left)',
                'quadrant 3 (lower left)',
                'quadrant 4 (lower right)',
                'reactive oral cell',
                'restoration with secondary caries',
                'retained root',
                'root canal treatment',
                'root piece',
                'second molar',
                'second premolar',
                'severe gingivitis',
                'tooth',
                'tooth 11 (upper right central incisor)',
                'tooth 12 (upper right lateral incisor)',
                'tooth 13 (upper right canine)',
                'tooth 14 (upper right first premolar)',
                'tooth 15 (upper right second premolar)',
                'tooth 16 (upper right first molar)',
                'tooth 17 (upper right second molar)',
                'tooth 18 (upper right third molar)',
                'tooth 21 (upper left central incisor)',
                'tooth 22 (upper left lateral incisor)',
                'tooth 23 (upper left canine)',
                'tooth 24 (upper left first premolar)',
                'tooth 25 (upper left second premolar)',
                'tooth 26 (upper left first molar)',
                'tooth 27 (upper left second molar)',
                'tooth 28 (upper left third molar)',
                'tooth 31 (lower left central incisor)',
                'tooth 32 (lower left lateral incisor)',
                'tooth 33 (lower left canine)',
                'tooth 34 (lower left first premolar)',
                'tooth 35 (lower left second premolar)',
                'tooth 36 (lower left first molar)',
                'tooth 37 (lower left second molar)',
                'tooth 38 (lower left third molar)',
                'tooth 41 (lower right central incisor)',
                'tooth 42 (lower right lateral incisor)',
                'tooth 43 (lower right canine)',
                'tooth 44 (lower right first premolar)',
                'tooth 45 (lower right second premolar)',
                'tooth 46 (lower right first molar)',
                'tooth 47 (lower right second molar)',
                'tooth 48 (lower right third molar)',
                'tooth erosion',
                'tooth malformation',
                'treated tooth',
                'unclassified cell',
            )),
        test_mode=True,
        type='WeCocoDataset'),
    pipeline=[
        dict(backend_args=None, type='LoadImageFromFile'),
        dict(scale=(
            640,
            640,
        ), type='WeDetectKeepRatioResize'),
        dict(
            allow_scale_up=False,
            pad_val=dict(img=114),
            scale=(
                640,
                640,
            ),
            type='WeDetectLetterResize'),
        dict(_scope_='mmdet', type='LoadAnnotations', with_bbox=True),
        dict(type='LoadText'),
        dict(
            meta_keys=(
                'img_id',
                'img_path',
                'ori_shape',
                'img_shape',
                'scale_factor',
                'pad_param',
                'texts',
            ),
            type='PackDetInputs'),
    ],
    type='MultiModalDataset')
val_evaluator = dict(
    ann_file=
    '/home/siyuan/projects/LLMs/OralDetect-Family/OralDetect/datas/instances_test.json',
    metric='bbox',
    type='CocoMetric')
vis_backends = [
    dict(type='LocalVisBackend'),
]
visualizer = dict(
    name='visualizer',
    type='mmdet.DetLocalVisualizer',
    vis_backends=[
        dict(type='LocalVisBackend'),
    ])
weight_decay = 0.05
work_dir = 'work_dirs/wedetect_dental_mode1_oralclip_dentalbert'

Some weights of BertModel were not initialized from the model checkpoint at /home/siyuan/projects/LLMs/OralDetect-Family/OralCLIP/Bert_tuning/checkpoints/BiomedNLP-BiomedBERT-base-uncased-abstract-fulltext_dental_mlm/final and are newly initialized: ['pooler.dense.bias', 'pooler.dense.weight']
You should probably TRAIN this model on a down-stream task to be able to use it for predictions and inference.
Some weights of BertModel were not initialized from the model checkpoint at /home/siyuan/projects/LLMs/OralDetect-Family/OralCLIP/Bert_tuning/checkpoints/BiomedNLP-BiomedBERT-base-uncased-abstract-fulltext_dental_mlm/final and are newly initialized: ['pooler.dense.bias', 'pooler.dense.weight']
You should probably TRAIN this model on a down-stream task to be able to use it for predictions and inference.
Some weights of BertModel were not initialized from the model checkpoint at /home/siyuan/projects/LLMs/OralDetect-Family/OralCLIP/Bert_tuning/checkpoints/BiomedNLP-BiomedBERT-base-uncased-abstract-fulltext_dental_mlm/final and are newly initialized: ['pooler.dense.bias', 'pooler.dense.weight']
You should probably TRAIN this model on a down-stream task to be able to use it for predictions and inference.
Some weights of BertModel were not initialized from the model checkpoint at /home/siyuan/projects/LLMs/OralDetect-Family/OralCLIP/Bert_tuning/checkpoints/BiomedNLP-BiomedBERT-base-uncased-abstract-fulltext_dental_mlm/final and are newly initialized: ['pooler.dense.bias', 'pooler.dense.weight']
You should probably TRAIN this model on a down-stream task to be able to use it for predictions and inference.
06/18 12:07:11 - mmengine - INFO - Using SyncBatchNorm()
loading annotations into memory...
06/18 12:07:11 - mmengine - INFO - Hooks will be executed in the following order:
before_run:
(VERY_HIGH   ) RuntimeInfoHook                    
(BELOW_NORMAL) LoggerHook                         
 -------------------- 
before_train:
(VERY_HIGH   ) RuntimeInfoHook                    
(NORMAL      ) IterTimerHook                      
(VERY_LOW    ) CheckpointHook                     
 -------------------- 
before_train_epoch:
(VERY_HIGH   ) RuntimeInfoHook                    
(NORMAL      ) IterTimerHook                      
(NORMAL      ) DistSamplerSeedHook                
(NORMAL      ) PipelineSwitchHook                 
 -------------------- 
before_train_iter:
(VERY_HIGH   ) RuntimeInfoHook                    
(NORMAL      ) IterTimerHook                      
 -------------------- 
after_train_iter:
(VERY_HIGH   ) RuntimeInfoHook                    
(NORMAL      ) IterTimerHook                      
(BELOW_NORMAL) LoggerHook                         
(LOW         ) ParamSchedulerHook                 
(VERY_LOW    ) CheckpointHook                     
 -------------------- 
after_train_epoch:
(NORMAL      ) IterTimerHook                      
(LOW         ) ParamSchedulerHook                 
(VERY_LOW    ) CheckpointHook                     
 -------------------- 
before_val:
(VERY_HIGH   ) RuntimeInfoHook                    
 -------------------- 
before_val_epoch:
(NORMAL      ) IterTimerHook                      
 -------------------- 
before_val_iter:
(NORMAL      ) IterTimerHook                      
 -------------------- 
after_val_iter:
(NORMAL      ) IterTimerHook                      
(NORMAL      ) DetVisualizationHook               
(BELOW_NORMAL) LoggerHook                         
 -------------------- 
after_val_epoch:
(VERY_HIGH   ) RuntimeInfoHook                    
(NORMAL      ) IterTimerHook                      
(BELOW_NORMAL) LoggerHook                         
(LOW         ) ParamSchedulerHook                 
(VERY_LOW    ) CheckpointHook                     
 -------------------- 
after_val:
(VERY_HIGH   ) RuntimeInfoHook                    
 -------------------- 
after_train:
(VERY_HIGH   ) RuntimeInfoHook                    
(VERY_LOW    ) CheckpointHook                     
 -------------------- 
before_test:
(VERY_HIGH   ) RuntimeInfoHook                    
 -------------------- 
before_test_epoch:
(NORMAL      ) IterTimerHook                      
 -------------------- 
before_test_iter:
(NORMAL      ) IterTimerHook                      
 -------------------- 
after_test_iter:
(NORMAL      ) IterTimerHook                      
(NORMAL      ) DetVisualizationHook               
(BELOW_NORMAL) LoggerHook                         
 -------------------- 
after_test_epoch:
(VERY_HIGH   ) RuntimeInfoHook                    
(NORMAL      ) IterTimerHook                      
(BELOW_NORMAL) LoggerHook                         
 -------------------- 
after_test:
(VERY_HIGH   ) RuntimeInfoHook                    
 -------------------- 
after_run:
(BELOW_NORMAL) LoggerHook                         
 -------------------- 
loading annotations into memory...
loading annotations into memory...
Done (t=1.41s)
creating index...
Done (t=1.42s)
creating index...
Done (t=1.42s)
creating index...
index created!
index created!
index created!
loading annotations into memory...
Done (t=1.46s)
creating index...
index created!
/home/siyuan/anaconda3/envs/wedetect_official/lib/python3.10/site-packages/albumentations/core/composition.py:331: UserWarning: Got processor for bboxes, but no transform to process it.
  self._set_keys()
/home/siyuan/anaconda3/envs/wedetect_official/lib/python3.10/site-packages/albumentations/core/composition.py:331: UserWarning: Got processor for bboxes, but no transform to process it.
  self._set_keys()
/home/siyuan/anaconda3/envs/wedetect_official/lib/python3.10/site-packages/albumentations/core/composition.py:331: UserWarning: Got processor for bboxes, but no transform to process it.
  self._set_keys()
loading annotations into memory...
loading annotations into memory...
loading annotations into memory...
Done (t=0.40s)
creating index...
index created!
Done (t=0.39s)
creating index...
index created!
Done (t=0.40s)
creating index...
index created!
loading annotations into memory...
loading annotations into memory...
loading annotations into memory...
/home/siyuan/anaconda3/envs/wedetect_official/lib/python3.10/site-packages/albumentations/core/composition.py:331: UserWarning: Got processor for bboxes, but no transform to process it.
  self._set_keys()
06/18 12:07:17 - mmengine - INFO - paramwise_options -- backbone.image_model.model.downsample_layers.0.0.weight:num of params=6144
06/18 12:07:17 - mmengine - INFO - paramwise_options -- backbone.image_model.model.downsample_layers.0.0.bias:num of params=128
06/18 12:07:17 - mmengine - INFO - paramwise_options -- backbone.image_model.model.downsample_layers.0.1.weight:num of params=128
06/18 12:07:17 - mmengine - INFO - paramwise_options -- backbone.image_model.model.downsample_layers.0.1.bias:num of params=128
06/18 12:07:17 - mmengine - INFO - paramwise_options -- backbone.image_model.model.downsample_layers.1.0.weight:num of params=128
06/18 12:07:17 - mmengine - INFO - paramwise_options -- backbone.image_model.model.downsample_layers.1.0.bias:num of params=128
06/18 12:07:17 - mmengine - INFO - paramwise_options -- backbone.image_model.model.downsample_layers.1.1.weight:num of params=131072
06/18 12:07:17 - mmengine - INFO - paramwise_options -- backbone.image_model.model.downsample_layers.1.1.bias:num of params=256
06/18 12:07:17 - mmengine - INFO - paramwise_options -- backbone.image_model.model.downsample_layers.2.0.weight:num of params=256
06/18 12:07:17 - mmengine - INFO - paramwise_options -- backbone.image_model.model.downsample_layers.2.0.bias:num of params=256
06/18 12:07:17 - mmengine - INFO - paramwise_options -- backbone.image_model.model.downsample_layers.2.1.weight:num of params=524288
06/18 12:07:17 - mmengine - INFO - paramwise_options -- backbone.image_model.model.downsample_layers.2.1.bias:num of params=512
06/18 12:07:17 - mmengine - INFO - paramwise_options -- backbone.image_model.model.downsample_layers.3.0.weight:num of params=512
06/18 12:07:17 - mmengine - INFO - paramwise_options -- backbone.image_model.model.downsample_layers.3.0.bias:num of params=512
06/18 12:07:17 - mmengine - INFO - paramwise_options -- backbone.image_model.model.downsample_layers.3.1.weight:num of params=2097152
06/18 12:07:17 - mmengine - INFO - paramwise_options -- backbone.image_model.model.downsample_layers.3.1.bias:num of params=1024
06/18 12:07:17 - mmengine - INFO - paramwise_options -- backbone.image_model.model.stages.0.0.gamma:num of params=128
06/18 12:07:17 - mmengine - INFO - paramwise_options -- backbone.image_model.model.stages.0.0.dwconv.weight:num of params=6272
06/18 12:07:17 - mmengine - INFO - paramwise_options -- backbone.image_model.model.stages.0.0.dwconv.bias:num of params=128
06/18 12:07:17 - mmengine - INFO - paramwise_options -- backbone.image_model.model.stages.0.0.norm.weight:num of params=128
06/18 12:07:17 - mmengine - INFO - paramwise_options -- backbone.image_model.model.stages.0.0.norm.bias:num of params=128
06/18 12:07:17 - mmengine - INFO - paramwise_options -- backbone.image_model.model.stages.0.0.pwconv1.weight:num of params=65536
06/18 12:07:17 - mmengine - INFO - paramwise_options -- backbone.image_model.model.stages.0.0.pwconv1.bias:num of params=512
06/18 12:07:17 - mmengine - INFO - paramwise_options -- backbone.image_model.model.stages.0.0.pwconv2.weight:num of params=65536
06/18 12:07:17 - mmengine - INFO - paramwise_options -- backbone.image_model.model.stages.0.0.pwconv2.bias:num of params=128
06/18 12:07:17 - mmengine - INFO - paramwise_options -- backbone.image_model.model.stages.0.1.gamma:num of params=128
06/18 12:07:17 - mmengine - INFO - paramwise_options -- backbone.image_model.model.stages.0.1.dwconv.weight:num of params=6272
06/18 12:07:17 - mmengine - INFO - paramwise_options -- backbone.image_model.model.stages.0.1.dwconv.bias:num of params=128
06/18 12:07:17 - mmengine - INFO - paramwise_options -- backbone.image_model.model.stages.0.1.norm.weight:num of params=128
06/18 12:07:17 - mmengine - INFO - paramwise_options -- backbone.image_model.model.stages.0.1.norm.bias:num of params=128
06/18 12:07:17 - mmengine - INFO - paramwise_options -- backbone.image_model.model.stages.0.1.pwconv1.weight:num of params=65536
06/18 12:07:17 - mmengine - INFO - paramwise_options -- backbone.image_model.model.stages.0.1.pwconv1.bias:num of params=512
06/18 12:07:17 - mmengine - INFO - paramwise_options -- backbone.image_model.model.stages.0.1.pwconv2.weight:num of params=65536
06/18 12:07:17 - mmengine - INFO - paramwise_options -- backbone.image_model.model.stages.0.1.pwconv2.bias:num of params=128
06/18 12:07:17 - mmengine - INFO - paramwise_options -- backbone.image_model.model.stages.0.2.gamma:num of params=128
06/18 12:07:17 - mmengine - INFO - paramwise_options -- backbone.image_model.model.stages.0.2.dwconv.weight:num of params=6272
06/18 12:07:17 - mmengine - INFO - paramwise_options -- backbone.image_model.model.stages.0.2.dwconv.bias:num of params=128
06/18 12:07:17 - mmengine - INFO - paramwise_options -- backbone.image_model.model.stages.0.2.norm.weight:num of params=128
06/18 12:07:17 - mmengine - INFO - paramwise_options -- backbone.image_model.model.stages.0.2.norm.bias:num of params=128
06/18 12:07:17 - mmengine - INFO - paramwise_options -- backbone.image_model.model.stages.0.2.pwconv1.weight:num of params=65536
06/18 12:07:17 - mmengine - INFO - paramwise_options -- backbone.image_model.model.stages.0.2.pwconv1.bias:num of params=512
06/18 12:07:17 - mmengine - INFO - paramwise_options -- backbone.image_model.model.stages.0.2.pwconv2.weight:num of params=65536
06/18 12:07:17 - mmengine - INFO - paramwise_options -- backbone.image_model.model.stages.0.2.pwconv2.bias:num of params=128
06/18 12:07:17 - mmengine - INFO - paramwise_options -- backbone.image_model.model.stages.1.0.gamma:num of params=256
06/18 12:07:17 - mmengine - INFO - paramwise_options -- backbone.image_model.model.stages.1.0.dwconv.weight:num of params=12544
06/18 12:07:17 - mmengine - INFO - paramwise_options -- backbone.image_model.model.stages.1.0.dwconv.bias:num of params=256
06/18 12:07:17 - mmengine - INFO - paramwise_options -- backbone.image_model.model.stages.1.0.norm.weight:num of params=256
06/18 12:07:17 - mmengine - INFO - paramwise_options -- backbone.image_model.model.stages.1.0.norm.bias:num of params=256
06/18 12:07:17 - mmengine - INFO - paramwise_options -- backbone.image_model.model.stages.1.0.pwconv1.weight:num of params=262144
06/18 12:07:17 - mmengine - INFO - paramwise_options -- backbone.image_model.model.stages.1.0.pwconv1.bias:num of params=1024
06/18 12:07:17 - mmengine - INFO - paramwise_options -- backbone.image_model.model.stages.1.0.pwconv2.weight:num of params=262144
06/18 12:07:17 - mmengine - INFO - paramwise_options -- backbone.image_model.model.stages.1.0.pwconv2.bias:num of params=256
06/18 12:07:17 - mmengine - INFO - paramwise_options -- backbone.image_model.model.stages.1.1.gamma:num of params=256
06/18 12:07:17 - mmengine - INFO - paramwise_options -- backbone.image_model.model.stages.1.1.dwconv.weight:num of params=12544
06/18 12:07:17 - mmengine - INFO - paramwise_options -- backbone.image_model.model.stages.1.1.dwconv.bias:num of params=256
06/18 12:07:17 - mmengine - INFO - paramwise_options -- backbone.image_model.model.stages.1.1.norm.weight:num of params=256
06/18 12:07:17 - mmengine - INFO - paramwise_options -- backbone.image_model.model.stages.1.1.norm.bias:num of params=256
06/18 12:07:17 - mmengine - INFO - paramwise_options -- backbone.image_model.model.stages.1.1.pwconv1.weight:num of params=262144
06/18 12:07:17 - mmengine - INFO - paramwise_options -- backbone.image_model.model.stages.1.1.pwconv1.bias:num of params=1024
06/18 12:07:17 - mmengine - INFO - paramwise_options -- backbone.image_model.model.stages.1.1.pwconv2.weight:num of params=262144
06/18 12:07:17 - mmengine - INFO - paramwise_options -- backbone.image_model.model.stages.1.1.pwconv2.bias:num of params=256
06/18 12:07:17 - mmengine - INFO - paramwise_options -- backbone.image_model.model.stages.1.2.gamma:num of params=256
06/18 12:07:17 - mmengine - INFO - paramwise_options -- backbone.image_model.model.stages.1.2.dwconv.weight:num of params=12544
06/18 12:07:17 - mmengine - INFO - paramwise_options -- backbone.image_model.model.stages.1.2.dwconv.bias:num of params=256
06/18 12:07:17 - mmengine - INFO - paramwise_options -- backbone.image_model.model.stages.1.2.norm.weight:num of params=256
06/18 12:07:17 - mmengine - INFO - paramwise_options -- backbone.image_model.model.stages.1.2.norm.bias:num of params=256
06/18 12:07:17 - mmengine - INFO - paramwise_options -- backbone.image_model.model.stages.1.2.pwconv1.weight:num of params=262144
06/18 12:07:17 - mmengine - INFO - paramwise_options -- backbone.image_model.model.stages.1.2.pwconv1.bias:num of params=1024
06/18 12:07:17 - mmengine - INFO - paramwise_options -- backbone.image_model.model.stages.1.2.pwconv2.weight:num of params=262144
06/18 12:07:17 - mmengine - INFO - paramwise_options -- backbone.image_model.model.stages.1.2.pwconv2.bias:num of params=256
06/18 12:07:17 - mmengine - INFO - paramwise_options -- backbone.image_model.model.stages.2.0.gamma:num of params=512
06/18 12:07:17 - mmengine - INFO - paramwise_options -- backbone.image_model.model.stages.2.0.dwconv.weight:num of params=25088
06/18 12:07:17 - mmengine - INFO - paramwise_options -- backbone.image_model.model.stages.2.0.dwconv.bias:num of params=512
06/18 12:07:17 - mmengine - INFO - paramwise_options -- backbone.image_model.model.stages.2.0.norm.weight:num of params=512
06/18 12:07:17 - mmengine - INFO - paramwise_options -- backbone.image_model.model.stages.2.0.norm.bias:num of params=512
06/18 12:07:17 - mmengine - INFO - paramwise_options -- backbone.image_model.model.stages.2.0.pwconv1.weight:num of params=1048576
06/18 12:07:17 - mmengine - INFO - paramwise_options -- backbone.image_model.model.stages.2.0.pwconv1.bias:num of params=2048
06/18 12:07:17 - mmengine - INFO - paramwise_options -- backbone.image_model.model.stages.2.0.pwconv2.weight:num of params=1048576
06/18 12:07:17 - mmengine - INFO - paramwise_options -- backbone.image_model.model.stages.2.0.pwconv2.bias:num of params=512
06/18 12:07:17 - mmengine - INFO - paramwise_options -- backbone.image_model.model.stages.2.1.gamma:num of params=512
06/18 12:07:17 - mmengine - INFO - paramwise_options -- backbone.image_model.model.stages.2.1.dwconv.weight:num of params=25088
06/18 12:07:17 - mmengine - INFO - paramwise_options -- backbone.image_model.model.stages.2.1.dwconv.bias:num of params=512
06/18 12:07:17 - mmengine - INFO - paramwise_options -- backbone.image_model.model.stages.2.1.norm.weight:num of params=512
06/18 12:07:17 - mmengine - INFO - paramwise_options -- backbone.image_model.model.stages.2.1.norm.bias:num of params=512
06/18 12:07:17 - mmengine - INFO - paramwise_options -- backbone.image_model.model.stages.2.1.pwconv1.weight:num of params=1048576
06/18 12:07:17 - mmengine - INFO - paramwise_options -- backbone.image_model.model.stages.2.1.pwconv1.bias:num of params=2048
06/18 12:07:17 - mmengine - INFO - paramwise_options -- backbone.image_model.model.stages.2.1.pwconv2.weight:num of params=1048576
06/18 12:07:17 - mmengine - INFO - paramwise_options -- backbone.image_model.model.stages.2.1.pwconv2.bias:num of params=512
06/18 12:07:17 - mmengine - INFO - paramwise_options -- backbone.image_model.model.stages.2.2.gamma:num of params=512
06/18 12:07:17 - mmengine - INFO - paramwise_options -- backbone.image_model.model.stages.2.2.dwconv.weight:num of params=25088
06/18 12:07:17 - mmengine - INFO - paramwise_options -- backbone.image_model.model.stages.2.2.dwconv.bias:num of params=512
06/18 12:07:17 - mmengine - INFO - paramwise_options -- backbone.image_model.model.stages.2.2.norm.weight:num of params=512
06/18 12:07:17 - mmengine - INFO - paramwise_options -- backbone.image_model.model.stages.2.2.norm.bias:num of params=512
06/18 12:07:17 - mmengine - INFO - paramwise_options -- backbone.image_model.model.stages.2.2.pwconv1.weight:num of params=1048576
06/18 12:07:17 - mmengine - INFO - paramwise_options -- backbone.image_model.model.stages.2.2.pwconv1.bias:num of params=2048
06/18 12:07:17 - mmengine - INFO - paramwise_options -- backbone.image_model.model.stages.2.2.pwconv2.weight:num of params=1048576
06/18 12:07:17 - mmengine - INFO - paramwise_options -- backbone.image_model.model.stages.2.2.pwconv2.bias:num of params=512
06/18 12:07:17 - mmengine - INFO - paramwise_options -- backbone.image_model.model.stages.2.3.gamma:num of params=512
06/18 12:07:17 - mmengine - INFO - paramwise_options -- backbone.image_model.model.stages.2.3.dwconv.weight:num of params=25088
06/18 12:07:17 - mmengine - INFO - paramwise_options -- backbone.image_model.model.stages.2.3.dwconv.bias:num of params=512
06/18 12:07:17 - mmengine - INFO - paramwise_options -- backbone.image_model.model.stages.2.3.norm.weight:num of params=512
06/18 12:07:17 - mmengine - INFO - paramwise_options -- backbone.image_model.model.stages.2.3.norm.bias:num of params=512
06/18 12:07:17 - mmengine - INFO - paramwise_options -- backbone.image_model.model.stages.2.3.pwconv1.weight:num of params=1048576
06/18 12:07:17 - mmengine - INFO - paramwise_options -- backbone.image_model.model.stages.2.3.pwconv1.bias:num of params=2048
06/18 12:07:17 - mmengine - INFO - paramwise_options -- backbone.image_model.model.stages.2.3.pwconv2.weight:num of params=1048576
06/18 12:07:17 - mmengine - INFO - paramwise_options -- backbone.image_model.model.stages.2.3.pwconv2.bias:num of params=512
06/18 12:07:17 - mmengine - INFO - paramwise_options -- backbone.image_model.model.stages.2.4.gamma:num of params=512
06/18 12:07:17 - mmengine - INFO - paramwise_options -- backbone.image_model.model.stages.2.4.dwconv.weight:num of params=25088
06/18 12:07:17 - mmengine - INFO - paramwise_options -- backbone.image_model.model.stages.2.4.dwconv.bias:num of params=512
06/18 12:07:17 - mmengine - INFO - paramwise_options -- backbone.image_model.model.stages.2.4.norm.weight:num of params=512
06/18 12:07:17 - mmengine - INFO - paramwise_options -- backbone.image_model.model.stages.2.4.norm.bias:num of params=512
06/18 12:07:17 - mmengine - INFO - paramwise_options -- backbone.image_model.model.stages.2.4.pwconv1.weight:num of params=1048576
06/18 12:07:17 - mmengine - INFO - paramwise_options -- backbone.image_model.model.stages.2.4.pwconv1.bias:num of params=2048
06/18 12:07:17 - mmengine - INFO - paramwise_options -- backbone.image_model.model.stages.2.4.pwconv2.weight:num of params=1048576
06/18 12:07:17 - mmengine - INFO - paramwise_options -- backbone.image_model.model.stages.2.4.pwconv2.bias:num of params=512
06/18 12:07:17 - mmengine - INFO - paramwise_options -- backbone.image_model.model.stages.2.5.gamma:num of params=512
06/18 12:07:17 - mmengine - INFO - paramwise_options -- backbone.image_model.model.stages.2.5.dwconv.weight:num of params=25088
06/18 12:07:17 - mmengine - INFO - paramwise_options -- backbone.image_model.model.stages.2.5.dwconv.bias:num of params=512
06/18 12:07:17 - mmengine - INFO - paramwise_options -- backbone.image_model.model.stages.2.5.norm.weight:num of params=512
06/18 12:07:17 - mmengine - INFO - paramwise_options -- backbone.image_model.model.stages.2.5.norm.bias:num of params=512
06/18 12:07:17 - mmengine - INFO - paramwise_options -- backbone.image_model.model.stages.2.5.pwconv1.weight:num of params=1048576
06/18 12:07:17 - mmengine - INFO - paramwise_options -- backbone.image_model.model.stages.2.5.pwconv1.bias:num of params=2048
06/18 12:07:17 - mmengine - INFO - paramwise_options -- backbone.image_model.model.stages.2.5.pwconv2.weight:num of params=1048576
06/18 12:07:17 - mmengine - INFO - paramwise_options -- backbone.image_model.model.stages.2.5.pwconv2.bias:num of params=512
06/18 12:07:17 - mmengine - INFO - paramwise_options -- backbone.image_model.model.stages.2.6.gamma:num of params=512
06/18 12:07:17 - mmengine - INFO - paramwise_options -- backbone.image_model.model.stages.2.6.dwconv.weight:num of params=25088
06/18 12:07:17 - mmengine - INFO - paramwise_options -- backbone.image_model.model.stages.2.6.dwconv.bias:num of params=512
06/18 12:07:17 - mmengine - INFO - paramwise_options -- backbone.image_model.model.stages.2.6.norm.weight:num of params=512
06/18 12:07:17 - mmengine - INFO - paramwise_options -- backbone.image_model.model.stages.2.6.norm.bias:num of params=512
06/18 12:07:17 - mmengine - INFO - paramwise_options -- backbone.image_model.model.stages.2.6.pwconv1.weight:num of params=1048576
06/18 12:07:17 - mmengine - INFO - paramwise_options -- backbone.image_model.model.stages.2.6.pwconv1.bias:num of params=2048
06/18 12:07:17 - mmengine - INFO - paramwise_options -- backbone.image_model.model.stages.2.6.pwconv2.weight:num of params=1048576
06/18 12:07:17 - mmengine - INFO - paramwise_options -- backbone.image_model.model.stages.2.6.pwconv2.bias:num of params=512
06/18 12:07:17 - mmengine - INFO - paramwise_options -- backbone.image_model.model.stages.2.7.gamma:num of params=512
06/18 12:07:17 - mmengine - INFO - paramwise_options -- backbone.image_model.model.stages.2.7.dwconv.weight:num of params=25088
06/18 12:07:17 - mmengine - INFO - paramwise_options -- backbone.image_model.model.stages.2.7.dwconv.bias:num of params=512
06/18 12:07:17 - mmengine - INFO - paramwise_options -- backbone.image_model.model.stages.2.7.norm.weight:num of params=512
06/18 12:07:17 - mmengine - INFO - paramwise_options -- backbone.image_model.model.stages.2.7.norm.bias:num of params=512
06/18 12:07:17 - mmengine - INFO - paramwise_options -- backbone.image_model.model.stages.2.7.pwconv1.weight:num of params=1048576
06/18 12:07:17 - mmengine - INFO - paramwise_options -- backbone.image_model.model.stages.2.7.pwconv1.bias:num of params=2048
06/18 12:07:17 - mmengine - INFO - paramwise_options -- backbone.image_model.model.stages.2.7.pwconv2.weight:num of params=1048576
06/18 12:07:17 - mmengine - INFO - paramwise_options -- backbone.image_model.model.stages.2.7.pwconv2.bias:num of params=512
06/18 12:07:17 - mmengine - INFO - paramwise_options -- backbone.image_model.model.stages.2.8.gamma:num of params=512
06/18 12:07:17 - mmengine - INFO - paramwise_options -- backbone.image_model.model.stages.2.8.dwconv.weight:num of params=25088
06/18 12:07:17 - mmengine - INFO - paramwise_options -- backbone.image_model.model.stages.2.8.dwconv.bias:num of params=512
06/18 12:07:17 - mmengine - INFO - paramwise_options -- backbone.image_model.model.stages.2.8.norm.weight:num of params=512
06/18 12:07:17 - mmengine - INFO - paramwise_options -- backbone.image_model.model.stages.2.8.norm.bias:num of params=512
06/18 12:07:17 - mmengine - INFO - paramwise_options -- backbone.image_model.model.stages.2.8.pwconv1.weight:num of params=1048576
06/18 12:07:17 - mmengine - INFO - paramwise_options -- backbone.image_model.model.stages.2.8.pwconv1.bias:num of params=2048
06/18 12:07:17 - mmengine - INFO - paramwise_options -- backbone.image_model.model.stages.2.8.pwconv2.weight:num of params=1048576
06/18 12:07:17 - mmengine - INFO - paramwise_options -- backbone.image_model.model.stages.2.8.pwconv2.bias:num of params=512
06/18 12:07:17 - mmengine - INFO - paramwise_options -- backbone.image_model.model.stages.2.9.gamma:num of params=512
06/18 12:07:17 - mmengine - INFO - paramwise_options -- backbone.image_model.model.stages.2.9.dwconv.weight:num of params=25088
06/18 12:07:17 - mmengine - INFO - paramwise_options -- backbone.image_model.model.stages.2.9.dwconv.bias:num of params=512
06/18 12:07:17 - mmengine - INFO - paramwise_options -- backbone.image_model.model.stages.2.9.norm.weight:num of params=512
06/18 12:07:17 - mmengine - INFO - paramwise_options -- backbone.image_model.model.stages.2.9.norm.bias:num of params=512
06/18 12:07:17 - mmengine - INFO - paramwise_options -- backbone.image_model.model.stages.2.9.pwconv1.weight:num of params=1048576
06/18 12:07:17 - mmengine - INFO - paramwise_options -- backbone.image_model.model.stages.2.9.pwconv1.bias:num of params=2048
06/18 12:07:17 - mmengine - INFO - paramwise_options -- backbone.image_model.model.stages.2.9.pwconv2.weight:num of params=1048576
06/18 12:07:17 - mmengine - INFO - paramwise_options -- backbone.image_model.model.stages.2.9.pwconv2.bias:num of params=512
06/18 12:07:17 - mmengine - INFO - paramwise_options -- backbone.image_model.model.stages.2.10.gamma:num of params=512
06/18 12:07:17 - mmengine - INFO - paramwise_options -- backbone.image_model.model.stages.2.10.dwconv.weight:num of params=25088
06/18 12:07:17 - mmengine - INFO - paramwise_options -- backbone.image_model.model.stages.2.10.dwconv.bias:num of params=512
06/18 12:07:17 - mmengine - INFO - paramwise_options -- backbone.image_model.model.stages.2.10.norm.weight:num of params=512
06/18 12:07:17 - mmengine - INFO - paramwise_options -- backbone.image_model.model.stages.2.10.norm.bias:num of params=512
06/18 12:07:17 - mmengine - INFO - paramwise_options -- backbone.image_model.model.stages.2.10.pwconv1.weight:num of params=1048576
06/18 12:07:17 - mmengine - INFO - paramwise_options -- backbone.image_model.model.stages.2.10.pwconv1.bias:num of params=2048
06/18 12:07:17 - mmengine - INFO - paramwise_options -- backbone.image_model.model.stages.2.10.pwconv2.weight:num of params=1048576
06/18 12:07:17 - mmengine - INFO - paramwise_options -- backbone.image_model.model.stages.2.10.pwconv2.bias:num of params=512
06/18 12:07:17 - mmengine - INFO - paramwise_options -- backbone.image_model.model.stages.2.11.gamma:num of params=512
06/18 12:07:17 - mmengine - INFO - paramwise_options -- backbone.image_model.model.stages.2.11.dwconv.weight:num of params=25088
06/18 12:07:17 - mmengine - INFO - paramwise_options -- backbone.image_model.model.stages.2.11.dwconv.bias:num of params=512
06/18 12:07:17 - mmengine - INFO - paramwise_options -- backbone.image_model.model.stages.2.11.norm.weight:num of params=512
06/18 12:07:17 - mmengine - INFO - paramwise_options -- backbone.image_model.model.stages.2.11.norm.bias:num of params=512
06/18 12:07:17 - mmengine - INFO - paramwise_options -- backbone.image_model.model.stages.2.11.pwconv1.weight:num of params=1048576
06/18 12:07:17 - mmengine - INFO - paramwise_options -- backbone.image_model.model.stages.2.11.pwconv1.bias:num of params=2048
06/18 12:07:17 - mmengine - INFO - paramwise_options -- backbone.image_model.model.stages.2.11.pwconv2.weight:num of params=1048576
06/18 12:07:17 - mmengine - INFO - paramwise_options -- backbone.image_model.model.stages.2.11.pwconv2.bias:num of params=512
06/18 12:07:17 - mmengine - INFO - paramwise_options -- backbone.image_model.model.stages.2.12.gamma:num of params=512
06/18 12:07:17 - mmengine - INFO - paramwise_options -- backbone.image_model.model.stages.2.12.dwconv.weight:num of params=25088
06/18 12:07:17 - mmengine - INFO - paramwise_options -- backbone.image_model.model.stages.2.12.dwconv.bias:num of params=512
06/18 12:07:17 - mmengine - INFO - paramwise_options -- backbone.image_model.model.stages.2.12.norm.weight:num of params=512
06/18 12:07:17 - mmengine - INFO - paramwise_options -- backbone.image_model.model.stages.2.12.norm.bias:num of params=512
06/18 12:07:17 - mmengine - INFO - paramwise_options -- backbone.image_model.model.stages.2.12.pwconv1.weight:num of params=1048576
06/18 12:07:17 - mmengine - INFO - paramwise_options -- backbone.image_model.model.stages.2.12.pwconv1.bias:num of params=2048
06/18 12:07:17 - mmengine - INFO - paramwise_options -- backbone.image_model.model.stages.2.12.pwconv2.weight:num of params=1048576
06/18 12:07:17 - mmengine - INFO - paramwise_options -- backbone.image_model.model.stages.2.12.pwconv2.bias:num of params=512
06/18 12:07:17 - mmengine - INFO - paramwise_options -- backbone.image_model.model.stages.2.13.gamma:num of params=512
06/18 12:07:17 - mmengine - INFO - paramwise_options -- backbone.image_model.model.stages.2.13.dwconv.weight:num of params=25088
06/18 12:07:17 - mmengine - INFO - paramwise_options -- backbone.image_model.model.stages.2.13.dwconv.bias:num of params=512
06/18 12:07:17 - mmengine - INFO - paramwise_options -- backbone.image_model.model.stages.2.13.norm.weight:num of params=512
06/18 12:07:17 - mmengine - INFO - paramwise_options -- backbone.image_model.model.stages.2.13.norm.bias:num of params=512
06/18 12:07:17 - mmengine - INFO - paramwise_options -- backbone.image_model.model.stages.2.13.pwconv1.weight:num of params=1048576
06/18 12:07:17 - mmengine - INFO - paramwise_options -- backbone.image_model.model.stages.2.13.pwconv1.bias:num of params=2048
06/18 12:07:17 - mmengine - INFO - paramwise_options -- backbone.image_model.model.stages.2.13.pwconv2.weight:num of params=1048576
06/18 12:07:17 - mmengine - INFO - paramwise_options -- backbone.image_model.model.stages.2.13.pwconv2.bias:num of params=512
06/18 12:07:17 - mmengine - INFO - paramwise_options -- backbone.image_model.model.stages.2.14.gamma:num of params=512
06/18 12:07:17 - mmengine - INFO - paramwise_options -- backbone.image_model.model.stages.2.14.dwconv.weight:num of params=25088
06/18 12:07:17 - mmengine - INFO - paramwise_options -- backbone.image_model.model.stages.2.14.dwconv.bias:num of params=512
06/18 12:07:17 - mmengine - INFO - paramwise_options -- backbone.image_model.model.stages.2.14.norm.weight:num of params=512
06/18 12:07:17 - mmengine - INFO - paramwise_options -- backbone.image_model.model.stages.2.14.norm.bias:num of params=512
06/18 12:07:17 - mmengine - INFO - paramwise_options -- backbone.image_model.model.stages.2.14.pwconv1.weight:num of params=1048576
06/18 12:07:17 - mmengine - INFO - paramwise_options -- backbone.image_model.model.stages.2.14.pwconv1.bias:num of params=2048
06/18 12:07:17 - mmengine - INFO - paramwise_options -- backbone.image_model.model.stages.2.14.pwconv2.weight:num of params=1048576
06/18 12:07:17 - mmengine - INFO - paramwise_options -- backbone.image_model.model.stages.2.14.pwconv2.bias:num of params=512
06/18 12:07:17 - mmengine - INFO - paramwise_options -- backbone.image_model.model.stages.2.15.gamma:num of params=512
06/18 12:07:17 - mmengine - INFO - paramwise_options -- backbone.image_model.model.stages.2.15.dwconv.weight:num of params=25088
06/18 12:07:17 - mmengine - INFO - paramwise_options -- backbone.image_model.model.stages.2.15.dwconv.bias:num of params=512
06/18 12:07:17 - mmengine - INFO - paramwise_options -- backbone.image_model.model.stages.2.15.norm.weight:num of params=512
06/18 12:07:17 - mmengine - INFO - paramwise_options -- backbone.image_model.model.stages.2.15.norm.bias:num of params=512
06/18 12:07:17 - mmengine - INFO - paramwise_options -- backbone.image_model.model.stages.2.15.pwconv1.weight:num of params=1048576
06/18 12:07:17 - mmengine - INFO - paramwise_options -- backbone.image_model.model.stages.2.15.pwconv1.bias:num of params=2048
06/18 12:07:17 - mmengine - INFO - paramwise_options -- backbone.image_model.model.stages.2.15.pwconv2.weight:num of params=1048576
06/18 12:07:17 - mmengine - INFO - paramwise_options -- backbone.image_model.model.stages.2.15.pwconv2.bias:num of params=512
06/18 12:07:17 - mmengine - INFO - paramwise_options -- backbone.image_model.model.stages.2.16.gamma:num of params=512
06/18 12:07:17 - mmengine - INFO - paramwise_options -- backbone.image_model.model.stages.2.16.dwconv.weight:num of params=25088
06/18 12:07:17 - mmengine - INFO - paramwise_options -- backbone.image_model.model.stages.2.16.dwconv.bias:num of params=512
06/18 12:07:17 - mmengine - INFO - paramwise_options -- backbone.image_model.model.stages.2.16.norm.weight:num of params=512
06/18 12:07:17 - mmengine - INFO - paramwise_options -- backbone.image_model.model.stages.2.16.norm.bias:num of params=512
06/18 12:07:17 - mmengine - INFO - paramwise_options -- backbone.image_model.model.stages.2.16.pwconv1.weight:num of params=1048576
06/18 12:07:17 - mmengine - INFO - paramwise_options -- backbone.image_model.model.stages.2.16.pwconv1.bias:num of params=2048
06/18 12:07:17 - mmengine - INFO - paramwise_options -- backbone.image_model.model.stages.2.16.pwconv2.weight:num of params=1048576
06/18 12:07:17 - mmengine - INFO - paramwise_options -- backbone.image_model.model.stages.2.16.pwconv2.bias:num of params=512
06/18 12:07:17 - mmengine - INFO - paramwise_options -- backbone.image_model.model.stages.2.17.gamma:num of params=512
06/18 12:07:17 - mmengine - INFO - paramwise_options -- backbone.image_model.model.stages.2.17.dwconv.weight:num of params=25088
06/18 12:07:17 - mmengine - INFO - paramwise_options -- backbone.image_model.model.stages.2.17.dwconv.bias:num of params=512
06/18 12:07:17 - mmengine - INFO - paramwise_options -- backbone.image_model.model.stages.2.17.norm.weight:num of params=512
06/18 12:07:17 - mmengine - INFO - paramwise_options -- backbone.image_model.model.stages.2.17.norm.bias:num of params=512
06/18 12:07:17 - mmengine - INFO - paramwise_options -- backbone.image_model.model.stages.2.17.pwconv1.weight:num of params=1048576
06/18 12:07:17 - mmengine - INFO - paramwise_options -- backbone.image_model.model.stages.2.17.pwconv1.bias:num of params=2048
06/18 12:07:17 - mmengine - INFO - paramwise_options -- backbone.image_model.model.stages.2.17.pwconv2.weight:num of params=1048576
06/18 12:07:17 - mmengine - INFO - paramwise_options -- backbone.image_model.model.stages.2.17.pwconv2.bias:num of params=512
06/18 12:07:17 - mmengine - INFO - paramwise_options -- backbone.image_model.model.stages.2.18.gamma:num of params=512
06/18 12:07:17 - mmengine - INFO - paramwise_options -- backbone.image_model.model.stages.2.18.dwconv.weight:num of params=25088
06/18 12:07:17 - mmengine - INFO - paramwise_options -- backbone.image_model.model.stages.2.18.dwconv.bias:num of params=512
06/18 12:07:17 - mmengine - INFO - paramwise_options -- backbone.image_model.model.stages.2.18.norm.weight:num of params=512
06/18 12:07:17 - mmengine - INFO - paramwise_options -- backbone.image_model.model.stages.2.18.norm.bias:num of params=512
06/18 12:07:17 - mmengine - INFO - paramwise_options -- backbone.image_model.model.stages.2.18.pwconv1.weight:num of params=1048576
06/18 12:07:17 - mmengine - INFO - paramwise_options -- backbone.image_model.model.stages.2.18.pwconv1.bias:num of params=2048
06/18 12:07:17 - mmengine - INFO - paramwise_options -- backbone.image_model.model.stages.2.18.pwconv2.weight:num of params=1048576
06/18 12:07:17 - mmengine - INFO - paramwise_options -- backbone.image_model.model.stages.2.18.pwconv2.bias:num of params=512
06/18 12:07:17 - mmengine - INFO - paramwise_options -- backbone.image_model.model.stages.2.19.gamma:num of params=512
06/18 12:07:17 - mmengine - INFO - paramwise_options -- backbone.image_model.model.stages.2.19.dwconv.weight:num of params=25088
06/18 12:07:17 - mmengine - INFO - paramwise_options -- backbone.image_model.model.stages.2.19.dwconv.bias:num of params=512
06/18 12:07:17 - mmengine - INFO - paramwise_options -- backbone.image_model.model.stages.2.19.norm.weight:num of params=512
06/18 12:07:17 - mmengine - INFO - paramwise_options -- backbone.image_model.model.stages.2.19.norm.bias:num of params=512
06/18 12:07:17 - mmengine - INFO - paramwise_options -- backbone.image_model.model.stages.2.19.pwconv1.weight:num of params=1048576
06/18 12:07:17 - mmengine - INFO - paramwise_options -- backbone.image_model.model.stages.2.19.pwconv1.bias:num of params=2048
06/18 12:07:17 - mmengine - INFO - paramwise_options -- backbone.image_model.model.stages.2.19.pwconv2.weight:num of params=1048576
06/18 12:07:17 - mmengine - INFO - paramwise_options -- backbone.image_model.model.stages.2.19.pwconv2.bias:num of params=512
06/18 12:07:17 - mmengine - INFO - paramwise_options -- backbone.image_model.model.stages.2.20.gamma:num of params=512
06/18 12:07:17 - mmengine - INFO - paramwise_options -- backbone.image_model.model.stages.2.20.dwconv.weight:num of params=25088
06/18 12:07:17 - mmengine - INFO - paramwise_options -- backbone.image_model.model.stages.2.20.dwconv.bias:num of params=512
06/18 12:07:17 - mmengine - INFO - paramwise_options -- backbone.image_model.model.stages.2.20.norm.weight:num of params=512
06/18 12:07:17 - mmengine - INFO - paramwise_options -- backbone.image_model.model.stages.2.20.norm.bias:num of params=512
06/18 12:07:17 - mmengine - INFO - paramwise_options -- backbone.image_model.model.stages.2.20.pwconv1.weight:num of params=1048576
06/18 12:07:17 - mmengine - INFO - paramwise_options -- backbone.image_model.model.stages.2.20.pwconv1.bias:num of params=2048
06/18 12:07:17 - mmengine - INFO - paramwise_options -- backbone.image_model.model.stages.2.20.pwconv2.weight:num of params=1048576
06/18 12:07:17 - mmengine - INFO - paramwise_options -- backbone.image_model.model.stages.2.20.pwconv2.bias:num of params=512
06/18 12:07:17 - mmengine - INFO - paramwise_options -- backbone.image_model.model.stages.2.21.gamma:num of params=512
06/18 12:07:17 - mmengine - INFO - paramwise_options -- backbone.image_model.model.stages.2.21.dwconv.weight:num of params=25088
06/18 12:07:17 - mmengine - INFO - paramwise_options -- backbone.image_model.model.stages.2.21.dwconv.bias:num of params=512
06/18 12:07:17 - mmengine - INFO - paramwise_options -- backbone.image_model.model.stages.2.21.norm.weight:num of params=512
06/18 12:07:17 - mmengine - INFO - paramwise_options -- backbone.image_model.model.stages.2.21.norm.bias:num of params=512
06/18 12:07:17 - mmengine - INFO - paramwise_options -- backbone.image_model.model.stages.2.21.pwconv1.weight:num of params=1048576
06/18 12:07:17 - mmengine - INFO - paramwise_options -- backbone.image_model.model.stages.2.21.pwconv1.bias:num of params=2048
06/18 12:07:17 - mmengine - INFO - paramwise_options -- backbone.image_model.model.stages.2.21.pwconv2.weight:num of params=1048576
06/18 12:07:17 - mmengine - INFO - paramwise_options -- backbone.image_model.model.stages.2.21.pwconv2.bias:num of params=512
06/18 12:07:17 - mmengine - INFO - paramwise_options -- backbone.image_model.model.stages.2.22.gamma:num of params=512
06/18 12:07:17 - mmengine - INFO - paramwise_options -- backbone.image_model.model.stages.2.22.dwconv.weight:num of params=25088
06/18 12:07:17 - mmengine - INFO - paramwise_options -- backbone.image_model.model.stages.2.22.dwconv.bias:num of params=512
06/18 12:07:17 - mmengine - INFO - paramwise_options -- backbone.image_model.model.stages.2.22.norm.weight:num of params=512
06/18 12:07:17 - mmengine - INFO - paramwise_options -- backbone.image_model.model.stages.2.22.norm.bias:num of params=512
06/18 12:07:17 - mmengine - INFO - paramwise_options -- backbone.image_model.model.stages.2.22.pwconv1.weight:num of params=1048576
06/18 12:07:17 - mmengine - INFO - paramwise_options -- backbone.image_model.model.stages.2.22.pwconv1.bias:num of params=2048
06/18 12:07:17 - mmengine - INFO - paramwise_options -- backbone.image_model.model.stages.2.22.pwconv2.weight:num of params=1048576
06/18 12:07:17 - mmengine - INFO - paramwise_options -- backbone.image_model.model.stages.2.22.pwconv2.bias:num of params=512
06/18 12:07:17 - mmengine - INFO - paramwise_options -- backbone.image_model.model.stages.2.23.gamma:num of params=512
06/18 12:07:17 - mmengine - INFO - paramwise_options -- backbone.image_model.model.stages.2.23.dwconv.weight:num of params=25088
06/18 12:07:17 - mmengine - INFO - paramwise_options -- backbone.image_model.model.stages.2.23.dwconv.bias:num of params=512
06/18 12:07:17 - mmengine - INFO - paramwise_options -- backbone.image_model.model.stages.2.23.norm.weight:num of params=512
06/18 12:07:17 - mmengine - INFO - paramwise_options -- backbone.image_model.model.stages.2.23.norm.bias:num of params=512
06/18 12:07:17 - mmengine - INFO - paramwise_options -- backbone.image_model.model.stages.2.23.pwconv1.weight:num of params=1048576
06/18 12:07:17 - mmengine - INFO - paramwise_options -- backbone.image_model.model.stages.2.23.pwconv1.bias:num of params=2048
06/18 12:07:17 - mmengine - INFO - paramwise_options -- backbone.image_model.model.stages.2.23.pwconv2.weight:num of params=1048576
06/18 12:07:17 - mmengine - INFO - paramwise_options -- backbone.image_model.model.stages.2.23.pwconv2.bias:num of params=512
06/18 12:07:17 - mmengine - INFO - paramwise_options -- backbone.image_model.model.stages.2.24.gamma:num of params=512
06/18 12:07:17 - mmengine - INFO - paramwise_options -- backbone.image_model.model.stages.2.24.dwconv.weight:num of params=25088
06/18 12:07:17 - mmengine - INFO - paramwise_options -- backbone.image_model.model.stages.2.24.dwconv.bias:num of params=512
06/18 12:07:17 - mmengine - INFO - paramwise_options -- backbone.image_model.model.stages.2.24.norm.weight:num of params=512
06/18 12:07:17 - mmengine - INFO - paramwise_options -- backbone.image_model.model.stages.2.24.norm.bias:num of params=512
06/18 12:07:17 - mmengine - INFO - paramwise_options -- backbone.image_model.model.stages.2.24.pwconv1.weight:num of params=1048576
06/18 12:07:17 - mmengine - INFO - paramwise_options -- backbone.image_model.model.stages.2.24.pwconv1.bias:num of params=2048
06/18 12:07:17 - mmengine - INFO - paramwise_options -- backbone.image_model.model.stages.2.24.pwconv2.weight:num of params=1048576
06/18 12:07:17 - mmengine - INFO - paramwise_options -- backbone.image_model.model.stages.2.24.pwconv2.bias:num of params=512
06/18 12:07:17 - mmengine - INFO - paramwise_options -- backbone.image_model.model.stages.2.25.gamma:num of params=512
06/18 12:07:17 - mmengine - INFO - paramwise_options -- backbone.image_model.model.stages.2.25.dwconv.weight:num of params=25088
06/18 12:07:17 - mmengine - INFO - paramwise_options -- backbone.image_model.model.stages.2.25.dwconv.bias:num of params=512
06/18 12:07:17 - mmengine - INFO - paramwise_options -- backbone.image_model.model.stages.2.25.norm.weight:num of params=512
06/18 12:07:17 - mmengine - INFO - paramwise_options -- backbone.image_model.model.stages.2.25.norm.bias:num of params=512
06/18 12:07:17 - mmengine - INFO - paramwise_options -- backbone.image_model.model.stages.2.25.pwconv1.weight:num of params=1048576
06/18 12:07:17 - mmengine - INFO - paramwise_options -- backbone.image_model.model.stages.2.25.pwconv1.bias:num of params=2048
06/18 12:07:17 - mmengine - INFO - paramwise_options -- backbone.image_model.model.stages.2.25.pwconv2.weight:num of params=1048576
06/18 12:07:17 - mmengine - INFO - paramwise_options -- backbone.image_model.model.stages.2.25.pwconv2.bias:num of params=512
06/18 12:07:17 - mmengine - INFO - paramwise_options -- backbone.image_model.model.stages.2.26.gamma:num of params=512
06/18 12:07:17 - mmengine - INFO - paramwise_options -- backbone.image_model.model.stages.2.26.dwconv.weight:num of params=25088
06/18 12:07:17 - mmengine - INFO - paramwise_options -- backbone.image_model.model.stages.2.26.dwconv.bias:num of params=512
06/18 12:07:17 - mmengine - INFO - paramwise_options -- backbone.image_model.model.stages.2.26.norm.weight:num of params=512
06/18 12:07:17 - mmengine - INFO - paramwise_options -- backbone.image_model.model.stages.2.26.norm.bias:num of params=512
06/18 12:07:17 - mmengine - INFO - paramwise_options -- backbone.image_model.model.stages.2.26.pwconv1.weight:num of params=1048576
06/18 12:07:17 - mmengine - INFO - paramwise_options -- backbone.image_model.model.stages.2.26.pwconv1.bias:num of params=2048
06/18 12:07:17 - mmengine - INFO - paramwise_options -- backbone.image_model.model.stages.2.26.pwconv2.weight:num of params=1048576
06/18 12:07:17 - mmengine - INFO - paramwise_options -- backbone.image_model.model.stages.2.26.pwconv2.bias:num of params=512
06/18 12:07:17 - mmengine - INFO - paramwise_options -- backbone.image_model.model.stages.3.0.gamma:num of params=1024
06/18 12:07:17 - mmengine - INFO - paramwise_options -- backbone.image_model.model.stages.3.0.dwconv.weight:num of params=50176
06/18 12:07:17 - mmengine - INFO - paramwise_options -- backbone.image_model.model.stages.3.0.dwconv.bias:num of params=1024
06/18 12:07:17 - mmengine - INFO - paramwise_options -- backbone.image_model.model.stages.3.0.norm.weight:num of params=1024
06/18 12:07:17 - mmengine - INFO - paramwise_options -- backbone.image_model.model.stages.3.0.norm.bias:num of params=1024
06/18 12:07:17 - mmengine - INFO - paramwise_options -- backbone.image_model.model.stages.3.0.pwconv1.weight:num of params=4194304
06/18 12:07:17 - mmengine - INFO - paramwise_options -- backbone.image_model.model.stages.3.0.pwconv1.bias:num of params=4096
06/18 12:07:17 - mmengine - INFO - paramwise_options -- backbone.image_model.model.stages.3.0.pwconv2.weight:num of params=4194304
06/18 12:07:17 - mmengine - INFO - paramwise_options -- backbone.image_model.model.stages.3.0.pwconv2.bias:num of params=1024
06/18 12:07:17 - mmengine - INFO - paramwise_options -- backbone.image_model.model.stages.3.1.gamma:num of params=1024
06/18 12:07:17 - mmengine - INFO - paramwise_options -- backbone.image_model.model.stages.3.1.dwconv.weight:num of params=50176
06/18 12:07:17 - mmengine - INFO - paramwise_options -- backbone.image_model.model.stages.3.1.dwconv.bias:num of params=1024
06/18 12:07:17 - mmengine - INFO - paramwise_options -- backbone.image_model.model.stages.3.1.norm.weight:num of params=1024
06/18 12:07:17 - mmengine - INFO - paramwise_options -- backbone.image_model.model.stages.3.1.norm.bias:num of params=1024
06/18 12:07:17 - mmengine - INFO - paramwise_options -- backbone.image_model.model.stages.3.1.pwconv1.weight:num of params=4194304
06/18 12:07:17 - mmengine - INFO - paramwise_options -- backbone.image_model.model.stages.3.1.pwconv1.bias:num of params=4096
06/18 12:07:17 - mmengine - INFO - paramwise_options -- backbone.image_model.model.stages.3.1.pwconv2.weight:num of params=4194304
06/18 12:07:17 - mmengine - INFO - paramwise_options -- backbone.image_model.model.stages.3.1.pwconv2.bias:num of params=1024
06/18 12:07:17 - mmengine - INFO - paramwise_options -- backbone.image_model.model.stages.3.2.gamma:num of params=1024
06/18 12:07:17 - mmengine - INFO - paramwise_options -- backbone.image_model.model.stages.3.2.dwconv.weight:num of params=50176
06/18 12:07:17 - mmengine - INFO - paramwise_options -- backbone.image_model.model.stages.3.2.dwconv.bias:num of params=1024
06/18 12:07:17 - mmengine - INFO - paramwise_options -- backbone.image_model.model.stages.3.2.norm.weight:num of params=1024
06/18 12:07:17 - mmengine - INFO - paramwise_options -- backbone.image_model.model.stages.3.2.norm.bias:num of params=1024
06/18 12:07:17 - mmengine - INFO - paramwise_options -- backbone.image_model.model.stages.3.2.pwconv1.weight:num of params=4194304
06/18 12:07:17 - mmengine - INFO - paramwise_options -- backbone.image_model.model.stages.3.2.pwconv1.bias:num of params=4096
06/18 12:07:17 - mmengine - INFO - paramwise_options -- backbone.image_model.model.stages.3.2.pwconv2.weight:num of params=4194304
06/18 12:07:17 - mmengine - INFO - paramwise_options -- backbone.image_model.model.stages.3.2.pwconv2.bias:num of params=1024
06/18 12:07:17 - mmengine - INFO - paramwise_options -- backbone.image_model.model.norm.weight:num of params=1024
06/18 12:07:17 - mmengine - INFO - paramwise_options -- backbone.image_model.model.norm.bias:num of params=1024
06/18 12:07:17 - mmengine - INFO - paramwise_options -- backbone.image_model.model.head.weight:num of params=1024000
06/18 12:07:17 - mmengine - INFO - paramwise_options -- backbone.image_model.model.head.bias:num of params=1000
06/18 12:07:17 - mmengine - INFO - paramwise_options -- backbone.text_model.model.embeddings.word_embeddings.weight:num of params=23440896
06/18 12:07:17 - mmengine - INFO - paramwise_options -- backbone.text_model.model.embeddings.word_embeddings.weight:lr=2.0000000000000003e-06
06/18 12:07:17 - mmengine - INFO - paramwise_options -- backbone.text_model.model.embeddings.word_embeddings.weight:weight_decay=0.05
06/18 12:07:17 - mmengine - INFO - paramwise_options -- backbone.text_model.model.embeddings.word_embeddings.weight:lr_mult=0.1
06/18 12:07:17 - mmengine - INFO - paramwise_options -- backbone.text_model.model.embeddings.position_embeddings.weight:num of params=393216
06/18 12:07:17 - mmengine - INFO - paramwise_options -- backbone.text_model.model.embeddings.position_embeddings.weight:lr=2.0000000000000003e-06
06/18 12:07:17 - mmengine - INFO - paramwise_options -- backbone.text_model.model.embeddings.position_embeddings.weight:weight_decay=0.05
06/18 12:07:17 - mmengine - INFO - paramwise_options -- backbone.text_model.model.embeddings.position_embeddings.weight:lr_mult=0.1
06/18 12:07:17 - mmengine - INFO - paramwise_options -- backbone.text_model.model.embeddings.token_type_embeddings.weight:num of params=1536
06/18 12:07:17 - mmengine - INFO - paramwise_options -- backbone.text_model.model.embeddings.token_type_embeddings.weight:lr=2.0000000000000003e-06
06/18 12:07:17 - mmengine - INFO - paramwise_options -- backbone.text_model.model.embeddings.token_type_embeddings.weight:weight_decay=0.05
06/18 12:07:17 - mmengine - INFO - paramwise_options -- backbone.text_model.model.embeddings.token_type_embeddings.weight:lr_mult=0.1
06/18 12:07:17 - mmengine - INFO - paramwise_options -- backbone.text_model.model.embeddings.LayerNorm.weight:num of params=768
06/18 12:07:17 - mmengine - INFO - paramwise_options -- backbone.text_model.model.embeddings.LayerNorm.weight:lr=2.0000000000000003e-06
06/18 12:07:17 - mmengine - INFO - paramwise_options -- backbone.text_model.model.embeddings.LayerNorm.weight:weight_decay=0.05
06/18 12:07:17 - mmengine - INFO - paramwise_options -- backbone.text_model.model.embeddings.LayerNorm.weight:lr_mult=0.1
06/18 12:07:17 - mmengine - INFO - paramwise_options -- backbone.text_model.model.embeddings.LayerNorm.bias:num of params=768
06/18 12:07:17 - mmengine - INFO - paramwise_options -- backbone.text_model.model.embeddings.LayerNorm.bias:lr=2.0000000000000003e-06
06/18 12:07:17 - mmengine - INFO - paramwise_options -- backbone.text_model.model.embeddings.LayerNorm.bias:weight_decay=0.05
06/18 12:07:17 - mmengine - INFO - paramwise_options -- backbone.text_model.model.embeddings.LayerNorm.bias:lr_mult=0.1
06/18 12:07:17 - mmengine - INFO - paramwise_options -- backbone.text_model.model.encoder.layer.0.attention.self.query.weight:num of params=589824
06/18 12:07:17 - mmengine - INFO - paramwise_options -- backbone.text_model.model.encoder.layer.0.attention.self.query.weight:lr=2.0000000000000003e-06
06/18 12:07:17 - mmengine - INFO - paramwise_options -- backbone.text_model.model.encoder.layer.0.attention.self.query.weight:weight_decay=0.05
06/18 12:07:17 - mmengine - INFO - paramwise_options -- backbone.text_model.model.encoder.layer.0.attention.self.query.weight:lr_mult=0.1
06/18 12:07:17 - mmengine - INFO - paramwise_options -- backbone.text_model.model.encoder.layer.0.attention.self.query.bias:num of params=768
06/18 12:07:17 - mmengine - INFO - paramwise_options -- backbone.text_model.model.encoder.layer.0.attention.self.query.bias:lr=2.0000000000000003e-06
06/18 12:07:17 - mmengine - INFO - paramwise_options -- backbone.text_model.model.encoder.layer.0.attention.self.query.bias:weight_decay=0.05
06/18 12:07:17 - mmengine - INFO - paramwise_options -- backbone.text_model.model.encoder.layer.0.attention.self.query.bias:lr_mult=0.1
06/18 12:07:17 - mmengine - INFO - paramwise_options -- backbone.text_model.model.encoder.layer.0.attention.self.key.weight:num of params=589824
06/18 12:07:17 - mmengine - INFO - paramwise_options -- backbone.text_model.model.encoder.layer.0.attention.self.key.weight:lr=2.0000000000000003e-06
06/18 12:07:17 - mmengine - INFO - paramwise_options -- backbone.text_model.model.encoder.layer.0.attention.self.key.weight:weight_decay=0.05
06/18 12:07:17 - mmengine - INFO - paramwise_options -- backbone.text_model.model.encoder.layer.0.attention.self.key.weight:lr_mult=0.1
06/18 12:07:17 - mmengine - INFO - paramwise_options -- backbone.text_model.model.encoder.layer.0.attention.self.key.bias:num of params=768
06/18 12:07:17 - mmengine - INFO - paramwise_options -- backbone.text_model.model.encoder.layer.0.attention.self.key.bias:lr=2.0000000000000003e-06
06/18 12:07:17 - mmengine - INFO - paramwise_options -- backbone.text_model.model.encoder.layer.0.attention.self.key.bias:weight_decay=0.05
06/18 12:07:17 - mmengine - INFO - paramwise_options -- backbone.text_model.model.encoder.layer.0.attention.self.key.bias:lr_mult=0.1
06/18 12:07:17 - mmengine - INFO - paramwise_options -- backbone.text_model.model.encoder.layer.0.attention.self.value.weight:num of params=589824
06/18 12:07:17 - mmengine - INFO - paramwise_options -- backbone.text_model.model.encoder.layer.0.attention.self.value.weight:lr=2.0000000000000003e-06
06/18 12:07:17 - mmengine - INFO - paramwise_options -- backbone.text_model.model.encoder.layer.0.attention.self.value.weight:weight_decay=0.05
06/18 12:07:17 - mmengine - INFO - paramwise_options -- backbone.text_model.model.encoder.layer.0.attention.self.value.weight:lr_mult=0.1
06/18 12:07:17 - mmengine - INFO - paramwise_options -- backbone.text_model.model.encoder.layer.0.attention.self.value.bias:num of params=768
06/18 12:07:17 - mmengine - INFO - paramwise_options -- backbone.text_model.model.encoder.layer.0.attention.self.value.bias:lr=2.0000000000000003e-06
06/18 12:07:17 - mmengine - INFO - paramwise_options -- backbone.text_model.model.encoder.layer.0.attention.self.value.bias:weight_decay=0.05
06/18 12:07:17 - mmengine - INFO - paramwise_options -- backbone.text_model.model.encoder.layer.0.attention.self.value.bias:lr_mult=0.1
06/18 12:07:17 - mmengine - INFO - paramwise_options -- backbone.text_model.model.encoder.layer.0.attention.output.dense.weight:num of params=589824
06/18 12:07:17 - mmengine - INFO - paramwise_options -- backbone.text_model.model.encoder.layer.0.attention.output.dense.weight:lr=2.0000000000000003e-06
06/18 12:07:17 - mmengine - INFO - paramwise_options -- backbone.text_model.model.encoder.layer.0.attention.output.dense.weight:weight_decay=0.05
06/18 12:07:17 - mmengine - INFO - paramwise_options -- backbone.text_model.model.encoder.layer.0.attention.output.dense.weight:lr_mult=0.1
06/18 12:07:17 - mmengine - INFO - paramwise_options -- backbone.text_model.model.encoder.layer.0.attention.output.dense.bias:num of params=768
06/18 12:07:17 - mmengine - INFO - paramwise_options -- backbone.text_model.model.encoder.layer.0.attention.output.dense.bias:lr=2.0000000000000003e-06
06/18 12:07:17 - mmengine - INFO - paramwise_options -- backbone.text_model.model.encoder.layer.0.attention.output.dense.bias:weight_decay=0.05
06/18 12:07:17 - mmengine - INFO - paramwise_options -- backbone.text_model.model.encoder.layer.0.attention.output.dense.bias:lr_mult=0.1
06/18 12:07:17 - mmengine - INFO - paramwise_options -- backbone.text_model.model.encoder.layer.0.attention.output.LayerNorm.weight:num of params=768
06/18 12:07:17 - mmengine - INFO - paramwise_options -- backbone.text_model.model.encoder.layer.0.attention.output.LayerNorm.weight:lr=2.0000000000000003e-06
06/18 12:07:17 - mmengine - INFO - paramwise_options -- backbone.text_model.model.encoder.layer.0.attention.output.LayerNorm.weight:weight_decay=0.05
06/18 12:07:17 - mmengine - INFO - paramwise_options -- backbone.text_model.model.encoder.layer.0.attention.output.LayerNorm.weight:lr_mult=0.1
06/18 12:07:17 - mmengine - INFO - paramwise_options -- backbone.text_model.model.encoder.layer.0.attention.output.LayerNorm.bias:num of params=768
06/18 12:07:17 - mmengine - INFO - paramwise_options -- backbone.text_model.model.encoder.layer.0.attention.output.LayerNorm.bias:lr=2.0000000000000003e-06
06/18 12:07:17 - mmengine - INFO - paramwise_options -- backbone.text_model.model.encoder.layer.0.attention.output.LayerNorm.bias:weight_decay=0.05
06/18 12:07:17 - mmengine - INFO - paramwise_options -- backbone.text_model.model.encoder.layer.0.attention.output.LayerNorm.bias:lr_mult=0.1
06/18 12:07:17 - mmengine - INFO - paramwise_options -- backbone.text_model.model.encoder.layer.0.intermediate.dense.weight:num of params=2359296
06/18 12:07:17 - mmengine - INFO - paramwise_options -- backbone.text_model.model.encoder.layer.0.intermediate.dense.weight:lr=2.0000000000000003e-06
06/18 12:07:17 - mmengine - INFO - paramwise_options -- backbone.text_model.model.encoder.layer.0.intermediate.dense.weight:weight_decay=0.05
06/18 12:07:17 - mmengine - INFO - paramwise_options -- backbone.text_model.model.encoder.layer.0.intermediate.dense.weight:lr_mult=0.1
06/18 12:07:17 - mmengine - INFO - paramwise_options -- backbone.text_model.model.encoder.layer.0.intermediate.dense.bias:num of params=3072
06/18 12:07:17 - mmengine - INFO - paramwise_options -- backbone.text_model.model.encoder.layer.0.intermediate.dense.bias:lr=2.0000000000000003e-06
06/18 12:07:17 - mmengine - INFO - paramwise_options -- backbone.text_model.model.encoder.layer.0.intermediate.dense.bias:weight_decay=0.05
06/18 12:07:17 - mmengine - INFO - paramwise_options -- backbone.text_model.model.encoder.layer.0.intermediate.dense.bias:lr_mult=0.1
06/18 12:07:17 - mmengine - INFO - paramwise_options -- backbone.text_model.model.encoder.layer.0.output.dense.weight:num of params=2359296
06/18 12:07:17 - mmengine - INFO - paramwise_options -- backbone.text_model.model.encoder.layer.0.output.dense.weight:lr=2.0000000000000003e-06
06/18 12:07:17 - mmengine - INFO - paramwise_options -- backbone.text_model.model.encoder.layer.0.output.dense.weight:weight_decay=0.05
06/18 12:07:17 - mmengine - INFO - paramwise_options -- backbone.text_model.model.encoder.layer.0.output.dense.weight:lr_mult=0.1
06/18 12:07:17 - mmengine - INFO - paramwise_options -- backbone.text_model.model.encoder.layer.0.output.dense.bias:num of params=768
06/18 12:07:17 - mmengine - INFO - paramwise_options -- backbone.text_model.model.encoder.layer.0.output.dense.bias:lr=2.0000000000000003e-06
06/18 12:07:17 - mmengine - INFO - paramwise_options -- backbone.text_model.model.encoder.layer.0.output.dense.bias:weight_decay=0.05
06/18 12:07:17 - mmengine - INFO - paramwise_options -- backbone.text_model.model.encoder.layer.0.output.dense.bias:lr_mult=0.1
06/18 12:07:17 - mmengine - INFO - paramwise_options -- backbone.text_model.model.encoder.layer.0.output.LayerNorm.weight:num of params=768
06/18 12:07:17 - mmengine - INFO - paramwise_options -- backbone.text_model.model.encoder.layer.0.output.LayerNorm.weight:lr=2.0000000000000003e-06
06/18 12:07:17 - mmengine - INFO - paramwise_options -- backbone.text_model.model.encoder.layer.0.output.LayerNorm.weight:weight_decay=0.05
06/18 12:07:17 - mmengine - INFO - paramwise_options -- backbone.text_model.model.encoder.layer.0.output.LayerNorm.weight:lr_mult=0.1
06/18 12:07:17 - mmengine - INFO - paramwise_options -- backbone.text_model.model.encoder.layer.0.output.LayerNorm.bias:num of params=768
06/18 12:07:17 - mmengine - INFO - paramwise_options -- backbone.text_model.model.encoder.layer.0.output.LayerNorm.bias:lr=2.0000000000000003e-06
06/18 12:07:17 - mmengine - INFO - paramwise_options -- backbone.text_model.model.encoder.layer.0.output.LayerNorm.bias:weight_decay=0.05
06/18 12:07:17 - mmengine - INFO - paramwise_options -- backbone.text_model.model.encoder.layer.0.output.LayerNorm.bias:lr_mult=0.1
06/18 12:07:17 - mmengine - INFO - paramwise_options -- backbone.text_model.model.encoder.layer.1.attention.self.query.weight:num of params=589824
06/18 12:07:17 - mmengine - INFO - paramwise_options -- backbone.text_model.model.encoder.layer.1.attention.self.query.weight:lr=2.0000000000000003e-06
06/18 12:07:17 - mmengine - INFO - paramwise_options -- backbone.text_model.model.encoder.layer.1.attention.self.query.weight:weight_decay=0.05
06/18 12:07:17 - mmengine - INFO - paramwise_options -- backbone.text_model.model.encoder.layer.1.attention.self.query.weight:lr_mult=0.1
06/18 12:07:17 - mmengine - INFO - paramwise_options -- backbone.text_model.model.encoder.layer.1.attention.self.query.bias:num of params=768
06/18 12:07:17 - mmengine - INFO - paramwise_options -- backbone.text_model.model.encoder.layer.1.attention.self.query.bias:lr=2.0000000000000003e-06
06/18 12:07:17 - mmengine - INFO - paramwise_options -- backbone.text_model.model.encoder.layer.1.attention.self.query.bias:weight_decay=0.05
06/18 12:07:17 - mmengine - INFO - paramwise_options -- backbone.text_model.model.encoder.layer.1.attention.self.query.bias:lr_mult=0.1
06/18 12:07:17 - mmengine - INFO - paramwise_options -- backbone.text_model.model.encoder.layer.1.attention.self.key.weight:num of params=589824
06/18 12:07:17 - mmengine - INFO - paramwise_options -- backbone.text_model.model.encoder.layer.1.attention.self.key.weight:lr=2.0000000000000003e-06
06/18 12:07:17 - mmengine - INFO - paramwise_options -- backbone.text_model.model.encoder.layer.1.attention.self.key.weight:weight_decay=0.05
06/18 12:07:17 - mmengine - INFO - paramwise_options -- backbone.text_model.model.encoder.layer.1.attention.self.key.weight:lr_mult=0.1
06/18 12:07:17 - mmengine - INFO - paramwise_options -- backbone.text_model.model.encoder.layer.1.attention.self.key.bias:num of params=768
06/18 12:07:17 - mmengine - INFO - paramwise_options -- backbone.text_model.model.encoder.layer.1.attention.self.key.bias:lr=2.0000000000000003e-06
06/18 12:07:17 - mmengine - INFO - paramwise_options -- backbone.text_model.model.encoder.layer.1.attention.self.key.bias:weight_decay=0.05
06/18 12:07:17 - mmengine - INFO - paramwise_options -- backbone.text_model.model.encoder.layer.1.attention.self.key.bias:lr_mult=0.1
06/18 12:07:17 - mmengine - INFO - paramwise_options -- backbone.text_model.model.encoder.layer.1.attention.self.value.weight:num of params=589824
06/18 12:07:17 - mmengine - INFO - paramwise_options -- backbone.text_model.model.encoder.layer.1.attention.self.value.weight:lr=2.0000000000000003e-06
06/18 12:07:17 - mmengine - INFO - paramwise_options -- backbone.text_model.model.encoder.layer.1.attention.self.value.weight:weight_decay=0.05
06/18 12:07:17 - mmengine - INFO - paramwise_options -- backbone.text_model.model.encoder.layer.1.attention.self.value.weight:lr_mult=0.1
06/18 12:07:17 - mmengine - INFO - paramwise_options -- backbone.text_model.model.encoder.layer.1.attention.self.value.bias:num of params=768
06/18 12:07:17 - mmengine - INFO - paramwise_options -- backbone.text_model.model.encoder.layer.1.attention.self.value.bias:lr=2.0000000000000003e-06
06/18 12:07:17 - mmengine - INFO - paramwise_options -- backbone.text_model.model.encoder.layer.1.attention.self.value.bias:weight_decay=0.05
06/18 12:07:17 - mmengine - INFO - paramwise_options -- backbone.text_model.model.encoder.layer.1.attention.self.value.bias:lr_mult=0.1
06/18 12:07:17 - mmengine - INFO - paramwise_options -- backbone.text_model.model.encoder.layer.1.attention.output.dense.weight:num of params=589824
06/18 12:07:17 - mmengine - INFO - paramwise_options -- backbone.text_model.model.encoder.layer.1.attention.output.dense.weight:lr=2.0000000000000003e-06
06/18 12:07:17 - mmengine - INFO - paramwise_options -- backbone.text_model.model.encoder.layer.1.attention.output.dense.weight:weight_decay=0.05
06/18 12:07:17 - mmengine - INFO - paramwise_options -- backbone.text_model.model.encoder.layer.1.attention.output.dense.weight:lr_mult=0.1
06/18 12:07:17 - mmengine - INFO - paramwise_options -- backbone.text_model.model.encoder.layer.1.attention.output.dense.bias:num of params=768
06/18 12:07:17 - mmengine - INFO - paramwise_options -- backbone.text_model.model.encoder.layer.1.attention.output.dense.bias:lr=2.0000000000000003e-06
06/18 12:07:17 - mmengine - INFO - paramwise_options -- backbone.text_model.model.encoder.layer.1.attention.output.dense.bias:weight_decay=0.05
06/18 12:07:17 - mmengine - INFO - paramwise_options -- backbone.text_model.model.encoder.layer.1.attention.output.dense.bias:lr_mult=0.1
06/18 12:07:17 - mmengine - INFO - paramwise_options -- backbone.text_model.model.encoder.layer.1.attention.output.LayerNorm.weight:num of params=768
06/18 12:07:17 - mmengine - INFO - paramwise_options -- backbone.text_model.model.encoder.layer.1.attention.output.LayerNorm.weight:lr=2.0000000000000003e-06
06/18 12:07:17 - mmengine - INFO - paramwise_options -- backbone.text_model.model.encoder.layer.1.attention.output.LayerNorm.weight:weight_decay=0.05
06/18 12:07:17 - mmengine - INFO - paramwise_options -- backbone.text_model.model.encoder.layer.1.attention.output.LayerNorm.weight:lr_mult=0.1
06/18 12:07:17 - mmengine - INFO - paramwise_options -- backbone.text_model.model.encoder.layer.1.attention.output.LayerNorm.bias:num of params=768
06/18 12:07:17 - mmengine - INFO - paramwise_options -- backbone.text_model.model.encoder.layer.1.attention.output.LayerNorm.bias:lr=2.0000000000000003e-06
06/18 12:07:17 - mmengine - INFO - paramwise_options -- backbone.text_model.model.encoder.layer.1.attention.output.LayerNorm.bias:weight_decay=0.05
06/18 12:07:17 - mmengine - INFO - paramwise_options -- backbone.text_model.model.encoder.layer.1.attention.output.LayerNorm.bias:lr_mult=0.1
06/18 12:07:17 - mmengine - INFO - paramwise_options -- backbone.text_model.model.encoder.layer.1.intermediate.dense.weight:num of params=2359296
06/18 12:07:17 - mmengine - INFO - paramwise_options -- backbone.text_model.model.encoder.layer.1.intermediate.dense.weight:lr=2.0000000000000003e-06
06/18 12:07:17 - mmengine - INFO - paramwise_options -- backbone.text_model.model.encoder.layer.1.intermediate.dense.weight:weight_decay=0.05
06/18 12:07:17 - mmengine - INFO - paramwise_options -- backbone.text_model.model.encoder.layer.1.intermediate.dense.weight:lr_mult=0.1
06/18 12:07:17 - mmengine - INFO - paramwise_options -- backbone.text_model.model.encoder.layer.1.intermediate.dense.bias:num of params=3072
06/18 12:07:17 - mmengine - INFO - paramwise_options -- backbone.text_model.model.encoder.layer.1.intermediate.dense.bias:lr=2.0000000000000003e-06
06/18 12:07:17 - mmengine - INFO - paramwise_options -- backbone.text_model.model.encoder.layer.1.intermediate.dense.bias:weight_decay=0.05
06/18 12:07:17 - mmengine - INFO - paramwise_options -- backbone.text_model.model.encoder.layer.1.intermediate.dense.bias:lr_mult=0.1
06/18 12:07:17 - mmengine - INFO - paramwise_options -- backbone.text_model.model.encoder.layer.1.output.dense.weight:num of params=2359296
06/18 12:07:17 - mmengine - INFO - paramwise_options -- backbone.text_model.model.encoder.layer.1.output.dense.weight:lr=2.0000000000000003e-06
06/18 12:07:17 - mmengine - INFO - paramwise_options -- backbone.text_model.model.encoder.layer.1.output.dense.weight:weight_decay=0.05
06/18 12:07:17 - mmengine - INFO - paramwise_options -- backbone.text_model.model.encoder.layer.1.output.dense.weight:lr_mult=0.1
06/18 12:07:17 - mmengine - INFO - paramwise_options -- backbone.text_model.model.encoder.layer.1.output.dense.bias:num of params=768
06/18 12:07:17 - mmengine - INFO - paramwise_options -- backbone.text_model.model.encoder.layer.1.output.dense.bias:lr=2.0000000000000003e-06
06/18 12:07:17 - mmengine - INFO - paramwise_options -- backbone.text_model.model.encoder.layer.1.output.dense.bias:weight_decay=0.05
06/18 12:07:17 - mmengine - INFO - paramwise_options -- backbone.text_model.model.encoder.layer.1.output.dense.bias:lr_mult=0.1
06/18 12:07:17 - mmengine - INFO - paramwise_options -- backbone.text_model.model.encoder.layer.1.output.LayerNorm.weight:num of params=768
06/18 12:07:17 - mmengine - INFO - paramwise_options -- backbone.text_model.model.encoder.layer.1.output.LayerNorm.weight:lr=2.0000000000000003e-06
06/18 12:07:17 - mmengine - INFO - paramwise_options -- backbone.text_model.model.encoder.layer.1.output.LayerNorm.weight:weight_decay=0.05
06/18 12:07:17 - mmengine - INFO - paramwise_options -- backbone.text_model.model.encoder.layer.1.output.LayerNorm.weight:lr_mult=0.1
06/18 12:07:17 - mmengine - INFO - paramwise_options -- backbone.text_model.model.encoder.layer.1.output.LayerNorm.bias:num of params=768
06/18 12:07:17 - mmengine - INFO - paramwise_options -- backbone.text_model.model.encoder.layer.1.output.LayerNorm.bias:lr=2.0000000000000003e-06
06/18 12:07:17 - mmengine - INFO - paramwise_options -- backbone.text_model.model.encoder.layer.1.output.LayerNorm.bias:weight_decay=0.05
06/18 12:07:17 - mmengine - INFO - paramwise_options -- backbone.text_model.model.encoder.layer.1.output.LayerNorm.bias:lr_mult=0.1
06/18 12:07:17 - mmengine - INFO - paramwise_options -- backbone.text_model.model.encoder.layer.2.attention.self.query.weight:num of params=589824
06/18 12:07:17 - mmengine - INFO - paramwise_options -- backbone.text_model.model.encoder.layer.2.attention.self.query.weight:lr=2.0000000000000003e-06
06/18 12:07:17 - mmengine - INFO - paramwise_options -- backbone.text_model.model.encoder.layer.2.attention.self.query.weight:weight_decay=0.05
06/18 12:07:17 - mmengine - INFO - paramwise_options -- backbone.text_model.model.encoder.layer.2.attention.self.query.weight:lr_mult=0.1
06/18 12:07:17 - mmengine - INFO - paramwise_options -- backbone.text_model.model.encoder.layer.2.attention.self.query.bias:num of params=768
06/18 12:07:17 - mmengine - INFO - paramwise_options -- backbone.text_model.model.encoder.layer.2.attention.self.query.bias:lr=2.0000000000000003e-06
06/18 12:07:17 - mmengine - INFO - paramwise_options -- backbone.text_model.model.encoder.layer.2.attention.self.query.bias:weight_decay=0.05
06/18 12:07:17 - mmengine - INFO - paramwise_options -- backbone.text_model.model.encoder.layer.2.attention.self.query.bias:lr_mult=0.1
06/18 12:07:17 - mmengine - INFO - paramwise_options -- backbone.text_model.model.encoder.layer.2.attention.self.key.weight:num of params=589824
06/18 12:07:17 - mmengine - INFO - paramwise_options -- backbone.text_model.model.encoder.layer.2.attention.self.key.weight:lr=2.0000000000000003e-06
06/18 12:07:17 - mmengine - INFO - paramwise_options -- backbone.text_model.model.encoder.layer.2.attention.self.key.weight:weight_decay=0.05
06/18 12:07:17 - mmengine - INFO - paramwise_options -- backbone.text_model.model.encoder.layer.2.attention.self.key.weight:lr_mult=0.1
06/18 12:07:17 - mmengine - INFO - paramwise_options -- backbone.text_model.model.encoder.layer.2.attention.self.key.bias:num of params=768
06/18 12:07:17 - mmengine - INFO - paramwise_options -- backbone.text_model.model.encoder.layer.2.attention.self.key.bias:lr=2.0000000000000003e-06
06/18 12:07:17 - mmengine - INFO - paramwise_options -- backbone.text_model.model.encoder.layer.2.attention.self.key.bias:weight_decay=0.05
06/18 12:07:17 - mmengine - INFO - paramwise_options -- backbone.text_model.model.encoder.layer.2.attention.self.key.bias:lr_mult=0.1
06/18 12:07:17 - mmengine - INFO - paramwise_options -- backbone.text_model.model.encoder.layer.2.attention.self.value.weight:num of params=589824
06/18 12:07:17 - mmengine - INFO - paramwise_options -- backbone.text_model.model.encoder.layer.2.attention.self.value.weight:lr=2.0000000000000003e-06
06/18 12:07:17 - mmengine - INFO - paramwise_options -- backbone.text_model.model.encoder.layer.2.attention.self.value.weight:weight_decay=0.05
06/18 12:07:17 - mmengine - INFO - paramwise_options -- backbone.text_model.model.encoder.layer.2.attention.self.value.weight:lr_mult=0.1
06/18 12:07:17 - mmengine - INFO - paramwise_options -- backbone.text_model.model.encoder.layer.2.attention.self.value.bias:num of params=768
06/18 12:07:17 - mmengine - INFO - paramwise_options -- backbone.text_model.model.encoder.layer.2.attention.self.value.bias:lr=2.0000000000000003e-06
06/18 12:07:17 - mmengine - INFO - paramwise_options -- backbone.text_model.model.encoder.layer.2.attention.self.value.bias:weight_decay=0.05
06/18 12:07:17 - mmengine - INFO - paramwise_options -- backbone.text_model.model.encoder.layer.2.attention.self.value.bias:lr_mult=0.1
06/18 12:07:17 - mmengine - INFO - paramwise_options -- backbone.text_model.model.encoder.layer.2.attention.output.dense.weight:num of params=589824
06/18 12:07:17 - mmengine - INFO - paramwise_options -- backbone.text_model.model.encoder.layer.2.attention.output.dense.weight:lr=2.0000000000000003e-06
06/18 12:07:17 - mmengine - INFO - paramwise_options -- backbone.text_model.model.encoder.layer.2.attention.output.dense.weight:weight_decay=0.05
06/18 12:07:17 - mmengine - INFO - paramwise_options -- backbone.text_model.model.encoder.layer.2.attention.output.dense.weight:lr_mult=0.1
06/18 12:07:17 - mmengine - INFO - paramwise_options -- backbone.text_model.model.encoder.layer.2.attention.output.dense.bias:num of params=768
06/18 12:07:17 - mmengine - INFO - paramwise_options -- backbone.text_model.model.encoder.layer.2.attention.output.dense.bias:lr=2.0000000000000003e-06
06/18 12:07:17 - mmengine - INFO - paramwise_options -- backbone.text_model.model.encoder.layer.2.attention.output.dense.bias:weight_decay=0.05
06/18 12:07:17 - mmengine - INFO - paramwise_options -- backbone.text_model.model.encoder.layer.2.attention.output.dense.bias:lr_mult=0.1
06/18 12:07:17 - mmengine - INFO - paramwise_options -- backbone.text_model.model.encoder.layer.2.attention.output.LayerNorm.weight:num of params=768
06/18 12:07:17 - mmengine - INFO - paramwise_options -- backbone.text_model.model.encoder.layer.2.attention.output.LayerNorm.weight:lr=2.0000000000000003e-06
06/18 12:07:17 - mmengine - INFO - paramwise_options -- backbone.text_model.model.encoder.layer.2.attention.output.LayerNorm.weight:weight_decay=0.05
06/18 12:07:17 - mmengine - INFO - paramwise_options -- backbone.text_model.model.encoder.layer.2.attention.output.LayerNorm.weight:lr_mult=0.1
06/18 12:07:17 - mmengine - INFO - paramwise_options -- backbone.text_model.model.encoder.layer.2.attention.output.LayerNorm.bias:num of params=768
06/18 12:07:17 - mmengine - INFO - paramwise_options -- backbone.text_model.model.encoder.layer.2.attention.output.LayerNorm.bias:lr=2.0000000000000003e-06
06/18 12:07:17 - mmengine - INFO - paramwise_options -- backbone.text_model.model.encoder.layer.2.attention.output.LayerNorm.bias:weight_decay=0.05
06/18 12:07:17 - mmengine - INFO - paramwise_options -- backbone.text_model.model.encoder.layer.2.attention.output.LayerNorm.bias:lr_mult=0.1
06/18 12:07:17 - mmengine - INFO - paramwise_options -- backbone.text_model.model.encoder.layer.2.intermediate.dense.weight:num of params=2359296
06/18 12:07:17 - mmengine - INFO - paramwise_options -- backbone.text_model.model.encoder.layer.2.intermediate.dense.weight:lr=2.0000000000000003e-06
06/18 12:07:17 - mmengine - INFO - paramwise_options -- backbone.text_model.model.encoder.layer.2.intermediate.dense.weight:weight_decay=0.05
06/18 12:07:17 - mmengine - INFO - paramwise_options -- backbone.text_model.model.encoder.layer.2.intermediate.dense.weight:lr_mult=0.1
06/18 12:07:17 - mmengine - INFO - paramwise_options -- backbone.text_model.model.encoder.layer.2.intermediate.dense.bias:num of params=3072
06/18 12:07:17 - mmengine - INFO - paramwise_options -- backbone.text_model.model.encoder.layer.2.intermediate.dense.bias:lr=2.0000000000000003e-06
06/18 12:07:17 - mmengine - INFO - paramwise_options -- backbone.text_model.model.encoder.layer.2.intermediate.dense.bias:weight_decay=0.05
06/18 12:07:17 - mmengine - INFO - paramwise_options -- backbone.text_model.model.encoder.layer.2.intermediate.dense.bias:lr_mult=0.1
06/18 12:07:17 - mmengine - INFO - paramwise_options -- backbone.text_model.model.encoder.layer.2.output.dense.weight:num of params=2359296
06/18 12:07:17 - mmengine - INFO - paramwise_options -- backbone.text_model.model.encoder.layer.2.output.dense.weight:lr=2.0000000000000003e-06
06/18 12:07:17 - mmengine - INFO - paramwise_options -- backbone.text_model.model.encoder.layer.2.output.dense.weight:weight_decay=0.05
06/18 12:07:17 - mmengine - INFO - paramwise_options -- backbone.text_model.model.encoder.layer.2.output.dense.weight:lr_mult=0.1
06/18 12:07:17 - mmengine - INFO - paramwise_options -- backbone.text_model.model.encoder.layer.2.output.dense.bias:num of params=768
06/18 12:07:17 - mmengine - INFO - paramwise_options -- backbone.text_model.model.encoder.layer.2.output.dense.bias:lr=2.0000000000000003e-06
06/18 12:07:17 - mmengine - INFO - paramwise_options -- backbone.text_model.model.encoder.layer.2.output.dense.bias:weight_decay=0.05
06/18 12:07:17 - mmengine - INFO - paramwise_options -- backbone.text_model.model.encoder.layer.2.output.dense.bias:lr_mult=0.1
06/18 12:07:17 - mmengine - INFO - paramwise_options -- backbone.text_model.model.encoder.layer.2.output.LayerNorm.weight:num of params=768
06/18 12:07:17 - mmengine - INFO - paramwise_options -- backbone.text_model.model.encoder.layer.2.output.LayerNorm.weight:lr=2.0000000000000003e-06
06/18 12:07:17 - mmengine - INFO - paramwise_options -- backbone.text_model.model.encoder.layer.2.output.LayerNorm.weight:weight_decay=0.05
06/18 12:07:17 - mmengine - INFO - paramwise_options -- backbone.text_model.model.encoder.layer.2.output.LayerNorm.weight:lr_mult=0.1
06/18 12:07:17 - mmengine - INFO - paramwise_options -- backbone.text_model.model.encoder.layer.2.output.LayerNorm.bias:num of params=768
06/18 12:07:17 - mmengine - INFO - paramwise_options -- backbone.text_model.model.encoder.layer.2.output.LayerNorm.bias:lr=2.0000000000000003e-06
06/18 12:07:17 - mmengine - INFO - paramwise_options -- backbone.text_model.model.encoder.layer.2.output.LayerNorm.bias:weight_decay=0.05
06/18 12:07:17 - mmengine - INFO - paramwise_options -- backbone.text_model.model.encoder.layer.2.output.LayerNorm.bias:lr_mult=0.1
06/18 12:07:17 - mmengine - INFO - paramwise_options -- backbone.text_model.model.encoder.layer.3.attention.self.query.weight:num of params=589824
06/18 12:07:17 - mmengine - INFO - paramwise_options -- backbone.text_model.model.encoder.layer.3.attention.self.query.weight:lr=2.0000000000000003e-06
06/18 12:07:17 - mmengine - INFO - paramwise_options -- backbone.text_model.model.encoder.layer.3.attention.self.query.weight:weight_decay=0.05
06/18 12:07:17 - mmengine - INFO - paramwise_options -- backbone.text_model.model.encoder.layer.3.attention.self.query.weight:lr_mult=0.1
06/18 12:07:17 - mmengine - INFO - paramwise_options -- backbone.text_model.model.encoder.layer.3.attention.self.query.bias:num of params=768
06/18 12:07:17 - mmengine - INFO - paramwise_options -- backbone.text_model.model.encoder.layer.3.attention.self.query.bias:lr=2.0000000000000003e-06
06/18 12:07:17 - mmengine - INFO - paramwise_options -- backbone.text_model.model.encoder.layer.3.attention.self.query.bias:weight_decay=0.05
06/18 12:07:17 - mmengine - INFO - paramwise_options -- backbone.text_model.model.encoder.layer.3.attention.self.query.bias:lr_mult=0.1
06/18 12:07:17 - mmengine - INFO - paramwise_options -- backbone.text_model.model.encoder.layer.3.attention.self.key.weight:num of params=589824
06/18 12:07:17 - mmengine - INFO - paramwise_options -- backbone.text_model.model.encoder.layer.3.attention.self.key.weight:lr=2.0000000000000003e-06
06/18 12:07:17 - mmengine - INFO - paramwise_options -- backbone.text_model.model.encoder.layer.3.attention.self.key.weight:weight_decay=0.05
06/18 12:07:17 - mmengine - INFO - paramwise_options -- backbone.text_model.model.encoder.layer.3.attention.self.key.weight:lr_mult=0.1
06/18 12:07:17 - mmengine - INFO - paramwise_options -- backbone.text_model.model.encoder.layer.3.attention.self.key.bias:num of params=768
06/18 12:07:17 - mmengine - INFO - paramwise_options -- backbone.text_model.model.encoder.layer.3.attention.self.key.bias:lr=2.0000000000000003e-06
06/18 12:07:17 - mmengine - INFO - paramwise_options -- backbone.text_model.model.encoder.layer.3.attention.self.key.bias:weight_decay=0.05
06/18 12:07:17 - mmengine - INFO - paramwise_options -- backbone.text_model.model.encoder.layer.3.attention.self.key.bias:lr_mult=0.1
06/18 12:07:17 - mmengine - INFO - paramwise_options -- backbone.text_model.model.encoder.layer.3.attention.self.value.weight:num of params=589824
06/18 12:07:17 - mmengine - INFO - paramwise_options -- backbone.text_model.model.encoder.layer.3.attention.self.value.weight:lr=2.0000000000000003e-06
06/18 12:07:17 - mmengine - INFO - paramwise_options -- backbone.text_model.model.encoder.layer.3.attention.self.value.weight:weight_decay=0.05
06/18 12:07:17 - mmengine - INFO - paramwise_options -- backbone.text_model.model.encoder.layer.3.attention.self.value.weight:lr_mult=0.1
06/18 12:07:17 - mmengine - INFO - paramwise_options -- backbone.text_model.model.encoder.layer.3.attention.self.value.bias:num of params=768
06/18 12:07:17 - mmengine - INFO - paramwise_options -- backbone.text_model.model.encoder.layer.3.attention.self.value.bias:lr=2.0000000000000003e-06
06/18 12:07:17 - mmengine - INFO - paramwise_options -- backbone.text_model.model.encoder.layer.3.attention.self.value.bias:weight_decay=0.05
06/18 12:07:17 - mmengine - INFO - paramwise_options -- backbone.text_model.model.encoder.layer.3.attention.self.value.bias:lr_mult=0.1
06/18 12:07:17 - mmengine - INFO - paramwise_options -- backbone.text_model.model.encoder.layer.3.attention.output.dense.weight:num of params=589824
06/18 12:07:17 - mmengine - INFO - paramwise_options -- backbone.text_model.model.encoder.layer.3.attention.output.dense.weight:lr=2.0000000000000003e-06
06/18 12:07:17 - mmengine - INFO - paramwise_options -- backbone.text_model.model.encoder.layer.3.attention.output.dense.weight:weight_decay=0.05
06/18 12:07:17 - mmengine - INFO - paramwise_options -- backbone.text_model.model.encoder.layer.3.attention.output.dense.weight:lr_mult=0.1
06/18 12:07:17 - mmengine - INFO - paramwise_options -- backbone.text_model.model.encoder.layer.3.attention.output.dense.bias:num of params=768
06/18 12:07:17 - mmengine - INFO - paramwise_options -- backbone.text_model.model.encoder.layer.3.attention.output.dense.bias:lr=2.0000000000000003e-06
06/18 12:07:17 - mmengine - INFO - paramwise_options -- backbone.text_model.model.encoder.layer.3.attention.output.dense.bias:weight_decay=0.05
06/18 12:07:17 - mmengine - INFO - paramwise_options -- backbone.text_model.model.encoder.layer.3.attention.output.dense.bias:lr_mult=0.1
06/18 12:07:17 - mmengine - INFO - paramwise_options -- backbone.text_model.model.encoder.layer.3.attention.output.LayerNorm.weight:num of params=768
06/18 12:07:17 - mmengine - INFO - paramwise_options -- backbone.text_model.model.encoder.layer.3.attention.output.LayerNorm.weight:lr=2.0000000000000003e-06
06/18 12:07:17 - mmengine - INFO - paramwise_options -- backbone.text_model.model.encoder.layer.3.attention.output.LayerNorm.weight:weight_decay=0.05
06/18 12:07:17 - mmengine - INFO - paramwise_options -- backbone.text_model.model.encoder.layer.3.attention.output.LayerNorm.weight:lr_mult=0.1
06/18 12:07:17 - mmengine - INFO - paramwise_options -- backbone.text_model.model.encoder.layer.3.attention.output.LayerNorm.bias:num of params=768
06/18 12:07:17 - mmengine - INFO - paramwise_options -- backbone.text_model.model.encoder.layer.3.attention.output.LayerNorm.bias:lr=2.0000000000000003e-06
06/18 12:07:17 - mmengine - INFO - paramwise_options -- backbone.text_model.model.encoder.layer.3.attention.output.LayerNorm.bias:weight_decay=0.05
06/18 12:07:17 - mmengine - INFO - paramwise_options -- backbone.text_model.model.encoder.layer.3.attention.output.LayerNorm.bias:lr_mult=0.1
06/18 12:07:17 - mmengine - INFO - paramwise_options -- backbone.text_model.model.encoder.layer.3.intermediate.dense.weight:num of params=2359296
06/18 12:07:17 - mmengine - INFO - paramwise_options -- backbone.text_model.model.encoder.layer.3.intermediate.dense.weight:lr=2.0000000000000003e-06
06/18 12:07:17 - mmengine - INFO - paramwise_options -- backbone.text_model.model.encoder.layer.3.intermediate.dense.weight:weight_decay=0.05
06/18 12:07:17 - mmengine - INFO - paramwise_options -- backbone.text_model.model.encoder.layer.3.intermediate.dense.weight:lr_mult=0.1
06/18 12:07:17 - mmengine - INFO - paramwise_options -- backbone.text_model.model.encoder.layer.3.intermediate.dense.bias:num of params=3072
06/18 12:07:17 - mmengine - INFO - paramwise_options -- backbone.text_model.model.encoder.layer.3.intermediate.dense.bias:lr=2.0000000000000003e-06
06/18 12:07:17 - mmengine - INFO - paramwise_options -- backbone.text_model.model.encoder.layer.3.intermediate.dense.bias:weight_decay=0.05
06/18 12:07:17 - mmengine - INFO - paramwise_options -- backbone.text_model.model.encoder.layer.3.intermediate.dense.bias:lr_mult=0.1
06/18 12:07:17 - mmengine - INFO - paramwise_options -- backbone.text_model.model.encoder.layer.3.output.dense.weight:num of params=2359296
06/18 12:07:17 - mmengine - INFO - paramwise_options -- backbone.text_model.model.encoder.layer.3.output.dense.weight:lr=2.0000000000000003e-06
06/18 12:07:17 - mmengine - INFO - paramwise_options -- backbone.text_model.model.encoder.layer.3.output.dense.weight:weight_decay=0.05
06/18 12:07:17 - mmengine - INFO - paramwise_options -- backbone.text_model.model.encoder.layer.3.output.dense.weight:lr_mult=0.1
06/18 12:07:17 - mmengine - INFO - paramwise_options -- backbone.text_model.model.encoder.layer.3.output.dense.bias:num of params=768
06/18 12:07:17 - mmengine - INFO - paramwise_options -- backbone.text_model.model.encoder.layer.3.output.dense.bias:lr=2.0000000000000003e-06
06/18 12:07:17 - mmengine - INFO - paramwise_options -- backbone.text_model.model.encoder.layer.3.output.dense.bias:weight_decay=0.05
06/18 12:07:17 - mmengine - INFO - paramwise_options -- backbone.text_model.model.encoder.layer.3.output.dense.bias:lr_mult=0.1
06/18 12:07:17 - mmengine - INFO - paramwise_options -- backbone.text_model.model.encoder.layer.3.output.LayerNorm.weight:num of params=768
06/18 12:07:17 - mmengine - INFO - paramwise_options -- backbone.text_model.model.encoder.layer.3.output.LayerNorm.weight:lr=2.0000000000000003e-06
06/18 12:07:17 - mmengine - INFO - paramwise_options -- backbone.text_model.model.encoder.layer.3.output.LayerNorm.weight:weight_decay=0.05
06/18 12:07:17 - mmengine - INFO - paramwise_options -- backbone.text_model.model.encoder.layer.3.output.LayerNorm.weight:lr_mult=0.1
06/18 12:07:17 - mmengine - INFO - paramwise_options -- backbone.text_model.model.encoder.layer.3.output.LayerNorm.bias:num of params=768
06/18 12:07:17 - mmengine - INFO - paramwise_options -- backbone.text_model.model.encoder.layer.3.output.LayerNorm.bias:lr=2.0000000000000003e-06
06/18 12:07:17 - mmengine - INFO - paramwise_options -- backbone.text_model.model.encoder.layer.3.output.LayerNorm.bias:weight_decay=0.05
06/18 12:07:17 - mmengine - INFO - paramwise_options -- backbone.text_model.model.encoder.layer.3.output.LayerNorm.bias:lr_mult=0.1
06/18 12:07:17 - mmengine - INFO - paramwise_options -- backbone.text_model.model.encoder.layer.4.attention.self.query.weight:num of params=589824
06/18 12:07:17 - mmengine - INFO - paramwise_options -- backbone.text_model.model.encoder.layer.4.attention.self.query.weight:lr=2.0000000000000003e-06
06/18 12:07:17 - mmengine - INFO - paramwise_options -- backbone.text_model.model.encoder.layer.4.attention.self.query.weight:weight_decay=0.05
06/18 12:07:17 - mmengine - INFO - paramwise_options -- backbone.text_model.model.encoder.layer.4.attention.self.query.weight:lr_mult=0.1
06/18 12:07:17 - mmengine - INFO - paramwise_options -- backbone.text_model.model.encoder.layer.4.attention.self.query.bias:num of params=768
06/18 12:07:17 - mmengine - INFO - paramwise_options -- backbone.text_model.model.encoder.layer.4.attention.self.query.bias:lr=2.0000000000000003e-06
06/18 12:07:17 - mmengine - INFO - paramwise_options -- backbone.text_model.model.encoder.layer.4.attention.self.query.bias:weight_decay=0.05
06/18 12:07:17 - mmengine - INFO - paramwise_options -- backbone.text_model.model.encoder.layer.4.attention.self.query.bias:lr_mult=0.1
06/18 12:07:17 - mmengine - INFO - paramwise_options -- backbone.text_model.model.encoder.layer.4.attention.self.key.weight:num of params=589824
06/18 12:07:17 - mmengine - INFO - paramwise_options -- backbone.text_model.model.encoder.layer.4.attention.self.key.weight:lr=2.0000000000000003e-06
06/18 12:07:17 - mmengine - INFO - paramwise_options -- backbone.text_model.model.encoder.layer.4.attention.self.key.weight:weight_decay=0.05
06/18 12:07:17 - mmengine - INFO - paramwise_options -- backbone.text_model.model.encoder.layer.4.attention.self.key.weight:lr_mult=0.1
06/18 12:07:17 - mmengine - INFO - paramwise_options -- backbone.text_model.model.encoder.layer.4.attention.self.key.bias:num of params=768
06/18 12:07:17 - mmengine - INFO - paramwise_options -- backbone.text_model.model.encoder.layer.4.attention.self.key.bias:lr=2.0000000000000003e-06
06/18 12:07:17 - mmengine - INFO - paramwise_options -- backbone.text_model.model.encoder.layer.4.attention.self.key.bias:weight_decay=0.05
06/18 12:07:17 - mmengine - INFO - paramwise_options -- backbone.text_model.model.encoder.layer.4.attention.self.key.bias:lr_mult=0.1
06/18 12:07:17 - mmengine - INFO - paramwise_options -- backbone.text_model.model.encoder.layer.4.attention.self.value.weight:num of params=589824
06/18 12:07:17 - mmengine - INFO - paramwise_options -- backbone.text_model.model.encoder.layer.4.attention.self.value.weight:lr=2.0000000000000003e-06
06/18 12:07:17 - mmengine - INFO - paramwise_options -- backbone.text_model.model.encoder.layer.4.attention.self.value.weight:weight_decay=0.05
06/18 12:07:17 - mmengine - INFO - paramwise_options -- backbone.text_model.model.encoder.layer.4.attention.self.value.weight:lr_mult=0.1
06/18 12:07:17 - mmengine - INFO - paramwise_options -- backbone.text_model.model.encoder.layer.4.attention.self.value.bias:num of params=768
06/18 12:07:17 - mmengine - INFO - paramwise_options -- backbone.text_model.model.encoder.layer.4.attention.self.value.bias:lr=2.0000000000000003e-06
06/18 12:07:17 - mmengine - INFO - paramwise_options -- backbone.text_model.model.encoder.layer.4.attention.self.value.bias:weight_decay=0.05
06/18 12:07:17 - mmengine - INFO - paramwise_options -- backbone.text_model.model.encoder.layer.4.attention.self.value.bias:lr_mult=0.1
06/18 12:07:17 - mmengine - INFO - paramwise_options -- backbone.text_model.model.encoder.layer.4.attention.output.dense.weight:num of params=589824
06/18 12:07:17 - mmengine - INFO - paramwise_options -- backbone.text_model.model.encoder.layer.4.attention.output.dense.weight:lr=2.0000000000000003e-06
06/18 12:07:17 - mmengine - INFO - paramwise_options -- backbone.text_model.model.encoder.layer.4.attention.output.dense.weight:weight_decay=0.05
06/18 12:07:17 - mmengine - INFO - paramwise_options -- backbone.text_model.model.encoder.layer.4.attention.output.dense.weight:lr_mult=0.1
06/18 12:07:17 - mmengine - INFO - paramwise_options -- backbone.text_model.model.encoder.layer.4.attention.output.dense.bias:num of params=768
06/18 12:07:17 - mmengine - INFO - paramwise_options -- backbone.text_model.model.encoder.layer.4.attention.output.dense.bias:lr=2.0000000000000003e-06
06/18 12:07:17 - mmengine - INFO - paramwise_options -- backbone.text_model.model.encoder.layer.4.attention.output.dense.bias:weight_decay=0.05
06/18 12:07:17 - mmengine - INFO - paramwise_options -- backbone.text_model.model.encoder.layer.4.attention.output.dense.bias:lr_mult=0.1
06/18 12:07:17 - mmengine - INFO - paramwise_options -- backbone.text_model.model.encoder.layer.4.attention.output.LayerNorm.weight:num of params=768
06/18 12:07:17 - mmengine - INFO - paramwise_options -- backbone.text_model.model.encoder.layer.4.attention.output.LayerNorm.weight:lr=2.0000000000000003e-06
06/18 12:07:17 - mmengine - INFO - paramwise_options -- backbone.text_model.model.encoder.layer.4.attention.output.LayerNorm.weight:weight_decay=0.05
06/18 12:07:17 - mmengine - INFO - paramwise_options -- backbone.text_model.model.encoder.layer.4.attention.output.LayerNorm.weight:lr_mult=0.1
06/18 12:07:17 - mmengine - INFO - paramwise_options -- backbone.text_model.model.encoder.layer.4.attention.output.LayerNorm.bias:num of params=768
06/18 12:07:17 - mmengine - INFO - paramwise_options -- backbone.text_model.model.encoder.layer.4.attention.output.LayerNorm.bias:lr=2.0000000000000003e-06
06/18 12:07:17 - mmengine - INFO - paramwise_options -- backbone.text_model.model.encoder.layer.4.attention.output.LayerNorm.bias:weight_decay=0.05
06/18 12:07:17 - mmengine - INFO - paramwise_options -- backbone.text_model.model.encoder.layer.4.attention.output.LayerNorm.bias:lr_mult=0.1
06/18 12:07:17 - mmengine - INFO - paramwise_options -- backbone.text_model.model.encoder.layer.4.intermediate.dense.weight:num of params=2359296
06/18 12:07:17 - mmengine - INFO - paramwise_options -- backbone.text_model.model.encoder.layer.4.intermediate.dense.weight:lr=2.0000000000000003e-06
06/18 12:07:17 - mmengine - INFO - paramwise_options -- backbone.text_model.model.encoder.layer.4.intermediate.dense.weight:weight_decay=0.05
06/18 12:07:17 - mmengine - INFO - paramwise_options -- backbone.text_model.model.encoder.layer.4.intermediate.dense.weight:lr_mult=0.1
06/18 12:07:17 - mmengine - INFO - paramwise_options -- backbone.text_model.model.encoder.layer.4.intermediate.dense.bias:num of params=3072
06/18 12:07:17 - mmengine - INFO - paramwise_options -- backbone.text_model.model.encoder.layer.4.intermediate.dense.bias:lr=2.0000000000000003e-06
06/18 12:07:17 - mmengine - INFO - paramwise_options -- backbone.text_model.model.encoder.layer.4.intermediate.dense.bias:weight_decay=0.05
06/18 12:07:17 - mmengine - INFO - paramwise_options -- backbone.text_model.model.encoder.layer.4.intermediate.dense.bias:lr_mult=0.1
06/18 12:07:17 - mmengine - INFO - paramwise_options -- backbone.text_model.model.encoder.layer.4.output.dense.weight:num of params=2359296
06/18 12:07:17 - mmengine - INFO - paramwise_options -- backbone.text_model.model.encoder.layer.4.output.dense.weight:lr=2.0000000000000003e-06
06/18 12:07:17 - mmengine - INFO - paramwise_options -- backbone.text_model.model.encoder.layer.4.output.dense.weight:weight_decay=0.05
06/18 12:07:17 - mmengine - INFO - paramwise_options -- backbone.text_model.model.encoder.layer.4.output.dense.weight:lr_mult=0.1
06/18 12:07:17 - mmengine - INFO - paramwise_options -- backbone.text_model.model.encoder.layer.4.output.dense.bias:num of params=768
06/18 12:07:17 - mmengine - INFO - paramwise_options -- backbone.text_model.model.encoder.layer.4.output.dense.bias:lr=2.0000000000000003e-06
06/18 12:07:17 - mmengine - INFO - paramwise_options -- backbone.text_model.model.encoder.layer.4.output.dense.bias:weight_decay=0.05
06/18 12:07:17 - mmengine - INFO - paramwise_options -- backbone.text_model.model.encoder.layer.4.output.dense.bias:lr_mult=0.1
06/18 12:07:17 - mmengine - INFO - paramwise_options -- backbone.text_model.model.encoder.layer.4.output.LayerNorm.weight:num of params=768
06/18 12:07:17 - mmengine - INFO - paramwise_options -- backbone.text_model.model.encoder.layer.4.output.LayerNorm.weight:lr=2.0000000000000003e-06
06/18 12:07:17 - mmengine - INFO - paramwise_options -- backbone.text_model.model.encoder.layer.4.output.LayerNorm.weight:weight_decay=0.05
06/18 12:07:17 - mmengine - INFO - paramwise_options -- backbone.text_model.model.encoder.layer.4.output.LayerNorm.weight:lr_mult=0.1
06/18 12:07:17 - mmengine - INFO - paramwise_options -- backbone.text_model.model.encoder.layer.4.output.LayerNorm.bias:num of params=768
06/18 12:07:17 - mmengine - INFO - paramwise_options -- backbone.text_model.model.encoder.layer.4.output.LayerNorm.bias:lr=2.0000000000000003e-06
06/18 12:07:17 - mmengine - INFO - paramwise_options -- backbone.text_model.model.encoder.layer.4.output.LayerNorm.bias:weight_decay=0.05
06/18 12:07:17 - mmengine - INFO - paramwise_options -- backbone.text_model.model.encoder.layer.4.output.LayerNorm.bias:lr_mult=0.1
06/18 12:07:17 - mmengine - INFO - paramwise_options -- backbone.text_model.model.encoder.layer.5.attention.self.query.weight:num of params=589824
06/18 12:07:17 - mmengine - INFO - paramwise_options -- backbone.text_model.model.encoder.layer.5.attention.self.query.weight:lr=2.0000000000000003e-06
06/18 12:07:17 - mmengine - INFO - paramwise_options -- backbone.text_model.model.encoder.layer.5.attention.self.query.weight:weight_decay=0.05
06/18 12:07:17 - mmengine - INFO - paramwise_options -- backbone.text_model.model.encoder.layer.5.attention.self.query.weight:lr_mult=0.1
06/18 12:07:17 - mmengine - INFO - paramwise_options -- backbone.text_model.model.encoder.layer.5.attention.self.query.bias:num of params=768
06/18 12:07:17 - mmengine - INFO - paramwise_options -- backbone.text_model.model.encoder.layer.5.attention.self.query.bias:lr=2.0000000000000003e-06
06/18 12:07:17 - mmengine - INFO - paramwise_options -- backbone.text_model.model.encoder.layer.5.attention.self.query.bias:weight_decay=0.05
06/18 12:07:17 - mmengine - INFO - paramwise_options -- backbone.text_model.model.encoder.layer.5.attention.self.query.bias:lr_mult=0.1
06/18 12:07:17 - mmengine - INFO - paramwise_options -- backbone.text_model.model.encoder.layer.5.attention.self.key.weight:num of params=589824
06/18 12:07:17 - mmengine - INFO - paramwise_options -- backbone.text_model.model.encoder.layer.5.attention.self.key.weight:lr=2.0000000000000003e-06
06/18 12:07:17 - mmengine - INFO - paramwise_options -- backbone.text_model.model.encoder.layer.5.attention.self.key.weight:weight_decay=0.05
06/18 12:07:17 - mmengine - INFO - paramwise_options -- backbone.text_model.model.encoder.layer.5.attention.self.key.weight:lr_mult=0.1
06/18 12:07:17 - mmengine - INFO - paramwise_options -- backbone.text_model.model.encoder.layer.5.attention.self.key.bias:num of params=768
06/18 12:07:17 - mmengine - INFO - paramwise_options -- backbone.text_model.model.encoder.layer.5.attention.self.key.bias:lr=2.0000000000000003e-06
06/18 12:07:17 - mmengine - INFO - paramwise_options -- backbone.text_model.model.encoder.layer.5.attention.self.key.bias:weight_decay=0.05
06/18 12:07:17 - mmengine - INFO - paramwise_options -- backbone.text_model.model.encoder.layer.5.attention.self.key.bias:lr_mult=0.1
06/18 12:07:17 - mmengine - INFO - paramwise_options -- backbone.text_model.model.encoder.layer.5.attention.self.value.weight:num of params=589824
06/18 12:07:17 - mmengine - INFO - paramwise_options -- backbone.text_model.model.encoder.layer.5.attention.self.value.weight:lr=2.0000000000000003e-06
06/18 12:07:17 - mmengine - INFO - paramwise_options -- backbone.text_model.model.encoder.layer.5.attention.self.value.weight:weight_decay=0.05
06/18 12:07:17 - mmengine - INFO - paramwise_options -- backbone.text_model.model.encoder.layer.5.attention.self.value.weight:lr_mult=0.1
06/18 12:07:17 - mmengine - INFO - paramwise_options -- backbone.text_model.model.encoder.layer.5.attention.self.value.bias:num of params=768
06/18 12:07:17 - mmengine - INFO - paramwise_options -- backbone.text_model.model.encoder.layer.5.attention.self.value.bias:lr=2.0000000000000003e-06
06/18 12:07:17 - mmengine - INFO - paramwise_options -- backbone.text_model.model.encoder.layer.5.attention.self.value.bias:weight_decay=0.05
06/18 12:07:17 - mmengine - INFO - paramwise_options -- backbone.text_model.model.encoder.layer.5.attention.self.value.bias:lr_mult=0.1
06/18 12:07:17 - mmengine - INFO - paramwise_options -- backbone.text_model.model.encoder.layer.5.attention.output.dense.weight:num of params=589824
06/18 12:07:17 - mmengine - INFO - paramwise_options -- backbone.text_model.model.encoder.layer.5.attention.output.dense.weight:lr=2.0000000000000003e-06
06/18 12:07:17 - mmengine - INFO - paramwise_options -- backbone.text_model.model.encoder.layer.5.attention.output.dense.weight:weight_decay=0.05
06/18 12:07:17 - mmengine - INFO - paramwise_options -- backbone.text_model.model.encoder.layer.5.attention.output.dense.weight:lr_mult=0.1
06/18 12:07:17 - mmengine - INFO - paramwise_options -- backbone.text_model.model.encoder.layer.5.attention.output.dense.bias:num of params=768
06/18 12:07:17 - mmengine - INFO - paramwise_options -- backbone.text_model.model.encoder.layer.5.attention.output.dense.bias:lr=2.0000000000000003e-06
06/18 12:07:17 - mmengine - INFO - paramwise_options -- backbone.text_model.model.encoder.layer.5.attention.output.dense.bias:weight_decay=0.05
06/18 12:07:17 - mmengine - INFO - paramwise_options -- backbone.text_model.model.encoder.layer.5.attention.output.dense.bias:lr_mult=0.1
06/18 12:07:17 - mmengine - INFO - paramwise_options -- backbone.text_model.model.encoder.layer.5.attention.output.LayerNorm.weight:num of params=768
06/18 12:07:17 - mmengine - INFO - paramwise_options -- backbone.text_model.model.encoder.layer.5.attention.output.LayerNorm.weight:lr=2.0000000000000003e-06
06/18 12:07:17 - mmengine - INFO - paramwise_options -- backbone.text_model.model.encoder.layer.5.attention.output.LayerNorm.weight:weight_decay=0.05
06/18 12:07:17 - mmengine - INFO - paramwise_options -- backbone.text_model.model.encoder.layer.5.attention.output.LayerNorm.weight:lr_mult=0.1
06/18 12:07:17 - mmengine - INFO - paramwise_options -- backbone.text_model.model.encoder.layer.5.attention.output.LayerNorm.bias:num of params=768
06/18 12:07:17 - mmengine - INFO - paramwise_options -- backbone.text_model.model.encoder.layer.5.attention.output.LayerNorm.bias:lr=2.0000000000000003e-06
06/18 12:07:17 - mmengine - INFO - paramwise_options -- backbone.text_model.model.encoder.layer.5.attention.output.LayerNorm.bias:weight_decay=0.05
06/18 12:07:17 - mmengine - INFO - paramwise_options -- backbone.text_model.model.encoder.layer.5.attention.output.LayerNorm.bias:lr_mult=0.1
06/18 12:07:17 - mmengine - INFO - paramwise_options -- backbone.text_model.model.encoder.layer.5.intermediate.dense.weight:num of params=2359296
06/18 12:07:17 - mmengine - INFO - paramwise_options -- backbone.text_model.model.encoder.layer.5.intermediate.dense.weight:lr=2.0000000000000003e-06
06/18 12:07:17 - mmengine - INFO - paramwise_options -- backbone.text_model.model.encoder.layer.5.intermediate.dense.weight:weight_decay=0.05
06/18 12:07:17 - mmengine - INFO - paramwise_options -- backbone.text_model.model.encoder.layer.5.intermediate.dense.weight:lr_mult=0.1
06/18 12:07:17 - mmengine - INFO - paramwise_options -- backbone.text_model.model.encoder.layer.5.intermediate.dense.bias:num of params=3072
06/18 12:07:17 - mmengine - INFO - paramwise_options -- backbone.text_model.model.encoder.layer.5.intermediate.dense.bias:lr=2.0000000000000003e-06
06/18 12:07:17 - mmengine - INFO - paramwise_options -- backbone.text_model.model.encoder.layer.5.intermediate.dense.bias:weight_decay=0.05
06/18 12:07:17 - mmengine - INFO - paramwise_options -- backbone.text_model.model.encoder.layer.5.intermediate.dense.bias:lr_mult=0.1
06/18 12:07:17 - mmengine - INFO - paramwise_options -- backbone.text_model.model.encoder.layer.5.output.dense.weight:num of params=2359296
06/18 12:07:17 - mmengine - INFO - paramwise_options -- backbone.text_model.model.encoder.layer.5.output.dense.weight:lr=2.0000000000000003e-06
06/18 12:07:17 - mmengine - INFO - paramwise_options -- backbone.text_model.model.encoder.layer.5.output.dense.weight:weight_decay=0.05
06/18 12:07:17 - mmengine - INFO - paramwise_options -- backbone.text_model.model.encoder.layer.5.output.dense.weight:lr_mult=0.1
06/18 12:07:17 - mmengine - INFO - paramwise_options -- backbone.text_model.model.encoder.layer.5.output.dense.bias:num of params=768
06/18 12:07:17 - mmengine - INFO - paramwise_options -- backbone.text_model.model.encoder.layer.5.output.dense.bias:lr=2.0000000000000003e-06
06/18 12:07:17 - mmengine - INFO - paramwise_options -- backbone.text_model.model.encoder.layer.5.output.dense.bias:weight_decay=0.05
06/18 12:07:17 - mmengine - INFO - paramwise_options -- backbone.text_model.model.encoder.layer.5.output.dense.bias:lr_mult=0.1
06/18 12:07:17 - mmengine - INFO - paramwise_options -- backbone.text_model.model.encoder.layer.5.output.LayerNorm.weight:num of params=768
06/18 12:07:17 - mmengine - INFO - paramwise_options -- backbone.text_model.model.encoder.layer.5.output.LayerNorm.weight:lr=2.0000000000000003e-06
06/18 12:07:17 - mmengine - INFO - paramwise_options -- backbone.text_model.model.encoder.layer.5.output.LayerNorm.weight:weight_decay=0.05
06/18 12:07:17 - mmengine - INFO - paramwise_options -- backbone.text_model.model.encoder.layer.5.output.LayerNorm.weight:lr_mult=0.1
06/18 12:07:17 - mmengine - INFO - paramwise_options -- backbone.text_model.model.encoder.layer.5.output.LayerNorm.bias:num of params=768
06/18 12:07:17 - mmengine - INFO - paramwise_options -- backbone.text_model.model.encoder.layer.5.output.LayerNorm.bias:lr=2.0000000000000003e-06
06/18 12:07:17 - mmengine - INFO - paramwise_options -- backbone.text_model.model.encoder.layer.5.output.LayerNorm.bias:weight_decay=0.05
06/18 12:07:17 - mmengine - INFO - paramwise_options -- backbone.text_model.model.encoder.layer.5.output.LayerNorm.bias:lr_mult=0.1
06/18 12:07:17 - mmengine - INFO - paramwise_options -- backbone.text_model.model.encoder.layer.6.attention.self.query.weight:num of params=589824
06/18 12:07:17 - mmengine - INFO - paramwise_options -- backbone.text_model.model.encoder.layer.6.attention.self.query.weight:lr=2.0000000000000003e-06
06/18 12:07:17 - mmengine - INFO - paramwise_options -- backbone.text_model.model.encoder.layer.6.attention.self.query.weight:weight_decay=0.05
06/18 12:07:17 - mmengine - INFO - paramwise_options -- backbone.text_model.model.encoder.layer.6.attention.self.query.weight:lr_mult=0.1
06/18 12:07:17 - mmengine - INFO - paramwise_options -- backbone.text_model.model.encoder.layer.6.attention.self.query.bias:num of params=768
06/18 12:07:17 - mmengine - INFO - paramwise_options -- backbone.text_model.model.encoder.layer.6.attention.self.query.bias:lr=2.0000000000000003e-06
06/18 12:07:17 - mmengine - INFO - paramwise_options -- backbone.text_model.model.encoder.layer.6.attention.self.query.bias:weight_decay=0.05
06/18 12:07:17 - mmengine - INFO - paramwise_options -- backbone.text_model.model.encoder.layer.6.attention.self.query.bias:lr_mult=0.1
06/18 12:07:17 - mmengine - INFO - paramwise_options -- backbone.text_model.model.encoder.layer.6.attention.self.key.weight:num of params=589824
06/18 12:07:17 - mmengine - INFO - paramwise_options -- backbone.text_model.model.encoder.layer.6.attention.self.key.weight:lr=2.0000000000000003e-06
06/18 12:07:17 - mmengine - INFO - paramwise_options -- backbone.text_model.model.encoder.layer.6.attention.self.key.weight:weight_decay=0.05
06/18 12:07:17 - mmengine - INFO - paramwise_options -- backbone.text_model.model.encoder.layer.6.attention.self.key.weight:lr_mult=0.1
06/18 12:07:17 - mmengine - INFO - paramwise_options -- backbone.text_model.model.encoder.layer.6.attention.self.key.bias:num of params=768
06/18 12:07:17 - mmengine - INFO - paramwise_options -- backbone.text_model.model.encoder.layer.6.attention.self.key.bias:lr=2.0000000000000003e-06
06/18 12:07:17 - mmengine - INFO - paramwise_options -- backbone.text_model.model.encoder.layer.6.attention.self.key.bias:weight_decay=0.05
06/18 12:07:17 - mmengine - INFO - paramwise_options -- backbone.text_model.model.encoder.layer.6.attention.self.key.bias:lr_mult=0.1
06/18 12:07:17 - mmengine - INFO - paramwise_options -- backbone.text_model.model.encoder.layer.6.attention.self.value.weight:num of params=589824
06/18 12:07:17 - mmengine - INFO - paramwise_options -- backbone.text_model.model.encoder.layer.6.attention.self.value.weight:lr=2.0000000000000003e-06
06/18 12:07:17 - mmengine - INFO - paramwise_options -- backbone.text_model.model.encoder.layer.6.attention.self.value.weight:weight_decay=0.05
06/18 12:07:17 - mmengine - INFO - paramwise_options -- backbone.text_model.model.encoder.layer.6.attention.self.value.weight:lr_mult=0.1
06/18 12:07:17 - mmengine - INFO - paramwise_options -- backbone.text_model.model.encoder.layer.6.attention.self.value.bias:num of params=768
06/18 12:07:17 - mmengine - INFO - paramwise_options -- backbone.text_model.model.encoder.layer.6.attention.self.value.bias:lr=2.0000000000000003e-06
06/18 12:07:17 - mmengine - INFO - paramwise_options -- backbone.text_model.model.encoder.layer.6.attention.self.value.bias:weight_decay=0.05
06/18 12:07:17 - mmengine - INFO - paramwise_options -- backbone.text_model.model.encoder.layer.6.attention.self.value.bias:lr_mult=0.1
06/18 12:07:17 - mmengine - INFO - paramwise_options -- backbone.text_model.model.encoder.layer.6.attention.output.dense.weight:num of params=589824
06/18 12:07:17 - mmengine - INFO - paramwise_options -- backbone.text_model.model.encoder.layer.6.attention.output.dense.weight:lr=2.0000000000000003e-06
06/18 12:07:17 - mmengine - INFO - paramwise_options -- backbone.text_model.model.encoder.layer.6.attention.output.dense.weight:weight_decay=0.05
06/18 12:07:17 - mmengine - INFO - paramwise_options -- backbone.text_model.model.encoder.layer.6.attention.output.dense.weight:lr_mult=0.1
06/18 12:07:17 - mmengine - INFO - paramwise_options -- backbone.text_model.model.encoder.layer.6.attention.output.dense.bias:num of params=768
06/18 12:07:17 - mmengine - INFO - paramwise_options -- backbone.text_model.model.encoder.layer.6.attention.output.dense.bias:lr=2.0000000000000003e-06
06/18 12:07:17 - mmengine - INFO - paramwise_options -- backbone.text_model.model.encoder.layer.6.attention.output.dense.bias:weight_decay=0.05
06/18 12:07:17 - mmengine - INFO - paramwise_options -- backbone.text_model.model.encoder.layer.6.attention.output.dense.bias:lr_mult=0.1
06/18 12:07:17 - mmengine - INFO - paramwise_options -- backbone.text_model.model.encoder.layer.6.attention.output.LayerNorm.weight:num of params=768
06/18 12:07:17 - mmengine - INFO - paramwise_options -- backbone.text_model.model.encoder.layer.6.attention.output.LayerNorm.weight:lr=2.0000000000000003e-06
06/18 12:07:17 - mmengine - INFO - paramwise_options -- backbone.text_model.model.encoder.layer.6.attention.output.LayerNorm.weight:weight_decay=0.05
06/18 12:07:17 - mmengine - INFO - paramwise_options -- backbone.text_model.model.encoder.layer.6.attention.output.LayerNorm.weight:lr_mult=0.1
06/18 12:07:17 - mmengine - INFO - paramwise_options -- backbone.text_model.model.encoder.layer.6.attention.output.LayerNorm.bias:num of params=768
06/18 12:07:17 - mmengine - INFO - paramwise_options -- backbone.text_model.model.encoder.layer.6.attention.output.LayerNorm.bias:lr=2.0000000000000003e-06
06/18 12:07:17 - mmengine - INFO - paramwise_options -- backbone.text_model.model.encoder.layer.6.attention.output.LayerNorm.bias:weight_decay=0.05
06/18 12:07:17 - mmengine - INFO - paramwise_options -- backbone.text_model.model.encoder.layer.6.attention.output.LayerNorm.bias:lr_mult=0.1
06/18 12:07:17 - mmengine - INFO - paramwise_options -- backbone.text_model.model.encoder.layer.6.intermediate.dense.weight:num of params=2359296
06/18 12:07:17 - mmengine - INFO - paramwise_options -- backbone.text_model.model.encoder.layer.6.intermediate.dense.weight:lr=2.0000000000000003e-06
06/18 12:07:17 - mmengine - INFO - paramwise_options -- backbone.text_model.model.encoder.layer.6.intermediate.dense.weight:weight_decay=0.05
06/18 12:07:17 - mmengine - INFO - paramwise_options -- backbone.text_model.model.encoder.layer.6.intermediate.dense.weight:lr_mult=0.1
06/18 12:07:17 - mmengine - INFO - paramwise_options -- backbone.text_model.model.encoder.layer.6.intermediate.dense.bias:num of params=3072
06/18 12:07:17 - mmengine - INFO - paramwise_options -- backbone.text_model.model.encoder.layer.6.intermediate.dense.bias:lr=2.0000000000000003e-06
06/18 12:07:17 - mmengine - INFO - paramwise_options -- backbone.text_model.model.encoder.layer.6.intermediate.dense.bias:weight_decay=0.05
06/18 12:07:17 - mmengine - INFO - paramwise_options -- backbone.text_model.model.encoder.layer.6.intermediate.dense.bias:lr_mult=0.1
06/18 12:07:17 - mmengine - INFO - paramwise_options -- backbone.text_model.model.encoder.layer.6.output.dense.weight:num of params=2359296
06/18 12:07:17 - mmengine - INFO - paramwise_options -- backbone.text_model.model.encoder.layer.6.output.dense.weight:lr=2.0000000000000003e-06
06/18 12:07:17 - mmengine - INFO - paramwise_options -- backbone.text_model.model.encoder.layer.6.output.dense.weight:weight_decay=0.05
06/18 12:07:17 - mmengine - INFO - paramwise_options -- backbone.text_model.model.encoder.layer.6.output.dense.weight:lr_mult=0.1
06/18 12:07:17 - mmengine - INFO - paramwise_options -- backbone.text_model.model.encoder.layer.6.output.dense.bias:num of params=768
06/18 12:07:17 - mmengine - INFO - paramwise_options -- backbone.text_model.model.encoder.layer.6.output.dense.bias:lr=2.0000000000000003e-06
06/18 12:07:17 - mmengine - INFO - paramwise_options -- backbone.text_model.model.encoder.layer.6.output.dense.bias:weight_decay=0.05
06/18 12:07:17 - mmengine - INFO - paramwise_options -- backbone.text_model.model.encoder.layer.6.output.dense.bias:lr_mult=0.1
06/18 12:07:17 - mmengine - INFO - paramwise_options -- backbone.text_model.model.encoder.layer.6.output.LayerNorm.weight:num of params=768
06/18 12:07:17 - mmengine - INFO - paramwise_options -- backbone.text_model.model.encoder.layer.6.output.LayerNorm.weight:lr=2.0000000000000003e-06
06/18 12:07:17 - mmengine - INFO - paramwise_options -- backbone.text_model.model.encoder.layer.6.output.LayerNorm.weight:weight_decay=0.05
06/18 12:07:17 - mmengine - INFO - paramwise_options -- backbone.text_model.model.encoder.layer.6.output.LayerNorm.weight:lr_mult=0.1
06/18 12:07:17 - mmengine - INFO - paramwise_options -- backbone.text_model.model.encoder.layer.6.output.LayerNorm.bias:num of params=768
06/18 12:07:17 - mmengine - INFO - paramwise_options -- backbone.text_model.model.encoder.layer.6.output.LayerNorm.bias:lr=2.0000000000000003e-06
06/18 12:07:17 - mmengine - INFO - paramwise_options -- backbone.text_model.model.encoder.layer.6.output.LayerNorm.bias:weight_decay=0.05
06/18 12:07:17 - mmengine - INFO - paramwise_options -- backbone.text_model.model.encoder.layer.6.output.LayerNorm.bias:lr_mult=0.1
06/18 12:07:17 - mmengine - INFO - paramwise_options -- backbone.text_model.model.encoder.layer.7.attention.self.query.weight:num of params=589824
06/18 12:07:17 - mmengine - INFO - paramwise_options -- backbone.text_model.model.encoder.layer.7.attention.self.query.weight:lr=2.0000000000000003e-06
06/18 12:07:17 - mmengine - INFO - paramwise_options -- backbone.text_model.model.encoder.layer.7.attention.self.query.weight:weight_decay=0.05
06/18 12:07:17 - mmengine - INFO - paramwise_options -- backbone.text_model.model.encoder.layer.7.attention.self.query.weight:lr_mult=0.1
06/18 12:07:17 - mmengine - INFO - paramwise_options -- backbone.text_model.model.encoder.layer.7.attention.self.query.bias:num of params=768
06/18 12:07:17 - mmengine - INFO - paramwise_options -- backbone.text_model.model.encoder.layer.7.attention.self.query.bias:lr=2.0000000000000003e-06
06/18 12:07:17 - mmengine - INFO - paramwise_options -- backbone.text_model.model.encoder.layer.7.attention.self.query.bias:weight_decay=0.05
06/18 12:07:17 - mmengine - INFO - paramwise_options -- backbone.text_model.model.encoder.layer.7.attention.self.query.bias:lr_mult=0.1
06/18 12:07:17 - mmengine - INFO - paramwise_options -- backbone.text_model.model.encoder.layer.7.attention.self.key.weight:num of params=589824
06/18 12:07:17 - mmengine - INFO - paramwise_options -- backbone.text_model.model.encoder.layer.7.attention.self.key.weight:lr=2.0000000000000003e-06
06/18 12:07:17 - mmengine - INFO - paramwise_options -- backbone.text_model.model.encoder.layer.7.attention.self.key.weight:weight_decay=0.05
06/18 12:07:17 - mmengine - INFO - paramwise_options -- backbone.text_model.model.encoder.layer.7.attention.self.key.weight:lr_mult=0.1
06/18 12:07:17 - mmengine - INFO - paramwise_options -- backbone.text_model.model.encoder.layer.7.attention.self.key.bias:num of params=768
06/18 12:07:17 - mmengine - INFO - paramwise_options -- backbone.text_model.model.encoder.layer.7.attention.self.key.bias:lr=2.0000000000000003e-06
06/18 12:07:17 - mmengine - INFO - paramwise_options -- backbone.text_model.model.encoder.layer.7.attention.self.key.bias:weight_decay=0.05
06/18 12:07:17 - mmengine - INFO - paramwise_options -- backbone.text_model.model.encoder.layer.7.attention.self.key.bias:lr_mult=0.1
06/18 12:07:17 - mmengine - INFO - paramwise_options -- backbone.text_model.model.encoder.layer.7.attention.self.value.weight:num of params=589824
06/18 12:07:17 - mmengine - INFO - paramwise_options -- backbone.text_model.model.encoder.layer.7.attention.self.value.weight:lr=2.0000000000000003e-06
06/18 12:07:17 - mmengine - INFO - paramwise_options -- backbone.text_model.model.encoder.layer.7.attention.self.value.weight:weight_decay=0.05
06/18 12:07:17 - mmengine - INFO - paramwise_options -- backbone.text_model.model.encoder.layer.7.attention.self.value.weight:lr_mult=0.1
06/18 12:07:17 - mmengine - INFO - paramwise_options -- backbone.text_model.model.encoder.layer.7.attention.self.value.bias:num of params=768
06/18 12:07:17 - mmengine - INFO - paramwise_options -- backbone.text_model.model.encoder.layer.7.attention.self.value.bias:lr=2.0000000000000003e-06
06/18 12:07:17 - mmengine - INFO - paramwise_options -- backbone.text_model.model.encoder.layer.7.attention.self.value.bias:weight_decay=0.05
06/18 12:07:17 - mmengine - INFO - paramwise_options -- backbone.text_model.model.encoder.layer.7.attention.self.value.bias:lr_mult=0.1
06/18 12:07:17 - mmengine - INFO - paramwise_options -- backbone.text_model.model.encoder.layer.7.attention.output.dense.weight:num of params=589824
06/18 12:07:17 - mmengine - INFO - paramwise_options -- backbone.text_model.model.encoder.layer.7.attention.output.dense.weight:lr=2.0000000000000003e-06
06/18 12:07:17 - mmengine - INFO - paramwise_options -- backbone.text_model.model.encoder.layer.7.attention.output.dense.weight:weight_decay=0.05
06/18 12:07:17 - mmengine - INFO - paramwise_options -- backbone.text_model.model.encoder.layer.7.attention.output.dense.weight:lr_mult=0.1
06/18 12:07:17 - mmengine - INFO - paramwise_options -- backbone.text_model.model.encoder.layer.7.attention.output.dense.bias:num of params=768
06/18 12:07:17 - mmengine - INFO - paramwise_options -- backbone.text_model.model.encoder.layer.7.attention.output.dense.bias:lr=2.0000000000000003e-06
06/18 12:07:17 - mmengine - INFO - paramwise_options -- backbone.text_model.model.encoder.layer.7.attention.output.dense.bias:weight_decay=0.05
06/18 12:07:17 - mmengine - INFO - paramwise_options -- backbone.text_model.model.encoder.layer.7.attention.output.dense.bias:lr_mult=0.1
06/18 12:07:17 - mmengine - INFO - paramwise_options -- backbone.text_model.model.encoder.layer.7.attention.output.LayerNorm.weight:num of params=768
06/18 12:07:17 - mmengine - INFO - paramwise_options -- backbone.text_model.model.encoder.layer.7.attention.output.LayerNorm.weight:lr=2.0000000000000003e-06
06/18 12:07:17 - mmengine - INFO - paramwise_options -- backbone.text_model.model.encoder.layer.7.attention.output.LayerNorm.weight:weight_decay=0.05
06/18 12:07:17 - mmengine - INFO - paramwise_options -- backbone.text_model.model.encoder.layer.7.attention.output.LayerNorm.weight:lr_mult=0.1
06/18 12:07:17 - mmengine - INFO - paramwise_options -- backbone.text_model.model.encoder.layer.7.attention.output.LayerNorm.bias:num of params=768
06/18 12:07:17 - mmengine - INFO - paramwise_options -- backbone.text_model.model.encoder.layer.7.attention.output.LayerNorm.bias:lr=2.0000000000000003e-06
06/18 12:07:17 - mmengine - INFO - paramwise_options -- backbone.text_model.model.encoder.layer.7.attention.output.LayerNorm.bias:weight_decay=0.05
06/18 12:07:17 - mmengine - INFO - paramwise_options -- backbone.text_model.model.encoder.layer.7.attention.output.LayerNorm.bias:lr_mult=0.1
06/18 12:07:17 - mmengine - INFO - paramwise_options -- backbone.text_model.model.encoder.layer.7.intermediate.dense.weight:num of params=2359296
06/18 12:07:17 - mmengine - INFO - paramwise_options -- backbone.text_model.model.encoder.layer.7.intermediate.dense.weight:lr=2.0000000000000003e-06
06/18 12:07:17 - mmengine - INFO - paramwise_options -- backbone.text_model.model.encoder.layer.7.intermediate.dense.weight:weight_decay=0.05
06/18 12:07:17 - mmengine - INFO - paramwise_options -- backbone.text_model.model.encoder.layer.7.intermediate.dense.weight:lr_mult=0.1
06/18 12:07:17 - mmengine - INFO - paramwise_options -- backbone.text_model.model.encoder.layer.7.intermediate.dense.bias:num of params=3072
06/18 12:07:17 - mmengine - INFO - paramwise_options -- backbone.text_model.model.encoder.layer.7.intermediate.dense.bias:lr=2.0000000000000003e-06
06/18 12:07:17 - mmengine - INFO - paramwise_options -- backbone.text_model.model.encoder.layer.7.intermediate.dense.bias:weight_decay=0.05
06/18 12:07:17 - mmengine - INFO - paramwise_options -- backbone.text_model.model.encoder.layer.7.intermediate.dense.bias:lr_mult=0.1
06/18 12:07:17 - mmengine - INFO - paramwise_options -- backbone.text_model.model.encoder.layer.7.output.dense.weight:num of params=2359296
06/18 12:07:17 - mmengine - INFO - paramwise_options -- backbone.text_model.model.encoder.layer.7.output.dense.weight:lr=2.0000000000000003e-06
06/18 12:07:17 - mmengine - INFO - paramwise_options -- backbone.text_model.model.encoder.layer.7.output.dense.weight:weight_decay=0.05
06/18 12:07:17 - mmengine - INFO - paramwise_options -- backbone.text_model.model.encoder.layer.7.output.dense.weight:lr_mult=0.1
06/18 12:07:17 - mmengine - INFO - paramwise_options -- backbone.text_model.model.encoder.layer.7.output.dense.bias:num of params=768
06/18 12:07:17 - mmengine - INFO - paramwise_options -- backbone.text_model.model.encoder.layer.7.output.dense.bias:lr=2.0000000000000003e-06
06/18 12:07:17 - mmengine - INFO - paramwise_options -- backbone.text_model.model.encoder.layer.7.output.dense.bias:weight_decay=0.05
06/18 12:07:17 - mmengine - INFO - paramwise_options -- backbone.text_model.model.encoder.layer.7.output.dense.bias:lr_mult=0.1
06/18 12:07:17 - mmengine - INFO - paramwise_options -- backbone.text_model.model.encoder.layer.7.output.LayerNorm.weight:num of params=768
06/18 12:07:17 - mmengine - INFO - paramwise_options -- backbone.text_model.model.encoder.layer.7.output.LayerNorm.weight:lr=2.0000000000000003e-06
06/18 12:07:17 - mmengine - INFO - paramwise_options -- backbone.text_model.model.encoder.layer.7.output.LayerNorm.weight:weight_decay=0.05
06/18 12:07:17 - mmengine - INFO - paramwise_options -- backbone.text_model.model.encoder.layer.7.output.LayerNorm.weight:lr_mult=0.1
06/18 12:07:17 - mmengine - INFO - paramwise_options -- backbone.text_model.model.encoder.layer.7.output.LayerNorm.bias:num of params=768
06/18 12:07:17 - mmengine - INFO - paramwise_options -- backbone.text_model.model.encoder.layer.7.output.LayerNorm.bias:lr=2.0000000000000003e-06
06/18 12:07:17 - mmengine - INFO - paramwise_options -- backbone.text_model.model.encoder.layer.7.output.LayerNorm.bias:weight_decay=0.05
06/18 12:07:17 - mmengine - INFO - paramwise_options -- backbone.text_model.model.encoder.layer.7.output.LayerNorm.bias:lr_mult=0.1
06/18 12:07:17 - mmengine - INFO - paramwise_options -- backbone.text_model.model.encoder.layer.8.attention.self.query.weight:num of params=589824
06/18 12:07:17 - mmengine - INFO - paramwise_options -- backbone.text_model.model.encoder.layer.8.attention.self.query.weight:lr=2.0000000000000003e-06
06/18 12:07:17 - mmengine - INFO - paramwise_options -- backbone.text_model.model.encoder.layer.8.attention.self.query.weight:weight_decay=0.05
06/18 12:07:17 - mmengine - INFO - paramwise_options -- backbone.text_model.model.encoder.layer.8.attention.self.query.weight:lr_mult=0.1
06/18 12:07:17 - mmengine - INFO - paramwise_options -- backbone.text_model.model.encoder.layer.8.attention.self.query.bias:num of params=768
06/18 12:07:17 - mmengine - INFO - paramwise_options -- backbone.text_model.model.encoder.layer.8.attention.self.query.bias:lr=2.0000000000000003e-06
06/18 12:07:17 - mmengine - INFO - paramwise_options -- backbone.text_model.model.encoder.layer.8.attention.self.query.bias:weight_decay=0.05
06/18 12:07:17 - mmengine - INFO - paramwise_options -- backbone.text_model.model.encoder.layer.8.attention.self.query.bias:lr_mult=0.1
06/18 12:07:17 - mmengine - INFO - paramwise_options -- backbone.text_model.model.encoder.layer.8.attention.self.key.weight:num of params=589824
06/18 12:07:17 - mmengine - INFO - paramwise_options -- backbone.text_model.model.encoder.layer.8.attention.self.key.weight:lr=2.0000000000000003e-06
06/18 12:07:17 - mmengine - INFO - paramwise_options -- backbone.text_model.model.encoder.layer.8.attention.self.key.weight:weight_decay=0.05
06/18 12:07:17 - mmengine - INFO - paramwise_options -- backbone.text_model.model.encoder.layer.8.attention.self.key.weight:lr_mult=0.1
06/18 12:07:17 - mmengine - INFO - paramwise_options -- backbone.text_model.model.encoder.layer.8.attention.self.key.bias:num of params=768
06/18 12:07:17 - mmengine - INFO - paramwise_options -- backbone.text_model.model.encoder.layer.8.attention.self.key.bias:lr=2.0000000000000003e-06
06/18 12:07:17 - mmengine - INFO - paramwise_options -- backbone.text_model.model.encoder.layer.8.attention.self.key.bias:weight_decay=0.05
06/18 12:07:17 - mmengine - INFO - paramwise_options -- backbone.text_model.model.encoder.layer.8.attention.self.key.bias:lr_mult=0.1
06/18 12:07:17 - mmengine - INFO - paramwise_options -- backbone.text_model.model.encoder.layer.8.attention.self.value.weight:num of params=589824
06/18 12:07:17 - mmengine - INFO - paramwise_options -- backbone.text_model.model.encoder.layer.8.attention.self.value.weight:lr=2.0000000000000003e-06
06/18 12:07:17 - mmengine - INFO - paramwise_options -- backbone.text_model.model.encoder.layer.8.attention.self.value.weight:weight_decay=0.05
06/18 12:07:17 - mmengine - INFO - paramwise_options -- backbone.text_model.model.encoder.layer.8.attention.self.value.weight:lr_mult=0.1
06/18 12:07:17 - mmengine - INFO - paramwise_options -- backbone.text_model.model.encoder.layer.8.attention.self.value.bias:num of params=768
06/18 12:07:17 - mmengine - INFO - paramwise_options -- backbone.text_model.model.encoder.layer.8.attention.self.value.bias:lr=2.0000000000000003e-06
06/18 12:07:17 - mmengine - INFO - paramwise_options -- backbone.text_model.model.encoder.layer.8.attention.self.value.bias:weight_decay=0.05
06/18 12:07:17 - mmengine - INFO - paramwise_options -- backbone.text_model.model.encoder.layer.8.attention.self.value.bias:lr_mult=0.1
06/18 12:07:17 - mmengine - INFO - paramwise_options -- backbone.text_model.model.encoder.layer.8.attention.output.dense.weight:num of params=589824
06/18 12:07:17 - mmengine - INFO - paramwise_options -- backbone.text_model.model.encoder.layer.8.attention.output.dense.weight:lr=2.0000000000000003e-06
06/18 12:07:17 - mmengine - INFO - paramwise_options -- backbone.text_model.model.encoder.layer.8.attention.output.dense.weight:weight_decay=0.05
06/18 12:07:17 - mmengine - INFO - paramwise_options -- backbone.text_model.model.encoder.layer.8.attention.output.dense.weight:lr_mult=0.1
06/18 12:07:17 - mmengine - INFO - paramwise_options -- backbone.text_model.model.encoder.layer.8.attention.output.dense.bias:num of params=768
06/18 12:07:17 - mmengine - INFO - paramwise_options -- backbone.text_model.model.encoder.layer.8.attention.output.dense.bias:lr=2.0000000000000003e-06
06/18 12:07:17 - mmengine - INFO - paramwise_options -- backbone.text_model.model.encoder.layer.8.attention.output.dense.bias:weight_decay=0.05
06/18 12:07:17 - mmengine - INFO - paramwise_options -- backbone.text_model.model.encoder.layer.8.attention.output.dense.bias:lr_mult=0.1
06/18 12:07:17 - mmengine - INFO - paramwise_options -- backbone.text_model.model.encoder.layer.8.attention.output.LayerNorm.weight:num of params=768
06/18 12:07:17 - mmengine - INFO - paramwise_options -- backbone.text_model.model.encoder.layer.8.attention.output.LayerNorm.weight:lr=2.0000000000000003e-06
06/18 12:07:17 - mmengine - INFO - paramwise_options -- backbone.text_model.model.encoder.layer.8.attention.output.LayerNorm.weight:weight_decay=0.05
06/18 12:07:17 - mmengine - INFO - paramwise_options -- backbone.text_model.model.encoder.layer.8.attention.output.LayerNorm.weight:lr_mult=0.1
06/18 12:07:17 - mmengine - INFO - paramwise_options -- backbone.text_model.model.encoder.layer.8.attention.output.LayerNorm.bias:num of params=768
06/18 12:07:17 - mmengine - INFO - paramwise_options -- backbone.text_model.model.encoder.layer.8.attention.output.LayerNorm.bias:lr=2.0000000000000003e-06
06/18 12:07:17 - mmengine - INFO - paramwise_options -- backbone.text_model.model.encoder.layer.8.attention.output.LayerNorm.bias:weight_decay=0.05
06/18 12:07:17 - mmengine - INFO - paramwise_options -- backbone.text_model.model.encoder.layer.8.attention.output.LayerNorm.bias:lr_mult=0.1
06/18 12:07:17 - mmengine - INFO - paramwise_options -- backbone.text_model.model.encoder.layer.8.intermediate.dense.weight:num of params=2359296
06/18 12:07:17 - mmengine - INFO - paramwise_options -- backbone.text_model.model.encoder.layer.8.intermediate.dense.weight:lr=2.0000000000000003e-06
06/18 12:07:17 - mmengine - INFO - paramwise_options -- backbone.text_model.model.encoder.layer.8.intermediate.dense.weight:weight_decay=0.05
06/18 12:07:17 - mmengine - INFO - paramwise_options -- backbone.text_model.model.encoder.layer.8.intermediate.dense.weight:lr_mult=0.1
06/18 12:07:17 - mmengine - INFO - paramwise_options -- backbone.text_model.model.encoder.layer.8.intermediate.dense.bias:num of params=3072
06/18 12:07:17 - mmengine - INFO - paramwise_options -- backbone.text_model.model.encoder.layer.8.intermediate.dense.bias:lr=2.0000000000000003e-06
06/18 12:07:17 - mmengine - INFO - paramwise_options -- backbone.text_model.model.encoder.layer.8.intermediate.dense.bias:weight_decay=0.05
06/18 12:07:17 - mmengine - INFO - paramwise_options -- backbone.text_model.model.encoder.layer.8.intermediate.dense.bias:lr_mult=0.1
06/18 12:07:17 - mmengine - INFO - paramwise_options -- backbone.text_model.model.encoder.layer.8.output.dense.weight:num of params=2359296
06/18 12:07:17 - mmengine - INFO - paramwise_options -- backbone.text_model.model.encoder.layer.8.output.dense.weight:lr=2.0000000000000003e-06
06/18 12:07:17 - mmengine - INFO - paramwise_options -- backbone.text_model.model.encoder.layer.8.output.dense.weight:weight_decay=0.05
06/18 12:07:17 - mmengine - INFO - paramwise_options -- backbone.text_model.model.encoder.layer.8.output.dense.weight:lr_mult=0.1
06/18 12:07:17 - mmengine - INFO - paramwise_options -- backbone.text_model.model.encoder.layer.8.output.dense.bias:num of params=768
06/18 12:07:17 - mmengine - INFO - paramwise_options -- backbone.text_model.model.encoder.layer.8.output.dense.bias:lr=2.0000000000000003e-06
06/18 12:07:17 - mmengine - INFO - paramwise_options -- backbone.text_model.model.encoder.layer.8.output.dense.bias:weight_decay=0.05
06/18 12:07:17 - mmengine - INFO - paramwise_options -- backbone.text_model.model.encoder.layer.8.output.dense.bias:lr_mult=0.1
06/18 12:07:17 - mmengine - INFO - paramwise_options -- backbone.text_model.model.encoder.layer.8.output.LayerNorm.weight:num of params=768
06/18 12:07:17 - mmengine - INFO - paramwise_options -- backbone.text_model.model.encoder.layer.8.output.LayerNorm.weight:lr=2.0000000000000003e-06
06/18 12:07:17 - mmengine - INFO - paramwise_options -- backbone.text_model.model.encoder.layer.8.output.LayerNorm.weight:weight_decay=0.05
06/18 12:07:17 - mmengine - INFO - paramwise_options -- backbone.text_model.model.encoder.layer.8.output.LayerNorm.weight:lr_mult=0.1
06/18 12:07:17 - mmengine - INFO - paramwise_options -- backbone.text_model.model.encoder.layer.8.output.LayerNorm.bias:num of params=768
06/18 12:07:17 - mmengine - INFO - paramwise_options -- backbone.text_model.model.encoder.layer.8.output.LayerNorm.bias:lr=2.0000000000000003e-06
06/18 12:07:17 - mmengine - INFO - paramwise_options -- backbone.text_model.model.encoder.layer.8.output.LayerNorm.bias:weight_decay=0.05
06/18 12:07:17 - mmengine - INFO - paramwise_options -- backbone.text_model.model.encoder.layer.8.output.LayerNorm.bias:lr_mult=0.1
06/18 12:07:17 - mmengine - INFO - paramwise_options -- backbone.text_model.model.encoder.layer.9.attention.self.query.weight:num of params=589824
06/18 12:07:17 - mmengine - INFO - paramwise_options -- backbone.text_model.model.encoder.layer.9.attention.self.query.weight:lr=2.0000000000000003e-06
06/18 12:07:17 - mmengine - INFO - paramwise_options -- backbone.text_model.model.encoder.layer.9.attention.self.query.weight:weight_decay=0.05
06/18 12:07:17 - mmengine - INFO - paramwise_options -- backbone.text_model.model.encoder.layer.9.attention.self.query.weight:lr_mult=0.1
06/18 12:07:17 - mmengine - INFO - paramwise_options -- backbone.text_model.model.encoder.layer.9.attention.self.query.bias:num of params=768
06/18 12:07:17 - mmengine - INFO - paramwise_options -- backbone.text_model.model.encoder.layer.9.attention.self.query.bias:lr=2.0000000000000003e-06
06/18 12:07:17 - mmengine - INFO - paramwise_options -- backbone.text_model.model.encoder.layer.9.attention.self.query.bias:weight_decay=0.05
06/18 12:07:17 - mmengine - INFO - paramwise_options -- backbone.text_model.model.encoder.layer.9.attention.self.query.bias:lr_mult=0.1
06/18 12:07:17 - mmengine - INFO - paramwise_options -- backbone.text_model.model.encoder.layer.9.attention.self.key.weight:num of params=589824
06/18 12:07:17 - mmengine - INFO - paramwise_options -- backbone.text_model.model.encoder.layer.9.attention.self.key.weight:lr=2.0000000000000003e-06
06/18 12:07:17 - mmengine - INFO - paramwise_options -- backbone.text_model.model.encoder.layer.9.attention.self.key.weight:weight_decay=0.05
06/18 12:07:17 - mmengine - INFO - paramwise_options -- backbone.text_model.model.encoder.layer.9.attention.self.key.weight:lr_mult=0.1
06/18 12:07:17 - mmengine - INFO - paramwise_options -- backbone.text_model.model.encoder.layer.9.attention.self.key.bias:num of params=768
06/18 12:07:17 - mmengine - INFO - paramwise_options -- backbone.text_model.model.encoder.layer.9.attention.self.key.bias:lr=2.0000000000000003e-06
06/18 12:07:17 - mmengine - INFO - paramwise_options -- backbone.text_model.model.encoder.layer.9.attention.self.key.bias:weight_decay=0.05
06/18 12:07:17 - mmengine - INFO - paramwise_options -- backbone.text_model.model.encoder.layer.9.attention.self.key.bias:lr_mult=0.1
06/18 12:07:17 - mmengine - INFO - paramwise_options -- backbone.text_model.model.encoder.layer.9.attention.self.value.weight:num of params=589824
06/18 12:07:17 - mmengine - INFO - paramwise_options -- backbone.text_model.model.encoder.layer.9.attention.self.value.weight:lr=2.0000000000000003e-06
06/18 12:07:17 - mmengine - INFO - paramwise_options -- backbone.text_model.model.encoder.layer.9.attention.self.value.weight:weight_decay=0.05
06/18 12:07:17 - mmengine - INFO - paramwise_options -- backbone.text_model.model.encoder.layer.9.attention.self.value.weight:lr_mult=0.1
06/18 12:07:17 - mmengine - INFO - paramwise_options -- backbone.text_model.model.encoder.layer.9.attention.self.value.bias:num of params=768
06/18 12:07:17 - mmengine - INFO - paramwise_options -- backbone.text_model.model.encoder.layer.9.attention.self.value.bias:lr=2.0000000000000003e-06
06/18 12:07:17 - mmengine - INFO - paramwise_options -- backbone.text_model.model.encoder.layer.9.attention.self.value.bias:weight_decay=0.05
06/18 12:07:17 - mmengine - INFO - paramwise_options -- backbone.text_model.model.encoder.layer.9.attention.self.value.bias:lr_mult=0.1
06/18 12:07:17 - mmengine - INFO - paramwise_options -- backbone.text_model.model.encoder.layer.9.attention.output.dense.weight:num of params=589824
06/18 12:07:17 - mmengine - INFO - paramwise_options -- backbone.text_model.model.encoder.layer.9.attention.output.dense.weight:lr=2.0000000000000003e-06
06/18 12:07:17 - mmengine - INFO - paramwise_options -- backbone.text_model.model.encoder.layer.9.attention.output.dense.weight:weight_decay=0.05
06/18 12:07:17 - mmengine - INFO - paramwise_options -- backbone.text_model.model.encoder.layer.9.attention.output.dense.weight:lr_mult=0.1
06/18 12:07:17 - mmengine - INFO - paramwise_options -- backbone.text_model.model.encoder.layer.9.attention.output.dense.bias:num of params=768
06/18 12:07:17 - mmengine - INFO - paramwise_options -- backbone.text_model.model.encoder.layer.9.attention.output.dense.bias:lr=2.0000000000000003e-06
06/18 12:07:17 - mmengine - INFO - paramwise_options -- backbone.text_model.model.encoder.layer.9.attention.output.dense.bias:weight_decay=0.05
06/18 12:07:17 - mmengine - INFO - paramwise_options -- backbone.text_model.model.encoder.layer.9.attention.output.dense.bias:lr_mult=0.1
06/18 12:07:17 - mmengine - INFO - paramwise_options -- backbone.text_model.model.encoder.layer.9.attention.output.LayerNorm.weight:num of params=768
06/18 12:07:17 - mmengine - INFO - paramwise_options -- backbone.text_model.model.encoder.layer.9.attention.output.LayerNorm.weight:lr=2.0000000000000003e-06
06/18 12:07:17 - mmengine - INFO - paramwise_options -- backbone.text_model.model.encoder.layer.9.attention.output.LayerNorm.weight:weight_decay=0.05
06/18 12:07:17 - mmengine - INFO - paramwise_options -- backbone.text_model.model.encoder.layer.9.attention.output.LayerNorm.weight:lr_mult=0.1
06/18 12:07:17 - mmengine - INFO - paramwise_options -- backbone.text_model.model.encoder.layer.9.attention.output.LayerNorm.bias:num of params=768
06/18 12:07:17 - mmengine - INFO - paramwise_options -- backbone.text_model.model.encoder.layer.9.attention.output.LayerNorm.bias:lr=2.0000000000000003e-06
06/18 12:07:17 - mmengine - INFO - paramwise_options -- backbone.text_model.model.encoder.layer.9.attention.output.LayerNorm.bias:weight_decay=0.05
06/18 12:07:17 - mmengine - INFO - paramwise_options -- backbone.text_model.model.encoder.layer.9.attention.output.LayerNorm.bias:lr_mult=0.1
06/18 12:07:17 - mmengine - INFO - paramwise_options -- backbone.text_model.model.encoder.layer.9.intermediate.dense.weight:num of params=2359296
06/18 12:07:17 - mmengine - INFO - paramwise_options -- backbone.text_model.model.encoder.layer.9.intermediate.dense.weight:lr=2.0000000000000003e-06
06/18 12:07:17 - mmengine - INFO - paramwise_options -- backbone.text_model.model.encoder.layer.9.intermediate.dense.weight:weight_decay=0.05
06/18 12:07:17 - mmengine - INFO - paramwise_options -- backbone.text_model.model.encoder.layer.9.intermediate.dense.weight:lr_mult=0.1
06/18 12:07:17 - mmengine - INFO - paramwise_options -- backbone.text_model.model.encoder.layer.9.intermediate.dense.bias:num of params=3072
06/18 12:07:17 - mmengine - INFO - paramwise_options -- backbone.text_model.model.encoder.layer.9.intermediate.dense.bias:lr=2.0000000000000003e-06
06/18 12:07:17 - mmengine - INFO - paramwise_options -- backbone.text_model.model.encoder.layer.9.intermediate.dense.bias:weight_decay=0.05
06/18 12:07:17 - mmengine - INFO - paramwise_options -- backbone.text_model.model.encoder.layer.9.intermediate.dense.bias:lr_mult=0.1
06/18 12:07:17 - mmengine - INFO - paramwise_options -- backbone.text_model.model.encoder.layer.9.output.dense.weight:num of params=2359296
06/18 12:07:17 - mmengine - INFO - paramwise_options -- backbone.text_model.model.encoder.layer.9.output.dense.weight:lr=2.0000000000000003e-06
06/18 12:07:17 - mmengine - INFO - paramwise_options -- backbone.text_model.model.encoder.layer.9.output.dense.weight:weight_decay=0.05
06/18 12:07:17 - mmengine - INFO - paramwise_options -- backbone.text_model.model.encoder.layer.9.output.dense.weight:lr_mult=0.1
06/18 12:07:17 - mmengine - INFO - paramwise_options -- backbone.text_model.model.encoder.layer.9.output.dense.bias:num of params=768
06/18 12:07:17 - mmengine - INFO - paramwise_options -- backbone.text_model.model.encoder.layer.9.output.dense.bias:lr=2.0000000000000003e-06
06/18 12:07:17 - mmengine - INFO - paramwise_options -- backbone.text_model.model.encoder.layer.9.output.dense.bias:weight_decay=0.05
06/18 12:07:17 - mmengine - INFO - paramwise_options -- backbone.text_model.model.encoder.layer.9.output.dense.bias:lr_mult=0.1
06/18 12:07:17 - mmengine - INFO - paramwise_options -- backbone.text_model.model.encoder.layer.9.output.LayerNorm.weight:num of params=768
06/18 12:07:17 - mmengine - INFO - paramwise_options -- backbone.text_model.model.encoder.layer.9.output.LayerNorm.weight:lr=2.0000000000000003e-06
06/18 12:07:17 - mmengine - INFO - paramwise_options -- backbone.text_model.model.encoder.layer.9.output.LayerNorm.weight:weight_decay=0.05
06/18 12:07:17 - mmengine - INFO - paramwise_options -- backbone.text_model.model.encoder.layer.9.output.LayerNorm.weight:lr_mult=0.1
06/18 12:07:17 - mmengine - INFO - paramwise_options -- backbone.text_model.model.encoder.layer.9.output.LayerNorm.bias:num of params=768
06/18 12:07:17 - mmengine - INFO - paramwise_options -- backbone.text_model.model.encoder.layer.9.output.LayerNorm.bias:lr=2.0000000000000003e-06
06/18 12:07:17 - mmengine - INFO - paramwise_options -- backbone.text_model.model.encoder.layer.9.output.LayerNorm.bias:weight_decay=0.05
06/18 12:07:17 - mmengine - INFO - paramwise_options -- backbone.text_model.model.encoder.layer.9.output.LayerNorm.bias:lr_mult=0.1
06/18 12:07:17 - mmengine - INFO - paramwise_options -- backbone.text_model.model.encoder.layer.10.attention.self.query.weight:num of params=589824
06/18 12:07:17 - mmengine - INFO - paramwise_options -- backbone.text_model.model.encoder.layer.10.attention.self.query.weight:lr=2.0000000000000003e-06
06/18 12:07:17 - mmengine - INFO - paramwise_options -- backbone.text_model.model.encoder.layer.10.attention.self.query.weight:weight_decay=0.05
06/18 12:07:17 - mmengine - INFO - paramwise_options -- backbone.text_model.model.encoder.layer.10.attention.self.query.weight:lr_mult=0.1
06/18 12:07:17 - mmengine - INFO - paramwise_options -- backbone.text_model.model.encoder.layer.10.attention.self.query.bias:num of params=768
06/18 12:07:17 - mmengine - INFO - paramwise_options -- backbone.text_model.model.encoder.layer.10.attention.self.query.bias:lr=2.0000000000000003e-06
06/18 12:07:17 - mmengine - INFO - paramwise_options -- backbone.text_model.model.encoder.layer.10.attention.self.query.bias:weight_decay=0.05
06/18 12:07:17 - mmengine - INFO - paramwise_options -- backbone.text_model.model.encoder.layer.10.attention.self.query.bias:lr_mult=0.1
06/18 12:07:17 - mmengine - INFO - paramwise_options -- backbone.text_model.model.encoder.layer.10.attention.self.key.weight:num of params=589824
06/18 12:07:17 - mmengine - INFO - paramwise_options -- backbone.text_model.model.encoder.layer.10.attention.self.key.weight:lr=2.0000000000000003e-06
06/18 12:07:17 - mmengine - INFO - paramwise_options -- backbone.text_model.model.encoder.layer.10.attention.self.key.weight:weight_decay=0.05
06/18 12:07:17 - mmengine - INFO - paramwise_options -- backbone.text_model.model.encoder.layer.10.attention.self.key.weight:lr_mult=0.1
06/18 12:07:17 - mmengine - INFO - paramwise_options -- backbone.text_model.model.encoder.layer.10.attention.self.key.bias:num of params=768
06/18 12:07:17 - mmengine - INFO - paramwise_options -- backbone.text_model.model.encoder.layer.10.attention.self.key.bias:lr=2.0000000000000003e-06
06/18 12:07:17 - mmengine - INFO - paramwise_options -- backbone.text_model.model.encoder.layer.10.attention.self.key.bias:weight_decay=0.05
06/18 12:07:17 - mmengine - INFO - paramwise_options -- backbone.text_model.model.encoder.layer.10.attention.self.key.bias:lr_mult=0.1
06/18 12:07:17 - mmengine - INFO - paramwise_options -- backbone.text_model.model.encoder.layer.10.attention.self.value.weight:num of params=589824
06/18 12:07:17 - mmengine - INFO - paramwise_options -- backbone.text_model.model.encoder.layer.10.attention.self.value.weight:lr=2.0000000000000003e-06
06/18 12:07:17 - mmengine - INFO - paramwise_options -- backbone.text_model.model.encoder.layer.10.attention.self.value.weight:weight_decay=0.05
06/18 12:07:17 - mmengine - INFO - paramwise_options -- backbone.text_model.model.encoder.layer.10.attention.self.value.weight:lr_mult=0.1
06/18 12:07:17 - mmengine - INFO - paramwise_options -- backbone.text_model.model.encoder.layer.10.attention.self.value.bias:num of params=768
06/18 12:07:17 - mmengine - INFO - paramwise_options -- backbone.text_model.model.encoder.layer.10.attention.self.value.bias:lr=2.0000000000000003e-06
06/18 12:07:17 - mmengine - INFO - paramwise_options -- backbone.text_model.model.encoder.layer.10.attention.self.value.bias:weight_decay=0.05
06/18 12:07:17 - mmengine - INFO - paramwise_options -- backbone.text_model.model.encoder.layer.10.attention.self.value.bias:lr_mult=0.1
06/18 12:07:17 - mmengine - INFO - paramwise_options -- backbone.text_model.model.encoder.layer.10.attention.output.dense.weight:num of params=589824
06/18 12:07:17 - mmengine - INFO - paramwise_options -- backbone.text_model.model.encoder.layer.10.attention.output.dense.weight:lr=2.0000000000000003e-06
06/18 12:07:17 - mmengine - INFO - paramwise_options -- backbone.text_model.model.encoder.layer.10.attention.output.dense.weight:weight_decay=0.05
06/18 12:07:17 - mmengine - INFO - paramwise_options -- backbone.text_model.model.encoder.layer.10.attention.output.dense.weight:lr_mult=0.1
06/18 12:07:17 - mmengine - INFO - paramwise_options -- backbone.text_model.model.encoder.layer.10.attention.output.dense.bias:num of params=768
06/18 12:07:17 - mmengine - INFO - paramwise_options -- backbone.text_model.model.encoder.layer.10.attention.output.dense.bias:lr=2.0000000000000003e-06
06/18 12:07:17 - mmengine - INFO - paramwise_options -- backbone.text_model.model.encoder.layer.10.attention.output.dense.bias:weight_decay=0.05
06/18 12:07:17 - mmengine - INFO - paramwise_options -- backbone.text_model.model.encoder.layer.10.attention.output.dense.bias:lr_mult=0.1
06/18 12:07:17 - mmengine - INFO - paramwise_options -- backbone.text_model.model.encoder.layer.10.attention.output.LayerNorm.weight:num of params=768
06/18 12:07:17 - mmengine - INFO - paramwise_options -- backbone.text_model.model.encoder.layer.10.attention.output.LayerNorm.weight:lr=2.0000000000000003e-06
06/18 12:07:17 - mmengine - INFO - paramwise_options -- backbone.text_model.model.encoder.layer.10.attention.output.LayerNorm.weight:weight_decay=0.05
06/18 12:07:17 - mmengine - INFO - paramwise_options -- backbone.text_model.model.encoder.layer.10.attention.output.LayerNorm.weight:lr_mult=0.1
06/18 12:07:17 - mmengine - INFO - paramwise_options -- backbone.text_model.model.encoder.layer.10.attention.output.LayerNorm.bias:num of params=768
06/18 12:07:17 - mmengine - INFO - paramwise_options -- backbone.text_model.model.encoder.layer.10.attention.output.LayerNorm.bias:lr=2.0000000000000003e-06
06/18 12:07:17 - mmengine - INFO - paramwise_options -- backbone.text_model.model.encoder.layer.10.attention.output.LayerNorm.bias:weight_decay=0.05
06/18 12:07:17 - mmengine - INFO - paramwise_options -- backbone.text_model.model.encoder.layer.10.attention.output.LayerNorm.bias:lr_mult=0.1
06/18 12:07:17 - mmengine - INFO - paramwise_options -- backbone.text_model.model.encoder.layer.10.intermediate.dense.weight:num of params=2359296
06/18 12:07:17 - mmengine - INFO - paramwise_options -- backbone.text_model.model.encoder.layer.10.intermediate.dense.weight:lr=2.0000000000000003e-06
06/18 12:07:17 - mmengine - INFO - paramwise_options -- backbone.text_model.model.encoder.layer.10.intermediate.dense.weight:weight_decay=0.05
06/18 12:07:17 - mmengine - INFO - paramwise_options -- backbone.text_model.model.encoder.layer.10.intermediate.dense.weight:lr_mult=0.1
06/18 12:07:17 - mmengine - INFO - paramwise_options -- backbone.text_model.model.encoder.layer.10.intermediate.dense.bias:num of params=3072
06/18 12:07:17 - mmengine - INFO - paramwise_options -- backbone.text_model.model.encoder.layer.10.intermediate.dense.bias:lr=2.0000000000000003e-06
06/18 12:07:17 - mmengine - INFO - paramwise_options -- backbone.text_model.model.encoder.layer.10.intermediate.dense.bias:weight_decay=0.05
06/18 12:07:17 - mmengine - INFO - paramwise_options -- backbone.text_model.model.encoder.layer.10.intermediate.dense.bias:lr_mult=0.1
06/18 12:07:17 - mmengine - INFO - paramwise_options -- backbone.text_model.model.encoder.layer.10.output.dense.weight:num of params=2359296
06/18 12:07:17 - mmengine - INFO - paramwise_options -- backbone.text_model.model.encoder.layer.10.output.dense.weight:lr=2.0000000000000003e-06
06/18 12:07:17 - mmengine - INFO - paramwise_options -- backbone.text_model.model.encoder.layer.10.output.dense.weight:weight_decay=0.05
06/18 12:07:17 - mmengine - INFO - paramwise_options -- backbone.text_model.model.encoder.layer.10.output.dense.weight:lr_mult=0.1
06/18 12:07:17 - mmengine - INFO - paramwise_options -- backbone.text_model.model.encoder.layer.10.output.dense.bias:num of params=768
06/18 12:07:17 - mmengine - INFO - paramwise_options -- backbone.text_model.model.encoder.layer.10.output.dense.bias:lr=2.0000000000000003e-06
06/18 12:07:17 - mmengine - INFO - paramwise_options -- backbone.text_model.model.encoder.layer.10.output.dense.bias:weight_decay=0.05
06/18 12:07:17 - mmengine - INFO - paramwise_options -- backbone.text_model.model.encoder.layer.10.output.dense.bias:lr_mult=0.1
06/18 12:07:17 - mmengine - INFO - paramwise_options -- backbone.text_model.model.encoder.layer.10.output.LayerNorm.weight:num of params=768
06/18 12:07:17 - mmengine - INFO - paramwise_options -- backbone.text_model.model.encoder.layer.10.output.LayerNorm.weight:lr=2.0000000000000003e-06
06/18 12:07:17 - mmengine - INFO - paramwise_options -- backbone.text_model.model.encoder.layer.10.output.LayerNorm.weight:weight_decay=0.05
06/18 12:07:17 - mmengine - INFO - paramwise_options -- backbone.text_model.model.encoder.layer.10.output.LayerNorm.weight:lr_mult=0.1
06/18 12:07:17 - mmengine - INFO - paramwise_options -- backbone.text_model.model.encoder.layer.10.output.LayerNorm.bias:num of params=768
06/18 12:07:17 - mmengine - INFO - paramwise_options -- backbone.text_model.model.encoder.layer.10.output.LayerNorm.bias:lr=2.0000000000000003e-06
06/18 12:07:17 - mmengine - INFO - paramwise_options -- backbone.text_model.model.encoder.layer.10.output.LayerNorm.bias:weight_decay=0.05
06/18 12:07:17 - mmengine - INFO - paramwise_options -- backbone.text_model.model.encoder.layer.10.output.LayerNorm.bias:lr_mult=0.1
06/18 12:07:17 - mmengine - INFO - paramwise_options -- backbone.text_model.model.encoder.layer.11.attention.self.query.weight:num of params=589824
06/18 12:07:17 - mmengine - INFO - paramwise_options -- backbone.text_model.model.encoder.layer.11.attention.self.query.weight:lr=2.0000000000000003e-06
06/18 12:07:17 - mmengine - INFO - paramwise_options -- backbone.text_model.model.encoder.layer.11.attention.self.query.weight:weight_decay=0.05
06/18 12:07:17 - mmengine - INFO - paramwise_options -- backbone.text_model.model.encoder.layer.11.attention.self.query.weight:lr_mult=0.1
06/18 12:07:17 - mmengine - INFO - paramwise_options -- backbone.text_model.model.encoder.layer.11.attention.self.query.bias:num of params=768
06/18 12:07:17 - mmengine - INFO - paramwise_options -- backbone.text_model.model.encoder.layer.11.attention.self.query.bias:lr=2.0000000000000003e-06
06/18 12:07:17 - mmengine - INFO - paramwise_options -- backbone.text_model.model.encoder.layer.11.attention.self.query.bias:weight_decay=0.05
06/18 12:07:17 - mmengine - INFO - paramwise_options -- backbone.text_model.model.encoder.layer.11.attention.self.query.bias:lr_mult=0.1
06/18 12:07:17 - mmengine - INFO - paramwise_options -- backbone.text_model.model.encoder.layer.11.attention.self.key.weight:num of params=589824
06/18 12:07:17 - mmengine - INFO - paramwise_options -- backbone.text_model.model.encoder.layer.11.attention.self.key.weight:lr=2.0000000000000003e-06
06/18 12:07:17 - mmengine - INFO - paramwise_options -- backbone.text_model.model.encoder.layer.11.attention.self.key.weight:weight_decay=0.05
06/18 12:07:17 - mmengine - INFO - paramwise_options -- backbone.text_model.model.encoder.layer.11.attention.self.key.weight:lr_mult=0.1
06/18 12:07:17 - mmengine - INFO - paramwise_options -- backbone.text_model.model.encoder.layer.11.attention.self.key.bias:num of params=768
06/18 12:07:17 - mmengine - INFO - paramwise_options -- backbone.text_model.model.encoder.layer.11.attention.self.key.bias:lr=2.0000000000000003e-06
06/18 12:07:17 - mmengine - INFO - paramwise_options -- backbone.text_model.model.encoder.layer.11.attention.self.key.bias:weight_decay=0.05
06/18 12:07:17 - mmengine - INFO - paramwise_options -- backbone.text_model.model.encoder.layer.11.attention.self.key.bias:lr_mult=0.1
06/18 12:07:17 - mmengine - INFO - paramwise_options -- backbone.text_model.model.encoder.layer.11.attention.self.value.weight:num of params=589824
06/18 12:07:17 - mmengine - INFO - paramwise_options -- backbone.text_model.model.encoder.layer.11.attention.self.value.weight:lr=2.0000000000000003e-06
06/18 12:07:17 - mmengine - INFO - paramwise_options -- backbone.text_model.model.encoder.layer.11.attention.self.value.weight:weight_decay=0.05
06/18 12:07:17 - mmengine - INFO - paramwise_options -- backbone.text_model.model.encoder.layer.11.attention.self.value.weight:lr_mult=0.1
06/18 12:07:17 - mmengine - INFO - paramwise_options -- backbone.text_model.model.encoder.layer.11.attention.self.value.bias:num of params=768
06/18 12:07:17 - mmengine - INFO - paramwise_options -- backbone.text_model.model.encoder.layer.11.attention.self.value.bias:lr=2.0000000000000003e-06
06/18 12:07:17 - mmengine - INFO - paramwise_options -- backbone.text_model.model.encoder.layer.11.attention.self.value.bias:weight_decay=0.05
06/18 12:07:17 - mmengine - INFO - paramwise_options -- backbone.text_model.model.encoder.layer.11.attention.self.value.bias:lr_mult=0.1
06/18 12:07:17 - mmengine - INFO - paramwise_options -- backbone.text_model.model.encoder.layer.11.attention.output.dense.weight:num of params=589824
06/18 12:07:17 - mmengine - INFO - paramwise_options -- backbone.text_model.model.encoder.layer.11.attention.output.dense.weight:lr=2.0000000000000003e-06
06/18 12:07:17 - mmengine - INFO - paramwise_options -- backbone.text_model.model.encoder.layer.11.attention.output.dense.weight:weight_decay=0.05
06/18 12:07:17 - mmengine - INFO - paramwise_options -- backbone.text_model.model.encoder.layer.11.attention.output.dense.weight:lr_mult=0.1
06/18 12:07:17 - mmengine - INFO - paramwise_options -- backbone.text_model.model.encoder.layer.11.attention.output.dense.bias:num of params=768
06/18 12:07:17 - mmengine - INFO - paramwise_options -- backbone.text_model.model.encoder.layer.11.attention.output.dense.bias:lr=2.0000000000000003e-06
06/18 12:07:17 - mmengine - INFO - paramwise_options -- backbone.text_model.model.encoder.layer.11.attention.output.dense.bias:weight_decay=0.05
06/18 12:07:17 - mmengine - INFO - paramwise_options -- backbone.text_model.model.encoder.layer.11.attention.output.dense.bias:lr_mult=0.1
06/18 12:07:17 - mmengine - INFO - paramwise_options -- backbone.text_model.model.encoder.layer.11.attention.output.LayerNorm.weight:num of params=768
06/18 12:07:17 - mmengine - INFO - paramwise_options -- backbone.text_model.model.encoder.layer.11.attention.output.LayerNorm.weight:lr=2.0000000000000003e-06
06/18 12:07:17 - mmengine - INFO - paramwise_options -- backbone.text_model.model.encoder.layer.11.attention.output.LayerNorm.weight:weight_decay=0.05
06/18 12:07:17 - mmengine - INFO - paramwise_options -- backbone.text_model.model.encoder.layer.11.attention.output.LayerNorm.weight:lr_mult=0.1
06/18 12:07:17 - mmengine - INFO - paramwise_options -- backbone.text_model.model.encoder.layer.11.attention.output.LayerNorm.bias:num of params=768
06/18 12:07:17 - mmengine - INFO - paramwise_options -- backbone.text_model.model.encoder.layer.11.attention.output.LayerNorm.bias:lr=2.0000000000000003e-06
06/18 12:07:17 - mmengine - INFO - paramwise_options -- backbone.text_model.model.encoder.layer.11.attention.output.LayerNorm.bias:weight_decay=0.05
06/18 12:07:17 - mmengine - INFO - paramwise_options -- backbone.text_model.model.encoder.layer.11.attention.output.LayerNorm.bias:lr_mult=0.1
06/18 12:07:17 - mmengine - INFO - paramwise_options -- backbone.text_model.model.encoder.layer.11.intermediate.dense.weight:num of params=2359296
06/18 12:07:17 - mmengine - INFO - paramwise_options -- backbone.text_model.model.encoder.layer.11.intermediate.dense.weight:lr=2.0000000000000003e-06
06/18 12:07:17 - mmengine - INFO - paramwise_options -- backbone.text_model.model.encoder.layer.11.intermediate.dense.weight:weight_decay=0.05
06/18 12:07:17 - mmengine - INFO - paramwise_options -- backbone.text_model.model.encoder.layer.11.intermediate.dense.weight:lr_mult=0.1
06/18 12:07:17 - mmengine - INFO - paramwise_options -- backbone.text_model.model.encoder.layer.11.intermediate.dense.bias:num of params=3072
06/18 12:07:17 - mmengine - INFO - paramwise_options -- backbone.text_model.model.encoder.layer.11.intermediate.dense.bias:lr=2.0000000000000003e-06
06/18 12:07:17 - mmengine - INFO - paramwise_options -- backbone.text_model.model.encoder.layer.11.intermediate.dense.bias:weight_decay=0.05
06/18 12:07:17 - mmengine - INFO - paramwise_options -- backbone.text_model.model.encoder.layer.11.intermediate.dense.bias:lr_mult=0.1
06/18 12:07:17 - mmengine - INFO - paramwise_options -- backbone.text_model.model.encoder.layer.11.output.dense.weight:num of params=2359296
06/18 12:07:17 - mmengine - INFO - paramwise_options -- backbone.text_model.model.encoder.layer.11.output.dense.weight:lr=2.0000000000000003e-06
06/18 12:07:17 - mmengine - INFO - paramwise_options -- backbone.text_model.model.encoder.layer.11.output.dense.weight:weight_decay=0.05
06/18 12:07:17 - mmengine - INFO - paramwise_options -- backbone.text_model.model.encoder.layer.11.output.dense.weight:lr_mult=0.1
06/18 12:07:17 - mmengine - INFO - paramwise_options -- backbone.text_model.model.encoder.layer.11.output.dense.bias:num of params=768
06/18 12:07:17 - mmengine - INFO - paramwise_options -- backbone.text_model.model.encoder.layer.11.output.dense.bias:lr=2.0000000000000003e-06
06/18 12:07:17 - mmengine - INFO - paramwise_options -- backbone.text_model.model.encoder.layer.11.output.dense.bias:weight_decay=0.05
06/18 12:07:17 - mmengine - INFO - paramwise_options -- backbone.text_model.model.encoder.layer.11.output.dense.bias:lr_mult=0.1
06/18 12:07:17 - mmengine - INFO - paramwise_options -- backbone.text_model.model.encoder.layer.11.output.LayerNorm.weight:num of params=768
06/18 12:07:17 - mmengine - INFO - paramwise_options -- backbone.text_model.model.encoder.layer.11.output.LayerNorm.weight:lr=2.0000000000000003e-06
06/18 12:07:17 - mmengine - INFO - paramwise_options -- backbone.text_model.model.encoder.layer.11.output.LayerNorm.weight:weight_decay=0.05
06/18 12:07:17 - mmengine - INFO - paramwise_options -- backbone.text_model.model.encoder.layer.11.output.LayerNorm.weight:lr_mult=0.1
06/18 12:07:17 - mmengine - INFO - paramwise_options -- backbone.text_model.model.encoder.layer.11.output.LayerNorm.bias:num of params=768
06/18 12:07:17 - mmengine - INFO - paramwise_options -- backbone.text_model.model.encoder.layer.11.output.LayerNorm.bias:lr=2.0000000000000003e-06
06/18 12:07:17 - mmengine - INFO - paramwise_options -- backbone.text_model.model.encoder.layer.11.output.LayerNorm.bias:weight_decay=0.05
06/18 12:07:17 - mmengine - INFO - paramwise_options -- backbone.text_model.model.encoder.layer.11.output.LayerNorm.bias:lr_mult=0.1
06/18 12:07:17 - mmengine - INFO - paramwise_options -- backbone.text_model.model.pooler.dense.weight:num of params=589824
06/18 12:07:17 - mmengine - INFO - paramwise_options -- backbone.text_model.model.pooler.dense.weight:lr=2.0000000000000003e-06
06/18 12:07:17 - mmengine - INFO - paramwise_options -- backbone.text_model.model.pooler.dense.weight:weight_decay=0.05
06/18 12:07:17 - mmengine - INFO - paramwise_options -- backbone.text_model.model.pooler.dense.weight:lr_mult=0.1
06/18 12:07:17 - mmengine - INFO - paramwise_options -- backbone.text_model.model.pooler.dense.bias:num of params=768
06/18 12:07:17 - mmengine - INFO - paramwise_options -- backbone.text_model.model.pooler.dense.bias:lr=2.0000000000000003e-06
06/18 12:07:17 - mmengine - INFO - paramwise_options -- backbone.text_model.model.pooler.dense.bias:weight_decay=0.05
06/18 12:07:17 - mmengine - INFO - paramwise_options -- backbone.text_model.model.pooler.dense.bias:lr_mult=0.1
06/18 12:07:17 - mmengine - INFO - paramwise_options -- backbone.text_model.head.weight:num of params=589824
06/18 12:07:17 - mmengine - INFO - paramwise_options -- backbone.text_model.head.weight:lr=2.0000000000000003e-06
06/18 12:07:17 - mmengine - INFO - paramwise_options -- backbone.text_model.head.weight:weight_decay=0.05
06/18 12:07:17 - mmengine - INFO - paramwise_options -- backbone.text_model.head.weight:lr_mult=0.1
06/18 12:07:17 - mmengine - INFO - paramwise_options -- backbone.text_model.head.bias:num of params=768
06/18 12:07:17 - mmengine - INFO - paramwise_options -- backbone.text_model.head.bias:lr=2.0000000000000003e-06
06/18 12:07:17 - mmengine - INFO - paramwise_options -- backbone.text_model.head.bias:weight_decay=0.05
06/18 12:07:17 - mmengine - INFO - paramwise_options -- backbone.text_model.head.bias:lr_mult=0.1
06/18 12:07:17 - mmengine - INFO - paramwise_options -- neck.reduce_layer0.block.conv.weight:num of params=262144
06/18 12:07:17 - mmengine - INFO - paramwise_options -- neck.reduce_layer0.block.bn.weight:num of params=256
06/18 12:07:17 - mmengine - INFO - paramwise_options -- neck.reduce_layer0.block.bn.bias:num of params=256
06/18 12:07:17 - mmengine - INFO - paramwise_options -- neck.Bifusion0.cv1.block.conv.weight:num of params=131072
06/18 12:07:17 - mmengine - INFO - paramwise_options -- neck.Bifusion0.cv1.block.bn.weight:num of params=256
06/18 12:07:17 - mmengine - INFO - paramwise_options -- neck.Bifusion0.cv1.block.bn.bias:num of params=256
06/18 12:07:17 - mmengine - INFO - paramwise_options -- neck.Bifusion0.cv2.block.conv.weight:num of params=65536
06/18 12:07:17 - mmengine - INFO - paramwise_options -- neck.Bifusion0.cv2.block.bn.weight:num of params=256
06/18 12:07:17 - mmengine - INFO - paramwise_options -- neck.Bifusion0.cv2.block.bn.bias:num of params=256
06/18 12:07:17 - mmengine - INFO - paramwise_options -- neck.Bifusion0.cv3.block.conv.weight:num of params=196608
06/18 12:07:17 - mmengine - INFO - paramwise_options -- neck.Bifusion0.cv3.block.bn.weight:num of params=256
06/18 12:07:17 - mmengine - INFO - paramwise_options -- neck.Bifusion0.cv3.block.bn.bias:num of params=256
06/18 12:07:17 - mmengine - INFO - paramwise_options -- neck.Bifusion0.upsample.upsample_transpose.weight:num of params=262144
06/18 12:07:17 - mmengine - INFO - paramwise_options -- neck.Bifusion0.upsample.upsample_transpose.bias:num of params=256
06/18 12:07:17 - mmengine - INFO - paramwise_options -- neck.Bifusion0.downsample.block.conv.weight:num of params=589824
06/18 12:07:17 - mmengine - INFO - paramwise_options -- neck.Bifusion0.downsample.block.bn.weight:num of params=256
06/18 12:07:17 - mmengine - INFO - paramwise_options -- neck.Bifusion0.downsample.block.bn.bias:num of params=256
06/18 12:07:17 - mmengine - INFO - paramwise_options -- neck.Rep_p4.cv1.block.conv.weight:num of params=32768
06/18 12:07:17 - mmengine - INFO - paramwise_options -- neck.Rep_p4.cv1.block.bn.weight:num of params=128
06/18 12:07:17 - mmengine - INFO - paramwise_options -- neck.Rep_p4.cv1.block.bn.bias:num of params=128
06/18 12:07:17 - mmengine - INFO - paramwise_options -- neck.Rep_p4.cv2.block.conv.weight:num of params=32768
06/18 12:07:17 - mmengine - INFO - paramwise_options -- neck.Rep_p4.cv2.block.bn.weight:num of params=128
06/18 12:07:17 - mmengine - INFO - paramwise_options -- neck.Rep_p4.cv2.block.bn.bias:num of params=128
06/18 12:07:17 - mmengine - INFO - paramwise_options -- neck.Rep_p4.cv3.block.conv.weight:num of params=65536
06/18 12:07:17 - mmengine - INFO - paramwise_options -- neck.Rep_p4.cv3.block.bn.weight:num of params=256
06/18 12:07:17 - mmengine - INFO - paramwise_options -- neck.Rep_p4.cv3.block.bn.bias:num of params=256
06/18 12:07:17 - mmengine - INFO - paramwise_options -- neck.Rep_p4.m.conv1.alpha:num of params=1
06/18 12:07:17 - mmengine - INFO - paramwise_options -- neck.Rep_p4.m.conv1.conv1.block.conv.weight:num of params=147456
06/18 12:07:17 - mmengine - INFO - paramwise_options -- neck.Rep_p4.m.conv1.conv1.block.bn.weight:num of params=128
06/18 12:07:17 - mmengine - INFO - paramwise_options -- neck.Rep_p4.m.conv1.conv1.block.bn.bias:num of params=128
06/18 12:07:17 - mmengine - INFO - paramwise_options -- neck.Rep_p4.m.conv1.conv2.block.conv.weight:num of params=147456
06/18 12:07:17 - mmengine - INFO - paramwise_options -- neck.Rep_p4.m.conv1.conv2.block.bn.weight:num of params=128
06/18 12:07:17 - mmengine - INFO - paramwise_options -- neck.Rep_p4.m.conv1.conv2.block.bn.bias:num of params=128
06/18 12:07:17 - mmengine - INFO - paramwise_options -- neck.Rep_p4.m.block.0.alpha:num of params=1
06/18 12:07:17 - mmengine - INFO - paramwise_options -- neck.Rep_p4.m.block.0.conv1.block.conv.weight:num of params=147456
06/18 12:07:17 - mmengine - INFO - paramwise_options -- neck.Rep_p4.m.block.0.conv1.block.bn.weight:num of params=128
06/18 12:07:17 - mmengine - INFO - paramwise_options -- neck.Rep_p4.m.block.0.conv1.block.bn.bias:num of params=128
06/18 12:07:17 - mmengine - INFO - paramwise_options -- neck.Rep_p4.m.block.0.conv2.block.conv.weight:num of params=147456
06/18 12:07:17 - mmengine - INFO - paramwise_options -- neck.Rep_p4.m.block.0.conv2.block.bn.weight:num of params=128
06/18 12:07:17 - mmengine - INFO - paramwise_options -- neck.Rep_p4.m.block.0.conv2.block.bn.bias:num of params=128
06/18 12:07:17 - mmengine - INFO - paramwise_options -- neck.Rep_p4.m.block.1.alpha:num of params=1
06/18 12:07:17 - mmengine - INFO - paramwise_options -- neck.Rep_p4.m.block.1.conv1.block.conv.weight:num of params=147456
06/18 12:07:17 - mmengine - INFO - paramwise_options -- neck.Rep_p4.m.block.1.conv1.block.bn.weight:num of params=128
06/18 12:07:17 - mmengine - INFO - paramwise_options -- neck.Rep_p4.m.block.1.conv1.block.bn.bias:num of params=128
06/18 12:07:17 - mmengine - INFO - paramwise_options -- neck.Rep_p4.m.block.1.conv2.block.conv.weight:num of params=147456
06/18 12:07:17 - mmengine - INFO - paramwise_options -- neck.Rep_p4.m.block.1.conv2.block.bn.weight:num of params=128
06/18 12:07:17 - mmengine - INFO - paramwise_options -- neck.Rep_p4.m.block.1.conv2.block.bn.bias:num of params=128
06/18 12:07:17 - mmengine - INFO - paramwise_options -- neck.Rep_p4.m.block.2.alpha:num of params=1
06/18 12:07:17 - mmengine - INFO - paramwise_options -- neck.Rep_p4.m.block.2.conv1.block.conv.weight:num of params=147456
06/18 12:07:17 - mmengine - INFO - paramwise_options -- neck.Rep_p4.m.block.2.conv1.block.bn.weight:num of params=128
06/18 12:07:17 - mmengine - INFO - paramwise_options -- neck.Rep_p4.m.block.2.conv1.block.bn.bias:num of params=128
06/18 12:07:17 - mmengine - INFO - paramwise_options -- neck.Rep_p4.m.block.2.conv2.block.conv.weight:num of params=147456
06/18 12:07:17 - mmengine - INFO - paramwise_options -- neck.Rep_p4.m.block.2.conv2.block.bn.weight:num of params=128
06/18 12:07:17 - mmengine - INFO - paramwise_options -- neck.Rep_p4.m.block.2.conv2.block.bn.bias:num of params=128
06/18 12:07:17 - mmengine - INFO - paramwise_options -- neck.Rep_p4.m.block.3.alpha:num of params=1
06/18 12:07:17 - mmengine - INFO - paramwise_options -- neck.Rep_p4.m.block.3.conv1.block.conv.weight:num of params=147456
06/18 12:07:17 - mmengine - INFO - paramwise_options -- neck.Rep_p4.m.block.3.conv1.block.bn.weight:num of params=128
06/18 12:07:17 - mmengine - INFO - paramwise_options -- neck.Rep_p4.m.block.3.conv1.block.bn.bias:num of params=128
06/18 12:07:17 - mmengine - INFO - paramwise_options -- neck.Rep_p4.m.block.3.conv2.block.conv.weight:num of params=147456
06/18 12:07:17 - mmengine - INFO - paramwise_options -- neck.Rep_p4.m.block.3.conv2.block.bn.weight:num of params=128
06/18 12:07:17 - mmengine - INFO - paramwise_options -- neck.Rep_p4.m.block.3.conv2.block.bn.bias:num of params=128
06/18 12:07:17 - mmengine - INFO - paramwise_options -- neck.Rep_p4.m.block.4.alpha:num of params=1
06/18 12:07:17 - mmengine - INFO - paramwise_options -- neck.Rep_p4.m.block.4.conv1.block.conv.weight:num of params=147456
06/18 12:07:17 - mmengine - INFO - paramwise_options -- neck.Rep_p4.m.block.4.conv1.block.bn.weight:num of params=128
06/18 12:07:17 - mmengine - INFO - paramwise_options -- neck.Rep_p4.m.block.4.conv1.block.bn.bias:num of params=128
06/18 12:07:17 - mmengine - INFO - paramwise_options -- neck.Rep_p4.m.block.4.conv2.block.conv.weight:num of params=147456
06/18 12:07:17 - mmengine - INFO - paramwise_options -- neck.Rep_p4.m.block.4.conv2.block.bn.weight:num of params=128
06/18 12:07:17 - mmengine - INFO - paramwise_options -- neck.Rep_p4.m.block.4.conv2.block.bn.bias:num of params=128
06/18 12:07:17 - mmengine - INFO - paramwise_options -- neck.reduce_layer1.block.conv.weight:num of params=32768
06/18 12:07:17 - mmengine - INFO - paramwise_options -- neck.reduce_layer1.block.bn.weight:num of params=128
06/18 12:07:17 - mmengine - INFO - paramwise_options -- neck.reduce_layer1.block.bn.bias:num of params=128
06/18 12:07:17 - mmengine - INFO - paramwise_options -- neck.Bifusion1.cv1.block.conv.weight:num of params=32768
06/18 12:07:17 - mmengine - INFO - paramwise_options -- neck.Bifusion1.cv1.block.bn.weight:num of params=128
06/18 12:07:17 - mmengine - INFO - paramwise_options -- neck.Bifusion1.cv1.block.bn.bias:num of params=128
06/18 12:07:17 - mmengine - INFO - paramwise_options -- neck.Bifusion1.cv2.block.conv.weight:num of params=16384
06/18 12:07:17 - mmengine - INFO - paramwise_options -- neck.Bifusion1.cv2.block.bn.weight:num of params=128
06/18 12:07:17 - mmengine - INFO - paramwise_options -- neck.Bifusion1.cv2.block.bn.bias:num of params=128
06/18 12:07:17 - mmengine - INFO - paramwise_options -- neck.Bifusion1.cv3.block.conv.weight:num of params=49152
06/18 12:07:17 - mmengine - INFO - paramwise_options -- neck.Bifusion1.cv3.block.bn.weight:num of params=128
06/18 12:07:17 - mmengine - INFO - paramwise_options -- neck.Bifusion1.cv3.block.bn.bias:num of params=128
06/18 12:07:17 - mmengine - INFO - paramwise_options -- neck.Bifusion1.upsample.upsample_transpose.weight:num of params=65536
06/18 12:07:17 - mmengine - INFO - paramwise_options -- neck.Bifusion1.upsample.upsample_transpose.bias:num of params=128
06/18 12:07:17 - mmengine - INFO - paramwise_options -- neck.Bifusion1.downsample.block.conv.weight:num of params=147456
06/18 12:07:17 - mmengine - INFO - paramwise_options -- neck.Bifusion1.downsample.block.bn.weight:num of params=128
06/18 12:07:17 - mmengine - INFO - paramwise_options -- neck.Bifusion1.downsample.block.bn.bias:num of params=128
06/18 12:07:17 - mmengine - INFO - paramwise_options -- neck.Rep_p3.cv1.block.conv.weight:num of params=8192
06/18 12:07:17 - mmengine - INFO - paramwise_options -- neck.Rep_p3.cv1.block.bn.weight:num of params=64
06/18 12:07:17 - mmengine - INFO - paramwise_options -- neck.Rep_p3.cv1.block.bn.bias:num of params=64
06/18 12:07:17 - mmengine - INFO - paramwise_options -- neck.Rep_p3.cv2.block.conv.weight:num of params=8192
06/18 12:07:17 - mmengine - INFO - paramwise_options -- neck.Rep_p3.cv2.block.bn.weight:num of params=64
06/18 12:07:17 - mmengine - INFO - paramwise_options -- neck.Rep_p3.cv2.block.bn.bias:num of params=64
06/18 12:07:17 - mmengine - INFO - paramwise_options -- neck.Rep_p3.cv3.block.conv.weight:num of params=16384
06/18 12:07:17 - mmengine - INFO - paramwise_options -- neck.Rep_p3.cv3.block.bn.weight:num of params=128
06/18 12:07:17 - mmengine - INFO - paramwise_options -- neck.Rep_p3.cv3.block.bn.bias:num of params=128
06/18 12:07:17 - mmengine - INFO - paramwise_options -- neck.Rep_p3.m.conv1.alpha:num of params=1
06/18 12:07:17 - mmengine - INFO - paramwise_options -- neck.Rep_p3.m.conv1.conv1.block.conv.weight:num of params=36864
06/18 12:07:17 - mmengine - INFO - paramwise_options -- neck.Rep_p3.m.conv1.conv1.block.bn.weight:num of params=64
06/18 12:07:17 - mmengine - INFO - paramwise_options -- neck.Rep_p3.m.conv1.conv1.block.bn.bias:num of params=64
06/18 12:07:17 - mmengine - INFO - paramwise_options -- neck.Rep_p3.m.conv1.conv2.block.conv.weight:num of params=36864
06/18 12:07:17 - mmengine - INFO - paramwise_options -- neck.Rep_p3.m.conv1.conv2.block.bn.weight:num of params=64
06/18 12:07:17 - mmengine - INFO - paramwise_options -- neck.Rep_p3.m.conv1.conv2.block.bn.bias:num of params=64
06/18 12:07:17 - mmengine - INFO - paramwise_options -- neck.Rep_p3.m.block.0.alpha:num of params=1
06/18 12:07:17 - mmengine - INFO - paramwise_options -- neck.Rep_p3.m.block.0.conv1.block.conv.weight:num of params=36864
06/18 12:07:17 - mmengine - INFO - paramwise_options -- neck.Rep_p3.m.block.0.conv1.block.bn.weight:num of params=64
06/18 12:07:17 - mmengine - INFO - paramwise_options -- neck.Rep_p3.m.block.0.conv1.block.bn.bias:num of params=64
06/18 12:07:17 - mmengine - INFO - paramwise_options -- neck.Rep_p3.m.block.0.conv2.block.conv.weight:num of params=36864
06/18 12:07:17 - mmengine - INFO - paramwise_options -- neck.Rep_p3.m.block.0.conv2.block.bn.weight:num of params=64
06/18 12:07:17 - mmengine - INFO - paramwise_options -- neck.Rep_p3.m.block.0.conv2.block.bn.bias:num of params=64
06/18 12:07:17 - mmengine - INFO - paramwise_options -- neck.Rep_p3.m.block.1.alpha:num of params=1
06/18 12:07:17 - mmengine - INFO - paramwise_options -- neck.Rep_p3.m.block.1.conv1.block.conv.weight:num of params=36864
06/18 12:07:17 - mmengine - INFO - paramwise_options -- neck.Rep_p3.m.block.1.conv1.block.bn.weight:num of params=64
06/18 12:07:17 - mmengine - INFO - paramwise_options -- neck.Rep_p3.m.block.1.conv1.block.bn.bias:num of params=64
06/18 12:07:17 - mmengine - INFO - paramwise_options -- neck.Rep_p3.m.block.1.conv2.block.conv.weight:num of params=36864
06/18 12:07:17 - mmengine - INFO - paramwise_options -- neck.Rep_p3.m.block.1.conv2.block.bn.weight:num of params=64
06/18 12:07:17 - mmengine - INFO - paramwise_options -- neck.Rep_p3.m.block.1.conv2.block.bn.bias:num of params=64
06/18 12:07:17 - mmengine - INFO - paramwise_options -- neck.Rep_p3.m.block.2.alpha:num of params=1
06/18 12:07:17 - mmengine - INFO - paramwise_options -- neck.Rep_p3.m.block.2.conv1.block.conv.weight:num of params=36864
06/18 12:07:17 - mmengine - INFO - paramwise_options -- neck.Rep_p3.m.block.2.conv1.block.bn.weight:num of params=64
06/18 12:07:17 - mmengine - INFO - paramwise_options -- neck.Rep_p3.m.block.2.conv1.block.bn.bias:num of params=64
06/18 12:07:17 - mmengine - INFO - paramwise_options -- neck.Rep_p3.m.block.2.conv2.block.conv.weight:num of params=36864
06/18 12:07:17 - mmengine - INFO - paramwise_options -- neck.Rep_p3.m.block.2.conv2.block.bn.weight:num of params=64
06/18 12:07:17 - mmengine - INFO - paramwise_options -- neck.Rep_p3.m.block.2.conv2.block.bn.bias:num of params=64
06/18 12:07:17 - mmengine - INFO - paramwise_options -- neck.Rep_p3.m.block.3.alpha:num of params=1
06/18 12:07:17 - mmengine - INFO - paramwise_options -- neck.Rep_p3.m.block.3.conv1.block.conv.weight:num of params=36864
06/18 12:07:17 - mmengine - INFO - paramwise_options -- neck.Rep_p3.m.block.3.conv1.block.bn.weight:num of params=64
06/18 12:07:17 - mmengine - INFO - paramwise_options -- neck.Rep_p3.m.block.3.conv1.block.bn.bias:num of params=64
06/18 12:07:17 - mmengine - INFO - paramwise_options -- neck.Rep_p3.m.block.3.conv2.block.conv.weight:num of params=36864
06/18 12:07:17 - mmengine - INFO - paramwise_options -- neck.Rep_p3.m.block.3.conv2.block.bn.weight:num of params=64
06/18 12:07:17 - mmengine - INFO - paramwise_options -- neck.Rep_p3.m.block.3.conv2.block.bn.bias:num of params=64
06/18 12:07:17 - mmengine - INFO - paramwise_options -- neck.Rep_p3.m.block.4.alpha:num of params=1
06/18 12:07:17 - mmengine - INFO - paramwise_options -- neck.Rep_p3.m.block.4.conv1.block.conv.weight:num of params=36864
06/18 12:07:17 - mmengine - INFO - paramwise_options -- neck.Rep_p3.m.block.4.conv1.block.bn.weight:num of params=64
06/18 12:07:17 - mmengine - INFO - paramwise_options -- neck.Rep_p3.m.block.4.conv1.block.bn.bias:num of params=64
06/18 12:07:17 - mmengine - INFO - paramwise_options -- neck.Rep_p3.m.block.4.conv2.block.conv.weight:num of params=36864
06/18 12:07:17 - mmengine - INFO - paramwise_options -- neck.Rep_p3.m.block.4.conv2.block.bn.weight:num of params=64
06/18 12:07:17 - mmengine - INFO - paramwise_options -- neck.Rep_p3.m.block.4.conv2.block.bn.bias:num of params=64
06/18 12:07:17 - mmengine - INFO - paramwise_options -- neck.downsample2.block.conv.weight:num of params=147456
06/18 12:07:17 - mmengine - INFO - paramwise_options -- neck.downsample2.block.bn.weight:num of params=128
06/18 12:07:17 - mmengine - INFO - paramwise_options -- neck.downsample2.block.bn.bias:num of params=128
06/18 12:07:17 - mmengine - INFO - paramwise_options -- neck.Rep_n3.cv1.block.conv.weight:num of params=32768
06/18 12:07:17 - mmengine - INFO - paramwise_options -- neck.Rep_n3.cv1.block.bn.weight:num of params=128
06/18 12:07:17 - mmengine - INFO - paramwise_options -- neck.Rep_n3.cv1.block.bn.bias:num of params=128
06/18 12:07:17 - mmengine - INFO - paramwise_options -- neck.Rep_n3.cv2.block.conv.weight:num of params=32768
06/18 12:07:17 - mmengine - INFO - paramwise_options -- neck.Rep_n3.cv2.block.bn.weight:num of params=128
06/18 12:07:17 - mmengine - INFO - paramwise_options -- neck.Rep_n3.cv2.block.bn.bias:num of params=128
06/18 12:07:17 - mmengine - INFO - paramwise_options -- neck.Rep_n3.cv3.block.conv.weight:num of params=65536
06/18 12:07:17 - mmengine - INFO - paramwise_options -- neck.Rep_n3.cv3.block.bn.weight:num of params=256
06/18 12:07:17 - mmengine - INFO - paramwise_options -- neck.Rep_n3.cv3.block.bn.bias:num of params=256
06/18 12:07:17 - mmengine - INFO - paramwise_options -- neck.Rep_n3.m.conv1.alpha:num of params=1
06/18 12:07:17 - mmengine - INFO - paramwise_options -- neck.Rep_n3.m.conv1.conv1.block.conv.weight:num of params=147456
06/18 12:07:17 - mmengine - INFO - paramwise_options -- neck.Rep_n3.m.conv1.conv1.block.bn.weight:num of params=128
06/18 12:07:17 - mmengine - INFO - paramwise_options -- neck.Rep_n3.m.conv1.conv1.block.bn.bias:num of params=128
06/18 12:07:17 - mmengine - INFO - paramwise_options -- neck.Rep_n3.m.conv1.conv2.block.conv.weight:num of params=147456
06/18 12:07:17 - mmengine - INFO - paramwise_options -- neck.Rep_n3.m.conv1.conv2.block.bn.weight:num of params=128
06/18 12:07:17 - mmengine - INFO - paramwise_options -- neck.Rep_n3.m.conv1.conv2.block.bn.bias:num of params=128
06/18 12:07:17 - mmengine - INFO - paramwise_options -- neck.Rep_n3.m.block.0.alpha:num of params=1
06/18 12:07:17 - mmengine - INFO - paramwise_options -- neck.Rep_n3.m.block.0.conv1.block.conv.weight:num of params=147456
06/18 12:07:17 - mmengine - INFO - paramwise_options -- neck.Rep_n3.m.block.0.conv1.block.bn.weight:num of params=128
06/18 12:07:17 - mmengine - INFO - paramwise_options -- neck.Rep_n3.m.block.0.conv1.block.bn.bias:num of params=128
06/18 12:07:17 - mmengine - INFO - paramwise_options -- neck.Rep_n3.m.block.0.conv2.block.conv.weight:num of params=147456
06/18 12:07:17 - mmengine - INFO - paramwise_options -- neck.Rep_n3.m.block.0.conv2.block.bn.weight:num of params=128
06/18 12:07:17 - mmengine - INFO - paramwise_options -- neck.Rep_n3.m.block.0.conv2.block.bn.bias:num of params=128
06/18 12:07:17 - mmengine - INFO - paramwise_options -- neck.Rep_n3.m.block.1.alpha:num of params=1
06/18 12:07:17 - mmengine - INFO - paramwise_options -- neck.Rep_n3.m.block.1.conv1.block.conv.weight:num of params=147456
06/18 12:07:17 - mmengine - INFO - paramwise_options -- neck.Rep_n3.m.block.1.conv1.block.bn.weight:num of params=128
06/18 12:07:17 - mmengine - INFO - paramwise_options -- neck.Rep_n3.m.block.1.conv1.block.bn.bias:num of params=128
06/18 12:07:17 - mmengine - INFO - paramwise_options -- neck.Rep_n3.m.block.1.conv2.block.conv.weight:num of params=147456
06/18 12:07:17 - mmengine - INFO - paramwise_options -- neck.Rep_n3.m.block.1.conv2.block.bn.weight:num of params=128
06/18 12:07:17 - mmengine - INFO - paramwise_options -- neck.Rep_n3.m.block.1.conv2.block.bn.bias:num of params=128
06/18 12:07:17 - mmengine - INFO - paramwise_options -- neck.Rep_n3.m.block.2.alpha:num of params=1
06/18 12:07:17 - mmengine - INFO - paramwise_options -- neck.Rep_n3.m.block.2.conv1.block.conv.weight:num of params=147456
06/18 12:07:17 - mmengine - INFO - paramwise_options -- neck.Rep_n3.m.block.2.conv1.block.bn.weight:num of params=128
06/18 12:07:17 - mmengine - INFO - paramwise_options -- neck.Rep_n3.m.block.2.conv1.block.bn.bias:num of params=128
06/18 12:07:17 - mmengine - INFO - paramwise_options -- neck.Rep_n3.m.block.2.conv2.block.conv.weight:num of params=147456
06/18 12:07:17 - mmengine - INFO - paramwise_options -- neck.Rep_n3.m.block.2.conv2.block.bn.weight:num of params=128
06/18 12:07:17 - mmengine - INFO - paramwise_options -- neck.Rep_n3.m.block.2.conv2.block.bn.bias:num of params=128
06/18 12:07:17 - mmengine - INFO - paramwise_options -- neck.Rep_n3.m.block.3.alpha:num of params=1
06/18 12:07:17 - mmengine - INFO - paramwise_options -- neck.Rep_n3.m.block.3.conv1.block.conv.weight:num of params=147456
06/18 12:07:17 - mmengine - INFO - paramwise_options -- neck.Rep_n3.m.block.3.conv1.block.bn.weight:num of params=128
06/18 12:07:17 - mmengine - INFO - paramwise_options -- neck.Rep_n3.m.block.3.conv1.block.bn.bias:num of params=128
06/18 12:07:17 - mmengine - INFO - paramwise_options -- neck.Rep_n3.m.block.3.conv2.block.conv.weight:num of params=147456
06/18 12:07:17 - mmengine - INFO - paramwise_options -- neck.Rep_n3.m.block.3.conv2.block.bn.weight:num of params=128
06/18 12:07:17 - mmengine - INFO - paramwise_options -- neck.Rep_n3.m.block.3.conv2.block.bn.bias:num of params=128
06/18 12:07:17 - mmengine - INFO - paramwise_options -- neck.Rep_n3.m.block.4.alpha:num of params=1
06/18 12:07:17 - mmengine - INFO - paramwise_options -- neck.Rep_n3.m.block.4.conv1.block.conv.weight:num of params=147456
06/18 12:07:17 - mmengine - INFO - paramwise_options -- neck.Rep_n3.m.block.4.conv1.block.bn.weight:num of params=128
06/18 12:07:17 - mmengine - INFO - paramwise_options -- neck.Rep_n3.m.block.4.conv1.block.bn.bias:num of params=128
06/18 12:07:17 - mmengine - INFO - paramwise_options -- neck.Rep_n3.m.block.4.conv2.block.conv.weight:num of params=147456
06/18 12:07:17 - mmengine - INFO - paramwise_options -- neck.Rep_n3.m.block.4.conv2.block.bn.weight:num of params=128
06/18 12:07:17 - mmengine - INFO - paramwise_options -- neck.Rep_n3.m.block.4.conv2.block.bn.bias:num of params=128
06/18 12:07:17 - mmengine - INFO - paramwise_options -- neck.downsample1.block.conv.weight:num of params=589824
06/18 12:07:17 - mmengine - INFO - paramwise_options -- neck.downsample1.block.bn.weight:num of params=256
06/18 12:07:17 - mmengine - INFO - paramwise_options -- neck.downsample1.block.bn.bias:num of params=256
06/18 12:07:17 - mmengine - INFO - paramwise_options -- neck.Rep_n4.cv1.block.conv.weight:num of params=131072
06/18 12:07:17 - mmengine - INFO - paramwise_options -- neck.Rep_n4.cv1.block.bn.weight:num of params=256
06/18 12:07:17 - mmengine - INFO - paramwise_options -- neck.Rep_n4.cv1.block.bn.bias:num of params=256
06/18 12:07:17 - mmengine - INFO - paramwise_options -- neck.Rep_n4.cv2.block.conv.weight:num of params=131072
06/18 12:07:17 - mmengine - INFO - paramwise_options -- neck.Rep_n4.cv2.block.bn.weight:num of params=256
06/18 12:07:17 - mmengine - INFO - paramwise_options -- neck.Rep_n4.cv2.block.bn.bias:num of params=256
06/18 12:07:17 - mmengine - INFO - paramwise_options -- neck.Rep_n4.cv3.block.conv.weight:num of params=262144
06/18 12:07:17 - mmengine - INFO - paramwise_options -- neck.Rep_n4.cv3.block.bn.weight:num of params=512
06/18 12:07:17 - mmengine - INFO - paramwise_options -- neck.Rep_n4.cv3.block.bn.bias:num of params=512
06/18 12:07:17 - mmengine - INFO - paramwise_options -- neck.Rep_n4.m.conv1.alpha:num of params=1
06/18 12:07:17 - mmengine - INFO - paramwise_options -- neck.Rep_n4.m.conv1.conv1.block.conv.weight:num of params=589824
06/18 12:07:17 - mmengine - INFO - paramwise_options -- neck.Rep_n4.m.conv1.conv1.block.bn.weight:num of params=256
06/18 12:07:17 - mmengine - INFO - paramwise_options -- neck.Rep_n4.m.conv1.conv1.block.bn.bias:num of params=256
06/18 12:07:17 - mmengine - INFO - paramwise_options -- neck.Rep_n4.m.conv1.conv2.block.conv.weight:num of params=589824
06/18 12:07:17 - mmengine - INFO - paramwise_options -- neck.Rep_n4.m.conv1.conv2.block.bn.weight:num of params=256
06/18 12:07:17 - mmengine - INFO - paramwise_options -- neck.Rep_n4.m.conv1.conv2.block.bn.bias:num of params=256
06/18 12:07:17 - mmengine - INFO - paramwise_options -- neck.Rep_n4.m.block.0.alpha:num of params=1
06/18 12:07:17 - mmengine - INFO - paramwise_options -- neck.Rep_n4.m.block.0.conv1.block.conv.weight:num of params=589824
06/18 12:07:17 - mmengine - INFO - paramwise_options -- neck.Rep_n4.m.block.0.conv1.block.bn.weight:num of params=256
06/18 12:07:17 - mmengine - INFO - paramwise_options -- neck.Rep_n4.m.block.0.conv1.block.bn.bias:num of params=256
06/18 12:07:17 - mmengine - INFO - paramwise_options -- neck.Rep_n4.m.block.0.conv2.block.conv.weight:num of params=589824
06/18 12:07:17 - mmengine - INFO - paramwise_options -- neck.Rep_n4.m.block.0.conv2.block.bn.weight:num of params=256
06/18 12:07:17 - mmengine - INFO - paramwise_options -- neck.Rep_n4.m.block.0.conv2.block.bn.bias:num of params=256
06/18 12:07:17 - mmengine - INFO - paramwise_options -- neck.Rep_n4.m.block.1.alpha:num of params=1
06/18 12:07:17 - mmengine - INFO - paramwise_options -- neck.Rep_n4.m.block.1.conv1.block.conv.weight:num of params=589824
06/18 12:07:17 - mmengine - INFO - paramwise_options -- neck.Rep_n4.m.block.1.conv1.block.bn.weight:num of params=256
06/18 12:07:17 - mmengine - INFO - paramwise_options -- neck.Rep_n4.m.block.1.conv1.block.bn.bias:num of params=256
06/18 12:07:17 - mmengine - INFO - paramwise_options -- neck.Rep_n4.m.block.1.conv2.block.conv.weight:num of params=589824
06/18 12:07:17 - mmengine - INFO - paramwise_options -- neck.Rep_n4.m.block.1.conv2.block.bn.weight:num of params=256
06/18 12:07:17 - mmengine - INFO - paramwise_options -- neck.Rep_n4.m.block.1.conv2.block.bn.bias:num of params=256
06/18 12:07:17 - mmengine - INFO - paramwise_options -- neck.Rep_n4.m.block.2.alpha:num of params=1
06/18 12:07:17 - mmengine - INFO - paramwise_options -- neck.Rep_n4.m.block.2.conv1.block.conv.weight:num of params=589824
06/18 12:07:17 - mmengine - INFO - paramwise_options -- neck.Rep_n4.m.block.2.conv1.block.bn.weight:num of params=256
06/18 12:07:17 - mmengine - INFO - paramwise_options -- neck.Rep_n4.m.block.2.conv1.block.bn.bias:num of params=256
06/18 12:07:17 - mmengine - INFO - paramwise_options -- neck.Rep_n4.m.block.2.conv2.block.conv.weight:num of params=589824
06/18 12:07:17 - mmengine - INFO - paramwise_options -- neck.Rep_n4.m.block.2.conv2.block.bn.weight:num of params=256
06/18 12:07:17 - mmengine - INFO - paramwise_options -- neck.Rep_n4.m.block.2.conv2.block.bn.bias:num of params=256
06/18 12:07:17 - mmengine - INFO - paramwise_options -- neck.Rep_n4.m.block.3.alpha:num of params=1
06/18 12:07:17 - mmengine - INFO - paramwise_options -- neck.Rep_n4.m.block.3.conv1.block.conv.weight:num of params=589824
06/18 12:07:17 - mmengine - INFO - paramwise_options -- neck.Rep_n4.m.block.3.conv1.block.bn.weight:num of params=256
06/18 12:07:17 - mmengine - INFO - paramwise_options -- neck.Rep_n4.m.block.3.conv1.block.bn.bias:num of params=256
06/18 12:07:17 - mmengine - INFO - paramwise_options -- neck.Rep_n4.m.block.3.conv2.block.conv.weight:num of params=589824
06/18 12:07:17 - mmengine - INFO - paramwise_options -- neck.Rep_n4.m.block.3.conv2.block.bn.weight:num of params=256
06/18 12:07:17 - mmengine - INFO - paramwise_options -- neck.Rep_n4.m.block.3.conv2.block.bn.bias:num of params=256
06/18 12:07:17 - mmengine - INFO - paramwise_options -- neck.Rep_n4.m.block.4.alpha:num of params=1
06/18 12:07:17 - mmengine - INFO - paramwise_options -- neck.Rep_n4.m.block.4.conv1.block.conv.weight:num of params=589824
06/18 12:07:17 - mmengine - INFO - paramwise_options -- neck.Rep_n4.m.block.4.conv1.block.bn.weight:num of params=256
06/18 12:07:17 - mmengine - INFO - paramwise_options -- neck.Rep_n4.m.block.4.conv1.block.bn.bias:num of params=256
06/18 12:07:17 - mmengine - INFO - paramwise_options -- neck.Rep_n4.m.block.4.conv2.block.conv.weight:num of params=589824
06/18 12:07:17 - mmengine - INFO - paramwise_options -- neck.Rep_n4.m.block.4.conv2.block.bn.weight:num of params=256
06/18 12:07:17 - mmengine - INFO - paramwise_options -- neck.Rep_n4.m.block.4.conv2.block.bn.bias:num of params=256
06/18 12:07:17 - mmengine - INFO - paramwise_options -- bbox_head.head_module.cls_preds.0.0.conv.weight:num of params=294912
06/18 12:07:17 - mmengine - INFO - paramwise_options -- bbox_head.head_module.cls_preds.0.0.bn.weight:num of params=256
06/18 12:07:17 - mmengine - INFO - paramwise_options -- bbox_head.head_module.cls_preds.0.0.bn.bias:num of params=256
06/18 12:07:17 - mmengine - INFO - paramwise_options -- bbox_head.head_module.cls_preds.0.1.conv.weight:num of params=589824
06/18 12:07:17 - mmengine - INFO - paramwise_options -- bbox_head.head_module.cls_preds.0.1.bn.weight:num of params=256
06/18 12:07:17 - mmengine - INFO - paramwise_options -- bbox_head.head_module.cls_preds.0.1.bn.bias:num of params=256
06/18 12:07:17 - mmengine - INFO - paramwise_options -- bbox_head.head_module.cls_preds.0.2.weight:num of params=196608
06/18 12:07:17 - mmengine - INFO - paramwise_options -- bbox_head.head_module.cls_preds.0.2.bias:num of params=768
06/18 12:07:17 - mmengine - INFO - paramwise_options -- bbox_head.head_module.cls_preds.1.0.conv.weight:num of params=589824
06/18 12:07:17 - mmengine - INFO - paramwise_options -- bbox_head.head_module.cls_preds.1.0.bn.weight:num of params=256
06/18 12:07:17 - mmengine - INFO - paramwise_options -- bbox_head.head_module.cls_preds.1.0.bn.bias:num of params=256
06/18 12:07:17 - mmengine - INFO - paramwise_options -- bbox_head.head_module.cls_preds.1.1.conv.weight:num of params=589824
06/18 12:07:17 - mmengine - INFO - paramwise_options -- bbox_head.head_module.cls_preds.1.1.bn.weight:num of params=256
06/18 12:07:17 - mmengine - INFO - paramwise_options -- bbox_head.head_module.cls_preds.1.1.bn.bias:num of params=256
06/18 12:07:17 - mmengine - INFO - paramwise_options -- bbox_head.head_module.cls_preds.1.2.weight:num of params=196608
06/18 12:07:17 - mmengine - INFO - paramwise_options -- bbox_head.head_module.cls_preds.1.2.bias:num of params=768
06/18 12:07:17 - mmengine - INFO - paramwise_options -- bbox_head.head_module.cls_preds.2.0.conv.weight:num of params=1179648
06/18 12:07:17 - mmengine - INFO - paramwise_options -- bbox_head.head_module.cls_preds.2.0.bn.weight:num of params=256
06/18 12:07:17 - mmengine - INFO - paramwise_options -- bbox_head.head_module.cls_preds.2.0.bn.bias:num of params=256
06/18 12:07:17 - mmengine - INFO - paramwise_options -- bbox_head.head_module.cls_preds.2.1.conv.weight:num of params=589824
06/18 12:07:17 - mmengine - INFO - paramwise_options -- bbox_head.head_module.cls_preds.2.1.bn.weight:num of params=256
06/18 12:07:17 - mmengine - INFO - paramwise_options -- bbox_head.head_module.cls_preds.2.1.bn.bias:num of params=256
06/18 12:07:17 - mmengine - INFO - paramwise_options -- bbox_head.head_module.cls_preds.2.2.weight:num of params=196608
06/18 12:07:17 - mmengine - INFO - paramwise_options -- bbox_head.head_module.cls_preds.2.2.bias:num of params=768
06/18 12:07:17 - mmengine - INFO - paramwise_options -- bbox_head.head_module.reg_preds.0.0.conv.weight:num of params=73728
06/18 12:07:17 - mmengine - INFO - paramwise_options -- bbox_head.head_module.reg_preds.0.0.bn.weight:num of params=64
06/18 12:07:17 - mmengine - INFO - paramwise_options -- bbox_head.head_module.reg_preds.0.0.bn.bias:num of params=64
06/18 12:07:17 - mmengine - INFO - paramwise_options -- bbox_head.head_module.reg_preds.0.1.conv.weight:num of params=36864
06/18 12:07:17 - mmengine - INFO - paramwise_options -- bbox_head.head_module.reg_preds.0.1.bn.weight:num of params=64
06/18 12:07:17 - mmengine - INFO - paramwise_options -- bbox_head.head_module.reg_preds.0.1.bn.bias:num of params=64
06/18 12:07:17 - mmengine - INFO - paramwise_options -- bbox_head.head_module.reg_preds.0.2.weight:num of params=4096
06/18 12:07:17 - mmengine - INFO - paramwise_options -- bbox_head.head_module.reg_preds.0.2.bias:num of params=64
06/18 12:07:17 - mmengine - INFO - paramwise_options -- bbox_head.head_module.reg_preds.1.0.conv.weight:num of params=147456
06/18 12:07:17 - mmengine - INFO - paramwise_options -- bbox_head.head_module.reg_preds.1.0.bn.weight:num of params=64
06/18 12:07:17 - mmengine - INFO - paramwise_options -- bbox_head.head_module.reg_preds.1.0.bn.bias:num of params=64
06/18 12:07:17 - mmengine - INFO - paramwise_options -- bbox_head.head_module.reg_preds.1.1.conv.weight:num of params=36864
06/18 12:07:17 - mmengine - INFO - paramwise_options -- bbox_head.head_module.reg_preds.1.1.bn.weight:num of params=64
06/18 12:07:17 - mmengine - INFO - paramwise_options -- bbox_head.head_module.reg_preds.1.1.bn.bias:num of params=64
06/18 12:07:17 - mmengine - INFO - paramwise_options -- bbox_head.head_module.reg_preds.1.2.weight:num of params=4096
06/18 12:07:17 - mmengine - INFO - paramwise_options -- bbox_head.head_module.reg_preds.1.2.bias:num of params=64
06/18 12:07:17 - mmengine - INFO - paramwise_options -- bbox_head.head_module.reg_preds.2.0.conv.weight:num of params=294912
06/18 12:07:17 - mmengine - INFO - paramwise_options -- bbox_head.head_module.reg_preds.2.0.bn.weight:num of params=64
06/18 12:07:17 - mmengine - INFO - paramwise_options -- bbox_head.head_module.reg_preds.2.0.bn.bias:num of params=64
06/18 12:07:17 - mmengine - INFO - paramwise_options -- bbox_head.head_module.reg_preds.2.1.conv.weight:num of params=36864
06/18 12:07:17 - mmengine - INFO - paramwise_options -- bbox_head.head_module.reg_preds.2.1.bn.weight:num of params=64
06/18 12:07:17 - mmengine - INFO - paramwise_options -- bbox_head.head_module.reg_preds.2.1.bn.bias:num of params=64
06/18 12:07:17 - mmengine - INFO - paramwise_options -- bbox_head.head_module.reg_preds.2.2.weight:num of params=4096
06/18 12:07:17 - mmengine - INFO - paramwise_options -- bbox_head.head_module.reg_preds.2.2.bias:num of params=64
06/18 12:07:17 - mmengine - INFO - paramwise_options -- bbox_head.head_module.cls_contrasts.0.bias:num of params=1
06/18 12:07:17 - mmengine - INFO - paramwise_options -- bbox_head.head_module.cls_contrasts.0.logit_scale:num of params=1
06/18 12:07:17 - mmengine - INFO - paramwise_options -- bbox_head.head_module.cls_contrasts.0.logit_scale:lr=2e-05
06/18 12:07:17 - mmengine - INFO - paramwise_options -- bbox_head.head_module.cls_contrasts.0.logit_scale:weight_decay=0.0
06/18 12:07:17 - mmengine - INFO - paramwise_options -- bbox_head.head_module.cls_contrasts.0.norm.weight:num of params=768
06/18 12:07:17 - mmengine - INFO - paramwise_options -- bbox_head.head_module.cls_contrasts.0.norm.bias:num of params=768
06/18 12:07:17 - mmengine - INFO - paramwise_options -- bbox_head.head_module.cls_contrasts.1.bias:num of params=1
06/18 12:07:17 - mmengine - INFO - paramwise_options -- bbox_head.head_module.cls_contrasts.1.logit_scale:num of params=1
06/18 12:07:17 - mmengine - INFO - paramwise_options -- bbox_head.head_module.cls_contrasts.1.logit_scale:lr=2e-05
06/18 12:07:17 - mmengine - INFO - paramwise_options -- bbox_head.head_module.cls_contrasts.1.logit_scale:weight_decay=0.0
06/18 12:07:17 - mmengine - INFO - paramwise_options -- bbox_head.head_module.cls_contrasts.1.norm.weight:num of params=768
06/18 12:07:17 - mmengine - INFO - paramwise_options -- bbox_head.head_module.cls_contrasts.1.norm.bias:num of params=768
06/18 12:07:17 - mmengine - INFO - paramwise_options -- bbox_head.head_module.cls_contrasts.2.bias:num of params=1
06/18 12:07:17 - mmengine - INFO - paramwise_options -- bbox_head.head_module.cls_contrasts.2.logit_scale:num of params=1
06/18 12:07:17 - mmengine - INFO - paramwise_options -- bbox_head.head_module.cls_contrasts.2.logit_scale:lr=2e-05
06/18 12:07:17 - mmengine - INFO - paramwise_options -- bbox_head.head_module.cls_contrasts.2.logit_scale:weight_decay=0.0
06/18 12:07:17 - mmengine - INFO - paramwise_options -- bbox_head.head_module.cls_contrasts.2.norm.weight:num of params=768
06/18 12:07:17 - mmengine - INFO - paramwise_options -- bbox_head.head_module.cls_contrasts.2.norm.bias:num of params=768
Done (t=0.38s)
creating index...
index created!
Done (t=0.40s)
creating index...
index created!
Done (t=0.39s)
creating index...
loading annotations into memory...
index created!
Done (t=0.38s)
creating index...
index created!
loading annotations into memory...
Done (t=0.39s)
creating index...
index created!
Loads checkpoint by local backend from path: /home/siyuan/projects/LLMs/OralDetect-Family/OralCLIP/pretrained/wedetect_oralclip_dentalbert_init.pth
Loads checkpoint by local backend from path: /home/siyuan/projects/LLMs/OralDetect-Family/OralCLIP/pretrained/wedetect_oralclip_dentalbert_init.pth
/home/siyuan/anaconda3/envs/wedetect_official/lib/python3.10/site-packages/mmengine/runner/checkpoint.py:347: FutureWarning: You are using `torch.load` with `weights_only=False` (the current default value), which uses the default pickle module implicitly. It is possible to construct malicious pickle data which will execute arbitrary code during unpickling (See https://github.com/pytorch/pytorch/blob/main/SECURITY.md#untrusted-models for more details). In a future release, the default value for `weights_only` will be flipped to `True`. This limits the functions that could be executed during unpickling. Arbitrary objects will no longer be allowed to be loaded via this mode unless they are explicitly allowlisted by the user via `torch.serialization.add_safe_globals`. We recommend you start setting `weights_only=True` for any use case where you don't have full control of the loaded file. Please open an issue on GitHub for any issues related to this experimental feature.
  checkpoint = torch.load(filename, map_location=map_location)
/home/siyuan/anaconda3/envs/wedetect_official/lib/python3.10/site-packages/mmengine/runner/checkpoint.py:347: FutureWarning: You are using `torch.load` with `weights_only=False` (the current default value), which uses the default pickle module implicitly. It is possible to construct malicious pickle data which will execute arbitrary code during unpickling (See https://github.com/pytorch/pytorch/blob/main/SECURITY.md#untrusted-models for more details). In a future release, the default value for `weights_only` will be flipped to `True`. This limits the functions that could be executed during unpickling. Arbitrary objects will no longer be allowed to be loaded via this mode unless they are explicitly allowlisted by the user via `torch.serialization.add_safe_globals`. We recommend you start setting `weights_only=True` for any use case where you don't have full control of the loaded file. Please open an issue on GitHub for any issues related to this experimental feature.
  checkpoint = torch.load(filename, map_location=map_location)
Loads checkpoint by local backend from path: /home/siyuan/projects/LLMs/OralDetect-Family/OralCLIP/pretrained/wedetect_oralclip_dentalbert_init.pth
/home/siyuan/anaconda3/envs/wedetect_official/lib/python3.10/site-packages/mmengine/runner/checkpoint.py:347: FutureWarning: You are using `torch.load` with `weights_only=False` (the current default value), which uses the default pickle module implicitly. It is possible to construct malicious pickle data which will execute arbitrary code during unpickling (See https://github.com/pytorch/pytorch/blob/main/SECURITY.md#untrusted-models for more details). In a future release, the default value for `weights_only` will be flipped to `True`. This limits the functions that could be executed during unpickling. Arbitrary objects will no longer be allowed to be loaded via this mode unless they are explicitly allowlisted by the user via `torch.serialization.add_safe_globals`. We recommend you start setting `weights_only=True` for any use case where you don't have full control of the loaded file. Please open an issue on GitHub for any issues related to this experimental feature.
  checkpoint = torch.load(filename, map_location=map_location)
Loads checkpoint by local backend from path: /home/siyuan/projects/LLMs/OralDetect-Family/OralCLIP/pretrained/wedetect_oralclip_dentalbert_init.pth
/home/siyuan/anaconda3/envs/wedetect_official/lib/python3.10/site-packages/mmengine/runner/checkpoint.py:347: FutureWarning: You are using `torch.load` with `weights_only=False` (the current default value), which uses the default pickle module implicitly. It is possible to construct malicious pickle data which will execute arbitrary code during unpickling (See https://github.com/pytorch/pytorch/blob/main/SECURITY.md#untrusted-models for more details). In a future release, the default value for `weights_only` will be flipped to `True`. This limits the functions that could be executed during unpickling. Arbitrary objects will no longer be allowed to be loaded via this mode unless they are explicitly allowlisted by the user via `torch.serialization.add_safe_globals`. We recommend you start setting `weights_only=True` for any use case where you don't have full control of the loaded file. Please open an issue on GitHub for any issues related to this experimental feature.
  checkpoint = torch.load(filename, map_location=map_location)
The model and loaded state dict do not match exactly

missing keys in source state_dict: backbone.text_model.model.embeddings.word_embeddings.weight, backbone.text_model.model.embeddings.position_embeddings.weight, backbone.text_model.model.embeddings.token_type_embeddings.weight, backbone.text_model.model.embeddings.LayerNorm.weight, backbone.text_model.model.embeddings.LayerNorm.bias, backbone.text_model.model.encoder.layer.0.attention.self.query.weight, backbone.text_model.model.encoder.layer.0.attention.self.query.bias, backbone.text_model.model.encoder.layer.0.attention.self.key.weight, backbone.text_model.model.encoder.layer.0.attention.self.key.bias, backbone.text_model.model.encoder.layer.0.attention.self.value.weight, backbone.text_model.model.encoder.layer.0.attention.self.value.bias, backbone.text_model.model.encoder.layer.0.attention.output.dense.weight, backbone.text_model.model.encoder.layer.0.attention.output.dense.bias, backbone.text_model.model.encoder.layer.0.attention.output.LayerNorm.weight, backbone.text_model.model.encoder.layer.0.attention.output.LayerNorm.bias, backbone.text_model.model.encoder.layer.0.intermediate.dense.weight, backbone.text_model.model.encoder.layer.0.intermediate.dense.bias, backbone.text_model.model.encoder.layer.0.output.dense.weight, backbone.text_model.model.encoder.layer.0.output.dense.bias, backbone.text_model.model.encoder.layer.0.output.LayerNorm.weight, backbone.text_model.model.encoder.layer.0.output.LayerNorm.bias, backbone.text_model.model.encoder.layer.1.attention.self.query.weight, backbone.text_model.model.encoder.layer.1.attention.self.query.bias, backbone.text_model.model.encoder.layer.1.attention.self.key.weight, backbone.text_model.model.encoder.layer.1.attention.self.key.bias, backbone.text_model.model.encoder.layer.1.attention.self.value.weight, backbone.text_model.model.encoder.layer.1.attention.self.value.bias, backbone.text_model.model.encoder.layer.1.attention.output.dense.weight, backbone.text_model.model.encoder.layer.1.attention.output.dense.bias, backbone.text_model.model.encoder.layer.1.attention.output.LayerNorm.weight, backbone.text_model.model.encoder.layer.1.attention.output.LayerNorm.bias, backbone.text_model.model.encoder.layer.1.intermediate.dense.weight, backbone.text_model.model.encoder.layer.1.intermediate.dense.bias, backbone.text_model.model.encoder.layer.1.output.dense.weight, backbone.text_model.model.encoder.layer.1.output.dense.bias, backbone.text_model.model.encoder.layer.1.output.LayerNorm.weight, backbone.text_model.model.encoder.layer.1.output.LayerNorm.bias, backbone.text_model.model.encoder.layer.2.attention.self.query.weight, backbone.text_model.model.encoder.layer.2.attention.self.query.bias, backbone.text_model.model.encoder.layer.2.attention.self.key.weight, backbone.text_model.model.encoder.layer.2.attention.self.key.bias, backbone.text_model.model.encoder.layer.2.attention.self.value.weight, backbone.text_model.model.encoder.layer.2.attention.self.value.bias, backbone.text_model.model.encoder.layer.2.attention.output.dense.weight, backbone.text_model.model.encoder.layer.2.attention.output.dense.bias, backbone.text_model.model.encoder.layer.2.attention.output.LayerNorm.weight, backbone.text_model.model.encoder.layer.2.attention.output.LayerNorm.bias, backbone.text_model.model.encoder.layer.2.intermediate.dense.weight, backbone.text_model.model.encoder.layer.2.intermediate.dense.bias, backbone.text_model.model.encoder.layer.2.output.dense.weight, backbone.text_model.model.encoder.layer.2.output.dense.bias, backbone.text_model.model.encoder.layer.2.output.LayerNorm.weight, backbone.text_model.model.encoder.layer.2.output.LayerNorm.bias, backbone.text_model.model.encoder.layer.3.attention.self.query.weight, backbone.text_model.model.encoder.layer.3.attention.self.query.bias, backbone.text_model.model.encoder.layer.3.attention.self.key.weight, backbone.text_model.model.encoder.layer.3.attention.self.key.bias, backbone.text_model.model.encoder.layer.3.attention.self.value.weight, backbone.text_model.model.encoder.layer.3.attention.self.value.bias, backbone.text_model.model.encoder.layer.3.attention.output.dense.weight, backbone.text_model.model.encoder.layer.3.attention.output.dense.bias, backbone.text_model.model.encoder.layer.3.attention.output.LayerNorm.weight, backbone.text_model.model.encoder.layer.3.attention.output.LayerNorm.bias, backbone.text_model.model.encoder.layer.3.intermediate.dense.weight, backbone.text_model.model.encoder.layer.3.intermediate.dense.bias, backbone.text_model.model.encoder.layer.3.output.dense.weight, backbone.text_model.model.encoder.layer.3.output.dense.bias, backbone.text_model.model.encoder.layer.3.output.LayerNorm.weight, backbone.text_model.model.encoder.layer.3.output.LayerNorm.bias, backbone.text_model.model.encoder.layer.4.attention.self.query.weight, backbone.text_model.model.encoder.layer.4.attention.self.query.bias, backbone.text_model.model.encoder.layer.4.attention.self.key.weight, backbone.text_model.model.encoder.layer.4.attention.self.key.bias, backbone.text_model.model.encoder.layer.4.attention.self.value.weight, backbone.text_model.model.encoder.layer.4.attention.self.value.bias, backbone.text_model.model.encoder.layer.4.attention.output.dense.weight, backbone.text_model.model.encoder.layer.4.attention.output.dense.bias, backbone.text_model.model.encoder.layer.4.attention.output.LayerNorm.weight, backbone.text_model.model.encoder.layer.4.attention.output.LayerNorm.bias, backbone.text_model.model.encoder.layer.4.intermediate.dense.weight, backbone.text_model.model.encoder.layer.4.intermediate.dense.bias, backbone.text_model.model.encoder.layer.4.output.dense.weight, backbone.text_model.model.encoder.layer.4.output.dense.bias, backbone.text_model.model.encoder.layer.4.output.LayerNorm.weight, backbone.text_model.model.encoder.layer.4.output.LayerNorm.bias, backbone.text_model.model.encoder.layer.5.attention.self.query.weight, backbone.text_model.model.encoder.layer.5.attention.self.query.bias, backbone.text_model.model.encoder.layer.5.attention.self.key.weight, backbone.text_model.model.encoder.layer.5.attention.self.key.bias, backbone.text_model.model.encoder.layer.5.attention.self.value.weight, backbone.text_model.model.encoder.layer.5.attention.self.value.bias, backbone.text_model.model.encoder.layer.5.attention.output.dense.weight, backbone.text_model.model.encoder.layer.5.attention.output.dense.bias, backbone.text_model.model.encoder.layer.5.attention.output.LayerNorm.weight, backbone.text_model.model.encoder.layer.5.attention.output.LayerNorm.bias, backbone.text_model.model.encoder.layer.5.intermediate.dense.weight, backbone.text_model.model.encoder.layer.5.intermediate.dense.bias, backbone.text_model.model.encoder.layer.5.output.dense.weight, backbone.text_model.model.encoder.layer.5.output.dense.bias, backbone.text_model.model.encoder.layer.5.output.LayerNorm.weight, backbone.text_model.model.encoder.layer.5.output.LayerNorm.bias, backbone.text_model.model.encoder.layer.6.attention.self.query.weight, backbone.text_model.model.encoder.layer.6.attention.self.query.bias, backbone.text_model.model.encoder.layer.6.attention.self.key.weight, backbone.text_model.model.encoder.layer.6.attention.self.key.bias, backbone.text_model.model.encoder.layer.6.attention.self.value.weight, backbone.text_model.model.encoder.layer.6.attention.self.value.bias, backbone.text_model.model.encoder.layer.6.attention.output.dense.weight, backbone.text_model.model.encoder.layer.6.attention.output.dense.bias, backbone.text_model.model.encoder.layer.6.attention.output.LayerNorm.weight, backbone.text_model.model.encoder.layer.6.attention.output.LayerNorm.bias, backbone.text_model.model.encoder.layer.6.intermediate.dense.weight, backbone.text_model.model.encoder.layer.6.intermediate.dense.bias, backbone.text_model.model.encoder.layer.6.output.dense.weight, backbone.text_model.model.encoder.layer.6.output.dense.bias, backbone.text_model.model.encoder.layer.6.output.LayerNorm.weight, backbone.text_model.model.encoder.layer.6.output.LayerNorm.bias, backbone.text_model.model.encoder.layer.7.attention.self.query.weight, backbone.text_model.model.encoder.layer.7.attention.self.query.bias, backbone.text_model.model.encoder.layer.7.attention.self.key.weight, backbone.text_model.model.encoder.layer.7.attention.self.key.bias, backbone.text_model.model.encoder.layer.7.attention.self.value.weight, backbone.text_model.model.encoder.layer.7.attention.self.value.bias, backbone.text_model.model.encoder.layer.7.attention.output.dense.weight, backbone.text_model.model.encoder.layer.7.attention.output.dense.bias, backbone.text_model.model.encoder.layer.7.attention.output.LayerNorm.weight, backbone.text_model.model.encoder.layer.7.attention.output.LayerNorm.bias, backbone.text_model.model.encoder.layer.7.intermediate.dense.weight, backbone.text_model.model.encoder.layer.7.intermediate.dense.bias, backbone.text_model.model.encoder.layer.7.output.dense.weight, backbone.text_model.model.encoder.layer.7.output.dense.bias, backbone.text_model.model.encoder.layer.7.output.LayerNorm.weight, backbone.text_model.model.encoder.layer.7.output.LayerNorm.bias, backbone.text_model.model.encoder.layer.8.attention.self.query.weight, backbone.text_model.model.encoder.layer.8.attention.self.query.bias, backbone.text_model.model.encoder.layer.8.attention.self.key.weight, backbone.text_model.model.encoder.layer.8.attention.self.key.bias, backbone.text_model.model.encoder.layer.8.attention.self.value.weight, backbone.text_model.model.encoder.layer.8.attention.self.value.bias, backbone.text_model.model.encoder.layer.8.attention.output.dense.weight, backbone.text_model.model.encoder.layer.8.attention.output.dense.bias, backbone.text_model.model.encoder.layer.8.attention.output.LayerNorm.weight, backbone.text_model.model.encoder.layer.8.attention.output.LayerNorm.bias, backbone.text_model.model.encoder.layer.8.intermediate.dense.weight, backbone.text_model.model.encoder.layer.8.intermediate.dense.bias, backbone.text_model.model.encoder.layer.8.output.dense.weight, backbone.text_model.model.encoder.layer.8.output.dense.bias, backbone.text_model.model.encoder.layer.8.output.LayerNorm.weight, backbone.text_model.model.encoder.layer.8.output.LayerNorm.bias, backbone.text_model.model.encoder.layer.9.attention.self.query.weight, backbone.text_model.model.encoder.layer.9.attention.self.query.bias, backbone.text_model.model.encoder.layer.9.attention.self.key.weight, backbone.text_model.model.encoder.layer.9.attention.self.key.bias, backbone.text_model.model.encoder.layer.9.attention.self.value.weight, backbone.text_model.model.encoder.layer.9.attention.self.value.bias, backbone.text_model.model.encoder.layer.9.attention.output.dense.weight, backbone.text_model.model.encoder.layer.9.attention.output.dense.bias, backbone.text_model.model.encoder.layer.9.attention.output.LayerNorm.weight, backbone.text_model.model.encoder.layer.9.attention.output.LayerNorm.bias, backbone.text_model.model.encoder.layer.9.intermediate.dense.weight, backbone.text_model.model.encoder.layer.9.intermediate.dense.bias, backbone.text_model.model.encoder.layer.9.output.dense.weight, backbone.text_model.model.encoder.layer.9.output.dense.bias, backbone.text_model.model.encoder.layer.9.output.LayerNorm.weight, backbone.text_model.model.encoder.layer.9.output.LayerNorm.bias, backbone.text_model.model.encoder.layer.10.attention.self.query.weight, backbone.text_model.model.encoder.layer.10.attention.self.query.bias, backbone.text_model.model.encoder.layer.10.attention.self.key.weight, backbone.text_model.model.encoder.layer.10.attention.self.key.bias, backbone.text_model.model.encoder.layer.10.attention.self.value.weight, backbone.text_model.model.encoder.layer.10.attention.self.value.bias, backbone.text_model.model.encoder.layer.10.attention.output.dense.weight, backbone.text_model.model.encoder.layer.10.attention.output.dense.bias, backbone.text_model.model.encoder.layer.10.attention.output.LayerNorm.weight, backbone.text_model.model.encoder.layer.10.attention.output.LayerNorm.bias, backbone.text_model.model.encoder.layer.10.intermediate.dense.weight, backbone.text_model.model.encoder.layer.10.intermediate.dense.bias, backbone.text_model.model.encoder.layer.10.output.dense.weight, backbone.text_model.model.encoder.layer.10.output.dense.bias, backbone.text_model.model.encoder.layer.10.output.LayerNorm.weight, backbone.text_model.model.encoder.layer.10.output.LayerNorm.bias, backbone.text_model.model.encoder.layer.11.attention.self.query.weight, backbone.text_model.model.encoder.layer.11.attention.self.query.bias, backbone.text_model.model.encoder.layer.11.attention.self.key.weight, backbone.text_model.model.encoder.layer.11.attention.self.key.bias, backbone.text_model.model.encoder.layer.11.attention.self.value.weight, backbone.text_model.model.encoder.layer.11.attention.self.value.bias, backbone.text_model.model.encoder.layer.11.attention.output.dense.weight, backbone.text_model.model.encoder.layer.11.attention.output.dense.bias, backbone.text_model.model.encoder.layer.11.attention.output.LayerNorm.weight, backbone.text_model.model.encoder.layer.11.attention.output.LayerNorm.bias, backbone.text_model.model.encoder.layer.11.intermediate.dense.weight, backbone.text_model.model.encoder.layer.11.intermediate.dense.bias, backbone.text_model.model.encoder.layer.11.output.dense.weight, backbone.text_model.model.encoder.layer.11.output.dense.bias, backbone.text_model.model.encoder.layer.11.output.LayerNorm.weight, backbone.text_model.model.encoder.layer.11.output.LayerNorm.bias, backbone.text_model.model.pooler.dense.weight, backbone.text_model.model.pooler.dense.bias

06/18 12:07:21 - mmengine - INFO - Load checkpoint from /home/siyuan/projects/LLMs/OralDetect-Family/OralCLIP/pretrained/wedetect_oralclip_dentalbert_init.pth
06/18 12:07:21 - mmengine - WARNING - "FileClient" will be deprecated in future. Please use io functions in https://mmengine.readthedocs.io/en/latest/api/fileio.html#file-io
06/18 12:07:21 - mmengine - WARNING - "HardDiskBackend" is the alias of "LocalBackend" and the former will be deprecated in future.
06/18 12:07:21 - mmengine - INFO - Checkpoints will be saved to /home/siyuan/projects/LLMs/OralDetect-Family/WeDetect_repro/WeDetect/work_dirs/wedetect_dental_mode1_oralclip_dentalbert.
/home/siyuan/anaconda3/envs/wedetect_official/lib/python3.10/site-packages/torch/functional.py:534: UserWarning: torch.meshgrid: in an upcoming release, it will be required to pass the indexing argument. (Triggered internally at ../aten/src/ATen/native/TensorShape.cpp:3595.)
  return _VF.meshgrid(tensors, **kwargs)  # type: ignore[attr-defined]
/home/siyuan/anaconda3/envs/wedetect_official/lib/python3.10/site-packages/torch/functional.py:534: UserWarning: torch.meshgrid: in an upcoming release, it will be required to pass the indexing argument. (Triggered internally at ../aten/src/ATen/native/TensorShape.cpp:3595.)
  return _VF.meshgrid(tensors, **kwargs)  # type: ignore[attr-defined]
/home/siyuan/anaconda3/envs/wedetect_official/lib/python3.10/site-packages/torch/functional.py:534: UserWarning: torch.meshgrid: in an upcoming release, it will be required to pass the indexing argument. (Triggered internally at ../aten/src/ATen/native/TensorShape.cpp:3595.)
  return _VF.meshgrid(tensors, **kwargs)  # type: ignore[attr-defined]
/home/siyuan/anaconda3/envs/wedetect_official/lib/python3.10/site-packages/torch/functional.py:534: UserWarning: torch.meshgrid: in an upcoming release, it will be required to pass the indexing argument. (Triggered internally at ../aten/src/ATen/native/TensorShape.cpp:3595.)
  return _VF.meshgrid(tensors, **kwargs)  # type: ignore[attr-defined]
06/18 12:08:19 - mmengine - INFO - Epoch(train)  [1][  50/1294]  base_lr: 9.9685e-07 lr: 9.9685e-07  eta: 4:57:03  time: 1.1515  data_time: 0.0748  memory: 26998  grad_norm: 38722.3185  loss: 611.0677  loss_cls: 478.8186  loss_bbox: 71.9471  loss_dfl: 60.3020
06/18 12:09:12 - mmengine - INFO - Epoch(train)  [1][ 100/1294]  base_lr: 1.9873e-06 lr: 1.9873e-06  eta: 4:44:02  time: 1.0577  data_time: 0.0072  memory: 27105  grad_norm: 4273.4875  loss: 323.6919  loss_cls: 201.2488  loss_bbox: 66.1709  loss_dfl: 56.2723
06/18 12:10:05 - mmengine - INFO - Epoch(train)  [1][ 150/1294]  base_lr: 2.9712e-06 lr: 2.9712e-06  eta: 4:40:12  time: 1.0707  data_time: 0.0074  memory: 27065  grad_norm: 1752.5844  loss: 254.1009  loss_cls: 145.3745  loss_bbox: 57.9959  loss_dfl: 50.7306
06/18 12:10:59 - mmengine - INFO - Epoch(train)  [1][ 200/1294]  base_lr: 3.9488e-06 lr: 3.9488e-06  eta: 4:37:45  time: 1.0692  data_time: 0.0071  memory: 27065  grad_norm: 1318.0530  loss: 224.3733  loss_cls: 124.9369  loss_bbox: 53.1670  loss_dfl: 46.2694
06/18 12:11:52 - mmengine - INFO - Epoch(train)  [1][ 250/1294]  base_lr: 4.9199e-06 lr: 4.9199e-06  eta: 4:35:55  time: 1.0688  data_time: 0.0076  memory: 27112  grad_norm: 1261.5133  loss: 211.3599  loss_cls: 113.3811  loss_bbox: 52.5429  loss_dfl: 45.4359
06/18 12:12:46 - mmengine - INFO - Epoch(train)  [1][ 300/1294]  base_lr: 5.8846e-06 lr: 5.8846e-06  eta: 4:34:25  time: 1.0694  data_time: 0.0073  memory: 27118  grad_norm: 1134.5435  loss: 197.2701  loss_cls: 100.8710  loss_bbox: 51.6871  loss_dfl: 44.7120
06/18 12:13:39 - mmengine - INFO - Epoch(train)  [1][ 350/1294]  base_lr: 6.8428e-06 lr: 6.8428e-06  eta: 4:33:16  time: 1.0748  data_time: 0.0077  memory: 27138  grad_norm: 1186.4462  loss: 187.7416  loss_cls: 94.1993  loss_bbox: 50.0162  loss_dfl: 43.5261
06/18 12:14:33 - mmengine - INFO - Epoch(train)  [1][ 400/1294]  base_lr: 7.7946e-06 lr: 7.7946e-06  eta: 4:32:19  time: 1.0786  data_time: 0.0076  memory: 27185  grad_norm: 1173.2112  loss: 177.7237  loss_cls: 86.3987  loss_bbox: 48.7793  loss_dfl: 42.5458
06/18 12:15:27 - mmengine - INFO - Epoch(train)  [1][ 450/1294]  base_lr: 8.7400e-06 lr: 8.7400e-06  eta: 4:31:07  time: 1.0694  data_time: 0.0076  memory: 27266  grad_norm: 2714.1596  loss: 173.3205  loss_cls: 82.0639  loss_bbox: 48.2492  loss_dfl: 43.0074
06/18 12:16:21 - mmengine - INFO - Epoch(train)  [1][ 500/1294]  base_lr: 9.6789e-06 lr: 9.6789e-06  eta: 4:30:11  time: 1.0775  data_time: 0.0073  memory: 27092  grad_norm: 1189.0847  loss: 168.5542  loss_cls: 78.2476  loss_bbox: 48.0584  loss_dfl: 42.2482
06/18 12:17:15 - mmengine - INFO - Epoch(train)  [1][ 550/1294]  base_lr: 1.0611e-05 lr: 1.0611e-05  eta: 4:29:14  time: 1.0761  data_time: 0.0076  memory: 27052  grad_norm: 1273.1198  loss: 160.5536  loss_cls: 71.0239  loss_bbox: 47.1020  loss_dfl: 42.4277
06/18 12:18:08 - mmengine - INFO - Epoch(train)  [1][ 600/1294]  base_lr: 1.1538e-05 lr: 1.1538e-05  eta: 4:28:14  time: 1.0742  data_time: 0.0072  memory: 27219  grad_norm: 1199.3384  loss: 154.4418  loss_cls: 66.2946  loss_bbox: 46.8966  loss_dfl: 41.2507
06/18 12:19:02 - mmengine - INFO - Epoch(train)  [1][ 650/1294]  base_lr: 1.2457e-05 lr: 1.2457e-05  eta: 4:27:24  time: 1.0815  data_time: 0.0071  memory: 27178  grad_norm: 1350.6627  loss: 156.7596  loss_cls: 69.0335  loss_bbox: 46.8659  loss_dfl: 40.8602
06/18 12:19:56 - mmengine - INFO - Epoch(train)  [1][ 700/1294]  base_lr: 1.3370e-05 lr: 1.3370e-05  eta: 4:26:25  time: 1.0730  data_time: 0.0076  memory: 27206  grad_norm: 1168.8369  loss: 154.1246  loss_cls: 66.8609  loss_bbox: 46.3394  loss_dfl: 40.9244
06/18 12:20:50 - mmengine - INFO - Epoch(train)  [1][ 750/1294]  base_lr: 1.4277e-05 lr: 1.4277e-05  eta: 4:25:30  time: 1.0770  data_time: 0.0071  memory: 27212  grad_norm: 1156.5876  loss: 146.7805  loss_cls: 64.3322  loss_bbox: 43.5131  loss_dfl: 38.9352
06/18 12:21:44 - mmengine - INFO - Epoch(train)  [1][ 800/1294]  base_lr: 1.5177e-05 lr: 1.5177e-05  eta: 4:24:36  time: 1.0781  data_time: 0.0075  memory: 27038  grad_norm: 1131.9375  loss: 147.7731  loss_cls: 62.8057  loss_bbox: 45.1486  loss_dfl: 39.8188
06/18 12:22:37 - mmengine - INFO - Epoch(train)  [1][ 850/1294]  base_lr: 1.6071e-05 lr: 1.6071e-05  eta: 4:23:38  time: 1.0730  data_time: 0.0078  memory: 27092  grad_norm: 1125.6977  loss: 148.3293  loss_cls: 61.4448  loss_bbox: 46.0714  loss_dfl: 40.8131
06/18 12:23:31 - mmengine - INFO - Epoch(train)  [1][ 900/1294]  base_lr: 1.6959e-05 lr: 1.6959e-05  eta: 4:22:44  time: 1.0782  data_time: 0.0071  memory: 27038  grad_norm: 1132.7565  loss: 144.0317  loss_cls: 60.0329  loss_bbox: 43.8094  loss_dfl: 40.1895
06/18 12:24:25 - mmengine - INFO - Epoch(train)  [1][ 950/1294]  base_lr: 1.7840e-05 lr: 1.7840e-05  eta: 4:21:51  time: 1.0793  data_time: 0.0075  memory: 27272  grad_norm: 1076.6073  loss: 142.6056  loss_cls: 58.8650  loss_bbox: 44.0996  loss_dfl: 39.6410
06/18 12:25:19 - mmengine - INFO - Exp name: wedetect_dental_mode1_oralclip_dentalbert_20260618_120705
06/18 12:25:19 - mmengine - INFO - Epoch(train)  [1][1000/1294]  base_lr: 1.8714e-05 lr: 1.8714e-05  eta: 4:20:55  time: 1.0744  data_time: 0.0069  memory: 27158  grad_norm: 1142.7338  loss: 139.2282  loss_cls: 56.8723  loss_bbox: 43.4710  loss_dfl: 38.8849
06/18 12:26:13 - mmengine - INFO - Epoch(train)  [1][1050/1294]  base_lr: 1.8650e-05 lr: 1.8650e-05  eta: 4:19:59  time: 1.0742  data_time: 0.0057  memory: 26965  grad_norm: 1230.1884  loss: 137.2900  loss_cls: 56.0377  loss_bbox: 42.9803  loss_dfl: 38.2720
06/18 12:27:06 - mmengine - INFO - Epoch(train)  [1][1100/1294]  base_lr: 1.8586e-05 lr: 1.8586e-05  eta: 4:19:01  time: 1.0713  data_time: 0.0055  memory: 27085  grad_norm: 1065.3109  loss: 134.1177  loss_cls: 53.7844  loss_bbox: 41.8460  loss_dfl: 38.4873
06/18 12:28:00 - mmengine - INFO - Epoch(train)  [1][1150/1294]  base_lr: 1.8521e-05 lr: 1.8521e-05  eta: 4:18:09  time: 1.0798  data_time: 0.0058  memory: 27152  grad_norm: 1018.7632  loss: 132.7219  loss_cls: 51.8692  loss_bbox: 42.9558  loss_dfl: 37.8968
06/18 12:28:54 - mmengine - INFO - Epoch(train)  [1][1200/1294]  base_lr: 1.8457e-05 lr: 1.8457e-05  eta: 4:17:12  time: 1.0731  data_time: 0.0055  memory: 26998  grad_norm: 1046.9230  loss: 131.9776  loss_cls: 52.4256  loss_bbox: 41.7141  loss_dfl: 37.8379
06/18 12:29:48 - mmengine - INFO - Epoch(train)  [1][1250/1294]  base_lr: 1.8393e-05 lr: 1.8393e-05  eta: 4:16:17  time: 1.0743  data_time: 0.0057  memory: 27005  grad_norm: 1132.3058  loss: 133.4191  loss_cls: 52.0161  loss_bbox: 42.7898  loss_dfl: 38.6132
06/18 12:30:34 - mmengine - INFO - Exp name: wedetect_dental_mode1_oralclip_dentalbert_20260618_120705
06/18 12:30:34 - mmengine - INFO - Saving checkpoint at 1 epochs
06/18 12:31:35 - mmengine - INFO - Epoch(train)  [2][  50/1294]  base_lr: 1.8272e-05 lr: 1.8272e-05  eta: 4:14:39  time: 1.0955  data_time: 0.0275  memory: 27125  grad_norm: 1050.2817  loss: 128.5187  loss_cls: 50.3321  loss_bbox: 40.8271  loss_dfl: 37.3595
06/18 12:32:29 - mmengine - INFO - Epoch(train)  [2][ 100/1294]  base_lr: 1.8208e-05 lr: 1.8208e-05  eta: 4:13:43  time: 1.0725  data_time: 0.0054  memory: 27098  grad_norm: 1033.1565  loss: 134.8161  loss_cls: 53.6856  loss_bbox: 43.0177  loss_dfl: 38.1128
06/18 12:33:23 - mmengine - INFO - Epoch(train)  [2][ 150/1294]  base_lr: 1.8143e-05 lr: 1.8143e-05  eta: 4:12:50  time: 1.0795  data_time: 0.0059  memory: 27165  grad_norm: 924.8151  loss: 131.2254  loss_cls: 50.5286  loss_bbox: 42.5659  loss_dfl: 38.1310
06/18 12:34:16 - mmengine - INFO - Epoch(train)  [2][ 200/1294]  base_lr: 1.8079e-05 lr: 1.8079e-05  eta: 4:11:54  time: 1.0714  data_time: 0.0057  memory: 27178  grad_norm: 994.4669  loss: 130.2241  loss_cls: 50.6210  loss_bbox: 41.8296  loss_dfl: 37.7735
06/18 12:35:10 - mmengine - INFO - Epoch(train)  [2][ 250/1294]  base_lr: 1.8014e-05 lr: 1.8014e-05  eta: 4:11:02  time: 1.0817  data_time: 0.0055  memory: 27025  grad_norm: 1190.6083  loss: 131.5557  loss_cls: 51.0978  loss_bbox: 42.4643  loss_dfl: 37.9935
06/18 12:36:04 - mmengine - INFO - Epoch(train)  [2][ 300/1294]  base_lr: 1.7950e-05 lr: 1.7950e-05  eta: 4:10:09  time: 1.0799  data_time: 0.0055  memory: 27072  grad_norm: 965.2766  loss: 128.3224  loss_cls: 49.1862  loss_bbox: 41.6109  loss_dfl: 37.5252
06/18 12:36:58 - mmengine - INFO - Epoch(train)  [2][ 350/1294]  base_lr: 1.7886e-05 lr: 1.7886e-05  eta: 4:09:14  time: 1.0740  data_time: 0.0060  memory: 27118  grad_norm: 922.8056  loss: 128.0487  loss_cls: 48.1611  loss_bbox: 41.7995  loss_dfl: 38.0882
06/18 12:37:52 - mmengine - INFO - Epoch(train)  [2][ 400/1294]  base_lr: 1.7821e-05 lr: 1.7821e-05  eta: 4:08:21  time: 1.0794  data_time: 0.0056  memory: 27198  grad_norm: 962.0632  loss: 126.7913  loss_cls: 47.4216  loss_bbox: 41.8596  loss_dfl: 37.5100
06/18 12:38:46 - mmengine - INFO - Epoch(train)  [2][ 450/1294]  base_lr: 1.7757e-05 lr: 1.7757e-05  eta: 4:07:27  time: 1.0759  data_time: 0.0059  memory: 27378  grad_norm: 954.8446  loss: 126.8773  loss_cls: 47.5204  loss_bbox: 41.5417  loss_dfl: 37.8153
06/18 12:39:40 - mmengine - INFO - Epoch(train)  [2][ 500/1294]  base_lr: 1.7693e-05 lr: 1.7693e-05  eta: 4:06:33  time: 1.0764  data_time: 0.0056  memory: 27098  grad_norm: 906.7878  loss: 127.7496  loss_cls: 47.4925  loss_bbox: 42.1789  loss_dfl: 38.0782
06/18 12:40:34 - mmengine - INFO - Epoch(train)  [2][ 550/1294]  base_lr: 1.7628e-05 lr: 1.7628e-05  eta: 4:05:40  time: 1.0789  data_time: 0.0055  memory: 27138  grad_norm: 930.0542  loss: 127.0857  loss_cls: 47.0581  loss_bbox: 41.9380  loss_dfl: 38.0897
06/18 12:41:27 - mmengine - INFO - Epoch(train)  [2][ 600/1294]  base_lr: 1.7564e-05 lr: 1.7564e-05  eta: 4:04:43  time: 1.0693  data_time: 0.0055  memory: 27219  grad_norm: 879.5802  loss: 127.2738  loss_cls: 47.5610  loss_bbox: 42.1101  loss_dfl: 37.6027
06/18 12:42:21 - mmengine - INFO - Epoch(train)  [2][ 650/1294]  base_lr: 1.7500e-05 lr: 1.7500e-05  eta: 4:03:50  time: 1.0806  data_time: 0.0054  memory: 27079  grad_norm: 1006.7477  loss: 124.7718  loss_cls: 46.1231  loss_bbox: 41.5547  loss_dfl: 37.0941
06/18 12:43:15 - mmengine - INFO - Epoch(train)  [2][ 700/1294]  base_lr: 1.7435e-05 lr: 1.7435e-05  eta: 4:02:57  time: 1.0799  data_time: 0.0056  memory: 27038  grad_norm: 1001.3207  loss: 123.7862  loss_cls: 45.3445  loss_bbox: 41.0826  loss_dfl: 37.3591
06/18 12:43:22 - mmengine - INFO - Exp name: wedetect_dental_mode1_oralclip_dentalbert_20260618_120705
06/18 12:44:09 - mmengine - INFO - Epoch(train)  [2][ 750/1294]  base_lr: 1.7371e-05 lr: 1.7371e-05  eta: 4:02:02  time: 1.0739  data_time: 0.0055  memory: 26998  grad_norm: 945.5842  loss: 125.1885  loss_cls: 47.4746  loss_bbox: 40.6612  loss_dfl: 37.0527
06/18 12:45:03 - mmengine - INFO - Epoch(train)  [2][ 800/1294]  base_lr: 1.7307e-05 lr: 1.7307e-05  eta: 4:01:08  time: 1.0750  data_time: 0.0055  memory: 27132  grad_norm: 875.7214  loss: 125.4137  loss_cls: 46.3658  loss_bbox: 41.2538  loss_dfl: 37.7941
06/18 12:45:56 - mmengine - INFO - Epoch(train)  [2][ 850/1294]  base_lr: 1.7242e-05 lr: 1.7242e-05  eta: 4:00:15  time: 1.0796  data_time: 0.0056  memory: 27085  grad_norm: 899.8882  loss: 122.9339  loss_cls: 44.9059  loss_bbox: 40.4421  loss_dfl: 37.5860
06/18 12:46:50 - mmengine - INFO - Epoch(train)  [2][ 900/1294]  base_lr: 1.7178e-05 lr: 1.7178e-05  eta: 3:59:21  time: 1.0760  data_time: 0.0057  memory: 27032  grad_norm: 919.6536  loss: 126.4709  loss_cls: 46.7736  loss_bbox: 42.0946  loss_dfl: 37.6028
06/18 12:47:44 - mmengine - INFO - Epoch(train)  [2][ 950/1294]  base_lr: 1.7114e-05 lr: 1.7114e-05  eta: 3:58:28  time: 1.0803  data_time: 0.0057  memory: 27298  grad_norm: 838.1766  loss: 121.1249  loss_cls: 44.4711  loss_bbox: 40.1627  loss_dfl: 36.4910
06/18 12:48:38 - mmengine - INFO - Epoch(train)  [2][1000/1294]  base_lr: 1.7049e-05 lr: 1.7049e-05  eta: 3:57:32  time: 1.0714  data_time: 0.0059  memory: 27158  grad_norm: 875.1702  loss: 122.1861  loss_cls: 43.8990  loss_bbox: 41.4036  loss_dfl: 36.8835
06/18 12:49:32 - mmengine - INFO - Epoch(train)  [2][1050/1294]  base_lr: 1.6985e-05 lr: 1.6985e-05  eta: 3:56:39  time: 1.0794  data_time: 0.0061  memory: 27132  grad_norm: 907.3804  loss: 121.5363  loss_cls: 44.3304  loss_bbox: 40.4770  loss_dfl: 36.7290
06/18 12:50:26 - mmengine - INFO - Epoch(train)  [2][1100/1294]  base_lr: 1.6921e-05 lr: 1.6921e-05  eta: 3:55:48  time: 1.0855  data_time: 0.0058  memory: 27005  grad_norm: 870.4591  loss: 120.6322  loss_cls: 42.4314  loss_bbox: 40.8728  loss_dfl: 37.3280
06/18 12:51:20 - mmengine - INFO - Epoch(train)  [2][1150/1294]  base_lr: 1.6856e-05 lr: 1.6856e-05  eta: 3:54:54  time: 1.0774  data_time: 0.0058  memory: 27372  grad_norm: 860.2514  loss: 120.6155  loss_cls: 43.7223  loss_bbox: 40.2642  loss_dfl: 36.6290
06/18 12:52:14 - mmengine - INFO - Epoch(train)  [2][1200/1294]  base_lr: 1.6792e-05 lr: 1.6792e-05  eta: 3:54:01  time: 1.0821  data_time: 0.0064  memory: 27072  grad_norm: 981.6299  loss: 120.3297  loss_cls: 44.0728  loss_bbox: 39.9928  loss_dfl: 36.2641
W0618 12:53:04.446000 12901 site-packages/torch/distributed/elastic/agent/server/api.py:704] Received Signals.SIGTERM death signal, shutting down workers
W0618 12:53:04.448000 12901 site-packages/torch/distributed/elastic/multiprocessing/api.py:897] Sending process 12976 closing signal SIGTERM
W0618 12:53:04.448000 12901 site-packages/torch/distributed/elastic/multiprocessing/api.py:897] Sending process 12977 closing signal SIGTERM
W0618 12:53:04.448000 12901 site-packages/torch/distributed/elastic/multiprocessing/api.py:897] Sending process 12978 closing signal SIGTERM
W0618 12:53:04.448000 12901 site-packages/torch/distributed/elastic/multiprocessing/api.py:897] Sending process 12979 closing signal SIGTERM
Traceback (most recent call last):
  File "/home/siyuan/anaconda3/envs/wedetect_official/bin/torchrun", line 6, in <module>
    sys.exit(main())
  File "/home/siyuan/anaconda3/envs/wedetect_official/lib/python3.10/site-packages/torch/distributed/elastic/multiprocessing/errors/__init__.py", line 355, in wrapper
    return f(*args, **kwargs)
  File "/home/siyuan/anaconda3/envs/wedetect_official/lib/python3.10/site-packages/torch/distributed/run.py", line 919, in main
    run(args)
  File "/home/siyuan/anaconda3/envs/wedetect_official/lib/python3.10/site-packages/torch/distributed/run.py", line 910, in run
    elastic_launch(
  File "/home/siyuan/anaconda3/envs/wedetect_official/lib/python3.10/site-packages/torch/distributed/launcher/api.py", line 138, in __call__
    return launch_agent(self._config, self._entrypoint, list(args))
  File "/home/siyuan/anaconda3/envs/wedetect_official/lib/python3.10/site-packages/torch/distributed/launcher/api.py", line 260, in launch_agent
    result = agent.run()
  File "/home/siyuan/anaconda3/envs/wedetect_official/lib/python3.10/site-packages/torch/distributed/elastic/metrics/api.py", line 137, in wrapper
    result = f(*args, **kwargs)
  File "/home/siyuan/anaconda3/envs/wedetect_official/lib/python3.10/site-packages/torch/distributed/elastic/agent/server/api.py", line 696, in run
    result = self._invoke_run(role)
  File "/home/siyuan/anaconda3/envs/wedetect_official/lib/python3.10/site-packages/torch/distributed/elastic/agent/server/api.py", line 855, in _invoke_run
    time.sleep(monitor_interval)
  File "/home/siyuan/anaconda3/envs/wedetect_official/lib/python3.10/site-packages/torch/distributed/elastic/multiprocessing/api.py", line 84, in _terminate_process_handler
    raise SignalException(f"Process {os.getpid()} got signal: {sigval}", sigval=sigval)
torch.distributed.elastic.multiprocessing.api.SignalException: Process 12901 got signal: 15
