########## STAGE 1 (freeze towers, train neck/head, lr 1e-4, 8ep) ##########
W0710 01:25:56.318000 2442412 site-packages/torch/distributed/run.py:793] 
W0710 01:25:56.318000 2442412 site-packages/torch/distributed/run.py:793] *****************************************
W0710 01:25:56.318000 2442412 site-packages/torch/distributed/run.py:793] Setting OMP_NUM_THREADS environment variable for each process to be 1 in default, to avoid your system being overloaded, please further tune the variable for optimal performance in your application as needed. 
W0710 01:25:56.318000 2442412 site-packages/torch/distributed/run.py:793] *****************************************
/home/siyuan/anaconda3/envs/wedetect_official/lib/python3.10/site-packages/mmengine/optim/optimizer/zero_optimizer.py:11: DeprecationWarning: `TorchScript` support for functional optimizers is deprecated and will be removed in a future PyTorch release. Consider using the `torch.compile` optimizer instead.
  from torch.distributed.optim import \
/home/siyuan/anaconda3/envs/wedetect_official/lib/python3.10/site-packages/mmengine/optim/optimizer/zero_optimizer.py:11: DeprecationWarning: `TorchScript` support for functional optimizers is deprecated and will be removed in a future PyTorch release. Consider using the `torch.compile` optimizer instead.
  from torch.distributed.optim import \
/home/siyuan/anaconda3/envs/wedetect_official/lib/python3.10/site-packages/mmengine/optim/optimizer/zero_optimizer.py:11: DeprecationWarning: `TorchScript` support for functional optimizers is deprecated and will be removed in a future PyTorch release. Consider using the `torch.compile` optimizer instead.
  from torch.distributed.optim import \
/home/siyuan/anaconda3/envs/wedetect_official/lib/python3.10/site-packages/mmengine/optim/optimizer/zero_optimizer.py:11: DeprecationWarning: `TorchScript` support for functional optimizers is deprecated and will be removed in a future PyTorch release. Consider using the `torch.compile` optimizer instead.
  from torch.distributed.optim import \
/home/siyuan/.local/lib/python3.10/site-packages/fairscale/experimental/nn/offload.py:19: FutureWarning: `torch.cuda.amp.custom_fwd(args...)` is deprecated. Please use `torch.amp.custom_fwd(args..., device_type='cuda')` instead.
  return torch.cuda.amp.custom_fwd(orig_func)  # type: ignore
/home/siyuan/.local/lib/python3.10/site-packages/fairscale/experimental/nn/offload.py:30: FutureWarning: `torch.cuda.amp.custom_bwd(args...)` is deprecated. Please use `torch.amp.custom_bwd(args..., device_type='cuda')` instead.
  return torch.cuda.amp.custom_bwd(orig_func)  # type: ignore
/home/siyuan/.local/lib/python3.10/site-packages/fairscale/experimental/nn/offload.py:19: FutureWarning: `torch.cuda.amp.custom_fwd(args...)` is deprecated. Please use `torch.amp.custom_fwd(args..., device_type='cuda')` instead.
  return torch.cuda.amp.custom_fwd(orig_func)  # type: ignore
/home/siyuan/.local/lib/python3.10/site-packages/fairscale/experimental/nn/offload.py:30: FutureWarning: `torch.cuda.amp.custom_bwd(args...)` is deprecated. Please use `torch.amp.custom_bwd(args..., device_type='cuda')` instead.
  return torch.cuda.amp.custom_bwd(orig_func)  # type: ignore
/home/siyuan/.local/lib/python3.10/site-packages/fairscale/experimental/nn/offload.py:19: FutureWarning: `torch.cuda.amp.custom_fwd(args...)` is deprecated. Please use `torch.amp.custom_fwd(args..., device_type='cuda')` instead.
  return torch.cuda.amp.custom_fwd(orig_func)  # type: ignore
/home/siyuan/.local/lib/python3.10/site-packages/fairscale/experimental/nn/offload.py:30: FutureWarning: `torch.cuda.amp.custom_bwd(args...)` is deprecated. Please use `torch.amp.custom_bwd(args..., device_type='cuda')` instead.
  return torch.cuda.amp.custom_bwd(orig_func)  # type: ignore
/home/siyuan/.local/lib/python3.10/site-packages/fairscale/experimental/nn/offload.py:19: FutureWarning: `torch.cuda.amp.custom_fwd(args...)` is deprecated. Please use `torch.amp.custom_fwd(args..., device_type='cuda')` instead.
  return torch.cuda.amp.custom_fwd(orig_func)  # type: ignore
/home/siyuan/.local/lib/python3.10/site-packages/fairscale/experimental/nn/offload.py:30: FutureWarning: `torch.cuda.amp.custom_bwd(args...)` is deprecated. Please use `torch.amp.custom_bwd(args..., device_type='cuda')` instead.
  return torch.cuda.amp.custom_bwd(orig_func)  # type: ignore
/home/siyuan/anaconda3/envs/wedetect_official/lib/python3.10/site-packages/mmengine/utils/dl_utils/setup_env.py:56: UserWarning: Setting MKL_NUM_THREADS environment variable for each process to be 1 in default, to avoid your system being overloaded, please further tune the variable for optimal performance in your application as needed.
  warnings.warn(
/home/siyuan/anaconda3/envs/wedetect_official/lib/python3.10/site-packages/mmengine/utils/dl_utils/setup_env.py:56: UserWarning: Setting MKL_NUM_THREADS environment variable for each process to be 1 in default, to avoid your system being overloaded, please further tune the variable for optimal performance in your application as needed.
  warnings.warn(
/home/siyuan/anaconda3/envs/wedetect_official/lib/python3.10/site-packages/mmengine/utils/dl_utils/setup_env.py:56: UserWarning: Setting MKL_NUM_THREADS environment variable for each process to be 1 in default, to avoid your system being overloaded, please further tune the variable for optimal performance in your application as needed.
  warnings.warn(
/home/siyuan/anaconda3/envs/wedetect_official/lib/python3.10/site-packages/mmengine/utils/dl_utils/setup_env.py:56: UserWarning: Setting MKL_NUM_THREADS environment variable for each process to be 1 in default, to avoid your system being overloaded, please further tune the variable for optimal performance in your application as needed.
  warnings.warn(
07/10 01:26:01 - mmengine - INFO - 
------------------------------------------------------------
System environment:
    sys.platform: linux
    Python: 3.10.20 (main, Jun 11 2026, 15:17:37) [GCC 14.3.0]
    CUDA available: True
    MUSA available: False
    numpy_random_seed: 1046207980
    GPU 0,1,2,3: NVIDIA RTX A6000
    CUDA_HOME: /usr/local/cuda-11.3
    NVCC: Cuda compilation tools, release 11.3, V11.3.109
    GCC: gcc (Ubuntu 9.5.0-1ubuntu1~22.04) 9.5.0
    PyTorch: 2.5.1+cu124
    PyTorch compiling details: PyTorch built with:
  - GCC 9.3
  - C++ Version: 201703
  - Intel(R) oneAPI Math Kernel Library Version 2024.2-Product Build 20240605 for Intel(R) 64 architecture applications
  - Intel(R) MKL-DNN v3.5.3 (Git Hash 66f0cb9eb66affd2da3bf5f8d897376f04aae6af)
  - OpenMP 201511 (a.k.a. OpenMP 4.5)
  - LAPACK is enabled (usually provided by MKL)
  - NNPACK is enabled
  - CPU capability usage: AVX2
  - CUDA Runtime 12.4
  - NVCC architecture flags: -gencode;arch=compute_50,code=sm_50;-gencode;arch=compute_60,code=sm_60;-gencode;arch=compute_70,code=sm_70;-gencode;arch=compute_75,code=sm_75;-gencode;arch=compute_80,code=sm_80;-gencode;arch=compute_86,code=sm_86;-gencode;arch=compute_90,code=sm_90
  - CuDNN 90.1
  - Magma 2.6.1
  - Build settings: BLAS_INFO=mkl, BUILD_TYPE=Release, CUDA_VERSION=12.4, CUDNN_VERSION=9.1.0, CXX_COMPILER=/opt/rh/devtoolset-9/root/usr/bin/c++, CXX_FLAGS= -D_GLIBCXX_USE_CXX11_ABI=0 -fabi-version=11 -fvisibility-inlines-hidden -DUSE_PTHREADPOOL -DNDEBUG -DUSE_KINETO -DLIBKINETO_NOROCTRACER -DLIBKINETO_NOXPUPTI=ON -DUSE_FBGEMM -DUSE_PYTORCH_QNNPACK -DUSE_XNNPACK -DSYMBOLICATE_MOBILE_DEBUG_HANDLE -O2 -fPIC -Wall -Wextra -Werror=return-type -Werror=non-virtual-dtor -Werror=bool-operation -Wnarrowing -Wno-missing-field-initializers -Wno-type-limits -Wno-array-bounds -Wno-unknown-pragmas -Wno-unused-parameter -Wno-strict-overflow -Wno-strict-aliasing -Wno-stringop-overflow -Wsuggest-override -Wno-psabi -Wno-error=old-style-cast -Wno-missing-braces -fdiagnostics-color=always -faligned-new -Wno-unused-but-set-variable -Wno-maybe-uninitialized -fno-math-errno -fno-trapping-math -Werror=format -Wno-stringop-overflow, LAPACK_INFO=mkl, PERF_WITH_AVX=1, PERF_WITH_AVX2=1, TORCH_VERSION=2.5.1, USE_CUDA=ON, USE_CUDNN=ON, USE_CUSPARSELT=1, USE_EXCEPTION_PTR=1, USE_GFLAGS=OFF, USE_GLOG=OFF, USE_GLOO=ON, USE_MKL=ON, USE_MKLDNN=ON, USE_MPI=OFF, USE_NCCL=1, USE_NNPACK=ON, USE_OPENMP=ON, USE_ROCM=OFF, USE_ROCM_KERNEL_ASSERT=OFF, 

    TorchVision: 0.20.1+cu124
    OpenCV: 4.10.0
    MMEngine: 0.10.7

Runtime environment:
    cudnn_benchmark: False
    mp_cfg: {'mp_start_method': 'fork', 'opencv_num_threads': 0}
    dist_cfg: {'backend': 'nccl'}
    seed: 1046207980
    Distributed launcher: pytorch
    Distributed training: True
    GPU number: 4
------------------------------------------------------------

07/10 01:26:03 - mmengine - INFO - Config:
CLASS_NAMES = '/home/siyuan/projects/LLMs/OralDetect-Family/OralDetect/datas/class_names_oraldetect.json'
CLASS_TEXT = '/home/siyuan/projects/LLMs/OralDetect-Family/OralDetect/datas/class_texts_oraldetect.json'
DATAS = '/home/siyuan/projects/LLMs/OralDetect-Family/OralDetect/datas'
DATA_ROOT = '/home/siyuan/OralDetect_data_by_modality/'
DENTALBERT = '/home/siyuan/projects/LLMs/OralDetect-Family/OralCLIP/Bert_tuning/checkpoints/BiomedNLP-BiomedBERT-base-uncased-abstract-fulltext_dental_mlm/final'
TEST_ANN = '/home/siyuan/projects/LLMs/OralDetect-Family/OralDetect/datas/instances_oraldetect_val.json'
TRAIN_ANN = '/home/siyuan/projects/LLMs/OralDetect-Family/OralDetect/datas/instances_oraldetect_train.json'
affine_scale = 0.5
albu_train_transforms = [
    dict(p=0.01, type='Blur'),
    dict(p=0.01, type='MedianBlur'),
    dict(p=0.01, type='ToGray'),
    dict(p=0.01, type='CLAHE'),
]
backend_args = None
base_lr = 0.0001
close_mosaic_epochs = 4
coco_evaluator = dict(
    ann_file='data/coco/annotations/instances_val2017.json',
    metric='bbox',
    type='CocoMetric')
coco_val_dataset = dict(
    class_text_path='data/texts/coco_zh_class_texts.json',
    dataset=dict(
        ann_file='data/coco/annotations/instances_val2017.json',
        batch_shapes_cfg=None,
        data_prefix=dict(img='val2017'),
        data_root='data/coco/',
        test_mode=True,
        type='WeCocoDataset'),
    pipeline=[
        dict(backend_args=None, type='LoadImageFromFile'),
        dict(scale=(
            640,
            640,
        ), type='WeDetectKeepRatioResize'),
        dict(
            allow_scale_up=False,
            pad_val=dict(img=114),
            scale=(
                640,
                640,
            ),
            type='WeDetectLetterResize'),
        dict(_scope_='mmdet', type='LoadAnnotations', with_bbox=True),
        dict(type='LoadText'),
        dict(
            meta_keys=(
                'img_id',
                'img_path',
                'ori_shape',
                'img_shape',
                'scale_factor',
                'pad_param',
                'texts',
            ),
            type='PackDetInputs'),
    ],
    type='MultiModalDataset')
custom_hooks = []
custom_imports = dict(
    allow_failed_imports=False, imports=[
        'wedetect',
    ])
default_hooks = dict(
    checkpoint=dict(
        interval=1,
        max_keep_ckpts=3,
        save_best='coco/bbox_mAP',
        type='CheckpointHook'),
    logger=dict(interval=50, type='LoggerHook'),
    param_scheduler=dict(type='ParamSchedulerHook'),
    sampler_seed=dict(type='DistSamplerSeedHook'),
    timer=dict(type='IterTimerHook'),
    visualization=dict(type='mmdet.DetVisualizationHook'))
default_scope = 'mmdet'
dist_cfg = dict(backend='nccl', timeout=10800)
env_cfg = dict(
    cudnn_benchmark=False,
    dist_cfg=dict(backend='nccl'),
    mp_cfg=dict(mp_start_method='fork', opencv_num_threads=0))
find_unused_parameters = True
img_scale = (
    640,
    640,
)
launcher = 'pytorch'
load_from = '/home/siyuan/projects/LLMs/OralDetect-Family/OralCLIP/pretrained/wedetect_oralclipv11_dentalbert_init.pth'
log_level = 'INFO'
log_processor = dict(by_epoch=True, type='LogProcessor', window_size=50)
loss_bbox_weight = 7.5
loss_cls_weight = 0.5
loss_dfl_weight = 0.375
lvis_minival_dataset = dict(
    class_text_path='data/texts/lvis_v1_zh_class_texts.json',
    dataset=dict(
        ann_file='data/lvis/lvis_v1_minival_inserted_image_name.json',
        batch_shapes_cfg=None,
        data_prefix=dict(img=''),
        data_root='data/coco/',
        test_mode=True,
        type='YOLOv5LVISV1Dataset'),
    pipeline=[
        dict(backend_args=None, type='LoadImageFromFile'),
        dict(scale=(
            640,
            640,
        ), type='WeDetectKeepRatioResize'),
        dict(
            allow_scale_up=False,
            pad_val=dict(img=114),
            scale=(
                640,
                640,
            ),
            type='WeDetectLetterResize'),
        dict(_scope_='mmdet', type='LoadAnnotations', with_bbox=True),
        dict(type='LoadText'),
        dict(
            meta_keys=(
                'img_id',
                'img_path',
                'ori_shape',
                'img_shape',
                'scale_factor',
                'pad_param',
                'texts',
            ),
            type='PackDetInputs'),
    ],
    type='MultiModalDataset')
lvis_minival_evaluator = dict(
    ann_file='data/lvis/lvis_v1_minival_inserted_image_name.json',
    metric='bbox',
    type='LVISMetric')
lvis_od_val_dataset = dict(
    class_text_path='data/texts/lvis_v1_zh_class_texts.json',
    dataset=dict(
        ann_file='data/lvis/lvis_od_val.json',
        batch_shapes_cfg=None,
        data_prefix=dict(img=''),
        data_root='data/coco/',
        test_mode=True,
        type='YOLOv5LVISV1Dataset'),
    pipeline=[
        dict(backend_args=None, type='LoadImageFromFile'),
        dict(scale=(
            640,
            640,
        ), type='WeDetectKeepRatioResize'),
        dict(
            allow_scale_up=False,
            pad_val=dict(img=114),
            scale=(
                640,
                640,
            ),
            type='WeDetectLetterResize'),
        dict(_scope_='mmdet', type='LoadAnnotations', with_bbox=True),
        dict(type='LoadText'),
        dict(
            meta_keys=(
                'img_id',
                'img_path',
                'ori_shape',
                'img_shape',
                'scale_factor',
                'pad_param',
                'texts',
            ),
            type='PackDetInputs'),
    ],
    type='MultiModalDataset')
lvis_od_val_evaluator = dict(
    ann_file='data/lvis/lvis_od_val.json', metric='bbox', type='LVISMetric')
max_epochs = 8
metainfo = dict(
    classes=(
        'abnormal oral epithelial cell',
        'alveolar bone loss',
        'anterior teeth with fluorosis',
        'anterior teeth without fluorosis',
        'canine',
        'central incisor',
        'craniofacial or oral anomaly',
        'dental abrasion',
        'dental caries',
        'dental crown restoration',
        'dental filling',
        'dental implant',
        'dental opacity',
        'dental restoration',
        'dental restoration (filling or crown)',
        'dividing oral cell',
        'first molar',
        'first premolar',
        'foreign object or debris',
        'hard recognized oral cell',
        'impacted tooth',
        'intraoral appliance',
        'lateral incisor',
        'lightly abnormal oral cell',
        'malignant oral cell',
        'mandibular canal',
        'maxillary sinus',
        'missing or residual root',
        'missing teeth',
        'normal',
        'normal oral cell',
        'oral blood cell',
        'orthodontic bracket',
        'periapical lesion',
        'periodontal pocket',
        'primary endodontic lesion',
        'primary endodontic with secondary periodontal lesion',
        'primary periodontal lesion',
        'primary periodontal with secondary endodontic lesion',
        'quadrant 1 (upper right)',
        'quadrant 2 (upper left)',
        'quadrant 3 (lower left)',
        'quadrant 4 (lower right)',
        'reactive oral cell',
        'retained root',
        'root canal treatment',
        'second molar',
        'second premolar',
        'severe gingivitis',
        'suspicious malignant oral cell',
        'tooth 11 (upper right central incisor)',
        'tooth 12 (upper right lateral incisor)',
        'tooth 13 (upper right canine)',
        'tooth 14 (upper right first premolar)',
        'tooth 15 (upper right second premolar)',
        'tooth 16 (upper right first molar)',
        'tooth 17 (upper right second molar)',
        'tooth 18 (upper right third molar)',
        'tooth 21 (upper left central incisor)',
        'tooth 22 (upper left lateral incisor)',
        'tooth 23 (upper left canine)',
        'tooth 24 (upper left first premolar)',
        'tooth 25 (upper left second premolar)',
        'tooth 26 (upper left first molar)',
        'tooth 27 (upper left second molar)',
        'tooth 28 (upper left third molar)',
        'tooth 31 (lower left central incisor)',
        'tooth 32 (lower left lateral incisor)',
        'tooth 33 (lower left canine)',
        'tooth 34 (lower left first premolar)',
        'tooth 35 (lower left second premolar)',
        'tooth 36 (lower left first molar)',
        'tooth 37 (lower left second molar)',
        'tooth 38 (lower left third molar)',
        'tooth 41 (lower right central incisor)',
        'tooth 42 (lower right lateral incisor)',
        'tooth 43 (lower right canine)',
        'tooth 44 (lower right first premolar)',
        'tooth 45 (lower right second premolar)',
        'tooth 46 (lower right first molar)',
        'tooth 47 (lower right second molar)',
        'tooth 48 (lower right third molar)',
        'tooth erosion',
        'tooth malformation',
        'true combined endo-perio lesion',
        'tumor',
    ))
mixup_prob = 0.15
model = dict(
    backbone=dict(
        image_model=dict(
            frozen_modules=[
                'all',
            ],
            model_name='base',
            type='ConvNextVisionBackbone'),
        text_model=dict(
            frozen_modules=[
                'all',
            ],
            model_name=
            '/home/siyuan/projects/LLMs/OralDetect-Family/OralCLIP/Bert_tuning/checkpoints/BiomedNLP-BiomedBERT-base-uncased-abstract-fulltext_dental_mlm/final',
            model_size='base',
            type='DentalBertLanguageBackbone'),
        type='MultiModalYOLOBackbone'),
    bbox_head=dict(
        bbox_coder=dict(type='WeDetectDistancePointBBoxCoder'),
        head_module=dict(
            embed_dims=768,
            in_channels=[
                256,
                512,
                1024,
            ],
            model_size='base',
            num_classes=86,
            type='YOLOWorldHeadModule',
            use_bn_head=True),
        loss_bbox=dict(
            bbox_format='xyxy',
            iou_mode='ciou',
            loss_weight=7.5,
            reduction='sum',
            return_iou=False,
            type='mmyoloIoULoss'),
        loss_cls=dict(
            loss_weight=0.5,
            reduction='none',
            type='CrossEntropyLoss',
            use_sigmoid=True),
        loss_dfl=dict(
            loss_weight=0.375, reduction='mean', type='DistributionFocalLoss'),
        prior_generator=dict(
            offset=0.5, strides=[
                8,
                16,
                32,
            ], type='MlvlPointGenerator'),
        type='YOLOWorldHead'),
    data_preprocessor=dict(
        bgr_to_rgb=True,
        mean=[
            0.0,
            0.0,
            0.0,
        ],
        std=[
            255.0,
            255.0,
            255.0,
        ],
        type='YOLOWDetDataPreprocessor'),
    mm_neck=False,
    neck=dict(model_size='base', scale_factor=1.0, type='CSPRepBiFPANNeck'),
    num_test_classes=86,
    num_train_classes=86,
    test_cfg=dict(
        max_per_img=300,
        multi_label=True,
        nms=dict(iou_threshold=0.7, type='nms'),
        nms_pre=30000,
        score_thr=0.001),
    train_cfg=dict(
        assigner=dict(
            alpha=0.5,
            beta=6.0,
            eps=1e-09,
            num_classes=86,
            topk=10,
            type='BatchTaskAlignedAssigner',
            use_ciou=True)),
    type='YOLOWorldDetector')
model_test_cfg = dict(
    max_per_img=300,
    multi_label=True,
    nms=dict(iou_threshold=0.7, type='nms'),
    nms_pre=30000,
    score_thr=0.001)
mosaic_affine_transform = [
    dict(
        img_scale=(
            640,
            640,
        ),
        pad_val=114.0,
        pre_transform=[
            dict(backend_args=None, type='LoadImageFromFile'),
            dict(type='LoadAnnotations', with_bbox=True),
        ],
        type='MultiModalMosaic'),
    dict(
        border=(
            -320,
            -320,
        ),
        border_val=(
            114,
            114,
            114,
        ),
        max_aspect_ratio=100.0,
        max_rotate_degree=0.0,
        max_shear_degree=0.0,
        scaling_ratio_range=(
            0.5,
            1.5,
        ),
        type='WeDetectRandomAffine'),
]
neck_embed_channels = [
    128,
    256,
    512,
]
neck_num_heads = [
    4,
    8,
    16,
]
num_classes = 86
num_training_classes = 86
optim_wrapper = dict(
    clip_grad=dict(max_norm=10.0),
    constructor='YOLOWv5OptimizerConstructor',
    optimizer=dict(
        batch_size_per_gpu=8, lr=0.0001, type='AdamW', weight_decay=0.05),
    paramwise_cfg=dict(
        custom_keys=dict({
            'backbone.text_model': dict(lr_mult=0.1),
            'logit_scale': dict(weight_decay=0.0)
        })),
    type='OptimWrapper')
param_scheduler = [
    dict(
        begin=0,
        by_epoch=False,
        end=1000,
        end_factor=1.0,
        start_factor=0.001,
        type='LinearLR'),
    dict(
        begin=0,
        by_epoch=True,
        convert_to_iter_based=True,
        end=8,
        end_factor=0.01,
        start_factor=1.0,
        type='LinearLR'),
]
persistent_workers = True
pre_transform = [
    dict(backend_args=None, type='LoadImageFromFile'),
    dict(type='LoadAnnotations', with_bbox=True),
]
resume = False
save_epoch_intervals = 1
tal_alpha = 0.5
tal_beta = 6.0
tal_topk = 10
test_cfg = dict(type='TestLoop')
test_dataloader = dict(
    batch_size=1,
    dataset=dict(
        class_text_path=
        '/home/siyuan/projects/LLMs/OralDetect-Family/OralDetect/datas/class_texts_oraldetect.json',
        dataset=dict(
            ann_file=
            '/home/siyuan/projects/LLMs/OralDetect-Family/OralDetect/datas/instances_oraldetect_val.json',
            batch_shapes_cfg=None,
            data_prefix=dict(img=''),
            data_root='/home/siyuan/OralDetect_data_by_modality/',
            metainfo=dict(
                classes=(
                    'abnormal oral epithelial cell',
                    'alveolar bone loss',
                    'anterior teeth with fluorosis',
                    'anterior teeth without fluorosis',
                    'canine',
                    'central incisor',
                    'craniofacial or oral anomaly',
                    'dental abrasion',
                    'dental caries',
                    'dental crown restoration',
                    'dental filling',
                    'dental implant',
                    'dental opacity',
                    'dental restoration',
                    'dental restoration (filling or crown)',
                    'dividing oral cell',
                    'first molar',
                    'first premolar',
                    'foreign object or debris',
                    'hard recognized oral cell',
                    'impacted tooth',
                    'intraoral appliance',
                    'lateral incisor',
                    'lightly abnormal oral cell',
                    'malignant oral cell',
                    'mandibular canal',
                    'maxillary sinus',
                    'missing or residual root',
                    'missing teeth',
                    'normal',
                    'normal oral cell',
                    'oral blood cell',
                    'orthodontic bracket',
                    'periapical lesion',
                    'periodontal pocket',
                    'primary endodontic lesion',
                    'primary endodontic with secondary periodontal lesion',
                    'primary periodontal lesion',
                    'primary periodontal with secondary endodontic lesion',
                    'quadrant 1 (upper right)',
                    'quadrant 2 (upper left)',
                    'quadrant 3 (lower left)',
                    'quadrant 4 (lower right)',
                    'reactive oral cell',
                    'retained root',
                    'root canal treatment',
                    'second molar',
                    'second premolar',
                    'severe gingivitis',
                    'suspicious malignant oral cell',
                    'tooth 11 (upper right central incisor)',
                    'tooth 12 (upper right lateral incisor)',
                    'tooth 13 (upper right canine)',
                    'tooth 14 (upper right first premolar)',
                    'tooth 15 (upper right second premolar)',
                    'tooth 16 (upper right first molar)',
                    'tooth 17 (upper right second molar)',
                    'tooth 18 (upper right third molar)',
                    'tooth 21 (upper left central incisor)',
                    'tooth 22 (upper left lateral incisor)',
                    'tooth 23 (upper left canine)',
                    'tooth 24 (upper left first premolar)',
                    'tooth 25 (upper left second premolar)',
                    'tooth 26 (upper left first molar)',
                    'tooth 27 (upper left second molar)',
                    'tooth 28 (upper left third molar)',
                    'tooth 31 (lower left central incisor)',
                    'tooth 32 (lower left lateral incisor)',
                    'tooth 33 (lower left canine)',
                    'tooth 34 (lower left first premolar)',
                    'tooth 35 (lower left second premolar)',
                    'tooth 36 (lower left first molar)',
                    'tooth 37 (lower left second molar)',
                    'tooth 38 (lower left third molar)',
                    'tooth 41 (lower right central incisor)',
                    'tooth 42 (lower right lateral incisor)',
                    'tooth 43 (lower right canine)',
                    'tooth 44 (lower right first premolar)',
                    'tooth 45 (lower right second premolar)',
                    'tooth 46 (lower right first molar)',
                    'tooth 47 (lower right second molar)',
                    'tooth 48 (lower right third molar)',
                    'tooth erosion',
                    'tooth malformation',
                    'true combined endo-perio lesion',
                    'tumor',
                )),
            test_mode=True,
            type='WeCocoDataset'),
        pipeline=[
            dict(backend_args=None, type='LoadImageFromFile'),
            dict(scale=(
                640,
                640,
            ), type='WeDetectKeepRatioResize'),
            dict(
                allow_scale_up=False,
                pad_val=dict(img=114),
                scale=(
                    640,
                    640,
                ),
                type='WeDetectLetterResize'),
            dict(_scope_='mmdet', type='LoadAnnotations', with_bbox=True),
            dict(type='LoadText'),
            dict(
                meta_keys=(
                    'img_id',
                    'img_path',
                    'ori_shape',
                    'img_shape',
                    'scale_factor',
                    'pad_param',
                    'texts',
                ),
                type='PackDetInputs'),
        ],
        type='MultiModalDataset'),
    drop_last=False,
    num_workers=2,
    persistent_workers=True,
    pin_memory=True,
    sampler=dict(shuffle=False, type='DefaultSampler'))
test_evaluator = dict(
    ann_file=
    '/home/siyuan/projects/LLMs/OralDetect-Family/OralDetect/datas/instances_oraldetect_val.json',
    metric='bbox',
    type='CocoMetric')
test_pipeline = [
    dict(backend_args=None, type='LoadImageFromFile'),
    dict(scale=(
        640,
        640,
    ), type='WeDetectKeepRatioResize'),
    dict(
        allow_scale_up=False,
        pad_val=dict(img=114),
        scale=(
            640,
            640,
        ),
        type='WeDetectLetterResize'),
    dict(_scope_='mmdet', type='LoadAnnotations', with_bbox=True),
    dict(type='LoadText'),
    dict(
        meta_keys=(
            'img_id',
            'img_path',
            'ori_shape',
            'img_shape',
            'scale_factor',
            'pad_param',
            'texts',
        ),
        type='PackDetInputs'),
]
text_channels = 768
text_transform = [
    dict(
        max_num_samples=86,
        num_neg_samples=(
            86,
            86,
        ),
        padding_to_max=True,
        padding_value='',
        type='RandomLoadText'),
    dict(
        meta_keys=(
            'img_id',
            'img_path',
            'ori_shape',
            'img_shape',
            'flip',
            'flip_direction',
            'texts',
        ),
        type='mmdet.PackDetInputs'),
]
train_batch_size_per_gpu = 8
train_cfg = dict(
    dynamic_intervals=[
        (
            8,
            1,
        ),
    ],
    max_epochs=8,
    type='EpochBasedTrainLoop',
    val_interval=2)
train_dataloader = dict(
    batch_size=8,
    collate_fn=dict(type='yolow_collate'),
    dataset=dict(
        class_text_path=
        '/home/siyuan/projects/LLMs/OralDetect-Family/OralDetect/datas/class_texts_oraldetect.json',
        dataset=dict(
            ann_file=
            '/home/siyuan/projects/LLMs/OralDetect-Family/OralDetect/datas/instances_oraldetect_train.json',
            data_prefix=dict(img=''),
            data_root='/home/siyuan/OralDetect_data_by_modality/',
            filter_cfg=dict(filter_empty_gt=False, min_size=32),
            metainfo=dict(
                classes=(
                    'abnormal oral epithelial cell',
                    'alveolar bone loss',
                    'anterior teeth with fluorosis',
                    'anterior teeth without fluorosis',
                    'canine',
                    'central incisor',
                    'craniofacial or oral anomaly',
                    'dental abrasion',
                    'dental caries',
                    'dental crown restoration',
                    'dental filling',
                    'dental implant',
                    'dental opacity',
                    'dental restoration',
                    'dental restoration (filling or crown)',
                    'dividing oral cell',
                    'first molar',
                    'first premolar',
                    'foreign object or debris',
                    'hard recognized oral cell',
                    'impacted tooth',
                    'intraoral appliance',
                    'lateral incisor',
                    'lightly abnormal oral cell',
                    'malignant oral cell',
                    'mandibular canal',
                    'maxillary sinus',
                    'missing or residual root',
                    'missing teeth',
                    'normal',
                    'normal oral cell',
                    'oral blood cell',
                    'orthodontic bracket',
                    'periapical lesion',
                    'periodontal pocket',
                    'primary endodontic lesion',
                    'primary endodontic with secondary periodontal lesion',
                    'primary periodontal lesion',
                    'primary periodontal with secondary endodontic lesion',
                    'quadrant 1 (upper right)',
                    'quadrant 2 (upper left)',
                    'quadrant 3 (lower left)',
                    'quadrant 4 (lower right)',
                    'reactive oral cell',
                    'retained root',
                    'root canal treatment',
                    'second molar',
                    'second premolar',
                    'severe gingivitis',
                    'suspicious malignant oral cell',
                    'tooth 11 (upper right central incisor)',
                    'tooth 12 (upper right lateral incisor)',
                    'tooth 13 (upper right canine)',
                    'tooth 14 (upper right first premolar)',
                    'tooth 15 (upper right second premolar)',
                    'tooth 16 (upper right first molar)',
                    'tooth 17 (upper right second molar)',
                    'tooth 18 (upper right third molar)',
                    'tooth 21 (upper left central incisor)',
                    'tooth 22 (upper left lateral incisor)',
                    'tooth 23 (upper left canine)',
                    'tooth 24 (upper left first premolar)',
                    'tooth 25 (upper left second premolar)',
                    'tooth 26 (upper left first molar)',
                    'tooth 27 (upper left second molar)',
                    'tooth 28 (upper left third molar)',
                    'tooth 31 (lower left central incisor)',
                    'tooth 32 (lower left lateral incisor)',
                    'tooth 33 (lower left canine)',
                    'tooth 34 (lower left first premolar)',
                    'tooth 35 (lower left second premolar)',
                    'tooth 36 (lower left first molar)',
                    'tooth 37 (lower left second molar)',
                    'tooth 38 (lower left third molar)',
                    'tooth 41 (lower right central incisor)',
                    'tooth 42 (lower right lateral incisor)',
                    'tooth 43 (lower right canine)',
                    'tooth 44 (lower right first premolar)',
                    'tooth 45 (lower right second premolar)',
                    'tooth 46 (lower right first molar)',
                    'tooth 47 (lower right second molar)',
                    'tooth 48 (lower right third molar)',
                    'tooth erosion',
                    'tooth malformation',
                    'true combined endo-perio lesion',
                    'tumor',
                )),
            type='WeCocoDataset'),
        pipeline=[
            dict(backend_args=None, type='LoadImageFromFile'),
            dict(type='LoadAnnotations', with_bbox=True),
            dict(
                img_scale=(
                    640,
                    640,
                ),
                pad_val=114.0,
                pre_transform=[
                    dict(backend_args=None, type='LoadImageFromFile'),
                    dict(type='LoadAnnotations', with_bbox=True),
                ],
                type='MultiModalMosaic'),
            dict(
                border=(
                    -320,
                    -320,
                ),
                border_val=(
                    114,
                    114,
                    114,
                ),
                max_aspect_ratio=100.0,
                max_rotate_degree=0.0,
                max_shear_degree=0.0,
                scaling_ratio_range=(
                    0.5,
                    1.5,
                ),
                type='WeDetectRandomAffine'),
            dict(
                pre_transform=[
                    dict(backend_args=None, type='LoadImageFromFile'),
                    dict(type='LoadAnnotations', with_bbox=True),
                    dict(
                        img_scale=(
                            640,
                            640,
                        ),
                        pad_val=114.0,
                        pre_transform=[
                            dict(backend_args=None, type='LoadImageFromFile'),
                            dict(type='LoadAnnotations', with_bbox=True),
                        ],
                        type='MultiModalMosaic'),
                    dict(
                        border=(
                            -320,
                            -320,
                        ),
                        border_val=(
                            114,
                            114,
                            114,
                        ),
                        max_aspect_ratio=100.0,
                        max_rotate_degree=0.0,
                        max_shear_degree=0.0,
                        scaling_ratio_range=(
                            0.5,
                            1.5,
                        ),
                        type='WeDetectRandomAffine'),
                ],
                prob=0.15,
                type='YOLOv5MultiModalMixUp'),
            dict(
                bbox_params=dict(
                    format='pascal_voc',
                    label_fields=[
                        'gt_bboxes_labels',
                        'gt_ignore_flags',
                    ],
                    type='BboxParams'),
                keymap=dict(gt_bboxes='bboxes', img='image'),
                transforms=[
                    dict(p=0.01, type='Blur'),
                    dict(p=0.01, type='MedianBlur'),
                    dict(p=0.01, type='ToGray'),
                    dict(p=0.01, type='CLAHE'),
                ],
                type='mmdet.Albu'),
            dict(type='WeDetectHSVRandomAug'),
            dict(prob=0.5, type='mmdet.RandomFlip'),
            dict(
                max_num_samples=86,
                num_neg_samples=(
                    86,
                    86,
                ),
                padding_to_max=True,
                padding_value='',
                type='RandomLoadText'),
            dict(
                meta_keys=(
                    'img_id',
                    'img_path',
                    'ori_shape',
                    'img_shape',
                    'flip',
                    'flip_direction',
                    'texts',
                ),
                type='mmdet.PackDetInputs'),
        ],
        type='MultiModalDataset'),
    num_workers=4,
    persistent_workers=True,
    sampler=dict(shuffle=True, type='DefaultSampler'))
train_dataset = dict(
    class_text_path=
    '/home/siyuan/projects/LLMs/OralDetect-Family/OralDetect/datas/class_texts_oraldetect.json',
    dataset=dict(
        ann_file=
        '/home/siyuan/projects/LLMs/OralDetect-Family/OralDetect/datas/instances_oraldetect_train.json',
        data_prefix=dict(img=''),
        data_root='/home/siyuan/OralDetect_data_by_modality/',
        filter_cfg=dict(filter_empty_gt=False, min_size=32),
        metainfo=dict(
            classes=(
                'abnormal oral epithelial cell',
                'alveolar bone loss',
                'anterior teeth with fluorosis',
                'anterior teeth without fluorosis',
                'canine',
                'central incisor',
                'craniofacial or oral anomaly',
                'dental abrasion',
                'dental caries',
                'dental crown restoration',
                'dental filling',
                'dental implant',
                'dental opacity',
                'dental restoration',
                'dental restoration (filling or crown)',
                'dividing oral cell',
                'first molar',
                'first premolar',
                'foreign object or debris',
                'hard recognized oral cell',
                'impacted tooth',
                'intraoral appliance',
                'lateral incisor',
                'lightly abnormal oral cell',
                'malignant oral cell',
                'mandibular canal',
                'maxillary sinus',
                'missing or residual root',
                'missing teeth',
                'normal',
                'normal oral cell',
                'oral blood cell',
                'orthodontic bracket',
                'periapical lesion',
                'periodontal pocket',
                'primary endodontic lesion',
                'primary endodontic with secondary periodontal lesion',
                'primary periodontal lesion',
                'primary periodontal with secondary endodontic lesion',
                'quadrant 1 (upper right)',
                'quadrant 2 (upper left)',
                'quadrant 3 (lower left)',
                'quadrant 4 (lower right)',
                'reactive oral cell',
                'retained root',
                'root canal treatment',
                'second molar',
                'second premolar',
                'severe gingivitis',
                'suspicious malignant oral cell',
                'tooth 11 (upper right central incisor)',
                'tooth 12 (upper right lateral incisor)',
                'tooth 13 (upper right canine)',
                'tooth 14 (upper right first premolar)',
                'tooth 15 (upper right second premolar)',
                'tooth 16 (upper right first molar)',
                'tooth 17 (upper right second molar)',
                'tooth 18 (upper right third molar)',
                'tooth 21 (upper left central incisor)',
                'tooth 22 (upper left lateral incisor)',
                'tooth 23 (upper left canine)',
                'tooth 24 (upper left first premolar)',
                'tooth 25 (upper left second premolar)',
                'tooth 26 (upper left first molar)',
                'tooth 27 (upper left second molar)',
                'tooth 28 (upper left third molar)',
                'tooth 31 (lower left central incisor)',
                'tooth 32 (lower left lateral incisor)',
                'tooth 33 (lower left canine)',
                'tooth 34 (lower left first premolar)',
                'tooth 35 (lower left second premolar)',
                'tooth 36 (lower left first molar)',
                'tooth 37 (lower left second molar)',
                'tooth 38 (lower left third molar)',
                'tooth 41 (lower right central incisor)',
                'tooth 42 (lower right lateral incisor)',
                'tooth 43 (lower right canine)',
                'tooth 44 (lower right first premolar)',
                'tooth 45 (lower right second premolar)',
                'tooth 46 (lower right first molar)',
                'tooth 47 (lower right second molar)',
                'tooth 48 (lower right third molar)',
                'tooth erosion',
                'tooth malformation',
                'true combined endo-perio lesion',
                'tumor',
            )),
        type='WeCocoDataset'),
    pipeline=[
        dict(backend_args=None, type='LoadImageFromFile'),
        dict(type='LoadAnnotations', with_bbox=True),
        dict(
            img_scale=(
                640,
                640,
            ),
            pad_val=114.0,
            pre_transform=[
                dict(backend_args=None, type='LoadImageFromFile'),
                dict(type='LoadAnnotations', with_bbox=True),
            ],
            type='MultiModalMosaic'),
        dict(
            border=(
                -320,
                -320,
            ),
            border_val=(
                114,
                114,
                114,
            ),
            max_aspect_ratio=100.0,
            max_rotate_degree=0.0,
            max_shear_degree=0.0,
            scaling_ratio_range=(
                0.5,
                1.5,
            ),
            type='WeDetectRandomAffine'),
        dict(
            pre_transform=[
                dict(backend_args=None, type='LoadImageFromFile'),
                dict(type='LoadAnnotations', with_bbox=True),
                dict(
                    img_scale=(
                        640,
                        640,
                    ),
                    pad_val=114.0,
                    pre_transform=[
                        dict(backend_args=None, type='LoadImageFromFile'),
                        dict(type='LoadAnnotations', with_bbox=True),
                    ],
                    type='MultiModalMosaic'),
                dict(
                    border=(
                        -320,
                        -320,
                    ),
                    border_val=(
                        114,
                        114,
                        114,
                    ),
                    max_aspect_ratio=100.0,
                    max_rotate_degree=0.0,
                    max_shear_degree=0.0,
                    scaling_ratio_range=(
                        0.5,
                        1.5,
                    ),
                    type='WeDetectRandomAffine'),
            ],
            prob=0.15,
            type='YOLOv5MultiModalMixUp'),
        dict(
            bbox_params=dict(
                format='pascal_voc',
                label_fields=[
                    'gt_bboxes_labels',
                    'gt_ignore_flags',
                ],
                type='BboxParams'),
            keymap=dict(gt_bboxes='bboxes', img='image'),
            transforms=[
                dict(p=0.01, type='Blur'),
                dict(p=0.01, type='MedianBlur'),
                dict(p=0.01, type='ToGray'),
                dict(p=0.01, type='CLAHE'),
            ],
            type='mmdet.Albu'),
        dict(type='WeDetectHSVRandomAug'),
        dict(prob=0.5, type='mmdet.RandomFlip'),
        dict(
            max_num_samples=86,
            num_neg_samples=(
                86,
                86,
            ),
            padding_to_max=True,
            padding_value='',
            type='RandomLoadText'),
        dict(
            meta_keys=(
                'img_id',
                'img_path',
                'ori_shape',
                'img_shape',
                'flip',
                'flip_direction',
                'texts',
            ),
            type='mmdet.PackDetInputs'),
    ],
    type='MultiModalDataset')
train_pipeline = [
    dict(backend_args=None, type='LoadImageFromFile'),
    dict(type='LoadAnnotations', with_bbox=True),
    dict(
        img_scale=(
            640,
            640,
        ),
        pad_val=114.0,
        pre_transform=[
            dict(backend_args=None, type='LoadImageFromFile'),
            dict(type='LoadAnnotations', with_bbox=True),
        ],
        type='MultiModalMosaic'),
    dict(
        border=(
            -320,
            -320,
        ),
        border_val=(
            114,
            114,
            114,
        ),
        max_aspect_ratio=100.0,
        max_rotate_degree=0.0,
        max_shear_degree=0.0,
        scaling_ratio_range=(
            0.5,
            1.5,
        ),
        type='WeDetectRandomAffine'),
    dict(
        pre_transform=[
            dict(backend_args=None, type='LoadImageFromFile'),
            dict(type='LoadAnnotations', with_bbox=True),
            dict(
                img_scale=(
                    640,
                    640,
                ),
                pad_val=114.0,
                pre_transform=[
                    dict(backend_args=None, type='LoadImageFromFile'),
                    dict(type='LoadAnnotations', with_bbox=True),
                ],
                type='MultiModalMosaic'),
            dict(
                border=(
                    -320,
                    -320,
                ),
                border_val=(
                    114,
                    114,
                    114,
                ),
                max_aspect_ratio=100.0,
                max_rotate_degree=0.0,
                max_shear_degree=0.0,
                scaling_ratio_range=(
                    0.5,
                    1.5,
                ),
                type='WeDetectRandomAffine'),
        ],
        prob=0.15,
        type='YOLOv5MultiModalMixUp'),
    dict(
        bbox_params=dict(
            format='pascal_voc',
            label_fields=[
                'gt_bboxes_labels',
                'gt_ignore_flags',
            ],
            type='BboxParams'),
        keymap=dict(gt_bboxes='bboxes', img='image'),
        transforms=[
            dict(p=0.01, type='Blur'),
            dict(p=0.01, type='MedianBlur'),
            dict(p=0.01, type='ToGray'),
            dict(p=0.01, type='CLAHE'),
        ],
        type='mmdet.Albu'),
    dict(type='WeDetectHSVRandomAug'),
    dict(prob=0.5, type='mmdet.RandomFlip'),
    dict(
        max_num_samples=86,
        num_neg_samples=(
            86,
            86,
        ),
        padding_to_max=True,
        padding_value='',
        type='RandomLoadText'),
    dict(
        meta_keys=(
            'img_id',
            'img_path',
            'ori_shape',
            'img_shape',
            'flip',
            'flip_direction',
            'texts',
        ),
        type='mmdet.PackDetInputs'),
]
train_pipeline_stage2 = [
    dict(backend_args=None, type='LoadImageFromFile'),
    dict(type='LoadAnnotations', with_bbox=True),
    dict(scale=(
        640,
        640,
    ), type='WeDetectKeepRatioResize'),
    dict(
        allow_scale_up=True,
        pad_val=dict(img=114.0),
        scale=(
            640,
            640,
        ),
        type='WeDetectLetterResize'),
    dict(
        border_val=(
            114,
            114,
            114,
        ),
        max_aspect_ratio=100,
        max_rotate_degree=0.0,
        max_shear_degree=0.0,
        scaling_ratio_range=(
            0.5,
            1.5,
        ),
        type='WeDetectRandomAffine'),
    dict(
        bbox_params=dict(
            format='pascal_voc',
            label_fields=[
                'gt_bboxes_labels',
                'gt_ignore_flags',
            ],
            type='BboxParams'),
        keymap=dict(gt_bboxes='bboxes', img='image'),
        transforms=[
            dict(p=0.01, type='Blur'),
            dict(p=0.01, type='MedianBlur'),
            dict(p=0.01, type='ToGray'),
            dict(p=0.01, type='CLAHE'),
        ],
        type='mmdet.Albu'),
    dict(type='WeDetectHSVRandomAug'),
    dict(prob=0.5, type='mmdet.RandomFlip'),
    dict(
        max_num_samples=86,
        num_neg_samples=(
            86,
            86,
        ),
        padding_to_max=True,
        padding_value='',
        type='RandomLoadText'),
    dict(
        meta_keys=(
            'img_id',
            'img_path',
            'ori_shape',
            'img_shape',
            'flip',
            'flip_direction',
            'texts',
        ),
        type='mmdet.PackDetInputs'),
]
val_cfg = dict(type='ValLoop')
val_dataloader = dict(
    batch_size=1,
    dataset=dict(
        class_text_path=
        '/home/siyuan/projects/LLMs/OralDetect-Family/OralDetect/datas/class_texts_oraldetect.json',
        dataset=dict(
            ann_file=
            '/home/siyuan/projects/LLMs/OralDetect-Family/OralDetect/datas/instances_oraldetect_val.json',
            batch_shapes_cfg=None,
            data_prefix=dict(img=''),
            data_root='/home/siyuan/OralDetect_data_by_modality/',
            metainfo=dict(
                classes=(
                    'abnormal oral epithelial cell',
                    'alveolar bone loss',
                    'anterior teeth with fluorosis',
                    'anterior teeth without fluorosis',
                    'canine',
                    'central incisor',
                    'craniofacial or oral anomaly',
                    'dental abrasion',
                    'dental caries',
                    'dental crown restoration',
                    'dental filling',
                    'dental implant',
                    'dental opacity',
                    'dental restoration',
                    'dental restoration (filling or crown)',
                    'dividing oral cell',
                    'first molar',
                    'first premolar',
                    'foreign object or debris',
                    'hard recognized oral cell',
                    'impacted tooth',
                    'intraoral appliance',
                    'lateral incisor',
                    'lightly abnormal oral cell',
                    'malignant oral cell',
                    'mandibular canal',
                    'maxillary sinus',
                    'missing or residual root',
                    'missing teeth',
                    'normal',
                    'normal oral cell',
                    'oral blood cell',
                    'orthodontic bracket',
                    'periapical lesion',
                    'periodontal pocket',
                    'primary endodontic lesion',
                    'primary endodontic with secondary periodontal lesion',
                    'primary periodontal lesion',
                    'primary periodontal with secondary endodontic lesion',
                    'quadrant 1 (upper right)',
                    'quadrant 2 (upper left)',
                    'quadrant 3 (lower left)',
                    'quadrant 4 (lower right)',
                    'reactive oral cell',
                    'retained root',
                    'root canal treatment',
                    'second molar',
                    'second premolar',
                    'severe gingivitis',
                    'suspicious malignant oral cell',
                    'tooth 11 (upper right central incisor)',
                    'tooth 12 (upper right lateral incisor)',
                    'tooth 13 (upper right canine)',
                    'tooth 14 (upper right first premolar)',
                    'tooth 15 (upper right second premolar)',
                    'tooth 16 (upper right first molar)',
                    'tooth 17 (upper right second molar)',
                    'tooth 18 (upper right third molar)',
                    'tooth 21 (upper left central incisor)',
                    'tooth 22 (upper left lateral incisor)',
                    'tooth 23 (upper left canine)',
                    'tooth 24 (upper left first premolar)',
                    'tooth 25 (upper left second premolar)',
                    'tooth 26 (upper left first molar)',
                    'tooth 27 (upper left second molar)',
                    'tooth 28 (upper left third molar)',
                    'tooth 31 (lower left central incisor)',
                    'tooth 32 (lower left lateral incisor)',
                    'tooth 33 (lower left canine)',
                    'tooth 34 (lower left first premolar)',
                    'tooth 35 (lower left second premolar)',
                    'tooth 36 (lower left first molar)',
                    'tooth 37 (lower left second molar)',
                    'tooth 38 (lower left third molar)',
                    'tooth 41 (lower right central incisor)',
                    'tooth 42 (lower right lateral incisor)',
                    'tooth 43 (lower right canine)',
                    'tooth 44 (lower right first premolar)',
                    'tooth 45 (lower right second premolar)',
                    'tooth 46 (lower right first molar)',
                    'tooth 47 (lower right second molar)',
                    'tooth 48 (lower right third molar)',
                    'tooth erosion',
                    'tooth malformation',
                    'true combined endo-perio lesion',
                    'tumor',
                )),
            test_mode=True,
            type='WeCocoDataset'),
        pipeline=[
            dict(backend_args=None, type='LoadImageFromFile'),
            dict(scale=(
                640,
                640,
            ), type='WeDetectKeepRatioResize'),
            dict(
                allow_scale_up=False,
                pad_val=dict(img=114),
                scale=(
                    640,
                    640,
                ),
                type='WeDetectLetterResize'),
            dict(_scope_='mmdet', type='LoadAnnotations', with_bbox=True),
            dict(type='LoadText'),
            dict(
                meta_keys=(
                    'img_id',
                    'img_path',
                    'ori_shape',
                    'img_shape',
                    'scale_factor',
                    'pad_param',
                    'texts',
                ),
                type='PackDetInputs'),
        ],
        type='MultiModalDataset'),
    drop_last=False,
    num_workers=2,
    persistent_workers=True,
    pin_memory=True,
    sampler=dict(shuffle=False, type='DefaultSampler'))
val_dataset = dict(
    class_text_path=
    '/home/siyuan/projects/LLMs/OralDetect-Family/OralDetect/datas/class_texts_oraldetect.json',
    dataset=dict(
        ann_file=
        '/home/siyuan/projects/LLMs/OralDetect-Family/OralDetect/datas/instances_oraldetect_val.json',
        batch_shapes_cfg=None,
        data_prefix=dict(img=''),
        data_root='/home/siyuan/OralDetect_data_by_modality/',
        metainfo=dict(
            classes=(
                'abnormal oral epithelial cell',
                'alveolar bone loss',
                'anterior teeth with fluorosis',
                'anterior teeth without fluorosis',
                'canine',
                'central incisor',
                'craniofacial or oral anomaly',
                'dental abrasion',
                'dental caries',
                'dental crown restoration',
                'dental filling',
                'dental implant',
                'dental opacity',
                'dental restoration',
                'dental restoration (filling or crown)',
                'dividing oral cell',
                'first molar',
                'first premolar',
                'foreign object or debris',
                'hard recognized oral cell',
                'impacted tooth',
                'intraoral appliance',
                'lateral incisor',
                'lightly abnormal oral cell',
                'malignant oral cell',
                'mandibular canal',
                'maxillary sinus',
                'missing or residual root',
                'missing teeth',
                'normal',
                'normal oral cell',
                'oral blood cell',
                'orthodontic bracket',
                'periapical lesion',
                'periodontal pocket',
                'primary endodontic lesion',
                'primary endodontic with secondary periodontal lesion',
                'primary periodontal lesion',
                'primary periodontal with secondary endodontic lesion',
                'quadrant 1 (upper right)',
                'quadrant 2 (upper left)',
                'quadrant 3 (lower left)',
                'quadrant 4 (lower right)',
                'reactive oral cell',
                'retained root',
                'root canal treatment',
                'second molar',
                'second premolar',
                'severe gingivitis',
                'suspicious malignant oral cell',
                'tooth 11 (upper right central incisor)',
                'tooth 12 (upper right lateral incisor)',
                'tooth 13 (upper right canine)',
                'tooth 14 (upper right first premolar)',
                'tooth 15 (upper right second premolar)',
                'tooth 16 (upper right first molar)',
                'tooth 17 (upper right second molar)',
                'tooth 18 (upper right third molar)',
                'tooth 21 (upper left central incisor)',
                'tooth 22 (upper left lateral incisor)',
                'tooth 23 (upper left canine)',
                'tooth 24 (upper left first premolar)',
                'tooth 25 (upper left second premolar)',
                'tooth 26 (upper left first molar)',
                'tooth 27 (upper left second molar)',
                'tooth 28 (upper left third molar)',
                'tooth 31 (lower left central incisor)',
                'tooth 32 (lower left lateral incisor)',
                'tooth 33 (lower left canine)',
                'tooth 34 (lower left first premolar)',
                'tooth 35 (lower left second premolar)',
                'tooth 36 (lower left first molar)',
                'tooth 37 (lower left second molar)',
                'tooth 38 (lower left third molar)',
                'tooth 41 (lower right central incisor)',
                'tooth 42 (lower right lateral incisor)',
                'tooth 43 (lower right canine)',
                'tooth 44 (lower right first premolar)',
                'tooth 45 (lower right second premolar)',
                'tooth 46 (lower right first molar)',
                'tooth 47 (lower right second molar)',
                'tooth 48 (lower right third molar)',
                'tooth erosion',
                'tooth malformation',
                'true combined endo-perio lesion',
                'tumor',
            )),
        test_mode=True,
        type='WeCocoDataset'),
    pipeline=[
        dict(backend_args=None, type='LoadImageFromFile'),
        dict(scale=(
            640,
            640,
        ), type='WeDetectKeepRatioResize'),
        dict(
            allow_scale_up=False,
            pad_val=dict(img=114),
            scale=(
                640,
                640,
            ),
            type='WeDetectLetterResize'),
        dict(_scope_='mmdet', type='LoadAnnotations', with_bbox=True),
        dict(type='LoadText'),
        dict(
            meta_keys=(
                'img_id',
                'img_path',
                'ori_shape',
                'img_shape',
                'scale_factor',
                'pad_param',
                'texts',
            ),
            type='PackDetInputs'),
    ],
    type='MultiModalDataset')
val_evaluator = dict(
    ann_file=
    '/home/siyuan/projects/LLMs/OralDetect-Family/OralDetect/datas/instances_oraldetect_val.json',
    metric='bbox',
    type='CocoMetric')
vis_backends = [
    dict(type='LocalVisBackend'),
]
visualizer = dict(
    name='visualizer',
    type='mmdet.DetLocalVisualizer',
    vis_backends=[
        dict(type='LocalVisBackend'),
    ])
weight_decay = 0.05
work_dir = 'work_dirs/oraldetect_v11dt_s1'

Some weights of BertModel were not initialized from the model checkpoint at /home/siyuan/projects/LLMs/OralDetect-Family/OralCLIP/Bert_tuning/checkpoints/BiomedNLP-BiomedBERT-base-uncased-abstract-fulltext_dental_mlm/final and are newly initialized: ['pooler.dense.bias', 'pooler.dense.weight']
You should probably TRAIN this model on a down-stream task to be able to use it for predictions and inference.
Some weights of BertModel were not initialized from the model checkpoint at /home/siyuan/projects/LLMs/OralDetect-Family/OralCLIP/Bert_tuning/checkpoints/BiomedNLP-BiomedBERT-base-uncased-abstract-fulltext_dental_mlm/final and are newly initialized: ['pooler.dense.bias', 'pooler.dense.weight']
You should probably TRAIN this model on a down-stream task to be able to use it for predictions and inference.
Some weights of BertModel were not initialized from the model checkpoint at /home/siyuan/projects/LLMs/OralDetect-Family/OralCLIP/Bert_tuning/checkpoints/BiomedNLP-BiomedBERT-base-uncased-abstract-fulltext_dental_mlm/final and are newly initialized: ['pooler.dense.bias', 'pooler.dense.weight']
You should probably TRAIN this model on a down-stream task to be able to use it for predictions and inference.
Some weights of BertModel were not initialized from the model checkpoint at /home/siyuan/projects/LLMs/OralDetect-Family/OralCLIP/Bert_tuning/checkpoints/BiomedNLP-BiomedBERT-base-uncased-abstract-fulltext_dental_mlm/final and are newly initialized: ['pooler.dense.bias', 'pooler.dense.weight']
You should probably TRAIN this model on a down-stream task to be able to use it for predictions and inference.
07/10 01:26:06 - mmengine - INFO - Using SyncBatchNorm()
07/10 01:26:06 - mmengine - INFO - Hooks will be executed in the following order:
before_run:
(VERY_HIGH   ) RuntimeInfoHook                    
(BELOW_NORMAL) LoggerHook                         
 -------------------- 
before_train:
(VERY_HIGH   ) RuntimeInfoHook                    
(NORMAL      ) IterTimerHook                      
(VERY_LOW    ) CheckpointHook                     
 -------------------- 
before_train_epoch:
(VERY_HIGH   ) RuntimeInfoHook                    
(NORMAL      ) IterTimerHook                      
(NORMAL      ) DistSamplerSeedHook                
 -------------------- 
before_train_iter:
(VERY_HIGH   ) RuntimeInfoHook                    
(NORMAL      ) IterTimerHook                      
 -------------------- 
after_train_iter:
(VERY_HIGH   ) RuntimeInfoHook                    
(NORMAL      ) IterTimerHook                      
(BELOW_NORMAL) LoggerHook                         
(LOW         ) ParamSchedulerHook                 
(VERY_LOW    ) CheckpointHook                     
 -------------------- 
after_train_epoch:
(NORMAL      ) IterTimerHook                      
(LOW         ) ParamSchedulerHook                 
(VERY_LOW    ) CheckpointHook                     
 -------------------- 
before_val:
(VERY_HIGH   ) RuntimeInfoHook                    
 -------------------- 
before_val_epoch:
(NORMAL      ) IterTimerHook                      
 -------------------- 
before_val_iter:
(NORMAL      ) IterTimerHook                      
 -------------------- 
after_val_iter:
(NORMAL      ) IterTimerHook                      
(NORMAL      ) DetVisualizationHook               
(BELOW_NORMAL) LoggerHook                         
 -------------------- 
after_val_epoch:
(VERY_HIGH   ) RuntimeInfoHook                    
(NORMAL      ) IterTimerHook                      
(BELOW_NORMAL) LoggerHook                         
(LOW         ) ParamSchedulerHook                 
(VERY_LOW    ) CheckpointHook                     
 -------------------- 
after_val:
(VERY_HIGH   ) RuntimeInfoHook                    
 -------------------- 
after_train:
(VERY_HIGH   ) RuntimeInfoHook                    
(VERY_LOW    ) CheckpointHook                     
 -------------------- 
before_test:
(VERY_HIGH   ) RuntimeInfoHook                    
 -------------------- 
before_test_epoch:
(NORMAL      ) IterTimerHook                      
 -------------------- 
before_test_iter:
(NORMAL      ) IterTimerHook                      
 -------------------- 
after_test_iter:
(NORMAL      ) IterTimerHook                      
(NORMAL      ) DetVisualizationHook               
(BELOW_NORMAL) LoggerHook                         
 -------------------- 
after_test_epoch:
(VERY_HIGH   ) RuntimeInfoHook                    
(NORMAL      ) IterTimerHook                      
(BELOW_NORMAL) LoggerHook                         
 -------------------- 
after_test:
(VERY_HIGH   ) RuntimeInfoHook                    
 -------------------- 
after_run:
(BELOW_NORMAL) LoggerHook                         
 -------------------- 
loading annotations into memory...
loading annotations into memory...loading annotations into memory...

loading annotations into memory...
Done (t=2.90s)
creating index...
Done (t=3.06s)
creating index...
Done (t=3.16s)
creating index...
index created!
index created!
index created!
Done (t=3.04s)
creating index...
index created!
/home/siyuan/anaconda3/envs/wedetect_official/lib/python3.10/site-packages/albumentations/core/composition.py:331: UserWarning: Got processor for bboxes, but no transform to process it.
  self._set_keys()
loading annotations into memory...
/home/siyuan/anaconda3/envs/wedetect_official/lib/python3.10/site-packages/albumentations/core/composition.py:331: UserWarning: Got processor for bboxes, but no transform to process it.
  self._set_keys()
loading annotations into memory...
Done (t=0.41s)
creating index...
index created!
/home/siyuan/anaconda3/envs/wedetect_official/lib/python3.10/site-packages/albumentations/core/composition.py:331: UserWarning: Got processor for bboxes, but no transform to process it.
  self._set_keys()
/home/siyuan/anaconda3/envs/wedetect_official/lib/python3.10/site-packages/albumentations/core/composition.py:331: UserWarning: Got processor for bboxes, but no transform to process it.
  self._set_keys()
07/10 01:26:15 - mmengine - INFO - paramwise_options -- neck.reduce_layer0.block.conv.weight:num of params=262144
07/10 01:26:15 - mmengine - INFO - paramwise_options -- neck.reduce_layer0.block.bn.weight:num of params=256
07/10 01:26:15 - mmengine - INFO - paramwise_options -- neck.reduce_layer0.block.bn.bias:num of params=256
07/10 01:26:15 - mmengine - INFO - paramwise_options -- neck.Bifusion0.cv1.block.conv.weight:num of params=131072
07/10 01:26:15 - mmengine - INFO - paramwise_options -- neck.Bifusion0.cv1.block.bn.weight:num of params=256
07/10 01:26:15 - mmengine - INFO - paramwise_options -- neck.Bifusion0.cv1.block.bn.bias:num of params=256
07/10 01:26:15 - mmengine - INFO - paramwise_options -- neck.Bifusion0.cv2.block.conv.weight:num of params=65536
07/10 01:26:15 - mmengine - INFO - paramwise_options -- neck.Bifusion0.cv2.block.bn.weight:num of params=256
07/10 01:26:15 - mmengine - INFO - paramwise_options -- neck.Bifusion0.cv2.block.bn.bias:num of params=256
07/10 01:26:15 - mmengine - INFO - paramwise_options -- neck.Bifusion0.cv3.block.conv.weight:num of params=196608
07/10 01:26:15 - mmengine - INFO - paramwise_options -- neck.Bifusion0.cv3.block.bn.weight:num of params=256
07/10 01:26:15 - mmengine - INFO - paramwise_options -- neck.Bifusion0.cv3.block.bn.bias:num of params=256
07/10 01:26:15 - mmengine - INFO - paramwise_options -- neck.Bifusion0.upsample.upsample_transpose.weight:num of params=262144
07/10 01:26:15 - mmengine - INFO - paramwise_options -- neck.Bifusion0.upsample.upsample_transpose.bias:num of params=256
07/10 01:26:15 - mmengine - INFO - paramwise_options -- neck.Bifusion0.downsample.block.conv.weight:num of params=589824
07/10 01:26:15 - mmengine - INFO - paramwise_options -- neck.Bifusion0.downsample.block.bn.weight:num of params=256
07/10 01:26:15 - mmengine - INFO - paramwise_options -- neck.Bifusion0.downsample.block.bn.bias:num of params=256
07/10 01:26:15 - mmengine - INFO - paramwise_options -- neck.Rep_p4.cv1.block.conv.weight:num of params=32768
07/10 01:26:15 - mmengine - INFO - paramwise_options -- neck.Rep_p4.cv1.block.bn.weight:num of params=128
07/10 01:26:15 - mmengine - INFO - paramwise_options -- neck.Rep_p4.cv1.block.bn.bias:num of params=128
07/10 01:26:15 - mmengine - INFO - paramwise_options -- neck.Rep_p4.cv2.block.conv.weight:num of params=32768
07/10 01:26:15 - mmengine - INFO - paramwise_options -- neck.Rep_p4.cv2.block.bn.weight:num of params=128
07/10 01:26:15 - mmengine - INFO - paramwise_options -- neck.Rep_p4.cv2.block.bn.bias:num of params=128
07/10 01:26:15 - mmengine - INFO - paramwise_options -- neck.Rep_p4.cv3.block.conv.weight:num of params=65536
07/10 01:26:15 - mmengine - INFO - paramwise_options -- neck.Rep_p4.cv3.block.bn.weight:num of params=256
07/10 01:26:15 - mmengine - INFO - paramwise_options -- neck.Rep_p4.cv3.block.bn.bias:num of params=256
07/10 01:26:15 - mmengine - INFO - paramwise_options -- neck.Rep_p4.m.conv1.alpha:num of params=1
07/10 01:26:15 - mmengine - INFO - paramwise_options -- neck.Rep_p4.m.conv1.conv1.block.conv.weight:num of params=147456
07/10 01:26:15 - mmengine - INFO - paramwise_options -- neck.Rep_p4.m.conv1.conv1.block.bn.weight:num of params=128
07/10 01:26:15 - mmengine - INFO - paramwise_options -- neck.Rep_p4.m.conv1.conv1.block.bn.bias:num of params=128
07/10 01:26:15 - mmengine - INFO - paramwise_options -- neck.Rep_p4.m.conv1.conv2.block.conv.weight:num of params=147456
07/10 01:26:15 - mmengine - INFO - paramwise_options -- neck.Rep_p4.m.conv1.conv2.block.bn.weight:num of params=128
07/10 01:26:15 - mmengine - INFO - paramwise_options -- neck.Rep_p4.m.conv1.conv2.block.bn.bias:num of params=128
07/10 01:26:15 - mmengine - INFO - paramwise_options -- neck.Rep_p4.m.block.0.alpha:num of params=1
07/10 01:26:15 - mmengine - INFO - paramwise_options -- neck.Rep_p4.m.block.0.conv1.block.conv.weight:num of params=147456
07/10 01:26:15 - mmengine - INFO - paramwise_options -- neck.Rep_p4.m.block.0.conv1.block.bn.weight:num of params=128
07/10 01:26:15 - mmengine - INFO - paramwise_options -- neck.Rep_p4.m.block.0.conv1.block.bn.bias:num of params=128
07/10 01:26:15 - mmengine - INFO - paramwise_options -- neck.Rep_p4.m.block.0.conv2.block.conv.weight:num of params=147456
07/10 01:26:15 - mmengine - INFO - paramwise_options -- neck.Rep_p4.m.block.0.conv2.block.bn.weight:num of params=128
07/10 01:26:15 - mmengine - INFO - paramwise_options -- neck.Rep_p4.m.block.0.conv2.block.bn.bias:num of params=128
07/10 01:26:15 - mmengine - INFO - paramwise_options -- neck.Rep_p4.m.block.1.alpha:num of params=1
07/10 01:26:15 - mmengine - INFO - paramwise_options -- neck.Rep_p4.m.block.1.conv1.block.conv.weight:num of params=147456
07/10 01:26:15 - mmengine - INFO - paramwise_options -- neck.Rep_p4.m.block.1.conv1.block.bn.weight:num of params=128
07/10 01:26:15 - mmengine - INFO - paramwise_options -- neck.Rep_p4.m.block.1.conv1.block.bn.bias:num of params=128
07/10 01:26:15 - mmengine - INFO - paramwise_options -- neck.Rep_p4.m.block.1.conv2.block.conv.weight:num of params=147456
07/10 01:26:15 - mmengine - INFO - paramwise_options -- neck.Rep_p4.m.block.1.conv2.block.bn.weight:num of params=128
07/10 01:26:15 - mmengine - INFO - paramwise_options -- neck.Rep_p4.m.block.1.conv2.block.bn.bias:num of params=128
07/10 01:26:15 - mmengine - INFO - paramwise_options -- neck.Rep_p4.m.block.2.alpha:num of params=1
07/10 01:26:15 - mmengine - INFO - paramwise_options -- neck.Rep_p4.m.block.2.conv1.block.conv.weight:num of params=147456
07/10 01:26:15 - mmengine - INFO - paramwise_options -- neck.Rep_p4.m.block.2.conv1.block.bn.weight:num of params=128
07/10 01:26:15 - mmengine - INFO - paramwise_options -- neck.Rep_p4.m.block.2.conv1.block.bn.bias:num of params=128
07/10 01:26:15 - mmengine - INFO - paramwise_options -- neck.Rep_p4.m.block.2.conv2.block.conv.weight:num of params=147456
07/10 01:26:15 - mmengine - INFO - paramwise_options -- neck.Rep_p4.m.block.2.conv2.block.bn.weight:num of params=128
07/10 01:26:15 - mmengine - INFO - paramwise_options -- neck.Rep_p4.m.block.2.conv2.block.bn.bias:num of params=128
07/10 01:26:15 - mmengine - INFO - paramwise_options -- neck.Rep_p4.m.block.3.alpha:num of params=1
07/10 01:26:15 - mmengine - INFO - paramwise_options -- neck.Rep_p4.m.block.3.conv1.block.conv.weight:num of params=147456
07/10 01:26:15 - mmengine - INFO - paramwise_options -- neck.Rep_p4.m.block.3.conv1.block.bn.weight:num of params=128
07/10 01:26:15 - mmengine - INFO - paramwise_options -- neck.Rep_p4.m.block.3.conv1.block.bn.bias:num of params=128
07/10 01:26:15 - mmengine - INFO - paramwise_options -- neck.Rep_p4.m.block.3.conv2.block.conv.weight:num of params=147456
07/10 01:26:15 - mmengine - INFO - paramwise_options -- neck.Rep_p4.m.block.3.conv2.block.bn.weight:num of params=128
07/10 01:26:15 - mmengine - INFO - paramwise_options -- neck.Rep_p4.m.block.3.conv2.block.bn.bias:num of params=128
07/10 01:26:15 - mmengine - INFO - paramwise_options -- neck.Rep_p4.m.block.4.alpha:num of params=1
07/10 01:26:15 - mmengine - INFO - paramwise_options -- neck.Rep_p4.m.block.4.conv1.block.conv.weight:num of params=147456
07/10 01:26:15 - mmengine - INFO - paramwise_options -- neck.Rep_p4.m.block.4.conv1.block.bn.weight:num of params=128
07/10 01:26:15 - mmengine - INFO - paramwise_options -- neck.Rep_p4.m.block.4.conv1.block.bn.bias:num of params=128
07/10 01:26:15 - mmengine - INFO - paramwise_options -- neck.Rep_p4.m.block.4.conv2.block.conv.weight:num of params=147456
07/10 01:26:15 - mmengine - INFO - paramwise_options -- neck.Rep_p4.m.block.4.conv2.block.bn.weight:num of params=128
07/10 01:26:15 - mmengine - INFO - paramwise_options -- neck.Rep_p4.m.block.4.conv2.block.bn.bias:num of params=128
07/10 01:26:15 - mmengine - INFO - paramwise_options -- neck.reduce_layer1.block.conv.weight:num of params=32768
07/10 01:26:15 - mmengine - INFO - paramwise_options -- neck.reduce_layer1.block.bn.weight:num of params=128
07/10 01:26:15 - mmengine - INFO - paramwise_options -- neck.reduce_layer1.block.bn.bias:num of params=128
07/10 01:26:15 - mmengine - INFO - paramwise_options -- neck.Bifusion1.cv1.block.conv.weight:num of params=32768
07/10 01:26:15 - mmengine - INFO - paramwise_options -- neck.Bifusion1.cv1.block.bn.weight:num of params=128
07/10 01:26:15 - mmengine - INFO - paramwise_options -- neck.Bifusion1.cv1.block.bn.bias:num of params=128
07/10 01:26:15 - mmengine - INFO - paramwise_options -- neck.Bifusion1.cv2.block.conv.weight:num of params=16384
07/10 01:26:15 - mmengine - INFO - paramwise_options -- neck.Bifusion1.cv2.block.bn.weight:num of params=128
07/10 01:26:15 - mmengine - INFO - paramwise_options -- neck.Bifusion1.cv2.block.bn.bias:num of params=128
07/10 01:26:15 - mmengine - INFO - paramwise_options -- neck.Bifusion1.cv3.block.conv.weight:num of params=49152
07/10 01:26:15 - mmengine - INFO - paramwise_options -- neck.Bifusion1.cv3.block.bn.weight:num of params=128
07/10 01:26:15 - mmengine - INFO - paramwise_options -- neck.Bifusion1.cv3.block.bn.bias:num of params=128
07/10 01:26:15 - mmengine - INFO - paramwise_options -- neck.Bifusion1.upsample.upsample_transpose.weight:num of params=65536
07/10 01:26:15 - mmengine - INFO - paramwise_options -- neck.Bifusion1.upsample.upsample_transpose.bias:num of params=128
07/10 01:26:15 - mmengine - INFO - paramwise_options -- neck.Bifusion1.downsample.block.conv.weight:num of params=147456
07/10 01:26:15 - mmengine - INFO - paramwise_options -- neck.Bifusion1.downsample.block.bn.weight:num of params=128
07/10 01:26:15 - mmengine - INFO - paramwise_options -- neck.Bifusion1.downsample.block.bn.bias:num of params=128
07/10 01:26:15 - mmengine - INFO - paramwise_options -- neck.Rep_p3.cv1.block.conv.weight:num of params=8192
07/10 01:26:15 - mmengine - INFO - paramwise_options -- neck.Rep_p3.cv1.block.bn.weight:num of params=64
07/10 01:26:15 - mmengine - INFO - paramwise_options -- neck.Rep_p3.cv1.block.bn.bias:num of params=64
07/10 01:26:15 - mmengine - INFO - paramwise_options -- neck.Rep_p3.cv2.block.conv.weight:num of params=8192
07/10 01:26:15 - mmengine - INFO - paramwise_options -- neck.Rep_p3.cv2.block.bn.weight:num of params=64
07/10 01:26:15 - mmengine - INFO - paramwise_options -- neck.Rep_p3.cv2.block.bn.bias:num of params=64
07/10 01:26:15 - mmengine - INFO - paramwise_options -- neck.Rep_p3.cv3.block.conv.weight:num of params=16384
07/10 01:26:15 - mmengine - INFO - paramwise_options -- neck.Rep_p3.cv3.block.bn.weight:num of params=128
07/10 01:26:15 - mmengine - INFO - paramwise_options -- neck.Rep_p3.cv3.block.bn.bias:num of params=128
07/10 01:26:15 - mmengine - INFO - paramwise_options -- neck.Rep_p3.m.conv1.alpha:num of params=1
07/10 01:26:15 - mmengine - INFO - paramwise_options -- neck.Rep_p3.m.conv1.conv1.block.conv.weight:num of params=36864
07/10 01:26:15 - mmengine - INFO - paramwise_options -- neck.Rep_p3.m.conv1.conv1.block.bn.weight:num of params=64
07/10 01:26:15 - mmengine - INFO - paramwise_options -- neck.Rep_p3.m.conv1.conv1.block.bn.bias:num of params=64
07/10 01:26:15 - mmengine - INFO - paramwise_options -- neck.Rep_p3.m.conv1.conv2.block.conv.weight:num of params=36864
07/10 01:26:15 - mmengine - INFO - paramwise_options -- neck.Rep_p3.m.conv1.conv2.block.bn.weight:num of params=64
07/10 01:26:15 - mmengine - INFO - paramwise_options -- neck.Rep_p3.m.conv1.conv2.block.bn.bias:num of params=64
07/10 01:26:15 - mmengine - INFO - paramwise_options -- neck.Rep_p3.m.block.0.alpha:num of params=1
07/10 01:26:15 - mmengine - INFO - paramwise_options -- neck.Rep_p3.m.block.0.conv1.block.conv.weight:num of params=36864
07/10 01:26:15 - mmengine - INFO - paramwise_options -- neck.Rep_p3.m.block.0.conv1.block.bn.weight:num of params=64
07/10 01:26:15 - mmengine - INFO - paramwise_options -- neck.Rep_p3.m.block.0.conv1.block.bn.bias:num of params=64
07/10 01:26:15 - mmengine - INFO - paramwise_options -- neck.Rep_p3.m.block.0.conv2.block.conv.weight:num of params=36864
07/10 01:26:15 - mmengine - INFO - paramwise_options -- neck.Rep_p3.m.block.0.conv2.block.bn.weight:num of params=64
07/10 01:26:15 - mmengine - INFO - paramwise_options -- neck.Rep_p3.m.block.0.conv2.block.bn.bias:num of params=64
07/10 01:26:15 - mmengine - INFO - paramwise_options -- neck.Rep_p3.m.block.1.alpha:num of params=1
07/10 01:26:15 - mmengine - INFO - paramwise_options -- neck.Rep_p3.m.block.1.conv1.block.conv.weight:num of params=36864
07/10 01:26:15 - mmengine - INFO - paramwise_options -- neck.Rep_p3.m.block.1.conv1.block.bn.weight:num of params=64
07/10 01:26:15 - mmengine - INFO - paramwise_options -- neck.Rep_p3.m.block.1.conv1.block.bn.bias:num of params=64
07/10 01:26:15 - mmengine - INFO - paramwise_options -- neck.Rep_p3.m.block.1.conv2.block.conv.weight:num of params=36864
07/10 01:26:15 - mmengine - INFO - paramwise_options -- neck.Rep_p3.m.block.1.conv2.block.bn.weight:num of params=64
07/10 01:26:15 - mmengine - INFO - paramwise_options -- neck.Rep_p3.m.block.1.conv2.block.bn.bias:num of params=64
07/10 01:26:15 - mmengine - INFO - paramwise_options -- neck.Rep_p3.m.block.2.alpha:num of params=1
07/10 01:26:15 - mmengine - INFO - paramwise_options -- neck.Rep_p3.m.block.2.conv1.block.conv.weight:num of params=36864
07/10 01:26:15 - mmengine - INFO - paramwise_options -- neck.Rep_p3.m.block.2.conv1.block.bn.weight:num of params=64
07/10 01:26:15 - mmengine - INFO - paramwise_options -- neck.Rep_p3.m.block.2.conv1.block.bn.bias:num of params=64
07/10 01:26:15 - mmengine - INFO - paramwise_options -- neck.Rep_p3.m.block.2.conv2.block.conv.weight:num of params=36864
07/10 01:26:15 - mmengine - INFO - paramwise_options -- neck.Rep_p3.m.block.2.conv2.block.bn.weight:num of params=64
07/10 01:26:15 - mmengine - INFO - paramwise_options -- neck.Rep_p3.m.block.2.conv2.block.bn.bias:num of params=64
07/10 01:26:15 - mmengine - INFO - paramwise_options -- neck.Rep_p3.m.block.3.alpha:num of params=1
07/10 01:26:15 - mmengine - INFO - paramwise_options -- neck.Rep_p3.m.block.3.conv1.block.conv.weight:num of params=36864
07/10 01:26:15 - mmengine - INFO - paramwise_options -- neck.Rep_p3.m.block.3.conv1.block.bn.weight:num of params=64
07/10 01:26:15 - mmengine - INFO - paramwise_options -- neck.Rep_p3.m.block.3.conv1.block.bn.bias:num of params=64
07/10 01:26:15 - mmengine - INFO - paramwise_options -- neck.Rep_p3.m.block.3.conv2.block.conv.weight:num of params=36864
07/10 01:26:15 - mmengine - INFO - paramwise_options -- neck.Rep_p3.m.block.3.conv2.block.bn.weight:num of params=64
07/10 01:26:15 - mmengine - INFO - paramwise_options -- neck.Rep_p3.m.block.3.conv2.block.bn.bias:num of params=64
07/10 01:26:15 - mmengine - INFO - paramwise_options -- neck.Rep_p3.m.block.4.alpha:num of params=1
07/10 01:26:15 - mmengine - INFO - paramwise_options -- neck.Rep_p3.m.block.4.conv1.block.conv.weight:num of params=36864
07/10 01:26:15 - mmengine - INFO - paramwise_options -- neck.Rep_p3.m.block.4.conv1.block.bn.weight:num of params=64
07/10 01:26:15 - mmengine - INFO - paramwise_options -- neck.Rep_p3.m.block.4.conv1.block.bn.bias:num of params=64
07/10 01:26:15 - mmengine - INFO - paramwise_options -- neck.Rep_p3.m.block.4.conv2.block.conv.weight:num of params=36864
07/10 01:26:15 - mmengine - INFO - paramwise_options -- neck.Rep_p3.m.block.4.conv2.block.bn.weight:num of params=64
07/10 01:26:15 - mmengine - INFO - paramwise_options -- neck.Rep_p3.m.block.4.conv2.block.bn.bias:num of params=64
07/10 01:26:15 - mmengine - INFO - paramwise_options -- neck.downsample2.block.conv.weight:num of params=147456
07/10 01:26:15 - mmengine - INFO - paramwise_options -- neck.downsample2.block.bn.weight:num of params=128
07/10 01:26:15 - mmengine - INFO - paramwise_options -- neck.downsample2.block.bn.bias:num of params=128
07/10 01:26:15 - mmengine - INFO - paramwise_options -- neck.Rep_n3.cv1.block.conv.weight:num of params=32768
07/10 01:26:15 - mmengine - INFO - paramwise_options -- neck.Rep_n3.cv1.block.bn.weight:num of params=128
07/10 01:26:15 - mmengine - INFO - paramwise_options -- neck.Rep_n3.cv1.block.bn.bias:num of params=128
07/10 01:26:15 - mmengine - INFO - paramwise_options -- neck.Rep_n3.cv2.block.conv.weight:num of params=32768
07/10 01:26:15 - mmengine - INFO - paramwise_options -- neck.Rep_n3.cv2.block.bn.weight:num of params=128
07/10 01:26:15 - mmengine - INFO - paramwise_options -- neck.Rep_n3.cv2.block.bn.bias:num of params=128
07/10 01:26:15 - mmengine - INFO - paramwise_options -- neck.Rep_n3.cv3.block.conv.weight:num of params=65536
07/10 01:26:15 - mmengine - INFO - paramwise_options -- neck.Rep_n3.cv3.block.bn.weight:num of params=256
07/10 01:26:15 - mmengine - INFO - paramwise_options -- neck.Rep_n3.cv3.block.bn.bias:num of params=256
07/10 01:26:15 - mmengine - INFO - paramwise_options -- neck.Rep_n3.m.conv1.alpha:num of params=1
07/10 01:26:15 - mmengine - INFO - paramwise_options -- neck.Rep_n3.m.conv1.conv1.block.conv.weight:num of params=147456
07/10 01:26:15 - mmengine - INFO - paramwise_options -- neck.Rep_n3.m.conv1.conv1.block.bn.weight:num of params=128
07/10 01:26:15 - mmengine - INFO - paramwise_options -- neck.Rep_n3.m.conv1.conv1.block.bn.bias:num of params=128
07/10 01:26:15 - mmengine - INFO - paramwise_options -- neck.Rep_n3.m.conv1.conv2.block.conv.weight:num of params=147456
07/10 01:26:15 - mmengine - INFO - paramwise_options -- neck.Rep_n3.m.conv1.conv2.block.bn.weight:num of params=128
07/10 01:26:15 - mmengine - INFO - paramwise_options -- neck.Rep_n3.m.conv1.conv2.block.bn.bias:num of params=128
07/10 01:26:15 - mmengine - INFO - paramwise_options -- neck.Rep_n3.m.block.0.alpha:num of params=1
07/10 01:26:15 - mmengine - INFO - paramwise_options -- neck.Rep_n3.m.block.0.conv1.block.conv.weight:num of params=147456
07/10 01:26:15 - mmengine - INFO - paramwise_options -- neck.Rep_n3.m.block.0.conv1.block.bn.weight:num of params=128
07/10 01:26:15 - mmengine - INFO - paramwise_options -- neck.Rep_n3.m.block.0.conv1.block.bn.bias:num of params=128
07/10 01:26:15 - mmengine - INFO - paramwise_options -- neck.Rep_n3.m.block.0.conv2.block.conv.weight:num of params=147456
07/10 01:26:15 - mmengine - INFO - paramwise_options -- neck.Rep_n3.m.block.0.conv2.block.bn.weight:num of params=128
07/10 01:26:15 - mmengine - INFO - paramwise_options -- neck.Rep_n3.m.block.0.conv2.block.bn.bias:num of params=128
07/10 01:26:15 - mmengine - INFO - paramwise_options -- neck.Rep_n3.m.block.1.alpha:num of params=1
07/10 01:26:15 - mmengine - INFO - paramwise_options -- neck.Rep_n3.m.block.1.conv1.block.conv.weight:num of params=147456
07/10 01:26:15 - mmengine - INFO - paramwise_options -- neck.Rep_n3.m.block.1.conv1.block.bn.weight:num of params=128
07/10 01:26:15 - mmengine - INFO - paramwise_options -- neck.Rep_n3.m.block.1.conv1.block.bn.bias:num of params=128
07/10 01:26:15 - mmengine - INFO - paramwise_options -- neck.Rep_n3.m.block.1.conv2.block.conv.weight:num of params=147456
07/10 01:26:15 - mmengine - INFO - paramwise_options -- neck.Rep_n3.m.block.1.conv2.block.bn.weight:num of params=128
07/10 01:26:15 - mmengine - INFO - paramwise_options -- neck.Rep_n3.m.block.1.conv2.block.bn.bias:num of params=128
07/10 01:26:15 - mmengine - INFO - paramwise_options -- neck.Rep_n3.m.block.2.alpha:num of params=1
07/10 01:26:15 - mmengine - INFO - paramwise_options -- neck.Rep_n3.m.block.2.conv1.block.conv.weight:num of params=147456
07/10 01:26:15 - mmengine - INFO - paramwise_options -- neck.Rep_n3.m.block.2.conv1.block.bn.weight:num of params=128
07/10 01:26:15 - mmengine - INFO - paramwise_options -- neck.Rep_n3.m.block.2.conv1.block.bn.bias:num of params=128
07/10 01:26:15 - mmengine - INFO - paramwise_options -- neck.Rep_n3.m.block.2.conv2.block.conv.weight:num of params=147456
07/10 01:26:15 - mmengine - INFO - paramwise_options -- neck.Rep_n3.m.block.2.conv2.block.bn.weight:num of params=128
07/10 01:26:15 - mmengine - INFO - paramwise_options -- neck.Rep_n3.m.block.2.conv2.block.bn.bias:num of params=128
07/10 01:26:15 - mmengine - INFO - paramwise_options -- neck.Rep_n3.m.block.3.alpha:num of params=1
07/10 01:26:15 - mmengine - INFO - paramwise_options -- neck.Rep_n3.m.block.3.conv1.block.conv.weight:num of params=147456
07/10 01:26:15 - mmengine - INFO - paramwise_options -- neck.Rep_n3.m.block.3.conv1.block.bn.weight:num of params=128
07/10 01:26:15 - mmengine - INFO - paramwise_options -- neck.Rep_n3.m.block.3.conv1.block.bn.bias:num of params=128
07/10 01:26:15 - mmengine - INFO - paramwise_options -- neck.Rep_n3.m.block.3.conv2.block.conv.weight:num of params=147456
07/10 01:26:15 - mmengine - INFO - paramwise_options -- neck.Rep_n3.m.block.3.conv2.block.bn.weight:num of params=128
07/10 01:26:15 - mmengine - INFO - paramwise_options -- neck.Rep_n3.m.block.3.conv2.block.bn.bias:num of params=128
07/10 01:26:15 - mmengine - INFO - paramwise_options -- neck.Rep_n3.m.block.4.alpha:num of params=1
07/10 01:26:15 - mmengine - INFO - paramwise_options -- neck.Rep_n3.m.block.4.conv1.block.conv.weight:num of params=147456
07/10 01:26:15 - mmengine - INFO - paramwise_options -- neck.Rep_n3.m.block.4.conv1.block.bn.weight:num of params=128
07/10 01:26:15 - mmengine - INFO - paramwise_options -- neck.Rep_n3.m.block.4.conv1.block.bn.bias:num of params=128
07/10 01:26:15 - mmengine - INFO - paramwise_options -- neck.Rep_n3.m.block.4.conv2.block.conv.weight:num of params=147456
07/10 01:26:15 - mmengine - INFO - paramwise_options -- neck.Rep_n3.m.block.4.conv2.block.bn.weight:num of params=128
07/10 01:26:15 - mmengine - INFO - paramwise_options -- neck.Rep_n3.m.block.4.conv2.block.bn.bias:num of params=128
07/10 01:26:15 - mmengine - INFO - paramwise_options -- neck.downsample1.block.conv.weight:num of params=589824
07/10 01:26:15 - mmengine - INFO - paramwise_options -- neck.downsample1.block.bn.weight:num of params=256
07/10 01:26:15 - mmengine - INFO - paramwise_options -- neck.downsample1.block.bn.bias:num of params=256
07/10 01:26:15 - mmengine - INFO - paramwise_options -- neck.Rep_n4.cv1.block.conv.weight:num of params=131072
07/10 01:26:15 - mmengine - INFO - paramwise_options -- neck.Rep_n4.cv1.block.bn.weight:num of params=256
07/10 01:26:15 - mmengine - INFO - paramwise_options -- neck.Rep_n4.cv1.block.bn.bias:num of params=256
07/10 01:26:15 - mmengine - INFO - paramwise_options -- neck.Rep_n4.cv2.block.conv.weight:num of params=131072
07/10 01:26:15 - mmengine - INFO - paramwise_options -- neck.Rep_n4.cv2.block.bn.weight:num of params=256
07/10 01:26:15 - mmengine - INFO - paramwise_options -- neck.Rep_n4.cv2.block.bn.bias:num of params=256
07/10 01:26:15 - mmengine - INFO - paramwise_options -- neck.Rep_n4.cv3.block.conv.weight:num of params=262144
07/10 01:26:15 - mmengine - INFO - paramwise_options -- neck.Rep_n4.cv3.block.bn.weight:num of params=512
07/10 01:26:15 - mmengine - INFO - paramwise_options -- neck.Rep_n4.cv3.block.bn.bias:num of params=512
07/10 01:26:15 - mmengine - INFO - paramwise_options -- neck.Rep_n4.m.conv1.alpha:num of params=1
07/10 01:26:15 - mmengine - INFO - paramwise_options -- neck.Rep_n4.m.conv1.conv1.block.conv.weight:num of params=589824
07/10 01:26:15 - mmengine - INFO - paramwise_options -- neck.Rep_n4.m.conv1.conv1.block.bn.weight:num of params=256
07/10 01:26:15 - mmengine - INFO - paramwise_options -- neck.Rep_n4.m.conv1.conv1.block.bn.bias:num of params=256
07/10 01:26:15 - mmengine - INFO - paramwise_options -- neck.Rep_n4.m.conv1.conv2.block.conv.weight:num of params=589824
07/10 01:26:15 - mmengine - INFO - paramwise_options -- neck.Rep_n4.m.conv1.conv2.block.bn.weight:num of params=256
07/10 01:26:15 - mmengine - INFO - paramwise_options -- neck.Rep_n4.m.conv1.conv2.block.bn.bias:num of params=256
07/10 01:26:15 - mmengine - INFO - paramwise_options -- neck.Rep_n4.m.block.0.alpha:num of params=1
07/10 01:26:15 - mmengine - INFO - paramwise_options -- neck.Rep_n4.m.block.0.conv1.block.conv.weight:num of params=589824
07/10 01:26:15 - mmengine - INFO - paramwise_options -- neck.Rep_n4.m.block.0.conv1.block.bn.weight:num of params=256
07/10 01:26:15 - mmengine - INFO - paramwise_options -- neck.Rep_n4.m.block.0.conv1.block.bn.bias:num of params=256
07/10 01:26:15 - mmengine - INFO - paramwise_options -- neck.Rep_n4.m.block.0.conv2.block.conv.weight:num of params=589824
07/10 01:26:15 - mmengine - INFO - paramwise_options -- neck.Rep_n4.m.block.0.conv2.block.bn.weight:num of params=256
07/10 01:26:15 - mmengine - INFO - paramwise_options -- neck.Rep_n4.m.block.0.conv2.block.bn.bias:num of params=256
07/10 01:26:15 - mmengine - INFO - paramwise_options -- neck.Rep_n4.m.block.1.alpha:num of params=1
07/10 01:26:15 - mmengine - INFO - paramwise_options -- neck.Rep_n4.m.block.1.conv1.block.conv.weight:num of params=589824
07/10 01:26:15 - mmengine - INFO - paramwise_options -- neck.Rep_n4.m.block.1.conv1.block.bn.weight:num of params=256
07/10 01:26:15 - mmengine - INFO - paramwise_options -- neck.Rep_n4.m.block.1.conv1.block.bn.bias:num of params=256
07/10 01:26:15 - mmengine - INFO - paramwise_options -- neck.Rep_n4.m.block.1.conv2.block.conv.weight:num of params=589824
07/10 01:26:15 - mmengine - INFO - paramwise_options -- neck.Rep_n4.m.block.1.conv2.block.bn.weight:num of params=256
07/10 01:26:15 - mmengine - INFO - paramwise_options -- neck.Rep_n4.m.block.1.conv2.block.bn.bias:num of params=256
07/10 01:26:15 - mmengine - INFO - paramwise_options -- neck.Rep_n4.m.block.2.alpha:num of params=1
07/10 01:26:15 - mmengine - INFO - paramwise_options -- neck.Rep_n4.m.block.2.conv1.block.conv.weight:num of params=589824
07/10 01:26:15 - mmengine - INFO - paramwise_options -- neck.Rep_n4.m.block.2.conv1.block.bn.weight:num of params=256
07/10 01:26:15 - mmengine - INFO - paramwise_options -- neck.Rep_n4.m.block.2.conv1.block.bn.bias:num of params=256
07/10 01:26:15 - mmengine - INFO - paramwise_options -- neck.Rep_n4.m.block.2.conv2.block.conv.weight:num of params=589824
07/10 01:26:15 - mmengine - INFO - paramwise_options -- neck.Rep_n4.m.block.2.conv2.block.bn.weight:num of params=256
07/10 01:26:15 - mmengine - INFO - paramwise_options -- neck.Rep_n4.m.block.2.conv2.block.bn.bias:num of params=256
07/10 01:26:15 - mmengine - INFO - paramwise_options -- neck.Rep_n4.m.block.3.alpha:num of params=1
07/10 01:26:15 - mmengine - INFO - paramwise_options -- neck.Rep_n4.m.block.3.conv1.block.conv.weight:num of params=589824
07/10 01:26:15 - mmengine - INFO - paramwise_options -- neck.Rep_n4.m.block.3.conv1.block.bn.weight:num of params=256
07/10 01:26:15 - mmengine - INFO - paramwise_options -- neck.Rep_n4.m.block.3.conv1.block.bn.bias:num of params=256
07/10 01:26:15 - mmengine - INFO - paramwise_options -- neck.Rep_n4.m.block.3.conv2.block.conv.weight:num of params=589824
07/10 01:26:15 - mmengine - INFO - paramwise_options -- neck.Rep_n4.m.block.3.conv2.block.bn.weight:num of params=256
07/10 01:26:15 - mmengine - INFO - paramwise_options -- neck.Rep_n4.m.block.3.conv2.block.bn.bias:num of params=256
07/10 01:26:15 - mmengine - INFO - paramwise_options -- neck.Rep_n4.m.block.4.alpha:num of params=1
07/10 01:26:15 - mmengine - INFO - paramwise_options -- neck.Rep_n4.m.block.4.conv1.block.conv.weight:num of params=589824
07/10 01:26:15 - mmengine - INFO - paramwise_options -- neck.Rep_n4.m.block.4.conv1.block.bn.weight:num of params=256
07/10 01:26:15 - mmengine - INFO - paramwise_options -- neck.Rep_n4.m.block.4.conv1.block.bn.bias:num of params=256
07/10 01:26:15 - mmengine - INFO - paramwise_options -- neck.Rep_n4.m.block.4.conv2.block.conv.weight:num of params=589824
07/10 01:26:15 - mmengine - INFO - paramwise_options -- neck.Rep_n4.m.block.4.conv2.block.bn.weight:num of params=256
07/10 01:26:15 - mmengine - INFO - paramwise_options -- neck.Rep_n4.m.block.4.conv2.block.bn.bias:num of params=256
07/10 01:26:15 - mmengine - INFO - paramwise_options -- bbox_head.head_module.cls_preds.0.0.conv.weight:num of params=294912
07/10 01:26:15 - mmengine - INFO - paramwise_options -- bbox_head.head_module.cls_preds.0.0.bn.weight:num of params=256
07/10 01:26:15 - mmengine - INFO - paramwise_options -- bbox_head.head_module.cls_preds.0.0.bn.bias:num of params=256
07/10 01:26:15 - mmengine - INFO - paramwise_options -- bbox_head.head_module.cls_preds.0.1.conv.weight:num of params=589824
07/10 01:26:15 - mmengine - INFO - paramwise_options -- bbox_head.head_module.cls_preds.0.1.bn.weight:num of params=256
07/10 01:26:15 - mmengine - INFO - paramwise_options -- bbox_head.head_module.cls_preds.0.1.bn.bias:num of params=256
07/10 01:26:15 - mmengine - INFO - paramwise_options -- bbox_head.head_module.cls_preds.0.2.weight:num of params=196608
07/10 01:26:15 - mmengine - INFO - paramwise_options -- bbox_head.head_module.cls_preds.0.2.bias:num of params=768
07/10 01:26:15 - mmengine - INFO - paramwise_options -- bbox_head.head_module.cls_preds.1.0.conv.weight:num of params=589824
07/10 01:26:15 - mmengine - INFO - paramwise_options -- bbox_head.head_module.cls_preds.1.0.bn.weight:num of params=256
07/10 01:26:15 - mmengine - INFO - paramwise_options -- bbox_head.head_module.cls_preds.1.0.bn.bias:num of params=256
07/10 01:26:15 - mmengine - INFO - paramwise_options -- bbox_head.head_module.cls_preds.1.1.conv.weight:num of params=589824
07/10 01:26:15 - mmengine - INFO - paramwise_options -- bbox_head.head_module.cls_preds.1.1.bn.weight:num of params=256
07/10 01:26:15 - mmengine - INFO - paramwise_options -- bbox_head.head_module.cls_preds.1.1.bn.bias:num of params=256
07/10 01:26:15 - mmengine - INFO - paramwise_options -- bbox_head.head_module.cls_preds.1.2.weight:num of params=196608
07/10 01:26:15 - mmengine - INFO - paramwise_options -- bbox_head.head_module.cls_preds.1.2.bias:num of params=768
07/10 01:26:15 - mmengine - INFO - paramwise_options -- bbox_head.head_module.cls_preds.2.0.conv.weight:num of params=1179648
07/10 01:26:15 - mmengine - INFO - paramwise_options -- bbox_head.head_module.cls_preds.2.0.bn.weight:num of params=256
07/10 01:26:15 - mmengine - INFO - paramwise_options -- bbox_head.head_module.cls_preds.2.0.bn.bias:num of params=256
07/10 01:26:15 - mmengine - INFO - paramwise_options -- bbox_head.head_module.cls_preds.2.1.conv.weight:num of params=589824
07/10 01:26:15 - mmengine - INFO - paramwise_options -- bbox_head.head_module.cls_preds.2.1.bn.weight:num of params=256
07/10 01:26:15 - mmengine - INFO - paramwise_options -- bbox_head.head_module.cls_preds.2.1.bn.bias:num of params=256
07/10 01:26:15 - mmengine - INFO - paramwise_options -- bbox_head.head_module.cls_preds.2.2.weight:num of params=196608
07/10 01:26:15 - mmengine - INFO - paramwise_options -- bbox_head.head_module.cls_preds.2.2.bias:num of params=768
07/10 01:26:15 - mmengine - INFO - paramwise_options -- bbox_head.head_module.reg_preds.0.0.conv.weight:num of params=73728
07/10 01:26:15 - mmengine - INFO - paramwise_options -- bbox_head.head_module.reg_preds.0.0.bn.weight:num of params=64
07/10 01:26:15 - mmengine - INFO - paramwise_options -- bbox_head.head_module.reg_preds.0.0.bn.bias:num of params=64
07/10 01:26:15 - mmengine - INFO - paramwise_options -- bbox_head.head_module.reg_preds.0.1.conv.weight:num of params=36864
07/10 01:26:15 - mmengine - INFO - paramwise_options -- bbox_head.head_module.reg_preds.0.1.bn.weight:num of params=64
07/10 01:26:15 - mmengine - INFO - paramwise_options -- bbox_head.head_module.reg_preds.0.1.bn.bias:num of params=64
07/10 01:26:15 - mmengine - INFO - paramwise_options -- bbox_head.head_module.reg_preds.0.2.weight:num of params=4096
07/10 01:26:15 - mmengine - INFO - paramwise_options -- bbox_head.head_module.reg_preds.0.2.bias:num of params=64
07/10 01:26:15 - mmengine - INFO - paramwise_options -- bbox_head.head_module.reg_preds.1.0.conv.weight:num of params=147456
07/10 01:26:15 - mmengine - INFO - paramwise_options -- bbox_head.head_module.reg_preds.1.0.bn.weight:num of params=64
07/10 01:26:15 - mmengine - INFO - paramwise_options -- bbox_head.head_module.reg_preds.1.0.bn.bias:num of params=64
07/10 01:26:15 - mmengine - INFO - paramwise_options -- bbox_head.head_module.reg_preds.1.1.conv.weight:num of params=36864
07/10 01:26:15 - mmengine - INFO - paramwise_options -- bbox_head.head_module.reg_preds.1.1.bn.weight:num of params=64
07/10 01:26:15 - mmengine - INFO - paramwise_options -- bbox_head.head_module.reg_preds.1.1.bn.bias:num of params=64
07/10 01:26:15 - mmengine - INFO - paramwise_options -- bbox_head.head_module.reg_preds.1.2.weight:num of params=4096
07/10 01:26:15 - mmengine - INFO - paramwise_options -- bbox_head.head_module.reg_preds.1.2.bias:num of params=64
07/10 01:26:15 - mmengine - INFO - paramwise_options -- bbox_head.head_module.reg_preds.2.0.conv.weight:num of params=294912
07/10 01:26:15 - mmengine - INFO - paramwise_options -- bbox_head.head_module.reg_preds.2.0.bn.weight:num of params=64
07/10 01:26:15 - mmengine - INFO - paramwise_options -- bbox_head.head_module.reg_preds.2.0.bn.bias:num of params=64
07/10 01:26:15 - mmengine - INFO - paramwise_options -- bbox_head.head_module.reg_preds.2.1.conv.weight:num of params=36864
07/10 01:26:15 - mmengine - INFO - paramwise_options -- bbox_head.head_module.reg_preds.2.1.bn.weight:num of params=64
07/10 01:26:15 - mmengine - INFO - paramwise_options -- bbox_head.head_module.reg_preds.2.1.bn.bias:num of params=64
07/10 01:26:15 - mmengine - INFO - paramwise_options -- bbox_head.head_module.reg_preds.2.2.weight:num of params=4096
07/10 01:26:15 - mmengine - INFO - paramwise_options -- bbox_head.head_module.reg_preds.2.2.bias:num of params=64
07/10 01:26:15 - mmengine - INFO - paramwise_options -- bbox_head.head_module.cls_contrasts.0.bias:num of params=1
07/10 01:26:15 - mmengine - INFO - paramwise_options -- bbox_head.head_module.cls_contrasts.0.logit_scale:num of params=1
07/10 01:26:15 - mmengine - INFO - paramwise_options -- bbox_head.head_module.cls_contrasts.0.logit_scale:lr=0.0001
07/10 01:26:15 - mmengine - INFO - paramwise_options -- bbox_head.head_module.cls_contrasts.0.logit_scale:weight_decay=0.0
07/10 01:26:15 - mmengine - INFO - paramwise_options -- bbox_head.head_module.cls_contrasts.0.norm.weight:num of params=768
07/10 01:26:15 - mmengine - INFO - paramwise_options -- bbox_head.head_module.cls_contrasts.0.norm.bias:num of params=768
07/10 01:26:15 - mmengine - INFO - paramwise_options -- bbox_head.head_module.cls_contrasts.1.bias:num of params=1
07/10 01:26:15 - mmengine - INFO - paramwise_options -- bbox_head.head_module.cls_contrasts.1.logit_scale:num of params=1
07/10 01:26:15 - mmengine - INFO - paramwise_options -- bbox_head.head_module.cls_contrasts.1.logit_scale:lr=0.0001
07/10 01:26:15 - mmengine - INFO - paramwise_options -- bbox_head.head_module.cls_contrasts.1.logit_scale:weight_decay=0.0
07/10 01:26:15 - mmengine - INFO - paramwise_options -- bbox_head.head_module.cls_contrasts.1.norm.weight:num of params=768
07/10 01:26:15 - mmengine - INFO - paramwise_options -- bbox_head.head_module.cls_contrasts.1.norm.bias:num of params=768
07/10 01:26:15 - mmengine - INFO - paramwise_options -- bbox_head.head_module.cls_contrasts.2.bias:num of params=1
07/10 01:26:15 - mmengine - INFO - paramwise_options -- bbox_head.head_module.cls_contrasts.2.logit_scale:num of params=1
07/10 01:26:15 - mmengine - INFO - paramwise_options -- bbox_head.head_module.cls_contrasts.2.logit_scale:lr=0.0001
07/10 01:26:15 - mmengine - INFO - paramwise_options -- bbox_head.head_module.cls_contrasts.2.logit_scale:weight_decay=0.0
07/10 01:26:15 - mmengine - INFO - paramwise_options -- bbox_head.head_module.cls_contrasts.2.norm.weight:num of params=768
07/10 01:26:15 - mmengine - INFO - paramwise_options -- bbox_head.head_module.cls_contrasts.2.norm.bias:num of params=768
loading annotations into memory...
loading annotations into memory...
Done (t=0.37s)
creating index...
index created!
Done (t=0.35s)
creating index...
Done (t=0.36s)
creating index...
index created!
index created!
loading annotations into memory...
loading annotations into memory...
Done (t=0.37s)
creating index...
index created!
loading annotations into memory...
Done (t=0.39s)
creating index...
loading annotations into memory...
index created!
Done (t=0.38s)
creating index...
Done (t=0.38s)
creating index...
index created!
index created!
Loads checkpoint by local backend from path: /home/siyuan/projects/LLMs/OralDetect-Family/OralCLIP/pretrained/wedetect_oralclipv11_dentalbert_init.pthLoads checkpoint by local backend from path: /home/siyuan/projects/LLMs/OralDetect-Family/OralCLIP/pretrained/wedetect_oralclipv11_dentalbert_init.pth

Loads checkpoint by local backend from path: /home/siyuan/projects/LLMs/OralDetect-Family/OralCLIP/pretrained/wedetect_oralclipv11_dentalbert_init.pth
/home/siyuan/anaconda3/envs/wedetect_official/lib/python3.10/site-packages/mmengine/runner/checkpoint.py:347: FutureWarning: You are using `torch.load` with `weights_only=False` (the current default value), which uses the default pickle module implicitly. It is possible to construct malicious pickle data which will execute arbitrary code during unpickling (See https://github.com/pytorch/pytorch/blob/main/SECURITY.md#untrusted-models for more details). In a future release, the default value for `weights_only` will be flipped to `True`. This limits the functions that could be executed during unpickling. Arbitrary objects will no longer be allowed to be loaded via this mode unless they are explicitly allowlisted by the user via `torch.serialization.add_safe_globals`. We recommend you start setting `weights_only=True` for any use case where you don't have full control of the loaded file. Please open an issue on GitHub for any issues related to this experimental feature.
  checkpoint = torch.load(filename, map_location=map_location)
/home/siyuan/anaconda3/envs/wedetect_official/lib/python3.10/site-packages/mmengine/runner/checkpoint.py:347: FutureWarning: You are using `torch.load` with `weights_only=False` (the current default value), which uses the default pickle module implicitly. It is possible to construct malicious pickle data which will execute arbitrary code during unpickling (See https://github.com/pytorch/pytorch/blob/main/SECURITY.md#untrusted-models for more details). In a future release, the default value for `weights_only` will be flipped to `True`. This limits the functions that could be executed during unpickling. Arbitrary objects will no longer be allowed to be loaded via this mode unless they are explicitly allowlisted by the user via `torch.serialization.add_safe_globals`. We recommend you start setting `weights_only=True` for any use case where you don't have full control of the loaded file. Please open an issue on GitHub for any issues related to this experimental feature.
  checkpoint = torch.load(filename, map_location=map_location)
/home/siyuan/anaconda3/envs/wedetect_official/lib/python3.10/site-packages/mmengine/runner/checkpoint.py:347: FutureWarning: You are using `torch.load` with `weights_only=False` (the current default value), which uses the default pickle module implicitly. It is possible to construct malicious pickle data which will execute arbitrary code during unpickling (See https://github.com/pytorch/pytorch/blob/main/SECURITY.md#untrusted-models for more details). In a future release, the default value for `weights_only` will be flipped to `True`. This limits the functions that could be executed during unpickling. Arbitrary objects will no longer be allowed to be loaded via this mode unless they are explicitly allowlisted by the user via `torch.serialization.add_safe_globals`. We recommend you start setting `weights_only=True` for any use case where you don't have full control of the loaded file. Please open an issue on GitHub for any issues related to this experimental feature.
  checkpoint = torch.load(filename, map_location=map_location)
Loads checkpoint by local backend from path: /home/siyuan/projects/LLMs/OralDetect-Family/OralCLIP/pretrained/wedetect_oralclipv11_dentalbert_init.pth
/home/siyuan/anaconda3/envs/wedetect_official/lib/python3.10/site-packages/mmengine/runner/checkpoint.py:347: FutureWarning: You are using `torch.load` with `weights_only=False` (the current default value), which uses the default pickle module implicitly. It is possible to construct malicious pickle data which will execute arbitrary code during unpickling (See https://github.com/pytorch/pytorch/blob/main/SECURITY.md#untrusted-models for more details). In a future release, the default value for `weights_only` will be flipped to `True`. This limits the functions that could be executed during unpickling. Arbitrary objects will no longer be allowed to be loaded via this mode unless they are explicitly allowlisted by the user via `torch.serialization.add_safe_globals`. We recommend you start setting `weights_only=True` for any use case where you don't have full control of the loaded file. Please open an issue on GitHub for any issues related to this experimental feature.
  checkpoint = torch.load(filename, map_location=map_location)
The model and loaded state dict do not match exactly

missing keys in source state_dict: backbone.text_model.model.embeddings.word_embeddings.weight, backbone.text_model.model.embeddings.position_embeddings.weight, backbone.text_model.model.embeddings.token_type_embeddings.weight, backbone.text_model.model.embeddings.LayerNorm.weight, backbone.text_model.model.embeddings.LayerNorm.bias, backbone.text_model.model.encoder.layer.0.attention.self.query.weight, backbone.text_model.model.encoder.layer.0.attention.self.query.bias, backbone.text_model.model.encoder.layer.0.attention.self.key.weight, backbone.text_model.model.encoder.layer.0.attention.self.key.bias, backbone.text_model.model.encoder.layer.0.attention.self.value.weight, backbone.text_model.model.encoder.layer.0.attention.self.value.bias, backbone.text_model.model.encoder.layer.0.attention.output.dense.weight, backbone.text_model.model.encoder.layer.0.attention.output.dense.bias, backbone.text_model.model.encoder.layer.0.attention.output.LayerNorm.weight, backbone.text_model.model.encoder.layer.0.attention.output.LayerNorm.bias, backbone.text_model.model.encoder.layer.0.intermediate.dense.weight, backbone.text_model.model.encoder.layer.0.intermediate.dense.bias, backbone.text_model.model.encoder.layer.0.output.dense.weight, backbone.text_model.model.encoder.layer.0.output.dense.bias, backbone.text_model.model.encoder.layer.0.output.LayerNorm.weight, backbone.text_model.model.encoder.layer.0.output.LayerNorm.bias, backbone.text_model.model.encoder.layer.1.attention.self.query.weight, backbone.text_model.model.encoder.layer.1.attention.self.query.bias, backbone.text_model.model.encoder.layer.1.attention.self.key.weight, backbone.text_model.model.encoder.layer.1.attention.self.key.bias, backbone.text_model.model.encoder.layer.1.attention.self.value.weight, backbone.text_model.model.encoder.layer.1.attention.self.value.bias, backbone.text_model.model.encoder.layer.1.attention.output.dense.weight, backbone.text_model.model.encoder.layer.1.attention.output.dense.bias, backbone.text_model.model.encoder.layer.1.attention.output.LayerNorm.weight, backbone.text_model.model.encoder.layer.1.attention.output.LayerNorm.bias, backbone.text_model.model.encoder.layer.1.intermediate.dense.weight, backbone.text_model.model.encoder.layer.1.intermediate.dense.bias, backbone.text_model.model.encoder.layer.1.output.dense.weight, backbone.text_model.model.encoder.layer.1.output.dense.bias, backbone.text_model.model.encoder.layer.1.output.LayerNorm.weight, backbone.text_model.model.encoder.layer.1.output.LayerNorm.bias, backbone.text_model.model.encoder.layer.2.attention.self.query.weight, backbone.text_model.model.encoder.layer.2.attention.self.query.bias, backbone.text_model.model.encoder.layer.2.attention.self.key.weight, backbone.text_model.model.encoder.layer.2.attention.self.key.bias, backbone.text_model.model.encoder.layer.2.attention.self.value.weight, backbone.text_model.model.encoder.layer.2.attention.self.value.bias, backbone.text_model.model.encoder.layer.2.attention.output.dense.weight, backbone.text_model.model.encoder.layer.2.attention.output.dense.bias, backbone.text_model.model.encoder.layer.2.attention.output.LayerNorm.weight, backbone.text_model.model.encoder.layer.2.attention.output.LayerNorm.bias, backbone.text_model.model.encoder.layer.2.intermediate.dense.weight, backbone.text_model.model.encoder.layer.2.intermediate.dense.bias, backbone.text_model.model.encoder.layer.2.output.dense.weight, backbone.text_model.model.encoder.layer.2.output.dense.bias, backbone.text_model.model.encoder.layer.2.output.LayerNorm.weight, backbone.text_model.model.encoder.layer.2.output.LayerNorm.bias, backbone.text_model.model.encoder.layer.3.attention.self.query.weight, backbone.text_model.model.encoder.layer.3.attention.self.query.bias, backbone.text_model.model.encoder.layer.3.attention.self.key.weight, backbone.text_model.model.encoder.layer.3.attention.self.key.bias, backbone.text_model.model.encoder.layer.3.attention.self.value.weight, backbone.text_model.model.encoder.layer.3.attention.self.value.bias, backbone.text_model.model.encoder.layer.3.attention.output.dense.weight, backbone.text_model.model.encoder.layer.3.attention.output.dense.bias, backbone.text_model.model.encoder.layer.3.attention.output.LayerNorm.weight, backbone.text_model.model.encoder.layer.3.attention.output.LayerNorm.bias, backbone.text_model.model.encoder.layer.3.intermediate.dense.weight, backbone.text_model.model.encoder.layer.3.intermediate.dense.bias, backbone.text_model.model.encoder.layer.3.output.dense.weight, backbone.text_model.model.encoder.layer.3.output.dense.bias, backbone.text_model.model.encoder.layer.3.output.LayerNorm.weight, backbone.text_model.model.encoder.layer.3.output.LayerNorm.bias, backbone.text_model.model.encoder.layer.4.attention.self.query.weight, backbone.text_model.model.encoder.layer.4.attention.self.query.bias, backbone.text_model.model.encoder.layer.4.attention.self.key.weight, backbone.text_model.model.encoder.layer.4.attention.self.key.bias, backbone.text_model.model.encoder.layer.4.attention.self.value.weight, backbone.text_model.model.encoder.layer.4.attention.self.value.bias, backbone.text_model.model.encoder.layer.4.attention.output.dense.weight, backbone.text_model.model.encoder.layer.4.attention.output.dense.bias, backbone.text_model.model.encoder.layer.4.attention.output.LayerNorm.weight, backbone.text_model.model.encoder.layer.4.attention.output.LayerNorm.bias, backbone.text_model.model.encoder.layer.4.intermediate.dense.weight, backbone.text_model.model.encoder.layer.4.intermediate.dense.bias, backbone.text_model.model.encoder.layer.4.output.dense.weight, backbone.text_model.model.encoder.layer.4.output.dense.bias, backbone.text_model.model.encoder.layer.4.output.LayerNorm.weight, backbone.text_model.model.encoder.layer.4.output.LayerNorm.bias, backbone.text_model.model.encoder.layer.5.attention.self.query.weight, backbone.text_model.model.encoder.layer.5.attention.self.query.bias, backbone.text_model.model.encoder.layer.5.attention.self.key.weight, backbone.text_model.model.encoder.layer.5.attention.self.key.bias, backbone.text_model.model.encoder.layer.5.attention.self.value.weight, backbone.text_model.model.encoder.layer.5.attention.self.value.bias, backbone.text_model.model.encoder.layer.5.attention.output.dense.weight, backbone.text_model.model.encoder.layer.5.attention.output.dense.bias, backbone.text_model.model.encoder.layer.5.attention.output.LayerNorm.weight, backbone.text_model.model.encoder.layer.5.attention.output.LayerNorm.bias, backbone.text_model.model.encoder.layer.5.intermediate.dense.weight, backbone.text_model.model.encoder.layer.5.intermediate.dense.bias, backbone.text_model.model.encoder.layer.5.output.dense.weight, backbone.text_model.model.encoder.layer.5.output.dense.bias, backbone.text_model.model.encoder.layer.5.output.LayerNorm.weight, backbone.text_model.model.encoder.layer.5.output.LayerNorm.bias, backbone.text_model.model.encoder.layer.6.attention.self.query.weight, backbone.text_model.model.encoder.layer.6.attention.self.query.bias, backbone.text_model.model.encoder.layer.6.attention.self.key.weight, backbone.text_model.model.encoder.layer.6.attention.self.key.bias, backbone.text_model.model.encoder.layer.6.attention.self.value.weight, backbone.text_model.model.encoder.layer.6.attention.self.value.bias, backbone.text_model.model.encoder.layer.6.attention.output.dense.weight, backbone.text_model.model.encoder.layer.6.attention.output.dense.bias, backbone.text_model.model.encoder.layer.6.attention.output.LayerNorm.weight, backbone.text_model.model.encoder.layer.6.attention.output.LayerNorm.bias, backbone.text_model.model.encoder.layer.6.intermediate.dense.weight, backbone.text_model.model.encoder.layer.6.intermediate.dense.bias, backbone.text_model.model.encoder.layer.6.output.dense.weight, backbone.text_model.model.encoder.layer.6.output.dense.bias, backbone.text_model.model.encoder.layer.6.output.LayerNorm.weight, backbone.text_model.model.encoder.layer.6.output.LayerNorm.bias, backbone.text_model.model.encoder.layer.7.attention.self.query.weight, backbone.text_model.model.encoder.layer.7.attention.self.query.bias, backbone.text_model.model.encoder.layer.7.attention.self.key.weight, backbone.text_model.model.encoder.layer.7.attention.self.key.bias, backbone.text_model.model.encoder.layer.7.attention.self.value.weight, backbone.text_model.model.encoder.layer.7.attention.self.value.bias, backbone.text_model.model.encoder.layer.7.attention.output.dense.weight, backbone.text_model.model.encoder.layer.7.attention.output.dense.bias, backbone.text_model.model.encoder.layer.7.attention.output.LayerNorm.weight, backbone.text_model.model.encoder.layer.7.attention.output.LayerNorm.bias, backbone.text_model.model.encoder.layer.7.intermediate.dense.weight, backbone.text_model.model.encoder.layer.7.intermediate.dense.bias, backbone.text_model.model.encoder.layer.7.output.dense.weight, backbone.text_model.model.encoder.layer.7.output.dense.bias, backbone.text_model.model.encoder.layer.7.output.LayerNorm.weight, backbone.text_model.model.encoder.layer.7.output.LayerNorm.bias, backbone.text_model.model.encoder.layer.8.attention.self.query.weight, backbone.text_model.model.encoder.layer.8.attention.self.query.bias, backbone.text_model.model.encoder.layer.8.attention.self.key.weight, backbone.text_model.model.encoder.layer.8.attention.self.key.bias, backbone.text_model.model.encoder.layer.8.attention.self.value.weight, backbone.text_model.model.encoder.layer.8.attention.self.value.bias, backbone.text_model.model.encoder.layer.8.attention.output.dense.weight, backbone.text_model.model.encoder.layer.8.attention.output.dense.bias, backbone.text_model.model.encoder.layer.8.attention.output.LayerNorm.weight, backbone.text_model.model.encoder.layer.8.attention.output.LayerNorm.bias, backbone.text_model.model.encoder.layer.8.intermediate.dense.weight, backbone.text_model.model.encoder.layer.8.intermediate.dense.bias, backbone.text_model.model.encoder.layer.8.output.dense.weight, backbone.text_model.model.encoder.layer.8.output.dense.bias, backbone.text_model.model.encoder.layer.8.output.LayerNorm.weight, backbone.text_model.model.encoder.layer.8.output.LayerNorm.bias, backbone.text_model.model.encoder.layer.9.attention.self.query.weight, backbone.text_model.model.encoder.layer.9.attention.self.query.bias, backbone.text_model.model.encoder.layer.9.attention.self.key.weight, backbone.text_model.model.encoder.layer.9.attention.self.key.bias, backbone.text_model.model.encoder.layer.9.attention.self.value.weight, backbone.text_model.model.encoder.layer.9.attention.self.value.bias, backbone.text_model.model.encoder.layer.9.attention.output.dense.weight, backbone.text_model.model.encoder.layer.9.attention.output.dense.bias, backbone.text_model.model.encoder.layer.9.attention.output.LayerNorm.weight, backbone.text_model.model.encoder.layer.9.attention.output.LayerNorm.bias, backbone.text_model.model.encoder.layer.9.intermediate.dense.weight, backbone.text_model.model.encoder.layer.9.intermediate.dense.bias, backbone.text_model.model.encoder.layer.9.output.dense.weight, backbone.text_model.model.encoder.layer.9.output.dense.bias, backbone.text_model.model.encoder.layer.9.output.LayerNorm.weight, backbone.text_model.model.encoder.layer.9.output.LayerNorm.bias, backbone.text_model.model.encoder.layer.10.attention.self.query.weight, backbone.text_model.model.encoder.layer.10.attention.self.query.bias, backbone.text_model.model.encoder.layer.10.attention.self.key.weight, backbone.text_model.model.encoder.layer.10.attention.self.key.bias, backbone.text_model.model.encoder.layer.10.attention.self.value.weight, backbone.text_model.model.encoder.layer.10.attention.self.value.bias, backbone.text_model.model.encoder.layer.10.attention.output.dense.weight, backbone.text_model.model.encoder.layer.10.attention.output.dense.bias, backbone.text_model.model.encoder.layer.10.attention.output.LayerNorm.weight, backbone.text_model.model.encoder.layer.10.attention.output.LayerNorm.bias, backbone.text_model.model.encoder.layer.10.intermediate.dense.weight, backbone.text_model.model.encoder.layer.10.intermediate.dense.bias, backbone.text_model.model.encoder.layer.10.output.dense.weight, backbone.text_model.model.encoder.layer.10.output.dense.bias, backbone.text_model.model.encoder.layer.10.output.LayerNorm.weight, backbone.text_model.model.encoder.layer.10.output.LayerNorm.bias, backbone.text_model.model.encoder.layer.11.attention.self.query.weight, backbone.text_model.model.encoder.layer.11.attention.self.query.bias, backbone.text_model.model.encoder.layer.11.attention.self.key.weight, backbone.text_model.model.encoder.layer.11.attention.self.key.bias, backbone.text_model.model.encoder.layer.11.attention.self.value.weight, backbone.text_model.model.encoder.layer.11.attention.self.value.bias, backbone.text_model.model.encoder.layer.11.attention.output.dense.weight, backbone.text_model.model.encoder.layer.11.attention.output.dense.bias, backbone.text_model.model.encoder.layer.11.attention.output.LayerNorm.weight, backbone.text_model.model.encoder.layer.11.attention.output.LayerNorm.bias, backbone.text_model.model.encoder.layer.11.intermediate.dense.weight, backbone.text_model.model.encoder.layer.11.intermediate.dense.bias, backbone.text_model.model.encoder.layer.11.output.dense.weight, backbone.text_model.model.encoder.layer.11.output.dense.bias, backbone.text_model.model.encoder.layer.11.output.LayerNorm.weight, backbone.text_model.model.encoder.layer.11.output.LayerNorm.bias, backbone.text_model.model.pooler.dense.weight, backbone.text_model.model.pooler.dense.bias

07/10 01:26:19 - mmengine - INFO - Load checkpoint from /home/siyuan/projects/LLMs/OralDetect-Family/OralCLIP/pretrained/wedetect_oralclipv11_dentalbert_init.pth
07/10 01:26:19 - mmengine - WARNING - "FileClient" will be deprecated in future. Please use io functions in https://mmengine.readthedocs.io/en/latest/api/fileio.html#file-io
07/10 01:26:19 - mmengine - WARNING - "HardDiskBackend" is the alias of "LocalBackend" and the former will be deprecated in future.
07/10 01:26:19 - mmengine - INFO - Checkpoints will be saved to /home/siyuan/projects/LLMs/OralDetect-Family/WeDetect_repro/WeDetect/work_dirs/oraldetect_v11dt_s1.
/home/siyuan/anaconda3/envs/wedetect_official/lib/python3.10/site-packages/torch/functional.py:534: UserWarning: torch.meshgrid: in an upcoming release, it will be required to pass the indexing argument. (Triggered internally at ../aten/src/ATen/native/TensorShape.cpp:3595.)
  return _VF.meshgrid(tensors, **kwargs)  # type: ignore[attr-defined]
/home/siyuan/anaconda3/envs/wedetect_official/lib/python3.10/site-packages/torch/functional.py:534: UserWarning: torch.meshgrid: in an upcoming release, it will be required to pass the indexing argument. (Triggered internally at ../aten/src/ATen/native/TensorShape.cpp:3595.)
  return _VF.meshgrid(tensors, **kwargs)  # type: ignore[attr-defined]
/home/siyuan/anaconda3/envs/wedetect_official/lib/python3.10/site-packages/torch/functional.py:534: UserWarning: torch.meshgrid: in an upcoming release, it will be required to pass the indexing argument. (Triggered internally at ../aten/src/ATen/native/TensorShape.cpp:3595.)
  return _VF.meshgrid(tensors, **kwargs)  # type: ignore[attr-defined]
/home/siyuan/anaconda3/envs/wedetect_official/lib/python3.10/site-packages/torch/functional.py:534: UserWarning: torch.meshgrid: in an upcoming release, it will be required to pass the indexing argument. (Triggered internally at ../aten/src/ATen/native/TensorShape.cpp:3595.)
  return _VF.meshgrid(tensors, **kwargs)  # type: ignore[attr-defined]
[rank3]:[W710 01:26:22.825378022 reducer.cpp:1400] Warning: find_unused_parameters=True was specified in DDP constructor, but did not find any unused parameters in the forward pass. This flag results in an extra traversal of the autograd graph every iteration,  which can adversely affect performance. If your model indeed never has any unused parameters in the forward pass, consider turning this flag off. Note that this warning may be a false positive if your model has flow control causing later iterations to have unused parameters. (function operator())
[rank0]:[W710 01:26:22.825387092 reducer.cpp:1400] Warning: find_unused_parameters=True was specified in DDP constructor, but did not find any unused parameters in the forward pass. This flag results in an extra traversal of the autograd graph every iteration,  which can adversely affect performance. If your model indeed never has any unused parameters in the forward pass, consider turning this flag off. Note that this warning may be a false positive if your model has flow control causing later iterations to have unused parameters. (function operator())
[rank2]:[W710 01:26:22.825622140 reducer.cpp:1400] Warning: find_unused_parameters=True was specified in DDP constructor, but did not find any unused parameters in the forward pass. This flag results in an extra traversal of the autograd graph every iteration,  which can adversely affect performance. If your model indeed never has any unused parameters in the forward pass, consider turning this flag off. Note that this warning may be a false positive if your model has flow control causing later iterations to have unused parameters. (function operator())
[rank1]:[W710 01:26:22.826079167 reducer.cpp:1400] Warning: find_unused_parameters=True was specified in DDP constructor, but did not find any unused parameters in the forward pass. This flag results in an extra traversal of the autograd graph every iteration,  which can adversely affect performance. If your model indeed never has any unused parameters in the forward pass, consider turning this flag off. Note that this warning may be a false positive if your model has flow control causing later iterations to have unused parameters. (function operator())
07/10 01:26:45 - mmengine - INFO - Epoch(train) [1][  50/1039]  base_lr: 4.9708e-06 lr: 4.9708e-06  eta: 1:09:58  time: 0.5082  data_time: 0.0298  memory: 5909  grad_norm: 4122.8804  loss: 352.2959  loss_cls: 221.6307  loss_bbox: 68.7759  loss_dfl: 61.8894
07/10 01:27:07 - mmengine - INFO - Epoch(train) [1][ 100/1039]  base_lr: 9.8821e-06 lr: 9.8821e-06  eta: 1:05:48  time: 0.4535  data_time: 0.0058  memory: 5628  grad_norm: 612.3871  loss: 216.1457  loss_cls: 116.8735  loss_bbox: 50.6581  loss_dfl: 48.6140
07/10 01:27:31 - mmengine - INFO - Epoch(train) [1][ 150/1039]  base_lr: 1.4734e-05 lr: 1.4734e-05  eta: 1:05:25  time: 0.4810  data_time: 0.0062  memory: 6276  grad_norm: 376.9547  loss: 178.9067  loss_cls: 93.4096  loss_bbox: 42.7111  loss_dfl: 42.7859
07/10 01:27:54 - mmengine - INFO - Epoch(train) [1][ 200/1039]  base_lr: 1.9526e-05 lr: 1.9526e-05  eta: 1:04:21  time: 0.4616  data_time: 0.0059  memory: 5655  grad_norm: 399.2042  loss: 159.9469  loss_cls: 81.5010  loss_bbox: 38.8201  loss_dfl: 39.6258
07/10 01:28:17 - mmengine - INFO - Epoch(train) [1][ 250/1039]  base_lr: 2.4258e-05 lr: 2.4258e-05  eta: 1:03:24  time: 0.4553  data_time: 0.0053  memory: 5428  grad_norm: 518.0649  loss: 146.9379  loss_cls: 72.7708  loss_bbox: 36.1168  loss_dfl: 38.0502
07/10 01:28:41 - mmengine - INFO - Epoch(train) [1][ 300/1039]  base_lr: 2.8932e-05 lr: 2.8932e-05  eta: 1:02:55  time: 0.4679  data_time: 0.0049  memory: 5448  grad_norm: 607.0833  loss: 138.9866  loss_cls: 66.7146  loss_bbox: 35.0793  loss_dfl: 37.1927
07/10 01:29:03 - mmengine - INFO - Epoch(train) [1][ 350/1039]  base_lr: 3.3545e-05 lr: 3.3545e-05  eta: 1:02:11  time: 0.4531  data_time: 0.0050  memory: 5901  grad_norm: 551.3981  loss: 133.1571  loss_cls: 62.5538  loss_bbox: 33.9294  loss_dfl: 36.6739
07/10 01:29:27 - mmengine - INFO - Epoch(train) [1][ 400/1039]  base_lr: 3.8099e-05 lr: 3.8099e-05  eta: 1:01:45  time: 0.4660  data_time: 0.0050  memory: 5735  grad_norm: 617.4417  loss: 128.8745  loss_cls: 59.6712  loss_bbox: 33.0954  loss_dfl: 36.1078
07/10 01:29:54 - mmengine - INFO - Epoch(train) [1][ 450/1039]  base_lr: 4.2593e-05 lr: 4.2593e-05  eta: 1:02:33  time: 0.5496  data_time: 0.0081  memory: 5541  grad_norm: 696.9870  loss: 128.3613  loss_cls: 58.2653  loss_bbox: 33.6411  loss_dfl: 36.4548
07/10 01:30:21 - mmengine - INFO - Epoch(train) [1][ 500/1039]  base_lr: 4.7028e-05 lr: 4.7028e-05  eta: 1:03:02  time: 0.5460  data_time: 0.0058  memory: 5756  grad_norm: 665.8413  loss: 122.9999  loss_cls: 55.1503  loss_bbox: 32.1935  loss_dfl: 35.6561
07/10 01:30:46 - mmengine - INFO - Epoch(train) [1][ 550/1039]  base_lr: 5.1403e-05 lr: 5.1403e-05  eta: 1:02:45  time: 0.4940  data_time: 0.0075  memory: 5828  grad_norm: 638.1849  loss: 122.4419  loss_cls: 54.4204  loss_bbox: 32.2986  loss_dfl: 35.7229
07/10 01:31:10 - mmengine - INFO - Epoch(train) [1][ 600/1039]  base_lr: 5.5719e-05 lr: 5.5719e-05  eta: 1:02:21  time: 0.4859  data_time: 0.0064  memory: 5868  grad_norm: 902.1042  loss: 121.7915  loss_cls: 54.0653  loss_bbox: 32.1123  loss_dfl: 35.6139
07/10 01:31:34 - mmengine - INFO - Epoch(train) [1][ 650/1039]  base_lr: 5.9975e-05 lr: 5.9975e-05  eta: 1:01:53  time: 0.4781  data_time: 0.0076  memory: 5515  grad_norm: 569.4205  loss: 120.0621  loss_cls: 52.0643  loss_bbox: 32.2259  loss_dfl: 35.7719
07/10 01:31:59 - mmengine - INFO - Epoch(train) [1][ 700/1039]  base_lr: 6.4171e-05 lr: 6.4171e-05  eta: 1:01:31  time: 0.4887  data_time: 0.0070  memory: 5675  grad_norm: 560.4190  loss: 115.9868  loss_cls: 50.1964  loss_bbox: 30.9661  loss_dfl: 34.8243
07/10 01:32:23 - mmengine - INFO - Epoch(train) [1][ 750/1039]  base_lr: 6.8308e-05 lr: 6.8308e-05  eta: 1:01:03  time: 0.4785  data_time: 0.0066  memory: 6461  grad_norm: 646.7769  loss: 113.8266  loss_cls: 48.9957  loss_bbox: 30.4703  loss_dfl: 34.3607
07/10 01:32:47 - mmengine - INFO - Epoch(train) [1][ 800/1039]  base_lr: 7.2386e-05 lr: 7.2386e-05  eta: 1:00:39  time: 0.4854  data_time: 0.0082  memory: 5748  grad_norm: 539.4532  loss: 114.0554  loss_cls: 48.2526  loss_bbox: 31.1620  loss_dfl: 34.6408
07/10 01:33:11 - mmengine - INFO - Epoch(train) [1][ 850/1039]  base_lr: 7.6404e-05 lr: 7.6404e-05  eta: 1:00:14  time: 0.4828  data_time: 0.0083  memory: 5875  grad_norm: 551.3101  loss: 111.1877  loss_cls: 46.7539  loss_bbox: 30.2695  loss_dfl: 34.1643
07/10 01:33:35 - mmengine - INFO - Epoch(train) [1][ 900/1039]  base_lr: 8.0362e-05 lr: 8.0362e-05  eta: 0:59:50  time: 0.4833  data_time: 0.0079  memory: 5821  grad_norm: 860.4488  loss: 109.9381  loss_cls: 46.5732  loss_bbox: 29.3880  loss_dfl: 33.9769
07/10 01:33:59 - mmengine - INFO - Epoch(train) [1][ 950/1039]  base_lr: 8.4261e-05 lr: 8.4261e-05  eta: 0:59:24  time: 0.4792  data_time: 0.0075  memory: 5881  grad_norm: 705.1003  loss: 108.9066  loss_cls: 45.4474  loss_bbox: 29.7122  loss_dfl: 33.7471
07/10 01:34:23 - mmengine - INFO - Exp name: wedetect_oraldetect_v11dt_s1_20260710_012600
07/10 01:34:23 - mmengine - INFO - Epoch(train) [1][1000/1039]  base_lr: 8.8100e-05 lr: 8.8100e-05  eta: 0:59:00  time: 0.4850  data_time: 0.0090  memory: 6489  grad_norm: 566.4522  loss: 109.0606  loss_cls: 45.1508  loss_bbox: 30.0194  loss_dfl: 33.8905
07/10 01:34:42 - mmengine - INFO - Exp name: wedetect_oraldetect_v11dt_s1_20260710_012600
07/10 01:34:42 - mmengine - INFO - Saving checkpoint at 1 epochs
07/10 01:35:11 - mmengine - INFO - Epoch(train) [2][  50/1039]  base_lr: 8.7040e-05 lr: 8.7040e-05  eta: 0:58:20  time: 0.5011  data_time: 0.0281  memory: 6301  grad_norm: 562.5389  loss: 106.3226  loss_cls: 43.7065  loss_bbox: 29.0066  loss_dfl: 33.6095
07/10 01:35:35 - mmengine - INFO - Epoch(train) [2][ 100/1039]  base_lr: 8.6444e-05 lr: 8.6444e-05  eta: 0:57:54  time: 0.4783  data_time: 0.0069  memory: 5748  grad_norm: 576.3339  loss: 106.6653  loss_cls: 43.3074  loss_bbox: 29.6245  loss_dfl: 33.7335
07/10 01:35:59 - mmengine - INFO - Epoch(train) [2][ 150/1039]  base_lr: 8.5849e-05 lr: 8.5849e-05  eta: 0:57:26  time: 0.4714  data_time: 0.0055  memory: 5815  grad_norm: 525.7348  loss: 104.9436  loss_cls: 42.4553  loss_bbox: 28.8218  loss_dfl: 33.6665
07/10 01:36:23 - mmengine - INFO - Epoch(train) [2][ 200/1039]  base_lr: 8.5253e-05 lr: 8.5253e-05  eta: 0:57:02  time: 0.4848  data_time: 0.0081  memory: 5695  grad_norm: 519.3274  loss: 105.7489  loss_cls: 42.3407  loss_bbox: 29.2502  loss_dfl: 34.1579
07/10 01:36:47 - mmengine - INFO - Epoch(train) [2][ 250/1039]  base_lr: 8.4657e-05 lr: 8.4657e-05  eta: 0:56:34  time: 0.4689  data_time: 0.0087  memory: 5641  grad_norm: 592.2162  loss: 104.4934  loss_cls: 41.8115  loss_bbox: 29.0577  loss_dfl: 33.6243
07/10 01:37:11 - mmengine - INFO - Epoch(train) [2][ 300/1039]  base_lr: 8.4062e-05 lr: 8.4062e-05  eta: 0:56:10  time: 0.4857  data_time: 0.0081  memory: 5855  grad_norm: 522.0804  loss: 102.3855  loss_cls: 40.5465  loss_bbox: 28.4499  loss_dfl: 33.3891
07/10 01:37:35 - mmengine - INFO - Epoch(train) [2][ 350/1039]  base_lr: 8.3466e-05 lr: 8.3466e-05  eta: 0:55:46  time: 0.4859  data_time: 0.0080  memory: 5781  grad_norm: 501.5971  loss: 102.8253  loss_cls: 40.2300  loss_bbox: 28.9482  loss_dfl: 33.6471
07/10 01:37:59 - mmengine - INFO - Epoch(train) [2][ 400/1039]  base_lr: 8.2871e-05 lr: 8.2871e-05  eta: 0:55:20  time: 0.4732  data_time: 0.0081  memory: 5795  grad_norm: 549.2345  loss: 103.5225  loss_cls: 41.0436  loss_bbox: 28.9302  loss_dfl: 33.5487
07/10 01:38:23 - mmengine - INFO - Epoch(train) [2][ 450/1039]  base_lr: 8.2275e-05 lr: 8.2275e-05  eta: 0:54:54  time: 0.4776  data_time: 0.0061  memory: 5681  grad_norm: 491.4720  loss: 102.4779  loss_cls: 40.1004  loss_bbox: 28.7019  loss_dfl: 33.6755
07/10 01:38:47 - mmengine - INFO - Epoch(train) [2][ 500/1039]  base_lr: 8.1679e-05 lr: 8.1679e-05  eta: 0:54:29  time: 0.4786  data_time: 0.0076  memory: 5488  grad_norm: 572.4626  loss: 102.8192  loss_cls: 40.1570  loss_bbox: 28.8535  loss_dfl: 33.8088
07/10 01:39:11 - mmengine - INFO - Epoch(train) [2][ 550/1039]  base_lr: 8.1084e-05 lr: 8.1084e-05  eta: 0:54:06  time: 0.4871  data_time: 0.0066  memory: 5748  grad_norm: 402.8022  loss: 100.2873  loss_cls: 38.9950  loss_bbox: 28.0593  loss_dfl: 33.2330
07/10 01:39:35 - mmengine - INFO - Epoch(train) [2][ 600/1039]  base_lr: 8.0488e-05 lr: 8.0488e-05  eta: 0:53:42  time: 0.4810  data_time: 0.0069  memory: 5828  grad_norm: 471.8266  loss: 100.6019  loss_cls: 39.0197  loss_bbox: 28.4079  loss_dfl: 33.1743
07/10 01:39:59 - mmengine - INFO - Epoch(train) [2][ 650/1039]  base_lr: 7.9893e-05 lr: 7.9893e-05  eta: 0:53:18  time: 0.4868  data_time: 0.0081  memory: 6068  grad_norm: 409.4493  loss: 100.8549  loss_cls: 38.7302  loss_bbox: 28.5867  loss_dfl: 33.5380
07/10 01:40:23 - mmengine - INFO - Epoch(train) [2][ 700/1039]  base_lr: 7.9297e-05 lr: 7.9297e-05  eta: 0:52:53  time: 0.4775  data_time: 0.0074  memory: 5675  grad_norm: 405.6394  loss: 100.4160  loss_cls: 38.4801  loss_bbox: 28.5225  loss_dfl: 33.4134
07/10 01:40:47 - mmengine - INFO - Epoch(train) [2][ 750/1039]  base_lr: 7.8701e-05 lr: 7.8701e-05  eta: 0:52:29  time: 0.4815  data_time: 0.0075  memory: 5728  grad_norm: 405.0478  loss: 98.8655  loss_cls: 37.6901  loss_bbox: 28.2260  loss_dfl: 32.9494
07/10 01:41:11 - mmengine - INFO - Epoch(train) [2][ 800/1039]  base_lr: 7.8106e-05 lr: 7.8106e-05  eta: 0:52:04  time: 0.4802  data_time: 0.0085  memory: 5521  grad_norm: 380.1530  loss: 97.5729  loss_cls: 37.2569  loss_bbox: 27.5499  loss_dfl: 32.7661
07/10 01:41:35 - mmengine - INFO - Epoch(train) [2][ 850/1039]  base_lr: 7.7510e-05 lr: 7.7510e-05  eta: 0:51:39  time: 0.4801  data_time: 0.0077  memory: 6215  grad_norm: 376.4273  loss: 97.8551  loss_cls: 37.2998  loss_bbox: 27.6812  loss_dfl: 32.8741
07/10 01:41:59 - mmengine - INFO - Epoch(train) [2][ 900/1039]  base_lr: 7.6915e-05 lr: 7.6915e-05  eta: 0:51:15  time: 0.4819  data_time: 0.0062  memory: 5675  grad_norm: 454.3753  loss: 97.0201  loss_cls: 36.8623  loss_bbox: 27.6012  loss_dfl: 32.5566
07/10 01:42:24 - mmengine - INFO - Epoch(train) [2][ 950/1039]  base_lr: 7.6319e-05 lr: 7.6319e-05  eta: 0:50:52  time: 0.4865  data_time: 0.0065  memory: 5935  grad_norm: 421.7279  loss: 98.2390  loss_cls: 37.4723  loss_bbox: 27.9266  loss_dfl: 32.8401
07/10 01:42:29 - mmengine - INFO - Exp name: wedetect_oraldetect_v11dt_s1_20260710_012600
07/10 01:42:48 - mmengine - INFO - Epoch(train) [2][1000/1039]  base_lr: 7.5723e-05 lr: 7.5723e-05  eta: 0:50:28  time: 0.4854  data_time: 0.0077  memory: 5888  grad_norm: 470.1763  loss: 96.9495  loss_cls: 36.8907  loss_bbox: 27.4639  loss_dfl: 32.5949
07/10 01:43:06 - mmengine - INFO - Exp name: wedetect_oraldetect_v11dt_s1_20260710_012600
07/10 01:43:06 - mmengine - INFO - Saving checkpoint at 2 epochs
07/10 01:43:14 - mmengine - INFO - Epoch(val) [2][  50/1131]    eta: 0:01:14  time: 0.0686  data_time: 0.0226  memory: 5881  
07/10 01:43:16 - mmengine - INFO - Epoch(val) [2][ 100/1131]    eta: 0:00:59  time: 0.0463  data_time: 0.0004  memory: 1210  
07/10 01:43:19 - mmengine - INFO - Epoch(val) [2][ 150/1131]    eta: 0:01:00  time: 0.0707  data_time: 0.0250  memory: 1210  
07/10 01:43:22 - mmengine - INFO - Epoch(val) [2][ 200/1131]    eta: 0:00:55  time: 0.0515  data_time: 0.0070  memory: 1210  
07/10 01:43:24 - mmengine - INFO - Epoch(val) [2][ 250/1131]    eta: 0:00:49  time: 0.0450  data_time: 0.0003  memory: 1210  
07/10 01:43:27 - mmengine - INFO - Epoch(val) [2][ 300/1131]    eta: 0:00:45  time: 0.0495  data_time: 0.0049  memory: 1210  
07/10 01:43:29 - mmengine - INFO - Epoch(val) [2][ 350/1131]    eta: 0:00:42  time: 0.0454  data_time: 0.0003  memory: 1210  
07/10 01:43:31 - mmengine - INFO - Epoch(val) [2][ 400/1131]    eta: 0:00:38  time: 0.0457  data_time: 0.0003  memory: 1210  
07/10 01:43:34 - mmengine - INFO - Epoch(val) [2][ 450/1131]    eta: 0:00:35  time: 0.0457  data_time: 0.0003  memory: 1210  
07/10 01:43:36 - mmengine - INFO - Epoch(val) [2][ 500/1131]    eta: 0:00:32  time: 0.0458  data_time: 0.0003  memory: 1210  
07/10 01:43:38 - mmengine - INFO - Epoch(val) [2][ 550/1131]    eta: 0:00:29  time: 0.0465  data_time: 0.0005  memory: 1210  
07/10 01:43:41 - mmengine - INFO - Epoch(val) [2][ 600/1131]    eta: 0:00:26  time: 0.0460  data_time: 0.0004  memory: 1210  
07/10 01:43:43 - mmengine - INFO - Epoch(val) [2][ 650/1131]    eta: 0:00:24  time: 0.0462  data_time: 0.0004  memory: 1210  
07/10 01:43:45 - mmengine - INFO - Epoch(val) [2][ 700/1131]    eta: 0:00:21  time: 0.0461  data_time: 0.0004  memory: 1210  
07/10 01:43:47 - mmengine - INFO - Epoch(val) [2][ 750/1131]    eta: 0:00:18  time: 0.0471  data_time: 0.0004  memory: 1210  
07/10 01:43:50 - mmengine - INFO - Epoch(val) [2][ 800/1131]    eta: 0:00:16  time: 0.0465  data_time: 0.0004  memory: 1210  
07/10 01:43:52 - mmengine - INFO - Epoch(val) [2][ 850/1131]    eta: 0:00:13  time: 0.0461  data_time: 0.0005  memory: 1210  
07/10 01:43:54 - mmengine - INFO - Epoch(val) [2][ 900/1131]    eta: 0:00:11  time: 0.0468  data_time: 0.0017  memory: 1210  
07/10 01:43:57 - mmengine - INFO - Epoch(val) [2][ 950/1131]    eta: 0:00:08  time: 0.0455  data_time: 0.0004  memory: 1210  
07/10 01:43:59 - mmengine - INFO - Epoch(val) [2][1000/1131]    eta: 0:00:06  time: 0.0519  data_time: 0.0003  memory: 1210  
07/10 01:44:02 - mmengine - INFO - Epoch(val) [2][1050/1131]    eta: 0:00:03  time: 0.0456  data_time: 0.0003  memory: 1210  
07/10 01:44:04 - mmengine - INFO - Epoch(val) [2][1100/1131]    eta: 0:00:01  time: 0.0452  data_time: 0.0003  memory: 1210  
07/10 01:44:17 - mmengine - INFO - Evaluating bbox...
Loading and preparing results...
DONE (t=2.76s)
creating index...
index created!
Running per image evaluation...
Evaluate annotation type *bbox*
DONE (t=45.02s).
Accumulating evaluation results...
DONE (t=15.23s).
 Average Precision  (AP) @[ IoU=0.50:0.95 | area=   all | maxDets=100 ] = 0.356
 Average Precision  (AP) @[ IoU=0.50      | area=   all | maxDets=1000 ] = 0.452
 Average Precision  (AP) @[ IoU=0.75      | area=   all | maxDets=1000 ] = 0.409
 Average Precision  (AP) @[ IoU=0.50:0.95 | area= small | maxDets=1000 ] = 0.264
 Average Precision  (AP) @[ IoU=0.50:0.95 | area=medium | maxDets=1000 ] = 0.326
 Average Precision  (AP) @[ IoU=0.50:0.95 | area= large | maxDets=1000 ] = 0.427
 Average Recall     (AR) @[ IoU=0.50:0.95 | area=   all | maxDets=100 ] = 0.710
 Average Recall     (AR) @[ IoU=0.50:0.95 | area=   all | maxDets=300 ] = 0.710
 Average Recall     (AR) @[ IoU=0.50:0.95 | area=   all | maxDets=1000 ] = 0.710
 Average Recall     (AR) @[ IoU=0.50:0.95 | area= small | maxDets=1000 ] = 0.566
 Average Recall     (AR) @[ IoU=0.50:0.95 | area=medium | maxDets=1000 ] = 0.674
 Average Recall     (AR) @[ IoU=0.50:0.95 | area= large | maxDets=1000 ] = 0.788
07/10 01:45:25 - mmengine - INFO - bbox_mAP_copypaste: 0.356 0.452 0.409 0.264 0.326 0.427
07/10 01:45:27 - mmengine - INFO - Epoch(val) [2][1131/1131]    coco/bbox_mAP: 0.3560  coco/bbox_mAP_50: 0.4520  coco/bbox_mAP_75: 0.4090  coco/bbox_mAP_s: 0.2640  coco/bbox_mAP_m: 0.3260  coco/bbox_mAP_l: 0.4270  data_time: 0.0030  time: 0.0487
07/10 01:45:30 - mmengine - INFO - The best checkpoint with 0.3560 coco/bbox_mAP at 2 epoch is saved to best_coco_bbox_mAP_epoch_2.pth.
07/10 01:45:58 - mmengine - INFO - Epoch(train) [3][  50/1039]  base_lr: 7.4663e-05 lr: 7.4663e-05  eta: 0:49:45  time: 0.4962  data_time: 0.0204  memory: 6015  grad_norm: 385.1923  loss: 96.6325  loss_cls: 36.4823  loss_bbox: 27.5586  loss_dfl: 32.5917
07/10 01:46:22 - mmengine - INFO - Epoch(train) [3][ 100/1039]  base_lr: 7.4068e-05 lr: 7.4068e-05  eta: 0:49:19  time: 0.4671  data_time: 0.0069  memory: 5742  grad_norm: 391.7951  loss: 96.3754  loss_cls: 36.2220  loss_bbox: 27.2653  loss_dfl: 32.8881
07/10 01:46:46 - mmengine - INFO - Epoch(train) [3][ 150/1039]  base_lr: 7.3472e-05 lr: 7.3472e-05  eta: 0:48:56  time: 0.4942  data_time: 0.0064  memory: 6048  grad_norm: 408.8474  loss: 95.2577  loss_cls: 35.7515  loss_bbox: 27.0332  loss_dfl: 32.4730
07/10 01:47:10 - mmengine - INFO - Epoch(train) [3][ 200/1039]  base_lr: 7.2877e-05 lr: 7.2877e-05  eta: 0:48:30  time: 0.4703  data_time: 0.0084  memory: 5635  grad_norm: 320.9142  loss: 94.3041  loss_cls: 35.4366  loss_bbox: 26.5933  loss_dfl: 32.2742
07/10 01:47:34 - mmengine - INFO - Epoch(train) [3][ 250/1039]  base_lr: 7.2281e-05 lr: 7.2281e-05  eta: 0:48:07  time: 0.4852  data_time: 0.0069  memory: 5522  grad_norm: 365.3133  loss: 95.8510  loss_cls: 35.7576  loss_bbox: 27.2534  loss_dfl: 32.8401
07/10 01:47:58 - mmengine - INFO - Epoch(train) [3][ 300/1039]  base_lr: 7.1685e-05 lr: 7.1685e-05  eta: 0:47:42  time: 0.4770  data_time: 0.0070  memory: 6035  grad_norm: 381.1120  loss: 95.1317  loss_cls: 35.5684  loss_bbox: 27.2120  loss_dfl: 32.3513
07/10 01:48:22 - mmengine - INFO - Epoch(train) [3][ 350/1039]  base_lr: 7.1090e-05 lr: 7.1090e-05  eta: 0:47:18  time: 0.4857  data_time: 0.0075  memory: 5822  grad_norm: 329.1331  loss: 94.9264  loss_cls: 35.3289  loss_bbox: 27.0534  loss_dfl: 32.5441
07/10 01:48:46 - mmengine - INFO - Epoch(train) [3][ 400/1039]  base_lr: 7.0494e-05 lr: 7.0494e-05  eta: 0:46:53  time: 0.4745  data_time: 0.0069  memory: 5588  grad_norm: 365.2846  loss: 95.2638  loss_cls: 35.3111  loss_bbox: 27.1382  loss_dfl: 32.8145
07/10 01:49:10 - mmengine - INFO - Epoch(train) [3][ 450/1039]  base_lr: 6.9899e-05 lr: 6.9899e-05  eta: 0:46:29  time: 0.4856  data_time: 0.0069  memory: 5455  grad_norm: 358.8128  loss: 94.4011  loss_cls: 35.2819  loss_bbox: 26.7449  loss_dfl: 32.3743
07/10 01:49:35 - mmengine - INFO - Epoch(train) [3][ 500/1039]  base_lr: 6.9303e-05 lr: 6.9303e-05  eta: 0:46:06  time: 0.4879  data_time: 0.0077  memory: 6202  grad_norm: 359.9587  loss: 95.1449  loss_cls: 35.3358  loss_bbox: 27.4258  loss_dfl: 32.3832
07/10 01:49:59 - mmengine - INFO - Epoch(train) [3][ 550/1039]  base_lr: 6.8707e-05 lr: 6.8707e-05  eta: 0:45:42  time: 0.4876  data_time: 0.0069  memory: 5915  grad_norm: 356.7176  loss: 93.0921  loss_cls: 34.4662  loss_bbox: 26.6121  loss_dfl: 32.0137
07/10 01:50:23 - mmengine - INFO - Epoch(train) [3][ 600/1039]  base_lr: 6.8112e-05 lr: 6.8112e-05  eta: 0:45:18  time: 0.4828  data_time: 0.0070  memory: 5722  grad_norm: 328.4632  loss: 93.3814  loss_cls: 34.5593  loss_bbox: 26.5513  loss_dfl: 32.2707
07/10 01:50:48 - mmengine - INFO - Epoch(train) [3][ 650/1039]  base_lr: 6.7516e-05 lr: 6.7516e-05  eta: 0:44:55  time: 0.4934  data_time: 0.0081  memory: 5635  grad_norm: 333.9810  loss: 92.5535  loss_cls: 34.3482  loss_bbox: 26.1582  loss_dfl: 32.0471
07/10 01:51:12 - mmengine - INFO - Epoch(train) [3][ 700/1039]  base_lr: 6.6921e-05 lr: 6.6921e-05  eta: 0:44:30  time: 0.4744  data_time: 0.0065  memory: 5688  grad_norm: 294.7978  loss: 95.0206  loss_cls: 35.2045  loss_bbox: 27.3497  loss_dfl: 32.4664
07/10 01:51:36 - mmengine - INFO - Epoch(train) [3][ 750/1039]  base_lr: 6.6325e-05 lr: 6.6325e-05  eta: 0:44:07  time: 0.4880  data_time: 0.0068  memory: 5922  grad_norm: 305.9456  loss: 92.3685  loss_cls: 34.0906  loss_bbox: 26.1735  loss_dfl: 32.1044
07/10 01:52:00 - mmengine - INFO - Epoch(train) [3][ 800/1039]  base_lr: 6.5729e-05 lr: 6.5729e-05  eta: 0:43:43  time: 0.4873  data_time: 0.0072  memory: 5835  grad_norm: 327.4031  loss: 92.6970  loss_cls: 34.2340  loss_bbox: 26.3657  loss_dfl: 32.0973
07/10 01:52:25 - mmengine - INFO - Epoch(train) [3][ 850/1039]  base_lr: 6.5134e-05 lr: 6.5134e-05  eta: 0:43:19  time: 0.4870  data_time: 0.0078  memory: 6075  grad_norm: 296.9849  loss: 92.9334  loss_cls: 34.2089  loss_bbox: 26.6672  loss_dfl: 32.0574
07/10 01:52:49 - mmengine - INFO - Epoch(train) [3][ 900/1039]  base_lr: 6.4538e-05 lr: 6.4538e-05  eta: 0:42:55  time: 0.4844  data_time: 0.0066  memory: 5768  grad_norm: 352.5178  loss: 93.0900  loss_cls: 34.2878  loss_bbox: 26.5604  loss_dfl: 32.2418
07/10 01:53:00 - mmengine - INFO - Exp name: wedetect_oraldetect_v11dt_s1_20260710_012600
07/10 01:53:13 - mmengine - INFO - Epoch(train) [3][ 950/1039]  base_lr: 6.3943e-05 lr: 6.3943e-05  eta: 0:42:31  time: 0.4809  data_time: 0.0064  memory: 5648  grad_norm: 305.2866  loss: 91.5288  loss_cls: 33.7932  loss_bbox: 25.9960  loss_dfl: 31.7396
07/10 01:53:37 - mmengine - INFO - Epoch(train) [3][1000/1039]  base_lr: 6.3347e-05 lr: 6.3347e-05  eta: 0:42:06  time: 0.4788  data_time: 0.0069  memory: 5615  grad_norm: 292.8643  loss: 92.2804  loss_cls: 33.7119  loss_bbox: 26.3296  loss_dfl: 32.2390
07/10 01:53:56 - mmengine - INFO - Exp name: wedetect_oraldetect_v11dt_s1_20260710_012600
07/10 01:53:56 - mmengine - INFO - Saving checkpoint at 3 epochs
07/10 01:54:24 - mmengine - INFO - Epoch(train) [4][  50/1039]  base_lr: 6.2287e-05 lr: 6.2287e-05  eta: 0:41:25  time: 0.5075  data_time: 0.0282  memory: 5795  grad_norm: 323.0600  loss: 91.8622  loss_cls: 33.5737  loss_bbox: 26.1144  loss_dfl: 32.1742
07/10 01:54:49 - mmengine - INFO - Epoch(train) [4][ 100/1039]  base_lr: 6.1691e-05 lr: 6.1691e-05  eta: 0:41:01  time: 0.4892  data_time: 0.0080  memory: 5708  grad_norm: 335.8205  loss: 92.6201  loss_cls: 34.0970  loss_bbox: 26.4167  loss_dfl: 32.1065
07/10 01:55:13 - mmengine - INFO - Epoch(train) [4][ 150/1039]  base_lr: 6.1096e-05 lr: 6.1096e-05  eta: 0:40:37  time: 0.4860  data_time: 0.0091  memory: 5475  grad_norm: 391.5459  loss: 91.0698  loss_cls: 33.3158  loss_bbox: 25.9186  loss_dfl: 31.8354
07/10 01:55:37 - mmengine - INFO - Epoch(train) [4][ 200/1039]  base_lr: 6.0500e-05 lr: 6.0500e-05  eta: 0:40:13  time: 0.4856  data_time: 0.0077  memory: 5455  grad_norm: 382.9812  loss: 91.8450  loss_cls: 34.1087  loss_bbox: 25.7045  loss_dfl: 32.0318
07/10 01:56:01 - mmengine - INFO - Epoch(train) [4][ 250/1039]  base_lr: 5.9904e-05 lr: 5.9904e-05  eta: 0:39:49  time: 0.4761  data_time: 0.0066  memory: 5715  grad_norm: 316.3240  loss: 92.5225  loss_cls: 33.5557  loss_bbox: 26.5224  loss_dfl: 32.4444
07/10 01:56:26 - mmengine - INFO - Epoch(train) [4][ 300/1039]  base_lr: 5.9309e-05 lr: 5.9309e-05  eta: 0:39:25  time: 0.4939  data_time: 0.0072  memory: 6261  grad_norm: 311.8353  loss: 93.1019  loss_cls: 34.0256  loss_bbox: 26.6124  loss_dfl: 32.4639
07/10 01:56:51 - mmengine - INFO - Epoch(train) [4][ 350/1039]  base_lr: 5.8713e-05 lr: 5.8713e-05  eta: 0:39:02  time: 0.4927  data_time: 0.0087  memory: 5822  grad_norm: 308.3132  loss: 92.5677  loss_cls: 33.6412  loss_bbox: 26.5765  loss_dfl: 32.3500
07/10 01:57:15 - mmengine - INFO - Epoch(train) [4][ 400/1039]  base_lr: 5.8118e-05 lr: 5.8118e-05  eta: 0:38:38  time: 0.4846  data_time: 0.0074  memory: 5708  grad_norm: 299.8807  loss: 92.2368  loss_cls: 33.5959  loss_bbox: 26.3889  loss_dfl: 32.2521
07/10 01:57:39 - mmengine - INFO - Epoch(train) [4][ 450/1039]  base_lr: 5.7522e-05 lr: 5.7522e-05  eta: 0:38:14  time: 0.4847  data_time: 0.0071  memory: 5935  grad_norm: 314.6368  loss: 92.5407  loss_cls: 33.4907  loss_bbox: 26.8193  loss_dfl: 32.2307
07/10 01:58:03 - mmengine - INFO - Epoch(train) [4][ 500/1039]  base_lr: 5.6926e-05 lr: 5.6926e-05  eta: 0:37:49  time: 0.4775  data_time: 0.0075  memory: 5988  grad_norm: 303.1131  loss: 91.1114  loss_cls: 33.3420  loss_bbox: 25.9344  loss_dfl: 31.8350
07/10 01:58:28 - mmengine - INFO - Epoch(train) [4][ 550/1039]  base_lr: 5.6331e-05 lr: 5.6331e-05  eta: 0:37:25  time: 0.4913  data_time: 0.0082  memory: 5622  grad_norm: 284.3388  loss: 90.9714  loss_cls: 33.0256  loss_bbox: 26.0433  loss_dfl: 31.9025
07/10 01:58:52 - mmengine - INFO - Epoch(train) [4][ 600/1039]  base_lr: 5.5735e-05 lr: 5.5735e-05  eta: 0:37:02  time: 0.4895  data_time: 0.0059  memory: 5935  grad_norm: 291.2935  loss: 91.6492  loss_cls: 33.1000  loss_bbox: 26.3546  loss_dfl: 32.1945
07/10 01:59:16 - mmengine - INFO - Epoch(train) [4][ 650/1039]  base_lr: 5.5140e-05 lr: 5.5140e-05  eta: 0:36:37  time: 0.4749  data_time: 0.0084  memory: 5622  grad_norm: 279.5515  loss: 91.8384  loss_cls: 33.1971  loss_bbox: 26.2915  loss_dfl: 32.3498
07/10 01:59:40 - mmengine - INFO - Epoch(train) [4][ 700/1039]  base_lr: 5.4544e-05 lr: 5.4544e-05  eta: 0:36:13  time: 0.4926  data_time: 0.0064  memory: 5548  grad_norm: 326.9359  loss: 92.2147  loss_cls: 33.4873  loss_bbox: 26.3892  loss_dfl: 32.3381
07/10 02:00:05 - mmengine - INFO - Epoch(train) [4][ 750/1039]  base_lr: 5.3949e-05 lr: 5.3949e-05  eta: 0:35:49  time: 0.4852  data_time: 0.0076  memory: 5909  grad_norm: 331.2739  loss: 90.3694  loss_cls: 33.1314  loss_bbox: 25.3061  loss_dfl: 31.9319
07/10 02:00:29 - mmengine - INFO - Epoch(train) [4][ 800/1039]  base_lr: 5.3353e-05 lr: 5.3353e-05  eta: 0:35:25  time: 0.4890  data_time: 0.0074  memory: 5822  grad_norm: 297.9402  loss: 92.0351  loss_cls: 33.3871  loss_bbox: 26.2586  loss_dfl: 32.3894
07/10 02:00:53 - mmengine - INFO - Epoch(train) [4][ 850/1039]  base_lr: 5.2757e-05 lr: 5.2757e-05  eta: 0:35:01  time: 0.4795  data_time: 0.0074  memory: 5542  grad_norm: 378.7874  loss: 89.4439  loss_cls: 32.6539  loss_bbox: 25.3049  loss_dfl: 31.4851
07/10 02:01:09 - mmengine - INFO - Exp name: wedetect_oraldetect_v11dt_s1_20260710_012600
07/10 02:01:17 - mmengine - INFO - Epoch(train) [4][ 900/1039]  base_lr: 5.2162e-05 lr: 5.2162e-05  eta: 0:34:37  time: 0.4869  data_time: 0.0071  memory: 5595  grad_norm: 264.9508  loss: 90.5713  loss_cls: 32.9805  loss_bbox: 25.6707  loss_dfl: 31.9201
07/10 02:01:42 - mmengine - INFO - Epoch(train) [4][ 950/1039]  base_lr: 5.1566e-05 lr: 5.1566e-05  eta: 0:34:13  time: 0.4826  data_time: 0.0082  memory: 5855  grad_norm: 334.4640  loss: 91.2056  loss_cls: 33.1488  loss_bbox: 26.0219  loss_dfl: 32.0349
07/10 02:02:06 - mmengine - INFO - Epoch(train) [4][1000/1039]  base_lr: 5.0971e-05 lr: 5.0971e-05  eta: 0:33:49  time: 0.4933  data_time: 0.0074  memory: 5728  grad_norm: 278.2639  loss: 90.6231  loss_cls: 32.7961  loss_bbox: 25.9468  loss_dfl: 31.8802
07/10 02:02:24 - mmengine - INFO - Exp name: wedetect_oraldetect_v11dt_s1_20260710_012600
07/10 02:02:24 - mmengine - INFO - Saving checkpoint at 4 epochs
07/10 02:02:32 - mmengine - INFO - Epoch(val) [4][  50/1131]    eta: 0:01:12  time: 0.0669  data_time: 0.0193  memory: 5902  
07/10 02:02:34 - mmengine - INFO - Epoch(val) [4][ 100/1131]    eta: 0:00:58  time: 0.0471  data_time: 0.0005  memory: 1210  
07/10 02:02:38 - mmengine - INFO - Epoch(val) [4][ 150/1131]    eta: 0:00:59  time: 0.0694  data_time: 0.0238  memory: 1210  
07/10 02:02:40 - mmengine - INFO - Epoch(val) [4][ 200/1131]    eta: 0:00:54  time: 0.0502  data_time: 0.0060  memory: 1210  
07/10 02:02:42 - mmengine - INFO - Epoch(val) [4][ 250/1131]    eta: 0:00:49  time: 0.0449  data_time: 0.0003  memory: 1210  
07/10 02:02:45 - mmengine - INFO - Epoch(val) [4][ 300/1131]    eta: 0:00:45  time: 0.0499  data_time: 0.0051  memory: 1210  
07/10 02:02:47 - mmengine - INFO - Epoch(val) [4][ 350/1131]    eta: 0:00:41  time: 0.0454  data_time: 0.0003  memory: 1210  
07/10 02:02:50 - mmengine - INFO - Epoch(val) [4][ 400/1131]    eta: 0:00:38  time: 0.0453  data_time: 0.0003  memory: 1210  
07/10 02:02:52 - mmengine - INFO - Epoch(val) [4][ 450/1131]    eta: 0:00:35  time: 0.0462  data_time: 0.0004  memory: 1210  
07/10 02:02:54 - mmengine - INFO - Epoch(val) [4][ 500/1131]    eta: 0:00:32  time: 0.0452  data_time: 0.0003  memory: 1210  
07/10 02:02:56 - mmengine - INFO - Epoch(val) [4][ 550/1131]    eta: 0:00:29  time: 0.0453  data_time: 0.0003  memory: 1210  
07/10 02:02:59 - mmengine - INFO - Epoch(val) [4][ 600/1131]    eta: 0:00:26  time: 0.0459  data_time: 0.0004  memory: 1210  
07/10 02:03:01 - mmengine - INFO - Epoch(val) [4][ 650/1131]    eta: 0:00:23  time: 0.0464  data_time: 0.0006  memory: 1210  
07/10 02:03:03 - mmengine - INFO - Epoch(val) [4][ 700/1131]    eta: 0:00:21  time: 0.0464  data_time: 0.0004  memory: 1210  
07/10 02:03:06 - mmengine - INFO - Epoch(val) [4][ 750/1131]    eta: 0:00:18  time: 0.0461  data_time: 0.0003  memory: 1210  
07/10 02:03:08 - mmengine - INFO - Epoch(val) [4][ 800/1131]    eta: 0:00:16  time: 0.0462  data_time: 0.0004  memory: 1210  
07/10 02:03:10 - mmengine - INFO - Epoch(val) [4][ 850/1131]    eta: 0:00:13  time: 0.0457  data_time: 0.0004  memory: 1210  
07/10 02:03:13 - mmengine - INFO - Epoch(val) [4][ 900/1131]    eta: 0:00:11  time: 0.0470  data_time: 0.0018  memory: 1210  
07/10 02:03:15 - mmengine - INFO - Epoch(val) [4][ 950/1131]    eta: 0:00:08  time: 0.0451  data_time: 0.0003  memory: 1210  
07/10 02:03:17 - mmengine - INFO - Epoch(val) [4][1000/1131]    eta: 0:00:06  time: 0.0451  data_time: 0.0003  memory: 1210  
07/10 02:03:19 - mmengine - INFO - Epoch(val) [4][1050/1131]    eta: 0:00:03  time: 0.0455  data_time: 0.0004  memory: 1210  
07/10 02:03:22 - mmengine - INFO - Epoch(val) [4][1100/1131]    eta: 0:00:01  time: 0.0452  data_time: 0.0003  memory: 1210  
07/10 02:03:34 - mmengine - INFO - Evaluating bbox...
Loading and preparing results...
DONE (t=2.59s)
creating index...
index created!
Running per image evaluation...
Evaluate annotation type *bbox*
DONE (t=44.92s).
Accumulating evaluation results...
DONE (t=14.36s).
 Average Precision  (AP) @[ IoU=0.50:0.95 | area=   all | maxDets=100 ] = 0.416
 Average Precision  (AP) @[ IoU=0.50      | area=   all | maxDets=1000 ] = 0.526
 Average Precision  (AP) @[ IoU=0.75      | area=   all | maxDets=1000 ] = 0.472
 Average Precision  (AP) @[ IoU=0.50:0.95 | area= small | maxDets=1000 ] = 0.317
 Average Precision  (AP) @[ IoU=0.50:0.95 | area=medium | maxDets=1000 ] = 0.382
 Average Precision  (AP) @[ IoU=0.50:0.95 | area= large | maxDets=1000 ] = 0.506
 Average Recall     (AR) @[ IoU=0.50:0.95 | area=   all | maxDets=100 ] = 0.728
 Average Recall     (AR) @[ IoU=0.50:0.95 | area=   all | maxDets=300 ] = 0.728
 Average Recall     (AR) @[ IoU=0.50:0.95 | area=   all | maxDets=1000 ] = 0.728
 Average Recall     (AR) @[ IoU=0.50:0.95 | area= small | maxDets=1000 ] = 0.609
 Average Recall     (AR) @[ IoU=0.50:0.95 | area=medium | maxDets=1000 ] = 0.678
 Average Recall     (AR) @[ IoU=0.50:0.95 | area= large | maxDets=1000 ] = 0.810
07/10 02:04:42 - mmengine - INFO - bbox_mAP_copypaste: 0.416 0.526 0.472 0.317 0.382 0.506
07/10 02:04:44 - mmengine - INFO - Epoch(val) [4][1131/1131]    coco/bbox_mAP: 0.4160  coco/bbox_mAP_50: 0.5260  coco/bbox_mAP_75: 0.4720  coco/bbox_mAP_s: 0.3170  coco/bbox_mAP_m: 0.3820  coco/bbox_mAP_l: 0.5060  data_time: 0.0028  time: 0.0481
07/10 02:04:44 - mmengine - INFO - The previous best checkpoint /home/siyuan/projects/LLMs/OralDetect-Family/WeDetect_repro/WeDetect/work_dirs/oraldetect_v11dt_s1/best_coco_bbox_mAP_epoch_2.pth is removed
07/10 02:04:47 - mmengine - INFO - The best checkpoint with 0.4160 coco/bbox_mAP at 4 epoch is saved to best_coco_bbox_mAP_epoch_4.pth.
07/10 02:05:14 - mmengine - INFO - Epoch(train) [5][  50/1039]  base_lr: 4.9910e-05 lr: 4.9910e-05  eta: 0:33:06  time: 0.4980  data_time: 0.0305  memory: 6089  grad_norm: 257.3272  loss: 90.6396  loss_cls: 32.6909  loss_bbox: 26.0650  loss_dfl: 31.8837
07/10 02:05:38 - mmengine - INFO - Epoch(train) [5][ 100/1039]  base_lr: 4.9315e-05 lr: 4.9315e-05  eta: 0:32:41  time: 0.4752  data_time: 0.0070  memory: 5909  grad_norm: 256.5300  loss: 89.7593  loss_cls: 32.6034  loss_bbox: 25.2625  loss_dfl: 31.8935
07/10 02:06:03 - mmengine - INFO - Epoch(train) [5][ 150/1039]  base_lr: 4.8719e-05 lr: 4.8719e-05  eta: 0:32:18  time: 0.4911  data_time: 0.0068  memory: 5715  grad_norm: 331.1292  loss: 89.8514  loss_cls: 32.4144  loss_bbox: 25.6973  loss_dfl: 31.7397
07/10 02:06:27 - mmengine - INFO - Epoch(train) [5][ 200/1039]  base_lr: 4.8124e-05 lr: 4.8124e-05  eta: 0:31:53  time: 0.4787  data_time: 0.0079  memory: 5822  grad_norm: 263.7436  loss: 90.6463  loss_cls: 32.7106  loss_bbox: 26.0155  loss_dfl: 31.9203
07/10 02:06:51 - mmengine - INFO - Epoch(train) [5][ 250/1039]  base_lr: 4.7528e-05 lr: 4.7528e-05  eta: 0:31:29  time: 0.4824  data_time: 0.0067  memory: 6022  grad_norm: 271.5337  loss: 89.7068  loss_cls: 32.4956  loss_bbox: 25.6812  loss_dfl: 31.5300
07/10 02:07:15 - mmengine - INFO - Epoch(train) [5][ 300/1039]  base_lr: 4.6932e-05 lr: 4.6932e-05  eta: 0:31:05  time: 0.4936  data_time: 0.0068  memory: 5608  grad_norm: 287.8530  loss: 88.6806  loss_cls: 31.9387  loss_bbox: 25.1296  loss_dfl: 31.6123
07/10 02:07:40 - mmengine - INFO - Epoch(train) [5][ 350/1039]  base_lr: 4.6337e-05 lr: 4.6337e-05  eta: 0:30:41  time: 0.4949  data_time: 0.0089  memory: 5568  grad_norm: 263.0175  loss: 89.3428  loss_cls: 32.2961  loss_bbox: 25.5229  loss_dfl: 31.5239
07/10 02:08:04 - mmengine - INFO - Epoch(train) [5][ 400/1039]  base_lr: 4.5741e-05 lr: 4.5741e-05  eta: 0:30:17  time: 0.4846  data_time: 0.0077  memory: 5862  grad_norm: 325.7258  loss: 88.8882  loss_cls: 32.0709  loss_bbox: 25.0566  loss_dfl: 31.7607
07/10 02:08:29 - mmengine - INFO - Epoch(train) [5][ 450/1039]  base_lr: 4.5146e-05 lr: 4.5146e-05  eta: 0:29:53  time: 0.4852  data_time: 0.0070  memory: 5708  grad_norm: 250.8477  loss: 88.9540  loss_cls: 32.0120  loss_bbox: 25.3077  loss_dfl: 31.6343
07/10 02:08:53 - mmengine - INFO - Epoch(train) [5][ 500/1039]  base_lr: 4.4550e-05 lr: 4.4550e-05  eta: 0:29:29  time: 0.4894  data_time: 0.0071  memory: 5682  grad_norm: 247.0159  loss: 89.0834  loss_cls: 31.9430  loss_bbox: 25.4594  loss_dfl: 31.6810
07/10 02:09:17 - mmengine - INFO - Epoch(train) [5][ 550/1039]  base_lr: 4.3954e-05 lr: 4.3954e-05  eta: 0:29:05  time: 0.4840  data_time: 0.0070  memory: 5762  grad_norm: 279.9699  loss: 89.9946  loss_cls: 32.4400  loss_bbox: 25.4357  loss_dfl: 32.1189
07/10 02:09:42 - mmengine - INFO - Epoch(train) [5][ 600/1039]  base_lr: 4.3359e-05 lr: 4.3359e-05  eta: 0:28:41  time: 0.4915  data_time: 0.0073  memory: 6489  grad_norm: 254.5820  loss: 89.9050  loss_cls: 32.3454  loss_bbox: 25.6954  loss_dfl: 31.8642
07/10 02:10:06 - mmengine - INFO - Epoch(train) [5][ 650/1039]  base_lr: 4.2763e-05 lr: 4.2763e-05  eta: 0:28:17  time: 0.4898  data_time: 0.0077  memory: 5522  grad_norm: 263.4903  loss: 89.7601  loss_cls: 32.2335  loss_bbox: 25.6566  loss_dfl: 31.8700
07/10 02:10:30 - mmengine - INFO - Epoch(train) [5][ 700/1039]  base_lr: 4.2168e-05 lr: 4.2168e-05  eta: 0:27:53  time: 0.4783  data_time: 0.0076  memory: 5935  grad_norm: 248.5024  loss: 89.2605  loss_cls: 32.2167  loss_bbox: 25.4194  loss_dfl: 31.6245
07/10 02:10:55 - mmengine - INFO - Epoch(train) [5][ 750/1039]  base_lr: 4.1572e-05 lr: 4.1572e-05  eta: 0:27:28  time: 0.4871  data_time: 0.0070  memory: 5782  grad_norm: 257.2966  loss: 90.5630  loss_cls: 32.4751  loss_bbox: 25.9012  loss_dfl: 32.1866
07/10 02:11:18 - mmengine - INFO - Epoch(train) [5][ 800/1039]  base_lr: 4.0976e-05 lr: 4.0976e-05  eta: 0:27:04  time: 0.4728  data_time: 0.0059  memory: 5935  grad_norm: 291.6315  loss: 89.5189  loss_cls: 32.2366  loss_bbox: 25.7315  loss_dfl: 31.5508
07/10 02:11:39 - mmengine - INFO - Exp name: wedetect_oraldetect_v11dt_s1_20260710_012600
07/10 02:11:42 - mmengine - INFO - Epoch(train) [5][ 850/1039]  base_lr: 4.0381e-05 lr: 4.0381e-05  eta: 0:26:39  time: 0.4647  data_time: 0.0084  memory: 5775  grad_norm: 270.9717  loss: 88.6098  loss_cls: 31.7970  loss_bbox: 25.3920  loss_dfl: 31.4208
07/10 02:12:06 - mmengine - INFO - Epoch(train) [5][ 900/1039]  base_lr: 3.9785e-05 lr: 3.9785e-05  eta: 0:26:15  time: 0.4863  data_time: 0.0079  memory: 5495  grad_norm: 263.4332  loss: 89.5276  loss_cls: 32.0365  loss_bbox: 25.7320  loss_dfl: 31.7591
07/10 02:12:29 - mmengine - INFO - Epoch(train) [5][ 950/1039]  base_lr: 3.9190e-05 lr: 3.9190e-05  eta: 0:25:50  time: 0.4706  data_time: 0.0069  memory: 5742  grad_norm: 266.4855  loss: 88.7299  loss_cls: 31.9108  loss_bbox: 25.1958  loss_dfl: 31.6232
07/10 02:12:53 - mmengine - INFO - Epoch(train) [5][1000/1039]  base_lr: 3.8594e-05 lr: 3.8594e-05  eta: 0:25:26  time: 0.4794  data_time: 0.0067  memory: 5728  grad_norm: 217.2254  loss: 88.4962  loss_cls: 31.8594  loss_bbox: 25.2561  loss_dfl: 31.3808
07/10 02:13:12 - mmengine - INFO - Exp name: wedetect_oraldetect_v11dt_s1_20260710_012600
07/10 02:13:12 - mmengine - INFO - Saving checkpoint at 5 epochs
07/10 02:13:40 - mmengine - INFO - Epoch(train) [6][  50/1039]  base_lr: 3.7534e-05 lr: 3.7534e-05  eta: 0:24:43  time: 0.4867  data_time: 0.0210  memory: 5862  grad_norm: 297.8234  loss: 89.4143  loss_cls: 31.9775  loss_bbox: 25.5081  loss_dfl: 31.9287
07/10 02:14:05 - mmengine - INFO - Epoch(train) [6][ 100/1039]  base_lr: 3.6938e-05 lr: 3.6938e-05  eta: 0:24:19  time: 0.4974  data_time: 0.0085  memory: 5882  grad_norm: 260.1927  loss: 87.0011  loss_cls: 31.0976  loss_bbox: 24.7920  loss_dfl: 31.1116
07/10 02:14:29 - mmengine - INFO - Epoch(train) [6][ 150/1039]  base_lr: 3.6343e-05 lr: 3.6343e-05  eta: 0:23:55  time: 0.4770  data_time: 0.0087  memory: 5735  grad_norm: 210.5349  loss: 88.5036  loss_cls: 31.5358  loss_bbox: 25.4956  loss_dfl: 31.4722
07/10 02:14:53 - mmengine - INFO - Epoch(train) [6][ 200/1039]  base_lr: 3.5747e-05 lr: 3.5747e-05  eta: 0:23:30  time: 0.4786  data_time: 0.0084  memory: 5788  grad_norm: 227.9525  loss: 89.3403  loss_cls: 31.9544  loss_bbox: 25.6411  loss_dfl: 31.7447
07/10 02:15:17 - mmengine - INFO - Epoch(train) [6][ 250/1039]  base_lr: 3.5151e-05 lr: 3.5151e-05  eta: 0:23:06  time: 0.4871  data_time: 0.0067  memory: 5757  grad_norm: 240.3782  loss: 88.2942  loss_cls: 31.5483  loss_bbox: 25.4050  loss_dfl: 31.3409
07/10 02:15:41 - mmengine - INFO - Epoch(train) [6][ 300/1039]  base_lr: 3.4556e-05 lr: 3.4556e-05  eta: 0:22:42  time: 0.4822  data_time: 0.0085  memory: 5935  grad_norm: 240.0466  loss: 89.5235  loss_cls: 31.9082  loss_bbox: 25.7273  loss_dfl: 31.8881
07/10 02:16:06 - mmengine - INFO - Epoch(train) [6][ 350/1039]  base_lr: 3.3960e-05 lr: 3.3960e-05  eta: 0:22:18  time: 0.4822  data_time: 0.0095  memory: 5508  grad_norm: 247.6758  loss: 88.7488  loss_cls: 31.7663  loss_bbox: 25.3540  loss_dfl: 31.6285
07/10 02:16:30 - mmengine - INFO - Epoch(train) [6][ 400/1039]  base_lr: 3.3365e-05 lr: 3.3365e-05  eta: 0:21:54  time: 0.4933  data_time: 0.0069  memory: 5695  grad_norm: 257.0673  loss: 89.8525  loss_cls: 31.9895  loss_bbox: 25.7830  loss_dfl: 32.0800
07/10 02:16:55 - mmengine - INFO - Epoch(train) [6][ 450/1039]  base_lr: 3.2769e-05 lr: 3.2769e-05  eta: 0:21:30  time: 0.4875  data_time: 0.0079  memory: 5795  grad_norm: 243.7159  loss: 89.3538  loss_cls: 31.9934  loss_bbox: 25.5440  loss_dfl: 31.8164
07/10 02:17:19 - mmengine - INFO - Epoch(train) [6][ 500/1039]  base_lr: 3.2174e-05 lr: 3.2174e-05  eta: 0:21:06  time: 0.4900  data_time: 0.0091  memory: 5928  grad_norm: 235.6082  loss: 88.9985  loss_cls: 31.6399  loss_bbox: 25.4698  loss_dfl: 31.8887
07/10 02:17:43 - mmengine - INFO - Epoch(train) [6][ 550/1039]  base_lr: 3.1578e-05 lr: 3.1578e-05  eta: 0:20:41  time: 0.4833  data_time: 0.0074  memory: 5902  grad_norm: 234.6154  loss: 88.5619  loss_cls: 31.3298  loss_bbox: 25.3256  loss_dfl: 31.9065
07/10 02:18:07 - mmengine - INFO - Epoch(train) [6][ 600/1039]  base_lr: 3.0982e-05 lr: 3.0982e-05  eta: 0:20:17  time: 0.4809  data_time: 0.0092  memory: 6108  grad_norm: 236.5343  loss: 88.9999  loss_cls: 31.7678  loss_bbox: 25.6093  loss_dfl: 31.6228
07/10 02:18:32 - mmengine - INFO - Epoch(train) [6][ 650/1039]  base_lr: 3.0387e-05 lr: 3.0387e-05  eta: 0:19:53  time: 0.4901  data_time: 0.0099  memory: 5775  grad_norm: 247.9643  loss: 87.3064  loss_cls: 31.1989  loss_bbox: 24.6347  loss_dfl: 31.4728
07/10 02:18:56 - mmengine - INFO - Epoch(train) [6][ 700/1039]  base_lr: 2.9791e-05 lr: 2.9791e-05  eta: 0:19:29  time: 0.4825  data_time: 0.0075  memory: 6108  grad_norm: 245.0146  loss: 86.5445  loss_cls: 30.5296  loss_bbox: 24.8149  loss_dfl: 31.2001
07/10 02:19:20 - mmengine - INFO - Epoch(train) [6][ 750/1039]  base_lr: 2.9196e-05 lr: 2.9196e-05  eta: 0:19:05  time: 0.4806  data_time: 0.0078  memory: 5775  grad_norm: 218.3713  loss: 87.5631  loss_cls: 30.9855  loss_bbox: 25.0693  loss_dfl: 31.5083
07/10 02:19:45 - mmengine - INFO - Epoch(train) [6][ 800/1039]  base_lr: 2.8600e-05 lr: 2.8600e-05  eta: 0:18:41  time: 0.4924  data_time: 0.0088  memory: 5635  grad_norm: 231.8118  loss: 87.0693  loss_cls: 31.0538  loss_bbox: 24.7258  loss_dfl: 31.2897
07/10 02:19:47 - mmengine - INFO - Exp name: wedetect_oraldetect_v11dt_s1_20260710_012600
07/10 02:20:09 - mmengine - INFO - Epoch(train) [6][ 850/1039]  base_lr: 2.8004e-05 lr: 2.8004e-05  eta: 0:18:16  time: 0.4820  data_time: 0.0072  memory: 5628  grad_norm: 257.9204  loss: 87.6964  loss_cls: 30.6964  loss_bbox: 25.4497  loss_dfl: 31.5503
07/10 02:20:33 - mmengine - INFO - Epoch(train) [6][ 900/1039]  base_lr: 2.7409e-05 lr: 2.7409e-05  eta: 0:17:52  time: 0.4865  data_time: 0.0071  memory: 5602  grad_norm: 262.1467  loss: 89.0483  loss_cls: 31.3097  loss_bbox: 25.7072  loss_dfl: 32.0314
07/10 02:20:56 - mmengine - INFO - Epoch(train) [6][ 950/1039]  base_lr: 2.6813e-05 lr: 2.6813e-05  eta: 0:17:28  time: 0.4644  data_time: 0.0070  memory: 5775  grad_norm: 227.6287  loss: 87.8155  loss_cls: 31.1338  loss_bbox: 24.8822  loss_dfl: 31.7995
07/10 02:21:20 - mmengine - INFO - Epoch(train) [6][1000/1039]  base_lr: 2.6218e-05 lr: 2.6218e-05  eta: 0:17:03  time: 0.4769  data_time: 0.0082  memory: 5788  grad_norm: 260.3137  loss: 88.7148  loss_cls: 30.9747  loss_bbox: 25.6829  loss_dfl: 32.0571
07/10 02:21:38 - mmengine - INFO - Exp name: wedetect_oraldetect_v11dt_s1_20260710_012600
07/10 02:21:38 - mmengine - INFO - Saving checkpoint at 6 epochs
07/10 02:21:45 - mmengine - INFO - Epoch(val) [6][  50/1131]    eta: 0:01:07  time: 0.0621  data_time: 0.0175  memory: 5888  
07/10 02:21:47 - mmengine - INFO - Epoch(val) [6][ 100/1131]    eta: 0:00:55  time: 0.0451  data_time: 0.0004  memory: 1210  
07/10 02:21:50 - mmengine - INFO - Epoch(val) [6][ 150/1131]    eta: 0:00:57  time: 0.0692  data_time: 0.0172  memory: 1210  
07/10 02:21:53 - mmengine - INFO - Epoch(val) [6][ 200/1131]    eta: 0:00:53  time: 0.0519  data_time: 0.0074  memory: 1210  
07/10 02:21:55 - mmengine - INFO - Epoch(val) [6][ 250/1131]    eta: 0:00:48  time: 0.0449  data_time: 0.0003  memory: 1210  
07/10 02:21:58 - mmengine - INFO - Epoch(val) [6][ 300/1131]    eta: 0:00:44  time: 0.0491  data_time: 0.0046  memory: 1210  
07/10 02:22:00 - mmengine - INFO - Epoch(val) [6][ 350/1131]    eta: 0:00:40  time: 0.0452  data_time: 0.0003  memory: 1210  
07/10 02:22:02 - mmengine - INFO - Epoch(val) [6][ 400/1131]    eta: 0:00:37  time: 0.0453  data_time: 0.0003  memory: 1210  
07/10 02:22:04 - mmengine - INFO - Epoch(val) [6][ 450/1131]    eta: 0:00:34  time: 0.0454  data_time: 0.0003  memory: 1210  
07/10 02:22:07 - mmengine - INFO - Epoch(val) [6][ 500/1131]    eta: 0:00:31  time: 0.0457  data_time: 0.0003  memory: 1210  
07/10 02:22:09 - mmengine - INFO - Epoch(val) [6][ 550/1131]    eta: 0:00:29  time: 0.0456  data_time: 0.0004  memory: 1210  
07/10 02:22:11 - mmengine - INFO - Epoch(val) [6][ 600/1131]    eta: 0:00:26  time: 0.0453  data_time: 0.0003  memory: 1210  
07/10 02:22:14 - mmengine - INFO - Epoch(val) [6][ 650/1131]    eta: 0:00:23  time: 0.0452  data_time: 0.0003  memory: 1210  
07/10 02:22:16 - mmengine - INFO - Epoch(val) [6][ 700/1131]    eta: 0:00:21  time: 0.0454  data_time: 0.0003  memory: 1210  
07/10 02:22:18 - mmengine - INFO - Epoch(val) [6][ 750/1131]    eta: 0:00:18  time: 0.0458  data_time: 0.0003  memory: 1210  
07/10 02:22:20 - mmengine - INFO - Epoch(val) [6][ 800/1131]    eta: 0:00:16  time: 0.0456  data_time: 0.0003  memory: 1210  
07/10 02:22:23 - mmengine - INFO - Epoch(val) [6][ 850/1131]    eta: 0:00:13  time: 0.0452  data_time: 0.0003  memory: 1210  
07/10 02:22:25 - mmengine - INFO - Epoch(val) [6][ 900/1131]    eta: 0:00:11  time: 0.0466  data_time: 0.0017  memory: 1210  
07/10 02:22:27 - mmengine - INFO - Epoch(val) [6][ 950/1131]    eta: 0:00:08  time: 0.0450  data_time: 0.0003  memory: 1210  
07/10 02:22:30 - mmengine - INFO - Epoch(val) [6][1000/1131]    eta: 0:00:06  time: 0.0452  data_time: 0.0003  memory: 1210  
07/10 02:22:32 - mmengine - INFO - Epoch(val) [6][1050/1131]    eta: 0:00:03  time: 0.0450  data_time: 0.0003  memory: 1210  
07/10 02:22:34 - mmengine - INFO - Epoch(val) [6][1100/1131]    eta: 0:00:01  time: 0.0451  data_time: 0.0003  memory: 1210  
07/10 02:22:46 - mmengine - INFO - Evaluating bbox...
Loading and preparing results...
DONE (t=2.58s)
creating index...
index created!
Running per image evaluation...
Evaluate annotation type *bbox*
DONE (t=45.45s).
Accumulating evaluation results...
DONE (t=14.15s).
 Average Precision  (AP) @[ IoU=0.50:0.95 | area=   all | maxDets=100 ] = 0.479
 Average Precision  (AP) @[ IoU=0.50      | area=   all | maxDets=1000 ] = 0.599
 Average Precision  (AP) @[ IoU=0.75      | area=   all | maxDets=1000 ] = 0.544
 Average Precision  (AP) @[ IoU=0.50:0.95 | area= small | maxDets=1000 ] = 0.353
 Average Precision  (AP) @[ IoU=0.50:0.95 | area=medium | maxDets=1000 ] = 0.435
 Average Precision  (AP) @[ IoU=0.50:0.95 | area= large | maxDets=1000 ] = 0.585
 Average Recall     (AR) @[ IoU=0.50:0.95 | area=   all | maxDets=100 ] = 0.736
 Average Recall     (AR) @[ IoU=0.50:0.95 | area=   all | maxDets=300 ] = 0.736
 Average Recall     (AR) @[ IoU=0.50:0.95 | area=   all | maxDets=1000 ] = 0.736
 Average Recall     (AR) @[ IoU=0.50:0.95 | area= small | maxDets=1000 ] = 0.608
 Average Recall     (AR) @[ IoU=0.50:0.95 | area=medium | maxDets=1000 ] = 0.690
 Average Recall     (AR) @[ IoU=0.50:0.95 | area= large | maxDets=1000 ] = 0.816
07/10 02:23:53 - mmengine - INFO - bbox_mAP_copypaste: 0.479 0.599 0.544 0.353 0.435 0.585
07/10 02:23:55 - mmengine - INFO - Epoch(val) [6][1131/1131]    coco/bbox_mAP: 0.4790  coco/bbox_mAP_50: 0.5990  coco/bbox_mAP_75: 0.5440  coco/bbox_mAP_s: 0.3530  coco/bbox_mAP_m: 0.4350  coco/bbox_mAP_l: 0.5850  data_time: 0.0024  time: 0.0476
07/10 02:23:55 - mmengine - INFO - The previous best checkpoint /home/siyuan/projects/LLMs/OralDetect-Family/WeDetect_repro/WeDetect/work_dirs/oraldetect_v11dt_s1/best_coco_bbox_mAP_epoch_4.pth is removed
07/10 02:23:58 - mmengine - INFO - The best checkpoint with 0.4790 coco/bbox_mAP at 6 epoch is saved to best_coco_bbox_mAP_epoch_6.pth.
07/10 02:24:25 - mmengine - INFO - Epoch(train) [7][  50/1039]  base_lr: 2.5157e-05 lr: 2.5157e-05  eta: 0:16:20  time: 0.4756  data_time: 0.0193  memory: 5915  grad_norm: 230.4351  loss: 86.2957  loss_cls: 30.5996  loss_bbox: 24.5270  loss_dfl: 31.1690
07/10 02:24:48 - mmengine - INFO - Epoch(train) [7][ 100/1039]  base_lr: 2.4562e-05 lr: 2.4562e-05  eta: 0:15:55  time: 0.4587  data_time: 0.0078  memory: 5968  grad_norm: 226.2271  loss: 86.5435  loss_cls: 30.3362  loss_bbox: 24.7879  loss_dfl: 31.4194
07/10 02:25:10 - mmengine - INFO - Epoch(train) [7][ 150/1039]  base_lr: 2.3966e-05 lr: 2.3966e-05  eta: 0:15:31  time: 0.4588  data_time: 0.0082  memory: 5582  grad_norm: 221.4628  loss: 86.2219  loss_cls: 30.4238  loss_bbox: 24.7622  loss_dfl: 31.0358
07/10 02:25:34 - mmengine - INFO - Epoch(train) [7][ 200/1039]  base_lr: 2.3371e-05 lr: 2.3371e-05  eta: 0:15:06  time: 0.4676  data_time: 0.0076  memory: 5628  grad_norm: 247.1667  loss: 88.0906  loss_cls: 30.8332  loss_bbox: 25.6405  loss_dfl: 31.6168
07/10 02:25:57 - mmengine - INFO - Epoch(train) [7][ 250/1039]  base_lr: 2.2775e-05 lr: 2.2775e-05  eta: 0:14:42  time: 0.4585  data_time: 0.0084  memory: 5675  grad_norm: 247.6213  loss: 85.7048  loss_cls: 29.6387  loss_bbox: 24.7422  loss_dfl: 31.3239
07/10 02:26:20 - mmengine - INFO - Epoch(train) [7][ 300/1039]  base_lr: 2.2179e-05 lr: 2.2179e-05  eta: 0:14:18  time: 0.4612  data_time: 0.0078  memory: 5888  grad_norm: 233.6862  loss: 85.9124  loss_cls: 30.0487  loss_bbox: 24.5825  loss_dfl: 31.2811
07/10 02:26:43 - mmengine - INFO - Epoch(train) [7][ 350/1039]  base_lr: 2.1584e-05 lr: 2.1584e-05  eta: 0:13:53  time: 0.4686  data_time: 0.0085  memory: 5642  grad_norm: 227.7578  loss: 87.3422  loss_cls: 30.7089  loss_bbox: 25.2552  loss_dfl: 31.3781
07/10 02:27:07 - mmengine - INFO - Epoch(train) [7][ 400/1039]  base_lr: 2.0988e-05 lr: 2.0988e-05  eta: 0:13:29  time: 0.4650  data_time: 0.0070  memory: 5622  grad_norm: 219.5711  loss: 85.9415  loss_cls: 29.9163  loss_bbox: 24.5718  loss_dfl: 31.4534
07/10 02:27:30 - mmengine - INFO - Epoch(train) [7][ 450/1039]  base_lr: 2.0393e-05 lr: 2.0393e-05  eta: 0:13:05  time: 0.4665  data_time: 0.0071  memory: 5608  grad_norm: 221.4342  loss: 85.9759  loss_cls: 29.8625  loss_bbox: 24.7428  loss_dfl: 31.3706
07/10 02:27:54 - mmengine - INFO - Epoch(train) [7][ 500/1039]  base_lr: 1.9797e-05 lr: 1.9797e-05  eta: 0:12:40  time: 0.4779  data_time: 0.0094  memory: 5888  grad_norm: 241.6287  loss: 86.1050  loss_cls: 30.0452  loss_bbox: 24.7588  loss_dfl: 31.3010
07/10 02:28:17 - mmengine - INFO - Epoch(train) [7][ 550/1039]  base_lr: 1.9201e-05 lr: 1.9201e-05  eta: 0:12:16  time: 0.4619  data_time: 0.0075  memory: 5648  grad_norm: 246.8152  loss: 87.3281  loss_cls: 30.3351  loss_bbox: 25.3099  loss_dfl: 31.6830
07/10 02:28:40 - mmengine - INFO - Epoch(train) [7][ 600/1039]  base_lr: 1.8606e-05 lr: 1.8606e-05  eta: 0:11:52  time: 0.4717  data_time: 0.0097  memory: 5888  grad_norm: 290.2627  loss: 87.3889  loss_cls: 30.6281  loss_bbox: 25.2467  loss_dfl: 31.5140
07/10 02:29:04 - mmengine - INFO - Epoch(train) [7][ 650/1039]  base_lr: 1.8010e-05 lr: 1.8010e-05  eta: 0:11:28  time: 0.4697  data_time: 0.0093  memory: 6115  grad_norm: 245.8196  loss: 86.0791  loss_cls: 29.9555  loss_bbox: 24.7470  loss_dfl: 31.3766
07/10 02:29:28 - mmengine - INFO - Epoch(train) [7][ 700/1039]  base_lr: 1.7415e-05 lr: 1.7415e-05  eta: 0:11:03  time: 0.4723  data_time: 0.0061  memory: 5922  grad_norm: 236.1483  loss: 86.6442  loss_cls: 30.0336  loss_bbox: 25.1822  loss_dfl: 31.4285
07/10 02:29:50 - mmengine - INFO - Epoch(train) [7][ 750/1039]  base_lr: 1.6819e-05 lr: 1.6819e-05  eta: 0:10:39  time: 0.4570  data_time: 0.0080  memory: 5728  grad_norm: 220.4470  loss: 85.7343  loss_cls: 29.8328  loss_bbox: 24.7693  loss_dfl: 31.1322
07/10 02:29:58 - mmengine - INFO - Exp name: wedetect_oraldetect_v11dt_s1_20260710_012600
07/10 02:30:14 - mmengine - INFO - Epoch(train) [7][ 800/1039]  base_lr: 1.6223e-05 lr: 1.6223e-05  eta: 0:10:15  time: 0.4699  data_time: 0.0074  memory: 5768  grad_norm: 219.8721  loss: 86.9861  loss_cls: 30.2898  loss_bbox: 25.0075  loss_dfl: 31.6888
07/10 02:30:38 - mmengine - INFO - Epoch(train) [7][ 850/1039]  base_lr: 1.5628e-05 lr: 1.5628e-05  eta: 0:09:51  time: 0.4734  data_time: 0.0077  memory: 5795  grad_norm: 224.1704  loss: 86.6200  loss_cls: 29.7693  loss_bbox: 25.1275  loss_dfl: 31.7231
07/10 02:31:01 - mmengine - INFO - Epoch(train) [7][ 900/1039]  base_lr: 1.5032e-05 lr: 1.5032e-05  eta: 0:09:27  time: 0.4722  data_time: 0.0094  memory: 5695  grad_norm: 220.2105  loss: 86.2646  loss_cls: 29.4765  loss_bbox: 25.2863  loss_dfl: 31.5018
07/10 02:31:25 - mmengine - INFO - Epoch(train) [7][ 950/1039]  base_lr: 1.4437e-05 lr: 1.4437e-05  eta: 0:09:02  time: 0.4675  data_time: 0.0086  memory: 5635  grad_norm: 234.8955  loss: 86.2602  loss_cls: 29.8304  loss_bbox: 24.9013  loss_dfl: 31.5285
07/10 02:31:48 - mmengine - INFO - Epoch(train) [7][1000/1039]  base_lr: 1.3841e-05 lr: 1.3841e-05  eta: 0:08:38  time: 0.4731  data_time: 0.0074  memory: 6175  grad_norm: 226.6817  loss: 83.9291  loss_cls: 28.8965  loss_bbox: 23.9842  loss_dfl: 31.0484
07/10 02:32:06 - mmengine - INFO - Exp name: wedetect_oraldetect_v11dt_s1_20260710_012600
07/10 02:32:06 - mmengine - INFO - Saving checkpoint at 7 epochs
07/10 02:32:13 - mmengine - INFO - Epoch(val) [7][  50/1131]    eta: 0:01:06  time: 0.0616  data_time: 0.0171  memory: 5875  
07/10 02:32:15 - mmengine - INFO - Epoch(val) [7][ 100/1131]    eta: 0:00:55  time: 0.0455  data_time: 0.0003  memory: 1210  
07/10 02:32:18 - mmengine - INFO - Epoch(val) [7][ 150/1131]    eta: 0:00:57  time: 0.0676  data_time: 0.0227  memory: 1210  
07/10 02:32:21 - mmengine - INFO - Epoch(val) [7][ 200/1131]    eta: 0:00:52  time: 0.0505  data_time: 0.0059  memory: 1210  
07/10 02:32:23 - mmengine - INFO - Epoch(val) [7][ 250/1131]    eta: 0:00:47  time: 0.0451  data_time: 0.0003  memory: 1210  
07/10 02:32:26 - mmengine - INFO - Epoch(val) [7][ 300/1131]    eta: 0:00:44  time: 0.0492  data_time: 0.0046  memory: 1210  
07/10 02:32:28 - mmengine - INFO - Epoch(val) [7][ 350/1131]    eta: 0:00:40  time: 0.0453  data_time: 0.0003  memory: 1210  
07/10 02:32:30 - mmengine - INFO - Epoch(val) [7][ 400/1131]    eta: 0:00:37  time: 0.0454  data_time: 0.0003  memory: 1210  
07/10 02:32:33 - mmengine - INFO - Epoch(val) [7][ 450/1131]    eta: 0:00:34  time: 0.0455  data_time: 0.0003  memory: 1210  
07/10 02:32:35 - mmengine - INFO - Epoch(val) [7][ 500/1131]    eta: 0:00:31  time: 0.0454  data_time: 0.0003  memory: 1210  
07/10 02:32:37 - mmengine - INFO - Epoch(val) [7][ 550/1131]    eta: 0:00:28  time: 0.0455  data_time: 0.0003  memory: 1210  
07/10 02:32:39 - mmengine - INFO - Epoch(val) [7][ 600/1131]    eta: 0:00:26  time: 0.0452  data_time: 0.0003  memory: 1210  
07/10 02:32:42 - mmengine - INFO - Epoch(val) [7][ 650/1131]    eta: 0:00:23  time: 0.0454  data_time: 0.0003  memory: 1210  
07/10 02:32:44 - mmengine - INFO - Epoch(val) [7][ 700/1131]    eta: 0:00:21  time: 0.0456  data_time: 0.0005  memory: 1210  
07/10 02:32:46 - mmengine - INFO - Epoch(val) [7][ 750/1131]    eta: 0:00:18  time: 0.0459  data_time: 0.0003  memory: 1210  
07/10 02:32:49 - mmengine - INFO - Epoch(val) [7][ 800/1131]    eta: 0:00:16  time: 0.0456  data_time: 0.0003  memory: 1210  
07/10 02:32:51 - mmengine - INFO - Epoch(val) [7][ 850/1131]    eta: 0:00:13  time: 0.0452  data_time: 0.0003  memory: 1210  
07/10 02:32:53 - mmengine - INFO - Epoch(val) [7][ 900/1131]    eta: 0:00:11  time: 0.0463  data_time: 0.0014  memory: 1210  
07/10 02:32:55 - mmengine - INFO - Epoch(val) [7][ 950/1131]    eta: 0:00:08  time: 0.0452  data_time: 0.0003  memory: 1210  
07/10 02:32:58 - mmengine - INFO - Epoch(val) [7][1000/1131]    eta: 0:00:06  time: 0.0452  data_time: 0.0003  memory: 1210  
07/10 02:33:00 - mmengine - INFO - Epoch(val) [7][1050/1131]    eta: 0:00:03  time: 0.0452  data_time: 0.0003  memory: 1210  
07/10 02:33:02 - mmengine - INFO - Epoch(val) [7][1100/1131]    eta: 0:00:01  time: 0.0451  data_time: 0.0003  memory: 1210  
07/10 02:33:15 - mmengine - INFO - Evaluating bbox...
Loading and preparing results...
DONE (t=2.57s)
creating index...
index created!
Running per image evaluation...
Evaluate annotation type *bbox*
DONE (t=44.52s).
Accumulating evaluation results...
DONE (t=14.12s).
 Average Precision  (AP) @[ IoU=0.50:0.95 | area=   all | maxDets=100 ] = 0.502
 Average Precision  (AP) @[ IoU=0.50      | area=   all | maxDets=1000 ] = 0.622
 Average Precision  (AP) @[ IoU=0.75      | area=   all | maxDets=1000 ] = 0.568
 Average Precision  (AP) @[ IoU=0.50:0.95 | area= small | maxDets=1000 ] = 0.365
 Average Precision  (AP) @[ IoU=0.50:0.95 | area=medium | maxDets=1000 ] = 0.457
 Average Precision  (AP) @[ IoU=0.50:0.95 | area= large | maxDets=1000 ] = 0.606
 Average Recall     (AR) @[ IoU=0.50:0.95 | area=   all | maxDets=100 ] = 0.738
 Average Recall     (AR) @[ IoU=0.50:0.95 | area=   all | maxDets=300 ] = 0.738
 Average Recall     (AR) @[ IoU=0.50:0.95 | area=   all | maxDets=1000 ] = 0.738
 Average Recall     (AR) @[ IoU=0.50:0.95 | area= small | maxDets=1000 ] = 0.605
 Average Recall     (AR) @[ IoU=0.50:0.95 | area=medium | maxDets=1000 ] = 0.696
 Average Recall     (AR) @[ IoU=0.50:0.95 | area= large | maxDets=1000 ] = 0.819
07/10 02:34:20 - mmengine - INFO - bbox_mAP_copypaste: 0.502 0.622 0.568 0.365 0.457 0.606
07/10 02:34:22 - mmengine - INFO - Epoch(val) [7][1131/1131]    coco/bbox_mAP: 0.5020  coco/bbox_mAP_50: 0.6220  coco/bbox_mAP_75: 0.5680  coco/bbox_mAP_s: 0.3650  coco/bbox_mAP_m: 0.4570  coco/bbox_mAP_l: 0.6060  data_time: 0.0025  time: 0.0475
07/10 02:34:22 - mmengine - INFO - The previous best checkpoint /home/siyuan/projects/LLMs/OralDetect-Family/WeDetect_repro/WeDetect/work_dirs/oraldetect_v11dt_s1/best_coco_bbox_mAP_epoch_6.pth is removed
07/10 02:34:25 - mmengine - INFO - The best checkpoint with 0.5020 coco/bbox_mAP at 7 epoch is saved to best_coco_bbox_mAP_epoch_7.pth.
07/10 02:34:53 - mmengine - INFO - Epoch(train) [8][  50/1039]  base_lr: 1.2781e-05 lr: 1.2781e-05  eta: 0:07:55  time: 0.4941  data_time: 0.0348  memory: 5715  grad_norm: 219.6008  loss: 86.1738  loss_cls: 29.9530  loss_bbox: 24.8876  loss_dfl: 31.3332
07/10 02:35:16 - mmengine - INFO - Epoch(train) [8][ 100/1039]  base_lr: 1.2185e-05 lr: 1.2185e-05  eta: 0:07:31  time: 0.4638  data_time: 0.0081  memory: 5775  grad_norm: 229.2883  loss: 86.8774  loss_cls: 29.9193  loss_bbox: 25.4153  loss_dfl: 31.5428
07/10 02:35:40 - mmengine - INFO - Epoch(train) [8][ 150/1039]  base_lr: 1.1590e-05 lr: 1.1590e-05  eta: 0:07:07  time: 0.4700  data_time: 0.0066  memory: 5595  grad_norm: 215.7337  loss: 85.4021  loss_cls: 29.3985  loss_bbox: 24.5001  loss_dfl: 31.5034
07/10 02:36:03 - mmengine - INFO - Epoch(train) [8][ 200/1039]  base_lr: 1.0994e-05 lr: 1.0994e-05  eta: 0:06:43  time: 0.4631  data_time: 0.0075  memory: 5648  grad_norm: 247.5536  loss: 86.7940  loss_cls: 30.0027  loss_bbox: 25.2498  loss_dfl: 31.5415
07/10 02:36:26 - mmengine - INFO - Epoch(train) [8][ 250/1039]  base_lr: 1.0399e-05 lr: 1.0399e-05  eta: 0:06:19  time: 0.4754  data_time: 0.0070  memory: 5668  grad_norm: 213.8597  loss: 83.2190  loss_cls: 29.0044  loss_bbox: 23.6158  loss_dfl: 30.5988
07/10 02:36:50 - mmengine - INFO - Epoch(train) [8][ 300/1039]  base_lr: 9.8029e-06 lr: 9.8029e-06  eta: 0:05:55  time: 0.4704  data_time: 0.0080  memory: 5548  grad_norm: 219.3430  loss: 84.8121  loss_cls: 28.8741  loss_bbox: 24.5742  loss_dfl: 31.3638
07/10 02:37:13 - mmengine - INFO - Epoch(train) [8][ 350/1039]  base_lr: 9.2073e-06 lr: 9.2073e-06  eta: 0:05:31  time: 0.4692  data_time: 0.0070  memory: 5468  grad_norm: 228.3552  loss: 85.9571  loss_cls: 29.3469  loss_bbox: 24.9876  loss_dfl: 31.6225
07/10 02:37:37 - mmengine - INFO - Epoch(train) [8][ 400/1039]  base_lr: 8.6117e-06 lr: 8.6117e-06  eta: 0:05:07  time: 0.4703  data_time: 0.0066  memory: 5535  grad_norm: 221.8181  loss: 85.4117  loss_cls: 29.2238  loss_bbox: 24.7746  loss_dfl: 31.4133
07/10 02:38:01 - mmengine - INFO - Epoch(train) [8][ 450/1039]  base_lr: 8.0161e-06 lr: 8.0161e-06  eta: 0:04:43  time: 0.4720  data_time: 0.0067  memory: 5615  grad_norm: 220.2025  loss: 83.9822  loss_cls: 28.7152  loss_bbox: 24.2445  loss_dfl: 31.0225
07/10 02:38:24 - mmengine - INFO - Epoch(train) [8][ 500/1039]  base_lr: 7.4205e-06 lr: 7.4205e-06  eta: 0:04:19  time: 0.4682  data_time: 0.0080  memory: 5615  grad_norm: 221.8513  loss: 84.7847  loss_cls: 29.0356  loss_bbox: 24.5391  loss_dfl: 31.2101
07/10 02:38:47 - mmengine - INFO - Epoch(train) [8][ 550/1039]  base_lr: 6.8249e-06 lr: 6.8249e-06  eta: 0:03:54  time: 0.4669  data_time: 0.0058  memory: 5928  grad_norm: 223.5167  loss: 84.7175  loss_cls: 29.3138  loss_bbox: 24.1849  loss_dfl: 31.2188
07/10 02:39:11 - mmengine - INFO - Epoch(train) [8][ 600/1039]  base_lr: 6.2293e-06 lr: 6.2293e-06  eta: 0:03:30  time: 0.4675  data_time: 0.0072  memory: 5768  grad_norm: 232.9958  loss: 86.1691  loss_cls: 29.5613  loss_bbox: 24.8262  loss_dfl: 31.7816
07/10 02:39:34 - mmengine - INFO - Epoch(train) [8][ 650/1039]  base_lr: 5.6337e-06 lr: 5.6337e-06  eta: 0:03:06  time: 0.4731  data_time: 0.0087  memory: 5942  grad_norm: 215.5227  loss: 85.1311  loss_cls: 29.0985  loss_bbox: 24.7319  loss_dfl: 31.3007
07/10 02:39:58 - mmengine - INFO - Epoch(train) [8][ 700/1039]  base_lr: 5.0381e-06 lr: 5.0381e-06  eta: 0:02:42  time: 0.4666  data_time: 0.0080  memory: 5708  grad_norm: 222.2952  loss: 85.5143  loss_cls: 29.5043  loss_bbox: 24.7765  loss_dfl: 31.2335
07/10 02:40:10 - mmengine - INFO - Exp name: wedetect_oraldetect_v11dt_s1_20260710_012600
07/10 02:40:21 - mmengine - INFO - Epoch(train) [8][ 750/1039]  base_lr: 4.4425e-06 lr: 4.4425e-06  eta: 0:02:18  time: 0.4691  data_time: 0.0073  memory: 5662  grad_norm: 221.7157  loss: 83.7507  loss_cls: 28.4766  loss_bbox: 24.3092  loss_dfl: 30.9649
07/10 02:40:45 - mmengine - INFO - Epoch(train) [8][ 800/1039]  base_lr: 3.8469e-06 lr: 3.8469e-06  eta: 0:01:54  time: 0.4716  data_time: 0.0074  memory: 5535  grad_norm: 226.5458  loss: 84.7403  loss_cls: 29.1946  loss_bbox: 24.4358  loss_dfl: 31.1099
07/10 02:41:08 - mmengine - INFO - Epoch(train) [8][ 850/1039]  base_lr: 3.2514e-06 lr: 3.2514e-06  eta: 0:01:30  time: 0.4699  data_time: 0.0061  memory: 5808  grad_norm: 227.5919  loss: 87.0657  loss_cls: 29.8248  loss_bbox: 25.1352  loss_dfl: 32.1057
07/10 02:41:31 - mmengine - INFO - Epoch(train) [8][ 900/1039]  base_lr: 2.6558e-06 lr: 2.6558e-06  eta: 0:01:06  time: 0.4638  data_time: 0.0074  memory: 5562  grad_norm: 217.0922  loss: 85.0172  loss_cls: 28.8796  loss_bbox: 24.7331  loss_dfl: 31.4045
07/10 02:41:55 - mmengine - INFO - Epoch(train) [8][ 950/1039]  base_lr: 2.0602e-06 lr: 2.0602e-06  eta: 0:00:42  time: 0.4651  data_time: 0.0078  memory: 5542  grad_norm: 215.6935  loss: 86.3292  loss_cls: 29.8894  loss_bbox: 25.1170  loss_dfl: 31.3228
07/10 02:42:19 - mmengine - INFO - Epoch(train) [8][1000/1039]  base_lr: 1.4646e-06 lr: 1.4646e-06  eta: 0:00:18  time: 0.4766  data_time: 0.0066  memory: 5955  grad_norm: 214.4834  loss: 84.9946  loss_cls: 29.1863  loss_bbox: 24.5782  loss_dfl: 31.2301
07/10 02:42:36 - mmengine - INFO - Exp name: wedetect_oraldetect_v11dt_s1_20260710_012600
07/10 02:42:36 - mmengine - INFO - Saving checkpoint at 8 epochs
07/10 02:42:43 - mmengine - INFO - Epoch(val) [8][  50/1131]    eta: 0:01:05  time: 0.0607  data_time: 0.0163  memory: 5468  
07/10 02:42:45 - mmengine - INFO - Epoch(val) [8][ 100/1131]    eta: 0:00:54  time: 0.0454  data_time: 0.0004  memory: 1210  
07/10 02:42:49 - mmengine - INFO - Epoch(val) [8][ 150/1131]    eta: 0:00:56  time: 0.0678  data_time: 0.0233  memory: 1210  
07/10 02:42:51 - mmengine - INFO - Epoch(val) [8][ 200/1131]    eta: 0:00:52  time: 0.0510  data_time: 0.0067  memory: 1210  
07/10 02:42:53 - mmengine - INFO - Epoch(val) [8][ 250/1131]    eta: 0:00:47  time: 0.0447  data_time: 0.0003  memory: 1210  
07/10 02:42:56 - mmengine - INFO - Epoch(val) [8][ 300/1131]    eta: 0:00:44  time: 0.0496  data_time: 0.0047  memory: 1210  
07/10 02:42:58 - mmengine - INFO - Epoch(val) [8][ 350/1131]    eta: 0:00:40  time: 0.0451  data_time: 0.0003  memory: 1210  
07/10 02:43:00 - mmengine - INFO - Epoch(val) [8][ 400/1131]    eta: 0:00:37  time: 0.0452  data_time: 0.0003  memory: 1210  
07/10 02:43:03 - mmengine - INFO - Epoch(val) [8][ 450/1131]    eta: 0:00:34  time: 0.0454  data_time: 0.0003  memory: 1210  
07/10 02:43:05 - mmengine - INFO - Epoch(val) [8][ 500/1131]    eta: 0:00:31  time: 0.0450  data_time: 0.0003  memory: 1210  
07/10 02:43:07 - mmengine - INFO - Epoch(val) [8][ 550/1131]    eta: 0:00:28  time: 0.0451  data_time: 0.0003  memory: 1210  
07/10 02:43:09 - mmengine - INFO - Epoch(val) [8][ 600/1131]    eta: 0:00:26  time: 0.0450  data_time: 0.0003  memory: 1210  
07/10 02:43:12 - mmengine - INFO - Epoch(val) [8][ 650/1131]    eta: 0:00:23  time: 0.0519  data_time: 0.0004  memory: 1210  
07/10 02:43:14 - mmengine - INFO - Epoch(val) [8][ 700/1131]    eta: 0:00:21  time: 0.0454  data_time: 0.0003  memory: 1210  
07/10 02:43:17 - mmengine - INFO - Epoch(val) [8][ 750/1131]    eta: 0:00:18  time: 0.0453  data_time: 0.0003  memory: 1210  
07/10 02:43:19 - mmengine - INFO - Epoch(val) [8][ 800/1131]    eta: 0:00:16  time: 0.0453  data_time: 0.0003  memory: 1210  
07/10 02:43:21 - mmengine - INFO - Epoch(val) [8][ 850/1131]    eta: 0:00:13  time: 0.0450  data_time: 0.0003  memory: 1210  
07/10 02:43:23 - mmengine - INFO - Epoch(val) [8][ 900/1131]    eta: 0:00:11  time: 0.0463  data_time: 0.0016  memory: 1210  
07/10 02:43:26 - mmengine - INFO - Epoch(val) [8][ 950/1131]    eta: 0:00:08  time: 0.0449  data_time: 0.0003  memory: 1210  
07/10 02:43:28 - mmengine - INFO - Epoch(val) [8][1000/1131]    eta: 0:00:06  time: 0.0451  data_time: 0.0003  memory: 1210  
07/10 02:43:30 - mmengine - INFO - Epoch(val) [8][1050/1131]    eta: 0:00:03  time: 0.0450  data_time: 0.0003  memory: 1210  
07/10 02:43:32 - mmengine - INFO - Epoch(val) [8][1100/1131]    eta: 0:00:01  time: 0.0449  data_time: 0.0003  memory: 1210  
07/10 02:43:45 - mmengine - INFO - Evaluating bbox...
Loading and preparing results...
DONE (t=3.49s)
creating index...
index created!
Running per image evaluation...
Evaluate annotation type *bbox*
DONE (t=43.37s).
Accumulating evaluation results...
DONE (t=14.51s).
 Average Precision  (AP) @[ IoU=0.50:0.95 | area=   all | maxDets=100 ] = 0.492
 Average Precision  (AP) @[ IoU=0.50      | area=   all | maxDets=1000 ] = 0.612
 Average Precision  (AP) @[ IoU=0.75      | area=   all | maxDets=1000 ] = 0.557
 Average Precision  (AP) @[ IoU=0.50:0.95 | area= small | maxDets=1000 ] = 0.360
 Average Precision  (AP) @[ IoU=0.50:0.95 | area=medium | maxDets=1000 ] = 0.447
 Average Precision  (AP) @[ IoU=0.50:0.95 | area= large | maxDets=1000 ] = 0.598
 Average Recall     (AR) @[ IoU=0.50:0.95 | area=   all | maxDets=100 ] = 0.740
 Average Recall     (AR) @[ IoU=0.50:0.95 | area=   all | maxDets=300 ] = 0.740
 Average Recall     (AR) @[ IoU=0.50:0.95 | area=   all | maxDets=1000 ] = 0.740
 Average Recall     (AR) @[ IoU=0.50:0.95 | area= small | maxDets=1000 ] = 0.615
 Average Recall     (AR) @[ IoU=0.50:0.95 | area=medium | maxDets=1000 ] = 0.692
 Average Recall     (AR) @[ IoU=0.50:0.95 | area= large | maxDets=1000 ] = 0.821
07/10 02:44:50 - mmengine - INFO - bbox_mAP_copypaste: 0.492 0.612 0.557 0.360 0.447 0.598
07/10 02:44:52 - mmengine - INFO - Epoch(val) [8][1131/1131]    coco/bbox_mAP: 0.4920  coco/bbox_mAP_50: 0.6120  coco/bbox_mAP_75: 0.5570  coco/bbox_mAP_s: 0.3600  coco/bbox_mAP_m: 0.4470  coco/bbox_mAP_l: 0.5980  data_time: 0.0026  time: 0.0476
[rank0]:[W710 02:45:03.584061901 ProcessGroupNCCL.cpp:1250] Warning: WARNING: process group has NOT been destroyed before we destruct ProcessGroupNCCL. On normal program exit, the application should call destroy_process_group to ensure that any pending NCCL operations have finished in this process. In rare cases this process can exit before this point and block the progress of another member of the process group. This constraint has always been present,  but this warning has only been added since PyTorch 2.4 (function operator())
########## STAGE 2 (freeze towers, consolidate, lr 3e-5, 4ep) ##########
W0710 02:45:06.316000 2584007 site-packages/torch/distributed/run.py:793] 
W0710 02:45:06.316000 2584007 site-packages/torch/distributed/run.py:793] *****************************************
W0710 02:45:06.316000 2584007 site-packages/torch/distributed/run.py:793] Setting OMP_NUM_THREADS environment variable for each process to be 1 in default, to avoid your system being overloaded, please further tune the variable for optimal performance in your application as needed. 
W0710 02:45:06.316000 2584007 site-packages/torch/distributed/run.py:793] *****************************************
/home/siyuan/anaconda3/envs/wedetect_official/lib/python3.10/site-packages/mmengine/optim/optimizer/zero_optimizer.py:11: DeprecationWarning: `TorchScript` support for functional optimizers is deprecated and will be removed in a future PyTorch release. Consider using the `torch.compile` optimizer instead.
  from torch.distributed.optim import \
/home/siyuan/anaconda3/envs/wedetect_official/lib/python3.10/site-packages/mmengine/optim/optimizer/zero_optimizer.py:11: DeprecationWarning: `TorchScript` support for functional optimizers is deprecated and will be removed in a future PyTorch release. Consider using the `torch.compile` optimizer instead.
  from torch.distributed.optim import \
/home/siyuan/anaconda3/envs/wedetect_official/lib/python3.10/site-packages/mmengine/optim/optimizer/zero_optimizer.py:11: DeprecationWarning: `TorchScript` support for functional optimizers is deprecated and will be removed in a future PyTorch release. Consider using the `torch.compile` optimizer instead.
  from torch.distributed.optim import \
/home/siyuan/anaconda3/envs/wedetect_official/lib/python3.10/site-packages/mmengine/optim/optimizer/zero_optimizer.py:11: DeprecationWarning: `TorchScript` support for functional optimizers is deprecated and will be removed in a future PyTorch release. Consider using the `torch.compile` optimizer instead.
  from torch.distributed.optim import \
/home/siyuan/.local/lib/python3.10/site-packages/fairscale/experimental/nn/offload.py:19: FutureWarning: `torch.cuda.amp.custom_fwd(args...)` is deprecated. Please use `torch.amp.custom_fwd(args..., device_type='cuda')` instead.
  return torch.cuda.amp.custom_fwd(orig_func)  # type: ignore
/home/siyuan/.local/lib/python3.10/site-packages/fairscale/experimental/nn/offload.py:30: FutureWarning: `torch.cuda.amp.custom_bwd(args...)` is deprecated. Please use `torch.amp.custom_bwd(args..., device_type='cuda')` instead.
  return torch.cuda.amp.custom_bwd(orig_func)  # type: ignore
/home/siyuan/.local/lib/python3.10/site-packages/fairscale/experimental/nn/offload.py:19: FutureWarning: `torch.cuda.amp.custom_fwd(args...)` is deprecated. Please use `torch.amp.custom_fwd(args..., device_type='cuda')` instead.
  return torch.cuda.amp.custom_fwd(orig_func)  # type: ignore
/home/siyuan/.local/lib/python3.10/site-packages/fairscale/experimental/nn/offload.py:30: FutureWarning: `torch.cuda.amp.custom_bwd(args...)` is deprecated. Please use `torch.amp.custom_bwd(args..., device_type='cuda')` instead.
  return torch.cuda.amp.custom_bwd(orig_func)  # type: ignore
/home/siyuan/.local/lib/python3.10/site-packages/fairscale/experimental/nn/offload.py:19: FutureWarning: `torch.cuda.amp.custom_fwd(args...)` is deprecated. Please use `torch.amp.custom_fwd(args..., device_type='cuda')` instead.
  return torch.cuda.amp.custom_fwd(orig_func)  # type: ignore
/home/siyuan/.local/lib/python3.10/site-packages/fairscale/experimental/nn/offload.py:30: FutureWarning: `torch.cuda.amp.custom_bwd(args...)` is deprecated. Please use `torch.amp.custom_bwd(args..., device_type='cuda')` instead.
  return torch.cuda.amp.custom_bwd(orig_func)  # type: ignore
/home/siyuan/.local/lib/python3.10/site-packages/fairscale/experimental/nn/offload.py:19: FutureWarning: `torch.cuda.amp.custom_fwd(args...)` is deprecated. Please use `torch.amp.custom_fwd(args..., device_type='cuda')` instead.
  return torch.cuda.amp.custom_fwd(orig_func)  # type: ignore
/home/siyuan/.local/lib/python3.10/site-packages/fairscale/experimental/nn/offload.py:30: FutureWarning: `torch.cuda.amp.custom_bwd(args...)` is deprecated. Please use `torch.amp.custom_bwd(args..., device_type='cuda')` instead.
  return torch.cuda.amp.custom_bwd(orig_func)  # type: ignore
/home/siyuan/anaconda3/envs/wedetect_official/lib/python3.10/site-packages/mmengine/utils/dl_utils/setup_env.py:56: UserWarning: Setting MKL_NUM_THREADS environment variable for each process to be 1 in default, to avoid your system being overloaded, please further tune the variable for optimal performance in your application as needed.
  warnings.warn(
/home/siyuan/anaconda3/envs/wedetect_official/lib/python3.10/site-packages/mmengine/utils/dl_utils/setup_env.py:56: UserWarning: Setting MKL_NUM_THREADS environment variable for each process to be 1 in default, to avoid your system being overloaded, please further tune the variable for optimal performance in your application as needed.
  warnings.warn(
/home/siyuan/anaconda3/envs/wedetect_official/lib/python3.10/site-packages/mmengine/utils/dl_utils/setup_env.py:56: UserWarning: Setting MKL_NUM_THREADS environment variable for each process to be 1 in default, to avoid your system being overloaded, please further tune the variable for optimal performance in your application as needed.
  warnings.warn(
/home/siyuan/anaconda3/envs/wedetect_official/lib/python3.10/site-packages/mmengine/utils/dl_utils/setup_env.py:56: UserWarning: Setting MKL_NUM_THREADS environment variable for each process to be 1 in default, to avoid your system being overloaded, please further tune the variable for optimal performance in your application as needed.
  warnings.warn(
07/10 02:45:11 - mmengine - INFO - 
------------------------------------------------------------
System environment:
    sys.platform: linux
    Python: 3.10.20 (main, Jun 11 2026, 15:17:37) [GCC 14.3.0]
    CUDA available: True
    MUSA available: False
    numpy_random_seed: 860774313
    GPU 0,1,2,3: NVIDIA RTX A6000
    CUDA_HOME: /usr/local/cuda-11.3
    NVCC: Cuda compilation tools, release 11.3, V11.3.109
    GCC: gcc (Ubuntu 9.5.0-1ubuntu1~22.04) 9.5.0
    PyTorch: 2.5.1+cu124
    PyTorch compiling details: PyTorch built with:
  - GCC 9.3
  - C++ Version: 201703
  - Intel(R) oneAPI Math Kernel Library Version 2024.2-Product Build 20240605 for Intel(R) 64 architecture applications
  - Intel(R) MKL-DNN v3.5.3 (Git Hash 66f0cb9eb66affd2da3bf5f8d897376f04aae6af)
  - OpenMP 201511 (a.k.a. OpenMP 4.5)
  - LAPACK is enabled (usually provided by MKL)
  - NNPACK is enabled
  - CPU capability usage: AVX2
  - CUDA Runtime 12.4
  - NVCC architecture flags: -gencode;arch=compute_50,code=sm_50;-gencode;arch=compute_60,code=sm_60;-gencode;arch=compute_70,code=sm_70;-gencode;arch=compute_75,code=sm_75;-gencode;arch=compute_80,code=sm_80;-gencode;arch=compute_86,code=sm_86;-gencode;arch=compute_90,code=sm_90
  - CuDNN 90.1
  - Magma 2.6.1
  - Build settings: BLAS_INFO=mkl, BUILD_TYPE=Release, CUDA_VERSION=12.4, CUDNN_VERSION=9.1.0, CXX_COMPILER=/opt/rh/devtoolset-9/root/usr/bin/c++, CXX_FLAGS= -D_GLIBCXX_USE_CXX11_ABI=0 -fabi-version=11 -fvisibility-inlines-hidden -DUSE_PTHREADPOOL -DNDEBUG -DUSE_KINETO -DLIBKINETO_NOROCTRACER -DLIBKINETO_NOXPUPTI=ON -DUSE_FBGEMM -DUSE_PYTORCH_QNNPACK -DUSE_XNNPACK -DSYMBOLICATE_MOBILE_DEBUG_HANDLE -O2 -fPIC -Wall -Wextra -Werror=return-type -Werror=non-virtual-dtor -Werror=bool-operation -Wnarrowing -Wno-missing-field-initializers -Wno-type-limits -Wno-array-bounds -Wno-unknown-pragmas -Wno-unused-parameter -Wno-strict-overflow -Wno-strict-aliasing -Wno-stringop-overflow -Wsuggest-override -Wno-psabi -Wno-error=old-style-cast -Wno-missing-braces -fdiagnostics-color=always -faligned-new -Wno-unused-but-set-variable -Wno-maybe-uninitialized -fno-math-errno -fno-trapping-math -Werror=format -Wno-stringop-overflow, LAPACK_INFO=mkl, PERF_WITH_AVX=1, PERF_WITH_AVX2=1, TORCH_VERSION=2.5.1, USE_CUDA=ON, USE_CUDNN=ON, USE_CUSPARSELT=1, USE_EXCEPTION_PTR=1, USE_GFLAGS=OFF, USE_GLOG=OFF, USE_GLOO=ON, USE_MKL=ON, USE_MKLDNN=ON, USE_MPI=OFF, USE_NCCL=1, USE_NNPACK=ON, USE_OPENMP=ON, USE_ROCM=OFF, USE_ROCM_KERNEL_ASSERT=OFF, 

    TorchVision: 0.20.1+cu124
    OpenCV: 4.10.0
    MMEngine: 0.10.7

Runtime environment:
    cudnn_benchmark: False
    mp_cfg: {'mp_start_method': 'fork', 'opencv_num_threads': 0}
    dist_cfg: {'backend': 'nccl'}
    seed: 860774313
    Distributed launcher: pytorch
    Distributed training: True
    GPU number: 4
------------------------------------------------------------

07/10 02:45:13 - mmengine - INFO - Config:
CLASS_NAMES = '/home/siyuan/projects/LLMs/OralDetect-Family/OralDetect/datas/class_names_oraldetect.json'
CLASS_TEXT = '/home/siyuan/projects/LLMs/OralDetect-Family/OralDetect/datas/class_texts_oraldetect.json'
DATAS = '/home/siyuan/projects/LLMs/OralDetect-Family/OralDetect/datas'
DATA_ROOT = '/home/siyuan/OralDetect_data_by_modality/'
DENTALBERT = '/home/siyuan/projects/LLMs/OralDetect-Family/OralCLIP/Bert_tuning/checkpoints/BiomedNLP-BiomedBERT-base-uncased-abstract-fulltext_dental_mlm/final'
TEST_ANN = '/home/siyuan/projects/LLMs/OralDetect-Family/OralDetect/datas/instances_oraldetect_val.json'
TRAIN_ANN = '/home/siyuan/projects/LLMs/OralDetect-Family/OralDetect/datas/instances_oraldetect_train.json'
affine_scale = 0.5
albu_train_transforms = [
    dict(p=0.01, type='Blur'),
    dict(p=0.01, type='MedianBlur'),
    dict(p=0.01, type='ToGray'),
    dict(p=0.01, type='CLAHE'),
]
backend_args = None
base_lr = 3e-05
close_mosaic_epochs = 4
coco_evaluator = dict(
    ann_file='data/coco/annotations/instances_val2017.json',
    metric='bbox',
    type='CocoMetric')
coco_val_dataset = dict(
    class_text_path='data/texts/coco_zh_class_texts.json',
    dataset=dict(
        ann_file='data/coco/annotations/instances_val2017.json',
        batch_shapes_cfg=None,
        data_prefix=dict(img='val2017'),
        data_root='data/coco/',
        test_mode=True,
        type='WeCocoDataset'),
    pipeline=[
        dict(backend_args=None, type='LoadImageFromFile'),
        dict(scale=(
            640,
            640,
        ), type='WeDetectKeepRatioResize'),
        dict(
            allow_scale_up=False,
            pad_val=dict(img=114),
            scale=(
                640,
                640,
            ),
            type='WeDetectLetterResize'),
        dict(_scope_='mmdet', type='LoadAnnotations', with_bbox=True),
        dict(type='LoadText'),
        dict(
            meta_keys=(
                'img_id',
                'img_path',
                'ori_shape',
                'img_shape',
                'scale_factor',
                'pad_param',
                'texts',
            ),
            type='PackDetInputs'),
    ],
    type='MultiModalDataset')
custom_hooks = []
custom_imports = dict(
    allow_failed_imports=False, imports=[
        'wedetect',
    ])
default_hooks = dict(
    checkpoint=dict(
        interval=1,
        max_keep_ckpts=3,
        save_best='coco/bbox_mAP',
        type='CheckpointHook'),
    logger=dict(interval=50, type='LoggerHook'),
    param_scheduler=dict(type='ParamSchedulerHook'),
    sampler_seed=dict(type='DistSamplerSeedHook'),
    timer=dict(type='IterTimerHook'),
    visualization=dict(type='mmdet.DetVisualizationHook'))
default_scope = 'mmdet'
dist_cfg = dict(backend='nccl', timeout=10800)
env_cfg = dict(
    cudnn_benchmark=False,
    dist_cfg=dict(backend='nccl'),
    mp_cfg=dict(mp_start_method='fork', opencv_num_threads=0))
find_unused_parameters = True
img_scale = (
    640,
    640,
)
launcher = 'pytorch'
load_from = 'work_dirs/oraldetect_v11dt_s1/epoch_8.pth'
log_level = 'INFO'
log_processor = dict(by_epoch=True, type='LogProcessor', window_size=50)
loss_bbox_weight = 7.5
loss_cls_weight = 0.5
loss_dfl_weight = 0.375
lvis_minival_dataset = dict(
    class_text_path='data/texts/lvis_v1_zh_class_texts.json',
    dataset=dict(
        ann_file='data/lvis/lvis_v1_minival_inserted_image_name.json',
        batch_shapes_cfg=None,
        data_prefix=dict(img=''),
        data_root='data/coco/',
        test_mode=True,
        type='YOLOv5LVISV1Dataset'),
    pipeline=[
        dict(backend_args=None, type='LoadImageFromFile'),
        dict(scale=(
            640,
            640,
        ), type='WeDetectKeepRatioResize'),
        dict(
            allow_scale_up=False,
            pad_val=dict(img=114),
            scale=(
                640,
                640,
            ),
            type='WeDetectLetterResize'),
        dict(_scope_='mmdet', type='LoadAnnotations', with_bbox=True),
        dict(type='LoadText'),
        dict(
            meta_keys=(
                'img_id',
                'img_path',
                'ori_shape',
                'img_shape',
                'scale_factor',
                'pad_param',
                'texts',
            ),
            type='PackDetInputs'),
    ],
    type='MultiModalDataset')
lvis_minival_evaluator = dict(
    ann_file='data/lvis/lvis_v1_minival_inserted_image_name.json',
    metric='bbox',
    type='LVISMetric')
lvis_od_val_dataset = dict(
    class_text_path='data/texts/lvis_v1_zh_class_texts.json',
    dataset=dict(
        ann_file='data/lvis/lvis_od_val.json',
        batch_shapes_cfg=None,
        data_prefix=dict(img=''),
        data_root='data/coco/',
        test_mode=True,
        type='YOLOv5LVISV1Dataset'),
    pipeline=[
        dict(backend_args=None, type='LoadImageFromFile'),
        dict(scale=(
            640,
            640,
        ), type='WeDetectKeepRatioResize'),
        dict(
            allow_scale_up=False,
            pad_val=dict(img=114),
            scale=(
                640,
                640,
            ),
            type='WeDetectLetterResize'),
        dict(_scope_='mmdet', type='LoadAnnotations', with_bbox=True),
        dict(type='LoadText'),
        dict(
            meta_keys=(
                'img_id',
                'img_path',
                'ori_shape',
                'img_shape',
                'scale_factor',
                'pad_param',
                'texts',
            ),
            type='PackDetInputs'),
    ],
    type='MultiModalDataset')
lvis_od_val_evaluator = dict(
    ann_file='data/lvis/lvis_od_val.json', metric='bbox', type='LVISMetric')
max_epochs = 4
metainfo = dict(
    classes=(
        'abnormal oral epithelial cell',
        'alveolar bone loss',
        'anterior teeth with fluorosis',
        'anterior teeth without fluorosis',
        'canine',
        'central incisor',
        'craniofacial or oral anomaly',
        'dental abrasion',
        'dental caries',
        'dental crown restoration',
        'dental filling',
        'dental implant',
        'dental opacity',
        'dental restoration',
        'dental restoration (filling or crown)',
        'dividing oral cell',
        'first molar',
        'first premolar',
        'foreign object or debris',
        'hard recognized oral cell',
        'impacted tooth',
        'intraoral appliance',
        'lateral incisor',
        'lightly abnormal oral cell',
        'malignant oral cell',
        'mandibular canal',
        'maxillary sinus',
        'missing or residual root',
        'missing teeth',
        'normal',
        'normal oral cell',
        'oral blood cell',
        'orthodontic bracket',
        'periapical lesion',
        'periodontal pocket',
        'primary endodontic lesion',
        'primary endodontic with secondary periodontal lesion',
        'primary periodontal lesion',
        'primary periodontal with secondary endodontic lesion',
        'quadrant 1 (upper right)',
        'quadrant 2 (upper left)',
        'quadrant 3 (lower left)',
        'quadrant 4 (lower right)',
        'reactive oral cell',
        'retained root',
        'root canal treatment',
        'second molar',
        'second premolar',
        'severe gingivitis',
        'suspicious malignant oral cell',
        'tooth 11 (upper right central incisor)',
        'tooth 12 (upper right lateral incisor)',
        'tooth 13 (upper right canine)',
        'tooth 14 (upper right first premolar)',
        'tooth 15 (upper right second premolar)',
        'tooth 16 (upper right first molar)',
        'tooth 17 (upper right second molar)',
        'tooth 18 (upper right third molar)',
        'tooth 21 (upper left central incisor)',
        'tooth 22 (upper left lateral incisor)',
        'tooth 23 (upper left canine)',
        'tooth 24 (upper left first premolar)',
        'tooth 25 (upper left second premolar)',
        'tooth 26 (upper left first molar)',
        'tooth 27 (upper left second molar)',
        'tooth 28 (upper left third molar)',
        'tooth 31 (lower left central incisor)',
        'tooth 32 (lower left lateral incisor)',
        'tooth 33 (lower left canine)',
        'tooth 34 (lower left first premolar)',
        'tooth 35 (lower left second premolar)',
        'tooth 36 (lower left first molar)',
        'tooth 37 (lower left second molar)',
        'tooth 38 (lower left third molar)',
        'tooth 41 (lower right central incisor)',
        'tooth 42 (lower right lateral incisor)',
        'tooth 43 (lower right canine)',
        'tooth 44 (lower right first premolar)',
        'tooth 45 (lower right second premolar)',
        'tooth 46 (lower right first molar)',
        'tooth 47 (lower right second molar)',
        'tooth 48 (lower right third molar)',
        'tooth erosion',
        'tooth malformation',
        'true combined endo-perio lesion',
        'tumor',
    ))
mixup_prob = 0.15
model = dict(
    backbone=dict(
        image_model=dict(
            frozen_modules=[
                'all',
            ],
            model_name='base',
            type='ConvNextVisionBackbone'),
        text_model=dict(
            frozen_modules=[
                'all',
            ],
            model_name=
            '/home/siyuan/projects/LLMs/OralDetect-Family/OralCLIP/Bert_tuning/checkpoints/BiomedNLP-BiomedBERT-base-uncased-abstract-fulltext_dental_mlm/final',
            model_size='base',
            type='DentalBertLanguageBackbone'),
        type='MultiModalYOLOBackbone'),
    bbox_head=dict(
        bbox_coder=dict(type='WeDetectDistancePointBBoxCoder'),
        head_module=dict(
            embed_dims=768,
            in_channels=[
                256,
                512,
                1024,
            ],
            model_size='base',
            num_classes=86,
            type='YOLOWorldHeadModule',
            use_bn_head=True),
        loss_bbox=dict(
            bbox_format='xyxy',
            iou_mode='ciou',
            loss_weight=7.5,
            reduction='sum',
            return_iou=False,
            type='mmyoloIoULoss'),
        loss_cls=dict(
            loss_weight=0.5,
            reduction='none',
            type='CrossEntropyLoss',
            use_sigmoid=True),
        loss_dfl=dict(
            loss_weight=0.375, reduction='mean', type='DistributionFocalLoss'),
        prior_generator=dict(
            offset=0.5, strides=[
                8,
                16,
                32,
            ], type='MlvlPointGenerator'),
        type='YOLOWorldHead'),
    data_preprocessor=dict(
        bgr_to_rgb=True,
        mean=[
            0.0,
            0.0,
            0.0,
        ],
        std=[
            255.0,
            255.0,
            255.0,
        ],
        type='YOLOWDetDataPreprocessor'),
    mm_neck=False,
    neck=dict(model_size='base', scale_factor=1.0, type='CSPRepBiFPANNeck'),
    num_test_classes=86,
    num_train_classes=86,
    test_cfg=dict(
        max_per_img=300,
        multi_label=True,
        nms=dict(iou_threshold=0.7, type='nms'),
        nms_pre=30000,
        score_thr=0.001),
    train_cfg=dict(
        assigner=dict(
            alpha=0.5,
            beta=6.0,
            eps=1e-09,
            num_classes=86,
            topk=10,
            type='BatchTaskAlignedAssigner',
            use_ciou=True)),
    type='YOLOWorldDetector')
model_test_cfg = dict(
    max_per_img=300,
    multi_label=True,
    nms=dict(iou_threshold=0.7, type='nms'),
    nms_pre=30000,
    score_thr=0.001)
mosaic_affine_transform = [
    dict(
        img_scale=(
            640,
            640,
        ),
        pad_val=114.0,
        pre_transform=[
            dict(backend_args=None, type='LoadImageFromFile'),
            dict(type='LoadAnnotations', with_bbox=True),
        ],
        type='MultiModalMosaic'),
    dict(
        border=(
            -320,
            -320,
        ),
        border_val=(
            114,
            114,
            114,
        ),
        max_aspect_ratio=100.0,
        max_rotate_degree=0.0,
        max_shear_degree=0.0,
        scaling_ratio_range=(
            0.5,
            1.5,
        ),
        type='WeDetectRandomAffine'),
]
neck_embed_channels = [
    128,
    256,
    512,
]
neck_num_heads = [
    4,
    8,
    16,
]
num_classes = 86
num_training_classes = 86
optim_wrapper = dict(
    clip_grad=dict(max_norm=10.0),
    constructor='YOLOWv5OptimizerConstructor',
    optimizer=dict(
        batch_size_per_gpu=8, lr=3e-05, type='AdamW', weight_decay=0.05),
    paramwise_cfg=dict(
        custom_keys=dict({
            'backbone.text_model': dict(lr_mult=0.1),
            'logit_scale': dict(weight_decay=0.0)
        })),
    type='OptimWrapper')
param_scheduler = [
    dict(
        begin=0,
        by_epoch=True,
        convert_to_iter_based=True,
        end=4,
        end_factor=0.01,
        start_factor=1.0,
        type='LinearLR'),
]
persistent_workers = True
pre_transform = [
    dict(backend_args=None, type='LoadImageFromFile'),
    dict(type='LoadAnnotations', with_bbox=True),
]
resume = False
save_epoch_intervals = 1
tal_alpha = 0.5
tal_beta = 6.0
tal_topk = 10
test_cfg = dict(type='TestLoop')
test_dataloader = dict(
    batch_size=1,
    dataset=dict(
        class_text_path=
        '/home/siyuan/projects/LLMs/OralDetect-Family/OralDetect/datas/class_texts_oraldetect.json',
        dataset=dict(
            ann_file=
            '/home/siyuan/projects/LLMs/OralDetect-Family/OralDetect/datas/instances_oraldetect_val.json',
            batch_shapes_cfg=None,
            data_prefix=dict(img=''),
            data_root='/home/siyuan/OralDetect_data_by_modality/',
            metainfo=dict(
                classes=(
                    'abnormal oral epithelial cell',
                    'alveolar bone loss',
                    'anterior teeth with fluorosis',
                    'anterior teeth without fluorosis',
                    'canine',
                    'central incisor',
                    'craniofacial or oral anomaly',
                    'dental abrasion',
                    'dental caries',
                    'dental crown restoration',
                    'dental filling',
                    'dental implant',
                    'dental opacity',
                    'dental restoration',
                    'dental restoration (filling or crown)',
                    'dividing oral cell',
                    'first molar',
                    'first premolar',
                    'foreign object or debris',
                    'hard recognized oral cell',
                    'impacted tooth',
                    'intraoral appliance',
                    'lateral incisor',
                    'lightly abnormal oral cell',
                    'malignant oral cell',
                    'mandibular canal',
                    'maxillary sinus',
                    'missing or residual root',
                    'missing teeth',
                    'normal',
                    'normal oral cell',
                    'oral blood cell',
                    'orthodontic bracket',
                    'periapical lesion',
                    'periodontal pocket',
                    'primary endodontic lesion',
                    'primary endodontic with secondary periodontal lesion',
                    'primary periodontal lesion',
                    'primary periodontal with secondary endodontic lesion',
                    'quadrant 1 (upper right)',
                    'quadrant 2 (upper left)',
                    'quadrant 3 (lower left)',
                    'quadrant 4 (lower right)',
                    'reactive oral cell',
                    'retained root',
                    'root canal treatment',
                    'second molar',
                    'second premolar',
                    'severe gingivitis',
                    'suspicious malignant oral cell',
                    'tooth 11 (upper right central incisor)',
                    'tooth 12 (upper right lateral incisor)',
                    'tooth 13 (upper right canine)',
                    'tooth 14 (upper right first premolar)',
                    'tooth 15 (upper right second premolar)',
                    'tooth 16 (upper right first molar)',
                    'tooth 17 (upper right second molar)',
                    'tooth 18 (upper right third molar)',
                    'tooth 21 (upper left central incisor)',
                    'tooth 22 (upper left lateral incisor)',
                    'tooth 23 (upper left canine)',
                    'tooth 24 (upper left first premolar)',
                    'tooth 25 (upper left second premolar)',
                    'tooth 26 (upper left first molar)',
                    'tooth 27 (upper left second molar)',
                    'tooth 28 (upper left third molar)',
                    'tooth 31 (lower left central incisor)',
                    'tooth 32 (lower left lateral incisor)',
                    'tooth 33 (lower left canine)',
                    'tooth 34 (lower left first premolar)',
                    'tooth 35 (lower left second premolar)',
                    'tooth 36 (lower left first molar)',
                    'tooth 37 (lower left second molar)',
                    'tooth 38 (lower left third molar)',
                    'tooth 41 (lower right central incisor)',
                    'tooth 42 (lower right lateral incisor)',
                    'tooth 43 (lower right canine)',
                    'tooth 44 (lower right first premolar)',
                    'tooth 45 (lower right second premolar)',
                    'tooth 46 (lower right first molar)',
                    'tooth 47 (lower right second molar)',
                    'tooth 48 (lower right third molar)',
                    'tooth erosion',
                    'tooth malformation',
                    'true combined endo-perio lesion',
                    'tumor',
                )),
            test_mode=True,
            type='WeCocoDataset'),
        pipeline=[
            dict(backend_args=None, type='LoadImageFromFile'),
            dict(scale=(
                640,
                640,
            ), type='WeDetectKeepRatioResize'),
            dict(
                allow_scale_up=False,
                pad_val=dict(img=114),
                scale=(
                    640,
                    640,
                ),
                type='WeDetectLetterResize'),
            dict(_scope_='mmdet', type='LoadAnnotations', with_bbox=True),
            dict(type='LoadText'),
            dict(
                meta_keys=(
                    'img_id',
                    'img_path',
                    'ori_shape',
                    'img_shape',
                    'scale_factor',
                    'pad_param',
                    'texts',
                ),
                type='PackDetInputs'),
        ],
        type='MultiModalDataset'),
    drop_last=False,
    num_workers=2,
    persistent_workers=True,
    pin_memory=True,
    sampler=dict(shuffle=False, type='DefaultSampler'))
test_evaluator = dict(
    ann_file=
    '/home/siyuan/projects/LLMs/OralDetect-Family/OralDetect/datas/instances_oraldetect_val.json',
    metric='bbox',
    type='CocoMetric')
test_pipeline = [
    dict(backend_args=None, type='LoadImageFromFile'),
    dict(scale=(
        640,
        640,
    ), type='WeDetectKeepRatioResize'),
    dict(
        allow_scale_up=False,
        pad_val=dict(img=114),
        scale=(
            640,
            640,
        ),
        type='WeDetectLetterResize'),
    dict(_scope_='mmdet', type='LoadAnnotations', with_bbox=True),
    dict(type='LoadText'),
    dict(
        meta_keys=(
            'img_id',
            'img_path',
            'ori_shape',
            'img_shape',
            'scale_factor',
            'pad_param',
            'texts',
        ),
        type='PackDetInputs'),
]
text_channels = 768
text_transform = [
    dict(
        max_num_samples=86,
        num_neg_samples=(
            86,
            86,
        ),
        padding_to_max=True,
        padding_value='',
        type='RandomLoadText'),
    dict(
        meta_keys=(
            'img_id',
            'img_path',
            'ori_shape',
            'img_shape',
            'flip',
            'flip_direction',
            'texts',
        ),
        type='mmdet.PackDetInputs'),
]
train_batch_size_per_gpu = 8
train_cfg = dict(
    dynamic_intervals=[
        (
            8,
            1,
        ),
    ],
    max_epochs=4,
    type='EpochBasedTrainLoop',
    val_interval=2)
train_dataloader = dict(
    batch_size=8,
    collate_fn=dict(type='yolow_collate'),
    dataset=dict(
        class_text_path=
        '/home/siyuan/projects/LLMs/OralDetect-Family/OralDetect/datas/class_texts_oraldetect.json',
        dataset=dict(
            ann_file=
            '/home/siyuan/projects/LLMs/OralDetect-Family/OralDetect/datas/instances_oraldetect_train.json',
            data_prefix=dict(img=''),
            data_root='/home/siyuan/OralDetect_data_by_modality/',
            filter_cfg=dict(filter_empty_gt=False, min_size=32),
            metainfo=dict(
                classes=(
                    'abnormal oral epithelial cell',
                    'alveolar bone loss',
                    'anterior teeth with fluorosis',
                    'anterior teeth without fluorosis',
                    'canine',
                    'central incisor',
                    'craniofacial or oral anomaly',
                    'dental abrasion',
                    'dental caries',
                    'dental crown restoration',
                    'dental filling',
                    'dental implant',
                    'dental opacity',
                    'dental restoration',
                    'dental restoration (filling or crown)',
                    'dividing oral cell',
                    'first molar',
                    'first premolar',
                    'foreign object or debris',
                    'hard recognized oral cell',
                    'impacted tooth',
                    'intraoral appliance',
                    'lateral incisor',
                    'lightly abnormal oral cell',
                    'malignant oral cell',
                    'mandibular canal',
                    'maxillary sinus',
                    'missing or residual root',
                    'missing teeth',
                    'normal',
                    'normal oral cell',
                    'oral blood cell',
                    'orthodontic bracket',
                    'periapical lesion',
                    'periodontal pocket',
                    'primary endodontic lesion',
                    'primary endodontic with secondary periodontal lesion',
                    'primary periodontal lesion',
                    'primary periodontal with secondary endodontic lesion',
                    'quadrant 1 (upper right)',
                    'quadrant 2 (upper left)',
                    'quadrant 3 (lower left)',
                    'quadrant 4 (lower right)',
                    'reactive oral cell',
                    'retained root',
                    'root canal treatment',
                    'second molar',
                    'second premolar',
                    'severe gingivitis',
                    'suspicious malignant oral cell',
                    'tooth 11 (upper right central incisor)',
                    'tooth 12 (upper right lateral incisor)',
                    'tooth 13 (upper right canine)',
                    'tooth 14 (upper right first premolar)',
                    'tooth 15 (upper right second premolar)',
                    'tooth 16 (upper right first molar)',
                    'tooth 17 (upper right second molar)',
                    'tooth 18 (upper right third molar)',
                    'tooth 21 (upper left central incisor)',
                    'tooth 22 (upper left lateral incisor)',
                    'tooth 23 (upper left canine)',
                    'tooth 24 (upper left first premolar)',
                    'tooth 25 (upper left second premolar)',
                    'tooth 26 (upper left first molar)',
                    'tooth 27 (upper left second molar)',
                    'tooth 28 (upper left third molar)',
                    'tooth 31 (lower left central incisor)',
                    'tooth 32 (lower left lateral incisor)',
                    'tooth 33 (lower left canine)',
                    'tooth 34 (lower left first premolar)',
                    'tooth 35 (lower left second premolar)',
                    'tooth 36 (lower left first molar)',
                    'tooth 37 (lower left second molar)',
                    'tooth 38 (lower left third molar)',
                    'tooth 41 (lower right central incisor)',
                    'tooth 42 (lower right lateral incisor)',
                    'tooth 43 (lower right canine)',
                    'tooth 44 (lower right first premolar)',
                    'tooth 45 (lower right second premolar)',
                    'tooth 46 (lower right first molar)',
                    'tooth 47 (lower right second molar)',
                    'tooth 48 (lower right third molar)',
                    'tooth erosion',
                    'tooth malformation',
                    'true combined endo-perio lesion',
                    'tumor',
                )),
            type='WeCocoDataset'),
        pipeline=[
            dict(backend_args=None, type='LoadImageFromFile'),
            dict(type='LoadAnnotations', with_bbox=True),
            dict(
                img_scale=(
                    640,
                    640,
                ),
                pad_val=114.0,
                pre_transform=[
                    dict(backend_args=None, type='LoadImageFromFile'),
                    dict(type='LoadAnnotations', with_bbox=True),
                ],
                type='MultiModalMosaic'),
            dict(
                border=(
                    -320,
                    -320,
                ),
                border_val=(
                    114,
                    114,
                    114,
                ),
                max_aspect_ratio=100.0,
                max_rotate_degree=0.0,
                max_shear_degree=0.0,
                scaling_ratio_range=(
                    0.5,
                    1.5,
                ),
                type='WeDetectRandomAffine'),
            dict(
                pre_transform=[
                    dict(backend_args=None, type='LoadImageFromFile'),
                    dict(type='LoadAnnotations', with_bbox=True),
                    dict(
                        img_scale=(
                            640,
                            640,
                        ),
                        pad_val=114.0,
                        pre_transform=[
                            dict(backend_args=None, type='LoadImageFromFile'),
                            dict(type='LoadAnnotations', with_bbox=True),
                        ],
                        type='MultiModalMosaic'),
                    dict(
                        border=(
                            -320,
                            -320,
                        ),
                        border_val=(
                            114,
                            114,
                            114,
                        ),
                        max_aspect_ratio=100.0,
                        max_rotate_degree=0.0,
                        max_shear_degree=0.0,
                        scaling_ratio_range=(
                            0.5,
                            1.5,
                        ),
                        type='WeDetectRandomAffine'),
                ],
                prob=0.15,
                type='YOLOv5MultiModalMixUp'),
            dict(
                bbox_params=dict(
                    format='pascal_voc',
                    label_fields=[
                        'gt_bboxes_labels',
                        'gt_ignore_flags',
                    ],
                    type='BboxParams'),
                keymap=dict(gt_bboxes='bboxes', img='image'),
                transforms=[
                    dict(p=0.01, type='Blur'),
                    dict(p=0.01, type='MedianBlur'),
                    dict(p=0.01, type='ToGray'),
                    dict(p=0.01, type='CLAHE'),
                ],
                type='mmdet.Albu'),
            dict(type='WeDetectHSVRandomAug'),
            dict(prob=0.5, type='mmdet.RandomFlip'),
            dict(
                max_num_samples=86,
                num_neg_samples=(
                    86,
                    86,
                ),
                padding_to_max=True,
                padding_value='',
                type='RandomLoadText'),
            dict(
                meta_keys=(
                    'img_id',
                    'img_path',
                    'ori_shape',
                    'img_shape',
                    'flip',
                    'flip_direction',
                    'texts',
                ),
                type='mmdet.PackDetInputs'),
        ],
        type='MultiModalDataset'),
    num_workers=4,
    persistent_workers=True,
    sampler=dict(shuffle=True, type='DefaultSampler'))
train_dataset = dict(
    class_text_path=
    '/home/siyuan/projects/LLMs/OralDetect-Family/OralDetect/datas/class_texts_oraldetect.json',
    dataset=dict(
        ann_file=
        '/home/siyuan/projects/LLMs/OralDetect-Family/OralDetect/datas/instances_oraldetect_train.json',
        data_prefix=dict(img=''),
        data_root='/home/siyuan/OralDetect_data_by_modality/',
        filter_cfg=dict(filter_empty_gt=False, min_size=32),
        metainfo=dict(
            classes=(
                'abnormal oral epithelial cell',
                'alveolar bone loss',
                'anterior teeth with fluorosis',
                'anterior teeth without fluorosis',
                'canine',
                'central incisor',
                'craniofacial or oral anomaly',
                'dental abrasion',
                'dental caries',
                'dental crown restoration',
                'dental filling',
                'dental implant',
                'dental opacity',
                'dental restoration',
                'dental restoration (filling or crown)',
                'dividing oral cell',
                'first molar',
                'first premolar',
                'foreign object or debris',
                'hard recognized oral cell',
                'impacted tooth',
                'intraoral appliance',
                'lateral incisor',
                'lightly abnormal oral cell',
                'malignant oral cell',
                'mandibular canal',
                'maxillary sinus',
                'missing or residual root',
                'missing teeth',
                'normal',
                'normal oral cell',
                'oral blood cell',
                'orthodontic bracket',
                'periapical lesion',
                'periodontal pocket',
                'primary endodontic lesion',
                'primary endodontic with secondary periodontal lesion',
                'primary periodontal lesion',
                'primary periodontal with secondary endodontic lesion',
                'quadrant 1 (upper right)',
                'quadrant 2 (upper left)',
                'quadrant 3 (lower left)',
                'quadrant 4 (lower right)',
                'reactive oral cell',
                'retained root',
                'root canal treatment',
                'second molar',
                'second premolar',
                'severe gingivitis',
                'suspicious malignant oral cell',
                'tooth 11 (upper right central incisor)',
                'tooth 12 (upper right lateral incisor)',
                'tooth 13 (upper right canine)',
                'tooth 14 (upper right first premolar)',
                'tooth 15 (upper right second premolar)',
                'tooth 16 (upper right first molar)',
                'tooth 17 (upper right second molar)',
                'tooth 18 (upper right third molar)',
                'tooth 21 (upper left central incisor)',
                'tooth 22 (upper left lateral incisor)',
                'tooth 23 (upper left canine)',
                'tooth 24 (upper left first premolar)',
                'tooth 25 (upper left second premolar)',
                'tooth 26 (upper left first molar)',
                'tooth 27 (upper left second molar)',
                'tooth 28 (upper left third molar)',
                'tooth 31 (lower left central incisor)',
                'tooth 32 (lower left lateral incisor)',
                'tooth 33 (lower left canine)',
                'tooth 34 (lower left first premolar)',
                'tooth 35 (lower left second premolar)',
                'tooth 36 (lower left first molar)',
                'tooth 37 (lower left second molar)',
                'tooth 38 (lower left third molar)',
                'tooth 41 (lower right central incisor)',
                'tooth 42 (lower right lateral incisor)',
                'tooth 43 (lower right canine)',
                'tooth 44 (lower right first premolar)',
                'tooth 45 (lower right second premolar)',
                'tooth 46 (lower right first molar)',
                'tooth 47 (lower right second molar)',
                'tooth 48 (lower right third molar)',
                'tooth erosion',
                'tooth malformation',
                'true combined endo-perio lesion',
                'tumor',
            )),
        type='WeCocoDataset'),
    pipeline=[
        dict(backend_args=None, type='LoadImageFromFile'),
        dict(type='LoadAnnotations', with_bbox=True),
        dict(
            img_scale=(
                640,
                640,
            ),
            pad_val=114.0,
            pre_transform=[
                dict(backend_args=None, type='LoadImageFromFile'),
                dict(type='LoadAnnotations', with_bbox=True),
            ],
            type='MultiModalMosaic'),
        dict(
            border=(
                -320,
                -320,
            ),
            border_val=(
                114,
                114,
                114,
            ),
            max_aspect_ratio=100.0,
            max_rotate_degree=0.0,
            max_shear_degree=0.0,
            scaling_ratio_range=(
                0.5,
                1.5,
            ),
            type='WeDetectRandomAffine'),
        dict(
            pre_transform=[
                dict(backend_args=None, type='LoadImageFromFile'),
                dict(type='LoadAnnotations', with_bbox=True),
                dict(
                    img_scale=(
                        640,
                        640,
                    ),
                    pad_val=114.0,
                    pre_transform=[
                        dict(backend_args=None, type='LoadImageFromFile'),
                        dict(type='LoadAnnotations', with_bbox=True),
                    ],
                    type='MultiModalMosaic'),
                dict(
                    border=(
                        -320,
                        -320,
                    ),
                    border_val=(
                        114,
                        114,
                        114,
                    ),
                    max_aspect_ratio=100.0,
                    max_rotate_degree=0.0,
                    max_shear_degree=0.0,
                    scaling_ratio_range=(
                        0.5,
                        1.5,
                    ),
                    type='WeDetectRandomAffine'),
            ],
            prob=0.15,
            type='YOLOv5MultiModalMixUp'),
        dict(
            bbox_params=dict(
                format='pascal_voc',
                label_fields=[
                    'gt_bboxes_labels',
                    'gt_ignore_flags',
                ],
                type='BboxParams'),
            keymap=dict(gt_bboxes='bboxes', img='image'),
            transforms=[
                dict(p=0.01, type='Blur'),
                dict(p=0.01, type='MedianBlur'),
                dict(p=0.01, type='ToGray'),
                dict(p=0.01, type='CLAHE'),
            ],
            type='mmdet.Albu'),
        dict(type='WeDetectHSVRandomAug'),
        dict(prob=0.5, type='mmdet.RandomFlip'),
        dict(
            max_num_samples=86,
            num_neg_samples=(
                86,
                86,
            ),
            padding_to_max=True,
            padding_value='',
            type='RandomLoadText'),
        dict(
            meta_keys=(
                'img_id',
                'img_path',
                'ori_shape',
                'img_shape',
                'flip',
                'flip_direction',
                'texts',
            ),
            type='mmdet.PackDetInputs'),
    ],
    type='MultiModalDataset')
train_pipeline = [
    dict(backend_args=None, type='LoadImageFromFile'),
    dict(type='LoadAnnotations', with_bbox=True),
    dict(
        img_scale=(
            640,
            640,
        ),
        pad_val=114.0,
        pre_transform=[
            dict(backend_args=None, type='LoadImageFromFile'),
            dict(type='LoadAnnotations', with_bbox=True),
        ],
        type='MultiModalMosaic'),
    dict(
        border=(
            -320,
            -320,
        ),
        border_val=(
            114,
            114,
            114,
        ),
        max_aspect_ratio=100.0,
        max_rotate_degree=0.0,
        max_shear_degree=0.0,
        scaling_ratio_range=(
            0.5,
            1.5,
        ),
        type='WeDetectRandomAffine'),
    dict(
        pre_transform=[
            dict(backend_args=None, type='LoadImageFromFile'),
            dict(type='LoadAnnotations', with_bbox=True),
            dict(
                img_scale=(
                    640,
                    640,
                ),
                pad_val=114.0,
                pre_transform=[
                    dict(backend_args=None, type='LoadImageFromFile'),
                    dict(type='LoadAnnotations', with_bbox=True),
                ],
                type='MultiModalMosaic'),
            dict(
                border=(
                    -320,
                    -320,
                ),
                border_val=(
                    114,
                    114,
                    114,
                ),
                max_aspect_ratio=100.0,
                max_rotate_degree=0.0,
                max_shear_degree=0.0,
                scaling_ratio_range=(
                    0.5,
                    1.5,
                ),
                type='WeDetectRandomAffine'),
        ],
        prob=0.15,
        type='YOLOv5MultiModalMixUp'),
    dict(
        bbox_params=dict(
            format='pascal_voc',
            label_fields=[
                'gt_bboxes_labels',
                'gt_ignore_flags',
            ],
            type='BboxParams'),
        keymap=dict(gt_bboxes='bboxes', img='image'),
        transforms=[
            dict(p=0.01, type='Blur'),
            dict(p=0.01, type='MedianBlur'),
            dict(p=0.01, type='ToGray'),
            dict(p=0.01, type='CLAHE'),
        ],
        type='mmdet.Albu'),
    dict(type='WeDetectHSVRandomAug'),
    dict(prob=0.5, type='mmdet.RandomFlip'),
    dict(
        max_num_samples=86,
        num_neg_samples=(
            86,
            86,
        ),
        padding_to_max=True,
        padding_value='',
        type='RandomLoadText'),
    dict(
        meta_keys=(
            'img_id',
            'img_path',
            'ori_shape',
            'img_shape',
            'flip',
            'flip_direction',
            'texts',
        ),
        type='mmdet.PackDetInputs'),
]
train_pipeline_stage2 = [
    dict(backend_args=None, type='LoadImageFromFile'),
    dict(type='LoadAnnotations', with_bbox=True),
    dict(scale=(
        640,
        640,
    ), type='WeDetectKeepRatioResize'),
    dict(
        allow_scale_up=True,
        pad_val=dict(img=114.0),
        scale=(
            640,
            640,
        ),
        type='WeDetectLetterResize'),
    dict(
        border_val=(
            114,
            114,
            114,
        ),
        max_aspect_ratio=100,
        max_rotate_degree=0.0,
        max_shear_degree=0.0,
        scaling_ratio_range=(
            0.5,
            1.5,
        ),
        type='WeDetectRandomAffine'),
    dict(
        bbox_params=dict(
            format='pascal_voc',
            label_fields=[
                'gt_bboxes_labels',
                'gt_ignore_flags',
            ],
            type='BboxParams'),
        keymap=dict(gt_bboxes='bboxes', img='image'),
        transforms=[
            dict(p=0.01, type='Blur'),
            dict(p=0.01, type='MedianBlur'),
            dict(p=0.01, type='ToGray'),
            dict(p=0.01, type='CLAHE'),
        ],
        type='mmdet.Albu'),
    dict(type='WeDetectHSVRandomAug'),
    dict(prob=0.5, type='mmdet.RandomFlip'),
    dict(
        max_num_samples=86,
        num_neg_samples=(
            86,
            86,
        ),
        padding_to_max=True,
        padding_value='',
        type='RandomLoadText'),
    dict(
        meta_keys=(
            'img_id',
            'img_path',
            'ori_shape',
            'img_shape',
            'flip',
            'flip_direction',
            'texts',
        ),
        type='mmdet.PackDetInputs'),
]
val_cfg = dict(type='ValLoop')
val_dataloader = dict(
    batch_size=1,
    dataset=dict(
        class_text_path=
        '/home/siyuan/projects/LLMs/OralDetect-Family/OralDetect/datas/class_texts_oraldetect.json',
        dataset=dict(
            ann_file=
            '/home/siyuan/projects/LLMs/OralDetect-Family/OralDetect/datas/instances_oraldetect_val.json',
            batch_shapes_cfg=None,
            data_prefix=dict(img=''),
            data_root='/home/siyuan/OralDetect_data_by_modality/',
            metainfo=dict(
                classes=(
                    'abnormal oral epithelial cell',
                    'alveolar bone loss',
                    'anterior teeth with fluorosis',
                    'anterior teeth without fluorosis',
                    'canine',
                    'central incisor',
                    'craniofacial or oral anomaly',
                    'dental abrasion',
                    'dental caries',
                    'dental crown restoration',
                    'dental filling',
                    'dental implant',
                    'dental opacity',
                    'dental restoration',
                    'dental restoration (filling or crown)',
                    'dividing oral cell',
                    'first molar',
                    'first premolar',
                    'foreign object or debris',
                    'hard recognized oral cell',
                    'impacted tooth',
                    'intraoral appliance',
                    'lateral incisor',
                    'lightly abnormal oral cell',
                    'malignant oral cell',
                    'mandibular canal',
                    'maxillary sinus',
                    'missing or residual root',
                    'missing teeth',
                    'normal',
                    'normal oral cell',
                    'oral blood cell',
                    'orthodontic bracket',
                    'periapical lesion',
                    'periodontal pocket',
                    'primary endodontic lesion',
                    'primary endodontic with secondary periodontal lesion',
                    'primary periodontal lesion',
                    'primary periodontal with secondary endodontic lesion',
                    'quadrant 1 (upper right)',
                    'quadrant 2 (upper left)',
                    'quadrant 3 (lower left)',
                    'quadrant 4 (lower right)',
                    'reactive oral cell',
                    'retained root',
                    'root canal treatment',
                    'second molar',
                    'second premolar',
                    'severe gingivitis',
                    'suspicious malignant oral cell',
                    'tooth 11 (upper right central incisor)',
                    'tooth 12 (upper right lateral incisor)',
                    'tooth 13 (upper right canine)',
                    'tooth 14 (upper right first premolar)',
                    'tooth 15 (upper right second premolar)',
                    'tooth 16 (upper right first molar)',
                    'tooth 17 (upper right second molar)',
                    'tooth 18 (upper right third molar)',
                    'tooth 21 (upper left central incisor)',
                    'tooth 22 (upper left lateral incisor)',
                    'tooth 23 (upper left canine)',
                    'tooth 24 (upper left first premolar)',
                    'tooth 25 (upper left second premolar)',
                    'tooth 26 (upper left first molar)',
                    'tooth 27 (upper left second molar)',
                    'tooth 28 (upper left third molar)',
                    'tooth 31 (lower left central incisor)',
                    'tooth 32 (lower left lateral incisor)',
                    'tooth 33 (lower left canine)',
                    'tooth 34 (lower left first premolar)',
                    'tooth 35 (lower left second premolar)',
                    'tooth 36 (lower left first molar)',
                    'tooth 37 (lower left second molar)',
                    'tooth 38 (lower left third molar)',
                    'tooth 41 (lower right central incisor)',
                    'tooth 42 (lower right lateral incisor)',
                    'tooth 43 (lower right canine)',
                    'tooth 44 (lower right first premolar)',
                    'tooth 45 (lower right second premolar)',
                    'tooth 46 (lower right first molar)',
                    'tooth 47 (lower right second molar)',
                    'tooth 48 (lower right third molar)',
                    'tooth erosion',
                    'tooth malformation',
                    'true combined endo-perio lesion',
                    'tumor',
                )),
            test_mode=True,
            type='WeCocoDataset'),
        pipeline=[
            dict(backend_args=None, type='LoadImageFromFile'),
            dict(scale=(
                640,
                640,
            ), type='WeDetectKeepRatioResize'),
            dict(
                allow_scale_up=False,
                pad_val=dict(img=114),
                scale=(
                    640,
                    640,
                ),
                type='WeDetectLetterResize'),
            dict(_scope_='mmdet', type='LoadAnnotations', with_bbox=True),
            dict(type='LoadText'),
            dict(
                meta_keys=(
                    'img_id',
                    'img_path',
                    'ori_shape',
                    'img_shape',
                    'scale_factor',
                    'pad_param',
                    'texts',
                ),
                type='PackDetInputs'),
        ],
        type='MultiModalDataset'),
    drop_last=False,
    num_workers=2,
    persistent_workers=True,
    pin_memory=True,
    sampler=dict(shuffle=False, type='DefaultSampler'))
val_dataset = dict(
    class_text_path=
    '/home/siyuan/projects/LLMs/OralDetect-Family/OralDetect/datas/class_texts_oraldetect.json',
    dataset=dict(
        ann_file=
        '/home/siyuan/projects/LLMs/OralDetect-Family/OralDetect/datas/instances_oraldetect_val.json',
        batch_shapes_cfg=None,
        data_prefix=dict(img=''),
        data_root='/home/siyuan/OralDetect_data_by_modality/',
        metainfo=dict(
            classes=(
                'abnormal oral epithelial cell',
                'alveolar bone loss',
                'anterior teeth with fluorosis',
                'anterior teeth without fluorosis',
                'canine',
                'central incisor',
                'craniofacial or oral anomaly',
                'dental abrasion',
                'dental caries',
                'dental crown restoration',
                'dental filling',
                'dental implant',
                'dental opacity',
                'dental restoration',
                'dental restoration (filling or crown)',
                'dividing oral cell',
                'first molar',
                'first premolar',
                'foreign object or debris',
                'hard recognized oral cell',
                'impacted tooth',
                'intraoral appliance',
                'lateral incisor',
                'lightly abnormal oral cell',
                'malignant oral cell',
                'mandibular canal',
                'maxillary sinus',
                'missing or residual root',
                'missing teeth',
                'normal',
                'normal oral cell',
                'oral blood cell',
                'orthodontic bracket',
                'periapical lesion',
                'periodontal pocket',
                'primary endodontic lesion',
                'primary endodontic with secondary periodontal lesion',
                'primary periodontal lesion',
                'primary periodontal with secondary endodontic lesion',
                'quadrant 1 (upper right)',
                'quadrant 2 (upper left)',
                'quadrant 3 (lower left)',
                'quadrant 4 (lower right)',
                'reactive oral cell',
                'retained root',
                'root canal treatment',
                'second molar',
                'second premolar',
                'severe gingivitis',
                'suspicious malignant oral cell',
                'tooth 11 (upper right central incisor)',
                'tooth 12 (upper right lateral incisor)',
                'tooth 13 (upper right canine)',
                'tooth 14 (upper right first premolar)',
                'tooth 15 (upper right second premolar)',
                'tooth 16 (upper right first molar)',
                'tooth 17 (upper right second molar)',
                'tooth 18 (upper right third molar)',
                'tooth 21 (upper left central incisor)',
                'tooth 22 (upper left lateral incisor)',
                'tooth 23 (upper left canine)',
                'tooth 24 (upper left first premolar)',
                'tooth 25 (upper left second premolar)',
                'tooth 26 (upper left first molar)',
                'tooth 27 (upper left second molar)',
                'tooth 28 (upper left third molar)',
                'tooth 31 (lower left central incisor)',
                'tooth 32 (lower left lateral incisor)',
                'tooth 33 (lower left canine)',
                'tooth 34 (lower left first premolar)',
                'tooth 35 (lower left second premolar)',
                'tooth 36 (lower left first molar)',
                'tooth 37 (lower left second molar)',
                'tooth 38 (lower left third molar)',
                'tooth 41 (lower right central incisor)',
                'tooth 42 (lower right lateral incisor)',
                'tooth 43 (lower right canine)',
                'tooth 44 (lower right first premolar)',
                'tooth 45 (lower right second premolar)',
                'tooth 46 (lower right first molar)',
                'tooth 47 (lower right second molar)',
                'tooth 48 (lower right third molar)',
                'tooth erosion',
                'tooth malformation',
                'true combined endo-perio lesion',
                'tumor',
            )),
        test_mode=True,
        type='WeCocoDataset'),
    pipeline=[
        dict(backend_args=None, type='LoadImageFromFile'),
        dict(scale=(
            640,
            640,
        ), type='WeDetectKeepRatioResize'),
        dict(
            allow_scale_up=False,
            pad_val=dict(img=114),
            scale=(
                640,
                640,
            ),
            type='WeDetectLetterResize'),
        dict(_scope_='mmdet', type='LoadAnnotations', with_bbox=True),
        dict(type='LoadText'),
        dict(
            meta_keys=(
                'img_id',
                'img_path',
                'ori_shape',
                'img_shape',
                'scale_factor',
                'pad_param',
                'texts',
            ),
            type='PackDetInputs'),
    ],
    type='MultiModalDataset')
val_evaluator = dict(
    ann_file=
    '/home/siyuan/projects/LLMs/OralDetect-Family/OralDetect/datas/instances_oraldetect_val.json',
    metric='bbox',
    type='CocoMetric')
vis_backends = [
    dict(type='LocalVisBackend'),
]
visualizer = dict(
    name='visualizer',
    type='mmdet.DetLocalVisualizer',
    vis_backends=[
        dict(type='LocalVisBackend'),
    ])
weight_decay = 0.05
work_dir = 'work_dirs/oraldetect_v11dt_s2'

Some weights of BertModel were not initialized from the model checkpoint at /home/siyuan/projects/LLMs/OralDetect-Family/OralCLIP/Bert_tuning/checkpoints/BiomedNLP-BiomedBERT-base-uncased-abstract-fulltext_dental_mlm/final and are newly initialized: ['pooler.dense.bias', 'pooler.dense.weight']
You should probably TRAIN this model on a down-stream task to be able to use it for predictions and inference.
Some weights of BertModel were not initialized from the model checkpoint at /home/siyuan/projects/LLMs/OralDetect-Family/OralCLIP/Bert_tuning/checkpoints/BiomedNLP-BiomedBERT-base-uncased-abstract-fulltext_dental_mlm/final and are newly initialized: ['pooler.dense.bias', 'pooler.dense.weight']
You should probably TRAIN this model on a down-stream task to be able to use it for predictions and inference.
Some weights of BertModel were not initialized from the model checkpoint at /home/siyuan/projects/LLMs/OralDetect-Family/OralCLIP/Bert_tuning/checkpoints/BiomedNLP-BiomedBERT-base-uncased-abstract-fulltext_dental_mlm/final and are newly initialized: ['pooler.dense.bias', 'pooler.dense.weight']
You should probably TRAIN this model on a down-stream task to be able to use it for predictions and inference.
Some weights of BertModel were not initialized from the model checkpoint at /home/siyuan/projects/LLMs/OralDetect-Family/OralCLIP/Bert_tuning/checkpoints/BiomedNLP-BiomedBERT-base-uncased-abstract-fulltext_dental_mlm/final and are newly initialized: ['pooler.dense.bias', 'pooler.dense.weight']
You should probably TRAIN this model on a down-stream task to be able to use it for predictions and inference.
07/10 02:45:16 - mmengine - INFO - Using SyncBatchNorm()
07/10 02:45:16 - mmengine - INFO - Hooks will be executed in the following order:
before_run:
(VERY_HIGH   ) RuntimeInfoHook                    
(BELOW_NORMAL) LoggerHook                         
 -------------------- 
before_train:
(VERY_HIGH   ) RuntimeInfoHook                    
(NORMAL      ) IterTimerHook                      
(VERY_LOW    ) CheckpointHook                     
 -------------------- 
before_train_epoch:
(VERY_HIGH   ) RuntimeInfoHook                    
(NORMAL      ) IterTimerHook                      
(NORMAL      ) DistSamplerSeedHook                
 -------------------- 
before_train_iter:
(VERY_HIGH   ) RuntimeInfoHook                    
(NORMAL      ) IterTimerHook                      
 -------------------- 
after_train_iter:
(VERY_HIGH   ) RuntimeInfoHook                    
(NORMAL      ) IterTimerHook                      
(BELOW_NORMAL) LoggerHook                         
(LOW         ) ParamSchedulerHook                 
(VERY_LOW    ) CheckpointHook                     
 -------------------- 
after_train_epoch:
(NORMAL      ) IterTimerHook                      
(LOW         ) ParamSchedulerHook                 
(VERY_LOW    ) CheckpointHook                     
 -------------------- 
before_val:
(VERY_HIGH   ) RuntimeInfoHook                    
 -------------------- 
before_val_epoch:
(NORMAL      ) IterTimerHook                      
 -------------------- 
before_val_iter:
(NORMAL      ) IterTimerHook                      
 -------------------- 
after_val_iter:
(NORMAL      ) IterTimerHook                      
(NORMAL      ) DetVisualizationHook               
(BELOW_NORMAL) LoggerHook                         
 -------------------- 
after_val_epoch:
(VERY_HIGH   ) RuntimeInfoHook                    
(NORMAL      ) IterTimerHook                      
(BELOW_NORMAL) LoggerHook                         
(LOW         ) ParamSchedulerHook                 
(VERY_LOW    ) CheckpointHook                     
 -------------------- 
after_val:
(VERY_HIGH   ) RuntimeInfoHook                    
 -------------------- 
after_train:
(VERY_HIGH   ) RuntimeInfoHook                    
(VERY_LOW    ) CheckpointHook                     
 -------------------- 
before_test:
(VERY_HIGH   ) RuntimeInfoHook                    
 -------------------- 
before_test_epoch:
(NORMAL      ) IterTimerHook                      
 -------------------- 
before_test_iter:
(NORMAL      ) IterTimerHook                      
 -------------------- 
after_test_iter:
(NORMAL      ) IterTimerHook                      
(NORMAL      ) DetVisualizationHook               
(BELOW_NORMAL) LoggerHook                         
 -------------------- 
after_test_epoch:
(VERY_HIGH   ) RuntimeInfoHook                    
(NORMAL      ) IterTimerHook                      
(BELOW_NORMAL) LoggerHook                         
 -------------------- 
after_test:
(VERY_HIGH   ) RuntimeInfoHook                    
 -------------------- 
after_run:
(BELOW_NORMAL) LoggerHook                         
 -------------------- 
loading annotations into memory...
loading annotations into memory...
loading annotations into memory...
loading annotations into memory...
Done (t=2.94s)
creating index...
Done (t=3.09s)
creating index...
Done (t=3.20s)
creating index...
index created!
index created!
index created!
Done (t=3.20s)
creating index...
index created!
/home/siyuan/anaconda3/envs/wedetect_official/lib/python3.10/site-packages/albumentations/core/composition.py:331: UserWarning: Got processor for bboxes, but no transform to process it.
  self._set_keys()
loading annotations into memory...
Done (t=0.35s)
creating index...
/home/siyuan/anaconda3/envs/wedetect_official/lib/python3.10/site-packages/albumentations/core/composition.py:331: UserWarning: Got processor for bboxes, but no transform to process it.
  self._set_keys()
index created!
loading annotations into memory...
/home/siyuan/anaconda3/envs/wedetect_official/lib/python3.10/site-packages/albumentations/core/composition.py:331: UserWarning: Got processor for bboxes, but no transform to process it.
  self._set_keys()
loading annotations into memory...
Done (t=0.37s)
creating index...
index created!
Done (t=0.39s)
creating index...
index created!
loading annotations into memory...
Done (t=0.37s)
creating index...
loading annotations into memory...
index created!
loading annotations into memory...
Done (t=0.37s)
creating index...
index created!
Done (t=0.37s)
creating index...
index created!
/home/siyuan/anaconda3/envs/wedetect_official/lib/python3.10/site-packages/albumentations/core/composition.py:331: UserWarning: Got processor for bboxes, but no transform to process it.
  self._set_keys()
07/10 02:45:27 - mmengine - INFO - paramwise_options -- neck.reduce_layer0.block.conv.weight:num of params=262144
07/10 02:45:27 - mmengine - INFO - paramwise_options -- neck.reduce_layer0.block.bn.weight:num of params=256
07/10 02:45:27 - mmengine - INFO - paramwise_options -- neck.reduce_layer0.block.bn.bias:num of params=256
07/10 02:45:27 - mmengine - INFO - paramwise_options -- neck.Bifusion0.cv1.block.conv.weight:num of params=131072
07/10 02:45:27 - mmengine - INFO - paramwise_options -- neck.Bifusion0.cv1.block.bn.weight:num of params=256
07/10 02:45:27 - mmengine - INFO - paramwise_options -- neck.Bifusion0.cv1.block.bn.bias:num of params=256
07/10 02:45:27 - mmengine - INFO - paramwise_options -- neck.Bifusion0.cv2.block.conv.weight:num of params=65536
07/10 02:45:27 - mmengine - INFO - paramwise_options -- neck.Bifusion0.cv2.block.bn.weight:num of params=256
07/10 02:45:27 - mmengine - INFO - paramwise_options -- neck.Bifusion0.cv2.block.bn.bias:num of params=256
07/10 02:45:27 - mmengine - INFO - paramwise_options -- neck.Bifusion0.cv3.block.conv.weight:num of params=196608
07/10 02:45:27 - mmengine - INFO - paramwise_options -- neck.Bifusion0.cv3.block.bn.weight:num of params=256
07/10 02:45:27 - mmengine - INFO - paramwise_options -- neck.Bifusion0.cv3.block.bn.bias:num of params=256
07/10 02:45:27 - mmengine - INFO - paramwise_options -- neck.Bifusion0.upsample.upsample_transpose.weight:num of params=262144
07/10 02:45:27 - mmengine - INFO - paramwise_options -- neck.Bifusion0.upsample.upsample_transpose.bias:num of params=256
07/10 02:45:27 - mmengine - INFO - paramwise_options -- neck.Bifusion0.downsample.block.conv.weight:num of params=589824
07/10 02:45:27 - mmengine - INFO - paramwise_options -- neck.Bifusion0.downsample.block.bn.weight:num of params=256
07/10 02:45:27 - mmengine - INFO - paramwise_options -- neck.Bifusion0.downsample.block.bn.bias:num of params=256
07/10 02:45:27 - mmengine - INFO - paramwise_options -- neck.Rep_p4.cv1.block.conv.weight:num of params=32768
07/10 02:45:27 - mmengine - INFO - paramwise_options -- neck.Rep_p4.cv1.block.bn.weight:num of params=128
07/10 02:45:27 - mmengine - INFO - paramwise_options -- neck.Rep_p4.cv1.block.bn.bias:num of params=128
07/10 02:45:27 - mmengine - INFO - paramwise_options -- neck.Rep_p4.cv2.block.conv.weight:num of params=32768
07/10 02:45:27 - mmengine - INFO - paramwise_options -- neck.Rep_p4.cv2.block.bn.weight:num of params=128
07/10 02:45:27 - mmengine - INFO - paramwise_options -- neck.Rep_p4.cv2.block.bn.bias:num of params=128
07/10 02:45:27 - mmengine - INFO - paramwise_options -- neck.Rep_p4.cv3.block.conv.weight:num of params=65536
07/10 02:45:27 - mmengine - INFO - paramwise_options -- neck.Rep_p4.cv3.block.bn.weight:num of params=256
07/10 02:45:27 - mmengine - INFO - paramwise_options -- neck.Rep_p4.cv3.block.bn.bias:num of params=256
07/10 02:45:27 - mmengine - INFO - paramwise_options -- neck.Rep_p4.m.conv1.alpha:num of params=1
07/10 02:45:27 - mmengine - INFO - paramwise_options -- neck.Rep_p4.m.conv1.conv1.block.conv.weight:num of params=147456
07/10 02:45:27 - mmengine - INFO - paramwise_options -- neck.Rep_p4.m.conv1.conv1.block.bn.weight:num of params=128
07/10 02:45:27 - mmengine - INFO - paramwise_options -- neck.Rep_p4.m.conv1.conv1.block.bn.bias:num of params=128
07/10 02:45:27 - mmengine - INFO - paramwise_options -- neck.Rep_p4.m.conv1.conv2.block.conv.weight:num of params=147456
07/10 02:45:27 - mmengine - INFO - paramwise_options -- neck.Rep_p4.m.conv1.conv2.block.bn.weight:num of params=128
07/10 02:45:27 - mmengine - INFO - paramwise_options -- neck.Rep_p4.m.conv1.conv2.block.bn.bias:num of params=128
07/10 02:45:27 - mmengine - INFO - paramwise_options -- neck.Rep_p4.m.block.0.alpha:num of params=1
07/10 02:45:27 - mmengine - INFO - paramwise_options -- neck.Rep_p4.m.block.0.conv1.block.conv.weight:num of params=147456
07/10 02:45:27 - mmengine - INFO - paramwise_options -- neck.Rep_p4.m.block.0.conv1.block.bn.weight:num of params=128
07/10 02:45:27 - mmengine - INFO - paramwise_options -- neck.Rep_p4.m.block.0.conv1.block.bn.bias:num of params=128
07/10 02:45:27 - mmengine - INFO - paramwise_options -- neck.Rep_p4.m.block.0.conv2.block.conv.weight:num of params=147456
07/10 02:45:27 - mmengine - INFO - paramwise_options -- neck.Rep_p4.m.block.0.conv2.block.bn.weight:num of params=128
07/10 02:45:27 - mmengine - INFO - paramwise_options -- neck.Rep_p4.m.block.0.conv2.block.bn.bias:num of params=128
07/10 02:45:27 - mmengine - INFO - paramwise_options -- neck.Rep_p4.m.block.1.alpha:num of params=1
07/10 02:45:27 - mmengine - INFO - paramwise_options -- neck.Rep_p4.m.block.1.conv1.block.conv.weight:num of params=147456
07/10 02:45:27 - mmengine - INFO - paramwise_options -- neck.Rep_p4.m.block.1.conv1.block.bn.weight:num of params=128
07/10 02:45:27 - mmengine - INFO - paramwise_options -- neck.Rep_p4.m.block.1.conv1.block.bn.bias:num of params=128
07/10 02:45:27 - mmengine - INFO - paramwise_options -- neck.Rep_p4.m.block.1.conv2.block.conv.weight:num of params=147456
07/10 02:45:27 - mmengine - INFO - paramwise_options -- neck.Rep_p4.m.block.1.conv2.block.bn.weight:num of params=128
07/10 02:45:27 - mmengine - INFO - paramwise_options -- neck.Rep_p4.m.block.1.conv2.block.bn.bias:num of params=128
07/10 02:45:27 - mmengine - INFO - paramwise_options -- neck.Rep_p4.m.block.2.alpha:num of params=1
07/10 02:45:27 - mmengine - INFO - paramwise_options -- neck.Rep_p4.m.block.2.conv1.block.conv.weight:num of params=147456
07/10 02:45:27 - mmengine - INFO - paramwise_options -- neck.Rep_p4.m.block.2.conv1.block.bn.weight:num of params=128
07/10 02:45:27 - mmengine - INFO - paramwise_options -- neck.Rep_p4.m.block.2.conv1.block.bn.bias:num of params=128
07/10 02:45:27 - mmengine - INFO - paramwise_options -- neck.Rep_p4.m.block.2.conv2.block.conv.weight:num of params=147456
07/10 02:45:27 - mmengine - INFO - paramwise_options -- neck.Rep_p4.m.block.2.conv2.block.bn.weight:num of params=128
07/10 02:45:27 - mmengine - INFO - paramwise_options -- neck.Rep_p4.m.block.2.conv2.block.bn.bias:num of params=128
07/10 02:45:27 - mmengine - INFO - paramwise_options -- neck.Rep_p4.m.block.3.alpha:num of params=1
07/10 02:45:27 - mmengine - INFO - paramwise_options -- neck.Rep_p4.m.block.3.conv1.block.conv.weight:num of params=147456
07/10 02:45:27 - mmengine - INFO - paramwise_options -- neck.Rep_p4.m.block.3.conv1.block.bn.weight:num of params=128
07/10 02:45:27 - mmengine - INFO - paramwise_options -- neck.Rep_p4.m.block.3.conv1.block.bn.bias:num of params=128
07/10 02:45:27 - mmengine - INFO - paramwise_options -- neck.Rep_p4.m.block.3.conv2.block.conv.weight:num of params=147456
07/10 02:45:27 - mmengine - INFO - paramwise_options -- neck.Rep_p4.m.block.3.conv2.block.bn.weight:num of params=128
07/10 02:45:27 - mmengine - INFO - paramwise_options -- neck.Rep_p4.m.block.3.conv2.block.bn.bias:num of params=128
07/10 02:45:27 - mmengine - INFO - paramwise_options -- neck.Rep_p4.m.block.4.alpha:num of params=1
07/10 02:45:27 - mmengine - INFO - paramwise_options -- neck.Rep_p4.m.block.4.conv1.block.conv.weight:num of params=147456
07/10 02:45:27 - mmengine - INFO - paramwise_options -- neck.Rep_p4.m.block.4.conv1.block.bn.weight:num of params=128
07/10 02:45:27 - mmengine - INFO - paramwise_options -- neck.Rep_p4.m.block.4.conv1.block.bn.bias:num of params=128
07/10 02:45:27 - mmengine - INFO - paramwise_options -- neck.Rep_p4.m.block.4.conv2.block.conv.weight:num of params=147456
07/10 02:45:27 - mmengine - INFO - paramwise_options -- neck.Rep_p4.m.block.4.conv2.block.bn.weight:num of params=128
07/10 02:45:27 - mmengine - INFO - paramwise_options -- neck.Rep_p4.m.block.4.conv2.block.bn.bias:num of params=128
07/10 02:45:27 - mmengine - INFO - paramwise_options -- neck.reduce_layer1.block.conv.weight:num of params=32768
07/10 02:45:27 - mmengine - INFO - paramwise_options -- neck.reduce_layer1.block.bn.weight:num of params=128
07/10 02:45:27 - mmengine - INFO - paramwise_options -- neck.reduce_layer1.block.bn.bias:num of params=128
07/10 02:45:27 - mmengine - INFO - paramwise_options -- neck.Bifusion1.cv1.block.conv.weight:num of params=32768
07/10 02:45:27 - mmengine - INFO - paramwise_options -- neck.Bifusion1.cv1.block.bn.weight:num of params=128
07/10 02:45:27 - mmengine - INFO - paramwise_options -- neck.Bifusion1.cv1.block.bn.bias:num of params=128
07/10 02:45:27 - mmengine - INFO - paramwise_options -- neck.Bifusion1.cv2.block.conv.weight:num of params=16384
07/10 02:45:27 - mmengine - INFO - paramwise_options -- neck.Bifusion1.cv2.block.bn.weight:num of params=128
07/10 02:45:27 - mmengine - INFO - paramwise_options -- neck.Bifusion1.cv2.block.bn.bias:num of params=128
07/10 02:45:27 - mmengine - INFO - paramwise_options -- neck.Bifusion1.cv3.block.conv.weight:num of params=49152
07/10 02:45:27 - mmengine - INFO - paramwise_options -- neck.Bifusion1.cv3.block.bn.weight:num of params=128
07/10 02:45:27 - mmengine - INFO - paramwise_options -- neck.Bifusion1.cv3.block.bn.bias:num of params=128
07/10 02:45:27 - mmengine - INFO - paramwise_options -- neck.Bifusion1.upsample.upsample_transpose.weight:num of params=65536
07/10 02:45:27 - mmengine - INFO - paramwise_options -- neck.Bifusion1.upsample.upsample_transpose.bias:num of params=128
07/10 02:45:27 - mmengine - INFO - paramwise_options -- neck.Bifusion1.downsample.block.conv.weight:num of params=147456
07/10 02:45:27 - mmengine - INFO - paramwise_options -- neck.Bifusion1.downsample.block.bn.weight:num of params=128
07/10 02:45:27 - mmengine - INFO - paramwise_options -- neck.Bifusion1.downsample.block.bn.bias:num of params=128
07/10 02:45:27 - mmengine - INFO - paramwise_options -- neck.Rep_p3.cv1.block.conv.weight:num of params=8192
07/10 02:45:27 - mmengine - INFO - paramwise_options -- neck.Rep_p3.cv1.block.bn.weight:num of params=64
07/10 02:45:27 - mmengine - INFO - paramwise_options -- neck.Rep_p3.cv1.block.bn.bias:num of params=64
07/10 02:45:27 - mmengine - INFO - paramwise_options -- neck.Rep_p3.cv2.block.conv.weight:num of params=8192
07/10 02:45:27 - mmengine - INFO - paramwise_options -- neck.Rep_p3.cv2.block.bn.weight:num of params=64
07/10 02:45:27 - mmengine - INFO - paramwise_options -- neck.Rep_p3.cv2.block.bn.bias:num of params=64
07/10 02:45:27 - mmengine - INFO - paramwise_options -- neck.Rep_p3.cv3.block.conv.weight:num of params=16384
07/10 02:45:27 - mmengine - INFO - paramwise_options -- neck.Rep_p3.cv3.block.bn.weight:num of params=128
07/10 02:45:27 - mmengine - INFO - paramwise_options -- neck.Rep_p3.cv3.block.bn.bias:num of params=128
07/10 02:45:27 - mmengine - INFO - paramwise_options -- neck.Rep_p3.m.conv1.alpha:num of params=1
07/10 02:45:27 - mmengine - INFO - paramwise_options -- neck.Rep_p3.m.conv1.conv1.block.conv.weight:num of params=36864
07/10 02:45:27 - mmengine - INFO - paramwise_options -- neck.Rep_p3.m.conv1.conv1.block.bn.weight:num of params=64
07/10 02:45:27 - mmengine - INFO - paramwise_options -- neck.Rep_p3.m.conv1.conv1.block.bn.bias:num of params=64
07/10 02:45:27 - mmengine - INFO - paramwise_options -- neck.Rep_p3.m.conv1.conv2.block.conv.weight:num of params=36864
07/10 02:45:27 - mmengine - INFO - paramwise_options -- neck.Rep_p3.m.conv1.conv2.block.bn.weight:num of params=64
07/10 02:45:27 - mmengine - INFO - paramwise_options -- neck.Rep_p3.m.conv1.conv2.block.bn.bias:num of params=64
07/10 02:45:27 - mmengine - INFO - paramwise_options -- neck.Rep_p3.m.block.0.alpha:num of params=1
07/10 02:45:27 - mmengine - INFO - paramwise_options -- neck.Rep_p3.m.block.0.conv1.block.conv.weight:num of params=36864
07/10 02:45:27 - mmengine - INFO - paramwise_options -- neck.Rep_p3.m.block.0.conv1.block.bn.weight:num of params=64
07/10 02:45:27 - mmengine - INFO - paramwise_options -- neck.Rep_p3.m.block.0.conv1.block.bn.bias:num of params=64
07/10 02:45:27 - mmengine - INFO - paramwise_options -- neck.Rep_p3.m.block.0.conv2.block.conv.weight:num of params=36864
07/10 02:45:27 - mmengine - INFO - paramwise_options -- neck.Rep_p3.m.block.0.conv2.block.bn.weight:num of params=64
07/10 02:45:27 - mmengine - INFO - paramwise_options -- neck.Rep_p3.m.block.0.conv2.block.bn.bias:num of params=64
07/10 02:45:27 - mmengine - INFO - paramwise_options -- neck.Rep_p3.m.block.1.alpha:num of params=1
07/10 02:45:27 - mmengine - INFO - paramwise_options -- neck.Rep_p3.m.block.1.conv1.block.conv.weight:num of params=36864
07/10 02:45:27 - mmengine - INFO - paramwise_options -- neck.Rep_p3.m.block.1.conv1.block.bn.weight:num of params=64
07/10 02:45:27 - mmengine - INFO - paramwise_options -- neck.Rep_p3.m.block.1.conv1.block.bn.bias:num of params=64
07/10 02:45:27 - mmengine - INFO - paramwise_options -- neck.Rep_p3.m.block.1.conv2.block.conv.weight:num of params=36864
07/10 02:45:27 - mmengine - INFO - paramwise_options -- neck.Rep_p3.m.block.1.conv2.block.bn.weight:num of params=64
07/10 02:45:27 - mmengine - INFO - paramwise_options -- neck.Rep_p3.m.block.1.conv2.block.bn.bias:num of params=64
07/10 02:45:27 - mmengine - INFO - paramwise_options -- neck.Rep_p3.m.block.2.alpha:num of params=1
07/10 02:45:27 - mmengine - INFO - paramwise_options -- neck.Rep_p3.m.block.2.conv1.block.conv.weight:num of params=36864
07/10 02:45:27 - mmengine - INFO - paramwise_options -- neck.Rep_p3.m.block.2.conv1.block.bn.weight:num of params=64
07/10 02:45:27 - mmengine - INFO - paramwise_options -- neck.Rep_p3.m.block.2.conv1.block.bn.bias:num of params=64
07/10 02:45:27 - mmengine - INFO - paramwise_options -- neck.Rep_p3.m.block.2.conv2.block.conv.weight:num of params=36864
07/10 02:45:27 - mmengine - INFO - paramwise_options -- neck.Rep_p3.m.block.2.conv2.block.bn.weight:num of params=64
07/10 02:45:27 - mmengine - INFO - paramwise_options -- neck.Rep_p3.m.block.2.conv2.block.bn.bias:num of params=64
07/10 02:45:27 - mmengine - INFO - paramwise_options -- neck.Rep_p3.m.block.3.alpha:num of params=1
07/10 02:45:27 - mmengine - INFO - paramwise_options -- neck.Rep_p3.m.block.3.conv1.block.conv.weight:num of params=36864
07/10 02:45:27 - mmengine - INFO - paramwise_options -- neck.Rep_p3.m.block.3.conv1.block.bn.weight:num of params=64
07/10 02:45:27 - mmengine - INFO - paramwise_options -- neck.Rep_p3.m.block.3.conv1.block.bn.bias:num of params=64
07/10 02:45:27 - mmengine - INFO - paramwise_options -- neck.Rep_p3.m.block.3.conv2.block.conv.weight:num of params=36864
07/10 02:45:27 - mmengine - INFO - paramwise_options -- neck.Rep_p3.m.block.3.conv2.block.bn.weight:num of params=64
07/10 02:45:27 - mmengine - INFO - paramwise_options -- neck.Rep_p3.m.block.3.conv2.block.bn.bias:num of params=64
07/10 02:45:27 - mmengine - INFO - paramwise_options -- neck.Rep_p3.m.block.4.alpha:num of params=1
07/10 02:45:27 - mmengine - INFO - paramwise_options -- neck.Rep_p3.m.block.4.conv1.block.conv.weight:num of params=36864
07/10 02:45:27 - mmengine - INFO - paramwise_options -- neck.Rep_p3.m.block.4.conv1.block.bn.weight:num of params=64
07/10 02:45:27 - mmengine - INFO - paramwise_options -- neck.Rep_p3.m.block.4.conv1.block.bn.bias:num of params=64
07/10 02:45:27 - mmengine - INFO - paramwise_options -- neck.Rep_p3.m.block.4.conv2.block.conv.weight:num of params=36864
07/10 02:45:27 - mmengine - INFO - paramwise_options -- neck.Rep_p3.m.block.4.conv2.block.bn.weight:num of params=64
07/10 02:45:27 - mmengine - INFO - paramwise_options -- neck.Rep_p3.m.block.4.conv2.block.bn.bias:num of params=64
07/10 02:45:27 - mmengine - INFO - paramwise_options -- neck.downsample2.block.conv.weight:num of params=147456
07/10 02:45:27 - mmengine - INFO - paramwise_options -- neck.downsample2.block.bn.weight:num of params=128
07/10 02:45:27 - mmengine - INFO - paramwise_options -- neck.downsample2.block.bn.bias:num of params=128
07/10 02:45:27 - mmengine - INFO - paramwise_options -- neck.Rep_n3.cv1.block.conv.weight:num of params=32768
07/10 02:45:27 - mmengine - INFO - paramwise_options -- neck.Rep_n3.cv1.block.bn.weight:num of params=128
07/10 02:45:27 - mmengine - INFO - paramwise_options -- neck.Rep_n3.cv1.block.bn.bias:num of params=128
07/10 02:45:27 - mmengine - INFO - paramwise_options -- neck.Rep_n3.cv2.block.conv.weight:num of params=32768
07/10 02:45:27 - mmengine - INFO - paramwise_options -- neck.Rep_n3.cv2.block.bn.weight:num of params=128
07/10 02:45:27 - mmengine - INFO - paramwise_options -- neck.Rep_n3.cv2.block.bn.bias:num of params=128
07/10 02:45:27 - mmengine - INFO - paramwise_options -- neck.Rep_n3.cv3.block.conv.weight:num of params=65536
07/10 02:45:27 - mmengine - INFO - paramwise_options -- neck.Rep_n3.cv3.block.bn.weight:num of params=256
07/10 02:45:27 - mmengine - INFO - paramwise_options -- neck.Rep_n3.cv3.block.bn.bias:num of params=256
07/10 02:45:27 - mmengine - INFO - paramwise_options -- neck.Rep_n3.m.conv1.alpha:num of params=1
07/10 02:45:27 - mmengine - INFO - paramwise_options -- neck.Rep_n3.m.conv1.conv1.block.conv.weight:num of params=147456
07/10 02:45:27 - mmengine - INFO - paramwise_options -- neck.Rep_n3.m.conv1.conv1.block.bn.weight:num of params=128
07/10 02:45:27 - mmengine - INFO - paramwise_options -- neck.Rep_n3.m.conv1.conv1.block.bn.bias:num of params=128
07/10 02:45:27 - mmengine - INFO - paramwise_options -- neck.Rep_n3.m.conv1.conv2.block.conv.weight:num of params=147456
07/10 02:45:27 - mmengine - INFO - paramwise_options -- neck.Rep_n3.m.conv1.conv2.block.bn.weight:num of params=128
07/10 02:45:27 - mmengine - INFO - paramwise_options -- neck.Rep_n3.m.conv1.conv2.block.bn.bias:num of params=128
07/10 02:45:27 - mmengine - INFO - paramwise_options -- neck.Rep_n3.m.block.0.alpha:num of params=1
07/10 02:45:27 - mmengine - INFO - paramwise_options -- neck.Rep_n3.m.block.0.conv1.block.conv.weight:num of params=147456
07/10 02:45:27 - mmengine - INFO - paramwise_options -- neck.Rep_n3.m.block.0.conv1.block.bn.weight:num of params=128
07/10 02:45:27 - mmengine - INFO - paramwise_options -- neck.Rep_n3.m.block.0.conv1.block.bn.bias:num of params=128
07/10 02:45:27 - mmengine - INFO - paramwise_options -- neck.Rep_n3.m.block.0.conv2.block.conv.weight:num of params=147456
07/10 02:45:27 - mmengine - INFO - paramwise_options -- neck.Rep_n3.m.block.0.conv2.block.bn.weight:num of params=128
07/10 02:45:27 - mmengine - INFO - paramwise_options -- neck.Rep_n3.m.block.0.conv2.block.bn.bias:num of params=128
07/10 02:45:27 - mmengine - INFO - paramwise_options -- neck.Rep_n3.m.block.1.alpha:num of params=1
07/10 02:45:27 - mmengine - INFO - paramwise_options -- neck.Rep_n3.m.block.1.conv1.block.conv.weight:num of params=147456
07/10 02:45:27 - mmengine - INFO - paramwise_options -- neck.Rep_n3.m.block.1.conv1.block.bn.weight:num of params=128
07/10 02:45:27 - mmengine - INFO - paramwise_options -- neck.Rep_n3.m.block.1.conv1.block.bn.bias:num of params=128
07/10 02:45:27 - mmengine - INFO - paramwise_options -- neck.Rep_n3.m.block.1.conv2.block.conv.weight:num of params=147456
07/10 02:45:27 - mmengine - INFO - paramwise_options -- neck.Rep_n3.m.block.1.conv2.block.bn.weight:num of params=128
07/10 02:45:27 - mmengine - INFO - paramwise_options -- neck.Rep_n3.m.block.1.conv2.block.bn.bias:num of params=128
07/10 02:45:27 - mmengine - INFO - paramwise_options -- neck.Rep_n3.m.block.2.alpha:num of params=1
07/10 02:45:27 - mmengine - INFO - paramwise_options -- neck.Rep_n3.m.block.2.conv1.block.conv.weight:num of params=147456
07/10 02:45:27 - mmengine - INFO - paramwise_options -- neck.Rep_n3.m.block.2.conv1.block.bn.weight:num of params=128
07/10 02:45:27 - mmengine - INFO - paramwise_options -- neck.Rep_n3.m.block.2.conv1.block.bn.bias:num of params=128
07/10 02:45:27 - mmengine - INFO - paramwise_options -- neck.Rep_n3.m.block.2.conv2.block.conv.weight:num of params=147456
07/10 02:45:27 - mmengine - INFO - paramwise_options -- neck.Rep_n3.m.block.2.conv2.block.bn.weight:num of params=128
07/10 02:45:27 - mmengine - INFO - paramwise_options -- neck.Rep_n3.m.block.2.conv2.block.bn.bias:num of params=128
07/10 02:45:27 - mmengine - INFO - paramwise_options -- neck.Rep_n3.m.block.3.alpha:num of params=1
07/10 02:45:27 - mmengine - INFO - paramwise_options -- neck.Rep_n3.m.block.3.conv1.block.conv.weight:num of params=147456
07/10 02:45:27 - mmengine - INFO - paramwise_options -- neck.Rep_n3.m.block.3.conv1.block.bn.weight:num of params=128
07/10 02:45:27 - mmengine - INFO - paramwise_options -- neck.Rep_n3.m.block.3.conv1.block.bn.bias:num of params=128
07/10 02:45:27 - mmengine - INFO - paramwise_options -- neck.Rep_n3.m.block.3.conv2.block.conv.weight:num of params=147456
07/10 02:45:27 - mmengine - INFO - paramwise_options -- neck.Rep_n3.m.block.3.conv2.block.bn.weight:num of params=128
07/10 02:45:27 - mmengine - INFO - paramwise_options -- neck.Rep_n3.m.block.3.conv2.block.bn.bias:num of params=128
07/10 02:45:27 - mmengine - INFO - paramwise_options -- neck.Rep_n3.m.block.4.alpha:num of params=1
07/10 02:45:27 - mmengine - INFO - paramwise_options -- neck.Rep_n3.m.block.4.conv1.block.conv.weight:num of params=147456
07/10 02:45:27 - mmengine - INFO - paramwise_options -- neck.Rep_n3.m.block.4.conv1.block.bn.weight:num of params=128
07/10 02:45:27 - mmengine - INFO - paramwise_options -- neck.Rep_n3.m.block.4.conv1.block.bn.bias:num of params=128
07/10 02:45:27 - mmengine - INFO - paramwise_options -- neck.Rep_n3.m.block.4.conv2.block.conv.weight:num of params=147456
07/10 02:45:27 - mmengine - INFO - paramwise_options -- neck.Rep_n3.m.block.4.conv2.block.bn.weight:num of params=128
07/10 02:45:27 - mmengine - INFO - paramwise_options -- neck.Rep_n3.m.block.4.conv2.block.bn.bias:num of params=128
07/10 02:45:27 - mmengine - INFO - paramwise_options -- neck.downsample1.block.conv.weight:num of params=589824
07/10 02:45:27 - mmengine - INFO - paramwise_options -- neck.downsample1.block.bn.weight:num of params=256
07/10 02:45:27 - mmengine - INFO - paramwise_options -- neck.downsample1.block.bn.bias:num of params=256
07/10 02:45:27 - mmengine - INFO - paramwise_options -- neck.Rep_n4.cv1.block.conv.weight:num of params=131072
07/10 02:45:27 - mmengine - INFO - paramwise_options -- neck.Rep_n4.cv1.block.bn.weight:num of params=256
07/10 02:45:27 - mmengine - INFO - paramwise_options -- neck.Rep_n4.cv1.block.bn.bias:num of params=256
07/10 02:45:27 - mmengine - INFO - paramwise_options -- neck.Rep_n4.cv2.block.conv.weight:num of params=131072
07/10 02:45:27 - mmengine - INFO - paramwise_options -- neck.Rep_n4.cv2.block.bn.weight:num of params=256
07/10 02:45:27 - mmengine - INFO - paramwise_options -- neck.Rep_n4.cv2.block.bn.bias:num of params=256
07/10 02:45:27 - mmengine - INFO - paramwise_options -- neck.Rep_n4.cv3.block.conv.weight:num of params=262144
07/10 02:45:27 - mmengine - INFO - paramwise_options -- neck.Rep_n4.cv3.block.bn.weight:num of params=512
07/10 02:45:27 - mmengine - INFO - paramwise_options -- neck.Rep_n4.cv3.block.bn.bias:num of params=512
07/10 02:45:27 - mmengine - INFO - paramwise_options -- neck.Rep_n4.m.conv1.alpha:num of params=1
07/10 02:45:27 - mmengine - INFO - paramwise_options -- neck.Rep_n4.m.conv1.conv1.block.conv.weight:num of params=589824
07/10 02:45:27 - mmengine - INFO - paramwise_options -- neck.Rep_n4.m.conv1.conv1.block.bn.weight:num of params=256
07/10 02:45:27 - mmengine - INFO - paramwise_options -- neck.Rep_n4.m.conv1.conv1.block.bn.bias:num of params=256
07/10 02:45:27 - mmengine - INFO - paramwise_options -- neck.Rep_n4.m.conv1.conv2.block.conv.weight:num of params=589824
07/10 02:45:27 - mmengine - INFO - paramwise_options -- neck.Rep_n4.m.conv1.conv2.block.bn.weight:num of params=256
07/10 02:45:27 - mmengine - INFO - paramwise_options -- neck.Rep_n4.m.conv1.conv2.block.bn.bias:num of params=256
07/10 02:45:27 - mmengine - INFO - paramwise_options -- neck.Rep_n4.m.block.0.alpha:num of params=1
07/10 02:45:27 - mmengine - INFO - paramwise_options -- neck.Rep_n4.m.block.0.conv1.block.conv.weight:num of params=589824
07/10 02:45:27 - mmengine - INFO - paramwise_options -- neck.Rep_n4.m.block.0.conv1.block.bn.weight:num of params=256
07/10 02:45:27 - mmengine - INFO - paramwise_options -- neck.Rep_n4.m.block.0.conv1.block.bn.bias:num of params=256
07/10 02:45:27 - mmengine - INFO - paramwise_options -- neck.Rep_n4.m.block.0.conv2.block.conv.weight:num of params=589824
07/10 02:45:27 - mmengine - INFO - paramwise_options -- neck.Rep_n4.m.block.0.conv2.block.bn.weight:num of params=256
07/10 02:45:27 - mmengine - INFO - paramwise_options -- neck.Rep_n4.m.block.0.conv2.block.bn.bias:num of params=256
07/10 02:45:27 - mmengine - INFO - paramwise_options -- neck.Rep_n4.m.block.1.alpha:num of params=1
07/10 02:45:27 - mmengine - INFO - paramwise_options -- neck.Rep_n4.m.block.1.conv1.block.conv.weight:num of params=589824
07/10 02:45:27 - mmengine - INFO - paramwise_options -- neck.Rep_n4.m.block.1.conv1.block.bn.weight:num of params=256
07/10 02:45:27 - mmengine - INFO - paramwise_options -- neck.Rep_n4.m.block.1.conv1.block.bn.bias:num of params=256
07/10 02:45:27 - mmengine - INFO - paramwise_options -- neck.Rep_n4.m.block.1.conv2.block.conv.weight:num of params=589824
07/10 02:45:27 - mmengine - INFO - paramwise_options -- neck.Rep_n4.m.block.1.conv2.block.bn.weight:num of params=256
07/10 02:45:27 - mmengine - INFO - paramwise_options -- neck.Rep_n4.m.block.1.conv2.block.bn.bias:num of params=256
07/10 02:45:27 - mmengine - INFO - paramwise_options -- neck.Rep_n4.m.block.2.alpha:num of params=1
07/10 02:45:27 - mmengine - INFO - paramwise_options -- neck.Rep_n4.m.block.2.conv1.block.conv.weight:num of params=589824
07/10 02:45:27 - mmengine - INFO - paramwise_options -- neck.Rep_n4.m.block.2.conv1.block.bn.weight:num of params=256
07/10 02:45:27 - mmengine - INFO - paramwise_options -- neck.Rep_n4.m.block.2.conv1.block.bn.bias:num of params=256
07/10 02:45:27 - mmengine - INFO - paramwise_options -- neck.Rep_n4.m.block.2.conv2.block.conv.weight:num of params=589824
07/10 02:45:27 - mmengine - INFO - paramwise_options -- neck.Rep_n4.m.block.2.conv2.block.bn.weight:num of params=256
07/10 02:45:27 - mmengine - INFO - paramwise_options -- neck.Rep_n4.m.block.2.conv2.block.bn.bias:num of params=256
07/10 02:45:27 - mmengine - INFO - paramwise_options -- neck.Rep_n4.m.block.3.alpha:num of params=1
07/10 02:45:27 - mmengine - INFO - paramwise_options -- neck.Rep_n4.m.block.3.conv1.block.conv.weight:num of params=589824
07/10 02:45:27 - mmengine - INFO - paramwise_options -- neck.Rep_n4.m.block.3.conv1.block.bn.weight:num of params=256
07/10 02:45:27 - mmengine - INFO - paramwise_options -- neck.Rep_n4.m.block.3.conv1.block.bn.bias:num of params=256
07/10 02:45:27 - mmengine - INFO - paramwise_options -- neck.Rep_n4.m.block.3.conv2.block.conv.weight:num of params=589824
07/10 02:45:27 - mmengine - INFO - paramwise_options -- neck.Rep_n4.m.block.3.conv2.block.bn.weight:num of params=256
07/10 02:45:27 - mmengine - INFO - paramwise_options -- neck.Rep_n4.m.block.3.conv2.block.bn.bias:num of params=256
07/10 02:45:27 - mmengine - INFO - paramwise_options -- neck.Rep_n4.m.block.4.alpha:num of params=1
07/10 02:45:27 - mmengine - INFO - paramwise_options -- neck.Rep_n4.m.block.4.conv1.block.conv.weight:num of params=589824
07/10 02:45:27 - mmengine - INFO - paramwise_options -- neck.Rep_n4.m.block.4.conv1.block.bn.weight:num of params=256
07/10 02:45:27 - mmengine - INFO - paramwise_options -- neck.Rep_n4.m.block.4.conv1.block.bn.bias:num of params=256
07/10 02:45:27 - mmengine - INFO - paramwise_options -- neck.Rep_n4.m.block.4.conv2.block.conv.weight:num of params=589824
07/10 02:45:27 - mmengine - INFO - paramwise_options -- neck.Rep_n4.m.block.4.conv2.block.bn.weight:num of params=256
07/10 02:45:27 - mmengine - INFO - paramwise_options -- neck.Rep_n4.m.block.4.conv2.block.bn.bias:num of params=256
07/10 02:45:27 - mmengine - INFO - paramwise_options -- bbox_head.head_module.cls_preds.0.0.conv.weight:num of params=294912
07/10 02:45:27 - mmengine - INFO - paramwise_options -- bbox_head.head_module.cls_preds.0.0.bn.weight:num of params=256
07/10 02:45:27 - mmengine - INFO - paramwise_options -- bbox_head.head_module.cls_preds.0.0.bn.bias:num of params=256
07/10 02:45:27 - mmengine - INFO - paramwise_options -- bbox_head.head_module.cls_preds.0.1.conv.weight:num of params=589824
07/10 02:45:27 - mmengine - INFO - paramwise_options -- bbox_head.head_module.cls_preds.0.1.bn.weight:num of params=256
07/10 02:45:27 - mmengine - INFO - paramwise_options -- bbox_head.head_module.cls_preds.0.1.bn.bias:num of params=256
07/10 02:45:27 - mmengine - INFO - paramwise_options -- bbox_head.head_module.cls_preds.0.2.weight:num of params=196608
07/10 02:45:27 - mmengine - INFO - paramwise_options -- bbox_head.head_module.cls_preds.0.2.bias:num of params=768
07/10 02:45:27 - mmengine - INFO - paramwise_options -- bbox_head.head_module.cls_preds.1.0.conv.weight:num of params=589824
07/10 02:45:27 - mmengine - INFO - paramwise_options -- bbox_head.head_module.cls_preds.1.0.bn.weight:num of params=256
07/10 02:45:27 - mmengine - INFO - paramwise_options -- bbox_head.head_module.cls_preds.1.0.bn.bias:num of params=256
07/10 02:45:27 - mmengine - INFO - paramwise_options -- bbox_head.head_module.cls_preds.1.1.conv.weight:num of params=589824
07/10 02:45:27 - mmengine - INFO - paramwise_options -- bbox_head.head_module.cls_preds.1.1.bn.weight:num of params=256
07/10 02:45:27 - mmengine - INFO - paramwise_options -- bbox_head.head_module.cls_preds.1.1.bn.bias:num of params=256
07/10 02:45:27 - mmengine - INFO - paramwise_options -- bbox_head.head_module.cls_preds.1.2.weight:num of params=196608
07/10 02:45:27 - mmengine - INFO - paramwise_options -- bbox_head.head_module.cls_preds.1.2.bias:num of params=768
07/10 02:45:27 - mmengine - INFO - paramwise_options -- bbox_head.head_module.cls_preds.2.0.conv.weight:num of params=1179648
07/10 02:45:27 - mmengine - INFO - paramwise_options -- bbox_head.head_module.cls_preds.2.0.bn.weight:num of params=256
07/10 02:45:27 - mmengine - INFO - paramwise_options -- bbox_head.head_module.cls_preds.2.0.bn.bias:num of params=256
07/10 02:45:27 - mmengine - INFO - paramwise_options -- bbox_head.head_module.cls_preds.2.1.conv.weight:num of params=589824
07/10 02:45:27 - mmengine - INFO - paramwise_options -- bbox_head.head_module.cls_preds.2.1.bn.weight:num of params=256
07/10 02:45:27 - mmengine - INFO - paramwise_options -- bbox_head.head_module.cls_preds.2.1.bn.bias:num of params=256
07/10 02:45:27 - mmengine - INFO - paramwise_options -- bbox_head.head_module.cls_preds.2.2.weight:num of params=196608
07/10 02:45:27 - mmengine - INFO - paramwise_options -- bbox_head.head_module.cls_preds.2.2.bias:num of params=768
07/10 02:45:27 - mmengine - INFO - paramwise_options -- bbox_head.head_module.reg_preds.0.0.conv.weight:num of params=73728
07/10 02:45:27 - mmengine - INFO - paramwise_options -- bbox_head.head_module.reg_preds.0.0.bn.weight:num of params=64
07/10 02:45:27 - mmengine - INFO - paramwise_options -- bbox_head.head_module.reg_preds.0.0.bn.bias:num of params=64
07/10 02:45:27 - mmengine - INFO - paramwise_options -- bbox_head.head_module.reg_preds.0.1.conv.weight:num of params=36864
07/10 02:45:27 - mmengine - INFO - paramwise_options -- bbox_head.head_module.reg_preds.0.1.bn.weight:num of params=64
07/10 02:45:27 - mmengine - INFO - paramwise_options -- bbox_head.head_module.reg_preds.0.1.bn.bias:num of params=64
07/10 02:45:27 - mmengine - INFO - paramwise_options -- bbox_head.head_module.reg_preds.0.2.weight:num of params=4096
07/10 02:45:27 - mmengine - INFO - paramwise_options -- bbox_head.head_module.reg_preds.0.2.bias:num of params=64
07/10 02:45:27 - mmengine - INFO - paramwise_options -- bbox_head.head_module.reg_preds.1.0.conv.weight:num of params=147456
07/10 02:45:27 - mmengine - INFO - paramwise_options -- bbox_head.head_module.reg_preds.1.0.bn.weight:num of params=64
07/10 02:45:27 - mmengine - INFO - paramwise_options -- bbox_head.head_module.reg_preds.1.0.bn.bias:num of params=64
07/10 02:45:27 - mmengine - INFO - paramwise_options -- bbox_head.head_module.reg_preds.1.1.conv.weight:num of params=36864
07/10 02:45:27 - mmengine - INFO - paramwise_options -- bbox_head.head_module.reg_preds.1.1.bn.weight:num of params=64
07/10 02:45:27 - mmengine - INFO - paramwise_options -- bbox_head.head_module.reg_preds.1.1.bn.bias:num of params=64
07/10 02:45:27 - mmengine - INFO - paramwise_options -- bbox_head.head_module.reg_preds.1.2.weight:num of params=4096
07/10 02:45:27 - mmengine - INFO - paramwise_options -- bbox_head.head_module.reg_preds.1.2.bias:num of params=64
07/10 02:45:27 - mmengine - INFO - paramwise_options -- bbox_head.head_module.reg_preds.2.0.conv.weight:num of params=294912
07/10 02:45:27 - mmengine - INFO - paramwise_options -- bbox_head.head_module.reg_preds.2.0.bn.weight:num of params=64
07/10 02:45:27 - mmengine - INFO - paramwise_options -- bbox_head.head_module.reg_preds.2.0.bn.bias:num of params=64
07/10 02:45:27 - mmengine - INFO - paramwise_options -- bbox_head.head_module.reg_preds.2.1.conv.weight:num of params=36864
07/10 02:45:27 - mmengine - INFO - paramwise_options -- bbox_head.head_module.reg_preds.2.1.bn.weight:num of params=64
07/10 02:45:27 - mmengine - INFO - paramwise_options -- bbox_head.head_module.reg_preds.2.1.bn.bias:num of params=64
07/10 02:45:27 - mmengine - INFO - paramwise_options -- bbox_head.head_module.reg_preds.2.2.weight:num of params=4096
07/10 02:45:27 - mmengine - INFO - paramwise_options -- bbox_head.head_module.reg_preds.2.2.bias:num of params=64
07/10 02:45:27 - mmengine - INFO - paramwise_options -- bbox_head.head_module.cls_contrasts.0.bias:num of params=1
07/10 02:45:27 - mmengine - INFO - paramwise_options -- bbox_head.head_module.cls_contrasts.0.logit_scale:num of params=1
07/10 02:45:27 - mmengine - INFO - paramwise_options -- bbox_head.head_module.cls_contrasts.0.logit_scale:lr=3e-05
07/10 02:45:27 - mmengine - INFO - paramwise_options -- bbox_head.head_module.cls_contrasts.0.logit_scale:weight_decay=0.0
07/10 02:45:27 - mmengine - INFO - paramwise_options -- bbox_head.head_module.cls_contrasts.0.norm.weight:num of params=768
07/10 02:45:27 - mmengine - INFO - paramwise_options -- bbox_head.head_module.cls_contrasts.0.norm.bias:num of params=768
07/10 02:45:27 - mmengine - INFO - paramwise_options -- bbox_head.head_module.cls_contrasts.1.bias:num of params=1
07/10 02:45:27 - mmengine - INFO - paramwise_options -- bbox_head.head_module.cls_contrasts.1.logit_scale:num of params=1
07/10 02:45:27 - mmengine - INFO - paramwise_options -- bbox_head.head_module.cls_contrasts.1.logit_scale:lr=3e-05
07/10 02:45:27 - mmengine - INFO - paramwise_options -- bbox_head.head_module.cls_contrasts.1.logit_scale:weight_decay=0.0
07/10 02:45:27 - mmengine - INFO - paramwise_options -- bbox_head.head_module.cls_contrasts.1.norm.weight:num of params=768
07/10 02:45:27 - mmengine - INFO - paramwise_options -- bbox_head.head_module.cls_contrasts.1.norm.bias:num of params=768
07/10 02:45:27 - mmengine - INFO - paramwise_options -- bbox_head.head_module.cls_contrasts.2.bias:num of params=1
07/10 02:45:27 - mmengine - INFO - paramwise_options -- bbox_head.head_module.cls_contrasts.2.logit_scale:num of params=1
07/10 02:45:27 - mmengine - INFO - paramwise_options -- bbox_head.head_module.cls_contrasts.2.logit_scale:lr=3e-05
07/10 02:45:27 - mmengine - INFO - paramwise_options -- bbox_head.head_module.cls_contrasts.2.logit_scale:weight_decay=0.0
07/10 02:45:27 - mmengine - INFO - paramwise_options -- bbox_head.head_module.cls_contrasts.2.norm.weight:num of params=768
07/10 02:45:27 - mmengine - INFO - paramwise_options -- bbox_head.head_module.cls_contrasts.2.norm.bias:num of params=768
loading annotations into memory...
Done (t=0.37s)
creating index...
index created!
loading annotations into memory...
Done (t=0.39s)
creating index...
index created!
Loads checkpoint by local backend from path: work_dirs/oraldetect_v11dt_s1/epoch_8.pth
/home/siyuan/anaconda3/envs/wedetect_official/lib/python3.10/site-packages/mmengine/runner/checkpoint.py:347: FutureWarning: You are using `torch.load` with `weights_only=False` (the current default value), which uses the default pickle module implicitly. It is possible to construct malicious pickle data which will execute arbitrary code during unpickling (See https://github.com/pytorch/pytorch/blob/main/SECURITY.md#untrusted-models for more details). In a future release, the default value for `weights_only` will be flipped to `True`. This limits the functions that could be executed during unpickling. Arbitrary objects will no longer be allowed to be loaded via this mode unless they are explicitly allowlisted by the user via `torch.serialization.add_safe_globals`. We recommend you start setting `weights_only=True` for any use case where you don't have full control of the loaded file. Please open an issue on GitHub for any issues related to this experimental feature.
  checkpoint = torch.load(filename, map_location=map_location)
Loads checkpoint by local backend from path: work_dirs/oraldetect_v11dt_s1/epoch_8.pth
/home/siyuan/anaconda3/envs/wedetect_official/lib/python3.10/site-packages/mmengine/runner/checkpoint.py:347: FutureWarning: You are using `torch.load` with `weights_only=False` (the current default value), which uses the default pickle module implicitly. It is possible to construct malicious pickle data which will execute arbitrary code during unpickling (See https://github.com/pytorch/pytorch/blob/main/SECURITY.md#untrusted-models for more details). In a future release, the default value for `weights_only` will be flipped to `True`. This limits the functions that could be executed during unpickling. Arbitrary objects will no longer be allowed to be loaded via this mode unless they are explicitly allowlisted by the user via `torch.serialization.add_safe_globals`. We recommend you start setting `weights_only=True` for any use case where you don't have full control of the loaded file. Please open an issue on GitHub for any issues related to this experimental feature.
  checkpoint = torch.load(filename, map_location=map_location)
Loads checkpoint by local backend from path: work_dirs/oraldetect_v11dt_s1/epoch_8.pth
/home/siyuan/anaconda3/envs/wedetect_official/lib/python3.10/site-packages/mmengine/runner/checkpoint.py:347: FutureWarning: You are using `torch.load` with `weights_only=False` (the current default value), which uses the default pickle module implicitly. It is possible to construct malicious pickle data which will execute arbitrary code during unpickling (See https://github.com/pytorch/pytorch/blob/main/SECURITY.md#untrusted-models for more details). In a future release, the default value for `weights_only` will be flipped to `True`. This limits the functions that could be executed during unpickling. Arbitrary objects will no longer be allowed to be loaded via this mode unless they are explicitly allowlisted by the user via `torch.serialization.add_safe_globals`. We recommend you start setting `weights_only=True` for any use case where you don't have full control of the loaded file. Please open an issue on GitHub for any issues related to this experimental feature.
  checkpoint = torch.load(filename, map_location=map_location)
Loads checkpoint by local backend from path: work_dirs/oraldetect_v11dt_s1/epoch_8.pth
/home/siyuan/anaconda3/envs/wedetect_official/lib/python3.10/site-packages/mmengine/runner/checkpoint.py:347: FutureWarning: You are using `torch.load` with `weights_only=False` (the current default value), which uses the default pickle module implicitly. It is possible to construct malicious pickle data which will execute arbitrary code during unpickling (See https://github.com/pytorch/pytorch/blob/main/SECURITY.md#untrusted-models for more details). In a future release, the default value for `weights_only` will be flipped to `True`. This limits the functions that could be executed during unpickling. Arbitrary objects will no longer be allowed to be loaded via this mode unless they are explicitly allowlisted by the user via `torch.serialization.add_safe_globals`. We recommend you start setting `weights_only=True` for any use case where you don't have full control of the loaded file. Please open an issue on GitHub for any issues related to this experimental feature.
  checkpoint = torch.load(filename, map_location=map_location)
07/10 02:45:31 - mmengine - INFO - Load checkpoint from work_dirs/oraldetect_v11dt_s1/epoch_8.pth
07/10 02:45:31 - mmengine - WARNING - "FileClient" will be deprecated in future. Please use io functions in https://mmengine.readthedocs.io/en/latest/api/fileio.html#file-io
07/10 02:45:31 - mmengine - WARNING - "HardDiskBackend" is the alias of "LocalBackend" and the former will be deprecated in future.
07/10 02:45:31 - mmengine - INFO - Checkpoints will be saved to /home/siyuan/projects/LLMs/OralDetect-Family/WeDetect_repro/WeDetect/work_dirs/oraldetect_v11dt_s2.
/home/siyuan/anaconda3/envs/wedetect_official/lib/python3.10/site-packages/torch/functional.py:534: UserWarning: torch.meshgrid: in an upcoming release, it will be required to pass the indexing argument. (Triggered internally at ../aten/src/ATen/native/TensorShape.cpp:3595.)
  return _VF.meshgrid(tensors, **kwargs)  # type: ignore[attr-defined]
/home/siyuan/anaconda3/envs/wedetect_official/lib/python3.10/site-packages/torch/functional.py:534: UserWarning: torch.meshgrid: in an upcoming release, it will be required to pass the indexing argument. (Triggered internally at ../aten/src/ATen/native/TensorShape.cpp:3595.)
  return _VF.meshgrid(tensors, **kwargs)  # type: ignore[attr-defined]
/home/siyuan/anaconda3/envs/wedetect_official/lib/python3.10/site-packages/torch/functional.py:534: UserWarning: torch.meshgrid: in an upcoming release, it will be required to pass the indexing argument. (Triggered internally at ../aten/src/ATen/native/TensorShape.cpp:3595.)
  return _VF.meshgrid(tensors, **kwargs)  # type: ignore[attr-defined]
/home/siyuan/anaconda3/envs/wedetect_official/lib/python3.10/site-packages/torch/functional.py:534: UserWarning: torch.meshgrid: in an upcoming release, it will be required to pass the indexing argument. (Triggered internally at ../aten/src/ATen/native/TensorShape.cpp:3595.)
  return _VF.meshgrid(tensors, **kwargs)  # type: ignore[attr-defined]
[rank2]:[W710 02:45:34.822341443 reducer.cpp:1400] Warning: find_unused_parameters=True was specified in DDP constructor, but did not find any unused parameters in the forward pass. This flag results in an extra traversal of the autograd graph every iteration,  which can adversely affect performance. If your model indeed never has any unused parameters in the forward pass, consider turning this flag off. Note that this warning may be a false positive if your model has flow control causing later iterations to have unused parameters. (function operator())
[rank1]:[W710 02:45:34.850698417 reducer.cpp:1400] Warning: find_unused_parameters=True was specified in DDP constructor, but did not find any unused parameters in the forward pass. This flag results in an extra traversal of the autograd graph every iteration,  which can adversely affect performance. If your model indeed never has any unused parameters in the forward pass, consider turning this flag off. Note that this warning may be a false positive if your model has flow control causing later iterations to have unused parameters. (function operator())
[rank3]:[W710 02:45:34.855536291 reducer.cpp:1400] Warning: find_unused_parameters=True was specified in DDP constructor, but did not find any unused parameters in the forward pass. This flag results in an extra traversal of the autograd graph every iteration,  which can adversely affect performance. If your model indeed never has any unused parameters in the forward pass, consider turning this flag off. Note that this warning may be a false positive if your model has flow control causing later iterations to have unused parameters. (function operator())
[rank0]:[W710 02:45:34.865748989 reducer.cpp:1400] Warning: find_unused_parameters=True was specified in DDP constructor, but did not find any unused parameters in the forward pass. This flag results in an extra traversal of the autograd graph every iteration,  which can adversely affect performance. If your model indeed never has any unused parameters in the forward pass, consider turning this flag off. Note that this warning may be a false positive if your model has flow control causing later iterations to have unused parameters. (function operator())
07/10 02:45:57 - mmengine - INFO - Epoch(train) [1][  50/1039]  base_lr: 2.9650e-05 lr: 2.9650e-05  eta: 0:34:39  time: 0.5064  data_time: 0.0232  memory: 6070  grad_norm: 311.6986  loss: 86.4590  loss_cls: 29.7069  loss_bbox: 25.1899  loss_dfl: 31.5623
07/10 02:46:20 - mmengine - INFO - Epoch(train) [1][ 100/1039]  base_lr: 2.9292e-05 lr: 2.9292e-05  eta: 0:33:11  time: 0.4758  data_time: 0.0060  memory: 5736  grad_norm: 271.9798  loss: 85.9657  loss_cls: 29.4990  loss_bbox: 25.0919  loss_dfl: 31.3748
07/10 02:46:43 - mmengine - INFO - Epoch(train) [1][ 150/1039]  base_lr: 2.8935e-05 lr: 2.8935e-05  eta: 0:32:04  time: 0.4591  data_time: 0.0072  memory: 5816  grad_norm: 262.2521  loss: 86.2387  loss_cls: 29.8590  loss_bbox: 24.9929  loss_dfl: 31.3868
07/10 02:47:07 - mmengine - INFO - Epoch(train) [1][ 200/1039]  base_lr: 2.8578e-05 lr: 2.8578e-05  eta: 0:31:29  time: 0.4697  data_time: 0.0048  memory: 5716  grad_norm: 261.7096  loss: 85.6535  loss_cls: 29.2816  loss_bbox: 24.9971  loss_dfl: 31.3748
07/10 02:47:30 - mmengine - INFO - Epoch(train) [1][ 250/1039]  base_lr: 2.8220e-05 lr: 2.8220e-05  eta: 0:30:59  time: 0.4692  data_time: 0.0039  memory: 5996  grad_norm: 263.8129  loss: 86.0562  loss_cls: 29.4404  loss_bbox: 25.1038  loss_dfl: 31.5119
07/10 02:47:53 - mmengine - INFO - Epoch(train) [1][ 300/1039]  base_lr: 2.7863e-05 lr: 2.7863e-05  eta: 0:30:22  time: 0.4557  data_time: 0.0041  memory: 5756  grad_norm: 274.4735  loss: 84.8384  loss_cls: 29.0995  loss_bbox: 24.5356  loss_dfl: 31.2033
07/10 02:48:16 - mmengine - INFO - Epoch(train) [1][ 350/1039]  base_lr: 2.7505e-05 lr: 2.7505e-05  eta: 0:29:54  time: 0.4649  data_time: 0.0048  memory: 5716  grad_norm: 285.3302  loss: 84.2326  loss_cls: 28.7045  loss_bbox: 24.4045  loss_dfl: 31.1235
07/10 02:48:40 - mmengine - INFO - Epoch(train) [1][ 400/1039]  base_lr: 2.7148e-05 lr: 2.7148e-05  eta: 0:29:31  time: 0.4718  data_time: 0.0043  memory: 5763  grad_norm: 261.3509  loss: 84.4926  loss_cls: 28.7082  loss_bbox: 24.5069  loss_dfl: 31.2775
07/10 02:49:03 - mmengine - INFO - Epoch(train) [1][ 450/1039]  base_lr: 2.6791e-05 lr: 2.6791e-05  eta: 0:29:02  time: 0.4580  data_time: 0.0048  memory: 5830  grad_norm: 253.6065  loss: 84.5025  loss_cls: 28.7176  loss_bbox: 24.6688  loss_dfl: 31.1162
07/10 02:49:26 - mmengine - INFO - Epoch(train) [1][ 500/1039]  base_lr: 2.6433e-05 lr: 2.6433e-05  eta: 0:28:35  time: 0.4630  data_time: 0.0041  memory: 5750  grad_norm: 269.1239  loss: 85.7157  loss_cls: 29.2355  loss_bbox: 25.0243  loss_dfl: 31.4559
07/10 02:49:49 - mmengine - INFO - Epoch(train) [1][ 550/1039]  base_lr: 2.6076e-05 lr: 2.6076e-05  eta: 0:28:07  time: 0.4548  data_time: 0.0038  memory: 6023  grad_norm: 292.7134  loss: 84.9633  loss_cls: 28.9990  loss_bbox: 24.6332  loss_dfl: 31.3311
07/10 02:50:12 - mmengine - INFO - Epoch(train) [1][ 600/1039]  base_lr: 2.5718e-05 lr: 2.5718e-05  eta: 0:27:44  time: 0.4690  data_time: 0.0042  memory: 5683  grad_norm: 276.4100  loss: 85.0708  loss_cls: 28.9994  loss_bbox: 24.6893  loss_dfl: 31.3822
07/10 02:50:36 - mmengine - INFO - Epoch(train) [1][ 650/1039]  base_lr: 2.5361e-05 lr: 2.5361e-05  eta: 0:27:22  time: 0.4727  data_time: 0.0054  memory: 5963  grad_norm: 256.9974  loss: 85.1395  loss_cls: 28.9137  loss_bbox: 24.6508  loss_dfl: 31.5750
07/10 02:50:59 - mmengine - INFO - Epoch(train) [1][ 700/1039]  base_lr: 2.5004e-05 lr: 2.5004e-05  eta: 0:26:57  time: 0.4621  data_time: 0.0041  memory: 5736  grad_norm: 293.0022  loss: 83.3427  loss_cls: 28.2436  loss_bbox: 24.1462  loss_dfl: 30.9529
07/10 02:51:22 - mmengine - INFO - Epoch(train) [1][ 750/1039]  base_lr: 2.4646e-05 lr: 2.4646e-05  eta: 0:26:33  time: 0.4659  data_time: 0.0041  memory: 5763  grad_norm: 280.7263  loss: 87.8370  loss_cls: 30.1310  loss_bbox: 25.8447  loss_dfl: 31.8614
07/10 02:51:46 - mmengine - INFO - Epoch(train) [1][ 800/1039]  base_lr: 2.4289e-05 lr: 2.4289e-05  eta: 0:26:10  time: 0.4717  data_time: 0.0042  memory: 5616  grad_norm: 265.9529  loss: 85.2672  loss_cls: 29.2684  loss_bbox: 24.5890  loss_dfl: 31.4097
07/10 02:52:09 - mmengine - INFO - Epoch(train) [1][ 850/1039]  base_lr: 2.3931e-05 lr: 2.3931e-05  eta: 0:25:46  time: 0.4607  data_time: 0.0049  memory: 5550  grad_norm: 269.2474  loss: 87.2498  loss_cls: 30.0713  loss_bbox: 25.4682  loss_dfl: 31.7102
07/10 02:52:32 - mmengine - INFO - Epoch(train) [1][ 900/1039]  base_lr: 2.3574e-05 lr: 2.3574e-05  eta: 0:25:22  time: 0.4669  data_time: 0.0037  memory: 5730  grad_norm: 283.1309  loss: 85.1674  loss_cls: 28.9736  loss_bbox: 24.8810  loss_dfl: 31.3128
07/10 02:52:55 - mmengine - INFO - Epoch(train) [1][ 950/1039]  base_lr: 2.3217e-05 lr: 2.3217e-05  eta: 0:24:58  time: 0.4653  data_time: 0.0043  memory: 5930  grad_norm: 275.7432  loss: 84.7829  loss_cls: 28.5982  loss_bbox: 24.7848  loss_dfl: 31.3998
07/10 02:53:19 - mmengine - INFO - Exp name: wedetect_oraldetect_v11dt_s2_20260710_024510
07/10 02:53:19 - mmengine - INFO - Epoch(train) [1][1000/1039]  base_lr: 2.2859e-05 lr: 2.2859e-05  eta: 0:24:35  time: 0.4666  data_time: 0.0046  memory: 5823  grad_norm: 264.4140  loss: 85.3740  loss_cls: 28.9037  loss_bbox: 24.8354  loss_dfl: 31.6349
07/10 02:53:37 - mmengine - INFO - Exp name: wedetect_oraldetect_v11dt_s2_20260710_024510
07/10 02:53:37 - mmengine - INFO - Saving checkpoint at 1 epochs
07/10 02:54:05 - mmengine - INFO - Epoch(train) [2][  50/1039]  base_lr: 2.2223e-05 lr: 2.2223e-05  eta: 0:23:54  time: 0.4815  data_time: 0.0210  memory: 6016  grad_norm: 311.5046  loss: 84.9294  loss_cls: 28.4471  loss_bbox: 24.9644  loss_dfl: 31.5179
07/10 02:54:29 - mmengine - INFO - Epoch(train) [2][ 100/1039]  base_lr: 2.1866e-05 lr: 2.1866e-05  eta: 0:23:33  time: 0.4821  data_time: 0.0043  memory: 6370  grad_norm: 285.4935  loss: 85.2087  loss_cls: 28.7428  loss_bbox: 25.0382  loss_dfl: 31.4277
07/10 02:54:52 - mmengine - INFO - Epoch(train) [2][ 150/1039]  base_lr: 2.1508e-05 lr: 2.1508e-05  eta: 0:23:09  time: 0.4645  data_time: 0.0042  memory: 5936  grad_norm: 266.8267  loss: 84.7671  loss_cls: 28.6521  loss_bbox: 24.7060  loss_dfl: 31.4090
07/10 02:55:15 - mmengine - INFO - Epoch(train) [2][ 200/1039]  base_lr: 2.1151e-05 lr: 2.1151e-05  eta: 0:22:45  time: 0.4654  data_time: 0.0039  memory: 6163  grad_norm: 286.7716  loss: 83.9561  loss_cls: 27.7823  loss_bbox: 24.6274  loss_dfl: 31.5464
07/10 02:55:39 - mmengine - INFO - Epoch(train) [2][ 250/1039]  base_lr: 2.0793e-05 lr: 2.0793e-05  eta: 0:22:23  time: 0.4765  data_time: 0.0043  memory: 5736  grad_norm: 282.1885  loss: 82.9743  loss_cls: 27.8548  loss_bbox: 24.0313  loss_dfl: 31.0881
07/10 02:56:03 - mmengine - INFO - Epoch(train) [2][ 300/1039]  base_lr: 2.0436e-05 lr: 2.0436e-05  eta: 0:21:59  time: 0.4692  data_time: 0.0054  memory: 5803  grad_norm: 262.9901  loss: 84.5964  loss_cls: 28.6135  loss_bbox: 24.6419  loss_dfl: 31.3409
07/10 02:56:26 - mmengine - INFO - Epoch(train) [2][ 350/1039]  base_lr: 2.0079e-05 lr: 2.0079e-05  eta: 0:21:35  time: 0.4595  data_time: 0.0044  memory: 6176  grad_norm: 256.2553  loss: 84.3966  loss_cls: 28.7592  loss_bbox: 24.3842  loss_dfl: 31.2533
07/10 02:56:49 - mmengine - INFO - Epoch(train) [2][ 400/1039]  base_lr: 1.9721e-05 lr: 1.9721e-05  eta: 0:21:12  time: 0.4727  data_time: 0.0037  memory: 5590  grad_norm: 277.3689  loss: 83.7041  loss_cls: 28.2970  loss_bbox: 24.3081  loss_dfl: 31.0990
07/10 02:57:12 - mmengine - INFO - Epoch(train) [2][ 450/1039]  base_lr: 1.9364e-05 lr: 1.9364e-05  eta: 0:20:48  time: 0.4572  data_time: 0.0042  memory: 5830  grad_norm: 277.7776  loss: 83.1846  loss_cls: 27.4826  loss_bbox: 24.4344  loss_dfl: 31.2676
07/10 02:57:36 - mmengine - INFO - Epoch(train) [2][ 500/1039]  base_lr: 1.9006e-05 lr: 1.9006e-05  eta: 0:20:25  time: 0.4754  data_time: 0.0055  memory: 5503  grad_norm: 286.6821  loss: 85.2351  loss_cls: 29.0307  loss_bbox: 24.8275  loss_dfl: 31.3769
07/10 02:57:59 - mmengine - INFO - Epoch(train) [2][ 550/1039]  base_lr: 1.8649e-05 lr: 1.8649e-05  eta: 0:20:01  time: 0.4589  data_time: 0.0050  memory: 5776  grad_norm: 269.2514  loss: 85.1615  loss_cls: 28.4267  loss_bbox: 24.9036  loss_dfl: 31.8312
07/10 02:58:22 - mmengine - INFO - Epoch(train) [2][ 600/1039]  base_lr: 1.8292e-05 lr: 1.8292e-05  eta: 0:19:37  time: 0.4658  data_time: 0.0037  memory: 6236  grad_norm: 278.0461  loss: 83.3286  loss_cls: 27.5232  loss_bbox: 24.4701  loss_dfl: 31.3353
07/10 02:58:46 - mmengine - INFO - Epoch(train) [2][ 650/1039]  base_lr: 1.7934e-05 lr: 1.7934e-05  eta: 0:19:14  time: 0.4713  data_time: 0.0053  memory: 5890  grad_norm: 269.1167  loss: 84.0003  loss_cls: 27.9254  loss_bbox: 24.7293  loss_dfl: 31.3456
07/10 02:59:09 - mmengine - INFO - Epoch(train) [2][ 700/1039]  base_lr: 1.7577e-05 lr: 1.7577e-05  eta: 0:18:50  time: 0.4655  data_time: 0.0046  memory: 5510  grad_norm: 260.9390  loss: 83.5805  loss_cls: 27.7504  loss_bbox: 24.4356  loss_dfl: 31.3946
07/10 02:59:32 - mmengine - INFO - Epoch(train) [2][ 750/1039]  base_lr: 1.7219e-05 lr: 1.7219e-05  eta: 0:18:27  time: 0.4678  data_time: 0.0060  memory: 5543  grad_norm: 285.8537  loss: 83.8028  loss_cls: 27.9323  loss_bbox: 24.4580  loss_dfl: 31.4125
07/10 02:59:56 - mmengine - INFO - Epoch(train) [2][ 800/1039]  base_lr: 1.6862e-05 lr: 1.6862e-05  eta: 0:18:04  time: 0.4658  data_time: 0.0052  memory: 6343  grad_norm: 273.5948  loss: 84.7184  loss_cls: 28.5325  loss_bbox: 24.7391  loss_dfl: 31.4468
07/10 03:00:19 - mmengine - INFO - Epoch(train) [2][ 850/1039]  base_lr: 1.6505e-05 lr: 1.6505e-05  eta: 0:17:40  time: 0.4593  data_time: 0.0059  memory: 5610  grad_norm: 256.8824  loss: 81.4850  loss_cls: 27.0014  loss_bbox: 23.6666  loss_dfl: 30.8169
07/10 03:00:42 - mmengine - INFO - Epoch(train) [2][ 900/1039]  base_lr: 1.6147e-05 lr: 1.6147e-05  eta: 0:17:16  time: 0.4713  data_time: 0.0046  memory: 5516  grad_norm: 255.7113  loss: 82.5278  loss_cls: 27.2323  loss_bbox: 24.0003  loss_dfl: 31.2952
07/10 03:01:05 - mmengine - INFO - Epoch(train) [2][ 950/1039]  base_lr: 1.5790e-05 lr: 1.5790e-05  eta: 0:16:53  time: 0.4595  data_time: 0.0052  memory: 5770  grad_norm: 278.1309  loss: 83.9508  loss_cls: 27.9893  loss_bbox: 24.6093  loss_dfl: 31.3522
07/10 03:01:10 - mmengine - INFO - Exp name: wedetect_oraldetect_v11dt_s2_20260710_024510
07/10 03:01:29 - mmengine - INFO - Epoch(train) [2][1000/1039]  base_lr: 1.5432e-05 lr: 1.5432e-05  eta: 0:16:30  time: 0.4753  data_time: 0.0055  memory: 5883  grad_norm: 263.6817  loss: 84.2743  loss_cls: 27.9996  loss_bbox: 24.8418  loss_dfl: 31.4329
07/10 03:01:46 - mmengine - INFO - Exp name: wedetect_oraldetect_v11dt_s2_20260710_024510
07/10 03:01:46 - mmengine - INFO - Saving checkpoint at 2 epochs
07/10 03:01:54 - mmengine - INFO - Epoch(val) [2][  50/1131]    eta: 0:01:12  time: 0.0670  data_time: 0.0222  memory: 5670  
07/10 03:01:56 - mmengine - INFO - Epoch(val) [2][ 100/1131]    eta: 0:00:57  time: 0.0454  data_time: 0.0004  memory: 1210  
07/10 03:01:59 - mmengine - INFO - Epoch(val) [2][ 150/1131]    eta: 0:00:58  time: 0.0675  data_time: 0.0232  memory: 1210  
07/10 03:02:02 - mmengine - INFO - Epoch(val) [2][ 200/1131]    eta: 0:00:53  time: 0.0506  data_time: 0.0065  memory: 1210  
07/10 03:02:04 - mmengine - INFO - Epoch(val) [2][ 250/1131]    eta: 0:00:48  time: 0.0448  data_time: 0.0003  memory: 1210  
07/10 03:02:06 - mmengine - INFO - Epoch(val) [2][ 300/1131]    eta: 0:00:44  time: 0.0488  data_time: 0.0046  memory: 1210  
07/10 03:02:09 - mmengine - INFO - Epoch(val) [2][ 350/1131]    eta: 0:00:41  time: 0.0450  data_time: 0.0003  memory: 1210  
07/10 03:02:11 - mmengine - INFO - Epoch(val) [2][ 400/1131]    eta: 0:00:37  time: 0.0450  data_time: 0.0003  memory: 1210  
07/10 03:02:13 - mmengine - INFO - Epoch(val) [2][ 450/1131]    eta: 0:00:34  time: 0.0452  data_time: 0.0003  memory: 1210  
07/10 03:02:15 - mmengine - INFO - Epoch(val) [2][ 500/1131]    eta: 0:00:31  time: 0.0450  data_time: 0.0003  memory: 1210  
07/10 03:02:18 - mmengine - INFO - Epoch(val) [2][ 550/1131]    eta: 0:00:29  time: 0.0453  data_time: 0.0004  memory: 1210  
07/10 03:02:20 - mmengine - INFO - Epoch(val) [2][ 600/1131]    eta: 0:00:26  time: 0.0451  data_time: 0.0004  memory: 1210  
07/10 03:02:22 - mmengine - INFO - Epoch(val) [2][ 650/1131]    eta: 0:00:23  time: 0.0452  data_time: 0.0003  memory: 1210  
07/10 03:02:25 - mmengine - INFO - Epoch(val) [2][ 700/1131]    eta: 0:00:21  time: 0.0454  data_time: 0.0004  memory: 1210  
07/10 03:02:27 - mmengine - INFO - Epoch(val) [2][ 750/1131]    eta: 0:00:18  time: 0.0456  data_time: 0.0003  memory: 1210  
07/10 03:02:29 - mmengine - INFO - Epoch(val) [2][ 800/1131]    eta: 0:00:16  time: 0.0453  data_time: 0.0003  memory: 1210  
07/10 03:02:31 - mmengine - INFO - Epoch(val) [2][ 850/1131]    eta: 0:00:13  time: 0.0447  data_time: 0.0003  memory: 1210  
07/10 03:02:34 - mmengine - INFO - Epoch(val) [2][ 900/1131]    eta: 0:00:11  time: 0.0465  data_time: 0.0018  memory: 1210  
07/10 03:02:36 - mmengine - INFO - Epoch(val) [2][ 950/1131]    eta: 0:00:08  time: 0.0449  data_time: 0.0003  memory: 1210  
07/10 03:02:38 - mmengine - INFO - Epoch(val) [2][1000/1131]    eta: 0:00:06  time: 0.0449  data_time: 0.0003  memory: 1210  
07/10 03:02:40 - mmengine - INFO - Epoch(val) [2][1050/1131]    eta: 0:00:03  time: 0.0448  data_time: 0.0003  memory: 1210  
07/10 03:02:43 - mmengine - INFO - Epoch(val) [2][1100/1131]    eta: 0:00:01  time: 0.0450  data_time: 0.0003  memory: 1210  
07/10 03:02:54 - mmengine - INFO - Evaluating bbox...
Loading and preparing results...
DONE (t=2.22s)
creating index...
index created!
Running per image evaluation...
Evaluate annotation type *bbox*
DONE (t=43.86s).
Accumulating evaluation results...
DONE (t=13.55s).
 Average Precision  (AP) @[ IoU=0.50:0.95 | area=   all | maxDets=100 ] = 0.431
 Average Precision  (AP) @[ IoU=0.50      | area=   all | maxDets=1000 ] = 0.542
 Average Precision  (AP) @[ IoU=0.75      | area=   all | maxDets=1000 ] = 0.489
 Average Precision  (AP) @[ IoU=0.50:0.95 | area= small | maxDets=1000 ] = 0.308
 Average Precision  (AP) @[ IoU=0.50:0.95 | area=medium | maxDets=1000 ] = 0.386
 Average Precision  (AP) @[ IoU=0.50:0.95 | area= large | maxDets=1000 ] = 0.527
 Average Recall     (AR) @[ IoU=0.50:0.95 | area=   all | maxDets=100 ] = 0.739
 Average Recall     (AR) @[ IoU=0.50:0.95 | area=   all | maxDets=300 ] = 0.739
 Average Recall     (AR) @[ IoU=0.50:0.95 | area=   all | maxDets=1000 ] = 0.739
 Average Recall     (AR) @[ IoU=0.50:0.95 | area= small | maxDets=1000 ] = 0.612
 Average Recall     (AR) @[ IoU=0.50:0.95 | area=medium | maxDets=1000 ] = 0.690
 Average Recall     (AR) @[ IoU=0.50:0.95 | area= large | maxDets=1000 ] = 0.822
07/10 03:03:58 - mmengine - INFO - bbox_mAP_copypaste: 0.431 0.542 0.489 0.308 0.386 0.527
07/10 03:04:00 - mmengine - INFO - Epoch(val) [2][1131/1131]    coco/bbox_mAP: 0.4310  coco/bbox_mAP_50: 0.5420  coco/bbox_mAP_75: 0.4890  coco/bbox_mAP_s: 0.3080  coco/bbox_mAP_m: 0.3860  coco/bbox_mAP_l: 0.5270  data_time: 0.0028  time: 0.0475
07/10 03:04:02 - mmengine - INFO - The best checkpoint with 0.4310 coco/bbox_mAP at 2 epoch is saved to best_coco_bbox_mAP_epoch_2.pth.
07/10 03:04:29 - mmengine - INFO - Epoch(train) [3][  50/1039]  base_lr: 1.4796e-05 lr: 1.4796e-05  eta: 0:15:47  time: 0.4681  data_time: 0.0124  memory: 5836  grad_norm: 282.4274  loss: 83.6267  loss_cls: 28.1632  loss_bbox: 24.3068  loss_dfl: 31.1568
07/10 03:04:52 - mmengine - INFO - Epoch(train) [3][ 100/1039]  base_lr: 1.4439e-05 lr: 1.4439e-05  eta: 0:15:24  time: 0.4640  data_time: 0.0065  memory: 5636  grad_norm: 284.4362  loss: 83.9068  loss_cls: 27.9062  loss_bbox: 24.4950  loss_dfl: 31.5057
07/10 03:05:15 - mmengine - INFO - Epoch(train) [3][ 150/1039]  base_lr: 1.4081e-05 lr: 1.4081e-05  eta: 0:15:00  time: 0.4609  data_time: 0.0065  memory: 5696  grad_norm: 276.1338  loss: 82.4655  loss_cls: 27.1593  loss_bbox: 24.0259  loss_dfl: 31.2803
07/10 03:05:39 - mmengine - INFO - Epoch(train) [3][ 200/1039]  base_lr: 1.3724e-05 lr: 1.3724e-05  eta: 0:14:37  time: 0.4715  data_time: 0.0063  memory: 6070  grad_norm: 273.1559  loss: 83.7228  loss_cls: 27.6891  loss_bbox: 24.5301  loss_dfl: 31.5035
07/10 03:06:02 - mmengine - INFO - Epoch(train) [3][ 250/1039]  base_lr: 1.3367e-05 lr: 1.3367e-05  eta: 0:14:14  time: 0.4691  data_time: 0.0056  memory: 6043  grad_norm: 276.5014  loss: 83.7624  loss_cls: 27.6956  loss_bbox: 24.8323  loss_dfl: 31.2345
07/10 03:06:25 - mmengine - INFO - Epoch(train) [3][ 300/1039]  base_lr: 1.3009e-05 lr: 1.3009e-05  eta: 0:13:50  time: 0.4628  data_time: 0.0055  memory: 5436  grad_norm: 272.5008  loss: 83.3432  loss_cls: 27.6581  loss_bbox: 24.3209  loss_dfl: 31.3642
07/10 03:06:49 - mmengine - INFO - Epoch(train) [3][ 350/1039]  base_lr: 1.2652e-05 lr: 1.2652e-05  eta: 0:13:27  time: 0.4773  data_time: 0.0060  memory: 6063  grad_norm: 285.7225  loss: 84.1772  loss_cls: 27.6631  loss_bbox: 25.1131  loss_dfl: 31.4010
07/10 03:07:13 - mmengine - INFO - Epoch(train) [3][ 400/1039]  base_lr: 1.2294e-05 lr: 1.2294e-05  eta: 0:13:04  time: 0.4702  data_time: 0.0065  memory: 6597  grad_norm: 280.6942  loss: 83.3588  loss_cls: 28.1448  loss_bbox: 24.0921  loss_dfl: 31.1218
07/10 03:07:36 - mmengine - INFO - Epoch(train) [3][ 450/1039]  base_lr: 1.1937e-05 lr: 1.1937e-05  eta: 0:12:41  time: 0.4711  data_time: 0.0057  memory: 5610  grad_norm: 267.6972  loss: 83.9541  loss_cls: 28.3315  loss_bbox: 24.4210  loss_dfl: 31.2017
07/10 03:08:00 - mmengine - INFO - Epoch(train) [3][ 500/1039]  base_lr: 1.1580e-05 lr: 1.1580e-05  eta: 0:12:18  time: 0.4788  data_time: 0.0064  memory: 5750  grad_norm: 268.4231  loss: 82.7611  loss_cls: 27.4947  loss_bbox: 24.1087  loss_dfl: 31.1578
07/10 03:08:23 - mmengine - INFO - Epoch(train) [3][ 550/1039]  base_lr: 1.1222e-05 lr: 1.1222e-05  eta: 0:11:54  time: 0.4609  data_time: 0.0055  memory: 5550  grad_norm: 270.4308  loss: 84.1522  loss_cls: 27.7280  loss_bbox: 24.7308  loss_dfl: 31.6935
07/10 03:08:46 - mmengine - INFO - Epoch(train) [3][ 600/1039]  base_lr: 1.0865e-05 lr: 1.0865e-05  eta: 0:11:31  time: 0.4653  data_time: 0.0044  memory: 5536  grad_norm: 278.3917  loss: 82.5559  loss_cls: 27.0634  loss_bbox: 24.3489  loss_dfl: 31.1436
07/10 03:09:10 - mmengine - INFO - Epoch(train) [3][ 650/1039]  base_lr: 1.0507e-05 lr: 1.0507e-05  eta: 0:11:07  time: 0.4674  data_time: 0.0042  memory: 5763  grad_norm: 276.2811  loss: 84.0724  loss_cls: 28.1821  loss_bbox: 24.3996  loss_dfl: 31.4907
07/10 03:09:33 - mmengine - INFO - Epoch(train) [3][ 700/1039]  base_lr: 1.0150e-05 lr: 1.0150e-05  eta: 0:10:44  time: 0.4594  data_time: 0.0061  memory: 5870  grad_norm: 283.7458  loss: 83.9014  loss_cls: 27.7768  loss_bbox: 24.6284  loss_dfl: 31.4962
07/10 03:09:56 - mmengine - INFO - Epoch(train) [3][ 750/1039]  base_lr: 9.7926e-06 lr: 9.7926e-06  eta: 0:10:20  time: 0.4681  data_time: 0.0059  memory: 5676  grad_norm: 279.1511  loss: 83.6420  loss_cls: 27.6780  loss_bbox: 24.7097  loss_dfl: 31.2543
07/10 03:10:19 - mmengine - INFO - Epoch(train) [3][ 800/1039]  base_lr: 9.4352e-06 lr: 9.4352e-06  eta: 0:09:57  time: 0.4666  data_time: 0.0054  memory: 5543  grad_norm: 281.0561  loss: 81.8093  loss_cls: 26.9261  loss_bbox: 23.9084  loss_dfl: 30.9748
07/10 03:10:43 - mmengine - INFO - Epoch(train) [3][ 850/1039]  base_lr: 9.0778e-06 lr: 9.0778e-06  eta: 0:09:33  time: 0.4642  data_time: 0.0056  memory: 5950  grad_norm: 271.6931  loss: 84.0928  loss_cls: 28.0077  loss_bbox: 24.7242  loss_dfl: 31.3609
07/10 03:11:06 - mmengine - INFO - Epoch(train) [3][ 900/1039]  base_lr: 8.7204e-06 lr: 8.7204e-06  eta: 0:09:10  time: 0.4689  data_time: 0.0059  memory: 5710  grad_norm: 275.2226  loss: 81.8281  loss_cls: 27.2665  loss_bbox: 23.7923  loss_dfl: 30.7693
07/10 03:11:16 - mmengine - INFO - Exp name: wedetect_oraldetect_v11dt_s2_20260710_024510
07/10 03:11:29 - mmengine - INFO - Epoch(train) [3][ 950/1039]  base_lr: 8.3630e-06 lr: 8.3630e-06  eta: 0:08:47  time: 0.4593  data_time: 0.0054  memory: 5770  grad_norm: 274.2767  loss: 83.4816  loss_cls: 27.7212  loss_bbox: 24.4911  loss_dfl: 31.2693
07/10 03:11:52 - mmengine - INFO - Epoch(train) [3][1000/1039]  base_lr: 8.0056e-06 lr: 8.0056e-06  eta: 0:08:23  time: 0.4679  data_time: 0.0059  memory: 5876  grad_norm: 280.8953  loss: 81.5973  loss_cls: 26.6159  loss_bbox: 23.9013  loss_dfl: 31.0800
07/10 03:12:10 - mmengine - INFO - Exp name: wedetect_oraldetect_v11dt_s2_20260710_024510
07/10 03:12:10 - mmengine - INFO - Saving checkpoint at 3 epochs
07/10 03:12:39 - mmengine - INFO - Epoch(train) [4][  50/1039]  base_lr: 7.3694e-06 lr: 7.3694e-06  eta: 0:07:42  time: 0.4914  data_time: 0.0251  memory: 5790  grad_norm: 277.6096  loss: 84.1392  loss_cls: 27.7627  loss_bbox: 24.7313  loss_dfl: 31.6453
07/10 03:13:02 - mmengine - INFO - Epoch(train) [4][ 100/1039]  base_lr: 7.0120e-06 lr: 7.0120e-06  eta: 0:07:19  time: 0.4692  data_time: 0.0061  memory: 5636  grad_norm: 274.2492  loss: 82.1227  loss_cls: 26.8680  loss_bbox: 24.1732  loss_dfl: 31.0815
07/10 03:13:25 - mmengine - INFO - Epoch(train) [4][ 150/1039]  base_lr: 6.6546e-06 lr: 6.6546e-06  eta: 0:06:55  time: 0.4608  data_time: 0.0050  memory: 6003  grad_norm: 284.0702  loss: 82.7385  loss_cls: 27.8018  loss_bbox: 23.7740  loss_dfl: 31.1627
07/10 03:13:49 - mmengine - INFO - Epoch(train) [4][ 200/1039]  base_lr: 6.2972e-06 lr: 6.2972e-06  eta: 0:06:32  time: 0.4690  data_time: 0.0050  memory: 6143  grad_norm: 288.3628  loss: 81.9955  loss_cls: 26.7316  loss_bbox: 24.1210  loss_dfl: 31.1429
07/10 03:14:12 - mmengine - INFO - Epoch(train) [4][ 250/1039]  base_lr: 5.9398e-06 lr: 5.9398e-06  eta: 0:06:08  time: 0.4674  data_time: 0.0050  memory: 5810  grad_norm: 268.2927  loss: 83.6487  loss_cls: 27.8057  loss_bbox: 24.6342  loss_dfl: 31.2089
07/10 03:14:35 - mmengine - INFO - Epoch(train) [4][ 300/1039]  base_lr: 5.5824e-06 lr: 5.5824e-06  eta: 0:05:45  time: 0.4708  data_time: 0.0057  memory: 5610  grad_norm: 267.9266  loss: 82.7727  loss_cls: 26.7936  loss_bbox: 24.6292  loss_dfl: 31.3499
07/10 03:14:59 - mmengine - INFO - Epoch(train) [4][ 350/1039]  base_lr: 5.2250e-06 lr: 5.2250e-06  eta: 0:05:22  time: 0.4675  data_time: 0.0046  memory: 5830  grad_norm: 291.1830  loss: 83.1056  loss_cls: 27.1182  loss_bbox: 24.4999  loss_dfl: 31.4874
07/10 03:15:22 - mmengine - INFO - Epoch(train) [4][ 400/1039]  base_lr: 4.8676e-06 lr: 4.8676e-06  eta: 0:04:58  time: 0.4602  data_time: 0.0047  memory: 5683  grad_norm: 277.6867  loss: 82.4149  loss_cls: 27.4650  loss_bbox: 23.8225  loss_dfl: 31.1273
07/10 03:15:45 - mmengine - INFO - Epoch(train) [4][ 450/1039]  base_lr: 4.5102e-06 lr: 4.5102e-06  eta: 0:04:35  time: 0.4656  data_time: 0.0050  memory: 5970  grad_norm: 275.4940  loss: 80.6871  loss_cls: 26.2717  loss_bbox: 23.6483  loss_dfl: 30.7671
07/10 03:16:09 - mmengine - INFO - Epoch(train) [4][ 500/1039]  base_lr: 4.1528e-06 lr: 4.1528e-06  eta: 0:04:11  time: 0.4696  data_time: 0.0055  memory: 5856  grad_norm: 279.1119  loss: 83.5994  loss_cls: 27.6633  loss_bbox: 24.5842  loss_dfl: 31.3518
07/10 03:16:32 - mmengine - INFO - Epoch(train) [4][ 550/1039]  base_lr: 3.7954e-06 lr: 3.7954e-06  eta: 0:03:48  time: 0.4633  data_time: 0.0047  memory: 6050  grad_norm: 262.0061  loss: 81.7085  loss_cls: 26.8358  loss_bbox: 23.8086  loss_dfl: 31.0641
07/10 03:16:55 - mmengine - INFO - Epoch(train) [4][ 600/1039]  base_lr: 3.4380e-06 lr: 3.4380e-06  eta: 0:03:25  time: 0.4586  data_time: 0.0043  memory: 5663  grad_norm: 271.6983  loss: 82.9862  loss_cls: 27.3557  loss_bbox: 24.1251  loss_dfl: 31.5054
07/10 03:17:18 - mmengine - INFO - Epoch(train) [4][ 650/1039]  base_lr: 3.0806e-06 lr: 3.0806e-06  eta: 0:03:01  time: 0.4736  data_time: 0.0054  memory: 6443  grad_norm: 271.1409  loss: 82.1746  loss_cls: 26.7912  loss_bbox: 24.1716  loss_dfl: 31.2118
07/10 03:17:41 - mmengine - INFO - Epoch(train) [4][ 700/1039]  base_lr: 2.7232e-06 lr: 2.7232e-06  eta: 0:02:38  time: 0.4551  data_time: 0.0050  memory: 5576  grad_norm: 279.5245  loss: 82.2226  loss_cls: 26.9653  loss_bbox: 24.1097  loss_dfl: 31.1477
07/10 03:18:04 - mmengine - INFO - Epoch(train) [4][ 750/1039]  base_lr: 2.3658e-06 lr: 2.3658e-06  eta: 0:02:15  time: 0.4656  data_time: 0.0049  memory: 5836  grad_norm: 264.4775  loss: 82.8463  loss_cls: 27.2540  loss_bbox: 24.3673  loss_dfl: 31.2250
07/10 03:18:28 - mmengine - INFO - Epoch(train) [4][ 800/1039]  base_lr: 2.0084e-06 lr: 2.0084e-06  eta: 0:01:51  time: 0.4647  data_time: 0.0042  memory: 5870  grad_norm: 273.2880  loss: 82.2641  loss_cls: 26.7872  loss_bbox: 24.3060  loss_dfl: 31.1710
07/10 03:18:51 - mmengine - INFO - Epoch(train) [4][ 850/1039]  base_lr: 1.6510e-06 lr: 1.6510e-06  eta: 0:01:28  time: 0.4626  data_time: 0.0046  memory: 5643  grad_norm: 268.9243  loss: 81.8593  loss_cls: 26.7622  loss_bbox: 24.0711  loss_dfl: 31.0261
07/10 03:19:06 - mmengine - INFO - Exp name: wedetect_oraldetect_v11dt_s2_20260710_024510
07/10 03:19:14 - mmengine - INFO - Epoch(train) [4][ 900/1039]  base_lr: 1.2936e-06 lr: 1.2936e-06  eta: 0:01:04  time: 0.4651  data_time: 0.0048  memory: 6083  grad_norm: 280.1711  loss: 83.2093  loss_cls: 27.7156  loss_bbox: 24.3668  loss_dfl: 31.1269
07/10 03:19:37 - mmengine - INFO - Epoch(train) [4][ 950/1039]  base_lr: 9.3617e-07 lr: 9.3617e-07  eta: 0:00:41  time: 0.4655  data_time: 0.0044  memory: 5863  grad_norm: 263.1792  loss: 81.6629  loss_cls: 26.5846  loss_bbox: 24.0256  loss_dfl: 31.0526
07/10 03:20:00 - mmengine - INFO - Epoch(train) [4][1000/1039]  base_lr: 5.7877e-07 lr: 5.7877e-07  eta: 0:00:18  time: 0.4627  data_time: 0.0041  memory: 5796  grad_norm: 275.7700  loss: 81.0693  loss_cls: 26.3738  loss_bbox: 23.7596  loss_dfl: 30.9359
07/10 03:20:18 - mmengine - INFO - Exp name: wedetect_oraldetect_v11dt_s2_20260710_024510
07/10 03:20:18 - mmengine - INFO - Saving checkpoint at 4 epochs
07/10 03:20:25 - mmengine - INFO - Epoch(val) [4][  50/1131]    eta: 0:01:06  time: 0.0613  data_time: 0.0174  memory: 5716  
07/10 03:20:28 - mmengine - INFO - Epoch(val) [4][ 100/1131]    eta: 0:00:54  time: 0.0450  data_time: 0.0004  memory: 1210  
07/10 03:20:31 - mmengine - INFO - Epoch(val) [4][ 150/1131]    eta: 0:00:56  time: 0.0668  data_time: 0.0225  memory: 1210  
07/10 03:20:33 - mmengine - INFO - Epoch(val) [4][ 200/1131]    eta: 0:00:52  time: 0.0508  data_time: 0.0064  memory: 1210  
07/10 03:20:36 - mmengine - INFO - Epoch(val) [4][ 250/1131]    eta: 0:00:47  time: 0.0446  data_time: 0.0003  memory: 1210  
07/10 03:20:38 - mmengine - INFO - Epoch(val) [4][ 300/1131]    eta: 0:00:43  time: 0.0490  data_time: 0.0047  memory: 1210  
07/10 03:20:40 - mmengine - INFO - Epoch(val) [4][ 350/1131]    eta: 0:00:40  time: 0.0451  data_time: 0.0003  memory: 1210  
07/10 03:20:43 - mmengine - INFO - Epoch(val) [4][ 400/1131]    eta: 0:00:37  time: 0.0452  data_time: 0.0003  memory: 1210  
07/10 03:20:45 - mmengine - INFO - Epoch(val) [4][ 450/1131]    eta: 0:00:34  time: 0.0449  data_time: 0.0003  memory: 1210  
07/10 03:20:47 - mmengine - INFO - Epoch(val) [4][ 500/1131]    eta: 0:00:31  time: 0.0450  data_time: 0.0003  memory: 1210  
07/10 03:20:49 - mmengine - INFO - Epoch(val) [4][ 550/1131]    eta: 0:00:28  time: 0.0450  data_time: 0.0003  memory: 1210  
07/10 03:20:52 - mmengine - INFO - Epoch(val) [4][ 600/1131]    eta: 0:00:26  time: 0.0451  data_time: 0.0003  memory: 1210  
07/10 03:20:54 - mmengine - INFO - Epoch(val) [4][ 650/1131]    eta: 0:00:23  time: 0.0452  data_time: 0.0004  memory: 1210  
07/10 03:20:56 - mmengine - INFO - Epoch(val) [4][ 700/1131]    eta: 0:00:20  time: 0.0451  data_time: 0.0003  memory: 1210  
07/10 03:20:58 - mmengine - INFO - Epoch(val) [4][ 750/1131]    eta: 0:00:18  time: 0.0455  data_time: 0.0003  memory: 1210  
07/10 03:21:01 - mmengine - INFO - Epoch(val) [4][ 800/1131]    eta: 0:00:15  time: 0.0453  data_time: 0.0003  memory: 1210  
07/10 03:21:03 - mmengine - INFO - Epoch(val) [4][ 850/1131]    eta: 0:00:13  time: 0.0450  data_time: 0.0003  memory: 1210  
07/10 03:21:05 - mmengine - INFO - Epoch(val) [4][ 900/1131]    eta: 0:00:11  time: 0.0462  data_time: 0.0015  memory: 1210  
07/10 03:21:08 - mmengine - INFO - Epoch(val) [4][ 950/1131]    eta: 0:00:08  time: 0.0449  data_time: 0.0003  memory: 1210  
07/10 03:21:10 - mmengine - INFO - Epoch(val) [4][1000/1131]    eta: 0:00:06  time: 0.0449  data_time: 0.0003  memory: 1210  
07/10 03:21:12 - mmengine - INFO - Epoch(val) [4][1050/1131]    eta: 0:00:03  time: 0.0449  data_time: 0.0003  memory: 1210  
07/10 03:21:14 - mmengine - INFO - Epoch(val) [4][1100/1131]    eta: 0:00:01  time: 0.0448  data_time: 0.0003  memory: 1210  
07/10 03:21:26 - mmengine - INFO - Evaluating bbox...
Loading and preparing results...
DONE (t=2.38s)
creating index...
index created!
Running per image evaluation...
Evaluate annotation type *bbox*
DONE (t=42.82s).
Accumulating evaluation results...
DONE (t=13.16s).
 Average Precision  (AP) @[ IoU=0.50:0.95 | area=   all | maxDets=100 ] = 0.528
 Average Precision  (AP) @[ IoU=0.50      | area=   all | maxDets=1000 ] = 0.651
 Average Precision  (AP) @[ IoU=0.75      | area=   all | maxDets=1000 ] = 0.596
 Average Precision  (AP) @[ IoU=0.50:0.95 | area= small | maxDets=1000 ] = 0.395
 Average Precision  (AP) @[ IoU=0.50:0.95 | area=medium | maxDets=1000 ] = 0.475
 Average Precision  (AP) @[ IoU=0.50:0.95 | area= large | maxDets=1000 ] = 0.642
 Average Recall     (AR) @[ IoU=0.50:0.95 | area=   all | maxDets=100 ] = 0.744
 Average Recall     (AR) @[ IoU=0.50:0.95 | area=   all | maxDets=300 ] = 0.744
 Average Recall     (AR) @[ IoU=0.50:0.95 | area=   all | maxDets=1000 ] = 0.744
 Average Recall     (AR) @[ IoU=0.50:0.95 | area= small | maxDets=1000 ] = 0.620
 Average Recall     (AR) @[ IoU=0.50:0.95 | area=medium | maxDets=1000 ] = 0.701
 Average Recall     (AR) @[ IoU=0.50:0.95 | area= large | maxDets=1000 ] = 0.824
07/10 03:22:28 - mmengine - INFO - bbox_mAP_copypaste: 0.528 0.651 0.596 0.395 0.475 0.642
07/10 03:22:30 - mmengine - INFO - Epoch(val) [4][1131/1131]    coco/bbox_mAP: 0.5280  coco/bbox_mAP_50: 0.6510  coco/bbox_mAP_75: 0.5960  coco/bbox_mAP_s: 0.3950  coco/bbox_mAP_m: 0.4750  coco/bbox_mAP_l: 0.6420  data_time: 0.0026  time: 0.0472
07/10 03:22:30 - mmengine - INFO - The previous best checkpoint /home/siyuan/projects/LLMs/OralDetect-Family/WeDetect_repro/WeDetect/work_dirs/oraldetect_v11dt_s2/best_coco_bbox_mAP_epoch_2.pth is removed
07/10 03:22:33 - mmengine - INFO - The best checkpoint with 0.5280 coco/bbox_mAP at 4 epoch is saved to best_coco_bbox_mAP_epoch_4.pth.
[rank0]:[W710 03:22:46.186703605 ProcessGroupNCCL.cpp:1250] Warning: WARNING: process group has NOT been destroyed before we destruct ProcessGroupNCCL. On normal program exit, the application should call destroy_process_group to ensure that any pending NCCL operations have finished in this process. In rare cases this process can exit before this point and block the progress of another member of the process group. This constraint has always been present,  but this warning has only been added since PyTorch 2.4 (function operator())
########## STAGE 3 (unfreeze all, e2e, lr 2e-5, 12ep) ##########
W0710 03:22:49.825000 2609700 site-packages/torch/distributed/run.py:793] 
W0710 03:22:49.825000 2609700 site-packages/torch/distributed/run.py:793] *****************************************
W0710 03:22:49.825000 2609700 site-packages/torch/distributed/run.py:793] Setting OMP_NUM_THREADS environment variable for each process to be 1 in default, to avoid your system being overloaded, please further tune the variable for optimal performance in your application as needed. 
W0710 03:22:49.825000 2609700 site-packages/torch/distributed/run.py:793] *****************************************
/home/siyuan/anaconda3/envs/wedetect_official/lib/python3.10/site-packages/mmengine/optim/optimizer/zero_optimizer.py:11: DeprecationWarning: `TorchScript` support for functional optimizers is deprecated and will be removed in a future PyTorch release. Consider using the `torch.compile` optimizer instead.
  from torch.distributed.optim import \
/home/siyuan/anaconda3/envs/wedetect_official/lib/python3.10/site-packages/mmengine/optim/optimizer/zero_optimizer.py:11: DeprecationWarning: `TorchScript` support for functional optimizers is deprecated and will be removed in a future PyTorch release. Consider using the `torch.compile` optimizer instead.
  from torch.distributed.optim import \
/home/siyuan/anaconda3/envs/wedetect_official/lib/python3.10/site-packages/mmengine/optim/optimizer/zero_optimizer.py:11: DeprecationWarning: `TorchScript` support for functional optimizers is deprecated and will be removed in a future PyTorch release. Consider using the `torch.compile` optimizer instead.
  from torch.distributed.optim import \
/home/siyuan/anaconda3/envs/wedetect_official/lib/python3.10/site-packages/mmengine/optim/optimizer/zero_optimizer.py:11: DeprecationWarning: `TorchScript` support for functional optimizers is deprecated and will be removed in a future PyTorch release. Consider using the `torch.compile` optimizer instead.
  from torch.distributed.optim import \
/home/siyuan/.local/lib/python3.10/site-packages/fairscale/experimental/nn/offload.py:19: FutureWarning: `torch.cuda.amp.custom_fwd(args...)` is deprecated. Please use `torch.amp.custom_fwd(args..., device_type='cuda')` instead.
  return torch.cuda.amp.custom_fwd(orig_func)  # type: ignore
/home/siyuan/.local/lib/python3.10/site-packages/fairscale/experimental/nn/offload.py:30: FutureWarning: `torch.cuda.amp.custom_bwd(args...)` is deprecated. Please use `torch.amp.custom_bwd(args..., device_type='cuda')` instead.
  return torch.cuda.amp.custom_bwd(orig_func)  # type: ignore
/home/siyuan/.local/lib/python3.10/site-packages/fairscale/experimental/nn/offload.py:19: FutureWarning: `torch.cuda.amp.custom_fwd(args...)` is deprecated. Please use `torch.amp.custom_fwd(args..., device_type='cuda')` instead.
  return torch.cuda.amp.custom_fwd(orig_func)  # type: ignore
/home/siyuan/.local/lib/python3.10/site-packages/fairscale/experimental/nn/offload.py:30: FutureWarning: `torch.cuda.amp.custom_bwd(args...)` is deprecated. Please use `torch.amp.custom_bwd(args..., device_type='cuda')` instead.
  return torch.cuda.amp.custom_bwd(orig_func)  # type: ignore
/home/siyuan/.local/lib/python3.10/site-packages/fairscale/experimental/nn/offload.py:19: FutureWarning: `torch.cuda.amp.custom_fwd(args...)` is deprecated. Please use `torch.amp.custom_fwd(args..., device_type='cuda')` instead.
  return torch.cuda.amp.custom_fwd(orig_func)  # type: ignore
/home/siyuan/.local/lib/python3.10/site-packages/fairscale/experimental/nn/offload.py:30: FutureWarning: `torch.cuda.amp.custom_bwd(args...)` is deprecated. Please use `torch.amp.custom_bwd(args..., device_type='cuda')` instead.
  return torch.cuda.amp.custom_bwd(orig_func)  # type: ignore
/home/siyuan/.local/lib/python3.10/site-packages/fairscale/experimental/nn/offload.py:19: FutureWarning: `torch.cuda.amp.custom_fwd(args...)` is deprecated. Please use `torch.amp.custom_fwd(args..., device_type='cuda')` instead.
  return torch.cuda.amp.custom_fwd(orig_func)  # type: ignore
/home/siyuan/.local/lib/python3.10/site-packages/fairscale/experimental/nn/offload.py:30: FutureWarning: `torch.cuda.amp.custom_bwd(args...)` is deprecated. Please use `torch.amp.custom_bwd(args..., device_type='cuda')` instead.
  return torch.cuda.amp.custom_bwd(orig_func)  # type: ignore
/home/siyuan/anaconda3/envs/wedetect_official/lib/python3.10/site-packages/mmengine/utils/dl_utils/setup_env.py:56: UserWarning: Setting MKL_NUM_THREADS environment variable for each process to be 1 in default, to avoid your system being overloaded, please further tune the variable for optimal performance in your application as needed.
  warnings.warn(
/home/siyuan/anaconda3/envs/wedetect_official/lib/python3.10/site-packages/mmengine/utils/dl_utils/setup_env.py:56: UserWarning: Setting MKL_NUM_THREADS environment variable for each process to be 1 in default, to avoid your system being overloaded, please further tune the variable for optimal performance in your application as needed.
  warnings.warn(
/home/siyuan/anaconda3/envs/wedetect_official/lib/python3.10/site-packages/mmengine/utils/dl_utils/setup_env.py:56: UserWarning: Setting MKL_NUM_THREADS environment variable for each process to be 1 in default, to avoid your system being overloaded, please further tune the variable for optimal performance in your application as needed.
  warnings.warn(
/home/siyuan/anaconda3/envs/wedetect_official/lib/python3.10/site-packages/mmengine/utils/dl_utils/setup_env.py:56: UserWarning: Setting MKL_NUM_THREADS environment variable for each process to be 1 in default, to avoid your system being overloaded, please further tune the variable for optimal performance in your application as needed.
  warnings.warn(
07/10 03:22:55 - mmengine - INFO - 
------------------------------------------------------------
System environment:
    sys.platform: linux
    Python: 3.10.20 (main, Jun 11 2026, 15:17:37) [GCC 14.3.0]
    CUDA available: True
    MUSA available: False
    numpy_random_seed: 460072290
    GPU 0,1,2,3: NVIDIA RTX A6000
    CUDA_HOME: /usr/local/cuda-11.3
    NVCC: Cuda compilation tools, release 11.3, V11.3.109
    GCC: gcc (Ubuntu 9.5.0-1ubuntu1~22.04) 9.5.0
    PyTorch: 2.5.1+cu124
    PyTorch compiling details: PyTorch built with:
  - GCC 9.3
  - C++ Version: 201703
  - Intel(R) oneAPI Math Kernel Library Version 2024.2-Product Build 20240605 for Intel(R) 64 architecture applications
  - Intel(R) MKL-DNN v3.5.3 (Git Hash 66f0cb9eb66affd2da3bf5f8d897376f04aae6af)
  - OpenMP 201511 (a.k.a. OpenMP 4.5)
  - LAPACK is enabled (usually provided by MKL)
  - NNPACK is enabled
  - CPU capability usage: AVX2
  - CUDA Runtime 12.4
  - NVCC architecture flags: -gencode;arch=compute_50,code=sm_50;-gencode;arch=compute_60,code=sm_60;-gencode;arch=compute_70,code=sm_70;-gencode;arch=compute_75,code=sm_75;-gencode;arch=compute_80,code=sm_80;-gencode;arch=compute_86,code=sm_86;-gencode;arch=compute_90,code=sm_90
  - CuDNN 90.1
  - Magma 2.6.1
  - Build settings: BLAS_INFO=mkl, BUILD_TYPE=Release, CUDA_VERSION=12.4, CUDNN_VERSION=9.1.0, CXX_COMPILER=/opt/rh/devtoolset-9/root/usr/bin/c++, CXX_FLAGS= -D_GLIBCXX_USE_CXX11_ABI=0 -fabi-version=11 -fvisibility-inlines-hidden -DUSE_PTHREADPOOL -DNDEBUG -DUSE_KINETO -DLIBKINETO_NOROCTRACER -DLIBKINETO_NOXPUPTI=ON -DUSE_FBGEMM -DUSE_PYTORCH_QNNPACK -DUSE_XNNPACK -DSYMBOLICATE_MOBILE_DEBUG_HANDLE -O2 -fPIC -Wall -Wextra -Werror=return-type -Werror=non-virtual-dtor -Werror=bool-operation -Wnarrowing -Wno-missing-field-initializers -Wno-type-limits -Wno-array-bounds -Wno-unknown-pragmas -Wno-unused-parameter -Wno-strict-overflow -Wno-strict-aliasing -Wno-stringop-overflow -Wsuggest-override -Wno-psabi -Wno-error=old-style-cast -Wno-missing-braces -fdiagnostics-color=always -faligned-new -Wno-unused-but-set-variable -Wno-maybe-uninitialized -fno-math-errno -fno-trapping-math -Werror=format -Wno-stringop-overflow, LAPACK_INFO=mkl, PERF_WITH_AVX=1, PERF_WITH_AVX2=1, TORCH_VERSION=2.5.1, USE_CUDA=ON, USE_CUDNN=ON, USE_CUSPARSELT=1, USE_EXCEPTION_PTR=1, USE_GFLAGS=OFF, USE_GLOG=OFF, USE_GLOO=ON, USE_MKL=ON, USE_MKLDNN=ON, USE_MPI=OFF, USE_NCCL=1, USE_NNPACK=ON, USE_OPENMP=ON, USE_ROCM=OFF, USE_ROCM_KERNEL_ASSERT=OFF, 

    TorchVision: 0.20.1+cu124
    OpenCV: 4.10.0
    MMEngine: 0.10.7

Runtime environment:
    cudnn_benchmark: False
    mp_cfg: {'mp_start_method': 'fork', 'opencv_num_threads': 0}
    dist_cfg: {'backend': 'nccl'}
    seed: 460072290
    Distributed launcher: pytorch
    Distributed training: True
    GPU number: 4
------------------------------------------------------------

07/10 03:22:56 - mmengine - INFO - Config:
CLASS_NAMES = '/home/siyuan/projects/LLMs/OralDetect-Family/OralDetect/datas/class_names_oraldetect.json'
CLASS_TEXT = '/home/siyuan/projects/LLMs/OralDetect-Family/OralDetect/datas/class_texts_oraldetect.json'
DATAS = '/home/siyuan/projects/LLMs/OralDetect-Family/OralDetect/datas'
DATA_ROOT = '/home/siyuan/OralDetect_data_by_modality/'
DENTALBERT = '/home/siyuan/projects/LLMs/OralDetect-Family/OralCLIP/Bert_tuning/checkpoints/BiomedNLP-BiomedBERT-base-uncased-abstract-fulltext_dental_mlm/final'
TEST_ANN = '/home/siyuan/projects/LLMs/OralDetect-Family/OralDetect/datas/instances_oraldetect_val.json'
TRAIN_ANN = '/home/siyuan/projects/LLMs/OralDetect-Family/OralDetect/datas/instances_oraldetect_train.json'
affine_scale = 0.5
albu_train_transforms = [
    dict(p=0.01, type='Blur'),
    dict(p=0.01, type='MedianBlur'),
    dict(p=0.01, type='ToGray'),
    dict(p=0.01, type='CLAHE'),
]
backend_args = None
base_lr = 2e-05
close_mosaic_epochs = 4
coco_evaluator = dict(
    ann_file='data/coco/annotations/instances_val2017.json',
    metric='bbox',
    type='CocoMetric')
coco_val_dataset = dict(
    class_text_path='data/texts/coco_zh_class_texts.json',
    dataset=dict(
        ann_file='data/coco/annotations/instances_val2017.json',
        batch_shapes_cfg=None,
        data_prefix=dict(img='val2017'),
        data_root='data/coco/',
        test_mode=True,
        type='WeCocoDataset'),
    pipeline=[
        dict(backend_args=None, type='LoadImageFromFile'),
        dict(scale=(
            640,
            640,
        ), type='WeDetectKeepRatioResize'),
        dict(
            allow_scale_up=False,
            pad_val=dict(img=114),
            scale=(
                640,
                640,
            ),
            type='WeDetectLetterResize'),
        dict(_scope_='mmdet', type='LoadAnnotations', with_bbox=True),
        dict(type='LoadText'),
        dict(
            meta_keys=(
                'img_id',
                'img_path',
                'ori_shape',
                'img_shape',
                'scale_factor',
                'pad_param',
                'texts',
            ),
            type='PackDetInputs'),
    ],
    type='MultiModalDataset')
custom_hooks = [
    dict(
        switch_epoch=8,
        switch_pipeline=[
            dict(backend_args=None, type='LoadImageFromFile'),
            dict(type='LoadAnnotations', with_bbox=True),
            dict(scale=(
                640,
                640,
            ), type='WeDetectKeepRatioResize'),
            dict(
                allow_scale_up=True,
                pad_val=dict(img=114.0),
                scale=(
                    640,
                    640,
                ),
                type='WeDetectLetterResize'),
            dict(
                border_val=(
                    114,
                    114,
                    114,
                ),
                max_aspect_ratio=100,
                max_rotate_degree=0.0,
                max_shear_degree=0.0,
                scaling_ratio_range=(
                    0.5,
                    1.5,
                ),
                type='WeDetectRandomAffine'),
            dict(
                bbox_params=dict(
                    format='pascal_voc',
                    label_fields=[
                        'gt_bboxes_labels',
                        'gt_ignore_flags',
                    ],
                    type='BboxParams'),
                keymap=dict(gt_bboxes='bboxes', img='image'),
                transforms=[
                    dict(p=0.01, type='Blur'),
                    dict(p=0.01, type='MedianBlur'),
                    dict(p=0.01, type='ToGray'),
                    dict(p=0.01, type='CLAHE'),
                ],
                type='mmdet.Albu'),
            dict(type='WeDetectHSVRandomAug'),
            dict(prob=0.5, type='mmdet.RandomFlip'),
            dict(
                max_num_samples=86,
                num_neg_samples=(
                    86,
                    86,
                ),
                padding_to_max=True,
                padding_value='',
                type='RandomLoadText'),
            dict(
                meta_keys=(
                    'img_id',
                    'img_path',
                    'ori_shape',
                    'img_shape',
                    'flip',
                    'flip_direction',
                    'texts',
                ),
                type='mmdet.PackDetInputs'),
        ],
        type='mmdet.PipelineSwitchHook'),
]
custom_imports = dict(
    allow_failed_imports=False, imports=[
        'wedetect',
    ])
default_hooks = dict(
    checkpoint=dict(
        interval=1,
        max_keep_ckpts=3,
        save_best='coco/bbox_mAP',
        type='CheckpointHook'),
    logger=dict(interval=50, type='LoggerHook'),
    param_scheduler=dict(type='ParamSchedulerHook'),
    sampler_seed=dict(type='DistSamplerSeedHook'),
    timer=dict(type='IterTimerHook'),
    visualization=dict(type='mmdet.DetVisualizationHook'))
default_scope = 'mmdet'
dist_cfg = dict(backend='nccl', timeout=10800)
env_cfg = dict(
    cudnn_benchmark=False,
    dist_cfg=dict(backend='nccl'),
    mp_cfg=dict(mp_start_method='fork', opencv_num_threads=0))
find_unused_parameters = True
img_scale = (
    640,
    640,
)
launcher = 'pytorch'
load_from = 'work_dirs/oraldetect_v11dt_s2/epoch_4.pth'
log_level = 'INFO'
log_processor = dict(by_epoch=True, type='LogProcessor', window_size=50)
loss_bbox_weight = 7.5
loss_cls_weight = 0.5
loss_dfl_weight = 0.375
lvis_minival_dataset = dict(
    class_text_path='data/texts/lvis_v1_zh_class_texts.json',
    dataset=dict(
        ann_file='data/lvis/lvis_v1_minival_inserted_image_name.json',
        batch_shapes_cfg=None,
        data_prefix=dict(img=''),
        data_root='data/coco/',
        test_mode=True,
        type='YOLOv5LVISV1Dataset'),
    pipeline=[
        dict(backend_args=None, type='LoadImageFromFile'),
        dict(scale=(
            640,
            640,
        ), type='WeDetectKeepRatioResize'),
        dict(
            allow_scale_up=False,
            pad_val=dict(img=114),
            scale=(
                640,
                640,
            ),
            type='WeDetectLetterResize'),
        dict(_scope_='mmdet', type='LoadAnnotations', with_bbox=True),
        dict(type='LoadText'),
        dict(
            meta_keys=(
                'img_id',
                'img_path',
                'ori_shape',
                'img_shape',
                'scale_factor',
                'pad_param',
                'texts',
            ),
            type='PackDetInputs'),
    ],
    type='MultiModalDataset')
lvis_minival_evaluator = dict(
    ann_file='data/lvis/lvis_v1_minival_inserted_image_name.json',
    metric='bbox',
    type='LVISMetric')
lvis_od_val_dataset = dict(
    class_text_path='data/texts/lvis_v1_zh_class_texts.json',
    dataset=dict(
        ann_file='data/lvis/lvis_od_val.json',
        batch_shapes_cfg=None,
        data_prefix=dict(img=''),
        data_root='data/coco/',
        test_mode=True,
        type='YOLOv5LVISV1Dataset'),
    pipeline=[
        dict(backend_args=None, type='LoadImageFromFile'),
        dict(scale=(
            640,
            640,
        ), type='WeDetectKeepRatioResize'),
        dict(
            allow_scale_up=False,
            pad_val=dict(img=114),
            scale=(
                640,
                640,
            ),
            type='WeDetectLetterResize'),
        dict(_scope_='mmdet', type='LoadAnnotations', with_bbox=True),
        dict(type='LoadText'),
        dict(
            meta_keys=(
                'img_id',
                'img_path',
                'ori_shape',
                'img_shape',
                'scale_factor',
                'pad_param',
                'texts',
            ),
            type='PackDetInputs'),
    ],
    type='MultiModalDataset')
lvis_od_val_evaluator = dict(
    ann_file='data/lvis/lvis_od_val.json', metric='bbox', type='LVISMetric')
max_epochs = 12
metainfo = dict(
    classes=(
        'abnormal oral epithelial cell',
        'alveolar bone loss',
        'anterior teeth with fluorosis',
        'anterior teeth without fluorosis',
        'canine',
        'central incisor',
        'craniofacial or oral anomaly',
        'dental abrasion',
        'dental caries',
        'dental crown restoration',
        'dental filling',
        'dental implant',
        'dental opacity',
        'dental restoration',
        'dental restoration (filling or crown)',
        'dividing oral cell',
        'first molar',
        'first premolar',
        'foreign object or debris',
        'hard recognized oral cell',
        'impacted tooth',
        'intraoral appliance',
        'lateral incisor',
        'lightly abnormal oral cell',
        'malignant oral cell',
        'mandibular canal',
        'maxillary sinus',
        'missing or residual root',
        'missing teeth',
        'normal',
        'normal oral cell',
        'oral blood cell',
        'orthodontic bracket',
        'periapical lesion',
        'periodontal pocket',
        'primary endodontic lesion',
        'primary endodontic with secondary periodontal lesion',
        'primary periodontal lesion',
        'primary periodontal with secondary endodontic lesion',
        'quadrant 1 (upper right)',
        'quadrant 2 (upper left)',
        'quadrant 3 (lower left)',
        'quadrant 4 (lower right)',
        'reactive oral cell',
        'retained root',
        'root canal treatment',
        'second molar',
        'second premolar',
        'severe gingivitis',
        'suspicious malignant oral cell',
        'tooth 11 (upper right central incisor)',
        'tooth 12 (upper right lateral incisor)',
        'tooth 13 (upper right canine)',
        'tooth 14 (upper right first premolar)',
        'tooth 15 (upper right second premolar)',
        'tooth 16 (upper right first molar)',
        'tooth 17 (upper right second molar)',
        'tooth 18 (upper right third molar)',
        'tooth 21 (upper left central incisor)',
        'tooth 22 (upper left lateral incisor)',
        'tooth 23 (upper left canine)',
        'tooth 24 (upper left first premolar)',
        'tooth 25 (upper left second premolar)',
        'tooth 26 (upper left first molar)',
        'tooth 27 (upper left second molar)',
        'tooth 28 (upper left third molar)',
        'tooth 31 (lower left central incisor)',
        'tooth 32 (lower left lateral incisor)',
        'tooth 33 (lower left canine)',
        'tooth 34 (lower left first premolar)',
        'tooth 35 (lower left second premolar)',
        'tooth 36 (lower left first molar)',
        'tooth 37 (lower left second molar)',
        'tooth 38 (lower left third molar)',
        'tooth 41 (lower right central incisor)',
        'tooth 42 (lower right lateral incisor)',
        'tooth 43 (lower right canine)',
        'tooth 44 (lower right first premolar)',
        'tooth 45 (lower right second premolar)',
        'tooth 46 (lower right first molar)',
        'tooth 47 (lower right second molar)',
        'tooth 48 (lower right third molar)',
        'tooth erosion',
        'tooth malformation',
        'true combined endo-perio lesion',
        'tumor',
    ))
mixup_prob = 0.15
model = dict(
    backbone=dict(
        image_model=dict(
            frozen_modules=[],
            model_name='base',
            type='ConvNextVisionBackbone'),
        text_model=dict(
            frozen_modules=[],
            model_name=
            '/home/siyuan/projects/LLMs/OralDetect-Family/OralCLIP/Bert_tuning/checkpoints/BiomedNLP-BiomedBERT-base-uncased-abstract-fulltext_dental_mlm/final',
            model_size='base',
            type='DentalBertLanguageBackbone'),
        type='MultiModalYOLOBackbone'),
    bbox_head=dict(
        bbox_coder=dict(type='WeDetectDistancePointBBoxCoder'),
        head_module=dict(
            embed_dims=768,
            in_channels=[
                256,
                512,
                1024,
            ],
            model_size='base',
            num_classes=86,
            type='YOLOWorldHeadModule',
            use_bn_head=True),
        loss_bbox=dict(
            bbox_format='xyxy',
            iou_mode='ciou',
            loss_weight=7.5,
            reduction='sum',
            return_iou=False,
            type='mmyoloIoULoss'),
        loss_cls=dict(
            loss_weight=0.5,
            reduction='none',
            type='CrossEntropyLoss',
            use_sigmoid=True),
        loss_dfl=dict(
            loss_weight=0.375, reduction='mean', type='DistributionFocalLoss'),
        prior_generator=dict(
            offset=0.5, strides=[
                8,
                16,
                32,
            ], type='MlvlPointGenerator'),
        type='YOLOWorldHead'),
    data_preprocessor=dict(
        bgr_to_rgb=True,
        mean=[
            0.0,
            0.0,
            0.0,
        ],
        std=[
            255.0,
            255.0,
            255.0,
        ],
        type='YOLOWDetDataPreprocessor'),
    mm_neck=False,
    neck=dict(model_size='base', scale_factor=1.0, type='CSPRepBiFPANNeck'),
    num_test_classes=86,
    num_train_classes=86,
    test_cfg=dict(
        max_per_img=300,
        multi_label=True,
        nms=dict(iou_threshold=0.7, type='nms'),
        nms_pre=30000,
        score_thr=0.001),
    train_cfg=dict(
        assigner=dict(
            alpha=0.5,
            beta=6.0,
            eps=1e-09,
            num_classes=86,
            topk=10,
            type='BatchTaskAlignedAssigner',
            use_ciou=True)),
    type='YOLOWorldDetector')
model_test_cfg = dict(
    max_per_img=300,
    multi_label=True,
    nms=dict(iou_threshold=0.7, type='nms'),
    nms_pre=30000,
    score_thr=0.001)
mosaic_affine_transform = [
    dict(
        img_scale=(
            640,
            640,
        ),
        pad_val=114.0,
        pre_transform=[
            dict(backend_args=None, type='LoadImageFromFile'),
            dict(type='LoadAnnotations', with_bbox=True),
        ],
        type='MultiModalMosaic'),
    dict(
        border=(
            -320,
            -320,
        ),
        border_val=(
            114,
            114,
            114,
        ),
        max_aspect_ratio=100.0,
        max_rotate_degree=0.0,
        max_shear_degree=0.0,
        scaling_ratio_range=(
            0.5,
            1.5,
        ),
        type='WeDetectRandomAffine'),
]
neck_embed_channels = [
    128,
    256,
    512,
]
neck_num_heads = [
    4,
    8,
    16,
]
num_classes = 86
num_training_classes = 86
optim_wrapper = dict(
    clip_grad=dict(max_norm=10.0),
    constructor='YOLOWv5OptimizerConstructor',
    optimizer=dict(
        batch_size_per_gpu=8, lr=2e-05, type='AdamW', weight_decay=0.05),
    paramwise_cfg=dict(
        custom_keys=dict({
            'backbone.text_model': dict(lr_mult=0.1),
            'logit_scale': dict(weight_decay=0.0)
        })),
    type='OptimWrapper')
param_scheduler = [
    dict(
        begin=0,
        by_epoch=False,
        end=1000,
        end_factor=1.0,
        start_factor=0.001,
        type='LinearLR'),
    dict(
        begin=0,
        by_epoch=True,
        convert_to_iter_based=True,
        end=12,
        end_factor=0.001,
        start_factor=1.0,
        type='LinearLR'),
]
persistent_workers = True
pre_transform = [
    dict(backend_args=None, type='LoadImageFromFile'),
    dict(type='LoadAnnotations', with_bbox=True),
]
resume = False
save_epoch_intervals = 1
tal_alpha = 0.5
tal_beta = 6.0
tal_topk = 10
test_cfg = dict(type='TestLoop')
test_dataloader = dict(
    batch_size=1,
    dataset=dict(
        class_text_path=
        '/home/siyuan/projects/LLMs/OralDetect-Family/OralDetect/datas/class_texts_oraldetect.json',
        dataset=dict(
            ann_file=
            '/home/siyuan/projects/LLMs/OralDetect-Family/OralDetect/datas/instances_oraldetect_val.json',
            batch_shapes_cfg=None,
            data_prefix=dict(img=''),
            data_root='/home/siyuan/OralDetect_data_by_modality/',
            metainfo=dict(
                classes=(
                    'abnormal oral epithelial cell',
                    'alveolar bone loss',
                    'anterior teeth with fluorosis',
                    'anterior teeth without fluorosis',
                    'canine',
                    'central incisor',
                    'craniofacial or oral anomaly',
                    'dental abrasion',
                    'dental caries',
                    'dental crown restoration',
                    'dental filling',
                    'dental implant',
                    'dental opacity',
                    'dental restoration',
                    'dental restoration (filling or crown)',
                    'dividing oral cell',
                    'first molar',
                    'first premolar',
                    'foreign object or debris',
                    'hard recognized oral cell',
                    'impacted tooth',
                    'intraoral appliance',
                    'lateral incisor',
                    'lightly abnormal oral cell',
                    'malignant oral cell',
                    'mandibular canal',
                    'maxillary sinus',
                    'missing or residual root',
                    'missing teeth',
                    'normal',
                    'normal oral cell',
                    'oral blood cell',
                    'orthodontic bracket',
                    'periapical lesion',
                    'periodontal pocket',
                    'primary endodontic lesion',
                    'primary endodontic with secondary periodontal lesion',
                    'primary periodontal lesion',
                    'primary periodontal with secondary endodontic lesion',
                    'quadrant 1 (upper right)',
                    'quadrant 2 (upper left)',
                    'quadrant 3 (lower left)',
                    'quadrant 4 (lower right)',
                    'reactive oral cell',
                    'retained root',
                    'root canal treatment',
                    'second molar',
                    'second premolar',
                    'severe gingivitis',
                    'suspicious malignant oral cell',
                    'tooth 11 (upper right central incisor)',
                    'tooth 12 (upper right lateral incisor)',
                    'tooth 13 (upper right canine)',
                    'tooth 14 (upper right first premolar)',
                    'tooth 15 (upper right second premolar)',
                    'tooth 16 (upper right first molar)',
                    'tooth 17 (upper right second molar)',
                    'tooth 18 (upper right third molar)',
                    'tooth 21 (upper left central incisor)',
                    'tooth 22 (upper left lateral incisor)',
                    'tooth 23 (upper left canine)',
                    'tooth 24 (upper left first premolar)',
                    'tooth 25 (upper left second premolar)',
                    'tooth 26 (upper left first molar)',
                    'tooth 27 (upper left second molar)',
                    'tooth 28 (upper left third molar)',
                    'tooth 31 (lower left central incisor)',
                    'tooth 32 (lower left lateral incisor)',
                    'tooth 33 (lower left canine)',
                    'tooth 34 (lower left first premolar)',
                    'tooth 35 (lower left second premolar)',
                    'tooth 36 (lower left first molar)',
                    'tooth 37 (lower left second molar)',
                    'tooth 38 (lower left third molar)',
                    'tooth 41 (lower right central incisor)',
                    'tooth 42 (lower right lateral incisor)',
                    'tooth 43 (lower right canine)',
                    'tooth 44 (lower right first premolar)',
                    'tooth 45 (lower right second premolar)',
                    'tooth 46 (lower right first molar)',
                    'tooth 47 (lower right second molar)',
                    'tooth 48 (lower right third molar)',
                    'tooth erosion',
                    'tooth malformation',
                    'true combined endo-perio lesion',
                    'tumor',
                )),
            test_mode=True,
            type='WeCocoDataset'),
        pipeline=[
            dict(backend_args=None, type='LoadImageFromFile'),
            dict(scale=(
                640,
                640,
            ), type='WeDetectKeepRatioResize'),
            dict(
                allow_scale_up=False,
                pad_val=dict(img=114),
                scale=(
                    640,
                    640,
                ),
                type='WeDetectLetterResize'),
            dict(_scope_='mmdet', type='LoadAnnotations', with_bbox=True),
            dict(type='LoadText'),
            dict(
                meta_keys=(
                    'img_id',
                    'img_path',
                    'ori_shape',
                    'img_shape',
                    'scale_factor',
                    'pad_param',
                    'texts',
                ),
                type='PackDetInputs'),
        ],
        type='MultiModalDataset'),
    drop_last=False,
    num_workers=2,
    persistent_workers=True,
    pin_memory=True,
    sampler=dict(shuffle=False, type='DefaultSampler'))
test_evaluator = dict(
    ann_file=
    '/home/siyuan/projects/LLMs/OralDetect-Family/OralDetect/datas/instances_oraldetect_val.json',
    metric='bbox',
    type='CocoMetric')
test_pipeline = [
    dict(backend_args=None, type='LoadImageFromFile'),
    dict(scale=(
        640,
        640,
    ), type='WeDetectKeepRatioResize'),
    dict(
        allow_scale_up=False,
        pad_val=dict(img=114),
        scale=(
            640,
            640,
        ),
        type='WeDetectLetterResize'),
    dict(_scope_='mmdet', type='LoadAnnotations', with_bbox=True),
    dict(type='LoadText'),
    dict(
        meta_keys=(
            'img_id',
            'img_path',
            'ori_shape',
            'img_shape',
            'scale_factor',
            'pad_param',
            'texts',
        ),
        type='PackDetInputs'),
]
text_channels = 768
text_transform = [
    dict(
        max_num_samples=86,
        num_neg_samples=(
            86,
            86,
        ),
        padding_to_max=True,
        padding_value='',
        type='RandomLoadText'),
    dict(
        meta_keys=(
            'img_id',
            'img_path',
            'ori_shape',
            'img_shape',
            'flip',
            'flip_direction',
            'texts',
        ),
        type='mmdet.PackDetInputs'),
]
train_batch_size_per_gpu = 8
train_cfg = dict(
    dynamic_intervals=[
        (
            8,
            1,
        ),
    ],
    max_epochs=12,
    type='EpochBasedTrainLoop',
    val_interval=2)
train_dataloader = dict(
    batch_size=8,
    collate_fn=dict(type='yolow_collate'),
    dataset=dict(
        class_text_path=
        '/home/siyuan/projects/LLMs/OralDetect-Family/OralDetect/datas/class_texts_oraldetect.json',
        dataset=dict(
            ann_file=
            '/home/siyuan/projects/LLMs/OralDetect-Family/OralDetect/datas/instances_oraldetect_train.json',
            data_prefix=dict(img=''),
            data_root='/home/siyuan/OralDetect_data_by_modality/',
            filter_cfg=dict(filter_empty_gt=False, min_size=32),
            metainfo=dict(
                classes=(
                    'abnormal oral epithelial cell',
                    'alveolar bone loss',
                    'anterior teeth with fluorosis',
                    'anterior teeth without fluorosis',
                    'canine',
                    'central incisor',
                    'craniofacial or oral anomaly',
                    'dental abrasion',
                    'dental caries',
                    'dental crown restoration',
                    'dental filling',
                    'dental implant',
                    'dental opacity',
                    'dental restoration',
                    'dental restoration (filling or crown)',
                    'dividing oral cell',
                    'first molar',
                    'first premolar',
                    'foreign object or debris',
                    'hard recognized oral cell',
                    'impacted tooth',
                    'intraoral appliance',
                    'lateral incisor',
                    'lightly abnormal oral cell',
                    'malignant oral cell',
                    'mandibular canal',
                    'maxillary sinus',
                    'missing or residual root',
                    'missing teeth',
                    'normal',
                    'normal oral cell',
                    'oral blood cell',
                    'orthodontic bracket',
                    'periapical lesion',
                    'periodontal pocket',
                    'primary endodontic lesion',
                    'primary endodontic with secondary periodontal lesion',
                    'primary periodontal lesion',
                    'primary periodontal with secondary endodontic lesion',
                    'quadrant 1 (upper right)',
                    'quadrant 2 (upper left)',
                    'quadrant 3 (lower left)',
                    'quadrant 4 (lower right)',
                    'reactive oral cell',
                    'retained root',
                    'root canal treatment',
                    'second molar',
                    'second premolar',
                    'severe gingivitis',
                    'suspicious malignant oral cell',
                    'tooth 11 (upper right central incisor)',
                    'tooth 12 (upper right lateral incisor)',
                    'tooth 13 (upper right canine)',
                    'tooth 14 (upper right first premolar)',
                    'tooth 15 (upper right second premolar)',
                    'tooth 16 (upper right first molar)',
                    'tooth 17 (upper right second molar)',
                    'tooth 18 (upper right third molar)',
                    'tooth 21 (upper left central incisor)',
                    'tooth 22 (upper left lateral incisor)',
                    'tooth 23 (upper left canine)',
                    'tooth 24 (upper left first premolar)',
                    'tooth 25 (upper left second premolar)',
                    'tooth 26 (upper left first molar)',
                    'tooth 27 (upper left second molar)',
                    'tooth 28 (upper left third molar)',
                    'tooth 31 (lower left central incisor)',
                    'tooth 32 (lower left lateral incisor)',
                    'tooth 33 (lower left canine)',
                    'tooth 34 (lower left first premolar)',
                    'tooth 35 (lower left second premolar)',
                    'tooth 36 (lower left first molar)',
                    'tooth 37 (lower left second molar)',
                    'tooth 38 (lower left third molar)',
                    'tooth 41 (lower right central incisor)',
                    'tooth 42 (lower right lateral incisor)',
                    'tooth 43 (lower right canine)',
                    'tooth 44 (lower right first premolar)',
                    'tooth 45 (lower right second premolar)',
                    'tooth 46 (lower right first molar)',
                    'tooth 47 (lower right second molar)',
                    'tooth 48 (lower right third molar)',
                    'tooth erosion',
                    'tooth malformation',
                    'true combined endo-perio lesion',
                    'tumor',
                )),
            type='WeCocoDataset'),
        pipeline=[
            dict(backend_args=None, type='LoadImageFromFile'),
            dict(type='LoadAnnotations', with_bbox=True),
            dict(
                img_scale=(
                    640,
                    640,
                ),
                pad_val=114.0,
                pre_transform=[
                    dict(backend_args=None, type='LoadImageFromFile'),
                    dict(type='LoadAnnotations', with_bbox=True),
                ],
                type='MultiModalMosaic'),
            dict(
                border=(
                    -320,
                    -320,
                ),
                border_val=(
                    114,
                    114,
                    114,
                ),
                max_aspect_ratio=100.0,
                max_rotate_degree=0.0,
                max_shear_degree=0.0,
                scaling_ratio_range=(
                    0.5,
                    1.5,
                ),
                type='WeDetectRandomAffine'),
            dict(
                pre_transform=[
                    dict(backend_args=None, type='LoadImageFromFile'),
                    dict(type='LoadAnnotations', with_bbox=True),
                    dict(
                        img_scale=(
                            640,
                            640,
                        ),
                        pad_val=114.0,
                        pre_transform=[
                            dict(backend_args=None, type='LoadImageFromFile'),
                            dict(type='LoadAnnotations', with_bbox=True),
                        ],
                        type='MultiModalMosaic'),
                    dict(
                        border=(
                            -320,
                            -320,
                        ),
                        border_val=(
                            114,
                            114,
                            114,
                        ),
                        max_aspect_ratio=100.0,
                        max_rotate_degree=0.0,
                        max_shear_degree=0.0,
                        scaling_ratio_range=(
                            0.5,
                            1.5,
                        ),
                        type='WeDetectRandomAffine'),
                ],
                prob=0.15,
                type='YOLOv5MultiModalMixUp'),
            dict(
                bbox_params=dict(
                    format='pascal_voc',
                    label_fields=[
                        'gt_bboxes_labels',
                        'gt_ignore_flags',
                    ],
                    type='BboxParams'),
                keymap=dict(gt_bboxes='bboxes', img='image'),
                transforms=[
                    dict(p=0.01, type='Blur'),
                    dict(p=0.01, type='MedianBlur'),
                    dict(p=0.01, type='ToGray'),
                    dict(p=0.01, type='CLAHE'),
                ],
                type='mmdet.Albu'),
            dict(type='WeDetectHSVRandomAug'),
            dict(prob=0.5, type='mmdet.RandomFlip'),
            dict(
                max_num_samples=86,
                num_neg_samples=(
                    86,
                    86,
                ),
                padding_to_max=True,
                padding_value='',
                type='RandomLoadText'),
            dict(
                meta_keys=(
                    'img_id',
                    'img_path',
                    'ori_shape',
                    'img_shape',
                    'flip',
                    'flip_direction',
                    'texts',
                ),
                type='mmdet.PackDetInputs'),
        ],
        type='MultiModalDataset'),
    num_workers=4,
    persistent_workers=True,
    sampler=dict(shuffle=True, type='DefaultSampler'))
train_dataset = dict(
    class_text_path=
    '/home/siyuan/projects/LLMs/OralDetect-Family/OralDetect/datas/class_texts_oraldetect.json',
    dataset=dict(
        ann_file=
        '/home/siyuan/projects/LLMs/OralDetect-Family/OralDetect/datas/instances_oraldetect_train.json',
        data_prefix=dict(img=''),
        data_root='/home/siyuan/OralDetect_data_by_modality/',
        filter_cfg=dict(filter_empty_gt=False, min_size=32),
        metainfo=dict(
            classes=(
                'abnormal oral epithelial cell',
                'alveolar bone loss',
                'anterior teeth with fluorosis',
                'anterior teeth without fluorosis',
                'canine',
                'central incisor',
                'craniofacial or oral anomaly',
                'dental abrasion',
                'dental caries',
                'dental crown restoration',
                'dental filling',
                'dental implant',
                'dental opacity',
                'dental restoration',
                'dental restoration (filling or crown)',
                'dividing oral cell',
                'first molar',
                'first premolar',
                'foreign object or debris',
                'hard recognized oral cell',
                'impacted tooth',
                'intraoral appliance',
                'lateral incisor',
                'lightly abnormal oral cell',
                'malignant oral cell',
                'mandibular canal',
                'maxillary sinus',
                'missing or residual root',
                'missing teeth',
                'normal',
                'normal oral cell',
                'oral blood cell',
                'orthodontic bracket',
                'periapical lesion',
                'periodontal pocket',
                'primary endodontic lesion',
                'primary endodontic with secondary periodontal lesion',
                'primary periodontal lesion',
                'primary periodontal with secondary endodontic lesion',
                'quadrant 1 (upper right)',
                'quadrant 2 (upper left)',
                'quadrant 3 (lower left)',
                'quadrant 4 (lower right)',
                'reactive oral cell',
                'retained root',
                'root canal treatment',
                'second molar',
                'second premolar',
                'severe gingivitis',
                'suspicious malignant oral cell',
                'tooth 11 (upper right central incisor)',
                'tooth 12 (upper right lateral incisor)',
                'tooth 13 (upper right canine)',
                'tooth 14 (upper right first premolar)',
                'tooth 15 (upper right second premolar)',
                'tooth 16 (upper right first molar)',
                'tooth 17 (upper right second molar)',
                'tooth 18 (upper right third molar)',
                'tooth 21 (upper left central incisor)',
                'tooth 22 (upper left lateral incisor)',
                'tooth 23 (upper left canine)',
                'tooth 24 (upper left first premolar)',
                'tooth 25 (upper left second premolar)',
                'tooth 26 (upper left first molar)',
                'tooth 27 (upper left second molar)',
                'tooth 28 (upper left third molar)',
                'tooth 31 (lower left central incisor)',
                'tooth 32 (lower left lateral incisor)',
                'tooth 33 (lower left canine)',
                'tooth 34 (lower left first premolar)',
                'tooth 35 (lower left second premolar)',
                'tooth 36 (lower left first molar)',
                'tooth 37 (lower left second molar)',
                'tooth 38 (lower left third molar)',
                'tooth 41 (lower right central incisor)',
                'tooth 42 (lower right lateral incisor)',
                'tooth 43 (lower right canine)',
                'tooth 44 (lower right first premolar)',
                'tooth 45 (lower right second premolar)',
                'tooth 46 (lower right first molar)',
                'tooth 47 (lower right second molar)',
                'tooth 48 (lower right third molar)',
                'tooth erosion',
                'tooth malformation',
                'true combined endo-perio lesion',
                'tumor',
            )),
        type='WeCocoDataset'),
    pipeline=[
        dict(backend_args=None, type='LoadImageFromFile'),
        dict(type='LoadAnnotations', with_bbox=True),
        dict(
            img_scale=(
                640,
                640,
            ),
            pad_val=114.0,
            pre_transform=[
                dict(backend_args=None, type='LoadImageFromFile'),
                dict(type='LoadAnnotations', with_bbox=True),
            ],
            type='MultiModalMosaic'),
        dict(
            border=(
                -320,
                -320,
            ),
            border_val=(
                114,
                114,
                114,
            ),
            max_aspect_ratio=100.0,
            max_rotate_degree=0.0,
            max_shear_degree=0.0,
            scaling_ratio_range=(
                0.5,
                1.5,
            ),
            type='WeDetectRandomAffine'),
        dict(
            pre_transform=[
                dict(backend_args=None, type='LoadImageFromFile'),
                dict(type='LoadAnnotations', with_bbox=True),
                dict(
                    img_scale=(
                        640,
                        640,
                    ),
                    pad_val=114.0,
                    pre_transform=[
                        dict(backend_args=None, type='LoadImageFromFile'),
                        dict(type='LoadAnnotations', with_bbox=True),
                    ],
                    type='MultiModalMosaic'),
                dict(
                    border=(
                        -320,
                        -320,
                    ),
                    border_val=(
                        114,
                        114,
                        114,
                    ),
                    max_aspect_ratio=100.0,
                    max_rotate_degree=0.0,
                    max_shear_degree=0.0,
                    scaling_ratio_range=(
                        0.5,
                        1.5,
                    ),
                    type='WeDetectRandomAffine'),
            ],
            prob=0.15,
            type='YOLOv5MultiModalMixUp'),
        dict(
            bbox_params=dict(
                format='pascal_voc',
                label_fields=[
                    'gt_bboxes_labels',
                    'gt_ignore_flags',
                ],
                type='BboxParams'),
            keymap=dict(gt_bboxes='bboxes', img='image'),
            transforms=[
                dict(p=0.01, type='Blur'),
                dict(p=0.01, type='MedianBlur'),
                dict(p=0.01, type='ToGray'),
                dict(p=0.01, type='CLAHE'),
            ],
            type='mmdet.Albu'),
        dict(type='WeDetectHSVRandomAug'),
        dict(prob=0.5, type='mmdet.RandomFlip'),
        dict(
            max_num_samples=86,
            num_neg_samples=(
                86,
                86,
            ),
            padding_to_max=True,
            padding_value='',
            type='RandomLoadText'),
        dict(
            meta_keys=(
                'img_id',
                'img_path',
                'ori_shape',
                'img_shape',
                'flip',
                'flip_direction',
                'texts',
            ),
            type='mmdet.PackDetInputs'),
    ],
    type='MultiModalDataset')
train_pipeline = [
    dict(backend_args=None, type='LoadImageFromFile'),
    dict(type='LoadAnnotations', with_bbox=True),
    dict(
        img_scale=(
            640,
            640,
        ),
        pad_val=114.0,
        pre_transform=[
            dict(backend_args=None, type='LoadImageFromFile'),
            dict(type='LoadAnnotations', with_bbox=True),
        ],
        type='MultiModalMosaic'),
    dict(
        border=(
            -320,
            -320,
        ),
        border_val=(
            114,
            114,
            114,
        ),
        max_aspect_ratio=100.0,
        max_rotate_degree=0.0,
        max_shear_degree=0.0,
        scaling_ratio_range=(
            0.5,
            1.5,
        ),
        type='WeDetectRandomAffine'),
    dict(
        pre_transform=[
            dict(backend_args=None, type='LoadImageFromFile'),
            dict(type='LoadAnnotations', with_bbox=True),
            dict(
                img_scale=(
                    640,
                    640,
                ),
                pad_val=114.0,
                pre_transform=[
                    dict(backend_args=None, type='LoadImageFromFile'),
                    dict(type='LoadAnnotations', with_bbox=True),
                ],
                type='MultiModalMosaic'),
            dict(
                border=(
                    -320,
                    -320,
                ),
                border_val=(
                    114,
                    114,
                    114,
                ),
                max_aspect_ratio=100.0,
                max_rotate_degree=0.0,
                max_shear_degree=0.0,
                scaling_ratio_range=(
                    0.5,
                    1.5,
                ),
                type='WeDetectRandomAffine'),
        ],
        prob=0.15,
        type='YOLOv5MultiModalMixUp'),
    dict(
        bbox_params=dict(
            format='pascal_voc',
            label_fields=[
                'gt_bboxes_labels',
                'gt_ignore_flags',
            ],
            type='BboxParams'),
        keymap=dict(gt_bboxes='bboxes', img='image'),
        transforms=[
            dict(p=0.01, type='Blur'),
            dict(p=0.01, type='MedianBlur'),
            dict(p=0.01, type='ToGray'),
            dict(p=0.01, type='CLAHE'),
        ],
        type='mmdet.Albu'),
    dict(type='WeDetectHSVRandomAug'),
    dict(prob=0.5, type='mmdet.RandomFlip'),
    dict(
        max_num_samples=86,
        num_neg_samples=(
            86,
            86,
        ),
        padding_to_max=True,
        padding_value='',
        type='RandomLoadText'),
    dict(
        meta_keys=(
            'img_id',
            'img_path',
            'ori_shape',
            'img_shape',
            'flip',
            'flip_direction',
            'texts',
        ),
        type='mmdet.PackDetInputs'),
]
train_pipeline_stage2 = [
    dict(backend_args=None, type='LoadImageFromFile'),
    dict(type='LoadAnnotations', with_bbox=True),
    dict(scale=(
        640,
        640,
    ), type='WeDetectKeepRatioResize'),
    dict(
        allow_scale_up=True,
        pad_val=dict(img=114.0),
        scale=(
            640,
            640,
        ),
        type='WeDetectLetterResize'),
    dict(
        border_val=(
            114,
            114,
            114,
        ),
        max_aspect_ratio=100,
        max_rotate_degree=0.0,
        max_shear_degree=0.0,
        scaling_ratio_range=(
            0.5,
            1.5,
        ),
        type='WeDetectRandomAffine'),
    dict(
        bbox_params=dict(
            format='pascal_voc',
            label_fields=[
                'gt_bboxes_labels',
                'gt_ignore_flags',
            ],
            type='BboxParams'),
        keymap=dict(gt_bboxes='bboxes', img='image'),
        transforms=[
            dict(p=0.01, type='Blur'),
            dict(p=0.01, type='MedianBlur'),
            dict(p=0.01, type='ToGray'),
            dict(p=0.01, type='CLAHE'),
        ],
        type='mmdet.Albu'),
    dict(type='WeDetectHSVRandomAug'),
    dict(prob=0.5, type='mmdet.RandomFlip'),
    dict(
        max_num_samples=86,
        num_neg_samples=(
            86,
            86,
        ),
        padding_to_max=True,
        padding_value='',
        type='RandomLoadText'),
    dict(
        meta_keys=(
            'img_id',
            'img_path',
            'ori_shape',
            'img_shape',
            'flip',
            'flip_direction',
            'texts',
        ),
        type='mmdet.PackDetInputs'),
]
val_cfg = dict(type='ValLoop')
val_dataloader = dict(
    batch_size=1,
    dataset=dict(
        class_text_path=
        '/home/siyuan/projects/LLMs/OralDetect-Family/OralDetect/datas/class_texts_oraldetect.json',
        dataset=dict(
            ann_file=
            '/home/siyuan/projects/LLMs/OralDetect-Family/OralDetect/datas/instances_oraldetect_val.json',
            batch_shapes_cfg=None,
            data_prefix=dict(img=''),
            data_root='/home/siyuan/OralDetect_data_by_modality/',
            metainfo=dict(
                classes=(
                    'abnormal oral epithelial cell',
                    'alveolar bone loss',
                    'anterior teeth with fluorosis',
                    'anterior teeth without fluorosis',
                    'canine',
                    'central incisor',
                    'craniofacial or oral anomaly',
                    'dental abrasion',
                    'dental caries',
                    'dental crown restoration',
                    'dental filling',
                    'dental implant',
                    'dental opacity',
                    'dental restoration',
                    'dental restoration (filling or crown)',
                    'dividing oral cell',
                    'first molar',
                    'first premolar',
                    'foreign object or debris',
                    'hard recognized oral cell',
                    'impacted tooth',
                    'intraoral appliance',
                    'lateral incisor',
                    'lightly abnormal oral cell',
                    'malignant oral cell',
                    'mandibular canal',
                    'maxillary sinus',
                    'missing or residual root',
                    'missing teeth',
                    'normal',
                    'normal oral cell',
                    'oral blood cell',
                    'orthodontic bracket',
                    'periapical lesion',
                    'periodontal pocket',
                    'primary endodontic lesion',
                    'primary endodontic with secondary periodontal lesion',
                    'primary periodontal lesion',
                    'primary periodontal with secondary endodontic lesion',
                    'quadrant 1 (upper right)',
                    'quadrant 2 (upper left)',
                    'quadrant 3 (lower left)',
                    'quadrant 4 (lower right)',
                    'reactive oral cell',
                    'retained root',
                    'root canal treatment',
                    'second molar',
                    'second premolar',
                    'severe gingivitis',
                    'suspicious malignant oral cell',
                    'tooth 11 (upper right central incisor)',
                    'tooth 12 (upper right lateral incisor)',
                    'tooth 13 (upper right canine)',
                    'tooth 14 (upper right first premolar)',
                    'tooth 15 (upper right second premolar)',
                    'tooth 16 (upper right first molar)',
                    'tooth 17 (upper right second molar)',
                    'tooth 18 (upper right third molar)',
                    'tooth 21 (upper left central incisor)',
                    'tooth 22 (upper left lateral incisor)',
                    'tooth 23 (upper left canine)',
                    'tooth 24 (upper left first premolar)',
                    'tooth 25 (upper left second premolar)',
                    'tooth 26 (upper left first molar)',
                    'tooth 27 (upper left second molar)',
                    'tooth 28 (upper left third molar)',
                    'tooth 31 (lower left central incisor)',
                    'tooth 32 (lower left lateral incisor)',
                    'tooth 33 (lower left canine)',
                    'tooth 34 (lower left first premolar)',
                    'tooth 35 (lower left second premolar)',
                    'tooth 36 (lower left first molar)',
                    'tooth 37 (lower left second molar)',
                    'tooth 38 (lower left third molar)',
                    'tooth 41 (lower right central incisor)',
                    'tooth 42 (lower right lateral incisor)',
                    'tooth 43 (lower right canine)',
                    'tooth 44 (lower right first premolar)',
                    'tooth 45 (lower right second premolar)',
                    'tooth 46 (lower right first molar)',
                    'tooth 47 (lower right second molar)',
                    'tooth 48 (lower right third molar)',
                    'tooth erosion',
                    'tooth malformation',
                    'true combined endo-perio lesion',
                    'tumor',
                )),
            test_mode=True,
            type='WeCocoDataset'),
        pipeline=[
            dict(backend_args=None, type='LoadImageFromFile'),
            dict(scale=(
                640,
                640,
            ), type='WeDetectKeepRatioResize'),
            dict(
                allow_scale_up=False,
                pad_val=dict(img=114),
                scale=(
                    640,
                    640,
                ),
                type='WeDetectLetterResize'),
            dict(_scope_='mmdet', type='LoadAnnotations', with_bbox=True),
            dict(type='LoadText'),
            dict(
                meta_keys=(
                    'img_id',
                    'img_path',
                    'ori_shape',
                    'img_shape',
                    'scale_factor',
                    'pad_param',
                    'texts',
                ),
                type='PackDetInputs'),
        ],
        type='MultiModalDataset'),
    drop_last=False,
    num_workers=2,
    persistent_workers=True,
    pin_memory=True,
    sampler=dict(shuffle=False, type='DefaultSampler'))
val_dataset = dict(
    class_text_path=
    '/home/siyuan/projects/LLMs/OralDetect-Family/OralDetect/datas/class_texts_oraldetect.json',
    dataset=dict(
        ann_file=
        '/home/siyuan/projects/LLMs/OralDetect-Family/OralDetect/datas/instances_oraldetect_val.json',
        batch_shapes_cfg=None,
        data_prefix=dict(img=''),
        data_root='/home/siyuan/OralDetect_data_by_modality/',
        metainfo=dict(
            classes=(
                'abnormal oral epithelial cell',
                'alveolar bone loss',
                'anterior teeth with fluorosis',
                'anterior teeth without fluorosis',
                'canine',
                'central incisor',
                'craniofacial or oral anomaly',
                'dental abrasion',
                'dental caries',
                'dental crown restoration',
                'dental filling',
                'dental implant',
                'dental opacity',
                'dental restoration',
                'dental restoration (filling or crown)',
                'dividing oral cell',
                'first molar',
                'first premolar',
                'foreign object or debris',
                'hard recognized oral cell',
                'impacted tooth',
                'intraoral appliance',
                'lateral incisor',
                'lightly abnormal oral cell',
                'malignant oral cell',
                'mandibular canal',
                'maxillary sinus',
                'missing or residual root',
                'missing teeth',
                'normal',
                'normal oral cell',
                'oral blood cell',
                'orthodontic bracket',
                'periapical lesion',
                'periodontal pocket',
                'primary endodontic lesion',
                'primary endodontic with secondary periodontal lesion',
                'primary periodontal lesion',
                'primary periodontal with secondary endodontic lesion',
                'quadrant 1 (upper right)',
                'quadrant 2 (upper left)',
                'quadrant 3 (lower left)',
                'quadrant 4 (lower right)',
                'reactive oral cell',
                'retained root',
                'root canal treatment',
                'second molar',
                'second premolar',
                'severe gingivitis',
                'suspicious malignant oral cell',
                'tooth 11 (upper right central incisor)',
                'tooth 12 (upper right lateral incisor)',
                'tooth 13 (upper right canine)',
                'tooth 14 (upper right first premolar)',
                'tooth 15 (upper right second premolar)',
                'tooth 16 (upper right first molar)',
                'tooth 17 (upper right second molar)',
                'tooth 18 (upper right third molar)',
                'tooth 21 (upper left central incisor)',
                'tooth 22 (upper left lateral incisor)',
                'tooth 23 (upper left canine)',
                'tooth 24 (upper left first premolar)',
                'tooth 25 (upper left second premolar)',
                'tooth 26 (upper left first molar)',
                'tooth 27 (upper left second molar)',
                'tooth 28 (upper left third molar)',
                'tooth 31 (lower left central incisor)',
                'tooth 32 (lower left lateral incisor)',
                'tooth 33 (lower left canine)',
                'tooth 34 (lower left first premolar)',
                'tooth 35 (lower left second premolar)',
                'tooth 36 (lower left first molar)',
                'tooth 37 (lower left second molar)',
                'tooth 38 (lower left third molar)',
                'tooth 41 (lower right central incisor)',
                'tooth 42 (lower right lateral incisor)',
                'tooth 43 (lower right canine)',
                'tooth 44 (lower right first premolar)',
                'tooth 45 (lower right second premolar)',
                'tooth 46 (lower right first molar)',
                'tooth 47 (lower right second molar)',
                'tooth 48 (lower right third molar)',
                'tooth erosion',
                'tooth malformation',
                'true combined endo-perio lesion',
                'tumor',
            )),
        test_mode=True,
        type='WeCocoDataset'),
    pipeline=[
        dict(backend_args=None, type='LoadImageFromFile'),
        dict(scale=(
            640,
            640,
        ), type='WeDetectKeepRatioResize'),
        dict(
            allow_scale_up=False,
            pad_val=dict(img=114),
            scale=(
                640,
                640,
            ),
            type='WeDetectLetterResize'),
        dict(_scope_='mmdet', type='LoadAnnotations', with_bbox=True),
        dict(type='LoadText'),
        dict(
            meta_keys=(
                'img_id',
                'img_path',
                'ori_shape',
                'img_shape',
                'scale_factor',
                'pad_param',
                'texts',
            ),
            type='PackDetInputs'),
    ],
    type='MultiModalDataset')
val_evaluator = dict(
    ann_file=
    '/home/siyuan/projects/LLMs/OralDetect-Family/OralDetect/datas/instances_oraldetect_val.json',
    metric='bbox',
    type='CocoMetric')
vis_backends = [
    dict(type='LocalVisBackend'),
]
visualizer = dict(
    name='visualizer',
    type='mmdet.DetLocalVisualizer',
    vis_backends=[
        dict(type='LocalVisBackend'),
    ])
weight_decay = 0.05
work_dir = 'work_dirs/oraldetect_v11dt_s3'

Some weights of BertModel were not initialized from the model checkpoint at /home/siyuan/projects/LLMs/OralDetect-Family/OralCLIP/Bert_tuning/checkpoints/BiomedNLP-BiomedBERT-base-uncased-abstract-fulltext_dental_mlm/final and are newly initialized: ['pooler.dense.bias', 'pooler.dense.weight']
You should probably TRAIN this model on a down-stream task to be able to use it for predictions and inference.
Some weights of BertModel were not initialized from the model checkpoint at /home/siyuan/projects/LLMs/OralDetect-Family/OralCLIP/Bert_tuning/checkpoints/BiomedNLP-BiomedBERT-base-uncased-abstract-fulltext_dental_mlm/final and are newly initialized: ['pooler.dense.bias', 'pooler.dense.weight']
You should probably TRAIN this model on a down-stream task to be able to use it for predictions and inference.
Some weights of BertModel were not initialized from the model checkpoint at /home/siyuan/projects/LLMs/OralDetect-Family/OralCLIP/Bert_tuning/checkpoints/BiomedNLP-BiomedBERT-base-uncased-abstract-fulltext_dental_mlm/final and are newly initialized: ['pooler.dense.bias', 'pooler.dense.weight']
You should probably TRAIN this model on a down-stream task to be able to use it for predictions and inference.
Some weights of BertModel were not initialized from the model checkpoint at /home/siyuan/projects/LLMs/OralDetect-Family/OralCLIP/Bert_tuning/checkpoints/BiomedNLP-BiomedBERT-base-uncased-abstract-fulltext_dental_mlm/final and are newly initialized: ['pooler.dense.bias', 'pooler.dense.weight']
You should probably TRAIN this model on a down-stream task to be able to use it for predictions and inference.
07/10 03:22:59 - mmengine - INFO - Using SyncBatchNorm()
07/10 03:23:00 - mmengine - INFO - Hooks will be executed in the following order:
before_run:
(VERY_HIGH   ) RuntimeInfoHook                    
(BELOW_NORMAL) LoggerHook                         
 -------------------- 
before_train:
(VERY_HIGH   ) RuntimeInfoHook                    
(NORMAL      ) IterTimerHook                      
(VERY_LOW    ) CheckpointHook                     
 -------------------- 
before_train_epoch:
(VERY_HIGH   ) RuntimeInfoHook                    
(NORMAL      ) IterTimerHook                      
(NORMAL      ) DistSamplerSeedHook                
(NORMAL      ) PipelineSwitchHook                 
 -------------------- 
before_train_iter:
(VERY_HIGH   ) RuntimeInfoHook                    
(NORMAL      ) IterTimerHook                      
 -------------------- 
after_train_iter:
(VERY_HIGH   ) RuntimeInfoHook                    
(NORMAL      ) IterTimerHook                      
(BELOW_NORMAL) LoggerHook                         
(LOW         ) ParamSchedulerHook                 
(VERY_LOW    ) CheckpointHook                     
 -------------------- 
after_train_epoch:
(NORMAL      ) IterTimerHook                      
(LOW         ) ParamSchedulerHook                 
(VERY_LOW    ) CheckpointHook                     
 -------------------- 
before_val:
(VERY_HIGH   ) RuntimeInfoHook                    
 -------------------- 
before_val_epoch:
(NORMAL      ) IterTimerHook                      
 -------------------- 
before_val_iter:
(NORMAL      ) IterTimerHook                      
 -------------------- 
after_val_iter:
(NORMAL      ) IterTimerHook                      
(NORMAL      ) DetVisualizationHook               
(BELOW_NORMAL) LoggerHook                         
 -------------------- 
after_val_epoch:
(VERY_HIGH   ) RuntimeInfoHook                    
(NORMAL      ) IterTimerHook                      
(BELOW_NORMAL) LoggerHook                         
(LOW         ) ParamSchedulerHook                 
(VERY_LOW    ) CheckpointHook                     
 -------------------- 
after_val:
(VERY_HIGH   ) RuntimeInfoHook                    
 -------------------- 
after_train:
(VERY_HIGH   ) RuntimeInfoHook                    
(VERY_LOW    ) CheckpointHook                     
 -------------------- 
before_test:
(VERY_HIGH   ) RuntimeInfoHook                    
 -------------------- 
before_test_epoch:
(NORMAL      ) IterTimerHook                      
 -------------------- 
before_test_iter:
(NORMAL      ) IterTimerHook                      
 -------------------- 
after_test_iter:
(NORMAL      ) IterTimerHook                      
(NORMAL      ) DetVisualizationHook               
(BELOW_NORMAL) LoggerHook                         
 -------------------- 
after_test_epoch:
(VERY_HIGH   ) RuntimeInfoHook                    
(NORMAL      ) IterTimerHook                      
(BELOW_NORMAL) LoggerHook                         
 -------------------- 
after_test:
(VERY_HIGH   ) RuntimeInfoHook                    
 -------------------- 
after_run:
(BELOW_NORMAL) LoggerHook                         
 -------------------- 
loading annotations into memory...
loading annotations into memory...
loading annotations into memory...
loading annotations into memory...
Done (t=2.92s)
creating index...
Done (t=3.09s)
creating index...
index created!
index created!
Done (t=3.60s)
creating index...
index created!
Done (t=3.21s)
creating index...
index created!
/home/siyuan/anaconda3/envs/wedetect_official/lib/python3.10/site-packages/albumentations/core/composition.py:331: UserWarning: Got processor for bboxes, but no transform to process it.
  self._set_keys()
loading annotations into memory...
/home/siyuan/anaconda3/envs/wedetect_official/lib/python3.10/site-packages/albumentations/core/composition.py:331: UserWarning: Got processor for bboxes, but no transform to process it.
  self._set_keys()
Done (t=0.37s)
creating index...
index created!
loading annotations into memory...
Done (t=0.40s)
creating index...
index created!
/home/siyuan/anaconda3/envs/wedetect_official/lib/python3.10/site-packages/albumentations/core/composition.py:331: UserWarning: Got processor for bboxes, but no transform to process it.
  self._set_keys()
loading annotations into memory...
loading annotations into memory...
Done (t=0.38s)
creating index...
index created!
Done (t=0.39s)
creating index...
index created!
loading annotations into memory...
/home/siyuan/anaconda3/envs/wedetect_official/lib/python3.10/site-packages/albumentations/core/composition.py:331: UserWarning: Got processor for bboxes, but no transform to process it.
  self._set_keys()
07/10 03:23:10 - mmengine - INFO - paramwise_options -- backbone.image_model.model.downsample_layers.0.0.weight:num of params=6144
07/10 03:23:10 - mmengine - INFO - paramwise_options -- backbone.image_model.model.downsample_layers.0.0.bias:num of params=128
07/10 03:23:10 - mmengine - INFO - paramwise_options -- backbone.image_model.model.downsample_layers.0.1.weight:num of params=128
07/10 03:23:10 - mmengine - INFO - paramwise_options -- backbone.image_model.model.downsample_layers.0.1.bias:num of params=128
07/10 03:23:10 - mmengine - INFO - paramwise_options -- backbone.image_model.model.downsample_layers.1.0.weight:num of params=128
07/10 03:23:10 - mmengine - INFO - paramwise_options -- backbone.image_model.model.downsample_layers.1.0.bias:num of params=128
07/10 03:23:10 - mmengine - INFO - paramwise_options -- backbone.image_model.model.downsample_layers.1.1.weight:num of params=131072
07/10 03:23:10 - mmengine - INFO - paramwise_options -- backbone.image_model.model.downsample_layers.1.1.bias:num of params=256
07/10 03:23:10 - mmengine - INFO - paramwise_options -- backbone.image_model.model.downsample_layers.2.0.weight:num of params=256
07/10 03:23:10 - mmengine - INFO - paramwise_options -- backbone.image_model.model.downsample_layers.2.0.bias:num of params=256
07/10 03:23:10 - mmengine - INFO - paramwise_options -- backbone.image_model.model.downsample_layers.2.1.weight:num of params=524288
07/10 03:23:10 - mmengine - INFO - paramwise_options -- backbone.image_model.model.downsample_layers.2.1.bias:num of params=512
07/10 03:23:10 - mmengine - INFO - paramwise_options -- backbone.image_model.model.downsample_layers.3.0.weight:num of params=512
07/10 03:23:10 - mmengine - INFO - paramwise_options -- backbone.image_model.model.downsample_layers.3.0.bias:num of params=512
07/10 03:23:10 - mmengine - INFO - paramwise_options -- backbone.image_model.model.downsample_layers.3.1.weight:num of params=2097152
07/10 03:23:10 - mmengine - INFO - paramwise_options -- backbone.image_model.model.downsample_layers.3.1.bias:num of params=1024
07/10 03:23:10 - mmengine - INFO - paramwise_options -- backbone.image_model.model.stages.0.0.gamma:num of params=128
07/10 03:23:10 - mmengine - INFO - paramwise_options -- backbone.image_model.model.stages.0.0.dwconv.weight:num of params=6272
07/10 03:23:10 - mmengine - INFO - paramwise_options -- backbone.image_model.model.stages.0.0.dwconv.bias:num of params=128
07/10 03:23:10 - mmengine - INFO - paramwise_options -- backbone.image_model.model.stages.0.0.norm.weight:num of params=128
07/10 03:23:10 - mmengine - INFO - paramwise_options -- backbone.image_model.model.stages.0.0.norm.bias:num of params=128
07/10 03:23:10 - mmengine - INFO - paramwise_options -- backbone.image_model.model.stages.0.0.pwconv1.weight:num of params=65536
07/10 03:23:10 - mmengine - INFO - paramwise_options -- backbone.image_model.model.stages.0.0.pwconv1.bias:num of params=512
07/10 03:23:10 - mmengine - INFO - paramwise_options -- backbone.image_model.model.stages.0.0.pwconv2.weight:num of params=65536
07/10 03:23:10 - mmengine - INFO - paramwise_options -- backbone.image_model.model.stages.0.0.pwconv2.bias:num of params=128
07/10 03:23:10 - mmengine - INFO - paramwise_options -- backbone.image_model.model.stages.0.1.gamma:num of params=128
07/10 03:23:10 - mmengine - INFO - paramwise_options -- backbone.image_model.model.stages.0.1.dwconv.weight:num of params=6272
07/10 03:23:10 - mmengine - INFO - paramwise_options -- backbone.image_model.model.stages.0.1.dwconv.bias:num of params=128
07/10 03:23:10 - mmengine - INFO - paramwise_options -- backbone.image_model.model.stages.0.1.norm.weight:num of params=128
07/10 03:23:10 - mmengine - INFO - paramwise_options -- backbone.image_model.model.stages.0.1.norm.bias:num of params=128
07/10 03:23:10 - mmengine - INFO - paramwise_options -- backbone.image_model.model.stages.0.1.pwconv1.weight:num of params=65536
07/10 03:23:10 - mmengine - INFO - paramwise_options -- backbone.image_model.model.stages.0.1.pwconv1.bias:num of params=512
07/10 03:23:10 - mmengine - INFO - paramwise_options -- backbone.image_model.model.stages.0.1.pwconv2.weight:num of params=65536
07/10 03:23:10 - mmengine - INFO - paramwise_options -- backbone.image_model.model.stages.0.1.pwconv2.bias:num of params=128
07/10 03:23:10 - mmengine - INFO - paramwise_options -- backbone.image_model.model.stages.0.2.gamma:num of params=128
07/10 03:23:10 - mmengine - INFO - paramwise_options -- backbone.image_model.model.stages.0.2.dwconv.weight:num of params=6272
07/10 03:23:10 - mmengine - INFO - paramwise_options -- backbone.image_model.model.stages.0.2.dwconv.bias:num of params=128
07/10 03:23:10 - mmengine - INFO - paramwise_options -- backbone.image_model.model.stages.0.2.norm.weight:num of params=128
07/10 03:23:10 - mmengine - INFO - paramwise_options -- backbone.image_model.model.stages.0.2.norm.bias:num of params=128
07/10 03:23:10 - mmengine - INFO - paramwise_options -- backbone.image_model.model.stages.0.2.pwconv1.weight:num of params=65536
07/10 03:23:10 - mmengine - INFO - paramwise_options -- backbone.image_model.model.stages.0.2.pwconv1.bias:num of params=512
07/10 03:23:10 - mmengine - INFO - paramwise_options -- backbone.image_model.model.stages.0.2.pwconv2.weight:num of params=65536
07/10 03:23:10 - mmengine - INFO - paramwise_options -- backbone.image_model.model.stages.0.2.pwconv2.bias:num of params=128
07/10 03:23:10 - mmengine - INFO - paramwise_options -- backbone.image_model.model.stages.1.0.gamma:num of params=256
07/10 03:23:10 - mmengine - INFO - paramwise_options -- backbone.image_model.model.stages.1.0.dwconv.weight:num of params=12544
07/10 03:23:10 - mmengine - INFO - paramwise_options -- backbone.image_model.model.stages.1.0.dwconv.bias:num of params=256
07/10 03:23:10 - mmengine - INFO - paramwise_options -- backbone.image_model.model.stages.1.0.norm.weight:num of params=256
07/10 03:23:10 - mmengine - INFO - paramwise_options -- backbone.image_model.model.stages.1.0.norm.bias:num of params=256
07/10 03:23:10 - mmengine - INFO - paramwise_options -- backbone.image_model.model.stages.1.0.pwconv1.weight:num of params=262144
07/10 03:23:10 - mmengine - INFO - paramwise_options -- backbone.image_model.model.stages.1.0.pwconv1.bias:num of params=1024
07/10 03:23:10 - mmengine - INFO - paramwise_options -- backbone.image_model.model.stages.1.0.pwconv2.weight:num of params=262144
07/10 03:23:10 - mmengine - INFO - paramwise_options -- backbone.image_model.model.stages.1.0.pwconv2.bias:num of params=256
07/10 03:23:10 - mmengine - INFO - paramwise_options -- backbone.image_model.model.stages.1.1.gamma:num of params=256
07/10 03:23:10 - mmengine - INFO - paramwise_options -- backbone.image_model.model.stages.1.1.dwconv.weight:num of params=12544
07/10 03:23:10 - mmengine - INFO - paramwise_options -- backbone.image_model.model.stages.1.1.dwconv.bias:num of params=256
07/10 03:23:10 - mmengine - INFO - paramwise_options -- backbone.image_model.model.stages.1.1.norm.weight:num of params=256
07/10 03:23:10 - mmengine - INFO - paramwise_options -- backbone.image_model.model.stages.1.1.norm.bias:num of params=256
07/10 03:23:10 - mmengine - INFO - paramwise_options -- backbone.image_model.model.stages.1.1.pwconv1.weight:num of params=262144
07/10 03:23:10 - mmengine - INFO - paramwise_options -- backbone.image_model.model.stages.1.1.pwconv1.bias:num of params=1024
07/10 03:23:10 - mmengine - INFO - paramwise_options -- backbone.image_model.model.stages.1.1.pwconv2.weight:num of params=262144
07/10 03:23:10 - mmengine - INFO - paramwise_options -- backbone.image_model.model.stages.1.1.pwconv2.bias:num of params=256
07/10 03:23:10 - mmengine - INFO - paramwise_options -- backbone.image_model.model.stages.1.2.gamma:num of params=256
07/10 03:23:10 - mmengine - INFO - paramwise_options -- backbone.image_model.model.stages.1.2.dwconv.weight:num of params=12544
07/10 03:23:10 - mmengine - INFO - paramwise_options -- backbone.image_model.model.stages.1.2.dwconv.bias:num of params=256
07/10 03:23:10 - mmengine - INFO - paramwise_options -- backbone.image_model.model.stages.1.2.norm.weight:num of params=256
07/10 03:23:10 - mmengine - INFO - paramwise_options -- backbone.image_model.model.stages.1.2.norm.bias:num of params=256
07/10 03:23:10 - mmengine - INFO - paramwise_options -- backbone.image_model.model.stages.1.2.pwconv1.weight:num of params=262144
07/10 03:23:10 - mmengine - INFO - paramwise_options -- backbone.image_model.model.stages.1.2.pwconv1.bias:num of params=1024
07/10 03:23:10 - mmengine - INFO - paramwise_options -- backbone.image_model.model.stages.1.2.pwconv2.weight:num of params=262144
07/10 03:23:10 - mmengine - INFO - paramwise_options -- backbone.image_model.model.stages.1.2.pwconv2.bias:num of params=256
07/10 03:23:10 - mmengine - INFO - paramwise_options -- backbone.image_model.model.stages.2.0.gamma:num of params=512
07/10 03:23:10 - mmengine - INFO - paramwise_options -- backbone.image_model.model.stages.2.0.dwconv.weight:num of params=25088
07/10 03:23:10 - mmengine - INFO - paramwise_options -- backbone.image_model.model.stages.2.0.dwconv.bias:num of params=512
07/10 03:23:10 - mmengine - INFO - paramwise_options -- backbone.image_model.model.stages.2.0.norm.weight:num of params=512
07/10 03:23:10 - mmengine - INFO - paramwise_options -- backbone.image_model.model.stages.2.0.norm.bias:num of params=512
07/10 03:23:10 - mmengine - INFO - paramwise_options -- backbone.image_model.model.stages.2.0.pwconv1.weight:num of params=1048576
07/10 03:23:10 - mmengine - INFO - paramwise_options -- backbone.image_model.model.stages.2.0.pwconv1.bias:num of params=2048
07/10 03:23:10 - mmengine - INFO - paramwise_options -- backbone.image_model.model.stages.2.0.pwconv2.weight:num of params=1048576
07/10 03:23:10 - mmengine - INFO - paramwise_options -- backbone.image_model.model.stages.2.0.pwconv2.bias:num of params=512
07/10 03:23:10 - mmengine - INFO - paramwise_options -- backbone.image_model.model.stages.2.1.gamma:num of params=512
07/10 03:23:10 - mmengine - INFO - paramwise_options -- backbone.image_model.model.stages.2.1.dwconv.weight:num of params=25088
07/10 03:23:10 - mmengine - INFO - paramwise_options -- backbone.image_model.model.stages.2.1.dwconv.bias:num of params=512
07/10 03:23:10 - mmengine - INFO - paramwise_options -- backbone.image_model.model.stages.2.1.norm.weight:num of params=512
07/10 03:23:10 - mmengine - INFO - paramwise_options -- backbone.image_model.model.stages.2.1.norm.bias:num of params=512
07/10 03:23:10 - mmengine - INFO - paramwise_options -- backbone.image_model.model.stages.2.1.pwconv1.weight:num of params=1048576
07/10 03:23:10 - mmengine - INFO - paramwise_options -- backbone.image_model.model.stages.2.1.pwconv1.bias:num of params=2048
07/10 03:23:10 - mmengine - INFO - paramwise_options -- backbone.image_model.model.stages.2.1.pwconv2.weight:num of params=1048576
07/10 03:23:10 - mmengine - INFO - paramwise_options -- backbone.image_model.model.stages.2.1.pwconv2.bias:num of params=512
07/10 03:23:10 - mmengine - INFO - paramwise_options -- backbone.image_model.model.stages.2.2.gamma:num of params=512
07/10 03:23:10 - mmengine - INFO - paramwise_options -- backbone.image_model.model.stages.2.2.dwconv.weight:num of params=25088
07/10 03:23:10 - mmengine - INFO - paramwise_options -- backbone.image_model.model.stages.2.2.dwconv.bias:num of params=512
07/10 03:23:10 - mmengine - INFO - paramwise_options -- backbone.image_model.model.stages.2.2.norm.weight:num of params=512
07/10 03:23:10 - mmengine - INFO - paramwise_options -- backbone.image_model.model.stages.2.2.norm.bias:num of params=512
07/10 03:23:10 - mmengine - INFO - paramwise_options -- backbone.image_model.model.stages.2.2.pwconv1.weight:num of params=1048576
07/10 03:23:10 - mmengine - INFO - paramwise_options -- backbone.image_model.model.stages.2.2.pwconv1.bias:num of params=2048
07/10 03:23:10 - mmengine - INFO - paramwise_options -- backbone.image_model.model.stages.2.2.pwconv2.weight:num of params=1048576
07/10 03:23:10 - mmengine - INFO - paramwise_options -- backbone.image_model.model.stages.2.2.pwconv2.bias:num of params=512
07/10 03:23:10 - mmengine - INFO - paramwise_options -- backbone.image_model.model.stages.2.3.gamma:num of params=512
07/10 03:23:10 - mmengine - INFO - paramwise_options -- backbone.image_model.model.stages.2.3.dwconv.weight:num of params=25088
07/10 03:23:10 - mmengine - INFO - paramwise_options -- backbone.image_model.model.stages.2.3.dwconv.bias:num of params=512
07/10 03:23:10 - mmengine - INFO - paramwise_options -- backbone.image_model.model.stages.2.3.norm.weight:num of params=512
07/10 03:23:10 - mmengine - INFO - paramwise_options -- backbone.image_model.model.stages.2.3.norm.bias:num of params=512
07/10 03:23:10 - mmengine - INFO - paramwise_options -- backbone.image_model.model.stages.2.3.pwconv1.weight:num of params=1048576
07/10 03:23:10 - mmengine - INFO - paramwise_options -- backbone.image_model.model.stages.2.3.pwconv1.bias:num of params=2048
07/10 03:23:10 - mmengine - INFO - paramwise_options -- backbone.image_model.model.stages.2.3.pwconv2.weight:num of params=1048576
07/10 03:23:10 - mmengine - INFO - paramwise_options -- backbone.image_model.model.stages.2.3.pwconv2.bias:num of params=512
07/10 03:23:10 - mmengine - INFO - paramwise_options -- backbone.image_model.model.stages.2.4.gamma:num of params=512
07/10 03:23:10 - mmengine - INFO - paramwise_options -- backbone.image_model.model.stages.2.4.dwconv.weight:num of params=25088
07/10 03:23:10 - mmengine - INFO - paramwise_options -- backbone.image_model.model.stages.2.4.dwconv.bias:num of params=512
07/10 03:23:10 - mmengine - INFO - paramwise_options -- backbone.image_model.model.stages.2.4.norm.weight:num of params=512
07/10 03:23:10 - mmengine - INFO - paramwise_options -- backbone.image_model.model.stages.2.4.norm.bias:num of params=512
07/10 03:23:10 - mmengine - INFO - paramwise_options -- backbone.image_model.model.stages.2.4.pwconv1.weight:num of params=1048576
07/10 03:23:10 - mmengine - INFO - paramwise_options -- backbone.image_model.model.stages.2.4.pwconv1.bias:num of params=2048
07/10 03:23:10 - mmengine - INFO - paramwise_options -- backbone.image_model.model.stages.2.4.pwconv2.weight:num of params=1048576
07/10 03:23:10 - mmengine - INFO - paramwise_options -- backbone.image_model.model.stages.2.4.pwconv2.bias:num of params=512
07/10 03:23:10 - mmengine - INFO - paramwise_options -- backbone.image_model.model.stages.2.5.gamma:num of params=512
07/10 03:23:10 - mmengine - INFO - paramwise_options -- backbone.image_model.model.stages.2.5.dwconv.weight:num of params=25088
07/10 03:23:10 - mmengine - INFO - paramwise_options -- backbone.image_model.model.stages.2.5.dwconv.bias:num of params=512
07/10 03:23:10 - mmengine - INFO - paramwise_options -- backbone.image_model.model.stages.2.5.norm.weight:num of params=512
07/10 03:23:10 - mmengine - INFO - paramwise_options -- backbone.image_model.model.stages.2.5.norm.bias:num of params=512
07/10 03:23:10 - mmengine - INFO - paramwise_options -- backbone.image_model.model.stages.2.5.pwconv1.weight:num of params=1048576
07/10 03:23:10 - mmengine - INFO - paramwise_options -- backbone.image_model.model.stages.2.5.pwconv1.bias:num of params=2048
07/10 03:23:10 - mmengine - INFO - paramwise_options -- backbone.image_model.model.stages.2.5.pwconv2.weight:num of params=1048576
07/10 03:23:10 - mmengine - INFO - paramwise_options -- backbone.image_model.model.stages.2.5.pwconv2.bias:num of params=512
07/10 03:23:10 - mmengine - INFO - paramwise_options -- backbone.image_model.model.stages.2.6.gamma:num of params=512
07/10 03:23:10 - mmengine - INFO - paramwise_options -- backbone.image_model.model.stages.2.6.dwconv.weight:num of params=25088
07/10 03:23:10 - mmengine - INFO - paramwise_options -- backbone.image_model.model.stages.2.6.dwconv.bias:num of params=512
07/10 03:23:10 - mmengine - INFO - paramwise_options -- backbone.image_model.model.stages.2.6.norm.weight:num of params=512
07/10 03:23:10 - mmengine - INFO - paramwise_options -- backbone.image_model.model.stages.2.6.norm.bias:num of params=512
07/10 03:23:10 - mmengine - INFO - paramwise_options -- backbone.image_model.model.stages.2.6.pwconv1.weight:num of params=1048576
07/10 03:23:10 - mmengine - INFO - paramwise_options -- backbone.image_model.model.stages.2.6.pwconv1.bias:num of params=2048
07/10 03:23:10 - mmengine - INFO - paramwise_options -- backbone.image_model.model.stages.2.6.pwconv2.weight:num of params=1048576
07/10 03:23:10 - mmengine - INFO - paramwise_options -- backbone.image_model.model.stages.2.6.pwconv2.bias:num of params=512
07/10 03:23:10 - mmengine - INFO - paramwise_options -- backbone.image_model.model.stages.2.7.gamma:num of params=512
07/10 03:23:10 - mmengine - INFO - paramwise_options -- backbone.image_model.model.stages.2.7.dwconv.weight:num of params=25088
07/10 03:23:10 - mmengine - INFO - paramwise_options -- backbone.image_model.model.stages.2.7.dwconv.bias:num of params=512
07/10 03:23:10 - mmengine - INFO - paramwise_options -- backbone.image_model.model.stages.2.7.norm.weight:num of params=512
07/10 03:23:10 - mmengine - INFO - paramwise_options -- backbone.image_model.model.stages.2.7.norm.bias:num of params=512
07/10 03:23:10 - mmengine - INFO - paramwise_options -- backbone.image_model.model.stages.2.7.pwconv1.weight:num of params=1048576
07/10 03:23:10 - mmengine - INFO - paramwise_options -- backbone.image_model.model.stages.2.7.pwconv1.bias:num of params=2048
07/10 03:23:10 - mmengine - INFO - paramwise_options -- backbone.image_model.model.stages.2.7.pwconv2.weight:num of params=1048576
07/10 03:23:10 - mmengine - INFO - paramwise_options -- backbone.image_model.model.stages.2.7.pwconv2.bias:num of params=512
07/10 03:23:10 - mmengine - INFO - paramwise_options -- backbone.image_model.model.stages.2.8.gamma:num of params=512
07/10 03:23:10 - mmengine - INFO - paramwise_options -- backbone.image_model.model.stages.2.8.dwconv.weight:num of params=25088
07/10 03:23:10 - mmengine - INFO - paramwise_options -- backbone.image_model.model.stages.2.8.dwconv.bias:num of params=512
07/10 03:23:10 - mmengine - INFO - paramwise_options -- backbone.image_model.model.stages.2.8.norm.weight:num of params=512
07/10 03:23:10 - mmengine - INFO - paramwise_options -- backbone.image_model.model.stages.2.8.norm.bias:num of params=512
07/10 03:23:10 - mmengine - INFO - paramwise_options -- backbone.image_model.model.stages.2.8.pwconv1.weight:num of params=1048576
07/10 03:23:10 - mmengine - INFO - paramwise_options -- backbone.image_model.model.stages.2.8.pwconv1.bias:num of params=2048
07/10 03:23:10 - mmengine - INFO - paramwise_options -- backbone.image_model.model.stages.2.8.pwconv2.weight:num of params=1048576
07/10 03:23:10 - mmengine - INFO - paramwise_options -- backbone.image_model.model.stages.2.8.pwconv2.bias:num of params=512
07/10 03:23:10 - mmengine - INFO - paramwise_options -- backbone.image_model.model.stages.2.9.gamma:num of params=512
07/10 03:23:10 - mmengine - INFO - paramwise_options -- backbone.image_model.model.stages.2.9.dwconv.weight:num of params=25088
07/10 03:23:10 - mmengine - INFO - paramwise_options -- backbone.image_model.model.stages.2.9.dwconv.bias:num of params=512
07/10 03:23:10 - mmengine - INFO - paramwise_options -- backbone.image_model.model.stages.2.9.norm.weight:num of params=512
07/10 03:23:10 - mmengine - INFO - paramwise_options -- backbone.image_model.model.stages.2.9.norm.bias:num of params=512
07/10 03:23:10 - mmengine - INFO - paramwise_options -- backbone.image_model.model.stages.2.9.pwconv1.weight:num of params=1048576
07/10 03:23:10 - mmengine - INFO - paramwise_options -- backbone.image_model.model.stages.2.9.pwconv1.bias:num of params=2048
07/10 03:23:10 - mmengine - INFO - paramwise_options -- backbone.image_model.model.stages.2.9.pwconv2.weight:num of params=1048576
07/10 03:23:10 - mmengine - INFO - paramwise_options -- backbone.image_model.model.stages.2.9.pwconv2.bias:num of params=512
07/10 03:23:10 - mmengine - INFO - paramwise_options -- backbone.image_model.model.stages.2.10.gamma:num of params=512
07/10 03:23:10 - mmengine - INFO - paramwise_options -- backbone.image_model.model.stages.2.10.dwconv.weight:num of params=25088
07/10 03:23:10 - mmengine - INFO - paramwise_options -- backbone.image_model.model.stages.2.10.dwconv.bias:num of params=512
07/10 03:23:10 - mmengine - INFO - paramwise_options -- backbone.image_model.model.stages.2.10.norm.weight:num of params=512
07/10 03:23:10 - mmengine - INFO - paramwise_options -- backbone.image_model.model.stages.2.10.norm.bias:num of params=512
07/10 03:23:10 - mmengine - INFO - paramwise_options -- backbone.image_model.model.stages.2.10.pwconv1.weight:num of params=1048576
07/10 03:23:10 - mmengine - INFO - paramwise_options -- backbone.image_model.model.stages.2.10.pwconv1.bias:num of params=2048
07/10 03:23:10 - mmengine - INFO - paramwise_options -- backbone.image_model.model.stages.2.10.pwconv2.weight:num of params=1048576
07/10 03:23:10 - mmengine - INFO - paramwise_options -- backbone.image_model.model.stages.2.10.pwconv2.bias:num of params=512
07/10 03:23:10 - mmengine - INFO - paramwise_options -- backbone.image_model.model.stages.2.11.gamma:num of params=512
07/10 03:23:10 - mmengine - INFO - paramwise_options -- backbone.image_model.model.stages.2.11.dwconv.weight:num of params=25088
07/10 03:23:10 - mmengine - INFO - paramwise_options -- backbone.image_model.model.stages.2.11.dwconv.bias:num of params=512
07/10 03:23:10 - mmengine - INFO - paramwise_options -- backbone.image_model.model.stages.2.11.norm.weight:num of params=512
07/10 03:23:10 - mmengine - INFO - paramwise_options -- backbone.image_model.model.stages.2.11.norm.bias:num of params=512
07/10 03:23:10 - mmengine - INFO - paramwise_options -- backbone.image_model.model.stages.2.11.pwconv1.weight:num of params=1048576
07/10 03:23:10 - mmengine - INFO - paramwise_options -- backbone.image_model.model.stages.2.11.pwconv1.bias:num of params=2048
07/10 03:23:10 - mmengine - INFO - paramwise_options -- backbone.image_model.model.stages.2.11.pwconv2.weight:num of params=1048576
07/10 03:23:10 - mmengine - INFO - paramwise_options -- backbone.image_model.model.stages.2.11.pwconv2.bias:num of params=512
07/10 03:23:10 - mmengine - INFO - paramwise_options -- backbone.image_model.model.stages.2.12.gamma:num of params=512
07/10 03:23:10 - mmengine - INFO - paramwise_options -- backbone.image_model.model.stages.2.12.dwconv.weight:num of params=25088
07/10 03:23:10 - mmengine - INFO - paramwise_options -- backbone.image_model.model.stages.2.12.dwconv.bias:num of params=512
07/10 03:23:10 - mmengine - INFO - paramwise_options -- backbone.image_model.model.stages.2.12.norm.weight:num of params=512
07/10 03:23:10 - mmengine - INFO - paramwise_options -- backbone.image_model.model.stages.2.12.norm.bias:num of params=512
07/10 03:23:10 - mmengine - INFO - paramwise_options -- backbone.image_model.model.stages.2.12.pwconv1.weight:num of params=1048576
07/10 03:23:10 - mmengine - INFO - paramwise_options -- backbone.image_model.model.stages.2.12.pwconv1.bias:num of params=2048
07/10 03:23:10 - mmengine - INFO - paramwise_options -- backbone.image_model.model.stages.2.12.pwconv2.weight:num of params=1048576
07/10 03:23:10 - mmengine - INFO - paramwise_options -- backbone.image_model.model.stages.2.12.pwconv2.bias:num of params=512
07/10 03:23:10 - mmengine - INFO - paramwise_options -- backbone.image_model.model.stages.2.13.gamma:num of params=512
07/10 03:23:10 - mmengine - INFO - paramwise_options -- backbone.image_model.model.stages.2.13.dwconv.weight:num of params=25088
07/10 03:23:10 - mmengine - INFO - paramwise_options -- backbone.image_model.model.stages.2.13.dwconv.bias:num of params=512
07/10 03:23:10 - mmengine - INFO - paramwise_options -- backbone.image_model.model.stages.2.13.norm.weight:num of params=512
07/10 03:23:10 - mmengine - INFO - paramwise_options -- backbone.image_model.model.stages.2.13.norm.bias:num of params=512
07/10 03:23:10 - mmengine - INFO - paramwise_options -- backbone.image_model.model.stages.2.13.pwconv1.weight:num of params=1048576
07/10 03:23:10 - mmengine - INFO - paramwise_options -- backbone.image_model.model.stages.2.13.pwconv1.bias:num of params=2048
07/10 03:23:10 - mmengine - INFO - paramwise_options -- backbone.image_model.model.stages.2.13.pwconv2.weight:num of params=1048576
07/10 03:23:10 - mmengine - INFO - paramwise_options -- backbone.image_model.model.stages.2.13.pwconv2.bias:num of params=512
07/10 03:23:10 - mmengine - INFO - paramwise_options -- backbone.image_model.model.stages.2.14.gamma:num of params=512
07/10 03:23:10 - mmengine - INFO - paramwise_options -- backbone.image_model.model.stages.2.14.dwconv.weight:num of params=25088
07/10 03:23:10 - mmengine - INFO - paramwise_options -- backbone.image_model.model.stages.2.14.dwconv.bias:num of params=512
07/10 03:23:10 - mmengine - INFO - paramwise_options -- backbone.image_model.model.stages.2.14.norm.weight:num of params=512
07/10 03:23:10 - mmengine - INFO - paramwise_options -- backbone.image_model.model.stages.2.14.norm.bias:num of params=512
07/10 03:23:10 - mmengine - INFO - paramwise_options -- backbone.image_model.model.stages.2.14.pwconv1.weight:num of params=1048576
07/10 03:23:10 - mmengine - INFO - paramwise_options -- backbone.image_model.model.stages.2.14.pwconv1.bias:num of params=2048
07/10 03:23:10 - mmengine - INFO - paramwise_options -- backbone.image_model.model.stages.2.14.pwconv2.weight:num of params=1048576
07/10 03:23:10 - mmengine - INFO - paramwise_options -- backbone.image_model.model.stages.2.14.pwconv2.bias:num of params=512
07/10 03:23:10 - mmengine - INFO - paramwise_options -- backbone.image_model.model.stages.2.15.gamma:num of params=512
07/10 03:23:10 - mmengine - INFO - paramwise_options -- backbone.image_model.model.stages.2.15.dwconv.weight:num of params=25088
07/10 03:23:10 - mmengine - INFO - paramwise_options -- backbone.image_model.model.stages.2.15.dwconv.bias:num of params=512
07/10 03:23:10 - mmengine - INFO - paramwise_options -- backbone.image_model.model.stages.2.15.norm.weight:num of params=512
07/10 03:23:10 - mmengine - INFO - paramwise_options -- backbone.image_model.model.stages.2.15.norm.bias:num of params=512
07/10 03:23:10 - mmengine - INFO - paramwise_options -- backbone.image_model.model.stages.2.15.pwconv1.weight:num of params=1048576
07/10 03:23:10 - mmengine - INFO - paramwise_options -- backbone.image_model.model.stages.2.15.pwconv1.bias:num of params=2048
07/10 03:23:10 - mmengine - INFO - paramwise_options -- backbone.image_model.model.stages.2.15.pwconv2.weight:num of params=1048576
07/10 03:23:10 - mmengine - INFO - paramwise_options -- backbone.image_model.model.stages.2.15.pwconv2.bias:num of params=512
07/10 03:23:10 - mmengine - INFO - paramwise_options -- backbone.image_model.model.stages.2.16.gamma:num of params=512
07/10 03:23:10 - mmengine - INFO - paramwise_options -- backbone.image_model.model.stages.2.16.dwconv.weight:num of params=25088
07/10 03:23:10 - mmengine - INFO - paramwise_options -- backbone.image_model.model.stages.2.16.dwconv.bias:num of params=512
07/10 03:23:10 - mmengine - INFO - paramwise_options -- backbone.image_model.model.stages.2.16.norm.weight:num of params=512
07/10 03:23:10 - mmengine - INFO - paramwise_options -- backbone.image_model.model.stages.2.16.norm.bias:num of params=512
07/10 03:23:10 - mmengine - INFO - paramwise_options -- backbone.image_model.model.stages.2.16.pwconv1.weight:num of params=1048576
07/10 03:23:10 - mmengine - INFO - paramwise_options -- backbone.image_model.model.stages.2.16.pwconv1.bias:num of params=2048
07/10 03:23:10 - mmengine - INFO - paramwise_options -- backbone.image_model.model.stages.2.16.pwconv2.weight:num of params=1048576
07/10 03:23:10 - mmengine - INFO - paramwise_options -- backbone.image_model.model.stages.2.16.pwconv2.bias:num of params=512
07/10 03:23:10 - mmengine - INFO - paramwise_options -- backbone.image_model.model.stages.2.17.gamma:num of params=512
07/10 03:23:10 - mmengine - INFO - paramwise_options -- backbone.image_model.model.stages.2.17.dwconv.weight:num of params=25088
07/10 03:23:10 - mmengine - INFO - paramwise_options -- backbone.image_model.model.stages.2.17.dwconv.bias:num of params=512
07/10 03:23:10 - mmengine - INFO - paramwise_options -- backbone.image_model.model.stages.2.17.norm.weight:num of params=512
07/10 03:23:10 - mmengine - INFO - paramwise_options -- backbone.image_model.model.stages.2.17.norm.bias:num of params=512
07/10 03:23:10 - mmengine - INFO - paramwise_options -- backbone.image_model.model.stages.2.17.pwconv1.weight:num of params=1048576
07/10 03:23:10 - mmengine - INFO - paramwise_options -- backbone.image_model.model.stages.2.17.pwconv1.bias:num of params=2048
07/10 03:23:10 - mmengine - INFO - paramwise_options -- backbone.image_model.model.stages.2.17.pwconv2.weight:num of params=1048576
07/10 03:23:10 - mmengine - INFO - paramwise_options -- backbone.image_model.model.stages.2.17.pwconv2.bias:num of params=512
07/10 03:23:10 - mmengine - INFO - paramwise_options -- backbone.image_model.model.stages.2.18.gamma:num of params=512
07/10 03:23:10 - mmengine - INFO - paramwise_options -- backbone.image_model.model.stages.2.18.dwconv.weight:num of params=25088
07/10 03:23:10 - mmengine - INFO - paramwise_options -- backbone.image_model.model.stages.2.18.dwconv.bias:num of params=512
07/10 03:23:10 - mmengine - INFO - paramwise_options -- backbone.image_model.model.stages.2.18.norm.weight:num of params=512
07/10 03:23:10 - mmengine - INFO - paramwise_options -- backbone.image_model.model.stages.2.18.norm.bias:num of params=512
07/10 03:23:10 - mmengine - INFO - paramwise_options -- backbone.image_model.model.stages.2.18.pwconv1.weight:num of params=1048576
07/10 03:23:10 - mmengine - INFO - paramwise_options -- backbone.image_model.model.stages.2.18.pwconv1.bias:num of params=2048
07/10 03:23:10 - mmengine - INFO - paramwise_options -- backbone.image_model.model.stages.2.18.pwconv2.weight:num of params=1048576
07/10 03:23:10 - mmengine - INFO - paramwise_options -- backbone.image_model.model.stages.2.18.pwconv2.bias:num of params=512
07/10 03:23:10 - mmengine - INFO - paramwise_options -- backbone.image_model.model.stages.2.19.gamma:num of params=512
07/10 03:23:10 - mmengine - INFO - paramwise_options -- backbone.image_model.model.stages.2.19.dwconv.weight:num of params=25088
07/10 03:23:10 - mmengine - INFO - paramwise_options -- backbone.image_model.model.stages.2.19.dwconv.bias:num of params=512
07/10 03:23:10 - mmengine - INFO - paramwise_options -- backbone.image_model.model.stages.2.19.norm.weight:num of params=512
07/10 03:23:10 - mmengine - INFO - paramwise_options -- backbone.image_model.model.stages.2.19.norm.bias:num of params=512
07/10 03:23:10 - mmengine - INFO - paramwise_options -- backbone.image_model.model.stages.2.19.pwconv1.weight:num of params=1048576
07/10 03:23:10 - mmengine - INFO - paramwise_options -- backbone.image_model.model.stages.2.19.pwconv1.bias:num of params=2048
07/10 03:23:10 - mmengine - INFO - paramwise_options -- backbone.image_model.model.stages.2.19.pwconv2.weight:num of params=1048576
07/10 03:23:10 - mmengine - INFO - paramwise_options -- backbone.image_model.model.stages.2.19.pwconv2.bias:num of params=512
07/10 03:23:10 - mmengine - INFO - paramwise_options -- backbone.image_model.model.stages.2.20.gamma:num of params=512
07/10 03:23:10 - mmengine - INFO - paramwise_options -- backbone.image_model.model.stages.2.20.dwconv.weight:num of params=25088
07/10 03:23:10 - mmengine - INFO - paramwise_options -- backbone.image_model.model.stages.2.20.dwconv.bias:num of params=512
07/10 03:23:10 - mmengine - INFO - paramwise_options -- backbone.image_model.model.stages.2.20.norm.weight:num of params=512
07/10 03:23:10 - mmengine - INFO - paramwise_options -- backbone.image_model.model.stages.2.20.norm.bias:num of params=512
07/10 03:23:10 - mmengine - INFO - paramwise_options -- backbone.image_model.model.stages.2.20.pwconv1.weight:num of params=1048576
07/10 03:23:10 - mmengine - INFO - paramwise_options -- backbone.image_model.model.stages.2.20.pwconv1.bias:num of params=2048
07/10 03:23:10 - mmengine - INFO - paramwise_options -- backbone.image_model.model.stages.2.20.pwconv2.weight:num of params=1048576
07/10 03:23:10 - mmengine - INFO - paramwise_options -- backbone.image_model.model.stages.2.20.pwconv2.bias:num of params=512
07/10 03:23:10 - mmengine - INFO - paramwise_options -- backbone.image_model.model.stages.2.21.gamma:num of params=512
07/10 03:23:10 - mmengine - INFO - paramwise_options -- backbone.image_model.model.stages.2.21.dwconv.weight:num of params=25088
07/10 03:23:10 - mmengine - INFO - paramwise_options -- backbone.image_model.model.stages.2.21.dwconv.bias:num of params=512
07/10 03:23:10 - mmengine - INFO - paramwise_options -- backbone.image_model.model.stages.2.21.norm.weight:num of params=512
07/10 03:23:10 - mmengine - INFO - paramwise_options -- backbone.image_model.model.stages.2.21.norm.bias:num of params=512
07/10 03:23:10 - mmengine - INFO - paramwise_options -- backbone.image_model.model.stages.2.21.pwconv1.weight:num of params=1048576
07/10 03:23:10 - mmengine - INFO - paramwise_options -- backbone.image_model.model.stages.2.21.pwconv1.bias:num of params=2048
07/10 03:23:10 - mmengine - INFO - paramwise_options -- backbone.image_model.model.stages.2.21.pwconv2.weight:num of params=1048576
07/10 03:23:10 - mmengine - INFO - paramwise_options -- backbone.image_model.model.stages.2.21.pwconv2.bias:num of params=512
07/10 03:23:10 - mmengine - INFO - paramwise_options -- backbone.image_model.model.stages.2.22.gamma:num of params=512
07/10 03:23:10 - mmengine - INFO - paramwise_options -- backbone.image_model.model.stages.2.22.dwconv.weight:num of params=25088
07/10 03:23:10 - mmengine - INFO - paramwise_options -- backbone.image_model.model.stages.2.22.dwconv.bias:num of params=512
07/10 03:23:10 - mmengine - INFO - paramwise_options -- backbone.image_model.model.stages.2.22.norm.weight:num of params=512
07/10 03:23:10 - mmengine - INFO - paramwise_options -- backbone.image_model.model.stages.2.22.norm.bias:num of params=512
07/10 03:23:10 - mmengine - INFO - paramwise_options -- backbone.image_model.model.stages.2.22.pwconv1.weight:num of params=1048576
07/10 03:23:10 - mmengine - INFO - paramwise_options -- backbone.image_model.model.stages.2.22.pwconv1.bias:num of params=2048
07/10 03:23:10 - mmengine - INFO - paramwise_options -- backbone.image_model.model.stages.2.22.pwconv2.weight:num of params=1048576
07/10 03:23:10 - mmengine - INFO - paramwise_options -- backbone.image_model.model.stages.2.22.pwconv2.bias:num of params=512
07/10 03:23:10 - mmengine - INFO - paramwise_options -- backbone.image_model.model.stages.2.23.gamma:num of params=512
07/10 03:23:10 - mmengine - INFO - paramwise_options -- backbone.image_model.model.stages.2.23.dwconv.weight:num of params=25088
07/10 03:23:10 - mmengine - INFO - paramwise_options -- backbone.image_model.model.stages.2.23.dwconv.bias:num of params=512
07/10 03:23:10 - mmengine - INFO - paramwise_options -- backbone.image_model.model.stages.2.23.norm.weight:num of params=512
07/10 03:23:10 - mmengine - INFO - paramwise_options -- backbone.image_model.model.stages.2.23.norm.bias:num of params=512
07/10 03:23:10 - mmengine - INFO - paramwise_options -- backbone.image_model.model.stages.2.23.pwconv1.weight:num of params=1048576
07/10 03:23:10 - mmengine - INFO - paramwise_options -- backbone.image_model.model.stages.2.23.pwconv1.bias:num of params=2048
07/10 03:23:10 - mmengine - INFO - paramwise_options -- backbone.image_model.model.stages.2.23.pwconv2.weight:num of params=1048576
07/10 03:23:10 - mmengine - INFO - paramwise_options -- backbone.image_model.model.stages.2.23.pwconv2.bias:num of params=512
07/10 03:23:10 - mmengine - INFO - paramwise_options -- backbone.image_model.model.stages.2.24.gamma:num of params=512
07/10 03:23:10 - mmengine - INFO - paramwise_options -- backbone.image_model.model.stages.2.24.dwconv.weight:num of params=25088
07/10 03:23:10 - mmengine - INFO - paramwise_options -- backbone.image_model.model.stages.2.24.dwconv.bias:num of params=512
07/10 03:23:10 - mmengine - INFO - paramwise_options -- backbone.image_model.model.stages.2.24.norm.weight:num of params=512
07/10 03:23:10 - mmengine - INFO - paramwise_options -- backbone.image_model.model.stages.2.24.norm.bias:num of params=512
07/10 03:23:10 - mmengine - INFO - paramwise_options -- backbone.image_model.model.stages.2.24.pwconv1.weight:num of params=1048576
07/10 03:23:10 - mmengine - INFO - paramwise_options -- backbone.image_model.model.stages.2.24.pwconv1.bias:num of params=2048
07/10 03:23:10 - mmengine - INFO - paramwise_options -- backbone.image_model.model.stages.2.24.pwconv2.weight:num of params=1048576
07/10 03:23:10 - mmengine - INFO - paramwise_options -- backbone.image_model.model.stages.2.24.pwconv2.bias:num of params=512
07/10 03:23:10 - mmengine - INFO - paramwise_options -- backbone.image_model.model.stages.2.25.gamma:num of params=512
07/10 03:23:10 - mmengine - INFO - paramwise_options -- backbone.image_model.model.stages.2.25.dwconv.weight:num of params=25088
07/10 03:23:10 - mmengine - INFO - paramwise_options -- backbone.image_model.model.stages.2.25.dwconv.bias:num of params=512
07/10 03:23:10 - mmengine - INFO - paramwise_options -- backbone.image_model.model.stages.2.25.norm.weight:num of params=512
07/10 03:23:10 - mmengine - INFO - paramwise_options -- backbone.image_model.model.stages.2.25.norm.bias:num of params=512
07/10 03:23:10 - mmengine - INFO - paramwise_options -- backbone.image_model.model.stages.2.25.pwconv1.weight:num of params=1048576
07/10 03:23:10 - mmengine - INFO - paramwise_options -- backbone.image_model.model.stages.2.25.pwconv1.bias:num of params=2048
07/10 03:23:10 - mmengine - INFO - paramwise_options -- backbone.image_model.model.stages.2.25.pwconv2.weight:num of params=1048576
07/10 03:23:10 - mmengine - INFO - paramwise_options -- backbone.image_model.model.stages.2.25.pwconv2.bias:num of params=512
07/10 03:23:10 - mmengine - INFO - paramwise_options -- backbone.image_model.model.stages.2.26.gamma:num of params=512
07/10 03:23:10 - mmengine - INFO - paramwise_options -- backbone.image_model.model.stages.2.26.dwconv.weight:num of params=25088
07/10 03:23:10 - mmengine - INFO - paramwise_options -- backbone.image_model.model.stages.2.26.dwconv.bias:num of params=512
07/10 03:23:10 - mmengine - INFO - paramwise_options -- backbone.image_model.model.stages.2.26.norm.weight:num of params=512
07/10 03:23:10 - mmengine - INFO - paramwise_options -- backbone.image_model.model.stages.2.26.norm.bias:num of params=512
07/10 03:23:10 - mmengine - INFO - paramwise_options -- backbone.image_model.model.stages.2.26.pwconv1.weight:num of params=1048576
07/10 03:23:10 - mmengine - INFO - paramwise_options -- backbone.image_model.model.stages.2.26.pwconv1.bias:num of params=2048
07/10 03:23:10 - mmengine - INFO - paramwise_options -- backbone.image_model.model.stages.2.26.pwconv2.weight:num of params=1048576
07/10 03:23:10 - mmengine - INFO - paramwise_options -- backbone.image_model.model.stages.2.26.pwconv2.bias:num of params=512
07/10 03:23:10 - mmengine - INFO - paramwise_options -- backbone.image_model.model.stages.3.0.gamma:num of params=1024
07/10 03:23:10 - mmengine - INFO - paramwise_options -- backbone.image_model.model.stages.3.0.dwconv.weight:num of params=50176
07/10 03:23:10 - mmengine - INFO - paramwise_options -- backbone.image_model.model.stages.3.0.dwconv.bias:num of params=1024
07/10 03:23:10 - mmengine - INFO - paramwise_options -- backbone.image_model.model.stages.3.0.norm.weight:num of params=1024
07/10 03:23:10 - mmengine - INFO - paramwise_options -- backbone.image_model.model.stages.3.0.norm.bias:num of params=1024
07/10 03:23:10 - mmengine - INFO - paramwise_options -- backbone.image_model.model.stages.3.0.pwconv1.weight:num of params=4194304
07/10 03:23:10 - mmengine - INFO - paramwise_options -- backbone.image_model.model.stages.3.0.pwconv1.bias:num of params=4096
07/10 03:23:10 - mmengine - INFO - paramwise_options -- backbone.image_model.model.stages.3.0.pwconv2.weight:num of params=4194304
07/10 03:23:10 - mmengine - INFO - paramwise_options -- backbone.image_model.model.stages.3.0.pwconv2.bias:num of params=1024
07/10 03:23:10 - mmengine - INFO - paramwise_options -- backbone.image_model.model.stages.3.1.gamma:num of params=1024
07/10 03:23:10 - mmengine - INFO - paramwise_options -- backbone.image_model.model.stages.3.1.dwconv.weight:num of params=50176
07/10 03:23:10 - mmengine - INFO - paramwise_options -- backbone.image_model.model.stages.3.1.dwconv.bias:num of params=1024
07/10 03:23:10 - mmengine - INFO - paramwise_options -- backbone.image_model.model.stages.3.1.norm.weight:num of params=1024
07/10 03:23:10 - mmengine - INFO - paramwise_options -- backbone.image_model.model.stages.3.1.norm.bias:num of params=1024
07/10 03:23:10 - mmengine - INFO - paramwise_options -- backbone.image_model.model.stages.3.1.pwconv1.weight:num of params=4194304
07/10 03:23:10 - mmengine - INFO - paramwise_options -- backbone.image_model.model.stages.3.1.pwconv1.bias:num of params=4096
07/10 03:23:10 - mmengine - INFO - paramwise_options -- backbone.image_model.model.stages.3.1.pwconv2.weight:num of params=4194304
07/10 03:23:10 - mmengine - INFO - paramwise_options -- backbone.image_model.model.stages.3.1.pwconv2.bias:num of params=1024
07/10 03:23:10 - mmengine - INFO - paramwise_options -- backbone.image_model.model.stages.3.2.gamma:num of params=1024
07/10 03:23:10 - mmengine - INFO - paramwise_options -- backbone.image_model.model.stages.3.2.dwconv.weight:num of params=50176
07/10 03:23:10 - mmengine - INFO - paramwise_options -- backbone.image_model.model.stages.3.2.dwconv.bias:num of params=1024
07/10 03:23:10 - mmengine - INFO - paramwise_options -- backbone.image_model.model.stages.3.2.norm.weight:num of params=1024
07/10 03:23:10 - mmengine - INFO - paramwise_options -- backbone.image_model.model.stages.3.2.norm.bias:num of params=1024
07/10 03:23:10 - mmengine - INFO - paramwise_options -- backbone.image_model.model.stages.3.2.pwconv1.weight:num of params=4194304
07/10 03:23:10 - mmengine - INFO - paramwise_options -- backbone.image_model.model.stages.3.2.pwconv1.bias:num of params=4096
07/10 03:23:10 - mmengine - INFO - paramwise_options -- backbone.image_model.model.stages.3.2.pwconv2.weight:num of params=4194304
07/10 03:23:10 - mmengine - INFO - paramwise_options -- backbone.image_model.model.stages.3.2.pwconv2.bias:num of params=1024
07/10 03:23:10 - mmengine - INFO - paramwise_options -- backbone.image_model.model.norm.weight:num of params=1024
07/10 03:23:10 - mmengine - INFO - paramwise_options -- backbone.image_model.model.norm.bias:num of params=1024
07/10 03:23:10 - mmengine - INFO - paramwise_options -- backbone.image_model.model.head.weight:num of params=1024000
07/10 03:23:10 - mmengine - INFO - paramwise_options -- backbone.image_model.model.head.bias:num of params=1000
07/10 03:23:10 - mmengine - INFO - paramwise_options -- backbone.text_model.model.embeddings.word_embeddings.weight:num of params=23440896
07/10 03:23:10 - mmengine - INFO - paramwise_options -- backbone.text_model.model.embeddings.word_embeddings.weight:lr=2.0000000000000003e-06
07/10 03:23:10 - mmengine - INFO - paramwise_options -- backbone.text_model.model.embeddings.word_embeddings.weight:weight_decay=0.05
07/10 03:23:10 - mmengine - INFO - paramwise_options -- backbone.text_model.model.embeddings.word_embeddings.weight:lr_mult=0.1
07/10 03:23:10 - mmengine - INFO - paramwise_options -- backbone.text_model.model.embeddings.position_embeddings.weight:num of params=393216
07/10 03:23:10 - mmengine - INFO - paramwise_options -- backbone.text_model.model.embeddings.position_embeddings.weight:lr=2.0000000000000003e-06
07/10 03:23:10 - mmengine - INFO - paramwise_options -- backbone.text_model.model.embeddings.position_embeddings.weight:weight_decay=0.05
07/10 03:23:10 - mmengine - INFO - paramwise_options -- backbone.text_model.model.embeddings.position_embeddings.weight:lr_mult=0.1
07/10 03:23:10 - mmengine - INFO - paramwise_options -- backbone.text_model.model.embeddings.token_type_embeddings.weight:num of params=1536
07/10 03:23:10 - mmengine - INFO - paramwise_options -- backbone.text_model.model.embeddings.token_type_embeddings.weight:lr=2.0000000000000003e-06
07/10 03:23:10 - mmengine - INFO - paramwise_options -- backbone.text_model.model.embeddings.token_type_embeddings.weight:weight_decay=0.05
07/10 03:23:10 - mmengine - INFO - paramwise_options -- backbone.text_model.model.embeddings.token_type_embeddings.weight:lr_mult=0.1
07/10 03:23:10 - mmengine - INFO - paramwise_options -- backbone.text_model.model.embeddings.LayerNorm.weight:num of params=768
07/10 03:23:10 - mmengine - INFO - paramwise_options -- backbone.text_model.model.embeddings.LayerNorm.weight:lr=2.0000000000000003e-06
07/10 03:23:10 - mmengine - INFO - paramwise_options -- backbone.text_model.model.embeddings.LayerNorm.weight:weight_decay=0.05
07/10 03:23:10 - mmengine - INFO - paramwise_options -- backbone.text_model.model.embeddings.LayerNorm.weight:lr_mult=0.1
07/10 03:23:10 - mmengine - INFO - paramwise_options -- backbone.text_model.model.embeddings.LayerNorm.bias:num of params=768
07/10 03:23:10 - mmengine - INFO - paramwise_options -- backbone.text_model.model.embeddings.LayerNorm.bias:lr=2.0000000000000003e-06
07/10 03:23:10 - mmengine - INFO - paramwise_options -- backbone.text_model.model.embeddings.LayerNorm.bias:weight_decay=0.05
07/10 03:23:10 - mmengine - INFO - paramwise_options -- backbone.text_model.model.embeddings.LayerNorm.bias:lr_mult=0.1
07/10 03:23:10 - mmengine - INFO - paramwise_options -- backbone.text_model.model.encoder.layer.0.attention.self.query.weight:num of params=589824
07/10 03:23:10 - mmengine - INFO - paramwise_options -- backbone.text_model.model.encoder.layer.0.attention.self.query.weight:lr=2.0000000000000003e-06
07/10 03:23:10 - mmengine - INFO - paramwise_options -- backbone.text_model.model.encoder.layer.0.attention.self.query.weight:weight_decay=0.05
07/10 03:23:10 - mmengine - INFO - paramwise_options -- backbone.text_model.model.encoder.layer.0.attention.self.query.weight:lr_mult=0.1
07/10 03:23:10 - mmengine - INFO - paramwise_options -- backbone.text_model.model.encoder.layer.0.attention.self.query.bias:num of params=768
07/10 03:23:10 - mmengine - INFO - paramwise_options -- backbone.text_model.model.encoder.layer.0.attention.self.query.bias:lr=2.0000000000000003e-06
07/10 03:23:10 - mmengine - INFO - paramwise_options -- backbone.text_model.model.encoder.layer.0.attention.self.query.bias:weight_decay=0.05
07/10 03:23:10 - mmengine - INFO - paramwise_options -- backbone.text_model.model.encoder.layer.0.attention.self.query.bias:lr_mult=0.1
07/10 03:23:10 - mmengine - INFO - paramwise_options -- backbone.text_model.model.encoder.layer.0.attention.self.key.weight:num of params=589824
07/10 03:23:10 - mmengine - INFO - paramwise_options -- backbone.text_model.model.encoder.layer.0.attention.self.key.weight:lr=2.0000000000000003e-06
07/10 03:23:10 - mmengine - INFO - paramwise_options -- backbone.text_model.model.encoder.layer.0.attention.self.key.weight:weight_decay=0.05
07/10 03:23:10 - mmengine - INFO - paramwise_options -- backbone.text_model.model.encoder.layer.0.attention.self.key.weight:lr_mult=0.1
07/10 03:23:10 - mmengine - INFO - paramwise_options -- backbone.text_model.model.encoder.layer.0.attention.self.key.bias:num of params=768
07/10 03:23:10 - mmengine - INFO - paramwise_options -- backbone.text_model.model.encoder.layer.0.attention.self.key.bias:lr=2.0000000000000003e-06
07/10 03:23:10 - mmengine - INFO - paramwise_options -- backbone.text_model.model.encoder.layer.0.attention.self.key.bias:weight_decay=0.05
07/10 03:23:10 - mmengine - INFO - paramwise_options -- backbone.text_model.model.encoder.layer.0.attention.self.key.bias:lr_mult=0.1
07/10 03:23:10 - mmengine - INFO - paramwise_options -- backbone.text_model.model.encoder.layer.0.attention.self.value.weight:num of params=589824
07/10 03:23:10 - mmengine - INFO - paramwise_options -- backbone.text_model.model.encoder.layer.0.attention.self.value.weight:lr=2.0000000000000003e-06
07/10 03:23:10 - mmengine - INFO - paramwise_options -- backbone.text_model.model.encoder.layer.0.attention.self.value.weight:weight_decay=0.05
07/10 03:23:10 - mmengine - INFO - paramwise_options -- backbone.text_model.model.encoder.layer.0.attention.self.value.weight:lr_mult=0.1
07/10 03:23:10 - mmengine - INFO - paramwise_options -- backbone.text_model.model.encoder.layer.0.attention.self.value.bias:num of params=768
07/10 03:23:10 - mmengine - INFO - paramwise_options -- backbone.text_model.model.encoder.layer.0.attention.self.value.bias:lr=2.0000000000000003e-06
07/10 03:23:10 - mmengine - INFO - paramwise_options -- backbone.text_model.model.encoder.layer.0.attention.self.value.bias:weight_decay=0.05
07/10 03:23:10 - mmengine - INFO - paramwise_options -- backbone.text_model.model.encoder.layer.0.attention.self.value.bias:lr_mult=0.1
07/10 03:23:10 - mmengine - INFO - paramwise_options -- backbone.text_model.model.encoder.layer.0.attention.output.dense.weight:num of params=589824
07/10 03:23:10 - mmengine - INFO - paramwise_options -- backbone.text_model.model.encoder.layer.0.attention.output.dense.weight:lr=2.0000000000000003e-06
07/10 03:23:10 - mmengine - INFO - paramwise_options -- backbone.text_model.model.encoder.layer.0.attention.output.dense.weight:weight_decay=0.05
07/10 03:23:10 - mmengine - INFO - paramwise_options -- backbone.text_model.model.encoder.layer.0.attention.output.dense.weight:lr_mult=0.1
07/10 03:23:10 - mmengine - INFO - paramwise_options -- backbone.text_model.model.encoder.layer.0.attention.output.dense.bias:num of params=768
07/10 03:23:10 - mmengine - INFO - paramwise_options -- backbone.text_model.model.encoder.layer.0.attention.output.dense.bias:lr=2.0000000000000003e-06
07/10 03:23:10 - mmengine - INFO - paramwise_options -- backbone.text_model.model.encoder.layer.0.attention.output.dense.bias:weight_decay=0.05
07/10 03:23:10 - mmengine - INFO - paramwise_options -- backbone.text_model.model.encoder.layer.0.attention.output.dense.bias:lr_mult=0.1
07/10 03:23:10 - mmengine - INFO - paramwise_options -- backbone.text_model.model.encoder.layer.0.attention.output.LayerNorm.weight:num of params=768
07/10 03:23:10 - mmengine - INFO - paramwise_options -- backbone.text_model.model.encoder.layer.0.attention.output.LayerNorm.weight:lr=2.0000000000000003e-06
07/10 03:23:10 - mmengine - INFO - paramwise_options -- backbone.text_model.model.encoder.layer.0.attention.output.LayerNorm.weight:weight_decay=0.05
07/10 03:23:10 - mmengine - INFO - paramwise_options -- backbone.text_model.model.encoder.layer.0.attention.output.LayerNorm.weight:lr_mult=0.1
07/10 03:23:10 - mmengine - INFO - paramwise_options -- backbone.text_model.model.encoder.layer.0.attention.output.LayerNorm.bias:num of params=768
07/10 03:23:10 - mmengine - INFO - paramwise_options -- backbone.text_model.model.encoder.layer.0.attention.output.LayerNorm.bias:lr=2.0000000000000003e-06
07/10 03:23:10 - mmengine - INFO - paramwise_options -- backbone.text_model.model.encoder.layer.0.attention.output.LayerNorm.bias:weight_decay=0.05
07/10 03:23:10 - mmengine - INFO - paramwise_options -- backbone.text_model.model.encoder.layer.0.attention.output.LayerNorm.bias:lr_mult=0.1
07/10 03:23:10 - mmengine - INFO - paramwise_options -- backbone.text_model.model.encoder.layer.0.intermediate.dense.weight:num of params=2359296
07/10 03:23:10 - mmengine - INFO - paramwise_options -- backbone.text_model.model.encoder.layer.0.intermediate.dense.weight:lr=2.0000000000000003e-06
07/10 03:23:10 - mmengine - INFO - paramwise_options -- backbone.text_model.model.encoder.layer.0.intermediate.dense.weight:weight_decay=0.05
07/10 03:23:10 - mmengine - INFO - paramwise_options -- backbone.text_model.model.encoder.layer.0.intermediate.dense.weight:lr_mult=0.1
07/10 03:23:10 - mmengine - INFO - paramwise_options -- backbone.text_model.model.encoder.layer.0.intermediate.dense.bias:num of params=3072
07/10 03:23:10 - mmengine - INFO - paramwise_options -- backbone.text_model.model.encoder.layer.0.intermediate.dense.bias:lr=2.0000000000000003e-06
07/10 03:23:10 - mmengine - INFO - paramwise_options -- backbone.text_model.model.encoder.layer.0.intermediate.dense.bias:weight_decay=0.05
07/10 03:23:10 - mmengine - INFO - paramwise_options -- backbone.text_model.model.encoder.layer.0.intermediate.dense.bias:lr_mult=0.1
07/10 03:23:10 - mmengine - INFO - paramwise_options -- backbone.text_model.model.encoder.layer.0.output.dense.weight:num of params=2359296
07/10 03:23:10 - mmengine - INFO - paramwise_options -- backbone.text_model.model.encoder.layer.0.output.dense.weight:lr=2.0000000000000003e-06
07/10 03:23:10 - mmengine - INFO - paramwise_options -- backbone.text_model.model.encoder.layer.0.output.dense.weight:weight_decay=0.05
07/10 03:23:10 - mmengine - INFO - paramwise_options -- backbone.text_model.model.encoder.layer.0.output.dense.weight:lr_mult=0.1
07/10 03:23:10 - mmengine - INFO - paramwise_options -- backbone.text_model.model.encoder.layer.0.output.dense.bias:num of params=768
07/10 03:23:10 - mmengine - INFO - paramwise_options -- backbone.text_model.model.encoder.layer.0.output.dense.bias:lr=2.0000000000000003e-06
07/10 03:23:10 - mmengine - INFO - paramwise_options -- backbone.text_model.model.encoder.layer.0.output.dense.bias:weight_decay=0.05
07/10 03:23:10 - mmengine - INFO - paramwise_options -- backbone.text_model.model.encoder.layer.0.output.dense.bias:lr_mult=0.1
07/10 03:23:10 - mmengine - INFO - paramwise_options -- backbone.text_model.model.encoder.layer.0.output.LayerNorm.weight:num of params=768
07/10 03:23:10 - mmengine - INFO - paramwise_options -- backbone.text_model.model.encoder.layer.0.output.LayerNorm.weight:lr=2.0000000000000003e-06
07/10 03:23:10 - mmengine - INFO - paramwise_options -- backbone.text_model.model.encoder.layer.0.output.LayerNorm.weight:weight_decay=0.05
07/10 03:23:10 - mmengine - INFO - paramwise_options -- backbone.text_model.model.encoder.layer.0.output.LayerNorm.weight:lr_mult=0.1
07/10 03:23:10 - mmengine - INFO - paramwise_options -- backbone.text_model.model.encoder.layer.0.output.LayerNorm.bias:num of params=768
07/10 03:23:10 - mmengine - INFO - paramwise_options -- backbone.text_model.model.encoder.layer.0.output.LayerNorm.bias:lr=2.0000000000000003e-06
07/10 03:23:10 - mmengine - INFO - paramwise_options -- backbone.text_model.model.encoder.layer.0.output.LayerNorm.bias:weight_decay=0.05
07/10 03:23:10 - mmengine - INFO - paramwise_options -- backbone.text_model.model.encoder.layer.0.output.LayerNorm.bias:lr_mult=0.1
07/10 03:23:10 - mmengine - INFO - paramwise_options -- backbone.text_model.model.encoder.layer.1.attention.self.query.weight:num of params=589824
07/10 03:23:10 - mmengine - INFO - paramwise_options -- backbone.text_model.model.encoder.layer.1.attention.self.query.weight:lr=2.0000000000000003e-06
07/10 03:23:10 - mmengine - INFO - paramwise_options -- backbone.text_model.model.encoder.layer.1.attention.self.query.weight:weight_decay=0.05
07/10 03:23:10 - mmengine - INFO - paramwise_options -- backbone.text_model.model.encoder.layer.1.attention.self.query.weight:lr_mult=0.1
07/10 03:23:10 - mmengine - INFO - paramwise_options -- backbone.text_model.model.encoder.layer.1.attention.self.query.bias:num of params=768
07/10 03:23:10 - mmengine - INFO - paramwise_options -- backbone.text_model.model.encoder.layer.1.attention.self.query.bias:lr=2.0000000000000003e-06
07/10 03:23:10 - mmengine - INFO - paramwise_options -- backbone.text_model.model.encoder.layer.1.attention.self.query.bias:weight_decay=0.05
07/10 03:23:10 - mmengine - INFO - paramwise_options -- backbone.text_model.model.encoder.layer.1.attention.self.query.bias:lr_mult=0.1
07/10 03:23:10 - mmengine - INFO - paramwise_options -- backbone.text_model.model.encoder.layer.1.attention.self.key.weight:num of params=589824
07/10 03:23:10 - mmengine - INFO - paramwise_options -- backbone.text_model.model.encoder.layer.1.attention.self.key.weight:lr=2.0000000000000003e-06
07/10 03:23:10 - mmengine - INFO - paramwise_options -- backbone.text_model.model.encoder.layer.1.attention.self.key.weight:weight_decay=0.05
07/10 03:23:10 - mmengine - INFO - paramwise_options -- backbone.text_model.model.encoder.layer.1.attention.self.key.weight:lr_mult=0.1
07/10 03:23:10 - mmengine - INFO - paramwise_options -- backbone.text_model.model.encoder.layer.1.attention.self.key.bias:num of params=768
07/10 03:23:10 - mmengine - INFO - paramwise_options -- backbone.text_model.model.encoder.layer.1.attention.self.key.bias:lr=2.0000000000000003e-06
07/10 03:23:10 - mmengine - INFO - paramwise_options -- backbone.text_model.model.encoder.layer.1.attention.self.key.bias:weight_decay=0.05
07/10 03:23:10 - mmengine - INFO - paramwise_options -- backbone.text_model.model.encoder.layer.1.attention.self.key.bias:lr_mult=0.1
07/10 03:23:10 - mmengine - INFO - paramwise_options -- backbone.text_model.model.encoder.layer.1.attention.self.value.weight:num of params=589824
07/10 03:23:10 - mmengine - INFO - paramwise_options -- backbone.text_model.model.encoder.layer.1.attention.self.value.weight:lr=2.0000000000000003e-06
07/10 03:23:10 - mmengine - INFO - paramwise_options -- backbone.text_model.model.encoder.layer.1.attention.self.value.weight:weight_decay=0.05
07/10 03:23:10 - mmengine - INFO - paramwise_options -- backbone.text_model.model.encoder.layer.1.attention.self.value.weight:lr_mult=0.1
07/10 03:23:10 - mmengine - INFO - paramwise_options -- backbone.text_model.model.encoder.layer.1.attention.self.value.bias:num of params=768
07/10 03:23:10 - mmengine - INFO - paramwise_options -- backbone.text_model.model.encoder.layer.1.attention.self.value.bias:lr=2.0000000000000003e-06
07/10 03:23:10 - mmengine - INFO - paramwise_options -- backbone.text_model.model.encoder.layer.1.attention.self.value.bias:weight_decay=0.05
07/10 03:23:10 - mmengine - INFO - paramwise_options -- backbone.text_model.model.encoder.layer.1.attention.self.value.bias:lr_mult=0.1
07/10 03:23:10 - mmengine - INFO - paramwise_options -- backbone.text_model.model.encoder.layer.1.attention.output.dense.weight:num of params=589824
07/10 03:23:10 - mmengine - INFO - paramwise_options -- backbone.text_model.model.encoder.layer.1.attention.output.dense.weight:lr=2.0000000000000003e-06
07/10 03:23:10 - mmengine - INFO - paramwise_options -- backbone.text_model.model.encoder.layer.1.attention.output.dense.weight:weight_decay=0.05
07/10 03:23:10 - mmengine - INFO - paramwise_options -- backbone.text_model.model.encoder.layer.1.attention.output.dense.weight:lr_mult=0.1
07/10 03:23:10 - mmengine - INFO - paramwise_options -- backbone.text_model.model.encoder.layer.1.attention.output.dense.bias:num of params=768
07/10 03:23:10 - mmengine - INFO - paramwise_options -- backbone.text_model.model.encoder.layer.1.attention.output.dense.bias:lr=2.0000000000000003e-06
07/10 03:23:10 - mmengine - INFO - paramwise_options -- backbone.text_model.model.encoder.layer.1.attention.output.dense.bias:weight_decay=0.05
07/10 03:23:10 - mmengine - INFO - paramwise_options -- backbone.text_model.model.encoder.layer.1.attention.output.dense.bias:lr_mult=0.1
07/10 03:23:10 - mmengine - INFO - paramwise_options -- backbone.text_model.model.encoder.layer.1.attention.output.LayerNorm.weight:num of params=768
07/10 03:23:10 - mmengine - INFO - paramwise_options -- backbone.text_model.model.encoder.layer.1.attention.output.LayerNorm.weight:lr=2.0000000000000003e-06
07/10 03:23:10 - mmengine - INFO - paramwise_options -- backbone.text_model.model.encoder.layer.1.attention.output.LayerNorm.weight:weight_decay=0.05
07/10 03:23:10 - mmengine - INFO - paramwise_options -- backbone.text_model.model.encoder.layer.1.attention.output.LayerNorm.weight:lr_mult=0.1
07/10 03:23:10 - mmengine - INFO - paramwise_options -- backbone.text_model.model.encoder.layer.1.attention.output.LayerNorm.bias:num of params=768
07/10 03:23:10 - mmengine - INFO - paramwise_options -- backbone.text_model.model.encoder.layer.1.attention.output.LayerNorm.bias:lr=2.0000000000000003e-06
07/10 03:23:10 - mmengine - INFO - paramwise_options -- backbone.text_model.model.encoder.layer.1.attention.output.LayerNorm.bias:weight_decay=0.05
07/10 03:23:10 - mmengine - INFO - paramwise_options -- backbone.text_model.model.encoder.layer.1.attention.output.LayerNorm.bias:lr_mult=0.1
07/10 03:23:10 - mmengine - INFO - paramwise_options -- backbone.text_model.model.encoder.layer.1.intermediate.dense.weight:num of params=2359296
07/10 03:23:10 - mmengine - INFO - paramwise_options -- backbone.text_model.model.encoder.layer.1.intermediate.dense.weight:lr=2.0000000000000003e-06
07/10 03:23:10 - mmengine - INFO - paramwise_options -- backbone.text_model.model.encoder.layer.1.intermediate.dense.weight:weight_decay=0.05
07/10 03:23:10 - mmengine - INFO - paramwise_options -- backbone.text_model.model.encoder.layer.1.intermediate.dense.weight:lr_mult=0.1
07/10 03:23:10 - mmengine - INFO - paramwise_options -- backbone.text_model.model.encoder.layer.1.intermediate.dense.bias:num of params=3072
07/10 03:23:10 - mmengine - INFO - paramwise_options -- backbone.text_model.model.encoder.layer.1.intermediate.dense.bias:lr=2.0000000000000003e-06
07/10 03:23:10 - mmengine - INFO - paramwise_options -- backbone.text_model.model.encoder.layer.1.intermediate.dense.bias:weight_decay=0.05
07/10 03:23:10 - mmengine - INFO - paramwise_options -- backbone.text_model.model.encoder.layer.1.intermediate.dense.bias:lr_mult=0.1
07/10 03:23:10 - mmengine - INFO - paramwise_options -- backbone.text_model.model.encoder.layer.1.output.dense.weight:num of params=2359296
07/10 03:23:10 - mmengine - INFO - paramwise_options -- backbone.text_model.model.encoder.layer.1.output.dense.weight:lr=2.0000000000000003e-06
07/10 03:23:10 - mmengine - INFO - paramwise_options -- backbone.text_model.model.encoder.layer.1.output.dense.weight:weight_decay=0.05
07/10 03:23:10 - mmengine - INFO - paramwise_options -- backbone.text_model.model.encoder.layer.1.output.dense.weight:lr_mult=0.1
07/10 03:23:10 - mmengine - INFO - paramwise_options -- backbone.text_model.model.encoder.layer.1.output.dense.bias:num of params=768
07/10 03:23:10 - mmengine - INFO - paramwise_options -- backbone.text_model.model.encoder.layer.1.output.dense.bias:lr=2.0000000000000003e-06
07/10 03:23:10 - mmengine - INFO - paramwise_options -- backbone.text_model.model.encoder.layer.1.output.dense.bias:weight_decay=0.05
07/10 03:23:10 - mmengine - INFO - paramwise_options -- backbone.text_model.model.encoder.layer.1.output.dense.bias:lr_mult=0.1
07/10 03:23:10 - mmengine - INFO - paramwise_options -- backbone.text_model.model.encoder.layer.1.output.LayerNorm.weight:num of params=768
07/10 03:23:10 - mmengine - INFO - paramwise_options -- backbone.text_model.model.encoder.layer.1.output.LayerNorm.weight:lr=2.0000000000000003e-06
07/10 03:23:10 - mmengine - INFO - paramwise_options -- backbone.text_model.model.encoder.layer.1.output.LayerNorm.weight:weight_decay=0.05
07/10 03:23:10 - mmengine - INFO - paramwise_options -- backbone.text_model.model.encoder.layer.1.output.LayerNorm.weight:lr_mult=0.1
07/10 03:23:10 - mmengine - INFO - paramwise_options -- backbone.text_model.model.encoder.layer.1.output.LayerNorm.bias:num of params=768
07/10 03:23:10 - mmengine - INFO - paramwise_options -- backbone.text_model.model.encoder.layer.1.output.LayerNorm.bias:lr=2.0000000000000003e-06
07/10 03:23:10 - mmengine - INFO - paramwise_options -- backbone.text_model.model.encoder.layer.1.output.LayerNorm.bias:weight_decay=0.05
07/10 03:23:10 - mmengine - INFO - paramwise_options -- backbone.text_model.model.encoder.layer.1.output.LayerNorm.bias:lr_mult=0.1
07/10 03:23:10 - mmengine - INFO - paramwise_options -- backbone.text_model.model.encoder.layer.2.attention.self.query.weight:num of params=589824
07/10 03:23:10 - mmengine - INFO - paramwise_options -- backbone.text_model.model.encoder.layer.2.attention.self.query.weight:lr=2.0000000000000003e-06
07/10 03:23:10 - mmengine - INFO - paramwise_options -- backbone.text_model.model.encoder.layer.2.attention.self.query.weight:weight_decay=0.05
07/10 03:23:10 - mmengine - INFO - paramwise_options -- backbone.text_model.model.encoder.layer.2.attention.self.query.weight:lr_mult=0.1
07/10 03:23:10 - mmengine - INFO - paramwise_options -- backbone.text_model.model.encoder.layer.2.attention.self.query.bias:num of params=768
07/10 03:23:10 - mmengine - INFO - paramwise_options -- backbone.text_model.model.encoder.layer.2.attention.self.query.bias:lr=2.0000000000000003e-06
07/10 03:23:10 - mmengine - INFO - paramwise_options -- backbone.text_model.model.encoder.layer.2.attention.self.query.bias:weight_decay=0.05
07/10 03:23:10 - mmengine - INFO - paramwise_options -- backbone.text_model.model.encoder.layer.2.attention.self.query.bias:lr_mult=0.1
07/10 03:23:10 - mmengine - INFO - paramwise_options -- backbone.text_model.model.encoder.layer.2.attention.self.key.weight:num of params=589824
07/10 03:23:10 - mmengine - INFO - paramwise_options -- backbone.text_model.model.encoder.layer.2.attention.self.key.weight:lr=2.0000000000000003e-06
07/10 03:23:10 - mmengine - INFO - paramwise_options -- backbone.text_model.model.encoder.layer.2.attention.self.key.weight:weight_decay=0.05
07/10 03:23:10 - mmengine - INFO - paramwise_options -- backbone.text_model.model.encoder.layer.2.attention.self.key.weight:lr_mult=0.1
07/10 03:23:10 - mmengine - INFO - paramwise_options -- backbone.text_model.model.encoder.layer.2.attention.self.key.bias:num of params=768
07/10 03:23:10 - mmengine - INFO - paramwise_options -- backbone.text_model.model.encoder.layer.2.attention.self.key.bias:lr=2.0000000000000003e-06
07/10 03:23:10 - mmengine - INFO - paramwise_options -- backbone.text_model.model.encoder.layer.2.attention.self.key.bias:weight_decay=0.05
07/10 03:23:10 - mmengine - INFO - paramwise_options -- backbone.text_model.model.encoder.layer.2.attention.self.key.bias:lr_mult=0.1
07/10 03:23:10 - mmengine - INFO - paramwise_options -- backbone.text_model.model.encoder.layer.2.attention.self.value.weight:num of params=589824
07/10 03:23:10 - mmengine - INFO - paramwise_options -- backbone.text_model.model.encoder.layer.2.attention.self.value.weight:lr=2.0000000000000003e-06
07/10 03:23:10 - mmengine - INFO - paramwise_options -- backbone.text_model.model.encoder.layer.2.attention.self.value.weight:weight_decay=0.05
07/10 03:23:10 - mmengine - INFO - paramwise_options -- backbone.text_model.model.encoder.layer.2.attention.self.value.weight:lr_mult=0.1
07/10 03:23:10 - mmengine - INFO - paramwise_options -- backbone.text_model.model.encoder.layer.2.attention.self.value.bias:num of params=768
07/10 03:23:10 - mmengine - INFO - paramwise_options -- backbone.text_model.model.encoder.layer.2.attention.self.value.bias:lr=2.0000000000000003e-06
07/10 03:23:10 - mmengine - INFO - paramwise_options -- backbone.text_model.model.encoder.layer.2.attention.self.value.bias:weight_decay=0.05
07/10 03:23:10 - mmengine - INFO - paramwise_options -- backbone.text_model.model.encoder.layer.2.attention.self.value.bias:lr_mult=0.1
07/10 03:23:10 - mmengine - INFO - paramwise_options -- backbone.text_model.model.encoder.layer.2.attention.output.dense.weight:num of params=589824
07/10 03:23:10 - mmengine - INFO - paramwise_options -- backbone.text_model.model.encoder.layer.2.attention.output.dense.weight:lr=2.0000000000000003e-06
07/10 03:23:10 - mmengine - INFO - paramwise_options -- backbone.text_model.model.encoder.layer.2.attention.output.dense.weight:weight_decay=0.05
07/10 03:23:10 - mmengine - INFO - paramwise_options -- backbone.text_model.model.encoder.layer.2.attention.output.dense.weight:lr_mult=0.1
07/10 03:23:10 - mmengine - INFO - paramwise_options -- backbone.text_model.model.encoder.layer.2.attention.output.dense.bias:num of params=768
07/10 03:23:10 - mmengine - INFO - paramwise_options -- backbone.text_model.model.encoder.layer.2.attention.output.dense.bias:lr=2.0000000000000003e-06
07/10 03:23:10 - mmengine - INFO - paramwise_options -- backbone.text_model.model.encoder.layer.2.attention.output.dense.bias:weight_decay=0.05
07/10 03:23:10 - mmengine - INFO - paramwise_options -- backbone.text_model.model.encoder.layer.2.attention.output.dense.bias:lr_mult=0.1
07/10 03:23:10 - mmengine - INFO - paramwise_options -- backbone.text_model.model.encoder.layer.2.attention.output.LayerNorm.weight:num of params=768
07/10 03:23:10 - mmengine - INFO - paramwise_options -- backbone.text_model.model.encoder.layer.2.attention.output.LayerNorm.weight:lr=2.0000000000000003e-06
07/10 03:23:10 - mmengine - INFO - paramwise_options -- backbone.text_model.model.encoder.layer.2.attention.output.LayerNorm.weight:weight_decay=0.05
07/10 03:23:10 - mmengine - INFO - paramwise_options -- backbone.text_model.model.encoder.layer.2.attention.output.LayerNorm.weight:lr_mult=0.1
07/10 03:23:10 - mmengine - INFO - paramwise_options -- backbone.text_model.model.encoder.layer.2.attention.output.LayerNorm.bias:num of params=768
07/10 03:23:10 - mmengine - INFO - paramwise_options -- backbone.text_model.model.encoder.layer.2.attention.output.LayerNorm.bias:lr=2.0000000000000003e-06
07/10 03:23:10 - mmengine - INFO - paramwise_options -- backbone.text_model.model.encoder.layer.2.attention.output.LayerNorm.bias:weight_decay=0.05
07/10 03:23:10 - mmengine - INFO - paramwise_options -- backbone.text_model.model.encoder.layer.2.attention.output.LayerNorm.bias:lr_mult=0.1
07/10 03:23:10 - mmengine - INFO - paramwise_options -- backbone.text_model.model.encoder.layer.2.intermediate.dense.weight:num of params=2359296
07/10 03:23:10 - mmengine - INFO - paramwise_options -- backbone.text_model.model.encoder.layer.2.intermediate.dense.weight:lr=2.0000000000000003e-06
07/10 03:23:10 - mmengine - INFO - paramwise_options -- backbone.text_model.model.encoder.layer.2.intermediate.dense.weight:weight_decay=0.05
07/10 03:23:10 - mmengine - INFO - paramwise_options -- backbone.text_model.model.encoder.layer.2.intermediate.dense.weight:lr_mult=0.1
07/10 03:23:10 - mmengine - INFO - paramwise_options -- backbone.text_model.model.encoder.layer.2.intermediate.dense.bias:num of params=3072
07/10 03:23:10 - mmengine - INFO - paramwise_options -- backbone.text_model.model.encoder.layer.2.intermediate.dense.bias:lr=2.0000000000000003e-06
07/10 03:23:10 - mmengine - INFO - paramwise_options -- backbone.text_model.model.encoder.layer.2.intermediate.dense.bias:weight_decay=0.05
07/10 03:23:10 - mmengine - INFO - paramwise_options -- backbone.text_model.model.encoder.layer.2.intermediate.dense.bias:lr_mult=0.1
07/10 03:23:10 - mmengine - INFO - paramwise_options -- backbone.text_model.model.encoder.layer.2.output.dense.weight:num of params=2359296
07/10 03:23:10 - mmengine - INFO - paramwise_options -- backbone.text_model.model.encoder.layer.2.output.dense.weight:lr=2.0000000000000003e-06
07/10 03:23:10 - mmengine - INFO - paramwise_options -- backbone.text_model.model.encoder.layer.2.output.dense.weight:weight_decay=0.05
07/10 03:23:10 - mmengine - INFO - paramwise_options -- backbone.text_model.model.encoder.layer.2.output.dense.weight:lr_mult=0.1
07/10 03:23:10 - mmengine - INFO - paramwise_options -- backbone.text_model.model.encoder.layer.2.output.dense.bias:num of params=768
07/10 03:23:10 - mmengine - INFO - paramwise_options -- backbone.text_model.model.encoder.layer.2.output.dense.bias:lr=2.0000000000000003e-06
07/10 03:23:10 - mmengine - INFO - paramwise_options -- backbone.text_model.model.encoder.layer.2.output.dense.bias:weight_decay=0.05
07/10 03:23:10 - mmengine - INFO - paramwise_options -- backbone.text_model.model.encoder.layer.2.output.dense.bias:lr_mult=0.1
07/10 03:23:10 - mmengine - INFO - paramwise_options -- backbone.text_model.model.encoder.layer.2.output.LayerNorm.weight:num of params=768
07/10 03:23:10 - mmengine - INFO - paramwise_options -- backbone.text_model.model.encoder.layer.2.output.LayerNorm.weight:lr=2.0000000000000003e-06
07/10 03:23:10 - mmengine - INFO - paramwise_options -- backbone.text_model.model.encoder.layer.2.output.LayerNorm.weight:weight_decay=0.05
07/10 03:23:10 - mmengine - INFO - paramwise_options -- backbone.text_model.model.encoder.layer.2.output.LayerNorm.weight:lr_mult=0.1
07/10 03:23:10 - mmengine - INFO - paramwise_options -- backbone.text_model.model.encoder.layer.2.output.LayerNorm.bias:num of params=768
07/10 03:23:10 - mmengine - INFO - paramwise_options -- backbone.text_model.model.encoder.layer.2.output.LayerNorm.bias:lr=2.0000000000000003e-06
07/10 03:23:10 - mmengine - INFO - paramwise_options -- backbone.text_model.model.encoder.layer.2.output.LayerNorm.bias:weight_decay=0.05
07/10 03:23:10 - mmengine - INFO - paramwise_options -- backbone.text_model.model.encoder.layer.2.output.LayerNorm.bias:lr_mult=0.1
07/10 03:23:10 - mmengine - INFO - paramwise_options -- backbone.text_model.model.encoder.layer.3.attention.self.query.weight:num of params=589824
07/10 03:23:10 - mmengine - INFO - paramwise_options -- backbone.text_model.model.encoder.layer.3.attention.self.query.weight:lr=2.0000000000000003e-06
07/10 03:23:10 - mmengine - INFO - paramwise_options -- backbone.text_model.model.encoder.layer.3.attention.self.query.weight:weight_decay=0.05
07/10 03:23:10 - mmengine - INFO - paramwise_options -- backbone.text_model.model.encoder.layer.3.attention.self.query.weight:lr_mult=0.1
07/10 03:23:10 - mmengine - INFO - paramwise_options -- backbone.text_model.model.encoder.layer.3.attention.self.query.bias:num of params=768
07/10 03:23:10 - mmengine - INFO - paramwise_options -- backbone.text_model.model.encoder.layer.3.attention.self.query.bias:lr=2.0000000000000003e-06
07/10 03:23:10 - mmengine - INFO - paramwise_options -- backbone.text_model.model.encoder.layer.3.attention.self.query.bias:weight_decay=0.05
07/10 03:23:10 - mmengine - INFO - paramwise_options -- backbone.text_model.model.encoder.layer.3.attention.self.query.bias:lr_mult=0.1
07/10 03:23:10 - mmengine - INFO - paramwise_options -- backbone.text_model.model.encoder.layer.3.attention.self.key.weight:num of params=589824
07/10 03:23:10 - mmengine - INFO - paramwise_options -- backbone.text_model.model.encoder.layer.3.attention.self.key.weight:lr=2.0000000000000003e-06
07/10 03:23:10 - mmengine - INFO - paramwise_options -- backbone.text_model.model.encoder.layer.3.attention.self.key.weight:weight_decay=0.05
07/10 03:23:10 - mmengine - INFO - paramwise_options -- backbone.text_model.model.encoder.layer.3.attention.self.key.weight:lr_mult=0.1
07/10 03:23:10 - mmengine - INFO - paramwise_options -- backbone.text_model.model.encoder.layer.3.attention.self.key.bias:num of params=768
07/10 03:23:10 - mmengine - INFO - paramwise_options -- backbone.text_model.model.encoder.layer.3.attention.self.key.bias:lr=2.0000000000000003e-06
07/10 03:23:10 - mmengine - INFO - paramwise_options -- backbone.text_model.model.encoder.layer.3.attention.self.key.bias:weight_decay=0.05
07/10 03:23:10 - mmengine - INFO - paramwise_options -- backbone.text_model.model.encoder.layer.3.attention.self.key.bias:lr_mult=0.1
07/10 03:23:10 - mmengine - INFO - paramwise_options -- backbone.text_model.model.encoder.layer.3.attention.self.value.weight:num of params=589824
07/10 03:23:10 - mmengine - INFO - paramwise_options -- backbone.text_model.model.encoder.layer.3.attention.self.value.weight:lr=2.0000000000000003e-06
07/10 03:23:10 - mmengine - INFO - paramwise_options -- backbone.text_model.model.encoder.layer.3.attention.self.value.weight:weight_decay=0.05
07/10 03:23:10 - mmengine - INFO - paramwise_options -- backbone.text_model.model.encoder.layer.3.attention.self.value.weight:lr_mult=0.1
07/10 03:23:10 - mmengine - INFO - paramwise_options -- backbone.text_model.model.encoder.layer.3.attention.self.value.bias:num of params=768
07/10 03:23:10 - mmengine - INFO - paramwise_options -- backbone.text_model.model.encoder.layer.3.attention.self.value.bias:lr=2.0000000000000003e-06
07/10 03:23:10 - mmengine - INFO - paramwise_options -- backbone.text_model.model.encoder.layer.3.attention.self.value.bias:weight_decay=0.05
07/10 03:23:10 - mmengine - INFO - paramwise_options -- backbone.text_model.model.encoder.layer.3.attention.self.value.bias:lr_mult=0.1
07/10 03:23:10 - mmengine - INFO - paramwise_options -- backbone.text_model.model.encoder.layer.3.attention.output.dense.weight:num of params=589824
07/10 03:23:10 - mmengine - INFO - paramwise_options -- backbone.text_model.model.encoder.layer.3.attention.output.dense.weight:lr=2.0000000000000003e-06
07/10 03:23:10 - mmengine - INFO - paramwise_options -- backbone.text_model.model.encoder.layer.3.attention.output.dense.weight:weight_decay=0.05
07/10 03:23:10 - mmengine - INFO - paramwise_options -- backbone.text_model.model.encoder.layer.3.attention.output.dense.weight:lr_mult=0.1
07/10 03:23:10 - mmengine - INFO - paramwise_options -- backbone.text_model.model.encoder.layer.3.attention.output.dense.bias:num of params=768
07/10 03:23:10 - mmengine - INFO - paramwise_options -- backbone.text_model.model.encoder.layer.3.attention.output.dense.bias:lr=2.0000000000000003e-06
07/10 03:23:10 - mmengine - INFO - paramwise_options -- backbone.text_model.model.encoder.layer.3.attention.output.dense.bias:weight_decay=0.05
07/10 03:23:10 - mmengine - INFO - paramwise_options -- backbone.text_model.model.encoder.layer.3.attention.output.dense.bias:lr_mult=0.1
07/10 03:23:10 - mmengine - INFO - paramwise_options -- backbone.text_model.model.encoder.layer.3.attention.output.LayerNorm.weight:num of params=768
07/10 03:23:10 - mmengine - INFO - paramwise_options -- backbone.text_model.model.encoder.layer.3.attention.output.LayerNorm.weight:lr=2.0000000000000003e-06
07/10 03:23:10 - mmengine - INFO - paramwise_options -- backbone.text_model.model.encoder.layer.3.attention.output.LayerNorm.weight:weight_decay=0.05
07/10 03:23:10 - mmengine - INFO - paramwise_options -- backbone.text_model.model.encoder.layer.3.attention.output.LayerNorm.weight:lr_mult=0.1
07/10 03:23:10 - mmengine - INFO - paramwise_options -- backbone.text_model.model.encoder.layer.3.attention.output.LayerNorm.bias:num of params=768
07/10 03:23:10 - mmengine - INFO - paramwise_options -- backbone.text_model.model.encoder.layer.3.attention.output.LayerNorm.bias:lr=2.0000000000000003e-06
07/10 03:23:10 - mmengine - INFO - paramwise_options -- backbone.text_model.model.encoder.layer.3.attention.output.LayerNorm.bias:weight_decay=0.05
07/10 03:23:10 - mmengine - INFO - paramwise_options -- backbone.text_model.model.encoder.layer.3.attention.output.LayerNorm.bias:lr_mult=0.1
07/10 03:23:10 - mmengine - INFO - paramwise_options -- backbone.text_model.model.encoder.layer.3.intermediate.dense.weight:num of params=2359296
07/10 03:23:10 - mmengine - INFO - paramwise_options -- backbone.text_model.model.encoder.layer.3.intermediate.dense.weight:lr=2.0000000000000003e-06
07/10 03:23:10 - mmengine - INFO - paramwise_options -- backbone.text_model.model.encoder.layer.3.intermediate.dense.weight:weight_decay=0.05
07/10 03:23:10 - mmengine - INFO - paramwise_options -- backbone.text_model.model.encoder.layer.3.intermediate.dense.weight:lr_mult=0.1
07/10 03:23:10 - mmengine - INFO - paramwise_options -- backbone.text_model.model.encoder.layer.3.intermediate.dense.bias:num of params=3072
07/10 03:23:10 - mmengine - INFO - paramwise_options -- backbone.text_model.model.encoder.layer.3.intermediate.dense.bias:lr=2.0000000000000003e-06
07/10 03:23:10 - mmengine - INFO - paramwise_options -- backbone.text_model.model.encoder.layer.3.intermediate.dense.bias:weight_decay=0.05
07/10 03:23:10 - mmengine - INFO - paramwise_options -- backbone.text_model.model.encoder.layer.3.intermediate.dense.bias:lr_mult=0.1
07/10 03:23:10 - mmengine - INFO - paramwise_options -- backbone.text_model.model.encoder.layer.3.output.dense.weight:num of params=2359296
07/10 03:23:10 - mmengine - INFO - paramwise_options -- backbone.text_model.model.encoder.layer.3.output.dense.weight:lr=2.0000000000000003e-06
07/10 03:23:10 - mmengine - INFO - paramwise_options -- backbone.text_model.model.encoder.layer.3.output.dense.weight:weight_decay=0.05
07/10 03:23:10 - mmengine - INFO - paramwise_options -- backbone.text_model.model.encoder.layer.3.output.dense.weight:lr_mult=0.1
07/10 03:23:10 - mmengine - INFO - paramwise_options -- backbone.text_model.model.encoder.layer.3.output.dense.bias:num of params=768
07/10 03:23:10 - mmengine - INFO - paramwise_options -- backbone.text_model.model.encoder.layer.3.output.dense.bias:lr=2.0000000000000003e-06
07/10 03:23:10 - mmengine - INFO - paramwise_options -- backbone.text_model.model.encoder.layer.3.output.dense.bias:weight_decay=0.05
07/10 03:23:10 - mmengine - INFO - paramwise_options -- backbone.text_model.model.encoder.layer.3.output.dense.bias:lr_mult=0.1
07/10 03:23:10 - mmengine - INFO - paramwise_options -- backbone.text_model.model.encoder.layer.3.output.LayerNorm.weight:num of params=768
07/10 03:23:10 - mmengine - INFO - paramwise_options -- backbone.text_model.model.encoder.layer.3.output.LayerNorm.weight:lr=2.0000000000000003e-06
07/10 03:23:10 - mmengine - INFO - paramwise_options -- backbone.text_model.model.encoder.layer.3.output.LayerNorm.weight:weight_decay=0.05
07/10 03:23:10 - mmengine - INFO - paramwise_options -- backbone.text_model.model.encoder.layer.3.output.LayerNorm.weight:lr_mult=0.1
07/10 03:23:10 - mmengine - INFO - paramwise_options -- backbone.text_model.model.encoder.layer.3.output.LayerNorm.bias:num of params=768
07/10 03:23:10 - mmengine - INFO - paramwise_options -- backbone.text_model.model.encoder.layer.3.output.LayerNorm.bias:lr=2.0000000000000003e-06
07/10 03:23:10 - mmengine - INFO - paramwise_options -- backbone.text_model.model.encoder.layer.3.output.LayerNorm.bias:weight_decay=0.05
07/10 03:23:10 - mmengine - INFO - paramwise_options -- backbone.text_model.model.encoder.layer.3.output.LayerNorm.bias:lr_mult=0.1
07/10 03:23:10 - mmengine - INFO - paramwise_options -- backbone.text_model.model.encoder.layer.4.attention.self.query.weight:num of params=589824
07/10 03:23:10 - mmengine - INFO - paramwise_options -- backbone.text_model.model.encoder.layer.4.attention.self.query.weight:lr=2.0000000000000003e-06
07/10 03:23:10 - mmengine - INFO - paramwise_options -- backbone.text_model.model.encoder.layer.4.attention.self.query.weight:weight_decay=0.05
07/10 03:23:10 - mmengine - INFO - paramwise_options -- backbone.text_model.model.encoder.layer.4.attention.self.query.weight:lr_mult=0.1
07/10 03:23:10 - mmengine - INFO - paramwise_options -- backbone.text_model.model.encoder.layer.4.attention.self.query.bias:num of params=768
07/10 03:23:10 - mmengine - INFO - paramwise_options -- backbone.text_model.model.encoder.layer.4.attention.self.query.bias:lr=2.0000000000000003e-06
07/10 03:23:10 - mmengine - INFO - paramwise_options -- backbone.text_model.model.encoder.layer.4.attention.self.query.bias:weight_decay=0.05
07/10 03:23:10 - mmengine - INFO - paramwise_options -- backbone.text_model.model.encoder.layer.4.attention.self.query.bias:lr_mult=0.1
07/10 03:23:10 - mmengine - INFO - paramwise_options -- backbone.text_model.model.encoder.layer.4.attention.self.key.weight:num of params=589824
07/10 03:23:10 - mmengine - INFO - paramwise_options -- backbone.text_model.model.encoder.layer.4.attention.self.key.weight:lr=2.0000000000000003e-06
07/10 03:23:10 - mmengine - INFO - paramwise_options -- backbone.text_model.model.encoder.layer.4.attention.self.key.weight:weight_decay=0.05
07/10 03:23:10 - mmengine - INFO - paramwise_options -- backbone.text_model.model.encoder.layer.4.attention.self.key.weight:lr_mult=0.1
07/10 03:23:10 - mmengine - INFO - paramwise_options -- backbone.text_model.model.encoder.layer.4.attention.self.key.bias:num of params=768
07/10 03:23:10 - mmengine - INFO - paramwise_options -- backbone.text_model.model.encoder.layer.4.attention.self.key.bias:lr=2.0000000000000003e-06
07/10 03:23:10 - mmengine - INFO - paramwise_options -- backbone.text_model.model.encoder.layer.4.attention.self.key.bias:weight_decay=0.05
07/10 03:23:10 - mmengine - INFO - paramwise_options -- backbone.text_model.model.encoder.layer.4.attention.self.key.bias:lr_mult=0.1
07/10 03:23:10 - mmengine - INFO - paramwise_options -- backbone.text_model.model.encoder.layer.4.attention.self.value.weight:num of params=589824
07/10 03:23:10 - mmengine - INFO - paramwise_options -- backbone.text_model.model.encoder.layer.4.attention.self.value.weight:lr=2.0000000000000003e-06
07/10 03:23:10 - mmengine - INFO - paramwise_options -- backbone.text_model.model.encoder.layer.4.attention.self.value.weight:weight_decay=0.05
07/10 03:23:10 - mmengine - INFO - paramwise_options -- backbone.text_model.model.encoder.layer.4.attention.self.value.weight:lr_mult=0.1
07/10 03:23:10 - mmengine - INFO - paramwise_options -- backbone.text_model.model.encoder.layer.4.attention.self.value.bias:num of params=768
07/10 03:23:10 - mmengine - INFO - paramwise_options -- backbone.text_model.model.encoder.layer.4.attention.self.value.bias:lr=2.0000000000000003e-06
07/10 03:23:10 - mmengine - INFO - paramwise_options -- backbone.text_model.model.encoder.layer.4.attention.self.value.bias:weight_decay=0.05
07/10 03:23:10 - mmengine - INFO - paramwise_options -- backbone.text_model.model.encoder.layer.4.attention.self.value.bias:lr_mult=0.1
07/10 03:23:10 - mmengine - INFO - paramwise_options -- backbone.text_model.model.encoder.layer.4.attention.output.dense.weight:num of params=589824
07/10 03:23:10 - mmengine - INFO - paramwise_options -- backbone.text_model.model.encoder.layer.4.attention.output.dense.weight:lr=2.0000000000000003e-06
07/10 03:23:10 - mmengine - INFO - paramwise_options -- backbone.text_model.model.encoder.layer.4.attention.output.dense.weight:weight_decay=0.05
07/10 03:23:10 - mmengine - INFO - paramwise_options -- backbone.text_model.model.encoder.layer.4.attention.output.dense.weight:lr_mult=0.1
07/10 03:23:10 - mmengine - INFO - paramwise_options -- backbone.text_model.model.encoder.layer.4.attention.output.dense.bias:num of params=768
07/10 03:23:10 - mmengine - INFO - paramwise_options -- backbone.text_model.model.encoder.layer.4.attention.output.dense.bias:lr=2.0000000000000003e-06
07/10 03:23:10 - mmengine - INFO - paramwise_options -- backbone.text_model.model.encoder.layer.4.attention.output.dense.bias:weight_decay=0.05
07/10 03:23:10 - mmengine - INFO - paramwise_options -- backbone.text_model.model.encoder.layer.4.attention.output.dense.bias:lr_mult=0.1
07/10 03:23:10 - mmengine - INFO - paramwise_options -- backbone.text_model.model.encoder.layer.4.attention.output.LayerNorm.weight:num of params=768
07/10 03:23:10 - mmengine - INFO - paramwise_options -- backbone.text_model.model.encoder.layer.4.attention.output.LayerNorm.weight:lr=2.0000000000000003e-06
07/10 03:23:10 - mmengine - INFO - paramwise_options -- backbone.text_model.model.encoder.layer.4.attention.output.LayerNorm.weight:weight_decay=0.05
07/10 03:23:10 - mmengine - INFO - paramwise_options -- backbone.text_model.model.encoder.layer.4.attention.output.LayerNorm.weight:lr_mult=0.1
07/10 03:23:10 - mmengine - INFO - paramwise_options -- backbone.text_model.model.encoder.layer.4.attention.output.LayerNorm.bias:num of params=768
07/10 03:23:10 - mmengine - INFO - paramwise_options -- backbone.text_model.model.encoder.layer.4.attention.output.LayerNorm.bias:lr=2.0000000000000003e-06
07/10 03:23:10 - mmengine - INFO - paramwise_options -- backbone.text_model.model.encoder.layer.4.attention.output.LayerNorm.bias:weight_decay=0.05
07/10 03:23:10 - mmengine - INFO - paramwise_options -- backbone.text_model.model.encoder.layer.4.attention.output.LayerNorm.bias:lr_mult=0.1
07/10 03:23:10 - mmengine - INFO - paramwise_options -- backbone.text_model.model.encoder.layer.4.intermediate.dense.weight:num of params=2359296
07/10 03:23:10 - mmengine - INFO - paramwise_options -- backbone.text_model.model.encoder.layer.4.intermediate.dense.weight:lr=2.0000000000000003e-06
07/10 03:23:10 - mmengine - INFO - paramwise_options -- backbone.text_model.model.encoder.layer.4.intermediate.dense.weight:weight_decay=0.05
07/10 03:23:10 - mmengine - INFO - paramwise_options -- backbone.text_model.model.encoder.layer.4.intermediate.dense.weight:lr_mult=0.1
07/10 03:23:10 - mmengine - INFO - paramwise_options -- backbone.text_model.model.encoder.layer.4.intermediate.dense.bias:num of params=3072
07/10 03:23:10 - mmengine - INFO - paramwise_options -- backbone.text_model.model.encoder.layer.4.intermediate.dense.bias:lr=2.0000000000000003e-06
07/10 03:23:10 - mmengine - INFO - paramwise_options -- backbone.text_model.model.encoder.layer.4.intermediate.dense.bias:weight_decay=0.05
07/10 03:23:10 - mmengine - INFO - paramwise_options -- backbone.text_model.model.encoder.layer.4.intermediate.dense.bias:lr_mult=0.1
07/10 03:23:10 - mmengine - INFO - paramwise_options -- backbone.text_model.model.encoder.layer.4.output.dense.weight:num of params=2359296
07/10 03:23:10 - mmengine - INFO - paramwise_options -- backbone.text_model.model.encoder.layer.4.output.dense.weight:lr=2.0000000000000003e-06
07/10 03:23:10 - mmengine - INFO - paramwise_options -- backbone.text_model.model.encoder.layer.4.output.dense.weight:weight_decay=0.05
07/10 03:23:10 - mmengine - INFO - paramwise_options -- backbone.text_model.model.encoder.layer.4.output.dense.weight:lr_mult=0.1
07/10 03:23:10 - mmengine - INFO - paramwise_options -- backbone.text_model.model.encoder.layer.4.output.dense.bias:num of params=768
07/10 03:23:10 - mmengine - INFO - paramwise_options -- backbone.text_model.model.encoder.layer.4.output.dense.bias:lr=2.0000000000000003e-06
07/10 03:23:10 - mmengine - INFO - paramwise_options -- backbone.text_model.model.encoder.layer.4.output.dense.bias:weight_decay=0.05
07/10 03:23:10 - mmengine - INFO - paramwise_options -- backbone.text_model.model.encoder.layer.4.output.dense.bias:lr_mult=0.1
07/10 03:23:10 - mmengine - INFO - paramwise_options -- backbone.text_model.model.encoder.layer.4.output.LayerNorm.weight:num of params=768
07/10 03:23:10 - mmengine - INFO - paramwise_options -- backbone.text_model.model.encoder.layer.4.output.LayerNorm.weight:lr=2.0000000000000003e-06
07/10 03:23:10 - mmengine - INFO - paramwise_options -- backbone.text_model.model.encoder.layer.4.output.LayerNorm.weight:weight_decay=0.05
07/10 03:23:10 - mmengine - INFO - paramwise_options -- backbone.text_model.model.encoder.layer.4.output.LayerNorm.weight:lr_mult=0.1
07/10 03:23:10 - mmengine - INFO - paramwise_options -- backbone.text_model.model.encoder.layer.4.output.LayerNorm.bias:num of params=768
07/10 03:23:10 - mmengine - INFO - paramwise_options -- backbone.text_model.model.encoder.layer.4.output.LayerNorm.bias:lr=2.0000000000000003e-06
07/10 03:23:10 - mmengine - INFO - paramwise_options -- backbone.text_model.model.encoder.layer.4.output.LayerNorm.bias:weight_decay=0.05
07/10 03:23:10 - mmengine - INFO - paramwise_options -- backbone.text_model.model.encoder.layer.4.output.LayerNorm.bias:lr_mult=0.1
07/10 03:23:10 - mmengine - INFO - paramwise_options -- backbone.text_model.model.encoder.layer.5.attention.self.query.weight:num of params=589824
07/10 03:23:10 - mmengine - INFO - paramwise_options -- backbone.text_model.model.encoder.layer.5.attention.self.query.weight:lr=2.0000000000000003e-06
07/10 03:23:10 - mmengine - INFO - paramwise_options -- backbone.text_model.model.encoder.layer.5.attention.self.query.weight:weight_decay=0.05
07/10 03:23:10 - mmengine - INFO - paramwise_options -- backbone.text_model.model.encoder.layer.5.attention.self.query.weight:lr_mult=0.1
07/10 03:23:10 - mmengine - INFO - paramwise_options -- backbone.text_model.model.encoder.layer.5.attention.self.query.bias:num of params=768
07/10 03:23:10 - mmengine - INFO - paramwise_options -- backbone.text_model.model.encoder.layer.5.attention.self.query.bias:lr=2.0000000000000003e-06
07/10 03:23:10 - mmengine - INFO - paramwise_options -- backbone.text_model.model.encoder.layer.5.attention.self.query.bias:weight_decay=0.05
07/10 03:23:10 - mmengine - INFO - paramwise_options -- backbone.text_model.model.encoder.layer.5.attention.self.query.bias:lr_mult=0.1
07/10 03:23:10 - mmengine - INFO - paramwise_options -- backbone.text_model.model.encoder.layer.5.attention.self.key.weight:num of params=589824
07/10 03:23:10 - mmengine - INFO - paramwise_options -- backbone.text_model.model.encoder.layer.5.attention.self.key.weight:lr=2.0000000000000003e-06
07/10 03:23:10 - mmengine - INFO - paramwise_options -- backbone.text_model.model.encoder.layer.5.attention.self.key.weight:weight_decay=0.05
07/10 03:23:10 - mmengine - INFO - paramwise_options -- backbone.text_model.model.encoder.layer.5.attention.self.key.weight:lr_mult=0.1
07/10 03:23:10 - mmengine - INFO - paramwise_options -- backbone.text_model.model.encoder.layer.5.attention.self.key.bias:num of params=768
07/10 03:23:10 - mmengine - INFO - paramwise_options -- backbone.text_model.model.encoder.layer.5.attention.self.key.bias:lr=2.0000000000000003e-06
07/10 03:23:10 - mmengine - INFO - paramwise_options -- backbone.text_model.model.encoder.layer.5.attention.self.key.bias:weight_decay=0.05
07/10 03:23:10 - mmengine - INFO - paramwise_options -- backbone.text_model.model.encoder.layer.5.attention.self.key.bias:lr_mult=0.1
07/10 03:23:10 - mmengine - INFO - paramwise_options -- backbone.text_model.model.encoder.layer.5.attention.self.value.weight:num of params=589824
07/10 03:23:10 - mmengine - INFO - paramwise_options -- backbone.text_model.model.encoder.layer.5.attention.self.value.weight:lr=2.0000000000000003e-06
07/10 03:23:10 - mmengine - INFO - paramwise_options -- backbone.text_model.model.encoder.layer.5.attention.self.value.weight:weight_decay=0.05
07/10 03:23:10 - mmengine - INFO - paramwise_options -- backbone.text_model.model.encoder.layer.5.attention.self.value.weight:lr_mult=0.1
07/10 03:23:10 - mmengine - INFO - paramwise_options -- backbone.text_model.model.encoder.layer.5.attention.self.value.bias:num of params=768
07/10 03:23:10 - mmengine - INFO - paramwise_options -- backbone.text_model.model.encoder.layer.5.attention.self.value.bias:lr=2.0000000000000003e-06
07/10 03:23:10 - mmengine - INFO - paramwise_options -- backbone.text_model.model.encoder.layer.5.attention.self.value.bias:weight_decay=0.05
07/10 03:23:10 - mmengine - INFO - paramwise_options -- backbone.text_model.model.encoder.layer.5.attention.self.value.bias:lr_mult=0.1
07/10 03:23:10 - mmengine - INFO - paramwise_options -- backbone.text_model.model.encoder.layer.5.attention.output.dense.weight:num of params=589824
07/10 03:23:10 - mmengine - INFO - paramwise_options -- backbone.text_model.model.encoder.layer.5.attention.output.dense.weight:lr=2.0000000000000003e-06
07/10 03:23:10 - mmengine - INFO - paramwise_options -- backbone.text_model.model.encoder.layer.5.attention.output.dense.weight:weight_decay=0.05
07/10 03:23:10 - mmengine - INFO - paramwise_options -- backbone.text_model.model.encoder.layer.5.attention.output.dense.weight:lr_mult=0.1
07/10 03:23:10 - mmengine - INFO - paramwise_options -- backbone.text_model.model.encoder.layer.5.attention.output.dense.bias:num of params=768
07/10 03:23:10 - mmengine - INFO - paramwise_options -- backbone.text_model.model.encoder.layer.5.attention.output.dense.bias:lr=2.0000000000000003e-06
07/10 03:23:10 - mmengine - INFO - paramwise_options -- backbone.text_model.model.encoder.layer.5.attention.output.dense.bias:weight_decay=0.05
07/10 03:23:10 - mmengine - INFO - paramwise_options -- backbone.text_model.model.encoder.layer.5.attention.output.dense.bias:lr_mult=0.1
07/10 03:23:10 - mmengine - INFO - paramwise_options -- backbone.text_model.model.encoder.layer.5.attention.output.LayerNorm.weight:num of params=768
07/10 03:23:10 - mmengine - INFO - paramwise_options -- backbone.text_model.model.encoder.layer.5.attention.output.LayerNorm.weight:lr=2.0000000000000003e-06
07/10 03:23:10 - mmengine - INFO - paramwise_options -- backbone.text_model.model.encoder.layer.5.attention.output.LayerNorm.weight:weight_decay=0.05
07/10 03:23:10 - mmengine - INFO - paramwise_options -- backbone.text_model.model.encoder.layer.5.attention.output.LayerNorm.weight:lr_mult=0.1
07/10 03:23:10 - mmengine - INFO - paramwise_options -- backbone.text_model.model.encoder.layer.5.attention.output.LayerNorm.bias:num of params=768
07/10 03:23:10 - mmengine - INFO - paramwise_options -- backbone.text_model.model.encoder.layer.5.attention.output.LayerNorm.bias:lr=2.0000000000000003e-06
07/10 03:23:10 - mmengine - INFO - paramwise_options -- backbone.text_model.model.encoder.layer.5.attention.output.LayerNorm.bias:weight_decay=0.05
07/10 03:23:10 - mmengine - INFO - paramwise_options -- backbone.text_model.model.encoder.layer.5.attention.output.LayerNorm.bias:lr_mult=0.1
07/10 03:23:10 - mmengine - INFO - paramwise_options -- backbone.text_model.model.encoder.layer.5.intermediate.dense.weight:num of params=2359296
07/10 03:23:10 - mmengine - INFO - paramwise_options -- backbone.text_model.model.encoder.layer.5.intermediate.dense.weight:lr=2.0000000000000003e-06
07/10 03:23:10 - mmengine - INFO - paramwise_options -- backbone.text_model.model.encoder.layer.5.intermediate.dense.weight:weight_decay=0.05
07/10 03:23:10 - mmengine - INFO - paramwise_options -- backbone.text_model.model.encoder.layer.5.intermediate.dense.weight:lr_mult=0.1
07/10 03:23:10 - mmengine - INFO - paramwise_options -- backbone.text_model.model.encoder.layer.5.intermediate.dense.bias:num of params=3072
07/10 03:23:10 - mmengine - INFO - paramwise_options -- backbone.text_model.model.encoder.layer.5.intermediate.dense.bias:lr=2.0000000000000003e-06
07/10 03:23:10 - mmengine - INFO - paramwise_options -- backbone.text_model.model.encoder.layer.5.intermediate.dense.bias:weight_decay=0.05
07/10 03:23:10 - mmengine - INFO - paramwise_options -- backbone.text_model.model.encoder.layer.5.intermediate.dense.bias:lr_mult=0.1
07/10 03:23:10 - mmengine - INFO - paramwise_options -- backbone.text_model.model.encoder.layer.5.output.dense.weight:num of params=2359296
07/10 03:23:10 - mmengine - INFO - paramwise_options -- backbone.text_model.model.encoder.layer.5.output.dense.weight:lr=2.0000000000000003e-06
07/10 03:23:10 - mmengine - INFO - paramwise_options -- backbone.text_model.model.encoder.layer.5.output.dense.weight:weight_decay=0.05
07/10 03:23:10 - mmengine - INFO - paramwise_options -- backbone.text_model.model.encoder.layer.5.output.dense.weight:lr_mult=0.1
07/10 03:23:10 - mmengine - INFO - paramwise_options -- backbone.text_model.model.encoder.layer.5.output.dense.bias:num of params=768
07/10 03:23:10 - mmengine - INFO - paramwise_options -- backbone.text_model.model.encoder.layer.5.output.dense.bias:lr=2.0000000000000003e-06
07/10 03:23:10 - mmengine - INFO - paramwise_options -- backbone.text_model.model.encoder.layer.5.output.dense.bias:weight_decay=0.05
07/10 03:23:10 - mmengine - INFO - paramwise_options -- backbone.text_model.model.encoder.layer.5.output.dense.bias:lr_mult=0.1
07/10 03:23:10 - mmengine - INFO - paramwise_options -- backbone.text_model.model.encoder.layer.5.output.LayerNorm.weight:num of params=768
07/10 03:23:10 - mmengine - INFO - paramwise_options -- backbone.text_model.model.encoder.layer.5.output.LayerNorm.weight:lr=2.0000000000000003e-06
07/10 03:23:10 - mmengine - INFO - paramwise_options -- backbone.text_model.model.encoder.layer.5.output.LayerNorm.weight:weight_decay=0.05
07/10 03:23:10 - mmengine - INFO - paramwise_options -- backbone.text_model.model.encoder.layer.5.output.LayerNorm.weight:lr_mult=0.1
07/10 03:23:10 - mmengine - INFO - paramwise_options -- backbone.text_model.model.encoder.layer.5.output.LayerNorm.bias:num of params=768
07/10 03:23:10 - mmengine - INFO - paramwise_options -- backbone.text_model.model.encoder.layer.5.output.LayerNorm.bias:lr=2.0000000000000003e-06
07/10 03:23:10 - mmengine - INFO - paramwise_options -- backbone.text_model.model.encoder.layer.5.output.LayerNorm.bias:weight_decay=0.05
07/10 03:23:10 - mmengine - INFO - paramwise_options -- backbone.text_model.model.encoder.layer.5.output.LayerNorm.bias:lr_mult=0.1
07/10 03:23:10 - mmengine - INFO - paramwise_options -- backbone.text_model.model.encoder.layer.6.attention.self.query.weight:num of params=589824
07/10 03:23:10 - mmengine - INFO - paramwise_options -- backbone.text_model.model.encoder.layer.6.attention.self.query.weight:lr=2.0000000000000003e-06
07/10 03:23:10 - mmengine - INFO - paramwise_options -- backbone.text_model.model.encoder.layer.6.attention.self.query.weight:weight_decay=0.05
07/10 03:23:10 - mmengine - INFO - paramwise_options -- backbone.text_model.model.encoder.layer.6.attention.self.query.weight:lr_mult=0.1
07/10 03:23:10 - mmengine - INFO - paramwise_options -- backbone.text_model.model.encoder.layer.6.attention.self.query.bias:num of params=768
07/10 03:23:10 - mmengine - INFO - paramwise_options -- backbone.text_model.model.encoder.layer.6.attention.self.query.bias:lr=2.0000000000000003e-06
07/10 03:23:10 - mmengine - INFO - paramwise_options -- backbone.text_model.model.encoder.layer.6.attention.self.query.bias:weight_decay=0.05
07/10 03:23:10 - mmengine - INFO - paramwise_options -- backbone.text_model.model.encoder.layer.6.attention.self.query.bias:lr_mult=0.1
07/10 03:23:10 - mmengine - INFO - paramwise_options -- backbone.text_model.model.encoder.layer.6.attention.self.key.weight:num of params=589824
07/10 03:23:10 - mmengine - INFO - paramwise_options -- backbone.text_model.model.encoder.layer.6.attention.self.key.weight:lr=2.0000000000000003e-06
07/10 03:23:10 - mmengine - INFO - paramwise_options -- backbone.text_model.model.encoder.layer.6.attention.self.key.weight:weight_decay=0.05
07/10 03:23:10 - mmengine - INFO - paramwise_options -- backbone.text_model.model.encoder.layer.6.attention.self.key.weight:lr_mult=0.1
07/10 03:23:10 - mmengine - INFO - paramwise_options -- backbone.text_model.model.encoder.layer.6.attention.self.key.bias:num of params=768
07/10 03:23:10 - mmengine - INFO - paramwise_options -- backbone.text_model.model.encoder.layer.6.attention.self.key.bias:lr=2.0000000000000003e-06
07/10 03:23:10 - mmengine - INFO - paramwise_options -- backbone.text_model.model.encoder.layer.6.attention.self.key.bias:weight_decay=0.05
07/10 03:23:10 - mmengine - INFO - paramwise_options -- backbone.text_model.model.encoder.layer.6.attention.self.key.bias:lr_mult=0.1
07/10 03:23:10 - mmengine - INFO - paramwise_options -- backbone.text_model.model.encoder.layer.6.attention.self.value.weight:num of params=589824
07/10 03:23:10 - mmengine - INFO - paramwise_options -- backbone.text_model.model.encoder.layer.6.attention.self.value.weight:lr=2.0000000000000003e-06
07/10 03:23:10 - mmengine - INFO - paramwise_options -- backbone.text_model.model.encoder.layer.6.attention.self.value.weight:weight_decay=0.05
07/10 03:23:10 - mmengine - INFO - paramwise_options -- backbone.text_model.model.encoder.layer.6.attention.self.value.weight:lr_mult=0.1
07/10 03:23:10 - mmengine - INFO - paramwise_options -- backbone.text_model.model.encoder.layer.6.attention.self.value.bias:num of params=768
07/10 03:23:10 - mmengine - INFO - paramwise_options -- backbone.text_model.model.encoder.layer.6.attention.self.value.bias:lr=2.0000000000000003e-06
07/10 03:23:10 - mmengine - INFO - paramwise_options -- backbone.text_model.model.encoder.layer.6.attention.self.value.bias:weight_decay=0.05
07/10 03:23:10 - mmengine - INFO - paramwise_options -- backbone.text_model.model.encoder.layer.6.attention.self.value.bias:lr_mult=0.1
07/10 03:23:10 - mmengine - INFO - paramwise_options -- backbone.text_model.model.encoder.layer.6.attention.output.dense.weight:num of params=589824
07/10 03:23:10 - mmengine - INFO - paramwise_options -- backbone.text_model.model.encoder.layer.6.attention.output.dense.weight:lr=2.0000000000000003e-06
07/10 03:23:10 - mmengine - INFO - paramwise_options -- backbone.text_model.model.encoder.layer.6.attention.output.dense.weight:weight_decay=0.05
07/10 03:23:10 - mmengine - INFO - paramwise_options -- backbone.text_model.model.encoder.layer.6.attention.output.dense.weight:lr_mult=0.1
07/10 03:23:10 - mmengine - INFO - paramwise_options -- backbone.text_model.model.encoder.layer.6.attention.output.dense.bias:num of params=768
07/10 03:23:10 - mmengine - INFO - paramwise_options -- backbone.text_model.model.encoder.layer.6.attention.output.dense.bias:lr=2.0000000000000003e-06
07/10 03:23:10 - mmengine - INFO - paramwise_options -- backbone.text_model.model.encoder.layer.6.attention.output.dense.bias:weight_decay=0.05
07/10 03:23:10 - mmengine - INFO - paramwise_options -- backbone.text_model.model.encoder.layer.6.attention.output.dense.bias:lr_mult=0.1
07/10 03:23:10 - mmengine - INFO - paramwise_options -- backbone.text_model.model.encoder.layer.6.attention.output.LayerNorm.weight:num of params=768
07/10 03:23:10 - mmengine - INFO - paramwise_options -- backbone.text_model.model.encoder.layer.6.attention.output.LayerNorm.weight:lr=2.0000000000000003e-06
07/10 03:23:10 - mmengine - INFO - paramwise_options -- backbone.text_model.model.encoder.layer.6.attention.output.LayerNorm.weight:weight_decay=0.05
07/10 03:23:10 - mmengine - INFO - paramwise_options -- backbone.text_model.model.encoder.layer.6.attention.output.LayerNorm.weight:lr_mult=0.1
07/10 03:23:10 - mmengine - INFO - paramwise_options -- backbone.text_model.model.encoder.layer.6.attention.output.LayerNorm.bias:num of params=768
07/10 03:23:10 - mmengine - INFO - paramwise_options -- backbone.text_model.model.encoder.layer.6.attention.output.LayerNorm.bias:lr=2.0000000000000003e-06
07/10 03:23:10 - mmengine - INFO - paramwise_options -- backbone.text_model.model.encoder.layer.6.attention.output.LayerNorm.bias:weight_decay=0.05
07/10 03:23:10 - mmengine - INFO - paramwise_options -- backbone.text_model.model.encoder.layer.6.attention.output.LayerNorm.bias:lr_mult=0.1
07/10 03:23:10 - mmengine - INFO - paramwise_options -- backbone.text_model.model.encoder.layer.6.intermediate.dense.weight:num of params=2359296
07/10 03:23:10 - mmengine - INFO - paramwise_options -- backbone.text_model.model.encoder.layer.6.intermediate.dense.weight:lr=2.0000000000000003e-06
07/10 03:23:10 - mmengine - INFO - paramwise_options -- backbone.text_model.model.encoder.layer.6.intermediate.dense.weight:weight_decay=0.05
07/10 03:23:10 - mmengine - INFO - paramwise_options -- backbone.text_model.model.encoder.layer.6.intermediate.dense.weight:lr_mult=0.1
07/10 03:23:10 - mmengine - INFO - paramwise_options -- backbone.text_model.model.encoder.layer.6.intermediate.dense.bias:num of params=3072
07/10 03:23:10 - mmengine - INFO - paramwise_options -- backbone.text_model.model.encoder.layer.6.intermediate.dense.bias:lr=2.0000000000000003e-06
07/10 03:23:10 - mmengine - INFO - paramwise_options -- backbone.text_model.model.encoder.layer.6.intermediate.dense.bias:weight_decay=0.05
07/10 03:23:10 - mmengine - INFO - paramwise_options -- backbone.text_model.model.encoder.layer.6.intermediate.dense.bias:lr_mult=0.1
07/10 03:23:10 - mmengine - INFO - paramwise_options -- backbone.text_model.model.encoder.layer.6.output.dense.weight:num of params=2359296
07/10 03:23:10 - mmengine - INFO - paramwise_options -- backbone.text_model.model.encoder.layer.6.output.dense.weight:lr=2.0000000000000003e-06
07/10 03:23:10 - mmengine - INFO - paramwise_options -- backbone.text_model.model.encoder.layer.6.output.dense.weight:weight_decay=0.05
07/10 03:23:10 - mmengine - INFO - paramwise_options -- backbone.text_model.model.encoder.layer.6.output.dense.weight:lr_mult=0.1
07/10 03:23:10 - mmengine - INFO - paramwise_options -- backbone.text_model.model.encoder.layer.6.output.dense.bias:num of params=768
07/10 03:23:10 - mmengine - INFO - paramwise_options -- backbone.text_model.model.encoder.layer.6.output.dense.bias:lr=2.0000000000000003e-06
07/10 03:23:10 - mmengine - INFO - paramwise_options -- backbone.text_model.model.encoder.layer.6.output.dense.bias:weight_decay=0.05
07/10 03:23:10 - mmengine - INFO - paramwise_options -- backbone.text_model.model.encoder.layer.6.output.dense.bias:lr_mult=0.1
07/10 03:23:10 - mmengine - INFO - paramwise_options -- backbone.text_model.model.encoder.layer.6.output.LayerNorm.weight:num of params=768
07/10 03:23:10 - mmengine - INFO - paramwise_options -- backbone.text_model.model.encoder.layer.6.output.LayerNorm.weight:lr=2.0000000000000003e-06
07/10 03:23:10 - mmengine - INFO - paramwise_options -- backbone.text_model.model.encoder.layer.6.output.LayerNorm.weight:weight_decay=0.05
07/10 03:23:10 - mmengine - INFO - paramwise_options -- backbone.text_model.model.encoder.layer.6.output.LayerNorm.weight:lr_mult=0.1
07/10 03:23:10 - mmengine - INFO - paramwise_options -- backbone.text_model.model.encoder.layer.6.output.LayerNorm.bias:num of params=768
07/10 03:23:10 - mmengine - INFO - paramwise_options -- backbone.text_model.model.encoder.layer.6.output.LayerNorm.bias:lr=2.0000000000000003e-06
07/10 03:23:10 - mmengine - INFO - paramwise_options -- backbone.text_model.model.encoder.layer.6.output.LayerNorm.bias:weight_decay=0.05
07/10 03:23:10 - mmengine - INFO - paramwise_options -- backbone.text_model.model.encoder.layer.6.output.LayerNorm.bias:lr_mult=0.1
07/10 03:23:10 - mmengine - INFO - paramwise_options -- backbone.text_model.model.encoder.layer.7.attention.self.query.weight:num of params=589824
07/10 03:23:10 - mmengine - INFO - paramwise_options -- backbone.text_model.model.encoder.layer.7.attention.self.query.weight:lr=2.0000000000000003e-06
07/10 03:23:10 - mmengine - INFO - paramwise_options -- backbone.text_model.model.encoder.layer.7.attention.self.query.weight:weight_decay=0.05
07/10 03:23:10 - mmengine - INFO - paramwise_options -- backbone.text_model.model.encoder.layer.7.attention.self.query.weight:lr_mult=0.1
07/10 03:23:10 - mmengine - INFO - paramwise_options -- backbone.text_model.model.encoder.layer.7.attention.self.query.bias:num of params=768
07/10 03:23:10 - mmengine - INFO - paramwise_options -- backbone.text_model.model.encoder.layer.7.attention.self.query.bias:lr=2.0000000000000003e-06
07/10 03:23:10 - mmengine - INFO - paramwise_options -- backbone.text_model.model.encoder.layer.7.attention.self.query.bias:weight_decay=0.05
07/10 03:23:10 - mmengine - INFO - paramwise_options -- backbone.text_model.model.encoder.layer.7.attention.self.query.bias:lr_mult=0.1
07/10 03:23:10 - mmengine - INFO - paramwise_options -- backbone.text_model.model.encoder.layer.7.attention.self.key.weight:num of params=589824
07/10 03:23:10 - mmengine - INFO - paramwise_options -- backbone.text_model.model.encoder.layer.7.attention.self.key.weight:lr=2.0000000000000003e-06
07/10 03:23:10 - mmengine - INFO - paramwise_options -- backbone.text_model.model.encoder.layer.7.attention.self.key.weight:weight_decay=0.05
07/10 03:23:10 - mmengine - INFO - paramwise_options -- backbone.text_model.model.encoder.layer.7.attention.self.key.weight:lr_mult=0.1
07/10 03:23:10 - mmengine - INFO - paramwise_options -- backbone.text_model.model.encoder.layer.7.attention.self.key.bias:num of params=768
07/10 03:23:10 - mmengine - INFO - paramwise_options -- backbone.text_model.model.encoder.layer.7.attention.self.key.bias:lr=2.0000000000000003e-06
07/10 03:23:10 - mmengine - INFO - paramwise_options -- backbone.text_model.model.encoder.layer.7.attention.self.key.bias:weight_decay=0.05
07/10 03:23:10 - mmengine - INFO - paramwise_options -- backbone.text_model.model.encoder.layer.7.attention.self.key.bias:lr_mult=0.1
07/10 03:23:10 - mmengine - INFO - paramwise_options -- backbone.text_model.model.encoder.layer.7.attention.self.value.weight:num of params=589824
07/10 03:23:10 - mmengine - INFO - paramwise_options -- backbone.text_model.model.encoder.layer.7.attention.self.value.weight:lr=2.0000000000000003e-06
07/10 03:23:10 - mmengine - INFO - paramwise_options -- backbone.text_model.model.encoder.layer.7.attention.self.value.weight:weight_decay=0.05
07/10 03:23:10 - mmengine - INFO - paramwise_options -- backbone.text_model.model.encoder.layer.7.attention.self.value.weight:lr_mult=0.1
07/10 03:23:10 - mmengine - INFO - paramwise_options -- backbone.text_model.model.encoder.layer.7.attention.self.value.bias:num of params=768
07/10 03:23:10 - mmengine - INFO - paramwise_options -- backbone.text_model.model.encoder.layer.7.attention.self.value.bias:lr=2.0000000000000003e-06
07/10 03:23:10 - mmengine - INFO - paramwise_options -- backbone.text_model.model.encoder.layer.7.attention.self.value.bias:weight_decay=0.05
07/10 03:23:10 - mmengine - INFO - paramwise_options -- backbone.text_model.model.encoder.layer.7.attention.self.value.bias:lr_mult=0.1
07/10 03:23:10 - mmengine - INFO - paramwise_options -- backbone.text_model.model.encoder.layer.7.attention.output.dense.weight:num of params=589824
07/10 03:23:10 - mmengine - INFO - paramwise_options -- backbone.text_model.model.encoder.layer.7.attention.output.dense.weight:lr=2.0000000000000003e-06
07/10 03:23:10 - mmengine - INFO - paramwise_options -- backbone.text_model.model.encoder.layer.7.attention.output.dense.weight:weight_decay=0.05
07/10 03:23:10 - mmengine - INFO - paramwise_options -- backbone.text_model.model.encoder.layer.7.attention.output.dense.weight:lr_mult=0.1
07/10 03:23:10 - mmengine - INFO - paramwise_options -- backbone.text_model.model.encoder.layer.7.attention.output.dense.bias:num of params=768
07/10 03:23:10 - mmengine - INFO - paramwise_options -- backbone.text_model.model.encoder.layer.7.attention.output.dense.bias:lr=2.0000000000000003e-06
07/10 03:23:10 - mmengine - INFO - paramwise_options -- backbone.text_model.model.encoder.layer.7.attention.output.dense.bias:weight_decay=0.05
07/10 03:23:10 - mmengine - INFO - paramwise_options -- backbone.text_model.model.encoder.layer.7.attention.output.dense.bias:lr_mult=0.1
07/10 03:23:10 - mmengine - INFO - paramwise_options -- backbone.text_model.model.encoder.layer.7.attention.output.LayerNorm.weight:num of params=768
07/10 03:23:10 - mmengine - INFO - paramwise_options -- backbone.text_model.model.encoder.layer.7.attention.output.LayerNorm.weight:lr=2.0000000000000003e-06
07/10 03:23:10 - mmengine - INFO - paramwise_options -- backbone.text_model.model.encoder.layer.7.attention.output.LayerNorm.weight:weight_decay=0.05
07/10 03:23:10 - mmengine - INFO - paramwise_options -- backbone.text_model.model.encoder.layer.7.attention.output.LayerNorm.weight:lr_mult=0.1
07/10 03:23:10 - mmengine - INFO - paramwise_options -- backbone.text_model.model.encoder.layer.7.attention.output.LayerNorm.bias:num of params=768
07/10 03:23:10 - mmengine - INFO - paramwise_options -- backbone.text_model.model.encoder.layer.7.attention.output.LayerNorm.bias:lr=2.0000000000000003e-06
07/10 03:23:10 - mmengine - INFO - paramwise_options -- backbone.text_model.model.encoder.layer.7.attention.output.LayerNorm.bias:weight_decay=0.05
07/10 03:23:10 - mmengine - INFO - paramwise_options -- backbone.text_model.model.encoder.layer.7.attention.output.LayerNorm.bias:lr_mult=0.1
07/10 03:23:10 - mmengine - INFO - paramwise_options -- backbone.text_model.model.encoder.layer.7.intermediate.dense.weight:num of params=2359296
07/10 03:23:10 - mmengine - INFO - paramwise_options -- backbone.text_model.model.encoder.layer.7.intermediate.dense.weight:lr=2.0000000000000003e-06
07/10 03:23:10 - mmengine - INFO - paramwise_options -- backbone.text_model.model.encoder.layer.7.intermediate.dense.weight:weight_decay=0.05
07/10 03:23:10 - mmengine - INFO - paramwise_options -- backbone.text_model.model.encoder.layer.7.intermediate.dense.weight:lr_mult=0.1
07/10 03:23:10 - mmengine - INFO - paramwise_options -- backbone.text_model.model.encoder.layer.7.intermediate.dense.bias:num of params=3072
07/10 03:23:10 - mmengine - INFO - paramwise_options -- backbone.text_model.model.encoder.layer.7.intermediate.dense.bias:lr=2.0000000000000003e-06
07/10 03:23:10 - mmengine - INFO - paramwise_options -- backbone.text_model.model.encoder.layer.7.intermediate.dense.bias:weight_decay=0.05
07/10 03:23:10 - mmengine - INFO - paramwise_options -- backbone.text_model.model.encoder.layer.7.intermediate.dense.bias:lr_mult=0.1
07/10 03:23:10 - mmengine - INFO - paramwise_options -- backbone.text_model.model.encoder.layer.7.output.dense.weight:num of params=2359296
07/10 03:23:10 - mmengine - INFO - paramwise_options -- backbone.text_model.model.encoder.layer.7.output.dense.weight:lr=2.0000000000000003e-06
07/10 03:23:10 - mmengine - INFO - paramwise_options -- backbone.text_model.model.encoder.layer.7.output.dense.weight:weight_decay=0.05
07/10 03:23:10 - mmengine - INFO - paramwise_options -- backbone.text_model.model.encoder.layer.7.output.dense.weight:lr_mult=0.1
07/10 03:23:10 - mmengine - INFO - paramwise_options -- backbone.text_model.model.encoder.layer.7.output.dense.bias:num of params=768
07/10 03:23:10 - mmengine - INFO - paramwise_options -- backbone.text_model.model.encoder.layer.7.output.dense.bias:lr=2.0000000000000003e-06
07/10 03:23:10 - mmengine - INFO - paramwise_options -- backbone.text_model.model.encoder.layer.7.output.dense.bias:weight_decay=0.05
07/10 03:23:10 - mmengine - INFO - paramwise_options -- backbone.text_model.model.encoder.layer.7.output.dense.bias:lr_mult=0.1
07/10 03:23:10 - mmengine - INFO - paramwise_options -- backbone.text_model.model.encoder.layer.7.output.LayerNorm.weight:num of params=768
07/10 03:23:10 - mmengine - INFO - paramwise_options -- backbone.text_model.model.encoder.layer.7.output.LayerNorm.weight:lr=2.0000000000000003e-06
07/10 03:23:10 - mmengine - INFO - paramwise_options -- backbone.text_model.model.encoder.layer.7.output.LayerNorm.weight:weight_decay=0.05
07/10 03:23:10 - mmengine - INFO - paramwise_options -- backbone.text_model.model.encoder.layer.7.output.LayerNorm.weight:lr_mult=0.1
07/10 03:23:10 - mmengine - INFO - paramwise_options -- backbone.text_model.model.encoder.layer.7.output.LayerNorm.bias:num of params=768
07/10 03:23:10 - mmengine - INFO - paramwise_options -- backbone.text_model.model.encoder.layer.7.output.LayerNorm.bias:lr=2.0000000000000003e-06
07/10 03:23:10 - mmengine - INFO - paramwise_options -- backbone.text_model.model.encoder.layer.7.output.LayerNorm.bias:weight_decay=0.05
07/10 03:23:10 - mmengine - INFO - paramwise_options -- backbone.text_model.model.encoder.layer.7.output.LayerNorm.bias:lr_mult=0.1
07/10 03:23:10 - mmengine - INFO - paramwise_options -- backbone.text_model.model.encoder.layer.8.attention.self.query.weight:num of params=589824
07/10 03:23:10 - mmengine - INFO - paramwise_options -- backbone.text_model.model.encoder.layer.8.attention.self.query.weight:lr=2.0000000000000003e-06
07/10 03:23:10 - mmengine - INFO - paramwise_options -- backbone.text_model.model.encoder.layer.8.attention.self.query.weight:weight_decay=0.05
07/10 03:23:10 - mmengine - INFO - paramwise_options -- backbone.text_model.model.encoder.layer.8.attention.self.query.weight:lr_mult=0.1
07/10 03:23:10 - mmengine - INFO - paramwise_options -- backbone.text_model.model.encoder.layer.8.attention.self.query.bias:num of params=768
07/10 03:23:10 - mmengine - INFO - paramwise_options -- backbone.text_model.model.encoder.layer.8.attention.self.query.bias:lr=2.0000000000000003e-06
07/10 03:23:10 - mmengine - INFO - paramwise_options -- backbone.text_model.model.encoder.layer.8.attention.self.query.bias:weight_decay=0.05
07/10 03:23:10 - mmengine - INFO - paramwise_options -- backbone.text_model.model.encoder.layer.8.attention.self.query.bias:lr_mult=0.1
07/10 03:23:10 - mmengine - INFO - paramwise_options -- backbone.text_model.model.encoder.layer.8.attention.self.key.weight:num of params=589824
07/10 03:23:10 - mmengine - INFO - paramwise_options -- backbone.text_model.model.encoder.layer.8.attention.self.key.weight:lr=2.0000000000000003e-06
07/10 03:23:10 - mmengine - INFO - paramwise_options -- backbone.text_model.model.encoder.layer.8.attention.self.key.weight:weight_decay=0.05
07/10 03:23:10 - mmengine - INFO - paramwise_options -- backbone.text_model.model.encoder.layer.8.attention.self.key.weight:lr_mult=0.1
07/10 03:23:10 - mmengine - INFO - paramwise_options -- backbone.text_model.model.encoder.layer.8.attention.self.key.bias:num of params=768
07/10 03:23:10 - mmengine - INFO - paramwise_options -- backbone.text_model.model.encoder.layer.8.attention.self.key.bias:lr=2.0000000000000003e-06
07/10 03:23:10 - mmengine - INFO - paramwise_options -- backbone.text_model.model.encoder.layer.8.attention.self.key.bias:weight_decay=0.05
07/10 03:23:10 - mmengine - INFO - paramwise_options -- backbone.text_model.model.encoder.layer.8.attention.self.key.bias:lr_mult=0.1
07/10 03:23:10 - mmengine - INFO - paramwise_options -- backbone.text_model.model.encoder.layer.8.attention.self.value.weight:num of params=589824
07/10 03:23:10 - mmengine - INFO - paramwise_options -- backbone.text_model.model.encoder.layer.8.attention.self.value.weight:lr=2.0000000000000003e-06
07/10 03:23:10 - mmengine - INFO - paramwise_options -- backbone.text_model.model.encoder.layer.8.attention.self.value.weight:weight_decay=0.05
07/10 03:23:10 - mmengine - INFO - paramwise_options -- backbone.text_model.model.encoder.layer.8.attention.self.value.weight:lr_mult=0.1
07/10 03:23:10 - mmengine - INFO - paramwise_options -- backbone.text_model.model.encoder.layer.8.attention.self.value.bias:num of params=768
07/10 03:23:10 - mmengine - INFO - paramwise_options -- backbone.text_model.model.encoder.layer.8.attention.self.value.bias:lr=2.0000000000000003e-06
07/10 03:23:10 - mmengine - INFO - paramwise_options -- backbone.text_model.model.encoder.layer.8.attention.self.value.bias:weight_decay=0.05
07/10 03:23:10 - mmengine - INFO - paramwise_options -- backbone.text_model.model.encoder.layer.8.attention.self.value.bias:lr_mult=0.1
07/10 03:23:10 - mmengine - INFO - paramwise_options -- backbone.text_model.model.encoder.layer.8.attention.output.dense.weight:num of params=589824
07/10 03:23:10 - mmengine - INFO - paramwise_options -- backbone.text_model.model.encoder.layer.8.attention.output.dense.weight:lr=2.0000000000000003e-06
07/10 03:23:10 - mmengine - INFO - paramwise_options -- backbone.text_model.model.encoder.layer.8.attention.output.dense.weight:weight_decay=0.05
07/10 03:23:10 - mmengine - INFO - paramwise_options -- backbone.text_model.model.encoder.layer.8.attention.output.dense.weight:lr_mult=0.1
07/10 03:23:10 - mmengine - INFO - paramwise_options -- backbone.text_model.model.encoder.layer.8.attention.output.dense.bias:num of params=768
07/10 03:23:10 - mmengine - INFO - paramwise_options -- backbone.text_model.model.encoder.layer.8.attention.output.dense.bias:lr=2.0000000000000003e-06
07/10 03:23:10 - mmengine - INFO - paramwise_options -- backbone.text_model.model.encoder.layer.8.attention.output.dense.bias:weight_decay=0.05
07/10 03:23:10 - mmengine - INFO - paramwise_options -- backbone.text_model.model.encoder.layer.8.attention.output.dense.bias:lr_mult=0.1
07/10 03:23:10 - mmengine - INFO - paramwise_options -- backbone.text_model.model.encoder.layer.8.attention.output.LayerNorm.weight:num of params=768
07/10 03:23:10 - mmengine - INFO - paramwise_options -- backbone.text_model.model.encoder.layer.8.attention.output.LayerNorm.weight:lr=2.0000000000000003e-06
07/10 03:23:10 - mmengine - INFO - paramwise_options -- backbone.text_model.model.encoder.layer.8.attention.output.LayerNorm.weight:weight_decay=0.05
07/10 03:23:10 - mmengine - INFO - paramwise_options -- backbone.text_model.model.encoder.layer.8.attention.output.LayerNorm.weight:lr_mult=0.1
07/10 03:23:10 - mmengine - INFO - paramwise_options -- backbone.text_model.model.encoder.layer.8.attention.output.LayerNorm.bias:num of params=768
07/10 03:23:10 - mmengine - INFO - paramwise_options -- backbone.text_model.model.encoder.layer.8.attention.output.LayerNorm.bias:lr=2.0000000000000003e-06
07/10 03:23:10 - mmengine - INFO - paramwise_options -- backbone.text_model.model.encoder.layer.8.attention.output.LayerNorm.bias:weight_decay=0.05
07/10 03:23:10 - mmengine - INFO - paramwise_options -- backbone.text_model.model.encoder.layer.8.attention.output.LayerNorm.bias:lr_mult=0.1
07/10 03:23:10 - mmengine - INFO - paramwise_options -- backbone.text_model.model.encoder.layer.8.intermediate.dense.weight:num of params=2359296
07/10 03:23:10 - mmengine - INFO - paramwise_options -- backbone.text_model.model.encoder.layer.8.intermediate.dense.weight:lr=2.0000000000000003e-06
07/10 03:23:10 - mmengine - INFO - paramwise_options -- backbone.text_model.model.encoder.layer.8.intermediate.dense.weight:weight_decay=0.05
07/10 03:23:10 - mmengine - INFO - paramwise_options -- backbone.text_model.model.encoder.layer.8.intermediate.dense.weight:lr_mult=0.1
07/10 03:23:10 - mmengine - INFO - paramwise_options -- backbone.text_model.model.encoder.layer.8.intermediate.dense.bias:num of params=3072
07/10 03:23:10 - mmengine - INFO - paramwise_options -- backbone.text_model.model.encoder.layer.8.intermediate.dense.bias:lr=2.0000000000000003e-06
07/10 03:23:10 - mmengine - INFO - paramwise_options -- backbone.text_model.model.encoder.layer.8.intermediate.dense.bias:weight_decay=0.05
07/10 03:23:10 - mmengine - INFO - paramwise_options -- backbone.text_model.model.encoder.layer.8.intermediate.dense.bias:lr_mult=0.1
07/10 03:23:10 - mmengine - INFO - paramwise_options -- backbone.text_model.model.encoder.layer.8.output.dense.weight:num of params=2359296
07/10 03:23:10 - mmengine - INFO - paramwise_options -- backbone.text_model.model.encoder.layer.8.output.dense.weight:lr=2.0000000000000003e-06
07/10 03:23:10 - mmengine - INFO - paramwise_options -- backbone.text_model.model.encoder.layer.8.output.dense.weight:weight_decay=0.05
07/10 03:23:10 - mmengine - INFO - paramwise_options -- backbone.text_model.model.encoder.layer.8.output.dense.weight:lr_mult=0.1
07/10 03:23:10 - mmengine - INFO - paramwise_options -- backbone.text_model.model.encoder.layer.8.output.dense.bias:num of params=768
07/10 03:23:10 - mmengine - INFO - paramwise_options -- backbone.text_model.model.encoder.layer.8.output.dense.bias:lr=2.0000000000000003e-06
07/10 03:23:10 - mmengine - INFO - paramwise_options -- backbone.text_model.model.encoder.layer.8.output.dense.bias:weight_decay=0.05
07/10 03:23:10 - mmengine - INFO - paramwise_options -- backbone.text_model.model.encoder.layer.8.output.dense.bias:lr_mult=0.1
07/10 03:23:10 - mmengine - INFO - paramwise_options -- backbone.text_model.model.encoder.layer.8.output.LayerNorm.weight:num of params=768
07/10 03:23:10 - mmengine - INFO - paramwise_options -- backbone.text_model.model.encoder.layer.8.output.LayerNorm.weight:lr=2.0000000000000003e-06
07/10 03:23:10 - mmengine - INFO - paramwise_options -- backbone.text_model.model.encoder.layer.8.output.LayerNorm.weight:weight_decay=0.05
07/10 03:23:10 - mmengine - INFO - paramwise_options -- backbone.text_model.model.encoder.layer.8.output.LayerNorm.weight:lr_mult=0.1
07/10 03:23:10 - mmengine - INFO - paramwise_options -- backbone.text_model.model.encoder.layer.8.output.LayerNorm.bias:num of params=768
07/10 03:23:10 - mmengine - INFO - paramwise_options -- backbone.text_model.model.encoder.layer.8.output.LayerNorm.bias:lr=2.0000000000000003e-06
07/10 03:23:10 - mmengine - INFO - paramwise_options -- backbone.text_model.model.encoder.layer.8.output.LayerNorm.bias:weight_decay=0.05
07/10 03:23:10 - mmengine - INFO - paramwise_options -- backbone.text_model.model.encoder.layer.8.output.LayerNorm.bias:lr_mult=0.1
07/10 03:23:10 - mmengine - INFO - paramwise_options -- backbone.text_model.model.encoder.layer.9.attention.self.query.weight:num of params=589824
07/10 03:23:10 - mmengine - INFO - paramwise_options -- backbone.text_model.model.encoder.layer.9.attention.self.query.weight:lr=2.0000000000000003e-06
07/10 03:23:10 - mmengine - INFO - paramwise_options -- backbone.text_model.model.encoder.layer.9.attention.self.query.weight:weight_decay=0.05
07/10 03:23:10 - mmengine - INFO - paramwise_options -- backbone.text_model.model.encoder.layer.9.attention.self.query.weight:lr_mult=0.1
07/10 03:23:10 - mmengine - INFO - paramwise_options -- backbone.text_model.model.encoder.layer.9.attention.self.query.bias:num of params=768
07/10 03:23:10 - mmengine - INFO - paramwise_options -- backbone.text_model.model.encoder.layer.9.attention.self.query.bias:lr=2.0000000000000003e-06
07/10 03:23:10 - mmengine - INFO - paramwise_options -- backbone.text_model.model.encoder.layer.9.attention.self.query.bias:weight_decay=0.05
07/10 03:23:10 - mmengine - INFO - paramwise_options -- backbone.text_model.model.encoder.layer.9.attention.self.query.bias:lr_mult=0.1
07/10 03:23:10 - mmengine - INFO - paramwise_options -- backbone.text_model.model.encoder.layer.9.attention.self.key.weight:num of params=589824
07/10 03:23:10 - mmengine - INFO - paramwise_options -- backbone.text_model.model.encoder.layer.9.attention.self.key.weight:lr=2.0000000000000003e-06
07/10 03:23:10 - mmengine - INFO - paramwise_options -- backbone.text_model.model.encoder.layer.9.attention.self.key.weight:weight_decay=0.05
07/10 03:23:10 - mmengine - INFO - paramwise_options -- backbone.text_model.model.encoder.layer.9.attention.self.key.weight:lr_mult=0.1
07/10 03:23:10 - mmengine - INFO - paramwise_options -- backbone.text_model.model.encoder.layer.9.attention.self.key.bias:num of params=768
07/10 03:23:10 - mmengine - INFO - paramwise_options -- backbone.text_model.model.encoder.layer.9.attention.self.key.bias:lr=2.0000000000000003e-06
07/10 03:23:10 - mmengine - INFO - paramwise_options -- backbone.text_model.model.encoder.layer.9.attention.self.key.bias:weight_decay=0.05
07/10 03:23:10 - mmengine - INFO - paramwise_options -- backbone.text_model.model.encoder.layer.9.attention.self.key.bias:lr_mult=0.1
07/10 03:23:10 - mmengine - INFO - paramwise_options -- backbone.text_model.model.encoder.layer.9.attention.self.value.weight:num of params=589824
07/10 03:23:10 - mmengine - INFO - paramwise_options -- backbone.text_model.model.encoder.layer.9.attention.self.value.weight:lr=2.0000000000000003e-06
07/10 03:23:10 - mmengine - INFO - paramwise_options -- backbone.text_model.model.encoder.layer.9.attention.self.value.weight:weight_decay=0.05
07/10 03:23:10 - mmengine - INFO - paramwise_options -- backbone.text_model.model.encoder.layer.9.attention.self.value.weight:lr_mult=0.1
07/10 03:23:10 - mmengine - INFO - paramwise_options -- backbone.text_model.model.encoder.layer.9.attention.self.value.bias:num of params=768
07/10 03:23:10 - mmengine - INFO - paramwise_options -- backbone.text_model.model.encoder.layer.9.attention.self.value.bias:lr=2.0000000000000003e-06
07/10 03:23:10 - mmengine - INFO - paramwise_options -- backbone.text_model.model.encoder.layer.9.attention.self.value.bias:weight_decay=0.05
07/10 03:23:10 - mmengine - INFO - paramwise_options -- backbone.text_model.model.encoder.layer.9.attention.self.value.bias:lr_mult=0.1
07/10 03:23:10 - mmengine - INFO - paramwise_options -- backbone.text_model.model.encoder.layer.9.attention.output.dense.weight:num of params=589824
07/10 03:23:10 - mmengine - INFO - paramwise_options -- backbone.text_model.model.encoder.layer.9.attention.output.dense.weight:lr=2.0000000000000003e-06
07/10 03:23:10 - mmengine - INFO - paramwise_options -- backbone.text_model.model.encoder.layer.9.attention.output.dense.weight:weight_decay=0.05
07/10 03:23:10 - mmengine - INFO - paramwise_options -- backbone.text_model.model.encoder.layer.9.attention.output.dense.weight:lr_mult=0.1
07/10 03:23:10 - mmengine - INFO - paramwise_options -- backbone.text_model.model.encoder.layer.9.attention.output.dense.bias:num of params=768
07/10 03:23:10 - mmengine - INFO - paramwise_options -- backbone.text_model.model.encoder.layer.9.attention.output.dense.bias:lr=2.0000000000000003e-06
07/10 03:23:10 - mmengine - INFO - paramwise_options -- backbone.text_model.model.encoder.layer.9.attention.output.dense.bias:weight_decay=0.05
07/10 03:23:10 - mmengine - INFO - paramwise_options -- backbone.text_model.model.encoder.layer.9.attention.output.dense.bias:lr_mult=0.1
07/10 03:23:10 - mmengine - INFO - paramwise_options -- backbone.text_model.model.encoder.layer.9.attention.output.LayerNorm.weight:num of params=768
07/10 03:23:10 - mmengine - INFO - paramwise_options -- backbone.text_model.model.encoder.layer.9.attention.output.LayerNorm.weight:lr=2.0000000000000003e-06
07/10 03:23:10 - mmengine - INFO - paramwise_options -- backbone.text_model.model.encoder.layer.9.attention.output.LayerNorm.weight:weight_decay=0.05
07/10 03:23:10 - mmengine - INFO - paramwise_options -- backbone.text_model.model.encoder.layer.9.attention.output.LayerNorm.weight:lr_mult=0.1
07/10 03:23:10 - mmengine - INFO - paramwise_options -- backbone.text_model.model.encoder.layer.9.attention.output.LayerNorm.bias:num of params=768
07/10 03:23:10 - mmengine - INFO - paramwise_options -- backbone.text_model.model.encoder.layer.9.attention.output.LayerNorm.bias:lr=2.0000000000000003e-06
07/10 03:23:10 - mmengine - INFO - paramwise_options -- backbone.text_model.model.encoder.layer.9.attention.output.LayerNorm.bias:weight_decay=0.05
07/10 03:23:10 - mmengine - INFO - paramwise_options -- backbone.text_model.model.encoder.layer.9.attention.output.LayerNorm.bias:lr_mult=0.1
07/10 03:23:10 - mmengine - INFO - paramwise_options -- backbone.text_model.model.encoder.layer.9.intermediate.dense.weight:num of params=2359296
07/10 03:23:10 - mmengine - INFO - paramwise_options -- backbone.text_model.model.encoder.layer.9.intermediate.dense.weight:lr=2.0000000000000003e-06
07/10 03:23:10 - mmengine - INFO - paramwise_options -- backbone.text_model.model.encoder.layer.9.intermediate.dense.weight:weight_decay=0.05
07/10 03:23:10 - mmengine - INFO - paramwise_options -- backbone.text_model.model.encoder.layer.9.intermediate.dense.weight:lr_mult=0.1
07/10 03:23:10 - mmengine - INFO - paramwise_options -- backbone.text_model.model.encoder.layer.9.intermediate.dense.bias:num of params=3072
07/10 03:23:10 - mmengine - INFO - paramwise_options -- backbone.text_model.model.encoder.layer.9.intermediate.dense.bias:lr=2.0000000000000003e-06
07/10 03:23:10 - mmengine - INFO - paramwise_options -- backbone.text_model.model.encoder.layer.9.intermediate.dense.bias:weight_decay=0.05
07/10 03:23:10 - mmengine - INFO - paramwise_options -- backbone.text_model.model.encoder.layer.9.intermediate.dense.bias:lr_mult=0.1
07/10 03:23:10 - mmengine - INFO - paramwise_options -- backbone.text_model.model.encoder.layer.9.output.dense.weight:num of params=2359296
07/10 03:23:10 - mmengine - INFO - paramwise_options -- backbone.text_model.model.encoder.layer.9.output.dense.weight:lr=2.0000000000000003e-06
07/10 03:23:10 - mmengine - INFO - paramwise_options -- backbone.text_model.model.encoder.layer.9.output.dense.weight:weight_decay=0.05
07/10 03:23:10 - mmengine - INFO - paramwise_options -- backbone.text_model.model.encoder.layer.9.output.dense.weight:lr_mult=0.1
07/10 03:23:10 - mmengine - INFO - paramwise_options -- backbone.text_model.model.encoder.layer.9.output.dense.bias:num of params=768
07/10 03:23:10 - mmengine - INFO - paramwise_options -- backbone.text_model.model.encoder.layer.9.output.dense.bias:lr=2.0000000000000003e-06
07/10 03:23:10 - mmengine - INFO - paramwise_options -- backbone.text_model.model.encoder.layer.9.output.dense.bias:weight_decay=0.05
07/10 03:23:10 - mmengine - INFO - paramwise_options -- backbone.text_model.model.encoder.layer.9.output.dense.bias:lr_mult=0.1
07/10 03:23:10 - mmengine - INFO - paramwise_options -- backbone.text_model.model.encoder.layer.9.output.LayerNorm.weight:num of params=768
07/10 03:23:10 - mmengine - INFO - paramwise_options -- backbone.text_model.model.encoder.layer.9.output.LayerNorm.weight:lr=2.0000000000000003e-06
07/10 03:23:10 - mmengine - INFO - paramwise_options -- backbone.text_model.model.encoder.layer.9.output.LayerNorm.weight:weight_decay=0.05
07/10 03:23:10 - mmengine - INFO - paramwise_options -- backbone.text_model.model.encoder.layer.9.output.LayerNorm.weight:lr_mult=0.1
07/10 03:23:10 - mmengine - INFO - paramwise_options -- backbone.text_model.model.encoder.layer.9.output.LayerNorm.bias:num of params=768
07/10 03:23:10 - mmengine - INFO - paramwise_options -- backbone.text_model.model.encoder.layer.9.output.LayerNorm.bias:lr=2.0000000000000003e-06
07/10 03:23:10 - mmengine - INFO - paramwise_options -- backbone.text_model.model.encoder.layer.9.output.LayerNorm.bias:weight_decay=0.05
07/10 03:23:10 - mmengine - INFO - paramwise_options -- backbone.text_model.model.encoder.layer.9.output.LayerNorm.bias:lr_mult=0.1
07/10 03:23:10 - mmengine - INFO - paramwise_options -- backbone.text_model.model.encoder.layer.10.attention.self.query.weight:num of params=589824
07/10 03:23:10 - mmengine - INFO - paramwise_options -- backbone.text_model.model.encoder.layer.10.attention.self.query.weight:lr=2.0000000000000003e-06
07/10 03:23:10 - mmengine - INFO - paramwise_options -- backbone.text_model.model.encoder.layer.10.attention.self.query.weight:weight_decay=0.05
07/10 03:23:10 - mmengine - INFO - paramwise_options -- backbone.text_model.model.encoder.layer.10.attention.self.query.weight:lr_mult=0.1
07/10 03:23:10 - mmengine - INFO - paramwise_options -- backbone.text_model.model.encoder.layer.10.attention.self.query.bias:num of params=768
07/10 03:23:10 - mmengine - INFO - paramwise_options -- backbone.text_model.model.encoder.layer.10.attention.self.query.bias:lr=2.0000000000000003e-06
07/10 03:23:10 - mmengine - INFO - paramwise_options -- backbone.text_model.model.encoder.layer.10.attention.self.query.bias:weight_decay=0.05
07/10 03:23:10 - mmengine - INFO - paramwise_options -- backbone.text_model.model.encoder.layer.10.attention.self.query.bias:lr_mult=0.1
07/10 03:23:10 - mmengine - INFO - paramwise_options -- backbone.text_model.model.encoder.layer.10.attention.self.key.weight:num of params=589824
07/10 03:23:10 - mmengine - INFO - paramwise_options -- backbone.text_model.model.encoder.layer.10.attention.self.key.weight:lr=2.0000000000000003e-06
07/10 03:23:10 - mmengine - INFO - paramwise_options -- backbone.text_model.model.encoder.layer.10.attention.self.key.weight:weight_decay=0.05
07/10 03:23:10 - mmengine - INFO - paramwise_options -- backbone.text_model.model.encoder.layer.10.attention.self.key.weight:lr_mult=0.1
07/10 03:23:10 - mmengine - INFO - paramwise_options -- backbone.text_model.model.encoder.layer.10.attention.self.key.bias:num of params=768
07/10 03:23:10 - mmengine - INFO - paramwise_options -- backbone.text_model.model.encoder.layer.10.attention.self.key.bias:lr=2.0000000000000003e-06
07/10 03:23:10 - mmengine - INFO - paramwise_options -- backbone.text_model.model.encoder.layer.10.attention.self.key.bias:weight_decay=0.05
07/10 03:23:10 - mmengine - INFO - paramwise_options -- backbone.text_model.model.encoder.layer.10.attention.self.key.bias:lr_mult=0.1
07/10 03:23:10 - mmengine - INFO - paramwise_options -- backbone.text_model.model.encoder.layer.10.attention.self.value.weight:num of params=589824
07/10 03:23:10 - mmengine - INFO - paramwise_options -- backbone.text_model.model.encoder.layer.10.attention.self.value.weight:lr=2.0000000000000003e-06
07/10 03:23:10 - mmengine - INFO - paramwise_options -- backbone.text_model.model.encoder.layer.10.attention.self.value.weight:weight_decay=0.05
07/10 03:23:10 - mmengine - INFO - paramwise_options -- backbone.text_model.model.encoder.layer.10.attention.self.value.weight:lr_mult=0.1
07/10 03:23:10 - mmengine - INFO - paramwise_options -- backbone.text_model.model.encoder.layer.10.attention.self.value.bias:num of params=768
07/10 03:23:10 - mmengine - INFO - paramwise_options -- backbone.text_model.model.encoder.layer.10.attention.self.value.bias:lr=2.0000000000000003e-06
07/10 03:23:10 - mmengine - INFO - paramwise_options -- backbone.text_model.model.encoder.layer.10.attention.self.value.bias:weight_decay=0.05
07/10 03:23:10 - mmengine - INFO - paramwise_options -- backbone.text_model.model.encoder.layer.10.attention.self.value.bias:lr_mult=0.1
07/10 03:23:10 - mmengine - INFO - paramwise_options -- backbone.text_model.model.encoder.layer.10.attention.output.dense.weight:num of params=589824
07/10 03:23:10 - mmengine - INFO - paramwise_options -- backbone.text_model.model.encoder.layer.10.attention.output.dense.weight:lr=2.0000000000000003e-06
07/10 03:23:10 - mmengine - INFO - paramwise_options -- backbone.text_model.model.encoder.layer.10.attention.output.dense.weight:weight_decay=0.05
07/10 03:23:10 - mmengine - INFO - paramwise_options -- backbone.text_model.model.encoder.layer.10.attention.output.dense.weight:lr_mult=0.1
07/10 03:23:10 - mmengine - INFO - paramwise_options -- backbone.text_model.model.encoder.layer.10.attention.output.dense.bias:num of params=768
07/10 03:23:10 - mmengine - INFO - paramwise_options -- backbone.text_model.model.encoder.layer.10.attention.output.dense.bias:lr=2.0000000000000003e-06
07/10 03:23:10 - mmengine - INFO - paramwise_options -- backbone.text_model.model.encoder.layer.10.attention.output.dense.bias:weight_decay=0.05
07/10 03:23:10 - mmengine - INFO - paramwise_options -- backbone.text_model.model.encoder.layer.10.attention.output.dense.bias:lr_mult=0.1
07/10 03:23:10 - mmengine - INFO - paramwise_options -- backbone.text_model.model.encoder.layer.10.attention.output.LayerNorm.weight:num of params=768
07/10 03:23:10 - mmengine - INFO - paramwise_options -- backbone.text_model.model.encoder.layer.10.attention.output.LayerNorm.weight:lr=2.0000000000000003e-06
07/10 03:23:10 - mmengine - INFO - paramwise_options -- backbone.text_model.model.encoder.layer.10.attention.output.LayerNorm.weight:weight_decay=0.05
07/10 03:23:10 - mmengine - INFO - paramwise_options -- backbone.text_model.model.encoder.layer.10.attention.output.LayerNorm.weight:lr_mult=0.1
07/10 03:23:10 - mmengine - INFO - paramwise_options -- backbone.text_model.model.encoder.layer.10.attention.output.LayerNorm.bias:num of params=768
07/10 03:23:10 - mmengine - INFO - paramwise_options -- backbone.text_model.model.encoder.layer.10.attention.output.LayerNorm.bias:lr=2.0000000000000003e-06
07/10 03:23:10 - mmengine - INFO - paramwise_options -- backbone.text_model.model.encoder.layer.10.attention.output.LayerNorm.bias:weight_decay=0.05
07/10 03:23:10 - mmengine - INFO - paramwise_options -- backbone.text_model.model.encoder.layer.10.attention.output.LayerNorm.bias:lr_mult=0.1
07/10 03:23:10 - mmengine - INFO - paramwise_options -- backbone.text_model.model.encoder.layer.10.intermediate.dense.weight:num of params=2359296
07/10 03:23:10 - mmengine - INFO - paramwise_options -- backbone.text_model.model.encoder.layer.10.intermediate.dense.weight:lr=2.0000000000000003e-06
07/10 03:23:10 - mmengine - INFO - paramwise_options -- backbone.text_model.model.encoder.layer.10.intermediate.dense.weight:weight_decay=0.05
07/10 03:23:10 - mmengine - INFO - paramwise_options -- backbone.text_model.model.encoder.layer.10.intermediate.dense.weight:lr_mult=0.1
07/10 03:23:10 - mmengine - INFO - paramwise_options -- backbone.text_model.model.encoder.layer.10.intermediate.dense.bias:num of params=3072
07/10 03:23:10 - mmengine - INFO - paramwise_options -- backbone.text_model.model.encoder.layer.10.intermediate.dense.bias:lr=2.0000000000000003e-06
07/10 03:23:10 - mmengine - INFO - paramwise_options -- backbone.text_model.model.encoder.layer.10.intermediate.dense.bias:weight_decay=0.05
07/10 03:23:10 - mmengine - INFO - paramwise_options -- backbone.text_model.model.encoder.layer.10.intermediate.dense.bias:lr_mult=0.1
07/10 03:23:10 - mmengine - INFO - paramwise_options -- backbone.text_model.model.encoder.layer.10.output.dense.weight:num of params=2359296
07/10 03:23:10 - mmengine - INFO - paramwise_options -- backbone.text_model.model.encoder.layer.10.output.dense.weight:lr=2.0000000000000003e-06
07/10 03:23:10 - mmengine - INFO - paramwise_options -- backbone.text_model.model.encoder.layer.10.output.dense.weight:weight_decay=0.05
07/10 03:23:10 - mmengine - INFO - paramwise_options -- backbone.text_model.model.encoder.layer.10.output.dense.weight:lr_mult=0.1
07/10 03:23:10 - mmengine - INFO - paramwise_options -- backbone.text_model.model.encoder.layer.10.output.dense.bias:num of params=768
07/10 03:23:10 - mmengine - INFO - paramwise_options -- backbone.text_model.model.encoder.layer.10.output.dense.bias:lr=2.0000000000000003e-06
07/10 03:23:10 - mmengine - INFO - paramwise_options -- backbone.text_model.model.encoder.layer.10.output.dense.bias:weight_decay=0.05
07/10 03:23:10 - mmengine - INFO - paramwise_options -- backbone.text_model.model.encoder.layer.10.output.dense.bias:lr_mult=0.1
07/10 03:23:10 - mmengine - INFO - paramwise_options -- backbone.text_model.model.encoder.layer.10.output.LayerNorm.weight:num of params=768
07/10 03:23:10 - mmengine - INFO - paramwise_options -- backbone.text_model.model.encoder.layer.10.output.LayerNorm.weight:lr=2.0000000000000003e-06
07/10 03:23:10 - mmengine - INFO - paramwise_options -- backbone.text_model.model.encoder.layer.10.output.LayerNorm.weight:weight_decay=0.05
07/10 03:23:10 - mmengine - INFO - paramwise_options -- backbone.text_model.model.encoder.layer.10.output.LayerNorm.weight:lr_mult=0.1
07/10 03:23:10 - mmengine - INFO - paramwise_options -- backbone.text_model.model.encoder.layer.10.output.LayerNorm.bias:num of params=768
07/10 03:23:10 - mmengine - INFO - paramwise_options -- backbone.text_model.model.encoder.layer.10.output.LayerNorm.bias:lr=2.0000000000000003e-06
07/10 03:23:10 - mmengine - INFO - paramwise_options -- backbone.text_model.model.encoder.layer.10.output.LayerNorm.bias:weight_decay=0.05
07/10 03:23:10 - mmengine - INFO - paramwise_options -- backbone.text_model.model.encoder.layer.10.output.LayerNorm.bias:lr_mult=0.1
07/10 03:23:10 - mmengine - INFO - paramwise_options -- backbone.text_model.model.encoder.layer.11.attention.self.query.weight:num of params=589824
07/10 03:23:10 - mmengine - INFO - paramwise_options -- backbone.text_model.model.encoder.layer.11.attention.self.query.weight:lr=2.0000000000000003e-06
07/10 03:23:10 - mmengine - INFO - paramwise_options -- backbone.text_model.model.encoder.layer.11.attention.self.query.weight:weight_decay=0.05
07/10 03:23:10 - mmengine - INFO - paramwise_options -- backbone.text_model.model.encoder.layer.11.attention.self.query.weight:lr_mult=0.1
07/10 03:23:10 - mmengine - INFO - paramwise_options -- backbone.text_model.model.encoder.layer.11.attention.self.query.bias:num of params=768
07/10 03:23:10 - mmengine - INFO - paramwise_options -- backbone.text_model.model.encoder.layer.11.attention.self.query.bias:lr=2.0000000000000003e-06
07/10 03:23:10 - mmengine - INFO - paramwise_options -- backbone.text_model.model.encoder.layer.11.attention.self.query.bias:weight_decay=0.05
07/10 03:23:10 - mmengine - INFO - paramwise_options -- backbone.text_model.model.encoder.layer.11.attention.self.query.bias:lr_mult=0.1
07/10 03:23:10 - mmengine - INFO - paramwise_options -- backbone.text_model.model.encoder.layer.11.attention.self.key.weight:num of params=589824
07/10 03:23:10 - mmengine - INFO - paramwise_options -- backbone.text_model.model.encoder.layer.11.attention.self.key.weight:lr=2.0000000000000003e-06
07/10 03:23:10 - mmengine - INFO - paramwise_options -- backbone.text_model.model.encoder.layer.11.attention.self.key.weight:weight_decay=0.05
07/10 03:23:10 - mmengine - INFO - paramwise_options -- backbone.text_model.model.encoder.layer.11.attention.self.key.weight:lr_mult=0.1
07/10 03:23:10 - mmengine - INFO - paramwise_options -- backbone.text_model.model.encoder.layer.11.attention.self.key.bias:num of params=768
07/10 03:23:10 - mmengine - INFO - paramwise_options -- backbone.text_model.model.encoder.layer.11.attention.self.key.bias:lr=2.0000000000000003e-06
07/10 03:23:10 - mmengine - INFO - paramwise_options -- backbone.text_model.model.encoder.layer.11.attention.self.key.bias:weight_decay=0.05
07/10 03:23:10 - mmengine - INFO - paramwise_options -- backbone.text_model.model.encoder.layer.11.attention.self.key.bias:lr_mult=0.1
07/10 03:23:10 - mmengine - INFO - paramwise_options -- backbone.text_model.model.encoder.layer.11.attention.self.value.weight:num of params=589824
07/10 03:23:10 - mmengine - INFO - paramwise_options -- backbone.text_model.model.encoder.layer.11.attention.self.value.weight:lr=2.0000000000000003e-06
07/10 03:23:10 - mmengine - INFO - paramwise_options -- backbone.text_model.model.encoder.layer.11.attention.self.value.weight:weight_decay=0.05
07/10 03:23:10 - mmengine - INFO - paramwise_options -- backbone.text_model.model.encoder.layer.11.attention.self.value.weight:lr_mult=0.1
07/10 03:23:10 - mmengine - INFO - paramwise_options -- backbone.text_model.model.encoder.layer.11.attention.self.value.bias:num of params=768
07/10 03:23:10 - mmengine - INFO - paramwise_options -- backbone.text_model.model.encoder.layer.11.attention.self.value.bias:lr=2.0000000000000003e-06
07/10 03:23:10 - mmengine - INFO - paramwise_options -- backbone.text_model.model.encoder.layer.11.attention.self.value.bias:weight_decay=0.05
07/10 03:23:10 - mmengine - INFO - paramwise_options -- backbone.text_model.model.encoder.layer.11.attention.self.value.bias:lr_mult=0.1
07/10 03:23:10 - mmengine - INFO - paramwise_options -- backbone.text_model.model.encoder.layer.11.attention.output.dense.weight:num of params=589824
07/10 03:23:10 - mmengine - INFO - paramwise_options -- backbone.text_model.model.encoder.layer.11.attention.output.dense.weight:lr=2.0000000000000003e-06
07/10 03:23:10 - mmengine - INFO - paramwise_options -- backbone.text_model.model.encoder.layer.11.attention.output.dense.weight:weight_decay=0.05
07/10 03:23:10 - mmengine - INFO - paramwise_options -- backbone.text_model.model.encoder.layer.11.attention.output.dense.weight:lr_mult=0.1
07/10 03:23:10 - mmengine - INFO - paramwise_options -- backbone.text_model.model.encoder.layer.11.attention.output.dense.bias:num of params=768
07/10 03:23:10 - mmengine - INFO - paramwise_options -- backbone.text_model.model.encoder.layer.11.attention.output.dense.bias:lr=2.0000000000000003e-06
07/10 03:23:10 - mmengine - INFO - paramwise_options -- backbone.text_model.model.encoder.layer.11.attention.output.dense.bias:weight_decay=0.05
07/10 03:23:10 - mmengine - INFO - paramwise_options -- backbone.text_model.model.encoder.layer.11.attention.output.dense.bias:lr_mult=0.1
07/10 03:23:10 - mmengine - INFO - paramwise_options -- backbone.text_model.model.encoder.layer.11.attention.output.LayerNorm.weight:num of params=768
07/10 03:23:10 - mmengine - INFO - paramwise_options -- backbone.text_model.model.encoder.layer.11.attention.output.LayerNorm.weight:lr=2.0000000000000003e-06
07/10 03:23:10 - mmengine - INFO - paramwise_options -- backbone.text_model.model.encoder.layer.11.attention.output.LayerNorm.weight:weight_decay=0.05
07/10 03:23:10 - mmengine - INFO - paramwise_options -- backbone.text_model.model.encoder.layer.11.attention.output.LayerNorm.weight:lr_mult=0.1
07/10 03:23:10 - mmengine - INFO - paramwise_options -- backbone.text_model.model.encoder.layer.11.attention.output.LayerNorm.bias:num of params=768
07/10 03:23:10 - mmengine - INFO - paramwise_options -- backbone.text_model.model.encoder.layer.11.attention.output.LayerNorm.bias:lr=2.0000000000000003e-06
07/10 03:23:10 - mmengine - INFO - paramwise_options -- backbone.text_model.model.encoder.layer.11.attention.output.LayerNorm.bias:weight_decay=0.05
07/10 03:23:10 - mmengine - INFO - paramwise_options -- backbone.text_model.model.encoder.layer.11.attention.output.LayerNorm.bias:lr_mult=0.1
07/10 03:23:10 - mmengine - INFO - paramwise_options -- backbone.text_model.model.encoder.layer.11.intermediate.dense.weight:num of params=2359296
07/10 03:23:10 - mmengine - INFO - paramwise_options -- backbone.text_model.model.encoder.layer.11.intermediate.dense.weight:lr=2.0000000000000003e-06
07/10 03:23:10 - mmengine - INFO - paramwise_options -- backbone.text_model.model.encoder.layer.11.intermediate.dense.weight:weight_decay=0.05
07/10 03:23:10 - mmengine - INFO - paramwise_options -- backbone.text_model.model.encoder.layer.11.intermediate.dense.weight:lr_mult=0.1
07/10 03:23:10 - mmengine - INFO - paramwise_options -- backbone.text_model.model.encoder.layer.11.intermediate.dense.bias:num of params=3072
07/10 03:23:10 - mmengine - INFO - paramwise_options -- backbone.text_model.model.encoder.layer.11.intermediate.dense.bias:lr=2.0000000000000003e-06
07/10 03:23:10 - mmengine - INFO - paramwise_options -- backbone.text_model.model.encoder.layer.11.intermediate.dense.bias:weight_decay=0.05
07/10 03:23:10 - mmengine - INFO - paramwise_options -- backbone.text_model.model.encoder.layer.11.intermediate.dense.bias:lr_mult=0.1
07/10 03:23:10 - mmengine - INFO - paramwise_options -- backbone.text_model.model.encoder.layer.11.output.dense.weight:num of params=2359296
07/10 03:23:10 - mmengine - INFO - paramwise_options -- backbone.text_model.model.encoder.layer.11.output.dense.weight:lr=2.0000000000000003e-06
07/10 03:23:10 - mmengine - INFO - paramwise_options -- backbone.text_model.model.encoder.layer.11.output.dense.weight:weight_decay=0.05
07/10 03:23:10 - mmengine - INFO - paramwise_options -- backbone.text_model.model.encoder.layer.11.output.dense.weight:lr_mult=0.1
07/10 03:23:10 - mmengine - INFO - paramwise_options -- backbone.text_model.model.encoder.layer.11.output.dense.bias:num of params=768
07/10 03:23:10 - mmengine - INFO - paramwise_options -- backbone.text_model.model.encoder.layer.11.output.dense.bias:lr=2.0000000000000003e-06
07/10 03:23:10 - mmengine - INFO - paramwise_options -- backbone.text_model.model.encoder.layer.11.output.dense.bias:weight_decay=0.05
07/10 03:23:10 - mmengine - INFO - paramwise_options -- backbone.text_model.model.encoder.layer.11.output.dense.bias:lr_mult=0.1
07/10 03:23:10 - mmengine - INFO - paramwise_options -- backbone.text_model.model.encoder.layer.11.output.LayerNorm.weight:num of params=768
07/10 03:23:10 - mmengine - INFO - paramwise_options -- backbone.text_model.model.encoder.layer.11.output.LayerNorm.weight:lr=2.0000000000000003e-06
07/10 03:23:10 - mmengine - INFO - paramwise_options -- backbone.text_model.model.encoder.layer.11.output.LayerNorm.weight:weight_decay=0.05
07/10 03:23:10 - mmengine - INFO - paramwise_options -- backbone.text_model.model.encoder.layer.11.output.LayerNorm.weight:lr_mult=0.1
07/10 03:23:10 - mmengine - INFO - paramwise_options -- backbone.text_model.model.encoder.layer.11.output.LayerNorm.bias:num of params=768
07/10 03:23:10 - mmengine - INFO - paramwise_options -- backbone.text_model.model.encoder.layer.11.output.LayerNorm.bias:lr=2.0000000000000003e-06
07/10 03:23:10 - mmengine - INFO - paramwise_options -- backbone.text_model.model.encoder.layer.11.output.LayerNorm.bias:weight_decay=0.05
07/10 03:23:10 - mmengine - INFO - paramwise_options -- backbone.text_model.model.encoder.layer.11.output.LayerNorm.bias:lr_mult=0.1
07/10 03:23:10 - mmengine - INFO - paramwise_options -- backbone.text_model.model.pooler.dense.weight:num of params=589824
07/10 03:23:10 - mmengine - INFO - paramwise_options -- backbone.text_model.model.pooler.dense.weight:lr=2.0000000000000003e-06
07/10 03:23:10 - mmengine - INFO - paramwise_options -- backbone.text_model.model.pooler.dense.weight:weight_decay=0.05
07/10 03:23:10 - mmengine - INFO - paramwise_options -- backbone.text_model.model.pooler.dense.weight:lr_mult=0.1
07/10 03:23:10 - mmengine - INFO - paramwise_options -- backbone.text_model.model.pooler.dense.bias:num of params=768
07/10 03:23:10 - mmengine - INFO - paramwise_options -- backbone.text_model.model.pooler.dense.bias:lr=2.0000000000000003e-06
07/10 03:23:10 - mmengine - INFO - paramwise_options -- backbone.text_model.model.pooler.dense.bias:weight_decay=0.05
07/10 03:23:10 - mmengine - INFO - paramwise_options -- backbone.text_model.model.pooler.dense.bias:lr_mult=0.1
07/10 03:23:10 - mmengine - INFO - paramwise_options -- backbone.text_model.head.weight:num of params=589824
07/10 03:23:10 - mmengine - INFO - paramwise_options -- backbone.text_model.head.weight:lr=2.0000000000000003e-06
07/10 03:23:10 - mmengine - INFO - paramwise_options -- backbone.text_model.head.weight:weight_decay=0.05
07/10 03:23:10 - mmengine - INFO - paramwise_options -- backbone.text_model.head.weight:lr_mult=0.1
07/10 03:23:10 - mmengine - INFO - paramwise_options -- backbone.text_model.head.bias:num of params=768
07/10 03:23:10 - mmengine - INFO - paramwise_options -- backbone.text_model.head.bias:lr=2.0000000000000003e-06
07/10 03:23:10 - mmengine - INFO - paramwise_options -- backbone.text_model.head.bias:weight_decay=0.05
07/10 03:23:10 - mmengine - INFO - paramwise_options -- backbone.text_model.head.bias:lr_mult=0.1
07/10 03:23:10 - mmengine - INFO - paramwise_options -- neck.reduce_layer0.block.conv.weight:num of params=262144
07/10 03:23:10 - mmengine - INFO - paramwise_options -- neck.reduce_layer0.block.bn.weight:num of params=256
07/10 03:23:10 - mmengine - INFO - paramwise_options -- neck.reduce_layer0.block.bn.bias:num of params=256
07/10 03:23:10 - mmengine - INFO - paramwise_options -- neck.Bifusion0.cv1.block.conv.weight:num of params=131072
07/10 03:23:10 - mmengine - INFO - paramwise_options -- neck.Bifusion0.cv1.block.bn.weight:num of params=256
07/10 03:23:10 - mmengine - INFO - paramwise_options -- neck.Bifusion0.cv1.block.bn.bias:num of params=256
07/10 03:23:10 - mmengine - INFO - paramwise_options -- neck.Bifusion0.cv2.block.conv.weight:num of params=65536
07/10 03:23:10 - mmengine - INFO - paramwise_options -- neck.Bifusion0.cv2.block.bn.weight:num of params=256
07/10 03:23:10 - mmengine - INFO - paramwise_options -- neck.Bifusion0.cv2.block.bn.bias:num of params=256
07/10 03:23:10 - mmengine - INFO - paramwise_options -- neck.Bifusion0.cv3.block.conv.weight:num of params=196608
07/10 03:23:10 - mmengine - INFO - paramwise_options -- neck.Bifusion0.cv3.block.bn.weight:num of params=256
07/10 03:23:10 - mmengine - INFO - paramwise_options -- neck.Bifusion0.cv3.block.bn.bias:num of params=256
07/10 03:23:10 - mmengine - INFO - paramwise_options -- neck.Bifusion0.upsample.upsample_transpose.weight:num of params=262144
07/10 03:23:10 - mmengine - INFO - paramwise_options -- neck.Bifusion0.upsample.upsample_transpose.bias:num of params=256
07/10 03:23:10 - mmengine - INFO - paramwise_options -- neck.Bifusion0.downsample.block.conv.weight:num of params=589824
07/10 03:23:10 - mmengine - INFO - paramwise_options -- neck.Bifusion0.downsample.block.bn.weight:num of params=256
07/10 03:23:10 - mmengine - INFO - paramwise_options -- neck.Bifusion0.downsample.block.bn.bias:num of params=256
07/10 03:23:10 - mmengine - INFO - paramwise_options -- neck.Rep_p4.cv1.block.conv.weight:num of params=32768
07/10 03:23:10 - mmengine - INFO - paramwise_options -- neck.Rep_p4.cv1.block.bn.weight:num of params=128
07/10 03:23:10 - mmengine - INFO - paramwise_options -- neck.Rep_p4.cv1.block.bn.bias:num of params=128
07/10 03:23:10 - mmengine - INFO - paramwise_options -- neck.Rep_p4.cv2.block.conv.weight:num of params=32768
07/10 03:23:10 - mmengine - INFO - paramwise_options -- neck.Rep_p4.cv2.block.bn.weight:num of params=128
07/10 03:23:10 - mmengine - INFO - paramwise_options -- neck.Rep_p4.cv2.block.bn.bias:num of params=128
07/10 03:23:10 - mmengine - INFO - paramwise_options -- neck.Rep_p4.cv3.block.conv.weight:num of params=65536
07/10 03:23:10 - mmengine - INFO - paramwise_options -- neck.Rep_p4.cv3.block.bn.weight:num of params=256
07/10 03:23:10 - mmengine - INFO - paramwise_options -- neck.Rep_p4.cv3.block.bn.bias:num of params=256
07/10 03:23:10 - mmengine - INFO - paramwise_options -- neck.Rep_p4.m.conv1.alpha:num of params=1
07/10 03:23:10 - mmengine - INFO - paramwise_options -- neck.Rep_p4.m.conv1.conv1.block.conv.weight:num of params=147456
07/10 03:23:10 - mmengine - INFO - paramwise_options -- neck.Rep_p4.m.conv1.conv1.block.bn.weight:num of params=128
07/10 03:23:10 - mmengine - INFO - paramwise_options -- neck.Rep_p4.m.conv1.conv1.block.bn.bias:num of params=128
07/10 03:23:10 - mmengine - INFO - paramwise_options -- neck.Rep_p4.m.conv1.conv2.block.conv.weight:num of params=147456
07/10 03:23:10 - mmengine - INFO - paramwise_options -- neck.Rep_p4.m.conv1.conv2.block.bn.weight:num of params=128
07/10 03:23:10 - mmengine - INFO - paramwise_options -- neck.Rep_p4.m.conv1.conv2.block.bn.bias:num of params=128
07/10 03:23:10 - mmengine - INFO - paramwise_options -- neck.Rep_p4.m.block.0.alpha:num of params=1
07/10 03:23:10 - mmengine - INFO - paramwise_options -- neck.Rep_p4.m.block.0.conv1.block.conv.weight:num of params=147456
07/10 03:23:10 - mmengine - INFO - paramwise_options -- neck.Rep_p4.m.block.0.conv1.block.bn.weight:num of params=128
07/10 03:23:10 - mmengine - INFO - paramwise_options -- neck.Rep_p4.m.block.0.conv1.block.bn.bias:num of params=128
07/10 03:23:10 - mmengine - INFO - paramwise_options -- neck.Rep_p4.m.block.0.conv2.block.conv.weight:num of params=147456
07/10 03:23:10 - mmengine - INFO - paramwise_options -- neck.Rep_p4.m.block.0.conv2.block.bn.weight:num of params=128
07/10 03:23:10 - mmengine - INFO - paramwise_options -- neck.Rep_p4.m.block.0.conv2.block.bn.bias:num of params=128
07/10 03:23:10 - mmengine - INFO - paramwise_options -- neck.Rep_p4.m.block.1.alpha:num of params=1
07/10 03:23:10 - mmengine - INFO - paramwise_options -- neck.Rep_p4.m.block.1.conv1.block.conv.weight:num of params=147456
07/10 03:23:10 - mmengine - INFO - paramwise_options -- neck.Rep_p4.m.block.1.conv1.block.bn.weight:num of params=128
07/10 03:23:10 - mmengine - INFO - paramwise_options -- neck.Rep_p4.m.block.1.conv1.block.bn.bias:num of params=128
07/10 03:23:10 - mmengine - INFO - paramwise_options -- neck.Rep_p4.m.block.1.conv2.block.conv.weight:num of params=147456
07/10 03:23:10 - mmengine - INFO - paramwise_options -- neck.Rep_p4.m.block.1.conv2.block.bn.weight:num of params=128
07/10 03:23:10 - mmengine - INFO - paramwise_options -- neck.Rep_p4.m.block.1.conv2.block.bn.bias:num of params=128
07/10 03:23:10 - mmengine - INFO - paramwise_options -- neck.Rep_p4.m.block.2.alpha:num of params=1
07/10 03:23:10 - mmengine - INFO - paramwise_options -- neck.Rep_p4.m.block.2.conv1.block.conv.weight:num of params=147456
07/10 03:23:10 - mmengine - INFO - paramwise_options -- neck.Rep_p4.m.block.2.conv1.block.bn.weight:num of params=128
07/10 03:23:10 - mmengine - INFO - paramwise_options -- neck.Rep_p4.m.block.2.conv1.block.bn.bias:num of params=128
07/10 03:23:10 - mmengine - INFO - paramwise_options -- neck.Rep_p4.m.block.2.conv2.block.conv.weight:num of params=147456
07/10 03:23:10 - mmengine - INFO - paramwise_options -- neck.Rep_p4.m.block.2.conv2.block.bn.weight:num of params=128
07/10 03:23:10 - mmengine - INFO - paramwise_options -- neck.Rep_p4.m.block.2.conv2.block.bn.bias:num of params=128
07/10 03:23:10 - mmengine - INFO - paramwise_options -- neck.Rep_p4.m.block.3.alpha:num of params=1
07/10 03:23:10 - mmengine - INFO - paramwise_options -- neck.Rep_p4.m.block.3.conv1.block.conv.weight:num of params=147456
07/10 03:23:10 - mmengine - INFO - paramwise_options -- neck.Rep_p4.m.block.3.conv1.block.bn.weight:num of params=128
07/10 03:23:10 - mmengine - INFO - paramwise_options -- neck.Rep_p4.m.block.3.conv1.block.bn.bias:num of params=128
07/10 03:23:10 - mmengine - INFO - paramwise_options -- neck.Rep_p4.m.block.3.conv2.block.conv.weight:num of params=147456
07/10 03:23:10 - mmengine - INFO - paramwise_options -- neck.Rep_p4.m.block.3.conv2.block.bn.weight:num of params=128
07/10 03:23:10 - mmengine - INFO - paramwise_options -- neck.Rep_p4.m.block.3.conv2.block.bn.bias:num of params=128
07/10 03:23:10 - mmengine - INFO - paramwise_options -- neck.Rep_p4.m.block.4.alpha:num of params=1
07/10 03:23:10 - mmengine - INFO - paramwise_options -- neck.Rep_p4.m.block.4.conv1.block.conv.weight:num of params=147456
07/10 03:23:10 - mmengine - INFO - paramwise_options -- neck.Rep_p4.m.block.4.conv1.block.bn.weight:num of params=128
07/10 03:23:10 - mmengine - INFO - paramwise_options -- neck.Rep_p4.m.block.4.conv1.block.bn.bias:num of params=128
07/10 03:23:10 - mmengine - INFO - paramwise_options -- neck.Rep_p4.m.block.4.conv2.block.conv.weight:num of params=147456
07/10 03:23:10 - mmengine - INFO - paramwise_options -- neck.Rep_p4.m.block.4.conv2.block.bn.weight:num of params=128
07/10 03:23:10 - mmengine - INFO - paramwise_options -- neck.Rep_p4.m.block.4.conv2.block.bn.bias:num of params=128
07/10 03:23:10 - mmengine - INFO - paramwise_options -- neck.reduce_layer1.block.conv.weight:num of params=32768
07/10 03:23:10 - mmengine - INFO - paramwise_options -- neck.reduce_layer1.block.bn.weight:num of params=128
07/10 03:23:10 - mmengine - INFO - paramwise_options -- neck.reduce_layer1.block.bn.bias:num of params=128
07/10 03:23:10 - mmengine - INFO - paramwise_options -- neck.Bifusion1.cv1.block.conv.weight:num of params=32768
07/10 03:23:10 - mmengine - INFO - paramwise_options -- neck.Bifusion1.cv1.block.bn.weight:num of params=128
07/10 03:23:10 - mmengine - INFO - paramwise_options -- neck.Bifusion1.cv1.block.bn.bias:num of params=128
07/10 03:23:10 - mmengine - INFO - paramwise_options -- neck.Bifusion1.cv2.block.conv.weight:num of params=16384
07/10 03:23:10 - mmengine - INFO - paramwise_options -- neck.Bifusion1.cv2.block.bn.weight:num of params=128
07/10 03:23:10 - mmengine - INFO - paramwise_options -- neck.Bifusion1.cv2.block.bn.bias:num of params=128
07/10 03:23:10 - mmengine - INFO - paramwise_options -- neck.Bifusion1.cv3.block.conv.weight:num of params=49152
07/10 03:23:10 - mmengine - INFO - paramwise_options -- neck.Bifusion1.cv3.block.bn.weight:num of params=128
07/10 03:23:10 - mmengine - INFO - paramwise_options -- neck.Bifusion1.cv3.block.bn.bias:num of params=128
07/10 03:23:10 - mmengine - INFO - paramwise_options -- neck.Bifusion1.upsample.upsample_transpose.weight:num of params=65536
07/10 03:23:10 - mmengine - INFO - paramwise_options -- neck.Bifusion1.upsample.upsample_transpose.bias:num of params=128
07/10 03:23:10 - mmengine - INFO - paramwise_options -- neck.Bifusion1.downsample.block.conv.weight:num of params=147456
07/10 03:23:10 - mmengine - INFO - paramwise_options -- neck.Bifusion1.downsample.block.bn.weight:num of params=128
07/10 03:23:10 - mmengine - INFO - paramwise_options -- neck.Bifusion1.downsample.block.bn.bias:num of params=128
07/10 03:23:10 - mmengine - INFO - paramwise_options -- neck.Rep_p3.cv1.block.conv.weight:num of params=8192
07/10 03:23:10 - mmengine - INFO - paramwise_options -- neck.Rep_p3.cv1.block.bn.weight:num of params=64
07/10 03:23:10 - mmengine - INFO - paramwise_options -- neck.Rep_p3.cv1.block.bn.bias:num of params=64
07/10 03:23:10 - mmengine - INFO - paramwise_options -- neck.Rep_p3.cv2.block.conv.weight:num of params=8192
07/10 03:23:10 - mmengine - INFO - paramwise_options -- neck.Rep_p3.cv2.block.bn.weight:num of params=64
07/10 03:23:10 - mmengine - INFO - paramwise_options -- neck.Rep_p3.cv2.block.bn.bias:num of params=64
07/10 03:23:10 - mmengine - INFO - paramwise_options -- neck.Rep_p3.cv3.block.conv.weight:num of params=16384
07/10 03:23:10 - mmengine - INFO - paramwise_options -- neck.Rep_p3.cv3.block.bn.weight:num of params=128
07/10 03:23:10 - mmengine - INFO - paramwise_options -- neck.Rep_p3.cv3.block.bn.bias:num of params=128
07/10 03:23:10 - mmengine - INFO - paramwise_options -- neck.Rep_p3.m.conv1.alpha:num of params=1
07/10 03:23:10 - mmengine - INFO - paramwise_options -- neck.Rep_p3.m.conv1.conv1.block.conv.weight:num of params=36864
07/10 03:23:10 - mmengine - INFO - paramwise_options -- neck.Rep_p3.m.conv1.conv1.block.bn.weight:num of params=64
07/10 03:23:10 - mmengine - INFO - paramwise_options -- neck.Rep_p3.m.conv1.conv1.block.bn.bias:num of params=64
07/10 03:23:10 - mmengine - INFO - paramwise_options -- neck.Rep_p3.m.conv1.conv2.block.conv.weight:num of params=36864
07/10 03:23:10 - mmengine - INFO - paramwise_options -- neck.Rep_p3.m.conv1.conv2.block.bn.weight:num of params=64
07/10 03:23:10 - mmengine - INFO - paramwise_options -- neck.Rep_p3.m.conv1.conv2.block.bn.bias:num of params=64
07/10 03:23:10 - mmengine - INFO - paramwise_options -- neck.Rep_p3.m.block.0.alpha:num of params=1
07/10 03:23:10 - mmengine - INFO - paramwise_options -- neck.Rep_p3.m.block.0.conv1.block.conv.weight:num of params=36864
07/10 03:23:10 - mmengine - INFO - paramwise_options -- neck.Rep_p3.m.block.0.conv1.block.bn.weight:num of params=64
07/10 03:23:10 - mmengine - INFO - paramwise_options -- neck.Rep_p3.m.block.0.conv1.block.bn.bias:num of params=64
07/10 03:23:10 - mmengine - INFO - paramwise_options -- neck.Rep_p3.m.block.0.conv2.block.conv.weight:num of params=36864
07/10 03:23:10 - mmengine - INFO - paramwise_options -- neck.Rep_p3.m.block.0.conv2.block.bn.weight:num of params=64
07/10 03:23:10 - mmengine - INFO - paramwise_options -- neck.Rep_p3.m.block.0.conv2.block.bn.bias:num of params=64
07/10 03:23:10 - mmengine - INFO - paramwise_options -- neck.Rep_p3.m.block.1.alpha:num of params=1
07/10 03:23:10 - mmengine - INFO - paramwise_options -- neck.Rep_p3.m.block.1.conv1.block.conv.weight:num of params=36864
07/10 03:23:10 - mmengine - INFO - paramwise_options -- neck.Rep_p3.m.block.1.conv1.block.bn.weight:num of params=64
07/10 03:23:10 - mmengine - INFO - paramwise_options -- neck.Rep_p3.m.block.1.conv1.block.bn.bias:num of params=64
07/10 03:23:10 - mmengine - INFO - paramwise_options -- neck.Rep_p3.m.block.1.conv2.block.conv.weight:num of params=36864
07/10 03:23:10 - mmengine - INFO - paramwise_options -- neck.Rep_p3.m.block.1.conv2.block.bn.weight:num of params=64
07/10 03:23:10 - mmengine - INFO - paramwise_options -- neck.Rep_p3.m.block.1.conv2.block.bn.bias:num of params=64
07/10 03:23:10 - mmengine - INFO - paramwise_options -- neck.Rep_p3.m.block.2.alpha:num of params=1
07/10 03:23:10 - mmengine - INFO - paramwise_options -- neck.Rep_p3.m.block.2.conv1.block.conv.weight:num of params=36864
07/10 03:23:10 - mmengine - INFO - paramwise_options -- neck.Rep_p3.m.block.2.conv1.block.bn.weight:num of params=64
07/10 03:23:10 - mmengine - INFO - paramwise_options -- neck.Rep_p3.m.block.2.conv1.block.bn.bias:num of params=64
07/10 03:23:10 - mmengine - INFO - paramwise_options -- neck.Rep_p3.m.block.2.conv2.block.conv.weight:num of params=36864
07/10 03:23:10 - mmengine - INFO - paramwise_options -- neck.Rep_p3.m.block.2.conv2.block.bn.weight:num of params=64
07/10 03:23:10 - mmengine - INFO - paramwise_options -- neck.Rep_p3.m.block.2.conv2.block.bn.bias:num of params=64
07/10 03:23:10 - mmengine - INFO - paramwise_options -- neck.Rep_p3.m.block.3.alpha:num of params=1
07/10 03:23:10 - mmengine - INFO - paramwise_options -- neck.Rep_p3.m.block.3.conv1.block.conv.weight:num of params=36864
07/10 03:23:10 - mmengine - INFO - paramwise_options -- neck.Rep_p3.m.block.3.conv1.block.bn.weight:num of params=64
07/10 03:23:10 - mmengine - INFO - paramwise_options -- neck.Rep_p3.m.block.3.conv1.block.bn.bias:num of params=64
07/10 03:23:10 - mmengine - INFO - paramwise_options -- neck.Rep_p3.m.block.3.conv2.block.conv.weight:num of params=36864
07/10 03:23:10 - mmengine - INFO - paramwise_options -- neck.Rep_p3.m.block.3.conv2.block.bn.weight:num of params=64
07/10 03:23:10 - mmengine - INFO - paramwise_options -- neck.Rep_p3.m.block.3.conv2.block.bn.bias:num of params=64
07/10 03:23:10 - mmengine - INFO - paramwise_options -- neck.Rep_p3.m.block.4.alpha:num of params=1
07/10 03:23:10 - mmengine - INFO - paramwise_options -- neck.Rep_p3.m.block.4.conv1.block.conv.weight:num of params=36864
07/10 03:23:10 - mmengine - INFO - paramwise_options -- neck.Rep_p3.m.block.4.conv1.block.bn.weight:num of params=64
07/10 03:23:10 - mmengine - INFO - paramwise_options -- neck.Rep_p3.m.block.4.conv1.block.bn.bias:num of params=64
07/10 03:23:10 - mmengine - INFO - paramwise_options -- neck.Rep_p3.m.block.4.conv2.block.conv.weight:num of params=36864
07/10 03:23:10 - mmengine - INFO - paramwise_options -- neck.Rep_p3.m.block.4.conv2.block.bn.weight:num of params=64
07/10 03:23:10 - mmengine - INFO - paramwise_options -- neck.Rep_p3.m.block.4.conv2.block.bn.bias:num of params=64
07/10 03:23:10 - mmengine - INFO - paramwise_options -- neck.downsample2.block.conv.weight:num of params=147456
07/10 03:23:10 - mmengine - INFO - paramwise_options -- neck.downsample2.block.bn.weight:num of params=128
07/10 03:23:10 - mmengine - INFO - paramwise_options -- neck.downsample2.block.bn.bias:num of params=128
07/10 03:23:10 - mmengine - INFO - paramwise_options -- neck.Rep_n3.cv1.block.conv.weight:num of params=32768
07/10 03:23:10 - mmengine - INFO - paramwise_options -- neck.Rep_n3.cv1.block.bn.weight:num of params=128
07/10 03:23:10 - mmengine - INFO - paramwise_options -- neck.Rep_n3.cv1.block.bn.bias:num of params=128
07/10 03:23:10 - mmengine - INFO - paramwise_options -- neck.Rep_n3.cv2.block.conv.weight:num of params=32768
07/10 03:23:10 - mmengine - INFO - paramwise_options -- neck.Rep_n3.cv2.block.bn.weight:num of params=128
07/10 03:23:10 - mmengine - INFO - paramwise_options -- neck.Rep_n3.cv2.block.bn.bias:num of params=128
07/10 03:23:10 - mmengine - INFO - paramwise_options -- neck.Rep_n3.cv3.block.conv.weight:num of params=65536
07/10 03:23:10 - mmengine - INFO - paramwise_options -- neck.Rep_n3.cv3.block.bn.weight:num of params=256
07/10 03:23:10 - mmengine - INFO - paramwise_options -- neck.Rep_n3.cv3.block.bn.bias:num of params=256
07/10 03:23:10 - mmengine - INFO - paramwise_options -- neck.Rep_n3.m.conv1.alpha:num of params=1
07/10 03:23:10 - mmengine - INFO - paramwise_options -- neck.Rep_n3.m.conv1.conv1.block.conv.weight:num of params=147456
07/10 03:23:10 - mmengine - INFO - paramwise_options -- neck.Rep_n3.m.conv1.conv1.block.bn.weight:num of params=128
07/10 03:23:10 - mmengine - INFO - paramwise_options -- neck.Rep_n3.m.conv1.conv1.block.bn.bias:num of params=128
07/10 03:23:10 - mmengine - INFO - paramwise_options -- neck.Rep_n3.m.conv1.conv2.block.conv.weight:num of params=147456
07/10 03:23:10 - mmengine - INFO - paramwise_options -- neck.Rep_n3.m.conv1.conv2.block.bn.weight:num of params=128
07/10 03:23:10 - mmengine - INFO - paramwise_options -- neck.Rep_n3.m.conv1.conv2.block.bn.bias:num of params=128
07/10 03:23:10 - mmengine - INFO - paramwise_options -- neck.Rep_n3.m.block.0.alpha:num of params=1
07/10 03:23:10 - mmengine - INFO - paramwise_options -- neck.Rep_n3.m.block.0.conv1.block.conv.weight:num of params=147456
07/10 03:23:10 - mmengine - INFO - paramwise_options -- neck.Rep_n3.m.block.0.conv1.block.bn.weight:num of params=128
07/10 03:23:10 - mmengine - INFO - paramwise_options -- neck.Rep_n3.m.block.0.conv1.block.bn.bias:num of params=128
07/10 03:23:10 - mmengine - INFO - paramwise_options -- neck.Rep_n3.m.block.0.conv2.block.conv.weight:num of params=147456
07/10 03:23:10 - mmengine - INFO - paramwise_options -- neck.Rep_n3.m.block.0.conv2.block.bn.weight:num of params=128
07/10 03:23:10 - mmengine - INFO - paramwise_options -- neck.Rep_n3.m.block.0.conv2.block.bn.bias:num of params=128
07/10 03:23:10 - mmengine - INFO - paramwise_options -- neck.Rep_n3.m.block.1.alpha:num of params=1
07/10 03:23:10 - mmengine - INFO - paramwise_options -- neck.Rep_n3.m.block.1.conv1.block.conv.weight:num of params=147456
07/10 03:23:10 - mmengine - INFO - paramwise_options -- neck.Rep_n3.m.block.1.conv1.block.bn.weight:num of params=128
07/10 03:23:10 - mmengine - INFO - paramwise_options -- neck.Rep_n3.m.block.1.conv1.block.bn.bias:num of params=128
07/10 03:23:10 - mmengine - INFO - paramwise_options -- neck.Rep_n3.m.block.1.conv2.block.conv.weight:num of params=147456
07/10 03:23:10 - mmengine - INFO - paramwise_options -- neck.Rep_n3.m.block.1.conv2.block.bn.weight:num of params=128
07/10 03:23:10 - mmengine - INFO - paramwise_options -- neck.Rep_n3.m.block.1.conv2.block.bn.bias:num of params=128
07/10 03:23:10 - mmengine - INFO - paramwise_options -- neck.Rep_n3.m.block.2.alpha:num of params=1
07/10 03:23:10 - mmengine - INFO - paramwise_options -- neck.Rep_n3.m.block.2.conv1.block.conv.weight:num of params=147456
07/10 03:23:10 - mmengine - INFO - paramwise_options -- neck.Rep_n3.m.block.2.conv1.block.bn.weight:num of params=128
07/10 03:23:10 - mmengine - INFO - paramwise_options -- neck.Rep_n3.m.block.2.conv1.block.bn.bias:num of params=128
07/10 03:23:10 - mmengine - INFO - paramwise_options -- neck.Rep_n3.m.block.2.conv2.block.conv.weight:num of params=147456
07/10 03:23:10 - mmengine - INFO - paramwise_options -- neck.Rep_n3.m.block.2.conv2.block.bn.weight:num of params=128
07/10 03:23:10 - mmengine - INFO - paramwise_options -- neck.Rep_n3.m.block.2.conv2.block.bn.bias:num of params=128
07/10 03:23:10 - mmengine - INFO - paramwise_options -- neck.Rep_n3.m.block.3.alpha:num of params=1
07/10 03:23:10 - mmengine - INFO - paramwise_options -- neck.Rep_n3.m.block.3.conv1.block.conv.weight:num of params=147456
07/10 03:23:10 - mmengine - INFO - paramwise_options -- neck.Rep_n3.m.block.3.conv1.block.bn.weight:num of params=128
07/10 03:23:10 - mmengine - INFO - paramwise_options -- neck.Rep_n3.m.block.3.conv1.block.bn.bias:num of params=128
07/10 03:23:10 - mmengine - INFO - paramwise_options -- neck.Rep_n3.m.block.3.conv2.block.conv.weight:num of params=147456
07/10 03:23:10 - mmengine - INFO - paramwise_options -- neck.Rep_n3.m.block.3.conv2.block.bn.weight:num of params=128
07/10 03:23:10 - mmengine - INFO - paramwise_options -- neck.Rep_n3.m.block.3.conv2.block.bn.bias:num of params=128
07/10 03:23:10 - mmengine - INFO - paramwise_options -- neck.Rep_n3.m.block.4.alpha:num of params=1
07/10 03:23:10 - mmengine - INFO - paramwise_options -- neck.Rep_n3.m.block.4.conv1.block.conv.weight:num of params=147456
07/10 03:23:10 - mmengine - INFO - paramwise_options -- neck.Rep_n3.m.block.4.conv1.block.bn.weight:num of params=128
07/10 03:23:10 - mmengine - INFO - paramwise_options -- neck.Rep_n3.m.block.4.conv1.block.bn.bias:num of params=128
07/10 03:23:10 - mmengine - INFO - paramwise_options -- neck.Rep_n3.m.block.4.conv2.block.conv.weight:num of params=147456
07/10 03:23:10 - mmengine - INFO - paramwise_options -- neck.Rep_n3.m.block.4.conv2.block.bn.weight:num of params=128
07/10 03:23:10 - mmengine - INFO - paramwise_options -- neck.Rep_n3.m.block.4.conv2.block.bn.bias:num of params=128
07/10 03:23:10 - mmengine - INFO - paramwise_options -- neck.downsample1.block.conv.weight:num of params=589824
07/10 03:23:10 - mmengine - INFO - paramwise_options -- neck.downsample1.block.bn.weight:num of params=256
07/10 03:23:10 - mmengine - INFO - paramwise_options -- neck.downsample1.block.bn.bias:num of params=256
07/10 03:23:10 - mmengine - INFO - paramwise_options -- neck.Rep_n4.cv1.block.conv.weight:num of params=131072
07/10 03:23:10 - mmengine - INFO - paramwise_options -- neck.Rep_n4.cv1.block.bn.weight:num of params=256
07/10 03:23:10 - mmengine - INFO - paramwise_options -- neck.Rep_n4.cv1.block.bn.bias:num of params=256
07/10 03:23:10 - mmengine - INFO - paramwise_options -- neck.Rep_n4.cv2.block.conv.weight:num of params=131072
07/10 03:23:10 - mmengine - INFO - paramwise_options -- neck.Rep_n4.cv2.block.bn.weight:num of params=256
07/10 03:23:10 - mmengine - INFO - paramwise_options -- neck.Rep_n4.cv2.block.bn.bias:num of params=256
07/10 03:23:10 - mmengine - INFO - paramwise_options -- neck.Rep_n4.cv3.block.conv.weight:num of params=262144
07/10 03:23:10 - mmengine - INFO - paramwise_options -- neck.Rep_n4.cv3.block.bn.weight:num of params=512
07/10 03:23:10 - mmengine - INFO - paramwise_options -- neck.Rep_n4.cv3.block.bn.bias:num of params=512
07/10 03:23:10 - mmengine - INFO - paramwise_options -- neck.Rep_n4.m.conv1.alpha:num of params=1
07/10 03:23:10 - mmengine - INFO - paramwise_options -- neck.Rep_n4.m.conv1.conv1.block.conv.weight:num of params=589824
07/10 03:23:10 - mmengine - INFO - paramwise_options -- neck.Rep_n4.m.conv1.conv1.block.bn.weight:num of params=256
07/10 03:23:10 - mmengine - INFO - paramwise_options -- neck.Rep_n4.m.conv1.conv1.block.bn.bias:num of params=256
07/10 03:23:10 - mmengine - INFO - paramwise_options -- neck.Rep_n4.m.conv1.conv2.block.conv.weight:num of params=589824
07/10 03:23:10 - mmengine - INFO - paramwise_options -- neck.Rep_n4.m.conv1.conv2.block.bn.weight:num of params=256
07/10 03:23:10 - mmengine - INFO - paramwise_options -- neck.Rep_n4.m.conv1.conv2.block.bn.bias:num of params=256
07/10 03:23:10 - mmengine - INFO - paramwise_options -- neck.Rep_n4.m.block.0.alpha:num of params=1
07/10 03:23:10 - mmengine - INFO - paramwise_options -- neck.Rep_n4.m.block.0.conv1.block.conv.weight:num of params=589824
07/10 03:23:10 - mmengine - INFO - paramwise_options -- neck.Rep_n4.m.block.0.conv1.block.bn.weight:num of params=256
07/10 03:23:10 - mmengine - INFO - paramwise_options -- neck.Rep_n4.m.block.0.conv1.block.bn.bias:num of params=256
07/10 03:23:10 - mmengine - INFO - paramwise_options -- neck.Rep_n4.m.block.0.conv2.block.conv.weight:num of params=589824
07/10 03:23:10 - mmengine - INFO - paramwise_options -- neck.Rep_n4.m.block.0.conv2.block.bn.weight:num of params=256
07/10 03:23:10 - mmengine - INFO - paramwise_options -- neck.Rep_n4.m.block.0.conv2.block.bn.bias:num of params=256
07/10 03:23:10 - mmengine - INFO - paramwise_options -- neck.Rep_n4.m.block.1.alpha:num of params=1
07/10 03:23:10 - mmengine - INFO - paramwise_options -- neck.Rep_n4.m.block.1.conv1.block.conv.weight:num of params=589824
07/10 03:23:10 - mmengine - INFO - paramwise_options -- neck.Rep_n4.m.block.1.conv1.block.bn.weight:num of params=256
07/10 03:23:10 - mmengine - INFO - paramwise_options -- neck.Rep_n4.m.block.1.conv1.block.bn.bias:num of params=256
07/10 03:23:10 - mmengine - INFO - paramwise_options -- neck.Rep_n4.m.block.1.conv2.block.conv.weight:num of params=589824
07/10 03:23:10 - mmengine - INFO - paramwise_options -- neck.Rep_n4.m.block.1.conv2.block.bn.weight:num of params=256
07/10 03:23:10 - mmengine - INFO - paramwise_options -- neck.Rep_n4.m.block.1.conv2.block.bn.bias:num of params=256
07/10 03:23:10 - mmengine - INFO - paramwise_options -- neck.Rep_n4.m.block.2.alpha:num of params=1
07/10 03:23:10 - mmengine - INFO - paramwise_options -- neck.Rep_n4.m.block.2.conv1.block.conv.weight:num of params=589824
07/10 03:23:10 - mmengine - INFO - paramwise_options -- neck.Rep_n4.m.block.2.conv1.block.bn.weight:num of params=256
07/10 03:23:10 - mmengine - INFO - paramwise_options -- neck.Rep_n4.m.block.2.conv1.block.bn.bias:num of params=256
07/10 03:23:10 - mmengine - INFO - paramwise_options -- neck.Rep_n4.m.block.2.conv2.block.conv.weight:num of params=589824
07/10 03:23:10 - mmengine - INFO - paramwise_options -- neck.Rep_n4.m.block.2.conv2.block.bn.weight:num of params=256
07/10 03:23:10 - mmengine - INFO - paramwise_options -- neck.Rep_n4.m.block.2.conv2.block.bn.bias:num of params=256
07/10 03:23:10 - mmengine - INFO - paramwise_options -- neck.Rep_n4.m.block.3.alpha:num of params=1
07/10 03:23:10 - mmengine - INFO - paramwise_options -- neck.Rep_n4.m.block.3.conv1.block.conv.weight:num of params=589824
07/10 03:23:10 - mmengine - INFO - paramwise_options -- neck.Rep_n4.m.block.3.conv1.block.bn.weight:num of params=256
07/10 03:23:10 - mmengine - INFO - paramwise_options -- neck.Rep_n4.m.block.3.conv1.block.bn.bias:num of params=256
07/10 03:23:10 - mmengine - INFO - paramwise_options -- neck.Rep_n4.m.block.3.conv2.block.conv.weight:num of params=589824
07/10 03:23:10 - mmengine - INFO - paramwise_options -- neck.Rep_n4.m.block.3.conv2.block.bn.weight:num of params=256
07/10 03:23:10 - mmengine - INFO - paramwise_options -- neck.Rep_n4.m.block.3.conv2.block.bn.bias:num of params=256
07/10 03:23:10 - mmengine - INFO - paramwise_options -- neck.Rep_n4.m.block.4.alpha:num of params=1
07/10 03:23:10 - mmengine - INFO - paramwise_options -- neck.Rep_n4.m.block.4.conv1.block.conv.weight:num of params=589824
07/10 03:23:10 - mmengine - INFO - paramwise_options -- neck.Rep_n4.m.block.4.conv1.block.bn.weight:num of params=256
07/10 03:23:10 - mmengine - INFO - paramwise_options -- neck.Rep_n4.m.block.4.conv1.block.bn.bias:num of params=256
07/10 03:23:10 - mmengine - INFO - paramwise_options -- neck.Rep_n4.m.block.4.conv2.block.conv.weight:num of params=589824
07/10 03:23:10 - mmengine - INFO - paramwise_options -- neck.Rep_n4.m.block.4.conv2.block.bn.weight:num of params=256
07/10 03:23:10 - mmengine - INFO - paramwise_options -- neck.Rep_n4.m.block.4.conv2.block.bn.bias:num of params=256
07/10 03:23:10 - mmengine - INFO - paramwise_options -- bbox_head.head_module.cls_preds.0.0.conv.weight:num of params=294912
07/10 03:23:10 - mmengine - INFO - paramwise_options -- bbox_head.head_module.cls_preds.0.0.bn.weight:num of params=256
07/10 03:23:10 - mmengine - INFO - paramwise_options -- bbox_head.head_module.cls_preds.0.0.bn.bias:num of params=256
07/10 03:23:10 - mmengine - INFO - paramwise_options -- bbox_head.head_module.cls_preds.0.1.conv.weight:num of params=589824
07/10 03:23:10 - mmengine - INFO - paramwise_options -- bbox_head.head_module.cls_preds.0.1.bn.weight:num of params=256
07/10 03:23:10 - mmengine - INFO - paramwise_options -- bbox_head.head_module.cls_preds.0.1.bn.bias:num of params=256
07/10 03:23:10 - mmengine - INFO - paramwise_options -- bbox_head.head_module.cls_preds.0.2.weight:num of params=196608
07/10 03:23:10 - mmengine - INFO - paramwise_options -- bbox_head.head_module.cls_preds.0.2.bias:num of params=768
07/10 03:23:10 - mmengine - INFO - paramwise_options -- bbox_head.head_module.cls_preds.1.0.conv.weight:num of params=589824
07/10 03:23:10 - mmengine - INFO - paramwise_options -- bbox_head.head_module.cls_preds.1.0.bn.weight:num of params=256
07/10 03:23:10 - mmengine - INFO - paramwise_options -- bbox_head.head_module.cls_preds.1.0.bn.bias:num of params=256
07/10 03:23:10 - mmengine - INFO - paramwise_options -- bbox_head.head_module.cls_preds.1.1.conv.weight:num of params=589824
07/10 03:23:10 - mmengine - INFO - paramwise_options -- bbox_head.head_module.cls_preds.1.1.bn.weight:num of params=256
07/10 03:23:10 - mmengine - INFO - paramwise_options -- bbox_head.head_module.cls_preds.1.1.bn.bias:num of params=256
07/10 03:23:10 - mmengine - INFO - paramwise_options -- bbox_head.head_module.cls_preds.1.2.weight:num of params=196608
07/10 03:23:10 - mmengine - INFO - paramwise_options -- bbox_head.head_module.cls_preds.1.2.bias:num of params=768
07/10 03:23:10 - mmengine - INFO - paramwise_options -- bbox_head.head_module.cls_preds.2.0.conv.weight:num of params=1179648
07/10 03:23:10 - mmengine - INFO - paramwise_options -- bbox_head.head_module.cls_preds.2.0.bn.weight:num of params=256
07/10 03:23:10 - mmengine - INFO - paramwise_options -- bbox_head.head_module.cls_preds.2.0.bn.bias:num of params=256
07/10 03:23:10 - mmengine - INFO - paramwise_options -- bbox_head.head_module.cls_preds.2.1.conv.weight:num of params=589824
07/10 03:23:10 - mmengine - INFO - paramwise_options -- bbox_head.head_module.cls_preds.2.1.bn.weight:num of params=256
07/10 03:23:10 - mmengine - INFO - paramwise_options -- bbox_head.head_module.cls_preds.2.1.bn.bias:num of params=256
07/10 03:23:10 - mmengine - INFO - paramwise_options -- bbox_head.head_module.cls_preds.2.2.weight:num of params=196608
07/10 03:23:10 - mmengine - INFO - paramwise_options -- bbox_head.head_module.cls_preds.2.2.bias:num of params=768
07/10 03:23:10 - mmengine - INFO - paramwise_options -- bbox_head.head_module.reg_preds.0.0.conv.weight:num of params=73728
07/10 03:23:10 - mmengine - INFO - paramwise_options -- bbox_head.head_module.reg_preds.0.0.bn.weight:num of params=64
07/10 03:23:10 - mmengine - INFO - paramwise_options -- bbox_head.head_module.reg_preds.0.0.bn.bias:num of params=64
07/10 03:23:10 - mmengine - INFO - paramwise_options -- bbox_head.head_module.reg_preds.0.1.conv.weight:num of params=36864
07/10 03:23:10 - mmengine - INFO - paramwise_options -- bbox_head.head_module.reg_preds.0.1.bn.weight:num of params=64
07/10 03:23:10 - mmengine - INFO - paramwise_options -- bbox_head.head_module.reg_preds.0.1.bn.bias:num of params=64
07/10 03:23:10 - mmengine - INFO - paramwise_options -- bbox_head.head_module.reg_preds.0.2.weight:num of params=4096
07/10 03:23:10 - mmengine - INFO - paramwise_options -- bbox_head.head_module.reg_preds.0.2.bias:num of params=64
07/10 03:23:10 - mmengine - INFO - paramwise_options -- bbox_head.head_module.reg_preds.1.0.conv.weight:num of params=147456
07/10 03:23:10 - mmengine - INFO - paramwise_options -- bbox_head.head_module.reg_preds.1.0.bn.weight:num of params=64
07/10 03:23:10 - mmengine - INFO - paramwise_options -- bbox_head.head_module.reg_preds.1.0.bn.bias:num of params=64
07/10 03:23:10 - mmengine - INFO - paramwise_options -- bbox_head.head_module.reg_preds.1.1.conv.weight:num of params=36864
07/10 03:23:10 - mmengine - INFO - paramwise_options -- bbox_head.head_module.reg_preds.1.1.bn.weight:num of params=64
07/10 03:23:10 - mmengine - INFO - paramwise_options -- bbox_head.head_module.reg_preds.1.1.bn.bias:num of params=64
07/10 03:23:10 - mmengine - INFO - paramwise_options -- bbox_head.head_module.reg_preds.1.2.weight:num of params=4096
07/10 03:23:10 - mmengine - INFO - paramwise_options -- bbox_head.head_module.reg_preds.1.2.bias:num of params=64
07/10 03:23:10 - mmengine - INFO - paramwise_options -- bbox_head.head_module.reg_preds.2.0.conv.weight:num of params=294912
07/10 03:23:10 - mmengine - INFO - paramwise_options -- bbox_head.head_module.reg_preds.2.0.bn.weight:num of params=64
07/10 03:23:10 - mmengine - INFO - paramwise_options -- bbox_head.head_module.reg_preds.2.0.bn.bias:num of params=64
07/10 03:23:10 - mmengine - INFO - paramwise_options -- bbox_head.head_module.reg_preds.2.1.conv.weight:num of params=36864
07/10 03:23:10 - mmengine - INFO - paramwise_options -- bbox_head.head_module.reg_preds.2.1.bn.weight:num of params=64
07/10 03:23:10 - mmengine - INFO - paramwise_options -- bbox_head.head_module.reg_preds.2.1.bn.bias:num of params=64
07/10 03:23:10 - mmengine - INFO - paramwise_options -- bbox_head.head_module.reg_preds.2.2.weight:num of params=4096
07/10 03:23:10 - mmengine - INFO - paramwise_options -- bbox_head.head_module.reg_preds.2.2.bias:num of params=64
07/10 03:23:10 - mmengine - INFO - paramwise_options -- bbox_head.head_module.cls_contrasts.0.bias:num of params=1
07/10 03:23:10 - mmengine - INFO - paramwise_options -- bbox_head.head_module.cls_contrasts.0.logit_scale:num of params=1
07/10 03:23:10 - mmengine - INFO - paramwise_options -- bbox_head.head_module.cls_contrasts.0.logit_scale:lr=2e-05
07/10 03:23:10 - mmengine - INFO - paramwise_options -- bbox_head.head_module.cls_contrasts.0.logit_scale:weight_decay=0.0
07/10 03:23:10 - mmengine - INFO - paramwise_options -- bbox_head.head_module.cls_contrasts.0.norm.weight:num of params=768
07/10 03:23:10 - mmengine - INFO - paramwise_options -- bbox_head.head_module.cls_contrasts.0.norm.bias:num of params=768
07/10 03:23:10 - mmengine - INFO - paramwise_options -- bbox_head.head_module.cls_contrasts.1.bias:num of params=1
07/10 03:23:10 - mmengine - INFO - paramwise_options -- bbox_head.head_module.cls_contrasts.1.logit_scale:num of params=1
07/10 03:23:10 - mmengine - INFO - paramwise_options -- bbox_head.head_module.cls_contrasts.1.logit_scale:lr=2e-05
07/10 03:23:10 - mmengine - INFO - paramwise_options -- bbox_head.head_module.cls_contrasts.1.logit_scale:weight_decay=0.0
07/10 03:23:10 - mmengine - INFO - paramwise_options -- bbox_head.head_module.cls_contrasts.1.norm.weight:num of params=768
07/10 03:23:10 - mmengine - INFO - paramwise_options -- bbox_head.head_module.cls_contrasts.1.norm.bias:num of params=768
07/10 03:23:10 - mmengine - INFO - paramwise_options -- bbox_head.head_module.cls_contrasts.2.bias:num of params=1
07/10 03:23:10 - mmengine - INFO - paramwise_options -- bbox_head.head_module.cls_contrasts.2.logit_scale:num of params=1
07/10 03:23:10 - mmengine - INFO - paramwise_options -- bbox_head.head_module.cls_contrasts.2.logit_scale:lr=2e-05
07/10 03:23:10 - mmengine - INFO - paramwise_options -- bbox_head.head_module.cls_contrasts.2.logit_scale:weight_decay=0.0
07/10 03:23:10 - mmengine - INFO - paramwise_options -- bbox_head.head_module.cls_contrasts.2.norm.weight:num of params=768
07/10 03:23:10 - mmengine - INFO - paramwise_options -- bbox_head.head_module.cls_contrasts.2.norm.bias:num of params=768
Done (t=0.41s)
creating index...
loading annotations into memory...
index created!
loading annotations into memory...
Done (t=0.39s)
creating index...
index created!
Done (t=0.39s)
creating index...
index created!
loading annotations into memory...
Done (t=0.36s)
creating index...
index created!
Loads checkpoint by local backend from path: work_dirs/oraldetect_v11dt_s2/epoch_4.pth
Loads checkpoint by local backend from path: work_dirs/oraldetect_v11dt_s2/epoch_4.pth
/home/siyuan/anaconda3/envs/wedetect_official/lib/python3.10/site-packages/mmengine/runner/checkpoint.py:347: FutureWarning: You are using `torch.load` with `weights_only=False` (the current default value), which uses the default pickle module implicitly. It is possible to construct malicious pickle data which will execute arbitrary code during unpickling (See https://github.com/pytorch/pytorch/blob/main/SECURITY.md#untrusted-models for more details). In a future release, the default value for `weights_only` will be flipped to `True`. This limits the functions that could be executed during unpickling. Arbitrary objects will no longer be allowed to be loaded via this mode unless they are explicitly allowlisted by the user via `torch.serialization.add_safe_globals`. We recommend you start setting `weights_only=True` for any use case where you don't have full control of the loaded file. Please open an issue on GitHub for any issues related to this experimental feature.
  checkpoint = torch.load(filename, map_location=map_location)
/home/siyuan/anaconda3/envs/wedetect_official/lib/python3.10/site-packages/mmengine/runner/checkpoint.py:347: FutureWarning: You are using `torch.load` with `weights_only=False` (the current default value), which uses the default pickle module implicitly. It is possible to construct malicious pickle data which will execute arbitrary code during unpickling (See https://github.com/pytorch/pytorch/blob/main/SECURITY.md#untrusted-models for more details). In a future release, the default value for `weights_only` will be flipped to `True`. This limits the functions that could be executed during unpickling. Arbitrary objects will no longer be allowed to be loaded via this mode unless they are explicitly allowlisted by the user via `torch.serialization.add_safe_globals`. We recommend you start setting `weights_only=True` for any use case where you don't have full control of the loaded file. Please open an issue on GitHub for any issues related to this experimental feature.
  checkpoint = torch.load(filename, map_location=map_location)
Loads checkpoint by local backend from path: work_dirs/oraldetect_v11dt_s2/epoch_4.pth
/home/siyuan/anaconda3/envs/wedetect_official/lib/python3.10/site-packages/mmengine/runner/checkpoint.py:347: FutureWarning: You are using `torch.load` with `weights_only=False` (the current default value), which uses the default pickle module implicitly. It is possible to construct malicious pickle data which will execute arbitrary code during unpickling (See https://github.com/pytorch/pytorch/blob/main/SECURITY.md#untrusted-models for more details). In a future release, the default value for `weights_only` will be flipped to `True`. This limits the functions that could be executed during unpickling. Arbitrary objects will no longer be allowed to be loaded via this mode unless they are explicitly allowlisted by the user via `torch.serialization.add_safe_globals`. We recommend you start setting `weights_only=True` for any use case where you don't have full control of the loaded file. Please open an issue on GitHub for any issues related to this experimental feature.
  checkpoint = torch.load(filename, map_location=map_location)
Loads checkpoint by local backend from path: work_dirs/oraldetect_v11dt_s2/epoch_4.pth
/home/siyuan/anaconda3/envs/wedetect_official/lib/python3.10/site-packages/mmengine/runner/checkpoint.py:347: FutureWarning: You are using `torch.load` with `weights_only=False` (the current default value), which uses the default pickle module implicitly. It is possible to construct malicious pickle data which will execute arbitrary code during unpickling (See https://github.com/pytorch/pytorch/blob/main/SECURITY.md#untrusted-models for more details). In a future release, the default value for `weights_only` will be flipped to `True`. This limits the functions that could be executed during unpickling. Arbitrary objects will no longer be allowed to be loaded via this mode unless they are explicitly allowlisted by the user via `torch.serialization.add_safe_globals`. We recommend you start setting `weights_only=True` for any use case where you don't have full control of the loaded file. Please open an issue on GitHub for any issues related to this experimental feature.
  checkpoint = torch.load(filename, map_location=map_location)
07/10 03:23:15 - mmengine - INFO - Load checkpoint from work_dirs/oraldetect_v11dt_s2/epoch_4.pth
07/10 03:23:15 - mmengine - WARNING - "FileClient" will be deprecated in future. Please use io functions in https://mmengine.readthedocs.io/en/latest/api/fileio.html#file-io
07/10 03:23:15 - mmengine - WARNING - "HardDiskBackend" is the alias of "LocalBackend" and the former will be deprecated in future.
07/10 03:23:15 - mmengine - INFO - Checkpoints will be saved to /home/siyuan/projects/LLMs/OralDetect-Family/WeDetect_repro/WeDetect/work_dirs/oraldetect_v11dt_s3.
/home/siyuan/anaconda3/envs/wedetect_official/lib/python3.10/site-packages/torch/functional.py:534: UserWarning: torch.meshgrid: in an upcoming release, it will be required to pass the indexing argument. (Triggered internally at ../aten/src/ATen/native/TensorShape.cpp:3595.)
  return _VF.meshgrid(tensors, **kwargs)  # type: ignore[attr-defined]
/home/siyuan/anaconda3/envs/wedetect_official/lib/python3.10/site-packages/torch/functional.py:534: UserWarning: torch.meshgrid: in an upcoming release, it will be required to pass the indexing argument. (Triggered internally at ../aten/src/ATen/native/TensorShape.cpp:3595.)
  return _VF.meshgrid(tensors, **kwargs)  # type: ignore[attr-defined]
/home/siyuan/anaconda3/envs/wedetect_official/lib/python3.10/site-packages/torch/functional.py:534: UserWarning: torch.meshgrid: in an upcoming release, it will be required to pass the indexing argument. (Triggered internally at ../aten/src/ATen/native/TensorShape.cpp:3595.)
  return _VF.meshgrid(tensors, **kwargs)  # type: ignore[attr-defined]
/home/siyuan/anaconda3/envs/wedetect_official/lib/python3.10/site-packages/torch/functional.py:534: UserWarning: torch.meshgrid: in an upcoming release, it will be required to pass the indexing argument. (Triggered internally at ../aten/src/ATen/native/TensorShape.cpp:3595.)
  return _VF.meshgrid(tensors, **kwargs)  # type: ignore[attr-defined]
07/10 03:24:11 - mmengine - INFO - Epoch(train)  [1][  50/1039]  base_lr: 9.9607e-07 lr: 9.9607e-07  eta: 3:51:19  time: 1.1177  data_time: 0.0311  memory: 28146  grad_norm: 3484.9141  loss: 164.8512  loss_cls: 108.4567  loss_bbox: 25.1577  loss_dfl: 31.2368
07/10 03:25:04 - mmengine - INFO - Epoch(train)  [1][ 100/1039]  base_lr: 1.9841e-06 lr: 1.9841e-06  eta: 3:45:16  time: 1.0681  data_time: 0.0084  memory: 27917  grad_norm: 1659.5442  loss: 142.5021  loss_cls: 86.7357  loss_bbox: 24.5283  loss_dfl: 31.2381
07/10 03:25:58 - mmengine - INFO - Epoch(train)  [1][ 150/1039]  base_lr: 2.9642e-06 lr: 2.9642e-06  eta: 3:42:51  time: 1.0709  data_time: 0.0079  memory: 27664  grad_norm: 1032.8610  loss: 123.6652  loss_cls: 66.1466  loss_bbox: 25.4829  loss_dfl: 32.0357
07/10 03:26:51 - mmengine - INFO - Epoch(train)  [1][ 200/1039]  base_lr: 3.9362e-06 lr: 3.9362e-06  eta: 3:41:04  time: 1.0684  data_time: 0.0079  memory: 27957  grad_norm: 767.9683  loss: 106.8314  loss_cls: 51.4019  loss_bbox: 24.2090  loss_dfl: 31.2205
07/10 03:27:45 - mmengine - INFO - Epoch(train)  [1][ 250/1039]  base_lr: 4.9002e-06 lr: 4.9002e-06  eta: 3:39:50  time: 1.0729  data_time: 0.0088  memory: 27604  grad_norm: 551.2450  loss: 98.9471  loss_cls: 43.5893  loss_bbox: 24.1821  loss_dfl: 31.1757
07/10 03:28:39 - mmengine - INFO - Epoch(train)  [1][ 300/1039]  base_lr: 5.8562e-06 lr: 5.8562e-06  eta: 3:38:36  time: 1.0697  data_time: 0.0086  memory: 27871  grad_norm: 548.5329  loss: 96.4488  loss_cls: 40.2147  loss_bbox: 24.6406  loss_dfl: 31.5935
07/10 03:29:32 - mmengine - INFO - Epoch(train)  [1][ 350/1039]  base_lr: 6.8042e-06 lr: 6.8042e-06  eta: 3:37:39  time: 1.0760  data_time: 0.0081  memory: 27851  grad_norm: 511.4566  loss: 94.1118  loss_cls: 38.0240  loss_bbox: 24.4930  loss_dfl: 31.5948
07/10 03:30:26 - mmengine - INFO - Epoch(train)  [1][ 400/1039]  base_lr: 7.7442e-06 lr: 7.7442e-06  eta: 3:36:37  time: 1.0726  data_time: 0.0080  memory: 27697  grad_norm: 542.7203  loss: 90.7598  loss_cls: 35.4438  loss_bbox: 24.2652  loss_dfl: 31.0508
07/10 03:31:19 - mmengine - INFO - Epoch(train)  [1][ 450/1039]  base_lr: 8.6762e-06 lr: 8.6762e-06  eta: 3:35:32  time: 1.0687  data_time: 0.0085  memory: 28071  grad_norm: 513.9925  loss: 87.8042  loss_cls: 33.4631  loss_bbox: 23.4571  loss_dfl: 30.8839
07/10 03:32:13 - mmengine - INFO - Epoch(train)  [1][ 500/1039]  base_lr: 9.6001e-06 lr: 9.6001e-06  eta: 3:34:35  time: 1.0730  data_time: 0.0082  memory: 27917  grad_norm: 523.9625  loss: 91.2675  loss_cls: 34.9687  loss_bbox: 24.7787  loss_dfl: 31.5201
07/10 03:33:07 - mmengine - INFO - Epoch(train)  [1][ 550/1039]  base_lr: 1.0516e-05 lr: 1.0516e-05  eta: 3:33:39  time: 1.0746  data_time: 0.0080  memory: 27597  grad_norm: 524.8527  loss: 88.0513  loss_cls: 32.4501  loss_bbox: 24.4180  loss_dfl: 31.1833
07/10 03:34:00 - mmengine - INFO - Epoch(train)  [1][ 600/1039]  base_lr: 1.1424e-05 lr: 1.1424e-05  eta: 3:32:40  time: 1.0698  data_time: 0.0080  memory: 27577  grad_norm: 519.4539  loss: 88.8632  loss_cls: 33.3686  loss_bbox: 24.1773  loss_dfl: 31.3173
07/10 03:34:54 - mmengine - INFO - Epoch(train)  [1][ 650/1039]  base_lr: 1.2324e-05 lr: 1.2324e-05  eta: 3:31:47  time: 1.0762  data_time: 0.0084  memory: 27911  grad_norm: 536.5002  loss: 86.3949  loss_cls: 31.5671  loss_bbox: 23.8788  loss_dfl: 30.9490
07/10 03:35:47 - mmengine - INFO - Epoch(train)  [1][ 700/1039]  base_lr: 1.3216e-05 lr: 1.3216e-05  eta: 3:30:47  time: 1.0683  data_time: 0.0080  memory: 27804  grad_norm: 568.6115  loss: 85.6331  loss_cls: 30.7691  loss_bbox: 23.8640  loss_dfl: 31.0000
07/10 03:36:41 - mmengine - INFO - Epoch(train)  [1][ 750/1039]  base_lr: 1.4100e-05 lr: 1.4100e-05  eta: 3:29:54  time: 1.0754  data_time: 0.0082  memory: 28237  grad_norm: 544.4473  loss: 86.1829  loss_cls: 30.3992  loss_bbox: 24.3331  loss_dfl: 31.4506
07/10 03:37:35 - mmengine - INFO - Epoch(train)  [1][ 800/1039]  base_lr: 1.4976e-05 lr: 1.4976e-05  eta: 3:29:01  time: 1.0753  data_time: 0.0084  memory: 27784  grad_norm: 527.5343  loss: 87.8150  loss_cls: 31.5429  loss_bbox: 24.5712  loss_dfl: 31.7009
07/10 03:38:29 - mmengine - INFO - Epoch(train)  [1][ 850/1039]  base_lr: 1.5843e-05 lr: 1.5843e-05  eta: 3:28:04  time: 1.0700  data_time: 0.0083  memory: 27731  grad_norm: 522.9316  loss: 84.1688  loss_cls: 29.3301  loss_bbox: 23.8137  loss_dfl: 31.0250
07/10 03:39:22 - mmengine - INFO - Epoch(train)  [1][ 900/1039]  base_lr: 1.6703e-05 lr: 1.6703e-05  eta: 3:27:09  time: 1.0734  data_time: 0.0083  memory: 27391  grad_norm: 529.7748  loss: 83.9140  loss_cls: 28.9410  loss_bbox: 23.5279  loss_dfl: 31.4451
07/10 03:40:16 - mmengine - INFO - Epoch(train)  [1][ 950/1039]  base_lr: 1.7555e-05 lr: 1.7555e-05  eta: 3:26:17  time: 1.0764  data_time: 0.0082  memory: 28351  grad_norm: 546.0127  loss: 84.3193  loss_cls: 29.1620  loss_bbox: 24.1284  loss_dfl: 31.0289
07/10 03:41:09 - mmengine - INFO - Exp name: wedetect_oraldetect_v11dt_s3_20260710_032254
07/10 03:41:09 - mmengine - INFO - Epoch(train)  [1][1000/1039]  base_lr: 1.8399e-05 lr: 1.8399e-05  eta: 3:25:20  time: 1.0697  data_time: 0.0081  memory: 27791  grad_norm: 528.2409  loss: 84.5502  loss_cls: 28.6092  loss_bbox: 24.6094  loss_dfl: 31.3315
07/10 03:41:51 - mmengine - INFO - Exp name: wedetect_oraldetect_v11dt_s3_20260710_032254
07/10 03:41:51 - mmengine - INFO - Saving checkpoint at 1 epochs
07/10 03:42:51 - mmengine - INFO - Epoch(train)  [2][  50/1039]  base_lr: 1.8256e-05 lr: 1.8256e-05  eta: 3:23:42  time: 1.0841  data_time: 0.0237  memory: 28004  grad_norm: 501.2887  loss: 83.7541  loss_cls: 28.0949  loss_bbox: 24.3661  loss_dfl: 31.2931
07/10 03:43:45 - mmengine - INFO - Epoch(train)  [2][ 100/1039]  base_lr: 1.8176e-05 lr: 1.8176e-05  eta: 3:22:50  time: 1.0775  data_time: 0.0067  memory: 27664  grad_norm: 477.9583  loss: 82.9911  loss_cls: 27.5518  loss_bbox: 24.0909  loss_dfl: 31.3484
07/10 03:44:39 - mmengine - INFO - Epoch(train)  [2][ 150/1039]  base_lr: 1.8096e-05 lr: 1.8096e-05  eta: 3:21:55  time: 1.0709  data_time: 0.0068  memory: 28237  grad_norm: 486.2830  loss: 83.8358  loss_cls: 27.8882  loss_bbox: 24.5589  loss_dfl: 31.3887
07/10 03:45:32 - mmengine - INFO - Epoch(train)  [2][ 200/1039]  base_lr: 1.8016e-05 lr: 1.8016e-05  eta: 3:20:59  time: 1.0694  data_time: 0.0064  memory: 27617  grad_norm: 500.0731  loss: 80.1427  loss_cls: 25.9885  loss_bbox: 23.2790  loss_dfl: 30.8752
07/10 03:46:26 - mmengine - INFO - Epoch(train)  [2][ 250/1039]  base_lr: 1.7936e-05 lr: 1.7936e-05  eta: 3:20:06  time: 1.0750  data_time: 0.0063  memory: 27484  grad_norm: 495.4332  loss: 80.5508  loss_cls: 25.8567  loss_bbox: 23.4991  loss_dfl: 31.1950
07/10 03:47:19 - mmengine - INFO - Epoch(train)  [2][ 300/1039]  base_lr: 1.7856e-05 lr: 1.7856e-05  eta: 3:19:09  time: 1.0673  data_time: 0.0061  memory: 27637  grad_norm: 524.9163  loss: 81.5702  loss_cls: 26.4521  loss_bbox: 23.8720  loss_dfl: 31.2461
07/10 03:48:13 - mmengine - INFO - Epoch(train)  [2][ 350/1039]  base_lr: 1.7776e-05 lr: 1.7776e-05  eta: 3:18:16  time: 1.0749  data_time: 0.0067  memory: 27611  grad_norm: 519.9894  loss: 82.2559  loss_cls: 26.6695  loss_bbox: 24.2301  loss_dfl: 31.3563
07/10 03:49:07 - mmengine - INFO - Epoch(train)  [2][ 400/1039]  base_lr: 1.7695e-05 lr: 1.7695e-05  eta: 3:17:28  time: 1.0870  data_time: 0.0071  memory: 27744  grad_norm: 510.3162  loss: 81.9816  loss_cls: 26.3751  loss_bbox: 24.3241  loss_dfl: 31.2823
07/10 03:50:01 - mmengine - INFO - Epoch(train)  [2][ 450/1039]  base_lr: 1.7615e-05 lr: 1.7615e-05  eta: 3:16:35  time: 1.0777  data_time: 0.0072  memory: 27657  grad_norm: 485.9147  loss: 80.8444  loss_cls: 25.9114  loss_bbox: 23.7111  loss_dfl: 31.2219
07/10 03:50:55 - mmengine - INFO - Epoch(train)  [2][ 500/1039]  base_lr: 1.7535e-05 lr: 1.7535e-05  eta: 3:15:45  time: 1.0847  data_time: 0.0066  memory: 27857  grad_norm: 457.3495  loss: 78.8340  loss_cls: 24.6773  loss_bbox: 23.2537  loss_dfl: 30.9030
07/10 03:51:49 - mmengine - INFO - Epoch(train)  [2][ 550/1039]  base_lr: 1.7455e-05 lr: 1.7455e-05  eta: 3:14:53  time: 1.0791  data_time: 0.0077  memory: 27991  grad_norm: 465.5450  loss: 81.9851  loss_cls: 26.1783  loss_bbox: 24.2805  loss_dfl: 31.5262
07/10 03:52:44 - mmengine - INFO - Epoch(train)  [2][ 600/1039]  base_lr: 1.7375e-05 lr: 1.7375e-05  eta: 3:14:03  time: 1.0852  data_time: 0.0076  memory: 27591  grad_norm: 436.2571  loss: 80.7695  loss_cls: 25.9628  loss_bbox: 23.7748  loss_dfl: 31.0319
07/10 03:53:38 - mmengine - INFO - Epoch(train)  [2][ 650/1039]  base_lr: 1.7295e-05 lr: 1.7295e-05  eta: 3:13:10  time: 1.0788  data_time: 0.0064  memory: 27977  grad_norm: 475.1186  loss: 80.4946  loss_cls: 25.0163  loss_bbox: 24.2858  loss_dfl: 31.1925
07/10 03:54:31 - mmengine - INFO - Epoch(train)  [2][ 700/1039]  base_lr: 1.7215e-05 lr: 1.7215e-05  eta: 3:12:14  time: 1.0678  data_time: 0.0060  memory: 27837  grad_norm: 453.8227  loss: 78.9603  loss_cls: 24.2572  loss_bbox: 23.5660  loss_dfl: 31.1371
07/10 03:55:25 - mmengine - INFO - Epoch(train)  [2][ 750/1039]  base_lr: 1.7134e-05 lr: 1.7134e-05  eta: 3:11:21  time: 1.0765  data_time: 0.0061  memory: 27497  grad_norm: 492.2036  loss: 78.9481  loss_cls: 24.0592  loss_bbox: 23.8909  loss_dfl: 30.9979
07/10 03:56:18 - mmengine - INFO - Epoch(train)  [2][ 800/1039]  base_lr: 1.7054e-05 lr: 1.7054e-05  eta: 3:10:25  time: 1.0691  data_time: 0.0062  memory: 28204  grad_norm: 473.5763  loss: 78.9888  loss_cls: 24.0507  loss_bbox: 23.6412  loss_dfl: 31.2968
07/10 03:57:12 - mmengine - INFO - Epoch(train)  [2][ 850/1039]  base_lr: 1.6974e-05 lr: 1.6974e-05  eta: 3:09:32  time: 1.0775  data_time: 0.0062  memory: 27764  grad_norm: 468.8656  loss: 78.4260  loss_cls: 24.1205  loss_bbox: 23.3492  loss_dfl: 30.9563
07/10 03:58:06 - mmengine - INFO - Epoch(train)  [2][ 900/1039]  base_lr: 1.6894e-05 lr: 1.6894e-05  eta: 3:08:38  time: 1.0760  data_time: 0.0062  memory: 27904  grad_norm: 493.3595  loss: 78.9960  loss_cls: 24.1454  loss_bbox: 23.7252  loss_dfl: 31.1253
07/10 03:59:00 - mmengine - INFO - Epoch(train)  [2][ 950/1039]  base_lr: 1.6814e-05 lr: 1.6814e-05  eta: 3:07:45  time: 1.0749  data_time: 0.0063  memory: 27644  grad_norm: 463.7575  loss: 79.1454  loss_cls: 24.4952  loss_bbox: 23.6569  loss_dfl: 30.9934
07/10 03:59:12 - mmengine - INFO - Exp name: wedetect_oraldetect_v11dt_s3_20260710_032254
07/10 03:59:54 - mmengine - INFO - Epoch(train)  [2][1000/1039]  base_lr: 1.6734e-05 lr: 1.6734e-05  eta: 3:06:54  time: 1.0859  data_time: 0.0064  memory: 27944  grad_norm: 486.3673  loss: 79.5711  loss_cls: 24.4571  loss_bbox: 23.7138  loss_dfl: 31.4002
07/10 04:00:35 - mmengine - INFO - Exp name: wedetect_oraldetect_v11dt_s3_20260710_032254
07/10 04:00:35 - mmengine - INFO - Saving checkpoint at 2 epochs
07/10 04:00:46 - mmengine - INFO - Epoch(val)  [2][  50/1131]    eta: 0:01:14  time: 0.0687  data_time: 0.0164  memory: 27977  
07/10 04:00:48 - mmengine - INFO - Epoch(val)  [2][ 100/1131]    eta: 0:00:59  time: 0.0462  data_time: 0.0007  memory: 3484  
07/10 04:00:52 - mmengine - INFO - Epoch(val)  [2][ 150/1131]    eta: 0:00:59  time: 0.0684  data_time: 0.0230  memory: 3484  
07/10 04:00:54 - mmengine - INFO - Epoch(val)  [2][ 200/1131]    eta: 0:00:54  time: 0.0507  data_time: 0.0059  memory: 3484  
07/10 04:00:56 - mmengine - INFO - Epoch(val)  [2][ 250/1131]    eta: 0:00:49  time: 0.0450  data_time: 0.0003  memory: 3484  
07/10 04:00:59 - mmengine - INFO - Epoch(val)  [2][ 300/1131]    eta: 0:00:45  time: 0.0492  data_time: 0.0042  memory: 3484  
07/10 04:01:01 - mmengine - INFO - Epoch(val)  [2][ 350/1131]    eta: 0:00:41  time: 0.0455  data_time: 0.0004  memory: 3484  
07/10 04:01:03 - mmengine - INFO - Epoch(val)  [2][ 400/1131]    eta: 0:00:38  time: 0.0456  data_time: 0.0004  memory: 3484  
07/10 04:01:06 - mmengine - INFO - Epoch(val)  [2][ 450/1131]    eta: 0:00:35  time: 0.0456  data_time: 0.0003  memory: 3484  
07/10 04:01:08 - mmengine - INFO - Epoch(val)  [2][ 500/1131]    eta: 0:00:32  time: 0.0455  data_time: 0.0003  memory: 3484  
07/10 04:01:10 - mmengine - INFO - Epoch(val)  [2][ 550/1131]    eta: 0:00:29  time: 0.0453  data_time: 0.0003  memory: 3484  
07/10 04:01:13 - mmengine - INFO - Epoch(val)  [2][ 600/1131]    eta: 0:00:26  time: 0.0522  data_time: 0.0004  memory: 3484  
07/10 04:01:15 - mmengine - INFO - Epoch(val)  [2][ 650/1131]    eta: 0:00:24  time: 0.0467  data_time: 0.0004  memory: 3484  
07/10 04:01:18 - mmengine - INFO - Epoch(val)  [2][ 700/1131]    eta: 0:00:21  time: 0.0463  data_time: 0.0007  memory: 3484  
07/10 04:01:20 - mmengine - INFO - Epoch(val)  [2][ 750/1131]    eta: 0:00:18  time: 0.0462  data_time: 0.0003  memory: 3484  
07/10 04:01:22 - mmengine - INFO - Epoch(val)  [2][ 800/1131]    eta: 0:00:16  time: 0.0476  data_time: 0.0006  memory: 3484  
07/10 04:01:24 - mmengine - INFO - Epoch(val)  [2][ 850/1131]    eta: 0:00:13  time: 0.0456  data_time: 0.0005  memory: 3484  
07/10 04:01:27 - mmengine - INFO - Epoch(val)  [2][ 900/1131]    eta: 0:00:11  time: 0.0466  data_time: 0.0013  memory: 3484  
07/10 04:01:29 - mmengine - INFO - Epoch(val)  [2][ 950/1131]    eta: 0:00:08  time: 0.0459  data_time: 0.0005  memory: 3484  
07/10 04:01:31 - mmengine - INFO - Epoch(val)  [2][1000/1131]    eta: 0:00:06  time: 0.0447  data_time: 0.0003  memory: 3484  
07/10 04:01:34 - mmengine - INFO - Epoch(val)  [2][1050/1131]    eta: 0:00:03  time: 0.0451  data_time: 0.0004  memory: 3484  
07/10 04:01:36 - mmengine - INFO - Epoch(val)  [2][1100/1131]    eta: 0:00:01  time: 0.0447  data_time: 0.0002  memory: 3484  
07/10 04:01:48 - mmengine - INFO - Evaluating bbox...
Loading and preparing results...
DONE (t=2.61s)
creating index...
index created!
Running per image evaluation...
Evaluate annotation type *bbox*
DONE (t=44.94s).
Accumulating evaluation results...
DONE (t=14.85s).
 Average Precision  (AP) @[ IoU=0.50:0.95 | area=   all | maxDets=100 ] = 0.569
 Average Precision  (AP) @[ IoU=0.50      | area=   all | maxDets=1000 ] = 0.699
 Average Precision  (AP) @[ IoU=0.75      | area=   all | maxDets=1000 ] = 0.641
 Average Precision  (AP) @[ IoU=0.50:0.95 | area= small | maxDets=1000 ] = 0.423
 Average Precision  (AP) @[ IoU=0.50:0.95 | area=medium | maxDets=1000 ] = 0.518
 Average Precision  (AP) @[ IoU=0.50:0.95 | area= large | maxDets=1000 ] = 0.678
 Average Recall     (AR) @[ IoU=0.50:0.95 | area=   all | maxDets=100 ] = 0.748
 Average Recall     (AR) @[ IoU=0.50:0.95 | area=   all | maxDets=300 ] = 0.748
 Average Recall     (AR) @[ IoU=0.50:0.95 | area=   all | maxDets=1000 ] = 0.748
 Average Recall     (AR) @[ IoU=0.50:0.95 | area= small | maxDets=1000 ] = 0.618
 Average Recall     (AR) @[ IoU=0.50:0.95 | area=medium | maxDets=1000 ] = 0.711
 Average Recall     (AR) @[ IoU=0.50:0.95 | area= large | maxDets=1000 ] = 0.827
07/10 04:02:55 - mmengine - INFO - bbox_mAP_copypaste: 0.569 0.699 0.641 0.423 0.518 0.678
07/10 04:02:56 - mmengine - INFO - Epoch(val) [2][1131/1131]    coco/bbox_mAP: 0.5690  coco/bbox_mAP_50: 0.6990  coco/bbox_mAP_75: 0.6410  coco/bbox_mAP_s: 0.4230  coco/bbox_mAP_m: 0.5180  coco/bbox_mAP_l: 0.6780  data_time: 0.0026  time: 0.0484
07/10 04:03:00 - mmengine - INFO - The best checkpoint with 0.5690 coco/bbox_mAP at 2 epoch is saved to best_coco_bbox_mAP_epoch_2.pth.
07/10 04:04:00 - mmengine - INFO - Epoch(train)  [3][  50/1039]  base_lr: 1.6591e-05 lr: 1.6591e-05  eta: 3:05:14  time: 1.0714  data_time: 0.0246  memory: 27884  grad_norm: 483.5392  loss: 78.4837  loss_cls: 23.7765  loss_bbox: 23.5904  loss_dfl: 31.1168
07/10 04:04:54 - mmengine - INFO - Epoch(train)  [3][ 100/1039]  base_lr: 1.6511e-05 lr: 1.6511e-05  eta: 3:04:19  time: 1.0712  data_time: 0.0064  memory: 27737  grad_norm: 520.8036  loss: 78.2705  loss_cls: 23.9203  loss_bbox: 23.1577  loss_dfl: 31.1925
07/10 04:05:47 - mmengine - INFO - Epoch(train)  [3][ 150/1039]  base_lr: 1.6431e-05 lr: 1.6431e-05  eta: 3:03:24  time: 1.0681  data_time: 0.0060  memory: 27671  grad_norm: 460.9458  loss: 77.7872  loss_cls: 23.4626  loss_bbox: 23.1908  loss_dfl: 31.1338
07/10 04:06:40 - mmengine - INFO - Epoch(train)  [3][ 200/1039]  base_lr: 1.6351e-05 lr: 1.6351e-05  eta: 3:02:28  time: 1.0636  data_time: 0.0059  memory: 28037  grad_norm: 472.4811  loss: 77.0742  loss_cls: 23.3403  loss_bbox: 22.9312  loss_dfl: 30.8028
07/10 04:07:34 - mmengine - INFO - Epoch(train)  [3][ 250/1039]  base_lr: 1.6271e-05 lr: 1.6271e-05  eta: 3:01:34  time: 1.0762  data_time: 0.0059  memory: 28044  grad_norm: 477.2612  loss: 78.1444  loss_cls: 23.1365  loss_bbox: 23.7345  loss_dfl: 31.2734
07/10 04:08:27 - mmengine - INFO - Epoch(train)  [3][ 300/1039]  base_lr: 1.6191e-05 lr: 1.6191e-05  eta: 3:00:39  time: 1.0650  data_time: 0.0058  memory: 27977  grad_norm: 452.9817  loss: 79.5469  loss_cls: 24.5189  loss_bbox: 23.7357  loss_dfl: 31.2922
07/10 04:09:21 - mmengine - INFO - Epoch(train)  [3][ 350/1039]  base_lr: 1.6110e-05 lr: 1.6110e-05  eta: 2:59:45  time: 1.0727  data_time: 0.0057  memory: 27997  grad_norm: 464.3540  loss: 78.5300  loss_cls: 23.5929  loss_bbox: 23.8175  loss_dfl: 31.1197
07/10 04:10:15 - mmengine - INFO - Epoch(train)  [3][ 400/1039]  base_lr: 1.6030e-05 lr: 1.6030e-05  eta: 2:58:51  time: 1.0727  data_time: 0.0056  memory: 28044  grad_norm: 442.0988  loss: 77.0102  loss_cls: 22.9038  loss_bbox: 23.2811  loss_dfl: 30.8253
07/10 04:11:08 - mmengine - INFO - Epoch(train)  [3][ 450/1039]  base_lr: 1.5950e-05 lr: 1.5950e-05  eta: 2:57:55  time: 1.0643  data_time: 0.0059  memory: 27871  grad_norm: 465.5162  loss: 76.9469  loss_cls: 22.5563  loss_bbox: 23.2713  loss_dfl: 31.1193
07/10 04:12:01 - mmengine - INFO - Epoch(train)  [3][ 500/1039]  base_lr: 1.5870e-05 lr: 1.5870e-05  eta: 2:57:01  time: 1.0719  data_time: 0.0057  memory: 27744  grad_norm: 458.9110  loss: 77.9984  loss_cls: 23.1584  loss_bbox: 23.7177  loss_dfl: 31.1223
07/10 04:12:55 - mmengine - INFO - Epoch(train)  [3][ 550/1039]  base_lr: 1.5790e-05 lr: 1.5790e-05  eta: 2:56:07  time: 1.0722  data_time: 0.0057  memory: 27537  grad_norm: 543.2309  loss: 76.0098  loss_cls: 22.3676  loss_bbox: 23.0284  loss_dfl: 30.6139
07/10 04:13:48 - mmengine - INFO - Epoch(train)  [3][ 600/1039]  base_lr: 1.5710e-05 lr: 1.5710e-05  eta: 2:55:12  time: 1.0689  data_time: 0.0058  memory: 27557  grad_norm: 458.8155  loss: 77.7901  loss_cls: 22.7741  loss_bbox: 23.7522  loss_dfl: 31.2638
07/10 04:14:42 - mmengine - INFO - Epoch(train)  [3][ 650/1039]  base_lr: 1.5630e-05 lr: 1.5630e-05  eta: 2:54:18  time: 1.0739  data_time: 0.0058  memory: 27844  grad_norm: 543.7727  loss: 76.6490  loss_cls: 22.6478  loss_bbox: 23.1540  loss_dfl: 30.8471
07/10 04:15:35 - mmengine - INFO - Epoch(train)  [3][ 700/1039]  base_lr: 1.5549e-05 lr: 1.5549e-05  eta: 2:53:23  time: 1.0660  data_time: 0.0057  memory: 27644  grad_norm: 468.6918  loss: 75.5179  loss_cls: 21.7252  loss_bbox: 22.7919  loss_dfl: 31.0009
07/10 04:16:29 - mmengine - INFO - Epoch(train)  [3][ 750/1039]  base_lr: 1.5469e-05 lr: 1.5469e-05  eta: 2:52:30  time: 1.0748  data_time: 0.0058  memory: 27911  grad_norm: 446.9935  loss: 77.8658  loss_cls: 23.4190  loss_bbox: 23.3520  loss_dfl: 31.0948
07/10 04:17:23 - mmengine - INFO - Epoch(train)  [3][ 800/1039]  base_lr: 1.5389e-05 lr: 1.5389e-05  eta: 2:51:36  time: 1.0702  data_time: 0.0059  memory: 27597  grad_norm: 497.3585  loss: 76.6906  loss_cls: 22.3241  loss_bbox: 23.2878  loss_dfl: 31.0787
07/10 04:18:16 - mmengine - INFO - Epoch(train)  [3][ 850/1039]  base_lr: 1.5309e-05 lr: 1.5309e-05  eta: 2:50:41  time: 1.0698  data_time: 0.0061  memory: 28091  grad_norm: 480.1556  loss: 76.5989  loss_cls: 22.2502  loss_bbox: 23.3788  loss_dfl: 30.9699
07/10 04:19:10 - mmengine - INFO - Epoch(train)  [3][ 900/1039]  base_lr: 1.5229e-05 lr: 1.5229e-05  eta: 2:49:48  time: 1.0761  data_time: 0.0059  memory: 27624  grad_norm: 463.7371  loss: 76.2975  loss_cls: 22.2478  loss_bbox: 23.0698  loss_dfl: 30.9800
07/10 04:19:33 - mmengine - INFO - Exp name: wedetect_oraldetect_v11dt_s3_20260710_032254
07/10 04:20:03 - mmengine - INFO - Epoch(train)  [3][ 950/1039]  base_lr: 1.5149e-05 lr: 1.5149e-05  eta: 2:48:54  time: 1.0697  data_time: 0.0062  memory: 28124  grad_norm: 477.7800  loss: 75.3060  loss_cls: 21.5719  loss_bbox: 22.9914  loss_dfl: 30.7427
07/10 04:20:57 - mmengine - INFO - Epoch(train)  [3][1000/1039]  base_lr: 1.5069e-05 lr: 1.5069e-05  eta: 2:48:00  time: 1.0697  data_time: 0.0062  memory: 28004  grad_norm: 458.9567  loss: 76.0108  loss_cls: 21.9782  loss_bbox: 23.0839  loss_dfl: 30.9487
07/10 04:21:38 - mmengine - INFO - Exp name: wedetect_oraldetect_v11dt_s3_20260710_032254
07/10 04:21:38 - mmengine - INFO - Saving checkpoint at 3 epochs
07/10 04:22:38 - mmengine - INFO - Epoch(train)  [4][  50/1039]  base_lr: 1.4926e-05 lr: 1.4926e-05  eta: 2:46:23  time: 1.0815  data_time: 0.0196  memory: 28431  grad_norm: 420.8326  loss: 74.6768  loss_cls: 21.1537  loss_bbox: 22.7124  loss_dfl: 30.8107
07/10 04:23:32 - mmengine - INFO - Epoch(train)  [4][ 100/1039]  base_lr: 1.4846e-05 lr: 1.4846e-05  eta: 2:45:28  time: 1.0688  data_time: 0.0060  memory: 28304  grad_norm: 440.8982  loss: 77.0686  loss_cls: 22.5213  loss_bbox: 23.4852  loss_dfl: 31.0621
07/10 04:24:25 - mmengine - INFO - Epoch(train)  [4][ 150/1039]  base_lr: 1.4766e-05 lr: 1.4766e-05  eta: 2:44:34  time: 1.0687  data_time: 0.0064  memory: 28017  grad_norm: 490.3230  loss: 77.3581  loss_cls: 22.5167  loss_bbox: 23.6813  loss_dfl: 31.1602
07/10 04:25:19 - mmengine - INFO - Epoch(train)  [4][ 200/1039]  base_lr: 1.4686e-05 lr: 1.4686e-05  eta: 2:43:40  time: 1.0720  data_time: 0.0064  memory: 27631  grad_norm: 446.3243  loss: 76.1539  loss_cls: 22.0148  loss_bbox: 23.1167  loss_dfl: 31.0224
07/10 04:26:12 - mmengine - INFO - Epoch(train)  [4][ 250/1039]  base_lr: 1.4606e-05 lr: 1.4606e-05  eta: 2:42:46  time: 1.0684  data_time: 0.0062  memory: 28151  grad_norm: 438.1025  loss: 76.2063  loss_cls: 22.0326  loss_bbox: 23.1875  loss_dfl: 30.9862
07/10 04:27:06 - mmengine - INFO - Epoch(train)  [4][ 300/1039]  base_lr: 1.4525e-05 lr: 1.4525e-05  eta: 2:41:52  time: 1.0689  data_time: 0.0063  memory: 27704  grad_norm: 483.6996  loss: 74.9596  loss_cls: 21.4787  loss_bbox: 22.7016  loss_dfl: 30.7792
07/10 04:27:59 - mmengine - INFO - Epoch(train)  [4][ 350/1039]  base_lr: 1.4445e-05 lr: 1.4445e-05  eta: 2:40:57  time: 1.0686  data_time: 0.0062  memory: 28197  grad_norm: 465.8493  loss: 75.4721  loss_cls: 21.6569  loss_bbox: 22.9752  loss_dfl: 30.8400
07/10 04:28:53 - mmengine - INFO - Epoch(train)  [4][ 400/1039]  base_lr: 1.4365e-05 lr: 1.4365e-05  eta: 2:40:03  time: 1.0683  data_time: 0.0060  memory: 28071  grad_norm: 436.8837  loss: 74.4582  loss_cls: 20.9787  loss_bbox: 22.6959  loss_dfl: 30.7836
07/10 04:29:46 - mmengine - INFO - Epoch(train)  [4][ 450/1039]  base_lr: 1.4285e-05 lr: 1.4285e-05  eta: 2:39:10  time: 1.0730  data_time: 0.0060  memory: 28291  grad_norm: 496.4833  loss: 72.8065  loss_cls: 20.1882  loss_bbox: 22.2937  loss_dfl: 30.3246
07/10 04:30:40 - mmengine - INFO - Epoch(train)  [4][ 500/1039]  base_lr: 1.4205e-05 lr: 1.4205e-05  eta: 2:38:15  time: 1.0687  data_time: 0.0060  memory: 27871  grad_norm: 451.5509  loss: 76.2331  loss_cls: 21.9412  loss_bbox: 23.3543  loss_dfl: 30.9376
07/10 04:31:33 - mmengine - INFO - Epoch(train)  [4][ 550/1039]  base_lr: 1.4125e-05 lr: 1.4125e-05  eta: 2:37:21  time: 1.0685  data_time: 0.0061  memory: 27857  grad_norm: 451.5886  loss: 74.1445  loss_cls: 20.9513  loss_bbox: 22.4432  loss_dfl: 30.7501
07/10 04:32:27 - mmengine - INFO - Epoch(train)  [4][ 600/1039]  base_lr: 1.4045e-05 lr: 1.4045e-05  eta: 2:36:28  time: 1.0734  data_time: 0.0062  memory: 27691  grad_norm: 459.8333  loss: 75.0335  loss_cls: 21.1691  loss_bbox: 22.9775  loss_dfl: 30.8870
07/10 04:33:20 - mmengine - INFO - Epoch(train)  [4][ 650/1039]  base_lr: 1.3964e-05 lr: 1.3964e-05  eta: 2:35:33  time: 1.0654  data_time: 0.0060  memory: 27624  grad_norm: 449.1626  loss: 74.8105  loss_cls: 20.8405  loss_bbox: 23.2613  loss_dfl: 30.7087
07/10 04:34:14 - mmengine - INFO - Epoch(train)  [4][ 700/1039]  base_lr: 1.3884e-05 lr: 1.3884e-05  eta: 2:34:40  time: 1.0735  data_time: 0.0061  memory: 27797  grad_norm: 481.9259  loss: 74.1238  loss_cls: 20.5896  loss_bbox: 22.8710  loss_dfl: 30.6632
07/10 04:35:07 - mmengine - INFO - Epoch(train)  [4][ 750/1039]  base_lr: 1.3804e-05 lr: 1.3804e-05  eta: 2:33:46  time: 1.0705  data_time: 0.0061  memory: 27897  grad_norm: 453.6230  loss: 74.2330  loss_cls: 20.6511  loss_bbox: 22.7132  loss_dfl: 30.8688
07/10 04:36:01 - mmengine - INFO - Epoch(train)  [4][ 800/1039]  base_lr: 1.3724e-05 lr: 1.3724e-05  eta: 2:32:52  time: 1.0704  data_time: 0.0061  memory: 27931  grad_norm: 571.8958  loss: 74.2170  loss_cls: 20.7534  loss_bbox: 22.9611  loss_dfl: 30.5025
07/10 04:36:55 - mmengine - INFO - Epoch(train)  [4][ 850/1039]  base_lr: 1.3644e-05 lr: 1.3644e-05  eta: 2:31:58  time: 1.0734  data_time: 0.0061  memory: 27711  grad_norm: 455.9576  loss: 74.1231  loss_cls: 20.5928  loss_bbox: 22.6455  loss_dfl: 30.8847
07/10 04:37:30 - mmengine - INFO - Exp name: wedetect_oraldetect_v11dt_s3_20260710_032254
07/10 04:37:48 - mmengine - INFO - Epoch(train)  [4][ 900/1039]  base_lr: 1.3564e-05 lr: 1.3564e-05  eta: 2:31:04  time: 1.0660  data_time: 0.0062  memory: 28117  grad_norm: 516.2064  loss: 73.9785  loss_cls: 20.5486  loss_bbox: 22.7958  loss_dfl: 30.6341
07/10 04:38:41 - mmengine - INFO - Epoch(train)  [4][ 950/1039]  base_lr: 1.3484e-05 lr: 1.3484e-05  eta: 2:30:10  time: 1.0718  data_time: 0.0061  memory: 28024  grad_norm: 446.2222  loss: 76.0536  loss_cls: 21.7033  loss_bbox: 23.4817  loss_dfl: 30.8687
07/10 04:39:35 - mmengine - INFO - Epoch(train)  [4][1000/1039]  base_lr: 1.3404e-05 lr: 1.3404e-05  eta: 2:29:16  time: 1.0701  data_time: 0.0060  memory: 27744  grad_norm: 441.7835  loss: 72.4357  loss_cls: 19.7177  loss_bbox: 22.0346  loss_dfl: 30.6834
07/10 04:40:16 - mmengine - INFO - Exp name: wedetect_oraldetect_v11dt_s3_20260710_032254
07/10 04:40:16 - mmengine - INFO - Saving checkpoint at 4 epochs
07/10 04:40:25 - mmengine - INFO - Epoch(val)  [4][  50/1131]    eta: 0:01:06  time: 0.0619  data_time: 0.0179  memory: 27544  
07/10 04:40:28 - mmengine - INFO - Epoch(val)  [4][ 100/1131]    eta: 0:00:54  time: 0.0447  data_time: 0.0003  memory: 3484  
07/10 04:40:31 - mmengine - INFO - Epoch(val)  [4][ 150/1131]    eta: 0:00:56  time: 0.0668  data_time: 0.0226  memory: 3484  
07/10 04:40:33 - mmengine - INFO - Epoch(val)  [4][ 200/1131]    eta: 0:00:52  time: 0.0509  data_time: 0.0067  memory: 3484  
07/10 04:40:36 - mmengine - INFO - Epoch(val)  [4][ 250/1131]    eta: 0:00:47  time: 0.0444  data_time: 0.0003  memory: 3484  
07/10 04:40:38 - mmengine - INFO - Epoch(val)  [4][ 300/1131]    eta: 0:00:44  time: 0.0491  data_time: 0.0050  memory: 3484  
07/10 04:40:40 - mmengine - INFO - Epoch(val)  [4][ 350/1131]    eta: 0:00:40  time: 0.0448  data_time: 0.0003  memory: 3484  
07/10 04:40:43 - mmengine - INFO - Epoch(val)  [4][ 400/1131]    eta: 0:00:37  time: 0.0449  data_time: 0.0003  memory: 3484  
07/10 04:40:45 - mmengine - INFO - Epoch(val)  [4][ 450/1131]    eta: 0:00:34  time: 0.0450  data_time: 0.0003  memory: 3484  
07/10 04:40:47 - mmengine - INFO - Epoch(val)  [4][ 500/1131]    eta: 0:00:31  time: 0.0448  data_time: 0.0003  memory: 3484  
07/10 04:40:49 - mmengine - INFO - Epoch(val)  [4][ 550/1131]    eta: 0:00:28  time: 0.0448  data_time: 0.0003  memory: 3484  
07/10 04:40:52 - mmengine - INFO - Epoch(val)  [4][ 600/1131]    eta: 0:00:25  time: 0.0449  data_time: 0.0003  memory: 3484  
07/10 04:40:54 - mmengine - INFO - Epoch(val)  [4][ 650/1131]    eta: 0:00:23  time: 0.0449  data_time: 0.0003  memory: 3484  
07/10 04:40:56 - mmengine - INFO - Epoch(val)  [4][ 700/1131]    eta: 0:00:20  time: 0.0448  data_time: 0.0003  memory: 3484  
07/10 04:40:58 - mmengine - INFO - Epoch(val)  [4][ 750/1131]    eta: 0:00:18  time: 0.0451  data_time: 0.0003  memory: 3484  
07/10 04:41:01 - mmengine - INFO - Epoch(val)  [4][ 800/1131]    eta: 0:00:15  time: 0.0451  data_time: 0.0003  memory: 3484  
07/10 04:41:03 - mmengine - INFO - Epoch(val)  [4][ 850/1131]    eta: 0:00:13  time: 0.0447  data_time: 0.0003  memory: 3484  
07/10 04:41:05 - mmengine - INFO - Epoch(val)  [4][ 900/1131]    eta: 0:00:11  time: 0.0461  data_time: 0.0017  memory: 3484  
07/10 04:41:07 - mmengine - INFO - Epoch(val)  [4][ 950/1131]    eta: 0:00:08  time: 0.0448  data_time: 0.0003  memory: 3484  
07/10 04:41:10 - mmengine - INFO - Epoch(val)  [4][1000/1131]    eta: 0:00:06  time: 0.0447  data_time: 0.0002  memory: 3484  
07/10 04:41:12 - mmengine - INFO - Epoch(val)  [4][1050/1131]    eta: 0:00:03  time: 0.0447  data_time: 0.0003  memory: 3484  
07/10 04:41:14 - mmengine - INFO - Epoch(val)  [4][1100/1131]    eta: 0:00:01  time: 0.0446  data_time: 0.0002  memory: 3484  
07/10 04:41:26 - mmengine - INFO - Evaluating bbox...
Loading and preparing results...
DONE (t=3.19s)
creating index...
index created!
Running per image evaluation...
Evaluate annotation type *bbox*
DONE (t=41.74s).
Accumulating evaluation results...
DONE (t=13.44s).
 Average Precision  (AP) @[ IoU=0.50:0.95 | area=   all | maxDets=100 ] = 0.583
 Average Precision  (AP) @[ IoU=0.50      | area=   all | maxDets=1000 ] = 0.711
 Average Precision  (AP) @[ IoU=0.75      | area=   all | maxDets=1000 ] = 0.654
 Average Precision  (AP) @[ IoU=0.50:0.95 | area= small | maxDets=1000 ] = 0.386
 Average Precision  (AP) @[ IoU=0.50:0.95 | area=medium | maxDets=1000 ] = 0.526
 Average Precision  (AP) @[ IoU=0.50:0.95 | area= large | maxDets=1000 ] = 0.699
 Average Recall     (AR) @[ IoU=0.50:0.95 | area=   all | maxDets=100 ] = 0.756
 Average Recall     (AR) @[ IoU=0.50:0.95 | area=   all | maxDets=300 ] = 0.756
 Average Recall     (AR) @[ IoU=0.50:0.95 | area=   all | maxDets=1000 ] = 0.756
 Average Recall     (AR) @[ IoU=0.50:0.95 | area= small | maxDets=1000 ] = 0.622
 Average Recall     (AR) @[ IoU=0.50:0.95 | area=medium | maxDets=1000 ] = 0.717
 Average Recall     (AR) @[ IoU=0.50:0.95 | area= large | maxDets=1000 ] = 0.833
07/10 04:42:28 - mmengine - INFO - bbox_mAP_copypaste: 0.583 0.711 0.654 0.386 0.526 0.699
07/10 04:42:30 - mmengine - INFO - Epoch(val) [4][1131/1131]    coco/bbox_mAP: 0.5830  coco/bbox_mAP_50: 0.7110  coco/bbox_mAP_75: 0.6540  coco/bbox_mAP_s: 0.3860  coco/bbox_mAP_m: 0.5260  coco/bbox_mAP_l: 0.6990  data_time: 0.0026  time: 0.0470
07/10 04:42:30 - mmengine - INFO - The previous best checkpoint /home/siyuan/projects/LLMs/OralDetect-Family/WeDetect_repro/WeDetect/work_dirs/oraldetect_v11dt_s3/best_coco_bbox_mAP_epoch_2.pth is removed
07/10 04:42:32 - mmengine - INFO - The best checkpoint with 0.5830 coco/bbox_mAP at 4 epoch is saved to best_coco_bbox_mAP_epoch_4.pth.
07/10 04:43:32 - mmengine - INFO - Epoch(train)  [5][  50/1039]  base_lr: 1.3261e-05 lr: 1.3261e-05  eta: 2:27:38  time: 1.0603  data_time: 0.0146  memory: 27751  grad_norm: 450.5991  loss: 74.5803  loss_cls: 21.1541  loss_bbox: 22.6838  loss_dfl: 30.7424
07/10 04:44:25 - mmengine - INFO - Epoch(train)  [5][ 100/1039]  base_lr: 1.3181e-05 lr: 1.3181e-05  eta: 2:26:44  time: 1.0727  data_time: 0.0060  memory: 27677  grad_norm: 444.9675  loss: 74.2251  loss_cls: 20.7511  loss_bbox: 22.7351  loss_dfl: 30.7389
07/10 04:45:18 - mmengine - INFO - Epoch(train)  [5][ 150/1039]  base_lr: 1.3101e-05 lr: 1.3101e-05  eta: 2:25:50  time: 1.0655  data_time: 0.0062  memory: 27784  grad_norm: 437.4144  loss: 73.9401  loss_cls: 20.5931  loss_bbox: 22.6187  loss_dfl: 30.7283
07/10 04:46:12 - mmengine - INFO - Epoch(train)  [5][ 200/1039]  base_lr: 1.3021e-05 lr: 1.3021e-05  eta: 2:24:56  time: 1.0696  data_time: 0.0061  memory: 27711  grad_norm: 480.5888  loss: 73.3047  loss_cls: 20.1798  loss_bbox: 22.4183  loss_dfl: 30.7066
07/10 04:47:05 - mmengine - INFO - Epoch(train)  [5][ 250/1039]  base_lr: 1.2940e-05 lr: 1.2940e-05  eta: 2:24:03  time: 1.0704  data_time: 0.0061  memory: 27857  grad_norm: 454.8941  loss: 75.7704  loss_cls: 20.5982  loss_bbox: 23.7748  loss_dfl: 31.3973
07/10 04:47:59 - mmengine - INFO - Epoch(train)  [5][ 300/1039]  base_lr: 1.2860e-05 lr: 1.2860e-05  eta: 2:23:08  time: 1.0639  data_time: 0.0061  memory: 27771  grad_norm: 462.1890  loss: 73.3927  loss_cls: 20.2244  loss_bbox: 22.4950  loss_dfl: 30.6733
07/10 04:48:52 - mmengine - INFO - Epoch(train)  [5][ 350/1039]  base_lr: 1.2780e-05 lr: 1.2780e-05  eta: 2:22:15  time: 1.0749  data_time: 0.0060  memory: 28031  grad_norm: 490.0813  loss: 75.8074  loss_cls: 21.5299  loss_bbox: 23.1878  loss_dfl: 31.0896
07/10 04:49:46 - mmengine - INFO - Epoch(train)  [5][ 400/1039]  base_lr: 1.2700e-05 lr: 1.2700e-05  eta: 2:21:22  time: 1.0773  data_time: 0.0058  memory: 27897  grad_norm: 497.0159  loss: 73.7958  loss_cls: 20.5533  loss_bbox: 22.4517  loss_dfl: 30.7907
07/10 04:50:39 - mmengine - INFO - Epoch(train)  [5][ 450/1039]  base_lr: 1.2620e-05 lr: 1.2620e-05  eta: 2:20:28  time: 1.0648  data_time: 0.0059  memory: 27664  grad_norm: 425.2703  loss: 75.5575  loss_cls: 21.7375  loss_bbox: 22.7250  loss_dfl: 31.0950
07/10 04:51:33 - mmengine - INFO - Epoch(train)  [5][ 500/1039]  base_lr: 1.2540e-05 lr: 1.2540e-05  eta: 2:19:34  time: 1.0756  data_time: 0.0060  memory: 27871  grad_norm: 423.3943  loss: 73.0225  loss_cls: 20.0888  loss_bbox: 22.4083  loss_dfl: 30.5254
07/10 04:52:27 - mmengine - INFO - Epoch(train)  [5][ 550/1039]  base_lr: 1.2460e-05 lr: 1.2460e-05  eta: 2:18:40  time: 1.0651  data_time: 0.0062  memory: 27644  grad_norm: 420.1639  loss: 73.7798  loss_cls: 20.1013  loss_bbox: 22.8413  loss_dfl: 30.8372
07/10 04:53:20 - mmengine - INFO - Epoch(train)  [5][ 600/1039]  base_lr: 1.2379e-05 lr: 1.2379e-05  eta: 2:17:47  time: 1.0755  data_time: 0.0060  memory: 27917  grad_norm: 433.8449  loss: 73.5231  loss_cls: 20.0149  loss_bbox: 22.6681  loss_dfl: 30.8401
07/10 04:54:14 - mmengine - INFO - Epoch(train)  [5][ 650/1039]  base_lr: 1.2299e-05 lr: 1.2299e-05  eta: 2:16:53  time: 1.0762  data_time: 0.0062  memory: 27931  grad_norm: 484.3139  loss: 74.4046  loss_cls: 20.7066  loss_bbox: 22.9448  loss_dfl: 30.7532
07/10 04:55:07 - mmengine - INFO - Epoch(train)  [5][ 700/1039]  base_lr: 1.2219e-05 lr: 1.2219e-05  eta: 2:15:59  time: 1.0651  data_time: 0.0061  memory: 27744  grad_norm: 481.8999  loss: 73.5886  loss_cls: 20.2465  loss_bbox: 22.6604  loss_dfl: 30.6817
07/10 04:56:01 - mmengine - INFO - Epoch(train)  [5][ 750/1039]  base_lr: 1.2139e-05 lr: 1.2139e-05  eta: 2:15:06  time: 1.0789  data_time: 0.0061  memory: 27624  grad_norm: 466.1096  loss: 74.4841  loss_cls: 20.3889  loss_bbox: 23.2247  loss_dfl: 30.8705
07/10 04:56:55 - mmengine - INFO - Epoch(train)  [5][ 800/1039]  base_lr: 1.2059e-05 lr: 1.2059e-05  eta: 2:14:13  time: 1.0722  data_time: 0.0065  memory: 27711  grad_norm: 457.8082  loss: 73.5031  loss_cls: 20.2227  loss_bbox: 22.6728  loss_dfl: 30.6076
07/10 04:57:42 - mmengine - INFO - Exp name: wedetect_oraldetect_v11dt_s3_20260710_032254
07/10 04:57:49 - mmengine - INFO - Epoch(train)  [5][ 850/1039]  base_lr: 1.1979e-05 lr: 1.1979e-05  eta: 2:13:19  time: 1.0726  data_time: 0.0061  memory: 27931  grad_norm: 416.1027  loss: 74.4887  loss_cls: 20.2938  loss_bbox: 23.2089  loss_dfl: 30.9860
07/10 04:58:42 - mmengine - INFO - Epoch(train)  [5][ 900/1039]  base_lr: 1.1899e-05 lr: 1.1899e-05  eta: 2:12:26  time: 1.0765  data_time: 0.0060  memory: 27704  grad_norm: 495.9059  loss: 74.5310  loss_cls: 20.8173  loss_bbox: 22.8339  loss_dfl: 30.8798
07/10 04:59:36 - mmengine - INFO - Epoch(train)  [5][ 950/1039]  base_lr: 1.1819e-05 lr: 1.1819e-05  eta: 2:11:32  time: 1.0655  data_time: 0.0060  memory: 27851  grad_norm: 428.9080  loss: 73.6753  loss_cls: 20.1447  loss_bbox: 22.8144  loss_dfl: 30.7161
07/10 05:00:30 - mmengine - INFO - Epoch(train)  [5][1000/1039]  base_lr: 1.1738e-05 lr: 1.1738e-05  eta: 2:10:39  time: 1.0773  data_time: 0.0059  memory: 27684  grad_norm: 467.8649  loss: 76.0801  loss_cls: 21.7136  loss_bbox: 23.2965  loss_dfl: 31.0701
07/10 05:01:11 - mmengine - INFO - Exp name: wedetect_oraldetect_v11dt_s3_20260710_032254
07/10 05:01:11 - mmengine - INFO - Saving checkpoint at 5 epochs
07/10 05:02:11 - mmengine - INFO - Epoch(train)  [6][  50/1039]  base_lr: 1.1596e-05 lr: 1.1596e-05  eta: 2:09:03  time: 1.0853  data_time: 0.0210  memory: 28124  grad_norm: 468.1615  loss: 73.3786  loss_cls: 20.5032  loss_bbox: 22.2617  loss_dfl: 30.6136
07/10 05:03:05 - mmengine - INFO - Epoch(train)  [6][ 100/1039]  base_lr: 1.1516e-05 lr: 1.1516e-05  eta: 2:08:09  time: 1.0714  data_time: 0.0060  memory: 27771  grad_norm: 451.3955  loss: 72.5434  loss_cls: 19.6060  loss_bbox: 22.3544  loss_dfl: 30.5829
07/10 05:03:58 - mmengine - INFO - Epoch(train)  [6][ 150/1039]  base_lr: 1.1436e-05 lr: 1.1436e-05  eta: 2:07:15  time: 1.0644  data_time: 0.0058  memory: 28364  grad_norm: 472.6385  loss: 72.3042  loss_cls: 19.4175  loss_bbox: 22.3101  loss_dfl: 30.5766
07/10 05:04:52 - mmengine - INFO - Epoch(train)  [6][ 200/1039]  base_lr: 1.1355e-05 lr: 1.1355e-05  eta: 2:06:22  time: 1.0715  data_time: 0.0060  memory: 27864  grad_norm: 453.8936  loss: 73.8387  loss_cls: 20.4204  loss_bbox: 22.5379  loss_dfl: 30.8805
07/10 05:05:45 - mmengine - INFO - Epoch(train)  [6][ 250/1039]  base_lr: 1.1275e-05 lr: 1.1275e-05  eta: 2:05:28  time: 1.0695  data_time: 0.0059  memory: 27737  grad_norm: 520.1809  loss: 74.8245  loss_cls: 20.8151  loss_bbox: 23.1079  loss_dfl: 30.9014
07/10 05:06:39 - mmengine - INFO - Epoch(train)  [6][ 300/1039]  base_lr: 1.1195e-05 lr: 1.1195e-05  eta: 2:04:34  time: 1.0706  data_time: 0.0060  memory: 28211  grad_norm: 495.1917  loss: 72.8321  loss_cls: 19.8980  loss_bbox: 22.4778  loss_dfl: 30.4562
07/10 05:07:32 - mmengine - INFO - Epoch(train)  [6][ 350/1039]  base_lr: 1.1115e-05 lr: 1.1115e-05  eta: 2:03:41  time: 1.0790  data_time: 0.0061  memory: 28004  grad_norm: 477.0856  loss: 73.6347  loss_cls: 19.8092  loss_bbox: 22.9430  loss_dfl: 30.8825
07/10 05:08:26 - mmengine - INFO - Epoch(train)  [6][ 400/1039]  base_lr: 1.1035e-05 lr: 1.1035e-05  eta: 2:02:47  time: 1.0653  data_time: 0.0061  memory: 27544  grad_norm: 415.7091  loss: 70.8460  loss_cls: 18.7515  loss_bbox: 21.6586  loss_dfl: 30.4359
07/10 05:09:20 - mmengine - INFO - Epoch(train)  [6][ 450/1039]  base_lr: 1.0955e-05 lr: 1.0955e-05  eta: 2:01:54  time: 1.0767  data_time: 0.0060  memory: 27824  grad_norm: 478.9793  loss: 73.5128  loss_cls: 20.1104  loss_bbox: 22.5843  loss_dfl: 30.8180
07/10 05:10:13 - mmengine - INFO - Epoch(train)  [6][ 500/1039]  base_lr: 1.0875e-05 lr: 1.0875e-05  eta: 2:01:00  time: 1.0704  data_time: 0.0062  memory: 28051  grad_norm: 412.2474  loss: 70.4232  loss_cls: 18.3350  loss_bbox: 21.9750  loss_dfl: 30.1132
07/10 05:11:07 - mmengine - INFO - Epoch(train)  [6][ 550/1039]  base_lr: 1.0794e-05 lr: 1.0794e-05  eta: 2:00:07  time: 1.0725  data_time: 0.0059  memory: 27811  grad_norm: 468.1646  loss: 71.7683  loss_cls: 19.0947  loss_bbox: 22.3519  loss_dfl: 30.3217
07/10 05:12:01 - mmengine - INFO - Epoch(train)  [6][ 600/1039]  base_lr: 1.0714e-05 lr: 1.0714e-05  eta: 1:59:13  time: 1.0803  data_time: 0.0060  memory: 27777  grad_norm: 478.0248  loss: 72.7449  loss_cls: 19.4118  loss_bbox: 22.5323  loss_dfl: 30.8009
07/10 05:12:54 - mmengine - INFO - Epoch(train)  [6][ 650/1039]  base_lr: 1.0634e-05 lr: 1.0634e-05  eta: 1:58:20  time: 1.0706  data_time: 0.0060  memory: 28037  grad_norm: 459.5958  loss: 73.3042  loss_cls: 19.9160  loss_bbox: 22.5625  loss_dfl: 30.8256
07/10 05:13:48 - mmengine - INFO - Epoch(train)  [6][ 700/1039]  base_lr: 1.0554e-05 lr: 1.0554e-05  eta: 1:57:26  time: 1.0762  data_time: 0.0061  memory: 27617  grad_norm: 421.9049  loss: 71.6348  loss_cls: 18.9612  loss_bbox: 22.0047  loss_dfl: 30.6689
07/10 05:14:42 - mmengine - INFO - Epoch(train)  [6][ 750/1039]  base_lr: 1.0474e-05 lr: 1.0474e-05  eta: 1:56:33  time: 1.0744  data_time: 0.0061  memory: 28071  grad_norm: 442.9308  loss: 71.8185  loss_cls: 19.0607  loss_bbox: 22.2937  loss_dfl: 30.4641
07/10 05:15:35 - mmengine - INFO - Epoch(train)  [6][ 800/1039]  base_lr: 1.0394e-05 lr: 1.0394e-05  eta: 1:55:39  time: 1.0705  data_time: 0.0061  memory: 27951  grad_norm: 452.9330  loss: 71.2571  loss_cls: 18.7912  loss_bbox: 22.0096  loss_dfl: 30.4562
07/10 05:15:41 - mmengine - INFO - Exp name: wedetect_oraldetect_v11dt_s3_20260710_032254
07/10 05:16:29 - mmengine - INFO - Epoch(train)  [6][ 850/1039]  base_lr: 1.0314e-05 lr: 1.0314e-05  eta: 1:54:46  time: 1.0761  data_time: 0.0061  memory: 27704  grad_norm: 475.3440  loss: 73.7722  loss_cls: 20.1227  loss_bbox: 22.7083  loss_dfl: 30.9412
07/10 05:17:23 - mmengine - INFO - Epoch(train)  [6][ 900/1039]  base_lr: 1.0234e-05 lr: 1.0234e-05  eta: 1:53:52  time: 1.0727  data_time: 0.0062  memory: 27777  grad_norm: 430.3888  loss: 73.0774  loss_cls: 19.3244  loss_bbox: 22.7985  loss_dfl: 30.9545
07/10 05:18:16 - mmengine - INFO - Epoch(train)  [6][ 950/1039]  base_lr: 1.0153e-05 lr: 1.0153e-05  eta: 1:52:59  time: 1.0718  data_time: 0.0060  memory: 27497  grad_norm: 431.1534  loss: 72.9276  loss_cls: 19.4250  loss_bbox: 22.6283  loss_dfl: 30.8742
07/10 05:19:10 - mmengine - INFO - Epoch(train)  [6][1000/1039]  base_lr: 1.0073e-05 lr: 1.0073e-05  eta: 1:52:05  time: 1.0772  data_time: 0.0061  memory: 27951  grad_norm: 438.2241  loss: 72.5755  loss_cls: 19.1316  loss_bbox: 22.7022  loss_dfl: 30.7417
07/10 05:19:51 - mmengine - INFO - Exp name: wedetect_oraldetect_v11dt_s3_20260710_032254
07/10 05:19:51 - mmengine - INFO - Saving checkpoint at 6 epochs
07/10 05:20:01 - mmengine - INFO - Epoch(val)  [6][  50/1131]    eta: 0:01:06  time: 0.0618  data_time: 0.0173  memory: 27844  
07/10 05:20:03 - mmengine - INFO - Epoch(val)  [6][ 100/1131]    eta: 0:00:54  time: 0.0448  data_time: 0.0003  memory: 3484  
07/10 05:20:06 - mmengine - INFO - Epoch(val)  [6][ 150/1131]    eta: 0:00:56  time: 0.0660  data_time: 0.0217  memory: 3484  
07/10 05:20:09 - mmengine - INFO - Epoch(val)  [6][ 200/1131]    eta: 0:00:51  time: 0.0504  data_time: 0.0063  memory: 3484  
07/10 05:20:11 - mmengine - INFO - Epoch(val)  [6][ 250/1131]    eta: 0:00:47  time: 0.0443  data_time: 0.0002  memory: 3484  
07/10 05:20:14 - mmengine - INFO - Epoch(val)  [6][ 300/1131]    eta: 0:00:43  time: 0.0496  data_time: 0.0055  memory: 3484  
07/10 05:20:16 - mmengine - INFO - Epoch(val)  [6][ 350/1131]    eta: 0:00:40  time: 0.0448  data_time: 0.0003  memory: 3484  
07/10 05:20:18 - mmengine - INFO - Epoch(val)  [6][ 400/1131]    eta: 0:00:37  time: 0.0449  data_time: 0.0003  memory: 3484  
07/10 05:20:20 - mmengine - INFO - Epoch(val)  [6][ 450/1131]    eta: 0:00:34  time: 0.0448  data_time: 0.0003  memory: 3484  
07/10 05:20:22 - mmengine - INFO - Epoch(val)  [6][ 500/1131]    eta: 0:00:31  time: 0.0450  data_time: 0.0003  memory: 3484  
07/10 05:20:25 - mmengine - INFO - Epoch(val)  [6][ 550/1131]    eta: 0:00:28  time: 0.0449  data_time: 0.0003  memory: 3484  
07/10 05:20:27 - mmengine - INFO - Epoch(val)  [6][ 600/1131]    eta: 0:00:25  time: 0.0449  data_time: 0.0003  memory: 3484  
07/10 05:20:29 - mmengine - INFO - Epoch(val)  [6][ 650/1131]    eta: 0:00:23  time: 0.0451  data_time: 0.0003  memory: 3484  
07/10 05:20:31 - mmengine - INFO - Epoch(val)  [6][ 700/1131]    eta: 0:00:20  time: 0.0449  data_time: 0.0003  memory: 3484  
07/10 05:20:34 - mmengine - INFO - Epoch(val)  [6][ 750/1131]    eta: 0:00:18  time: 0.0451  data_time: 0.0003  memory: 3484  
07/10 05:20:36 - mmengine - INFO - Epoch(val)  [6][ 800/1131]    eta: 0:00:15  time: 0.0451  data_time: 0.0003  memory: 3484  
07/10 05:20:38 - mmengine - INFO - Epoch(val)  [6][ 850/1131]    eta: 0:00:13  time: 0.0446  data_time: 0.0002  memory: 3484  
07/10 05:20:41 - mmengine - INFO - Epoch(val)  [6][ 900/1131]    eta: 0:00:10  time: 0.0459  data_time: 0.0015  memory: 3484  
07/10 05:20:43 - mmengine - INFO - Epoch(val)  [6][ 950/1131]    eta: 0:00:08  time: 0.0449  data_time: 0.0003  memory: 3484  
07/10 05:20:45 - mmengine - INFO - Epoch(val)  [6][1000/1131]    eta: 0:00:06  time: 0.0447  data_time: 0.0002  memory: 3484  
07/10 05:20:47 - mmengine - INFO - Epoch(val)  [6][1050/1131]    eta: 0:00:03  time: 0.0448  data_time: 0.0003  memory: 3484  
07/10 05:20:50 - mmengine - INFO - Epoch(val)  [6][1100/1131]    eta: 0:00:01  time: 0.0448  data_time: 0.0002  memory: 3484  
07/10 05:21:01 - mmengine - INFO - Evaluating bbox...
Loading and preparing results...
DONE (t=3.07s)
creating index...
index created!
Running per image evaluation...
Evaluate annotation type *bbox*
DONE (t=40.42s).
Accumulating evaluation results...
DONE (t=12.86s).
 Average Precision  (AP) @[ IoU=0.50:0.95 | area=   all | maxDets=100 ] = 0.598
 Average Precision  (AP) @[ IoU=0.50      | area=   all | maxDets=1000 ] = 0.725
 Average Precision  (AP) @[ IoU=0.75      | area=   all | maxDets=1000 ] = 0.670
 Average Precision  (AP) @[ IoU=0.50:0.95 | area= small | maxDets=1000 ] = 0.405
 Average Precision  (AP) @[ IoU=0.50:0.95 | area=medium | maxDets=1000 ] = 0.542
 Average Precision  (AP) @[ IoU=0.50:0.95 | area= large | maxDets=1000 ] = 0.713
 Average Recall     (AR) @[ IoU=0.50:0.95 | area=   all | maxDets=100 ] = 0.759
 Average Recall     (AR) @[ IoU=0.50:0.95 | area=   all | maxDets=300 ] = 0.759
 Average Recall     (AR) @[ IoU=0.50:0.95 | area=   all | maxDets=1000 ] = 0.759
 Average Recall     (AR) @[ IoU=0.50:0.95 | area= small | maxDets=1000 ] = 0.627
 Average Recall     (AR) @[ IoU=0.50:0.95 | area=medium | maxDets=1000 ] = 0.723
 Average Recall     (AR) @[ IoU=0.50:0.95 | area= large | maxDets=1000 ] = 0.838
07/10 05:22:01 - mmengine - INFO - bbox_mAP_copypaste: 0.598 0.725 0.670 0.405 0.542 0.713
07/10 05:22:02 - mmengine - INFO - Epoch(val) [6][1131/1131]    coco/bbox_mAP: 0.5980  coco/bbox_mAP_50: 0.7250  coco/bbox_mAP_75: 0.6700  coco/bbox_mAP_s: 0.4050  coco/bbox_mAP_m: 0.5420  coco/bbox_mAP_l: 0.7130  data_time: 0.0025  time: 0.0470
07/10 05:22:02 - mmengine - INFO - The previous best checkpoint /home/siyuan/projects/LLMs/OralDetect-Family/WeDetect_repro/WeDetect/work_dirs/oraldetect_v11dt_s3/best_coco_bbox_mAP_epoch_4.pth is removed
07/10 05:22:04 - mmengine - INFO - The best checkpoint with 0.5980 coco/bbox_mAP at 6 epoch is saved to best_coco_bbox_mAP_epoch_6.pth.
07/10 05:23:04 - mmengine - INFO - Epoch(train)  [7][  50/1039]  base_lr: 9.9307e-06 lr: 9.9307e-06  eta: 1:50:29  time: 1.0732  data_time: 0.0199  memory: 27731  grad_norm: 466.2309  loss: 70.8881  loss_cls: 18.4709  loss_bbox: 21.9807  loss_dfl: 30.4364
07/10 05:23:58 - mmengine - INFO - Epoch(train)  [7][ 100/1039]  base_lr: 9.8505e-06 lr: 9.8505e-06  eta: 1:49:35  time: 1.0690  data_time: 0.0057  memory: 27584  grad_norm: 494.6335  loss: 73.1063  loss_cls: 19.7653  loss_bbox: 22.6418  loss_dfl: 30.6992
07/10 05:24:51 - mmengine - INFO - Epoch(train)  [7][ 150/1039]  base_lr: 9.7704e-06 lr: 9.7704e-06  eta: 1:48:42  time: 1.0693  data_time: 0.0058  memory: 28177  grad_norm: 443.7078  loss: 70.5975  loss_cls: 18.4193  loss_bbox: 21.6380  loss_dfl: 30.5402
07/10 05:25:45 - mmengine - INFO - Epoch(train)  [7][ 200/1039]  base_lr: 9.6903e-06 lr: 9.6903e-06  eta: 1:47:48  time: 1.0671  data_time: 0.0056  memory: 27637  grad_norm: 466.8062  loss: 72.7653  loss_cls: 19.4504  loss_bbox: 22.4895  loss_dfl: 30.8254
07/10 05:26:38 - mmengine - INFO - Epoch(train)  [7][ 250/1039]  base_lr: 9.6101e-06 lr: 9.6101e-06  eta: 1:46:54  time: 1.0719  data_time: 0.0057  memory: 27731  grad_norm: 436.2829  loss: 73.0184  loss_cls: 19.7071  loss_bbox: 22.5257  loss_dfl: 30.7856
07/10 05:27:32 - mmengine - INFO - Epoch(train)  [7][ 300/1039]  base_lr: 9.5300e-06 lr: 9.5300e-06  eta: 1:46:01  time: 1.0723  data_time: 0.0058  memory: 27737  grad_norm: 458.6573  loss: 72.2183  loss_cls: 19.3817  loss_bbox: 22.2268  loss_dfl: 30.6098
07/10 05:28:25 - mmengine - INFO - Epoch(train)  [7][ 350/1039]  base_lr: 9.4499e-06 lr: 9.4499e-06  eta: 1:45:07  time: 1.0714  data_time: 0.0056  memory: 27711  grad_norm: 438.6433  loss: 70.8276  loss_cls: 18.4941  loss_bbox: 21.8426  loss_dfl: 30.4909
07/10 05:29:19 - mmengine - INFO - Epoch(train)  [7][ 400/1039]  base_lr: 9.3697e-06 lr: 9.3697e-06  eta: 1:44:14  time: 1.0751  data_time: 0.0056  memory: 28064  grad_norm: 435.2597  loss: 72.9583  loss_cls: 19.8292  loss_bbox: 22.3202  loss_dfl: 30.8089
07/10 05:30:13 - mmengine - INFO - Epoch(train)  [7][ 450/1039]  base_lr: 9.2896e-06 lr: 9.2896e-06  eta: 1:43:20  time: 1.0679  data_time: 0.0058  memory: 27644  grad_norm: 484.8646  loss: 70.9630  loss_cls: 18.8063  loss_bbox: 21.7346  loss_dfl: 30.4222
07/10 05:31:06 - mmengine - INFO - Epoch(train)  [7][ 500/1039]  base_lr: 9.2095e-06 lr: 9.2095e-06  eta: 1:42:26  time: 1.0767  data_time: 0.0058  memory: 27591  grad_norm: 464.9174  loss: 71.5781  loss_cls: 18.7390  loss_bbox: 22.2139  loss_dfl: 30.6252
07/10 05:32:00 - mmengine - INFO - Epoch(train)  [7][ 550/1039]  base_lr: 9.1294e-06 lr: 9.1294e-06  eta: 1:41:33  time: 1.0726  data_time: 0.0059  memory: 27724  grad_norm: 414.9170  loss: 71.5592  loss_cls: 18.6007  loss_bbox: 22.4555  loss_dfl: 30.5030
07/10 05:32:54 - mmengine - INFO - Epoch(train)  [7][ 600/1039]  base_lr: 9.0492e-06 lr: 9.0492e-06  eta: 1:40:39  time: 1.0699  data_time: 0.0058  memory: 28204  grad_norm: 475.1964  loss: 73.2976  loss_cls: 19.6558  loss_bbox: 22.7707  loss_dfl: 30.8711
07/10 05:33:47 - mmengine - INFO - Epoch(train)  [7][ 650/1039]  base_lr: 8.9691e-06 lr: 8.9691e-06  eta: 1:39:45  time: 1.0714  data_time: 0.0060  memory: 28111  grad_norm: 510.6583  loss: 70.7188  loss_cls: 18.7562  loss_bbox: 21.7822  loss_dfl: 30.1805
07/10 05:34:41 - mmengine - INFO - Epoch(train)  [7][ 700/1039]  base_lr: 8.8890e-06 lr: 8.8890e-06  eta: 1:38:52  time: 1.0683  data_time: 0.0056  memory: 27577  grad_norm: 523.2871  loss: 72.3570  loss_cls: 19.4614  loss_bbox: 22.3293  loss_dfl: 30.5663
07/10 05:35:35 - mmengine - INFO - Epoch(train)  [7][ 750/1039]  base_lr: 8.8088e-06 lr: 8.8088e-06  eta: 1:37:58  time: 1.0790  data_time: 0.0057  memory: 27457  grad_norm: 457.7038  loss: 72.8528  loss_cls: 19.3697  loss_bbox: 22.6072  loss_dfl: 30.8759
07/10 05:35:52 - mmengine - INFO - Exp name: wedetect_oraldetect_v11dt_s3_20260710_032254
07/10 05:36:28 - mmengine - INFO - Epoch(train)  [7][ 800/1039]  base_lr: 8.7287e-06 lr: 8.7287e-06  eta: 1:37:05  time: 1.0715  data_time: 0.0058  memory: 27924  grad_norm: 479.1050  loss: 73.5048  loss_cls: 20.2931  loss_bbox: 22.5848  loss_dfl: 30.6269
07/10 05:37:22 - mmengine - INFO - Epoch(train)  [7][ 850/1039]  base_lr: 8.6486e-06 lr: 8.6486e-06  eta: 1:36:11  time: 1.0689  data_time: 0.0060  memory: 27791  grad_norm: 456.5105  loss: 70.7583  loss_cls: 18.2209  loss_bbox: 21.9057  loss_dfl: 30.6317
07/10 05:38:15 - mmengine - INFO - Epoch(train)  [7][ 900/1039]  base_lr: 8.5684e-06 lr: 8.5684e-06  eta: 1:35:17  time: 1.0710  data_time: 0.0057  memory: 28031  grad_norm: 501.7273  loss: 71.1412  loss_cls: 18.8314  loss_bbox: 21.8607  loss_dfl: 30.4490
07/10 05:39:09 - mmengine - INFO - Epoch(train)  [7][ 950/1039]  base_lr: 8.4883e-06 lr: 8.4883e-06  eta: 1:34:24  time: 1.0718  data_time: 0.0058  memory: 28031  grad_norm: 431.2822  loss: 70.9851  loss_cls: 18.4645  loss_bbox: 22.0522  loss_dfl: 30.4684
07/10 05:40:02 - mmengine - INFO - Epoch(train)  [7][1000/1039]  base_lr: 8.4082e-06 lr: 8.4082e-06  eta: 1:33:30  time: 1.0719  data_time: 0.0058  memory: 27744  grad_norm: 455.2746  loss: 69.3413  loss_cls: 17.6215  loss_bbox: 21.5336  loss_dfl: 30.1862
07/10 05:40:43 - mmengine - INFO - Exp name: wedetect_oraldetect_v11dt_s3_20260710_032254
07/10 05:40:43 - mmengine - INFO - Saving checkpoint at 7 epochs
07/10 05:40:53 - mmengine - INFO - Epoch(val)  [7][  50/1131]    eta: 0:01:06  time: 0.0614  data_time: 0.0174  memory: 27964  
07/10 05:40:55 - mmengine - INFO - Epoch(val)  [7][ 100/1131]    eta: 0:00:54  time: 0.0449  data_time: 0.0003  memory: 3484  
07/10 05:40:58 - mmengine - INFO - Epoch(val)  [7][ 150/1131]    eta: 0:00:56  time: 0.0664  data_time: 0.0221  memory: 3484  
07/10 05:41:01 - mmengine - INFO - Epoch(val)  [7][ 200/1131]    eta: 0:00:51  time: 0.0504  data_time: 0.0062  memory: 3484  
07/10 05:41:03 - mmengine - INFO - Epoch(val)  [7][ 250/1131]    eta: 0:00:47  time: 0.0445  data_time: 0.0003  memory: 3484  
07/10 05:41:06 - mmengine - INFO - Epoch(val)  [7][ 300/1131]    eta: 0:00:43  time: 0.0492  data_time: 0.0051  memory: 3484  
07/10 05:41:08 - mmengine - INFO - Epoch(val)  [7][ 350/1131]    eta: 0:00:40  time: 0.0444  data_time: 0.0002  memory: 3484  
07/10 05:41:10 - mmengine - INFO - Epoch(val)  [7][ 400/1131]    eta: 0:00:37  time: 0.0447  data_time: 0.0003  memory: 3484  
07/10 05:41:12 - mmengine - INFO - Epoch(val)  [7][ 450/1131]    eta: 0:00:34  time: 0.0445  data_time: 0.0003  memory: 3484  
07/10 05:41:15 - mmengine - INFO - Epoch(val)  [7][ 500/1131]    eta: 0:00:31  time: 0.0445  data_time: 0.0003  memory: 3484  
07/10 05:41:17 - mmengine - INFO - Epoch(val)  [7][ 550/1131]    eta: 0:00:28  time: 0.0447  data_time: 0.0003  memory: 3484  
07/10 05:41:19 - mmengine - INFO - Epoch(val)  [7][ 600/1131]    eta: 0:00:25  time: 0.0446  data_time: 0.0002  memory: 3484  
07/10 05:41:21 - mmengine - INFO - Epoch(val)  [7][ 650/1131]    eta: 0:00:23  time: 0.0447  data_time: 0.0003  memory: 3484  
07/10 05:41:24 - mmengine - INFO - Epoch(val)  [7][ 700/1131]    eta: 0:00:20  time: 0.0447  data_time: 0.0003  memory: 3484  
07/10 05:41:26 - mmengine - INFO - Epoch(val)  [7][ 750/1131]    eta: 0:00:18  time: 0.0453  data_time: 0.0003  memory: 3484  
07/10 05:41:28 - mmengine - INFO - Epoch(val)  [7][ 800/1131]    eta: 0:00:15  time: 0.0449  data_time: 0.0003  memory: 3484  
07/10 05:41:30 - mmengine - INFO - Epoch(val)  [7][ 850/1131]    eta: 0:00:13  time: 0.0445  data_time: 0.0002  memory: 3484  
07/10 05:41:33 - mmengine - INFO - Epoch(val)  [7][ 900/1131]    eta: 0:00:10  time: 0.0461  data_time: 0.0015  memory: 3484  
07/10 05:41:35 - mmengine - INFO - Epoch(val)  [7][ 950/1131]    eta: 0:00:08  time: 0.0446  data_time: 0.0003  memory: 3484  
07/10 05:41:37 - mmengine - INFO - Epoch(val)  [7][1000/1131]    eta: 0:00:06  time: 0.0445  data_time: 0.0003  memory: 3484  
07/10 05:41:39 - mmengine - INFO - Epoch(val)  [7][1050/1131]    eta: 0:00:03  time: 0.0447  data_time: 0.0003  memory: 3484  
07/10 05:41:42 - mmengine - INFO - Epoch(val)  [7][1100/1131]    eta: 0:00:01  time: 0.0446  data_time: 0.0003  memory: 3484  
07/10 05:41:52 - mmengine - INFO - Evaluating bbox...
Loading and preparing results...
DONE (t=2.46s)
creating index...
index created!
Running per image evaluation...
Evaluate annotation type *bbox*
DONE (t=39.58s).
Accumulating evaluation results...
DONE (t=14.50s).
 Average Precision  (AP) @[ IoU=0.50:0.95 | area=   all | maxDets=100 ] = 0.609
 Average Precision  (AP) @[ IoU=0.50      | area=   all | maxDets=1000 ] = 0.738
 Average Precision  (AP) @[ IoU=0.75      | area=   all | maxDets=1000 ] = 0.682
 Average Precision  (AP) @[ IoU=0.50:0.95 | area= small | maxDets=1000 ] = 0.477
 Average Precision  (AP) @[ IoU=0.50:0.95 | area=medium | maxDets=1000 ] = 0.570
 Average Precision  (AP) @[ IoU=0.50:0.95 | area= large | maxDets=1000 ] = 0.721
 Average Recall     (AR) @[ IoU=0.50:0.95 | area=   all | maxDets=100 ] = 0.761
 Average Recall     (AR) @[ IoU=0.50:0.95 | area=   all | maxDets=300 ] = 0.761
 Average Recall     (AR) @[ IoU=0.50:0.95 | area=   all | maxDets=1000 ] = 0.761
 Average Recall     (AR) @[ IoU=0.50:0.95 | area= small | maxDets=1000 ] = 0.631
 Average Recall     (AR) @[ IoU=0.50:0.95 | area=medium | maxDets=1000 ] = 0.725
 Average Recall     (AR) @[ IoU=0.50:0.95 | area= large | maxDets=1000 ] = 0.841
07/10 05:42:53 - mmengine - INFO - bbox_mAP_copypaste: 0.609 0.738 0.682 0.477 0.570 0.721
07/10 05:42:54 - mmengine - INFO - Epoch(val) [7][1131/1131]    coco/bbox_mAP: 0.6090  coco/bbox_mAP_50: 0.7380  coco/bbox_mAP_75: 0.6820  coco/bbox_mAP_s: 0.4770  coco/bbox_mAP_m: 0.5700  coco/bbox_mAP_l: 0.7210  data_time: 0.0025  time: 0.0469
07/10 05:42:54 - mmengine - INFO - The previous best checkpoint /home/siyuan/projects/LLMs/OralDetect-Family/WeDetect_repro/WeDetect/work_dirs/oraldetect_v11dt_s3/best_coco_bbox_mAP_epoch_6.pth is removed
07/10 05:42:57 - mmengine - INFO - The best checkpoint with 0.6090 coco/bbox_mAP at 7 epoch is saved to best_coco_bbox_mAP_epoch_7.pth.
07/10 05:43:56 - mmengine - INFO - Epoch(train)  [8][  50/1039]  base_lr: 8.2655e-06 lr: 8.2655e-06  eta: 1:31:54  time: 1.0706  data_time: 0.0150  memory: 27551  grad_norm: 466.4836  loss: 71.7458  loss_cls: 18.7415  loss_bbox: 22.5627  loss_dfl: 30.4415
07/10 05:44:49 - mmengine - INFO - Epoch(train)  [8][ 100/1039]  base_lr: 8.1854e-06 lr: 8.1854e-06  eta: 1:31:00  time: 1.0597  data_time: 0.0058  memory: 27844  grad_norm: 452.3771  loss: 70.5064  loss_cls: 18.0791  loss_bbox: 21.9949  loss_dfl: 30.4324
07/10 05:45:42 - mmengine - INFO - Epoch(train)  [8][ 150/1039]  base_lr: 8.1053e-06 lr: 8.1053e-06  eta: 1:30:07  time: 1.0706  data_time: 0.0057  memory: 27724  grad_norm: 429.3478  loss: 72.6553  loss_cls: 19.3231  loss_bbox: 22.6081  loss_dfl: 30.7242
07/10 05:46:36 - mmengine - INFO - Epoch(train)  [8][ 200/1039]  base_lr: 8.0251e-06 lr: 8.0251e-06  eta: 1:29:13  time: 1.0681  data_time: 0.0057  memory: 27877  grad_norm: 447.2582  loss: 71.4727  loss_cls: 18.7860  loss_bbox: 22.1186  loss_dfl: 30.5680
07/10 05:47:29 - mmengine - INFO - Epoch(train)  [8][ 250/1039]  base_lr: 7.9450e-06 lr: 7.9450e-06  eta: 1:28:19  time: 1.0697  data_time: 0.0058  memory: 27877  grad_norm: 448.4257  loss: 72.8139  loss_cls: 19.5270  loss_bbox: 22.5916  loss_dfl: 30.6953
07/10 05:48:23 - mmengine - INFO - Epoch(train)  [8][ 300/1039]  base_lr: 7.8649e-06 lr: 7.8649e-06  eta: 1:27:26  time: 1.0736  data_time: 0.0057  memory: 28151  grad_norm: 428.0884  loss: 73.8504  loss_cls: 20.0361  loss_bbox: 22.7789  loss_dfl: 31.0353
07/10 05:49:17 - mmengine - INFO - Epoch(train)  [8][ 350/1039]  base_lr: 7.7847e-06 lr: 7.7847e-06  eta: 1:26:32  time: 1.0718  data_time: 0.0058  memory: 28017  grad_norm: 462.9658  loss: 70.4588  loss_cls: 18.3533  loss_bbox: 21.7481  loss_dfl: 30.3575
07/10 05:50:10 - mmengine - INFO - Epoch(train)  [8][ 400/1039]  base_lr: 7.7046e-06 lr: 7.7046e-06  eta: 1:25:39  time: 1.0785  data_time: 0.0057  memory: 28051  grad_norm: 456.6580  loss: 71.0260  loss_cls: 18.8519  loss_bbox: 22.0022  loss_dfl: 30.1719
07/10 05:51:04 - mmengine - INFO - Epoch(train)  [8][ 450/1039]  base_lr: 7.6245e-06 lr: 7.6245e-06  eta: 1:24:45  time: 1.0667  data_time: 0.0056  memory: 27857  grad_norm: 462.2253  loss: 71.1868  loss_cls: 18.8538  loss_bbox: 21.9368  loss_dfl: 30.3961
07/10 05:51:58 - mmengine - INFO - Epoch(train)  [8][ 500/1039]  base_lr: 7.5444e-06 lr: 7.5444e-06  eta: 1:23:52  time: 1.0753  data_time: 0.0057  memory: 28037  grad_norm: 451.8789  loss: 71.4017  loss_cls: 18.6110  loss_bbox: 22.1967  loss_dfl: 30.5940
07/10 05:52:52 - mmengine - INFO - Epoch(train)  [8][ 550/1039]  base_lr: 7.4642e-06 lr: 7.4642e-06  eta: 1:22:58  time: 1.0814  data_time: 0.0056  memory: 28064  grad_norm: 417.4407  loss: 70.5576  loss_cls: 18.3617  loss_bbox: 21.8889  loss_dfl: 30.3071
07/10 05:53:45 - mmengine - INFO - Epoch(train)  [8][ 600/1039]  base_lr: 7.3841e-06 lr: 7.3841e-06  eta: 1:22:05  time: 1.0678  data_time: 0.0056  memory: 27711  grad_norm: 490.1170  loss: 71.8657  loss_cls: 19.1082  loss_bbox: 22.1228  loss_dfl: 30.6347
07/10 05:54:39 - mmengine - INFO - Epoch(train)  [8][ 650/1039]  base_lr: 7.3040e-06 lr: 7.3040e-06  eta: 1:21:11  time: 1.0757  data_time: 0.0057  memory: 27831  grad_norm: 460.6042  loss: 71.2626  loss_cls: 18.5970  loss_bbox: 22.1443  loss_dfl: 30.5213
07/10 05:55:32 - mmengine - INFO - Epoch(train)  [8][ 700/1039]  base_lr: 7.2238e-06 lr: 7.2238e-06  eta: 1:20:17  time: 1.0685  data_time: 0.0056  memory: 27631  grad_norm: 453.5176  loss: 71.9242  loss_cls: 19.2963  loss_bbox: 22.2851  loss_dfl: 30.3428
07/10 05:56:02 - mmengine - INFO - Exp name: wedetect_oraldetect_v11dt_s3_20260710_032254
07/10 05:56:26 - mmengine - INFO - Epoch(train)  [8][ 750/1039]  base_lr: 7.1437e-06 lr: 7.1437e-06  eta: 1:19:24  time: 1.0758  data_time: 0.0057  memory: 27471  grad_norm: 476.2249  loss: 73.0438  loss_cls: 19.2579  loss_bbox: 22.9189  loss_dfl: 30.8670
07/10 05:57:20 - mmengine - INFO - Epoch(train)  [8][ 800/1039]  base_lr: 7.0636e-06 lr: 7.0636e-06  eta: 1:18:30  time: 1.0790  data_time: 0.0058  memory: 27691  grad_norm: 432.4241  loss: 70.9758  loss_cls: 17.9286  loss_bbox: 22.4924  loss_dfl: 30.5548
07/10 05:58:14 - mmengine - INFO - Epoch(train)  [8][ 850/1039]  base_lr: 6.9834e-06 lr: 6.9834e-06  eta: 1:17:37  time: 1.0714  data_time: 0.0057  memory: 27764  grad_norm: 505.2017  loss: 70.0573  loss_cls: 17.9021  loss_bbox: 21.8364  loss_dfl: 30.3188
07/10 05:59:07 - mmengine - INFO - Epoch(train)  [8][ 900/1039]  base_lr: 6.9033e-06 lr: 6.9033e-06  eta: 1:16:43  time: 1.0745  data_time: 0.0057  memory: 27604  grad_norm: 445.3099  loss: 70.6908  loss_cls: 18.4888  loss_bbox: 21.7423  loss_dfl: 30.4598
07/10 06:00:01 - mmengine - INFO - Epoch(train)  [8][ 950/1039]  base_lr: 6.8232e-06 lr: 6.8232e-06  eta: 1:15:50  time: 1.0717  data_time: 0.0059  memory: 27671  grad_norm: 485.1951  loss: 70.7486  loss_cls: 18.4842  loss_bbox: 21.8811  loss_dfl: 30.3833
07/10 06:00:55 - mmengine - INFO - Epoch(train)  [8][1000/1039]  base_lr: 6.7430e-06 lr: 6.7430e-06  eta: 1:14:56  time: 1.0759  data_time: 0.0059  memory: 28011  grad_norm: 461.3807  loss: 71.5250  loss_cls: 18.6402  loss_bbox: 22.2079  loss_dfl: 30.6769
07/10 06:01:36 - mmengine - INFO - Exp name: wedetect_oraldetect_v11dt_s3_20260710_032254
07/10 06:01:36 - mmengine - INFO - Saving checkpoint at 8 epochs
07/10 06:01:45 - mmengine - INFO - Epoch(val)  [8][  50/1131]    eta: 0:01:06  time: 0.0618  data_time: 0.0179  memory: 27677  
07/10 06:01:48 - mmengine - INFO - Epoch(val)  [8][ 100/1131]    eta: 0:00:55  time: 0.0449  data_time: 0.0002  memory: 3484  
07/10 06:01:51 - mmengine - INFO - Epoch(val)  [8][ 150/1131]    eta: 0:00:56  time: 0.0657  data_time: 0.0213  memory: 3484  
07/10 06:01:53 - mmengine - INFO - Epoch(val)  [8][ 200/1131]    eta: 0:00:52  time: 0.0514  data_time: 0.0071  memory: 3484  
07/10 06:01:56 - mmengine - INFO - Epoch(val)  [8][ 250/1131]    eta: 0:00:48  time: 0.0507  data_time: 0.0002  memory: 3484  
07/10 06:01:58 - mmengine - INFO - Epoch(val)  [8][ 300/1131]    eta: 0:00:44  time: 0.0481  data_time: 0.0040  memory: 3484  
07/10 06:02:01 - mmengine - INFO - Epoch(val)  [8][ 350/1131]    eta: 0:00:40  time: 0.0448  data_time: 0.0003  memory: 3484  
07/10 06:02:03 - mmengine - INFO - Epoch(val)  [8][ 400/1131]    eta: 0:00:37  time: 0.0449  data_time: 0.0003  memory: 3484  
07/10 06:02:05 - mmengine - INFO - Epoch(val)  [8][ 450/1131]    eta: 0:00:34  time: 0.0451  data_time: 0.0003  memory: 3484  
07/10 06:02:07 - mmengine - INFO - Epoch(val)  [8][ 500/1131]    eta: 0:00:31  time: 0.0448  data_time: 0.0002  memory: 3484  
07/10 06:02:10 - mmengine - INFO - Epoch(val)  [8][ 550/1131]    eta: 0:00:28  time: 0.0452  data_time: 0.0005  memory: 3484  
07/10 06:02:12 - mmengine - INFO - Epoch(val)  [8][ 600/1131]    eta: 0:00:26  time: 0.0448  data_time: 0.0003  memory: 3484  
07/10 06:02:14 - mmengine - INFO - Epoch(val)  [8][ 650/1131]    eta: 0:00:23  time: 0.0451  data_time: 0.0004  memory: 3484  
07/10 06:02:16 - mmengine - INFO - Epoch(val)  [8][ 700/1131]    eta: 0:00:21  time: 0.0451  data_time: 0.0004  memory: 3484  
07/10 06:02:19 - mmengine - INFO - Epoch(val)  [8][ 750/1131]    eta: 0:00:18  time: 0.0455  data_time: 0.0003  memory: 3484  
07/10 06:02:21 - mmengine - INFO - Epoch(val)  [8][ 800/1131]    eta: 0:00:15  time: 0.0452  data_time: 0.0003  memory: 3484  
07/10 06:02:23 - mmengine - INFO - Epoch(val)  [8][ 850/1131]    eta: 0:00:13  time: 0.0446  data_time: 0.0002  memory: 3484  
07/10 06:02:25 - mmengine - INFO - Epoch(val)  [8][ 900/1131]    eta: 0:00:11  time: 0.0457  data_time: 0.0013  memory: 3484  
07/10 06:02:28 - mmengine - INFO - Epoch(val)  [8][ 950/1131]    eta: 0:00:08  time: 0.0448  data_time: 0.0002  memory: 3484  
07/10 06:02:30 - mmengine - INFO - Epoch(val)  [8][1000/1131]    eta: 0:00:06  time: 0.0448  data_time: 0.0003  memory: 3484  
07/10 06:02:32 - mmengine - INFO - Epoch(val)  [8][1050/1131]    eta: 0:00:03  time: 0.0448  data_time: 0.0003  memory: 3484  
07/10 06:02:34 - mmengine - INFO - Epoch(val)  [8][1100/1131]    eta: 0:00:01  time: 0.0448  data_time: 0.0002  memory: 3484  
07/10 06:02:46 - mmengine - INFO - Evaluating bbox...
Loading and preparing results...
DONE (t=2.28s)
creating index...
index created!
Running per image evaluation...
Evaluate annotation type *bbox*
DONE (t=39.45s).
Accumulating evaluation results...
DONE (t=14.50s).
 Average Precision  (AP) @[ IoU=0.50:0.95 | area=   all | maxDets=100 ] = 0.608
 Average Precision  (AP) @[ IoU=0.50      | area=   all | maxDets=1000 ] = 0.737
 Average Precision  (AP) @[ IoU=0.75      | area=   all | maxDets=1000 ] = 0.681
 Average Precision  (AP) @[ IoU=0.50:0.95 | area= small | maxDets=1000 ] = 0.470
 Average Precision  (AP) @[ IoU=0.50:0.95 | area=medium | maxDets=1000 ] = 0.567
 Average Precision  (AP) @[ IoU=0.50:0.95 | area= large | maxDets=1000 ] = 0.723
 Average Recall     (AR) @[ IoU=0.50:0.95 | area=   all | maxDets=100 ] = 0.761
 Average Recall     (AR) @[ IoU=0.50:0.95 | area=   all | maxDets=300 ] = 0.761
 Average Recall     (AR) @[ IoU=0.50:0.95 | area=   all | maxDets=1000 ] = 0.761
 Average Recall     (AR) @[ IoU=0.50:0.95 | area= small | maxDets=1000 ] = 0.627
 Average Recall     (AR) @[ IoU=0.50:0.95 | area=medium | maxDets=1000 ] = 0.726
 Average Recall     (AR) @[ IoU=0.50:0.95 | area= large | maxDets=1000 ] = 0.840
07/10 06:03:45 - mmengine - INFO - bbox_mAP_copypaste: 0.608 0.737 0.681 0.470 0.567 0.723
/home/siyuan/anaconda3/envs/wedetect_official/lib/python3.10/site-packages/albumentations/core/composition.py:331: UserWarning: Got processor for bboxes, but no transform to process it.
  self._set_keys()
/home/siyuan/anaconda3/envs/wedetect_official/lib/python3.10/site-packages/albumentations/core/composition.py:331: UserWarning: Got processor for bboxes, but no transform to process it.
  self._set_keys()
/home/siyuan/anaconda3/envs/wedetect_official/lib/python3.10/site-packages/albumentations/core/composition.py:331: UserWarning: Got processor for bboxes, but no transform to process it.
  self._set_keys()
07/10 06:03:47 - mmengine - INFO - Epoch(val) [8][1131/1131]    coco/bbox_mAP: 0.6080  coco/bbox_mAP_50: 0.7370  coco/bbox_mAP_75: 0.6810  coco/bbox_mAP_s: 0.4700  coco/bbox_mAP_m: 0.5670  coco/bbox_mAP_l: 0.7230  data_time: 0.0025  time: 0.0473
07/10 06:03:47 - mmengine - INFO - Switch pipeline now!
/home/siyuan/anaconda3/envs/wedetect_official/lib/python3.10/site-packages/albumentations/core/composition.py:331: UserWarning: Got processor for bboxes, but no transform to process it.
  self._set_keys()
07/10 06:04:40 - mmengine - INFO - Epoch(train)  [9][  50/1039]  base_lr: 6.6004e-06 lr: 6.6004e-06  eta: 1:13:20  time: 1.0616  data_time: 0.0188  memory: 26831  grad_norm: 748.6374  loss: 68.8664  loss_cls: 19.0974  loss_bbox: 19.9239  loss_dfl: 29.8452
07/10 06:05:32 - mmengine - INFO - Epoch(train)  [9][ 100/1039]  base_lr: 6.5203e-06 lr: 6.5203e-06  eta: 1:12:26  time: 1.0510  data_time: 0.0059  memory: 26704  grad_norm: 752.7473  loss: 66.8759  loss_cls: 17.1844  loss_bbox: 19.8741  loss_dfl: 29.8174
07/10 06:06:25 - mmengine - INFO - Epoch(train)  [9][ 150/1039]  base_lr: 6.4401e-06 lr: 6.4401e-06  eta: 1:11:32  time: 1.0583  data_time: 0.0064  memory: 26724  grad_norm: 734.9390  loss: 68.4601  loss_cls: 18.2215  loss_bbox: 20.2994  loss_dfl: 29.9392
07/10 06:07:18 - mmengine - INFO - Epoch(train)  [9][ 200/1039]  base_lr: 6.3600e-06 lr: 6.3600e-06  eta: 1:10:38  time: 1.0577  data_time: 0.0060  memory: 26758  grad_norm: 746.3109  loss: 67.7416  loss_cls: 18.0438  loss_bbox: 19.7886  loss_dfl: 29.9092
07/10 06:08:11 - mmengine - INFO - Epoch(train)  [9][ 250/1039]  base_lr: 6.2799e-06 lr: 6.2799e-06  eta: 1:09:45  time: 1.0602  data_time: 0.0061  memory: 26758  grad_norm: 678.0383  loss: 67.5059  loss_cls: 17.9018  loss_bbox: 19.6977  loss_dfl: 29.9064
07/10 06:09:04 - mmengine - INFO - Epoch(train)  [9][ 300/1039]  base_lr: 6.1997e-06 lr: 6.1997e-06  eta: 1:08:51  time: 1.0581  data_time: 0.0061  memory: 26744  grad_norm: 715.1033  loss: 69.7912  loss_cls: 19.2653  loss_bbox: 20.3555  loss_dfl: 30.1703
07/10 06:09:57 - mmengine - INFO - Epoch(train)  [9][ 350/1039]  base_lr: 6.1196e-06 lr: 6.1196e-06  eta: 1:07:57  time: 1.0547  data_time: 0.0058  memory: 26771  grad_norm: 686.2469  loss: 65.8951  loss_cls: 16.7221  loss_bbox: 19.4509  loss_dfl: 29.7221
07/10 06:10:50 - mmengine - INFO - Epoch(train)  [9][ 400/1039]  base_lr: 6.0395e-06 lr: 6.0395e-06  eta: 1:07:03  time: 1.0615  data_time: 0.0060  memory: 26724  grad_norm: 624.9673  loss: 65.2826  loss_cls: 16.7693  loss_bbox: 19.0833  loss_dfl: 29.4300
07/10 06:11:43 - mmengine - INFO - Epoch(train)  [9][ 450/1039]  base_lr: 5.9594e-06 lr: 5.9594e-06  eta: 1:06:09  time: 1.0599  data_time: 0.0068  memory: 26704  grad_norm: 676.9840  loss: 68.5056  loss_cls: 18.3561  loss_bbox: 19.8497  loss_dfl: 30.2998
07/10 06:12:36 - mmengine - INFO - Epoch(train)  [9][ 500/1039]  base_lr: 5.8792e-06 lr: 5.8792e-06  eta: 1:05:15  time: 1.0637  data_time: 0.0075  memory: 26718  grad_norm: 621.7706  loss: 67.8755  loss_cls: 17.8874  loss_bbox: 19.9351  loss_dfl: 30.0530
07/10 06:13:29 - mmengine - INFO - Epoch(train)  [9][ 550/1039]  base_lr: 5.7991e-06 lr: 5.7991e-06  eta: 1:04:22  time: 1.0640  data_time: 0.0070  memory: 26731  grad_norm: 668.9662  loss: 66.8655  loss_cls: 17.3248  loss_bbox: 19.5360  loss_dfl: 30.0047
07/10 06:14:23 - mmengine - INFO - Epoch(train)  [9][ 600/1039]  base_lr: 5.7190e-06 lr: 5.7190e-06  eta: 1:03:28  time: 1.0682  data_time: 0.0066  memory: 26738  grad_norm: 625.7446  loss: 66.5459  loss_cls: 17.0065  loss_bbox: 19.5728  loss_dfl: 29.9666
07/10 06:15:16 - mmengine - INFO - Epoch(train)  [9][ 650/1039]  base_lr: 5.6388e-06 lr: 5.6388e-06  eta: 1:02:35  time: 1.0714  data_time: 0.0059  memory: 26718  grad_norm: 655.8595  loss: 67.0795  loss_cls: 17.7538  loss_bbox: 19.7852  loss_dfl: 29.5405
07/10 06:15:56 - mmengine - INFO - Exp name: wedetect_oraldetect_v11dt_s3_20260710_032254
07/10 06:16:09 - mmengine - INFO - Epoch(train)  [9][ 700/1039]  base_lr: 5.5587e-06 lr: 5.5587e-06  eta: 1:01:41  time: 1.0643  data_time: 0.0063  memory: 26698  grad_norm: 675.5608  loss: 66.1738  loss_cls: 17.2288  loss_bbox: 19.2745  loss_dfl: 29.6705
07/10 06:17:02 - mmengine - INFO - Epoch(train)  [9][ 750/1039]  base_lr: 5.4786e-06 lr: 5.4786e-06  eta: 1:00:47  time: 1.0538  data_time: 0.0060  memory: 26684  grad_norm: 684.2732  loss: 67.9257  loss_cls: 17.5164  loss_bbox: 20.0449  loss_dfl: 30.3643
07/10 06:17:55 - mmengine - INFO - Epoch(train)  [9][ 800/1039]  base_lr: 5.3984e-06 lr: 5.3984e-06  eta: 0:59:53  time: 1.0616  data_time: 0.0061  memory: 26704  grad_norm: 664.5877  loss: 67.6274  loss_cls: 18.2915  loss_bbox: 19.5045  loss_dfl: 29.8314
07/10 06:18:48 - mmengine - INFO - Epoch(train)  [9][ 850/1039]  base_lr: 5.3183e-06 lr: 5.3183e-06  eta: 0:58:59  time: 1.0543  data_time: 0.0060  memory: 26738  grad_norm: 786.5056  loss: 66.7007  loss_cls: 17.4002  loss_bbox: 19.6910  loss_dfl: 29.6095
07/10 06:19:41 - mmengine - INFO - Epoch(train)  [9][ 900/1039]  base_lr: 5.2382e-06 lr: 5.2382e-06  eta: 0:58:06  time: 1.0670  data_time: 0.0060  memory: 26758  grad_norm: 635.3788  loss: 68.1617  loss_cls: 18.1696  loss_bbox: 19.8362  loss_dfl: 30.1559
07/10 06:20:34 - mmengine - INFO - Epoch(train)  [9][ 950/1039]  base_lr: 5.1580e-06 lr: 5.1580e-06  eta: 0:57:12  time: 1.0607  data_time: 0.0060  memory: 26898  grad_norm: 710.1654  loss: 66.0753  loss_cls: 17.5187  loss_bbox: 19.1725  loss_dfl: 29.3841
07/10 06:21:28 - mmengine - INFO - Epoch(train)  [9][1000/1039]  base_lr: 5.0779e-06 lr: 5.0779e-06  eta: 0:56:19  time: 1.0645  data_time: 0.0063  memory: 26758  grad_norm: 641.6318  loss: 68.0627  loss_cls: 18.5507  loss_bbox: 19.5563  loss_dfl: 29.9557
07/10 06:22:08 - mmengine - INFO - Exp name: wedetect_oraldetect_v11dt_s3_20260710_032254
07/10 06:22:08 - mmengine - INFO - Saving checkpoint at 9 epochs
07/10 06:22:19 - mmengine - INFO - Epoch(val)  [9][  50/1131]    eta: 0:01:07  time: 0.0626  data_time: 0.0162  memory: 26791  
07/10 06:22:21 - mmengine - INFO - Epoch(val)  [9][ 100/1131]    eta: 0:00:55  time: 0.0452  data_time: 0.0003  memory: 3484  
07/10 06:22:25 - mmengine - INFO - Epoch(val)  [9][ 150/1131]    eta: 0:00:56  time: 0.0664  data_time: 0.0218  memory: 3484  
07/10 06:22:27 - mmengine - INFO - Epoch(val)  [9][ 200/1131]    eta: 0:00:52  time: 0.0514  data_time: 0.0064  memory: 3484  
07/10 06:22:29 - mmengine - INFO - Epoch(val)  [9][ 250/1131]    eta: 0:00:47  time: 0.0456  data_time: 0.0006  memory: 3484  
07/10 06:22:32 - mmengine - INFO - Epoch(val)  [9][ 300/1131]    eta: 0:00:44  time: 0.0486  data_time: 0.0041  memory: 3484  
07/10 06:22:34 - mmengine - INFO - Epoch(val)  [9][ 350/1131]    eta: 0:00:40  time: 0.0451  data_time: 0.0003  memory: 3484  
07/10 06:22:36 - mmengine - INFO - Epoch(val)  [9][ 400/1131]    eta: 0:00:37  time: 0.0452  data_time: 0.0003  memory: 3484  
07/10 06:22:39 - mmengine - INFO - Epoch(val)  [9][ 450/1131]    eta: 0:00:34  time: 0.0460  data_time: 0.0006  memory: 3484  
07/10 06:22:41 - mmengine - INFO - Epoch(val)  [9][ 500/1131]    eta: 0:00:31  time: 0.0453  data_time: 0.0003  memory: 3484  
07/10 06:22:43 - mmengine - INFO - Epoch(val)  [9][ 550/1131]    eta: 0:00:28  time: 0.0456  data_time: 0.0003  memory: 3484  
07/10 06:22:45 - mmengine - INFO - Epoch(val)  [9][ 600/1131]    eta: 0:00:26  time: 0.0455  data_time: 0.0003  memory: 3484  
07/10 06:22:48 - mmengine - INFO - Epoch(val)  [9][ 650/1131]    eta: 0:00:23  time: 0.0457  data_time: 0.0005  memory: 3484  
07/10 06:22:50 - mmengine - INFO - Epoch(val)  [9][ 700/1131]    eta: 0:00:21  time: 0.0457  data_time: 0.0005  memory: 3484  
07/10 06:22:52 - mmengine - INFO - Epoch(val)  [9][ 750/1131]    eta: 0:00:18  time: 0.0458  data_time: 0.0003  memory: 3484  
07/10 06:22:55 - mmengine - INFO - Epoch(val)  [9][ 800/1131]    eta: 0:00:16  time: 0.0455  data_time: 0.0003  memory: 3484  
07/10 06:22:57 - mmengine - INFO - Epoch(val)  [9][ 850/1131]    eta: 0:00:13  time: 0.0453  data_time: 0.0003  memory: 3484  
07/10 06:22:59 - mmengine - INFO - Epoch(val)  [9][ 900/1131]    eta: 0:00:11  time: 0.0471  data_time: 0.0020  memory: 3484  
07/10 06:23:02 - mmengine - INFO - Epoch(val)  [9][ 950/1131]    eta: 0:00:08  time: 0.0454  data_time: 0.0003  memory: 3484  
07/10 06:23:04 - mmengine - INFO - Epoch(val)  [9][1000/1131]    eta: 0:00:06  time: 0.0455  data_time: 0.0004  memory: 3484  
07/10 06:23:06 - mmengine - INFO - Epoch(val)  [9][1050/1131]    eta: 0:00:03  time: 0.0453  data_time: 0.0003  memory: 3484  
07/10 06:23:08 - mmengine - INFO - Epoch(val)  [9][1100/1131]    eta: 0:00:01  time: 0.0452  data_time: 0.0004  memory: 3484  
07/10 06:23:20 - mmengine - INFO - Evaluating bbox...
Loading and preparing results...
DONE (t=2.30s)
creating index...
index created!
Running per image evaluation...
Evaluate annotation type *bbox*
DONE (t=41.61s).
Accumulating evaluation results...
DONE (t=12.69s).
 Average Precision  (AP) @[ IoU=0.50:0.95 | area=   all | maxDets=100 ] = 0.611
 Average Precision  (AP) @[ IoU=0.50      | area=   all | maxDets=1000 ] = 0.739
 Average Precision  (AP) @[ IoU=0.75      | area=   all | maxDets=1000 ] = 0.683
 Average Precision  (AP) @[ IoU=0.50:0.95 | area= small | maxDets=1000 ] = 0.447
 Average Precision  (AP) @[ IoU=0.50:0.95 | area=medium | maxDets=1000 ] = 0.560
 Average Precision  (AP) @[ IoU=0.50:0.95 | area= large | maxDets=1000 ] = 0.728
 Average Recall     (AR) @[ IoU=0.50:0.95 | area=   all | maxDets=100 ] = 0.764
 Average Recall     (AR) @[ IoU=0.50:0.95 | area=   all | maxDets=300 ] = 0.764
 Average Recall     (AR) @[ IoU=0.50:0.95 | area=   all | maxDets=1000 ] = 0.764
 Average Recall     (AR) @[ IoU=0.50:0.95 | area= small | maxDets=1000 ] = 0.633
 Average Recall     (AR) @[ IoU=0.50:0.95 | area=medium | maxDets=1000 ] = 0.728
 Average Recall     (AR) @[ IoU=0.50:0.95 | area= large | maxDets=1000 ] = 0.842
07/10 06:24:20 - mmengine - INFO - bbox_mAP_copypaste: 0.611 0.739 0.683 0.447 0.560 0.728
07/10 06:24:21 - mmengine - INFO - Epoch(val) [9][1131/1131]    coco/bbox_mAP: 0.6110  coco/bbox_mAP_50: 0.7390  coco/bbox_mAP_75: 0.6830  coco/bbox_mAP_s: 0.4470  coco/bbox_mAP_m: 0.5600  coco/bbox_mAP_l: 0.7280  data_time: 0.0025  time: 0.0476
07/10 06:24:21 - mmengine - INFO - The previous best checkpoint /home/siyuan/projects/LLMs/OralDetect-Family/WeDetect_repro/WeDetect/work_dirs/oraldetect_v11dt_s3/best_coco_bbox_mAP_epoch_7.pth is removed
07/10 06:24:24 - mmengine - INFO - The best checkpoint with 0.6110 coco/bbox_mAP at 9 epoch is saved to best_coco_bbox_mAP_epoch_9.pth.
07/10 06:25:23 - mmengine - INFO - Epoch(train) [10][  50/1039]  base_lr: 4.9353e-06 lr: 4.9353e-06  eta: 0:54:43  time: 1.0591  data_time: 0.0103  memory: 26698  grad_norm: 704.1505  loss: 65.7854  loss_cls: 17.2163  loss_bbox: 18.9662  loss_dfl: 29.6029
07/10 06:26:16 - mmengine - INFO - Epoch(train) [10][ 100/1039]  base_lr: 4.8551e-06 lr: 4.8551e-06  eta: 0:53:49  time: 1.0532  data_time: 0.0066  memory: 26704  grad_norm: 667.2491  loss: 67.5985  loss_cls: 17.1737  loss_bbox: 20.2973  loss_dfl: 30.1276
07/10 06:27:09 - mmengine - INFO - Epoch(train) [10][ 150/1039]  base_lr: 4.7750e-06 lr: 4.7750e-06  eta: 0:52:55  time: 1.0631  data_time: 0.0064  memory: 26724  grad_norm: 660.5633  loss: 65.8935  loss_cls: 16.6187  loss_bbox: 19.5154  loss_dfl: 29.7594
07/10 06:28:02 - mmengine - INFO - Epoch(train) [10][ 200/1039]  base_lr: 4.6949e-06 lr: 4.6949e-06  eta: 0:52:02  time: 1.0662  data_time: 0.0072  memory: 26704  grad_norm: 611.0574  loss: 65.4440  loss_cls: 16.0779  loss_bbox: 19.5434  loss_dfl: 29.8226
07/10 06:28:55 - mmengine - INFO - Epoch(train) [10][ 250/1039]  base_lr: 4.6147e-06 lr: 4.6147e-06  eta: 0:51:08  time: 1.0609  data_time: 0.0069  memory: 26751  grad_norm: 582.4861  loss: 66.6981  loss_cls: 17.5670  loss_bbox: 19.4197  loss_dfl: 29.7114
07/10 06:29:48 - mmengine - INFO - Epoch(train) [10][ 300/1039]  base_lr: 4.5346e-06 lr: 4.5346e-06  eta: 0:50:14  time: 1.0638  data_time: 0.0065  memory: 26738  grad_norm: 649.9120  loss: 66.8019  loss_cls: 17.1052  loss_bbox: 19.7884  loss_dfl: 29.9083
07/10 06:30:41 - mmengine - INFO - Epoch(train) [10][ 350/1039]  base_lr: 4.4545e-06 lr: 4.4545e-06  eta: 0:49:21  time: 1.0570  data_time: 0.0067  memory: 26918  grad_norm: 709.0917  loss: 66.5060  loss_cls: 17.2174  loss_bbox: 19.5026  loss_dfl: 29.7860
07/10 06:31:34 - mmengine - INFO - Epoch(train) [10][ 400/1039]  base_lr: 4.3743e-06 lr: 4.3743e-06  eta: 0:48:27  time: 1.0627  data_time: 0.0068  memory: 26731  grad_norm: 599.1214  loss: 65.7890  loss_cls: 17.3636  loss_bbox: 19.0079  loss_dfl: 29.4175
07/10 06:32:28 - mmengine - INFO - Epoch(train) [10][ 450/1039]  base_lr: 4.2942e-06 lr: 4.2942e-06  eta: 0:47:34  time: 1.0750  data_time: 0.0069  memory: 26778  grad_norm: 675.6124  loss: 65.8377  loss_cls: 16.8380  loss_bbox: 19.5097  loss_dfl: 29.4900
07/10 06:33:22 - mmengine - INFO - Epoch(train) [10][ 500/1039]  base_lr: 4.2141e-06 lr: 4.2141e-06  eta: 0:46:40  time: 1.0771  data_time: 0.0069  memory: 26704  grad_norm: 591.4753  loss: 65.7947  loss_cls: 16.6872  loss_bbox: 19.2879  loss_dfl: 29.8195
07/10 06:34:16 - mmengine - INFO - Epoch(train) [10][ 550/1039]  base_lr: 4.1340e-06 lr: 4.1340e-06  eta: 0:45:47  time: 1.0715  data_time: 0.0079  memory: 26718  grad_norm: 698.9806  loss: 68.2412  loss_cls: 18.6911  loss_bbox: 19.8850  loss_dfl: 29.6651
07/10 06:35:09 - mmengine - INFO - Epoch(train) [10][ 600/1039]  base_lr: 4.0538e-06 lr: 4.0538e-06  eta: 0:44:53  time: 1.0734  data_time: 0.0076  memory: 26751  grad_norm: 638.3499  loss: 65.5265  loss_cls: 16.5549  loss_bbox: 19.2868  loss_dfl: 29.6848
07/10 06:36:02 - mmengine - INFO - Exp name: wedetect_oraldetect_v11dt_s3_20260710_032254
07/10 06:36:03 - mmengine - INFO - Epoch(train) [10][ 650/1039]  base_lr: 3.9737e-06 lr: 3.9737e-06  eta: 0:44:00  time: 1.0744  data_time: 0.0077  memory: 26798  grad_norm: 583.0315  loss: 65.7568  loss_cls: 16.4693  loss_bbox: 19.5862  loss_dfl: 29.7014
07/10 06:36:57 - mmengine - INFO - Epoch(train) [10][ 700/1039]  base_lr: 3.8936e-06 lr: 3.8936e-06  eta: 0:43:06  time: 1.0747  data_time: 0.0074  memory: 26658  grad_norm: 672.8178  loss: 65.8389  loss_cls: 16.6530  loss_bbox: 19.2067  loss_dfl: 29.9791
07/10 06:37:50 - mmengine - INFO - Epoch(train) [10][ 750/1039]  base_lr: 3.8134e-06 lr: 3.8134e-06  eta: 0:42:13  time: 1.0604  data_time: 0.0069  memory: 27084  grad_norm: 617.4245  loss: 64.8173  loss_cls: 15.7677  loss_bbox: 19.3364  loss_dfl: 29.7131
07/10 06:38:43 - mmengine - INFO - Epoch(train) [10][ 800/1039]  base_lr: 3.7333e-06 lr: 3.7333e-06  eta: 0:41:19  time: 1.0686  data_time: 0.0073  memory: 26724  grad_norm: 678.0962  loss: 66.3459  loss_cls: 16.6069  loss_bbox: 19.7139  loss_dfl: 30.0251
07/10 06:39:36 - mmengine - INFO - Epoch(train) [10][ 850/1039]  base_lr: 3.6532e-06 lr: 3.6532e-06  eta: 0:40:26  time: 1.0607  data_time: 0.0070  memory: 26711  grad_norm: 607.8847  loss: 64.7622  loss_cls: 15.8272  loss_bbox: 19.1790  loss_dfl: 29.7559
07/10 06:40:29 - mmengine - INFO - Epoch(train) [10][ 900/1039]  base_lr: 3.5730e-06 lr: 3.5730e-06  eta: 0:39:32  time: 1.0629  data_time: 0.0071  memory: 26678  grad_norm: 614.8004  loss: 65.5514  loss_cls: 16.1984  loss_bbox: 19.5585  loss_dfl: 29.7946
07/10 06:41:23 - mmengine - INFO - Epoch(train) [10][ 950/1039]  base_lr: 3.4929e-06 lr: 3.4929e-06  eta: 0:38:38  time: 1.0646  data_time: 0.0069  memory: 26704  grad_norm: 703.8773  loss: 67.9533  loss_cls: 18.3493  loss_bbox: 19.6600  loss_dfl: 29.9440
07/10 06:42:16 - mmengine - INFO - Epoch(train) [10][1000/1039]  base_lr: 3.4128e-06 lr: 3.4128e-06  eta: 0:37:45  time: 1.0672  data_time: 0.0072  memory: 26738  grad_norm: 692.7701  loss: 66.9064  loss_cls: 17.9571  loss_bbox: 19.3822  loss_dfl: 29.5671
07/10 06:42:57 - mmengine - INFO - Exp name: wedetect_oraldetect_v11dt_s3_20260710_032254
07/10 06:42:57 - mmengine - INFO - Saving checkpoint at 10 epochs
07/10 06:43:06 - mmengine - INFO - Epoch(val) [10][  50/1131]    eta: 0:01:07  time: 0.0620  data_time: 0.0162  memory: 26704  
07/10 06:43:08 - mmengine - INFO - Epoch(val) [10][ 100/1131]    eta: 0:00:55  time: 0.0450  data_time: 0.0003  memory: 3484  
07/10 06:43:12 - mmengine - INFO - Epoch(val) [10][ 150/1131]    eta: 0:00:56  time: 0.0659  data_time: 0.0216  memory: 3484  
07/10 06:43:14 - mmengine - INFO - Epoch(val) [10][ 200/1131]    eta: 0:00:52  time: 0.0517  data_time: 0.0074  memory: 3484  
07/10 06:43:16 - mmengine - INFO - Epoch(val) [10][ 250/1131]    eta: 0:00:47  time: 0.0449  data_time: 0.0003  memory: 3484  
07/10 06:43:19 - mmengine - INFO - Epoch(val) [10][ 300/1131]    eta: 0:00:44  time: 0.0489  data_time: 0.0044  memory: 3484  
07/10 06:43:21 - mmengine - INFO - Epoch(val) [10][ 350/1131]    eta: 0:00:40  time: 0.0454  data_time: 0.0004  memory: 3484  
07/10 06:43:23 - mmengine - INFO - Epoch(val) [10][ 400/1131]    eta: 0:00:37  time: 0.0452  data_time: 0.0003  memory: 3484  
07/10 06:43:26 - mmengine - INFO - Epoch(val) [10][ 450/1131]    eta: 0:00:34  time: 0.0452  data_time: 0.0003  memory: 3484  
07/10 06:43:28 - mmengine - INFO - Epoch(val) [10][ 500/1131]    eta: 0:00:31  time: 0.0450  data_time: 0.0003  memory: 3484  
07/10 06:43:30 - mmengine - INFO - Epoch(val) [10][ 550/1131]    eta: 0:00:28  time: 0.0452  data_time: 0.0004  memory: 3484  
07/10 06:43:32 - mmengine - INFO - Epoch(val) [10][ 600/1131]    eta: 0:00:26  time: 0.0453  data_time: 0.0003  memory: 3484  
07/10 06:43:35 - mmengine - INFO - Epoch(val) [10][ 650/1131]    eta: 0:00:23  time: 0.0453  data_time: 0.0003  memory: 3484  
07/10 06:43:37 - mmengine - INFO - Epoch(val) [10][ 700/1131]    eta: 0:00:20  time: 0.0455  data_time: 0.0003  memory: 3484  
07/10 06:43:39 - mmengine - INFO - Epoch(val) [10][ 750/1131]    eta: 0:00:18  time: 0.0455  data_time: 0.0003  memory: 3484  
07/10 06:43:42 - mmengine - INFO - Epoch(val) [10][ 800/1131]    eta: 0:00:15  time: 0.0457  data_time: 0.0003  memory: 3484  
07/10 06:43:44 - mmengine - INFO - Epoch(val) [10][ 850/1131]    eta: 0:00:13  time: 0.0452  data_time: 0.0003  memory: 3484  
07/10 06:43:46 - mmengine - INFO - Epoch(val) [10][ 900/1131]    eta: 0:00:11  time: 0.0466  data_time: 0.0020  memory: 3484  
07/10 06:43:48 - mmengine - INFO - Epoch(val) [10][ 950/1131]    eta: 0:00:08  time: 0.0451  data_time: 0.0003  memory: 3484  
07/10 06:43:51 - mmengine - INFO - Epoch(val) [10][1000/1131]    eta: 0:00:06  time: 0.0456  data_time: 0.0003  memory: 3484  
07/10 06:43:53 - mmengine - INFO - Epoch(val) [10][1050/1131]    eta: 0:00:03  time: 0.0449  data_time: 0.0003  memory: 3484  
07/10 06:43:55 - mmengine - INFO - Epoch(val) [10][1100/1131]    eta: 0:00:01  time: 0.0450  data_time: 0.0003  memory: 3484  
07/10 06:44:06 - mmengine - INFO - Evaluating bbox...
Loading and preparing results...
DONE (t=2.41s)
creating index...
index created!
Running per image evaluation...
Evaluate annotation type *bbox*
DONE (t=39.11s).
Accumulating evaluation results...
DONE (t=14.06s).
 Average Precision  (AP) @[ IoU=0.50:0.95 | area=   all | maxDets=100 ] = 0.615
 Average Precision  (AP) @[ IoU=0.50      | area=   all | maxDets=1000 ] = 0.742
 Average Precision  (AP) @[ IoU=0.75      | area=   all | maxDets=1000 ] = 0.687
 Average Precision  (AP) @[ IoU=0.50:0.95 | area= small | maxDets=1000 ] = 0.407
 Average Precision  (AP) @[ IoU=0.50:0.95 | area=medium | maxDets=1000 ] = 0.561
 Average Precision  (AP) @[ IoU=0.50:0.95 | area= large | maxDets=1000 ] = 0.732
 Average Recall     (AR) @[ IoU=0.50:0.95 | area=   all | maxDets=100 ] = 0.765
 Average Recall     (AR) @[ IoU=0.50:0.95 | area=   all | maxDets=300 ] = 0.765
 Average Recall     (AR) @[ IoU=0.50:0.95 | area=   all | maxDets=1000 ] = 0.765
 Average Recall     (AR) @[ IoU=0.50:0.95 | area= small | maxDets=1000 ] = 0.628
 Average Recall     (AR) @[ IoU=0.50:0.95 | area=medium | maxDets=1000 ] = 0.730
 Average Recall     (AR) @[ IoU=0.50:0.95 | area= large | maxDets=1000 ] = 0.845
07/10 06:45:06 - mmengine - INFO - bbox_mAP_copypaste: 0.615 0.742 0.687 0.407 0.561 0.732
07/10 06:45:07 - mmengine - INFO - Epoch(val) [10][1131/1131]    coco/bbox_mAP: 0.6150  coco/bbox_mAP_50: 0.7420  coco/bbox_mAP_75: 0.6870  coco/bbox_mAP_s: 0.4070  coco/bbox_mAP_m: 0.5610  coco/bbox_mAP_l: 0.7320  data_time: 0.0025  time: 0.0474
07/10 06:45:07 - mmengine - INFO - The previous best checkpoint /home/siyuan/projects/LLMs/OralDetect-Family/WeDetect_repro/WeDetect/work_dirs/oraldetect_v11dt_s3/best_coco_bbox_mAP_epoch_9.pth is removed
07/10 06:45:09 - mmengine - INFO - The best checkpoint with 0.6150 coco/bbox_mAP at 10 epoch is saved to best_coco_bbox_mAP_epoch_10.pth.
07/10 06:46:08 - mmengine - INFO - Epoch(train) [11][  50/1039]  base_lr: 3.2701e-06 lr: 3.2701e-06  eta: 0:36:09  time: 1.0559  data_time: 0.0134  memory: 26691  grad_norm: 621.2052  loss: 64.5720  loss_cls: 15.4765  loss_bbox: 19.2558  loss_dfl: 29.8397
07/10 06:47:01 - mmengine - INFO - Epoch(train) [11][ 100/1039]  base_lr: 3.1900e-06 lr: 3.1900e-06  eta: 0:35:16  time: 1.0523  data_time: 0.0073  memory: 27084  grad_norm: 680.2049  loss: 66.3502  loss_cls: 17.9351  loss_bbox: 18.9730  loss_dfl: 29.4421
07/10 06:47:54 - mmengine - INFO - Epoch(train) [11][ 150/1039]  base_lr: 3.1099e-06 lr: 3.1099e-06  eta: 0:34:22  time: 1.0630  data_time: 0.0072  memory: 26718  grad_norm: 665.5649  loss: 65.1447  loss_cls: 16.4101  loss_bbox: 19.1386  loss_dfl: 29.5959
07/10 06:48:47 - mmengine - INFO - Epoch(train) [11][ 200/1039]  base_lr: 3.0297e-06 lr: 3.0297e-06  eta: 0:33:29  time: 1.0614  data_time: 0.0074  memory: 26738  grad_norm: 640.5288  loss: 64.8791  loss_cls: 15.9578  loss_bbox: 19.1918  loss_dfl: 29.7295
07/10 06:49:40 - mmengine - INFO - Epoch(train) [11][ 250/1039]  base_lr: 2.9496e-06 lr: 2.9496e-06  eta: 0:32:35  time: 1.0601  data_time: 0.0072  memory: 26798  grad_norm: 745.3186  loss: 64.1900  loss_cls: 15.6466  loss_bbox: 18.9863  loss_dfl: 29.5571
07/10 06:50:33 - mmengine - INFO - Epoch(train) [11][ 300/1039]  base_lr: 2.8695e-06 lr: 2.8695e-06  eta: 0:31:41  time: 1.0683  data_time: 0.0072  memory: 26711  grad_norm: 622.7360  loss: 65.2242  loss_cls: 16.2715  loss_bbox: 19.5016  loss_dfl: 29.4511
07/10 06:51:26 - mmengine - INFO - Epoch(train) [11][ 350/1039]  base_lr: 2.7893e-06 lr: 2.7893e-06  eta: 0:30:48  time: 1.0582  data_time: 0.0072  memory: 26731  grad_norm: 667.9079  loss: 64.5782  loss_cls: 16.0373  loss_bbox: 18.9925  loss_dfl: 29.5484
07/10 06:52:19 - mmengine - INFO - Epoch(train) [11][ 400/1039]  base_lr: 2.7092e-06 lr: 2.7092e-06  eta: 0:29:54  time: 1.0649  data_time: 0.0071  memory: 26691  grad_norm: 620.8353  loss: 64.6800  loss_cls: 15.6873  loss_bbox: 19.3932  loss_dfl: 29.5995
07/10 06:53:13 - mmengine - INFO - Epoch(train) [11][ 450/1039]  base_lr: 2.6291e-06 lr: 2.6291e-06  eta: 0:29:01  time: 1.0738  data_time: 0.0071  memory: 26698  grad_norm: 633.8030  loss: 64.8316  loss_cls: 16.1496  loss_bbox: 19.0402  loss_dfl: 29.6418
07/10 06:54:06 - mmengine - INFO - Epoch(train) [11][ 500/1039]  base_lr: 2.5490e-06 lr: 2.5490e-06  eta: 0:28:07  time: 1.0574  data_time: 0.0071  memory: 26698  grad_norm: 670.5166  loss: 65.1969  loss_cls: 16.2485  loss_bbox: 19.2919  loss_dfl: 29.6565
07/10 06:54:59 - mmengine - INFO - Epoch(train) [11][ 550/1039]  base_lr: 2.4688e-06 lr: 2.4688e-06  eta: 0:27:14  time: 1.0648  data_time: 0.0069  memory: 26711  grad_norm: 768.5934  loss: 67.6000  loss_cls: 17.9236  loss_bbox: 19.6376  loss_dfl: 30.0389
07/10 06:55:52 - mmengine - INFO - Epoch(train) [11][ 600/1039]  base_lr: 2.3887e-06 lr: 2.3887e-06  eta: 0:26:20  time: 1.0613  data_time: 0.0071  memory: 26791  grad_norm: 603.5616  loss: 65.9482  loss_cls: 16.5345  loss_bbox: 19.5806  loss_dfl: 29.8331
07/10 06:56:03 - mmengine - INFO - Exp name: wedetect_oraldetect_v11dt_s3_20260710_032254
07/10 06:56:45 - mmengine - INFO - Epoch(train) [11][ 650/1039]  base_lr: 2.3086e-06 lr: 2.3086e-06  eta: 0:25:27  time: 1.0624  data_time: 0.0071  memory: 26804  grad_norm: 632.2468  loss: 64.3042  loss_cls: 15.7338  loss_bbox: 18.8996  loss_dfl: 29.6708
07/10 06:57:39 - mmengine - INFO - Epoch(train) [11][ 700/1039]  base_lr: 2.2284e-06 lr: 2.2284e-06  eta: 0:24:33  time: 1.0772  data_time: 0.0072  memory: 26718  grad_norm: 673.1044  loss: 66.7625  loss_cls: 16.6633  loss_bbox: 19.8776  loss_dfl: 30.2215
07/10 06:58:32 - mmengine - INFO - Epoch(train) [11][ 750/1039]  base_lr: 2.1483e-06 lr: 2.1483e-06  eta: 0:23:40  time: 1.0584  data_time: 0.0071  memory: 26731  grad_norm: 603.6296  loss: 64.2178  loss_cls: 16.1353  loss_bbox: 18.6977  loss_dfl: 29.3849
07/10 06:59:26 - mmengine - INFO - Epoch(train) [11][ 800/1039]  base_lr: 2.0682e-06 lr: 2.0682e-06  eta: 0:22:46  time: 1.0728  data_time: 0.0076  memory: 26678  grad_norm: 611.7682  loss: 64.4103  loss_cls: 16.1198  loss_bbox: 18.8473  loss_dfl: 29.4432
07/10 07:00:19 - mmengine - INFO - Epoch(train) [11][ 850/1039]  base_lr: 1.9880e-06 lr: 1.9880e-06  eta: 0:21:53  time: 1.0673  data_time: 0.0074  memory: 26704  grad_norm: 676.1682  loss: 65.8588  loss_cls: 16.8812  loss_bbox: 19.4048  loss_dfl: 29.5729
07/10 07:01:12 - mmengine - INFO - Epoch(train) [11][ 900/1039]  base_lr: 1.9079e-06 lr: 1.9079e-06  eta: 0:20:59  time: 1.0627  data_time: 0.0074  memory: 26691  grad_norm: 750.5509  loss: 64.3654  loss_cls: 15.9253  loss_bbox: 19.0106  loss_dfl: 29.4294
07/10 07:02:06 - mmengine - INFO - Epoch(train) [11][ 950/1039]  base_lr: 1.8278e-06 lr: 1.8278e-06  eta: 0:20:06  time: 1.0669  data_time: 0.0071  memory: 26664  grad_norm: 693.7136  loss: 65.8452  loss_cls: 16.6412  loss_bbox: 19.3735  loss_dfl: 29.8306
07/10 07:02:59 - mmengine - INFO - Epoch(train) [11][1000/1039]  base_lr: 1.7476e-06 lr: 1.7476e-06  eta: 0:19:12  time: 1.0595  data_time: 0.0070  memory: 26758  grad_norm: 686.5043  loss: 65.0468  loss_cls: 16.1952  loss_bbox: 19.2263  loss_dfl: 29.6253
07/10 07:03:39 - mmengine - INFO - Exp name: wedetect_oraldetect_v11dt_s3_20260710_032254
07/10 07:03:39 - mmengine - INFO - Saving checkpoint at 11 epochs
07/10 07:03:49 - mmengine - INFO - Epoch(val) [11][  50/1131]    eta: 0:01:08  time: 0.0634  data_time: 0.0181  memory: 26771  
07/10 07:03:51 - mmengine - INFO - Epoch(val) [11][ 100/1131]    eta: 0:00:56  time: 0.0456  data_time: 0.0006  memory: 3484  
07/10 07:03:55 - mmengine - INFO - Epoch(val) [11][ 150/1131]    eta: 0:00:57  time: 0.0676  data_time: 0.0234  memory: 3484  
07/10 07:03:57 - mmengine - INFO - Epoch(val) [11][ 200/1131]    eta: 0:00:52  time: 0.0493  data_time: 0.0049  memory: 3484  
07/10 07:03:59 - mmengine - INFO - Epoch(val) [11][ 250/1131]    eta: 0:00:47  time: 0.0448  data_time: 0.0004  memory: 3484  
07/10 07:04:02 - mmengine - INFO - Epoch(val) [11][ 300/1131]    eta: 0:00:44  time: 0.0492  data_time: 0.0049  memory: 3484  
07/10 07:04:04 - mmengine - INFO - Epoch(val) [11][ 350/1131]    eta: 0:00:40  time: 0.0450  data_time: 0.0003  memory: 3484  
07/10 07:04:06 - mmengine - INFO - Epoch(val) [11][ 400/1131]    eta: 0:00:37  time: 0.0457  data_time: 0.0003  memory: 3484  
07/10 07:04:09 - mmengine - INFO - Epoch(val) [11][ 450/1131]    eta: 0:00:34  time: 0.0452  data_time: 0.0003  memory: 3484  
07/10 07:04:11 - mmengine - INFO - Epoch(val) [11][ 500/1131]    eta: 0:00:31  time: 0.0452  data_time: 0.0003  memory: 3484  
07/10 07:04:13 - mmengine - INFO - Epoch(val) [11][ 550/1131]    eta: 0:00:28  time: 0.0454  data_time: 0.0003  memory: 3484  
07/10 07:04:15 - mmengine - INFO - Epoch(val) [11][ 600/1131]    eta: 0:00:26  time: 0.0453  data_time: 0.0003  memory: 3484  
07/10 07:04:18 - mmengine - INFO - Epoch(val) [11][ 650/1131]    eta: 0:00:23  time: 0.0454  data_time: 0.0003  memory: 3484  
07/10 07:04:20 - mmengine - INFO - Epoch(val) [11][ 700/1131]    eta: 0:00:21  time: 0.0466  data_time: 0.0010  memory: 3484  
07/10 07:04:22 - mmengine - INFO - Epoch(val) [11][ 750/1131]    eta: 0:00:18  time: 0.0455  data_time: 0.0003  memory: 3484  
07/10 07:04:25 - mmengine - INFO - Epoch(val) [11][ 800/1131]    eta: 0:00:16  time: 0.0456  data_time: 0.0003  memory: 3484  
07/10 07:04:27 - mmengine - INFO - Epoch(val) [11][ 850/1131]    eta: 0:00:13  time: 0.0450  data_time: 0.0003  memory: 3484  
07/10 07:04:29 - mmengine - INFO - Epoch(val) [11][ 900/1131]    eta: 0:00:11  time: 0.0465  data_time: 0.0019  memory: 3484  
07/10 07:04:31 - mmengine - INFO - Epoch(val) [11][ 950/1131]    eta: 0:00:08  time: 0.0452  data_time: 0.0004  memory: 3484  
07/10 07:04:34 - mmengine - INFO - Epoch(val) [11][1000/1131]    eta: 0:00:06  time: 0.0452  data_time: 0.0003  memory: 3484  
07/10 07:04:36 - mmengine - INFO - Epoch(val) [11][1050/1131]    eta: 0:00:03  time: 0.0453  data_time: 0.0005  memory: 3484  
07/10 07:04:38 - mmengine - INFO - Epoch(val) [11][1100/1131]    eta: 0:00:01  time: 0.0450  data_time: 0.0003  memory: 3484  
07/10 07:04:49 - mmengine - INFO - Evaluating bbox...
Loading and preparing results...
DONE (t=3.08s)
creating index...
index created!
Running per image evaluation...
Evaluate annotation type *bbox*
DONE (t=40.32s).
Accumulating evaluation results...
DONE (t=12.61s).
 Average Precision  (AP) @[ IoU=0.50:0.95 | area=   all | maxDets=100 ] = 0.616
 Average Precision  (AP) @[ IoU=0.50      | area=   all | maxDets=1000 ] = 0.743
 Average Precision  (AP) @[ IoU=0.75      | area=   all | maxDets=1000 ] = 0.688
 Average Precision  (AP) @[ IoU=0.50:0.95 | area= small | maxDets=1000 ] = 0.443
 Average Precision  (AP) @[ IoU=0.50:0.95 | area=medium | maxDets=1000 ] = 0.570
 Average Precision  (AP) @[ IoU=0.50:0.95 | area= large | maxDets=1000 ] = 0.732
 Average Recall     (AR) @[ IoU=0.50:0.95 | area=   all | maxDets=100 ] = 0.767
 Average Recall     (AR) @[ IoU=0.50:0.95 | area=   all | maxDets=300 ] = 0.767
 Average Recall     (AR) @[ IoU=0.50:0.95 | area=   all | maxDets=1000 ] = 0.767
 Average Recall     (AR) @[ IoU=0.50:0.95 | area= small | maxDets=1000 ] = 0.637
 Average Recall     (AR) @[ IoU=0.50:0.95 | area=medium | maxDets=1000 ] = 0.733
 Average Recall     (AR) @[ IoU=0.50:0.95 | area= large | maxDets=1000 ] = 0.842
07/10 07:05:49 - mmengine - INFO - bbox_mAP_copypaste: 0.616 0.743 0.688 0.443 0.570 0.732
07/10 07:05:50 - mmengine - INFO - Epoch(val) [11][1131/1131]    coco/bbox_mAP: 0.6160  coco/bbox_mAP_50: 0.7430  coco/bbox_mAP_75: 0.6880  coco/bbox_mAP_s: 0.4430  coco/bbox_mAP_m: 0.5700  coco/bbox_mAP_l: 0.7320  data_time: 0.0027  time: 0.0475
07/10 07:05:50 - mmengine - INFO - The previous best checkpoint /home/siyuan/projects/LLMs/OralDetect-Family/WeDetect_repro/WeDetect/work_dirs/oraldetect_v11dt_s3/best_coco_bbox_mAP_epoch_10.pth is removed
07/10 07:05:52 - mmengine - INFO - The best checkpoint with 0.6160 coco/bbox_mAP at 11 epoch is saved to best_coco_bbox_mAP_epoch_11.pth.
07/10 07:06:51 - mmengine - INFO - Epoch(train) [12][  50/1039]  base_lr: 1.6050e-06 lr: 1.6050e-06  eta: 0:17:37  time: 1.0527  data_time: 0.0092  memory: 26711  grad_norm: 877.3369  loss: 68.0516  loss_cls: 17.6199  loss_bbox: 20.2534  loss_dfl: 30.1783
07/10 07:07:45 - mmengine - INFO - Epoch(train) [12][ 100/1039]  base_lr: 1.5249e-06 lr: 1.5249e-06  eta: 0:16:44  time: 1.0649  data_time: 0.0062  memory: 26711  grad_norm: 573.1773  loss: 65.6451  loss_cls: 16.2550  loss_bbox: 19.3868  loss_dfl: 30.0033
07/10 07:08:37 - mmengine - INFO - Epoch(train) [12][ 150/1039]  base_lr: 1.4447e-06 lr: 1.4447e-06  eta: 0:15:50  time: 1.0508  data_time: 0.0063  memory: 26671  grad_norm: 667.1970  loss: 65.0623  loss_cls: 16.3586  loss_bbox: 19.0479  loss_dfl: 29.6558
07/10 07:09:30 - mmengine - INFO - Epoch(train) [12][ 200/1039]  base_lr: 1.3646e-06 lr: 1.3646e-06  eta: 0:14:57  time: 1.0650  data_time: 0.0063  memory: 26718  grad_norm: 756.0161  loss: 65.4752  loss_cls: 16.4273  loss_bbox: 19.3732  loss_dfl: 29.6747
07/10 07:10:24 - mmengine - INFO - Epoch(train) [12][ 250/1039]  base_lr: 1.2845e-06 lr: 1.2845e-06  eta: 0:14:03  time: 1.0633  data_time: 0.0064  memory: 26898  grad_norm: 755.7350  loss: 65.6825  loss_cls: 16.6971  loss_bbox: 19.2054  loss_dfl: 29.7800
07/10 07:11:16 - mmengine - INFO - Epoch(train) [12][ 300/1039]  base_lr: 1.2043e-06 lr: 1.2043e-06  eta: 0:13:10  time: 1.0550  data_time: 0.0066  memory: 26638  grad_norm: 631.1559  loss: 65.1042  loss_cls: 16.0872  loss_bbox: 19.1880  loss_dfl: 29.8290
07/10 07:12:10 - mmengine - INFO - Epoch(train) [12][ 350/1039]  base_lr: 1.1242e-06 lr: 1.1242e-06  eta: 0:12:16  time: 1.0684  data_time: 0.0067  memory: 26738  grad_norm: 660.4767  loss: 64.6036  loss_cls: 15.7767  loss_bbox: 19.2203  loss_dfl: 29.6066
07/10 07:13:03 - mmengine - INFO - Epoch(train) [12][ 400/1039]  base_lr: 1.0441e-06 lr: 1.0441e-06  eta: 0:11:23  time: 1.0607  data_time: 0.0062  memory: 26798  grad_norm: 606.6961  loss: 64.0692  loss_cls: 15.4543  loss_bbox: 18.8146  loss_dfl: 29.8003
07/10 07:13:56 - mmengine - INFO - Epoch(train) [12][ 450/1039]  base_lr: 9.6395e-07 lr: 9.6395e-07  eta: 0:10:29  time: 1.0578  data_time: 0.0059  memory: 26831  grad_norm: 616.2432  loss: 67.0523  loss_cls: 18.1626  loss_bbox: 19.3506  loss_dfl: 29.5392
07/10 07:14:49 - mmengine - INFO - Epoch(train) [12][ 500/1039]  base_lr: 8.8382e-07 lr: 8.8382e-07  eta: 0:09:36  time: 1.0615  data_time: 0.0059  memory: 26684  grad_norm: 665.7817  loss: 64.6772  loss_cls: 16.2044  loss_bbox: 18.8915  loss_dfl: 29.5812
07/10 07:15:41 - mmengine - INFO - Epoch(train) [12][ 550/1039]  base_lr: 8.0369e-07 lr: 8.0369e-07  eta: 0:08:42  time: 1.0542  data_time: 0.0060  memory: 26731  grad_norm: 569.7210  loss: 67.7357  loss_cls: 18.4666  loss_bbox: 19.4022  loss_dfl: 29.8668
07/10 07:16:04 - mmengine - INFO - Exp name: wedetect_oraldetect_v11dt_s3_20260710_032254
07/10 07:16:35 - mmengine - INFO - Epoch(train) [12][ 600/1039]  base_lr: 7.2355e-07 lr: 7.2355e-07  eta: 0:07:49  time: 1.0643  data_time: 0.0058  memory: 26698  grad_norm: 683.6984  loss: 65.9697  loss_cls: 16.2971  loss_bbox: 19.5319  loss_dfl: 30.1407
07/10 07:17:28 - mmengine - INFO - Epoch(train) [12][ 650/1039]  base_lr: 6.4342e-07 lr: 6.4342e-07  eta: 0:06:55  time: 1.0603  data_time: 0.0060  memory: 26744  grad_norm: 633.4257  loss: 64.5971  loss_cls: 15.4563  loss_bbox: 19.3854  loss_dfl: 29.7554
07/10 07:18:21 - mmengine - INFO - Epoch(train) [12][ 700/1039]  base_lr: 5.6329e-07 lr: 5.6329e-07  eta: 0:06:02  time: 1.0577  data_time: 0.0061  memory: 26758  grad_norm: 692.8477  loss: 63.8661  loss_cls: 15.4712  loss_bbox: 18.7963  loss_dfl: 29.5986
07/10 07:19:14 - mmengine - INFO - Epoch(train) [12][ 750/1039]  base_lr: 4.8316e-07 lr: 4.8316e-07  eta: 0:05:08  time: 1.0633  data_time: 0.0062  memory: 26678  grad_norm: 546.0917  loss: 65.0904  loss_cls: 15.9694  loss_bbox: 19.2012  loss_dfl: 29.9198
07/10 07:20:07 - mmengine - INFO - Epoch(train) [12][ 800/1039]  base_lr: 4.0303e-07 lr: 4.0303e-07  eta: 0:04:15  time: 1.0606  data_time: 0.0061  memory: 26684  grad_norm: 678.8370  loss: 64.9320  loss_cls: 16.5330  loss_bbox: 18.9013  loss_dfl: 29.4977
07/10 07:21:00 - mmengine - INFO - Epoch(train) [12][ 850/1039]  base_lr: 3.2290e-07 lr: 3.2290e-07  eta: 0:03:21  time: 1.0584  data_time: 0.0061  memory: 26704  grad_norm: 600.4482  loss: 63.7334  loss_cls: 15.4432  loss_bbox: 19.1088  loss_dfl: 29.1814
07/10 07:21:53 - mmengine - INFO - Epoch(train) [12][ 900/1039]  base_lr: 2.4277e-07 lr: 2.4277e-07  eta: 0:02:28  time: 1.0571  data_time: 0.0061  memory: 26791  grad_norm: 601.6727  loss: 65.0513  loss_cls: 15.5477  loss_bbox: 19.5271  loss_dfl: 29.9765
07/10 07:22:45 - mmengine - INFO - Epoch(train) [12][ 950/1039]  base_lr: 1.6263e-07 lr: 1.6263e-07  eta: 0:01:35  time: 1.0589  data_time: 0.0062  memory: 26778  grad_norm: 637.1336  loss: 65.4885  loss_cls: 16.3358  loss_bbox: 19.2747  loss_dfl: 29.8780
07/10 07:23:39 - mmengine - INFO - Epoch(train) [12][1000/1039]  base_lr: 8.2503e-08 lr: 8.2503e-08  eta: 0:00:41  time: 1.0645  data_time: 0.0061  memory: 26758  grad_norm: 584.8626  loss: 65.8002  loss_cls: 16.9700  loss_bbox: 19.3059  loss_dfl: 29.5244
07/10 07:24:19 - mmengine - INFO - Exp name: wedetect_oraldetect_v11dt_s3_20260710_032254
07/10 07:24:19 - mmengine - INFO - Saving checkpoint at 12 epochs
07/10 07:24:29 - mmengine - INFO - Epoch(val) [12][  50/1131]    eta: 0:01:06  time: 0.0616  data_time: 0.0166  memory: 26684  
07/10 07:24:31 - mmengine - INFO - Epoch(val) [12][ 100/1131]    eta: 0:00:54  time: 0.0448  data_time: 0.0003  memory: 3484  
07/10 07:24:34 - mmengine - INFO - Epoch(val) [12][ 150/1131]    eta: 0:00:56  time: 0.0673  data_time: 0.0232  memory: 3484  
07/10 07:24:37 - mmengine - INFO - Epoch(val) [12][ 200/1131]    eta: 0:00:52  time: 0.0508  data_time: 0.0066  memory: 3484  
07/10 07:24:39 - mmengine - INFO - Epoch(val) [12][ 250/1131]    eta: 0:00:47  time: 0.0446  data_time: 0.0003  memory: 3484  
07/10 07:24:42 - mmengine - INFO - Epoch(val) [12][ 300/1131]    eta: 0:00:44  time: 0.0492  data_time: 0.0050  memory: 3484  
07/10 07:24:44 - mmengine - INFO - Epoch(val) [12][ 350/1131]    eta: 0:00:40  time: 0.0448  data_time: 0.0003  memory: 3484  
07/10 07:24:46 - mmengine - INFO - Epoch(val) [12][ 400/1131]    eta: 0:00:37  time: 0.0453  data_time: 0.0003  memory: 3484  
07/10 07:24:48 - mmengine - INFO - Epoch(val) [12][ 450/1131]    eta: 0:00:34  time: 0.0450  data_time: 0.0003  memory: 3484  
07/10 07:24:51 - mmengine - INFO - Epoch(val) [12][ 500/1131]    eta: 0:00:31  time: 0.0451  data_time: 0.0004  memory: 3484  
07/10 07:24:53 - mmengine - INFO - Epoch(val) [12][ 550/1131]    eta: 0:00:28  time: 0.0451  data_time: 0.0003  memory: 3484  
07/10 07:24:55 - mmengine - INFO - Epoch(val) [12][ 600/1131]    eta: 0:00:26  time: 0.0450  data_time: 0.0003  memory: 3484  
07/10 07:24:58 - mmengine - INFO - Epoch(val) [12][ 650/1131]    eta: 0:00:23  time: 0.0450  data_time: 0.0003  memory: 3484  
07/10 07:25:00 - mmengine - INFO - Epoch(val) [12][ 700/1131]    eta: 0:00:20  time: 0.0451  data_time: 0.0003  memory: 3484  
07/10 07:25:02 - mmengine - INFO - Epoch(val) [12][ 750/1131]    eta: 0:00:18  time: 0.0454  data_time: 0.0003  memory: 3484  
07/10 07:25:04 - mmengine - INFO - Epoch(val) [12][ 800/1131]    eta: 0:00:15  time: 0.0454  data_time: 0.0005  memory: 3484  
07/10 07:25:07 - mmengine - INFO - Epoch(val) [12][ 850/1131]    eta: 0:00:13  time: 0.0449  data_time: 0.0003  memory: 3484  
07/10 07:25:09 - mmengine - INFO - Epoch(val) [12][ 900/1131]    eta: 0:00:11  time: 0.0467  data_time: 0.0021  memory: 3484  
07/10 07:25:11 - mmengine - INFO - Epoch(val) [12][ 950/1131]    eta: 0:00:08  time: 0.0450  data_time: 0.0003  memory: 3484  
07/10 07:25:13 - mmengine - INFO - Epoch(val) [12][1000/1131]    eta: 0:00:06  time: 0.0450  data_time: 0.0003  memory: 3484  
07/10 07:25:16 - mmengine - INFO - Epoch(val) [12][1050/1131]    eta: 0:00:03  time: 0.0447  data_time: 0.0002  memory: 3484  
07/10 07:25:18 - mmengine - INFO - Epoch(val) [12][1100/1131]    eta: 0:00:01  time: 0.0447  data_time: 0.0002  memory: 3484  
07/10 07:25:29 - mmengine - INFO - Evaluating bbox...
Loading and preparing results...
DONE (t=2.36s)
creating index...
index created!
Running per image evaluation...
Evaluate annotation type *bbox*
DONE (t=39.04s).
Accumulating evaluation results...
DONE (t=12.42s).
 Average Precision  (AP) @[ IoU=0.50:0.95 | area=   all | maxDets=100 ] = 0.619
 Average Precision  (AP) @[ IoU=0.50      | area=   all | maxDets=1000 ] = 0.745
 Average Precision  (AP) @[ IoU=0.75      | area=   all | maxDets=1000 ] = 0.691
 Average Precision  (AP) @[ IoU=0.50:0.95 | area= small | maxDets=1000 ] = 0.440
 Average Precision  (AP) @[ IoU=0.50:0.95 | area=medium | maxDets=1000 ] = 0.573
 Average Precision  (AP) @[ IoU=0.50:0.95 | area= large | maxDets=1000 ] = 0.735
 Average Recall     (AR) @[ IoU=0.50:0.95 | area=   all | maxDets=100 ] = 0.767
 Average Recall     (AR) @[ IoU=0.50:0.95 | area=   all | maxDets=300 ] = 0.767
 Average Recall     (AR) @[ IoU=0.50:0.95 | area=   all | maxDets=1000 ] = 0.767
 Average Recall     (AR) @[ IoU=0.50:0.95 | area= small | maxDets=1000 ] = 0.635
 Average Recall     (AR) @[ IoU=0.50:0.95 | area=medium | maxDets=1000 ] = 0.733
 Average Recall     (AR) @[ IoU=0.50:0.95 | area= large | maxDets=1000 ] = 0.845
07/10 07:26:27 - mmengine - INFO - bbox_mAP_copypaste: 0.619 0.745 0.691 0.440 0.573 0.735
07/10 07:26:28 - mmengine - INFO - Epoch(val) [12][1131/1131]    coco/bbox_mAP: 0.6190  coco/bbox_mAP_50: 0.7450  coco/bbox_mAP_75: 0.6910  coco/bbox_mAP_s: 0.4400  coco/bbox_mAP_m: 0.5730  coco/bbox_mAP_l: 0.7350  data_time: 0.0026  time: 0.0472
07/10 07:26:28 - mmengine - INFO - The previous best checkpoint /home/siyuan/projects/LLMs/OralDetect-Family/WeDetect_repro/WeDetect/work_dirs/oraldetect_v11dt_s3/best_coco_bbox_mAP_epoch_11.pth is removed
07/10 07:26:31 - mmengine - INFO - The best checkpoint with 0.6190 coco/bbox_mAP at 12 epoch is saved to best_coco_bbox_mAP_epoch_12.pth.
[rank0]:[W710 07:26:49.233651487 ProcessGroupNCCL.cpp:1250] Warning: WARNING: process group has NOT been destroyed before we destruct ProcessGroupNCCL. On normal program exit, the application should call destroy_process_group to ensure that any pending NCCL operations have finished in this process. In rare cases this process can exit before this point and block the progress of another member of the process group. This constraint has always been present,  but this warning has only been added since PyTorch 2.4 (function operator())
ALL 3 STAGES DONE
