########## STAGE 1 (freeze towers, train neck/head, lr 1e-4, 8ep) ##########
W0708 01:57:16.339000 1045109 site-packages/torch/distributed/run.py:793] 
W0708 01:57:16.339000 1045109 site-packages/torch/distributed/run.py:793] *****************************************
W0708 01:57:16.339000 1045109 site-packages/torch/distributed/run.py:793] Setting OMP_NUM_THREADS environment variable for each process to be 1 in default, to avoid your system being overloaded, please further tune the variable for optimal performance in your application as needed. 
W0708 01:57:16.339000 1045109 site-packages/torch/distributed/run.py:793] *****************************************
/home/siyuan/anaconda3/envs/wedetect_official/lib/python3.10/site-packages/mmengine/optim/optimizer/zero_optimizer.py:11: DeprecationWarning: `TorchScript` support for functional optimizers is deprecated and will be removed in a future PyTorch release. Consider using the `torch.compile` optimizer instead.
  from torch.distributed.optim import \
/home/siyuan/anaconda3/envs/wedetect_official/lib/python3.10/site-packages/mmengine/optim/optimizer/zero_optimizer.py:11: DeprecationWarning: `TorchScript` support for functional optimizers is deprecated and will be removed in a future PyTorch release. Consider using the `torch.compile` optimizer instead.
  from torch.distributed.optim import \
/home/siyuan/anaconda3/envs/wedetect_official/lib/python3.10/site-packages/mmengine/optim/optimizer/zero_optimizer.py:11: DeprecationWarning: `TorchScript` support for functional optimizers is deprecated and will be removed in a future PyTorch release. Consider using the `torch.compile` optimizer instead.
  from torch.distributed.optim import \
/home/siyuan/anaconda3/envs/wedetect_official/lib/python3.10/site-packages/mmengine/optim/optimizer/zero_optimizer.py:11: DeprecationWarning: `TorchScript` support for functional optimizers is deprecated and will be removed in a future PyTorch release. Consider using the `torch.compile` optimizer instead.
  from torch.distributed.optim import \
/home/siyuan/.local/lib/python3.10/site-packages/fairscale/experimental/nn/offload.py:19: FutureWarning: `torch.cuda.amp.custom_fwd(args...)` is deprecated. Please use `torch.amp.custom_fwd(args..., device_type='cuda')` instead.
  return torch.cuda.amp.custom_fwd(orig_func)  # type: ignore
/home/siyuan/.local/lib/python3.10/site-packages/fairscale/experimental/nn/offload.py:30: FutureWarning: `torch.cuda.amp.custom_bwd(args...)` is deprecated. Please use `torch.amp.custom_bwd(args..., device_type='cuda')` instead.
  return torch.cuda.amp.custom_bwd(orig_func)  # type: ignore
/home/siyuan/.local/lib/python3.10/site-packages/fairscale/experimental/nn/offload.py:19: FutureWarning: `torch.cuda.amp.custom_fwd(args...)` is deprecated. Please use `torch.amp.custom_fwd(args..., device_type='cuda')` instead.
  return torch.cuda.amp.custom_fwd(orig_func)  # type: ignore
/home/siyuan/.local/lib/python3.10/site-packages/fairscale/experimental/nn/offload.py:30: FutureWarning: `torch.cuda.amp.custom_bwd(args...)` is deprecated. Please use `torch.amp.custom_bwd(args..., device_type='cuda')` instead.
  return torch.cuda.amp.custom_bwd(orig_func)  # type: ignore
/home/siyuan/.local/lib/python3.10/site-packages/fairscale/experimental/nn/offload.py:19: FutureWarning: `torch.cuda.amp.custom_fwd(args...)` is deprecated. Please use `torch.amp.custom_fwd(args..., device_type='cuda')` instead.
  return torch.cuda.amp.custom_fwd(orig_func)  # type: ignore
/home/siyuan/.local/lib/python3.10/site-packages/fairscale/experimental/nn/offload.py:30: FutureWarning: `torch.cuda.amp.custom_bwd(args...)` is deprecated. Please use `torch.amp.custom_bwd(args..., device_type='cuda')` instead.
  return torch.cuda.amp.custom_bwd(orig_func)  # type: ignore
/home/siyuan/.local/lib/python3.10/site-packages/fairscale/experimental/nn/offload.py:19: FutureWarning: `torch.cuda.amp.custom_fwd(args...)` is deprecated. Please use `torch.amp.custom_fwd(args..., device_type='cuda')` instead.
  return torch.cuda.amp.custom_fwd(orig_func)  # type: ignore
/home/siyuan/.local/lib/python3.10/site-packages/fairscale/experimental/nn/offload.py:30: FutureWarning: `torch.cuda.amp.custom_bwd(args...)` is deprecated. Please use `torch.amp.custom_bwd(args..., device_type='cuda')` instead.
  return torch.cuda.amp.custom_bwd(orig_func)  # type: ignore
/home/siyuan/anaconda3/envs/wedetect_official/lib/python3.10/site-packages/mmengine/utils/dl_utils/setup_env.py:56: UserWarning: Setting MKL_NUM_THREADS environment variable for each process to be 1 in default, to avoid your system being overloaded, please further tune the variable for optimal performance in your application as needed.
  warnings.warn(
/home/siyuan/anaconda3/envs/wedetect_official/lib/python3.10/site-packages/mmengine/utils/dl_utils/setup_env.py:56: UserWarning: Setting MKL_NUM_THREADS environment variable for each process to be 1 in default, to avoid your system being overloaded, please further tune the variable for optimal performance in your application as needed.
  warnings.warn(
/home/siyuan/anaconda3/envs/wedetect_official/lib/python3.10/site-packages/mmengine/utils/dl_utils/setup_env.py:56: UserWarning: Setting MKL_NUM_THREADS environment variable for each process to be 1 in default, to avoid your system being overloaded, please further tune the variable for optimal performance in your application as needed.
  warnings.warn(
/home/siyuan/anaconda3/envs/wedetect_official/lib/python3.10/site-packages/mmengine/utils/dl_utils/setup_env.py:56: UserWarning: Setting MKL_NUM_THREADS environment variable for each process to be 1 in default, to avoid your system being overloaded, please further tune the variable for optimal performance in your application as needed.
  warnings.warn(
07/08 01:57:21 - mmengine - INFO - 
------------------------------------------------------------
System environment:
    sys.platform: linux
    Python: 3.10.20 (main, Jun 11 2026, 15:17:37) [GCC 14.3.0]
    CUDA available: True
    MUSA available: False
    numpy_random_seed: 957810394
    GPU 0,1,2,3: NVIDIA RTX A6000
    CUDA_HOME: /usr/local/cuda-11.3
    NVCC: Cuda compilation tools, release 11.3, V11.3.109
    GCC: gcc (Ubuntu 9.5.0-1ubuntu1~22.04) 9.5.0
    PyTorch: 2.5.1+cu124
    PyTorch compiling details: PyTorch built with:
  - GCC 9.3
  - C++ Version: 201703
  - Intel(R) oneAPI Math Kernel Library Version 2024.2-Product Build 20240605 for Intel(R) 64 architecture applications
  - Intel(R) MKL-DNN v3.5.3 (Git Hash 66f0cb9eb66affd2da3bf5f8d897376f04aae6af)
  - OpenMP 201511 (a.k.a. OpenMP 4.5)
  - LAPACK is enabled (usually provided by MKL)
  - NNPACK is enabled
  - CPU capability usage: AVX2
  - CUDA Runtime 12.4
  - NVCC architecture flags: -gencode;arch=compute_50,code=sm_50;-gencode;arch=compute_60,code=sm_60;-gencode;arch=compute_70,code=sm_70;-gencode;arch=compute_75,code=sm_75;-gencode;arch=compute_80,code=sm_80;-gencode;arch=compute_86,code=sm_86;-gencode;arch=compute_90,code=sm_90
  - CuDNN 90.1
  - Magma 2.6.1
  - Build settings: BLAS_INFO=mkl, BUILD_TYPE=Release, CUDA_VERSION=12.4, CUDNN_VERSION=9.1.0, CXX_COMPILER=/opt/rh/devtoolset-9/root/usr/bin/c++, CXX_FLAGS= -D_GLIBCXX_USE_CXX11_ABI=0 -fabi-version=11 -fvisibility-inlines-hidden -DUSE_PTHREADPOOL -DNDEBUG -DUSE_KINETO -DLIBKINETO_NOROCTRACER -DLIBKINETO_NOXPUPTI=ON -DUSE_FBGEMM -DUSE_PYTORCH_QNNPACK -DUSE_XNNPACK -DSYMBOLICATE_MOBILE_DEBUG_HANDLE -O2 -fPIC -Wall -Wextra -Werror=return-type -Werror=non-virtual-dtor -Werror=bool-operation -Wnarrowing -Wno-missing-field-initializers -Wno-type-limits -Wno-array-bounds -Wno-unknown-pragmas -Wno-unused-parameter -Wno-strict-overflow -Wno-strict-aliasing -Wno-stringop-overflow -Wsuggest-override -Wno-psabi -Wno-error=old-style-cast -Wno-missing-braces -fdiagnostics-color=always -faligned-new -Wno-unused-but-set-variable -Wno-maybe-uninitialized -fno-math-errno -fno-trapping-math -Werror=format -Wno-stringop-overflow, LAPACK_INFO=mkl, PERF_WITH_AVX=1, PERF_WITH_AVX2=1, TORCH_VERSION=2.5.1, USE_CUDA=ON, USE_CUDNN=ON, USE_CUSPARSELT=1, USE_EXCEPTION_PTR=1, USE_GFLAGS=OFF, USE_GLOG=OFF, USE_GLOO=ON, USE_MKL=ON, USE_MKLDNN=ON, USE_MPI=OFF, USE_NCCL=1, USE_NNPACK=ON, USE_OPENMP=ON, USE_ROCM=OFF, USE_ROCM_KERNEL_ASSERT=OFF, 

    TorchVision: 0.20.1+cu124
    OpenCV: 4.10.0
    MMEngine: 0.10.7

Runtime environment:
    cudnn_benchmark: False
    mp_cfg: {'mp_start_method': 'fork', 'opencv_num_threads': 0}
    dist_cfg: {'backend': 'nccl'}
    seed: 957810394
    Distributed launcher: pytorch
    Distributed training: True
    GPU number: 4
------------------------------------------------------------

07/08 01:57:23 - mmengine - INFO - Config:
CLASS_NAMES = '/home/siyuan/projects/LLMs/OralDetect-Family/OralDetect/datas/class_names_oraldetect_reorg.json'
CLASS_TEXT = '/home/siyuan/projects/LLMs/OralDetect-Family/OralDetect/datas/class_texts_oraldetect_reorg.json'
DATAS = '/home/siyuan/projects/LLMs/OralDetect-Family/OralDetect/datas'
DATA_ROOT = '/home/siyuan/projects/LLMs/OralDetect-Family/OralDetect/datas/'
DENTALBERT = '/home/siyuan/projects/LLMs/OralDetect-Family/OralCLIP/Bert_tuning/checkpoints/BiomedNLP-BiomedBERT-base-uncased-abstract-fulltext_dental_mlm/final'
TEST_ANN = '/home/siyuan/projects/LLMs/OralDetect-Family/OralDetect/datas/instances_oraldetect_reorg_val.json'
TRAIN_ANN = '/home/siyuan/projects/LLMs/OralDetect-Family/OralDetect/datas/instances_oraldetect_reorg_train.json'
affine_scale = 0.5
albu_train_transforms = [
    dict(p=0.01, type='Blur'),
    dict(p=0.01, type='MedianBlur'),
    dict(p=0.01, type='ToGray'),
    dict(p=0.01, type='CLAHE'),
]
backend_args = None
base_lr = 0.0001
close_mosaic_epochs = 4
coco_evaluator = dict(
    ann_file='data/coco/annotations/instances_val2017.json',
    metric='bbox',
    type='CocoMetric')
coco_val_dataset = dict(
    class_text_path='data/texts/coco_zh_class_texts.json',
    dataset=dict(
        ann_file='data/coco/annotations/instances_val2017.json',
        batch_shapes_cfg=None,
        data_prefix=dict(img='val2017'),
        data_root='data/coco/',
        test_mode=True,
        type='WeCocoDataset'),
    pipeline=[
        dict(backend_args=None, type='LoadImageFromFile'),
        dict(scale=(
            640,
            640,
        ), type='WeDetectKeepRatioResize'),
        dict(
            allow_scale_up=False,
            pad_val=dict(img=114),
            scale=(
                640,
                640,
            ),
            type='WeDetectLetterResize'),
        dict(_scope_='mmdet', type='LoadAnnotations', with_bbox=True),
        dict(type='LoadText'),
        dict(
            meta_keys=(
                'img_id',
                'img_path',
                'ori_shape',
                'img_shape',
                'scale_factor',
                'pad_param',
                'texts',
            ),
            type='PackDetInputs'),
    ],
    type='MultiModalDataset')
custom_hooks = []
custom_imports = dict(
    allow_failed_imports=False, imports=[
        'wedetect',
    ])
default_hooks = dict(
    checkpoint=dict(
        interval=1,
        max_keep_ckpts=3,
        save_best='coco/bbox_mAP',
        type='CheckpointHook'),
    logger=dict(interval=50, type='LoggerHook'),
    param_scheduler=dict(type='ParamSchedulerHook'),
    sampler_seed=dict(type='DistSamplerSeedHook'),
    timer=dict(type='IterTimerHook'),
    visualization=dict(type='mmdet.DetVisualizationHook'))
default_scope = 'mmdet'
dist_cfg = dict(backend='nccl', timeout=10800)
env_cfg = dict(
    cudnn_benchmark=False,
    dist_cfg=dict(backend='nccl'),
    mp_cfg=dict(mp_start_method='fork', opencv_num_threads=0))
find_unused_parameters = True
img_scale = (
    640,
    640,
)
launcher = 'pytorch'
load_from = '/home/siyuan/projects/LLMs/OralDetect-Family/OralCLIP/pretrained/wedetect_oralclipv11_dentalbert_init.pth'
log_level = 'INFO'
log_processor = dict(by_epoch=True, type='LogProcessor', window_size=50)
loss_bbox_weight = 7.5
loss_cls_weight = 0.5
loss_dfl_weight = 0.375
lvis_minival_dataset = dict(
    class_text_path='data/texts/lvis_v1_zh_class_texts.json',
    dataset=dict(
        ann_file='data/lvis/lvis_v1_minival_inserted_image_name.json',
        batch_shapes_cfg=None,
        data_prefix=dict(img=''),
        data_root='data/coco/',
        test_mode=True,
        type='YOLOv5LVISV1Dataset'),
    pipeline=[
        dict(backend_args=None, type='LoadImageFromFile'),
        dict(scale=(
            640,
            640,
        ), type='WeDetectKeepRatioResize'),
        dict(
            allow_scale_up=False,
            pad_val=dict(img=114),
            scale=(
                640,
                640,
            ),
            type='WeDetectLetterResize'),
        dict(_scope_='mmdet', type='LoadAnnotations', with_bbox=True),
        dict(type='LoadText'),
        dict(
            meta_keys=(
                'img_id',
                'img_path',
                'ori_shape',
                'img_shape',
                'scale_factor',
                'pad_param',
                'texts',
            ),
            type='PackDetInputs'),
    ],
    type='MultiModalDataset')
lvis_minival_evaluator = dict(
    ann_file='data/lvis/lvis_v1_minival_inserted_image_name.json',
    metric='bbox',
    type='LVISMetric')
lvis_od_val_dataset = dict(
    class_text_path='data/texts/lvis_v1_zh_class_texts.json',
    dataset=dict(
        ann_file='data/lvis/lvis_od_val.json',
        batch_shapes_cfg=None,
        data_prefix=dict(img=''),
        data_root='data/coco/',
        test_mode=True,
        type='YOLOv5LVISV1Dataset'),
    pipeline=[
        dict(backend_args=None, type='LoadImageFromFile'),
        dict(scale=(
            640,
            640,
        ), type='WeDetectKeepRatioResize'),
        dict(
            allow_scale_up=False,
            pad_val=dict(img=114),
            scale=(
                640,
                640,
            ),
            type='WeDetectLetterResize'),
        dict(_scope_='mmdet', type='LoadAnnotations', with_bbox=True),
        dict(type='LoadText'),
        dict(
            meta_keys=(
                'img_id',
                'img_path',
                'ori_shape',
                'img_shape',
                'scale_factor',
                'pad_param',
                'texts',
            ),
            type='PackDetInputs'),
    ],
    type='MultiModalDataset')
lvis_od_val_evaluator = dict(
    ann_file='data/lvis/lvis_od_val.json', metric='bbox', type='LVISMetric')
max_epochs = 8
metainfo = dict(
    classes=(
        'abnormal oral epithelial cell',
        'alveolar bone loss',
        'anterior teeth with fluorosis',
        'anterior teeth without fluorosis',
        'canine',
        'central incisor',
        'craniofacial or oral anomaly',
        'dental abrasion',
        'dental caries',
        'dental crown restoration',
        'dental filling',
        'dental implant',
        'dental opacity',
        'dental restoration',
        'dental restoration (filling or crown)',
        'dividing oral cell',
        'first molar',
        'first premolar',
        'foreign object or debris',
        'hard recognized oral cell',
        'impacted wisdom tooth',
        'intraoral appliance',
        'lateral incisor',
        'lightly abnormal oral cell',
        'malignant oral cell',
        'mandibular canal',
        'maxillary sinus',
        'missing or residual root',
        'missing teeth',
        'normal',
        'normal oral cell',
        'oral blood cell',
        'orthodontic bracket',
        'periapical lesion',
        'periodontal pocket',
        'primary endodontic lesion',
        'primary endodontic with secondary periodontal lesion',
        'primary periodontal lesion',
        'primary periodontal with secondary endodontic lesion',
        'reactive oral cell',
        'root canal treatment',
        'second molar',
        'second premolar',
        'severe gingivitis',
        'suspicious malignant oral cell',
        'tooth 11 (upper right central incisor)',
        'tooth 12 (upper right lateral incisor)',
        'tooth 13 (upper right canine)',
        'tooth 14 (upper right first premolar)',
        'tooth 15 (upper right second premolar)',
        'tooth 16 (upper right first molar)',
        'tooth 17 (upper right second molar)',
        'tooth 18 (upper right third molar)',
        'tooth 21 (upper left central incisor)',
        'tooth 22 (upper left lateral incisor)',
        'tooth 23 (upper left canine)',
        'tooth 24 (upper left first premolar)',
        'tooth 25 (upper left second premolar)',
        'tooth 26 (upper left first molar)',
        'tooth 27 (upper left second molar)',
        'tooth 28 (upper left third molar)',
        'tooth 31 (lower left central incisor)',
        'tooth 32 (lower left lateral incisor)',
        'tooth 33 (lower left canine)',
        'tooth 34 (lower left first premolar)',
        'tooth 35 (lower left second premolar)',
        'tooth 36 (lower left first molar)',
        'tooth 37 (lower left second molar)',
        'tooth 38 (lower left third molar)',
        'tooth 41 (lower right central incisor)',
        'tooth 42 (lower right lateral incisor)',
        'tooth 43 (lower right canine)',
        'tooth 44 (lower right first premolar)',
        'tooth 45 (lower right second premolar)',
        'tooth 46 (lower right first molar)',
        'tooth 47 (lower right second molar)',
        'tooth 48 (lower right third molar)',
        'tooth erosion',
        'tooth malformation',
        'true combined endo-perio lesion',
        'tumor',
    ))
mixup_prob = 0.15
model = dict(
    backbone=dict(
        image_model=dict(
            frozen_modules=[
                'all',
            ],
            model_name='base',
            type='ConvNextVisionBackbone'),
        text_model=dict(
            frozen_modules=[
                'all',
            ],
            model_name=
            '/home/siyuan/projects/LLMs/OralDetect-Family/OralCLIP/Bert_tuning/checkpoints/BiomedNLP-BiomedBERT-base-uncased-abstract-fulltext_dental_mlm/final',
            model_size='base',
            type='DentalBertLanguageBackbone'),
        type='MultiModalYOLOBackbone'),
    bbox_head=dict(
        bbox_coder=dict(type='WeDetectDistancePointBBoxCoder'),
        head_module=dict(
            embed_dims=768,
            in_channels=[
                256,
                512,
                1024,
            ],
            model_size='base',
            num_classes=81,
            type='YOLOWorldHeadModule',
            use_bn_head=True),
        loss_bbox=dict(
            bbox_format='xyxy',
            iou_mode='ciou',
            loss_weight=7.5,
            reduction='sum',
            return_iou=False,
            type='mmyoloIoULoss'),
        loss_cls=dict(
            loss_weight=0.5,
            reduction='none',
            type='CrossEntropyLoss',
            use_sigmoid=True),
        loss_dfl=dict(
            loss_weight=0.375, reduction='mean', type='DistributionFocalLoss'),
        prior_generator=dict(
            offset=0.5, strides=[
                8,
                16,
                32,
            ], type='MlvlPointGenerator'),
        type='YOLOWorldHead'),
    data_preprocessor=dict(
        bgr_to_rgb=True,
        mean=[
            0.0,
            0.0,
            0.0,
        ],
        std=[
            255.0,
            255.0,
            255.0,
        ],
        type='YOLOWDetDataPreprocessor'),
    mm_neck=False,
    neck=dict(model_size='base', scale_factor=1.0, type='CSPRepBiFPANNeck'),
    num_test_classes=81,
    num_train_classes=81,
    test_cfg=dict(
        max_per_img=300,
        multi_label=True,
        nms=dict(iou_threshold=0.7, type='nms'),
        nms_pre=30000,
        score_thr=0.001),
    train_cfg=dict(
        assigner=dict(
            alpha=0.5,
            beta=6.0,
            eps=1e-09,
            num_classes=81,
            topk=10,
            type='BatchTaskAlignedAssigner',
            use_ciou=True)),
    type='YOLOWorldDetector')
model_test_cfg = dict(
    max_per_img=300,
    multi_label=True,
    nms=dict(iou_threshold=0.7, type='nms'),
    nms_pre=30000,
    score_thr=0.001)
mosaic_affine_transform = [
    dict(
        img_scale=(
            640,
            640,
        ),
        pad_val=114.0,
        pre_transform=[
            dict(backend_args=None, type='LoadImageFromFile'),
            dict(type='LoadAnnotations', with_bbox=True),
        ],
        type='MultiModalMosaic'),
    dict(
        border=(
            -320,
            -320,
        ),
        border_val=(
            114,
            114,
            114,
        ),
        max_aspect_ratio=100.0,
        max_rotate_degree=0.0,
        max_shear_degree=0.0,
        scaling_ratio_range=(
            0.5,
            1.5,
        ),
        type='WeDetectRandomAffine'),
]
neck_embed_channels = [
    128,
    256,
    512,
]
neck_num_heads = [
    4,
    8,
    16,
]
num_classes = 81
num_training_classes = 81
optim_wrapper = dict(
    clip_grad=dict(max_norm=10.0),
    constructor='YOLOWv5OptimizerConstructor',
    optimizer=dict(
        batch_size_per_gpu=8, lr=0.0001, type='AdamW', weight_decay=0.05),
    paramwise_cfg=dict(
        custom_keys=dict({
            'backbone.text_model': dict(lr_mult=0.1),
            'logit_scale': dict(weight_decay=0.0)
        })),
    type='OptimWrapper')
param_scheduler = [
    dict(
        begin=0,
        by_epoch=False,
        end=1000,
        end_factor=1.0,
        start_factor=0.001,
        type='LinearLR'),
    dict(
        begin=0,
        by_epoch=True,
        convert_to_iter_based=True,
        end=8,
        end_factor=0.01,
        start_factor=1.0,
        type='LinearLR'),
]
persistent_workers = True
pre_transform = [
    dict(backend_args=None, type='LoadImageFromFile'),
    dict(type='LoadAnnotations', with_bbox=True),
]
resume = False
save_epoch_intervals = 1
tal_alpha = 0.5
tal_beta = 6.0
tal_topk = 10
test_cfg = dict(type='TestLoop')
test_dataloader = dict(
    batch_size=1,
    dataset=dict(
        class_text_path=
        '/home/siyuan/projects/LLMs/OralDetect-Family/OralDetect/datas/class_texts_oraldetect_reorg.json',
        dataset=dict(
            ann_file=
            '/home/siyuan/projects/LLMs/OralDetect-Family/OralDetect/datas/instances_oraldetect_reorg_val.json',
            batch_shapes_cfg=None,
            data_prefix=dict(img='oraldetect_reorg2017/'),
            data_root=
            '/home/siyuan/projects/LLMs/OralDetect-Family/OralDetect/datas/',
            metainfo=dict(
                classes=(
                    'abnormal oral epithelial cell',
                    'alveolar bone loss',
                    'anterior teeth with fluorosis',
                    'anterior teeth without fluorosis',
                    'canine',
                    'central incisor',
                    'craniofacial or oral anomaly',
                    'dental abrasion',
                    'dental caries',
                    'dental crown restoration',
                    'dental filling',
                    'dental implant',
                    'dental opacity',
                    'dental restoration',
                    'dental restoration (filling or crown)',
                    'dividing oral cell',
                    'first molar',
                    'first premolar',
                    'foreign object or debris',
                    'hard recognized oral cell',
                    'impacted wisdom tooth',
                    'intraoral appliance',
                    'lateral incisor',
                    'lightly abnormal oral cell',
                    'malignant oral cell',
                    'mandibular canal',
                    'maxillary sinus',
                    'missing or residual root',
                    'missing teeth',
                    'normal',
                    'normal oral cell',
                    'oral blood cell',
                    'orthodontic bracket',
                    'periapical lesion',
                    'periodontal pocket',
                    'primary endodontic lesion',
                    'primary endodontic with secondary periodontal lesion',
                    'primary periodontal lesion',
                    'primary periodontal with secondary endodontic lesion',
                    'reactive oral cell',
                    'root canal treatment',
                    'second molar',
                    'second premolar',
                    'severe gingivitis',
                    'suspicious malignant oral cell',
                    'tooth 11 (upper right central incisor)',
                    'tooth 12 (upper right lateral incisor)',
                    'tooth 13 (upper right canine)',
                    'tooth 14 (upper right first premolar)',
                    'tooth 15 (upper right second premolar)',
                    'tooth 16 (upper right first molar)',
                    'tooth 17 (upper right second molar)',
                    'tooth 18 (upper right third molar)',
                    'tooth 21 (upper left central incisor)',
                    'tooth 22 (upper left lateral incisor)',
                    'tooth 23 (upper left canine)',
                    'tooth 24 (upper left first premolar)',
                    'tooth 25 (upper left second premolar)',
                    'tooth 26 (upper left first molar)',
                    'tooth 27 (upper left second molar)',
                    'tooth 28 (upper left third molar)',
                    'tooth 31 (lower left central incisor)',
                    'tooth 32 (lower left lateral incisor)',
                    'tooth 33 (lower left canine)',
                    'tooth 34 (lower left first premolar)',
                    'tooth 35 (lower left second premolar)',
                    'tooth 36 (lower left first molar)',
                    'tooth 37 (lower left second molar)',
                    'tooth 38 (lower left third molar)',
                    'tooth 41 (lower right central incisor)',
                    'tooth 42 (lower right lateral incisor)',
                    'tooth 43 (lower right canine)',
                    'tooth 44 (lower right first premolar)',
                    'tooth 45 (lower right second premolar)',
                    'tooth 46 (lower right first molar)',
                    'tooth 47 (lower right second molar)',
                    'tooth 48 (lower right third molar)',
                    'tooth erosion',
                    'tooth malformation',
                    'true combined endo-perio lesion',
                    'tumor',
                )),
            test_mode=True,
            type='WeCocoDataset'),
        pipeline=[
            dict(backend_args=None, type='LoadImageFromFile'),
            dict(scale=(
                640,
                640,
            ), type='WeDetectKeepRatioResize'),
            dict(
                allow_scale_up=False,
                pad_val=dict(img=114),
                scale=(
                    640,
                    640,
                ),
                type='WeDetectLetterResize'),
            dict(_scope_='mmdet', type='LoadAnnotations', with_bbox=True),
            dict(type='LoadText'),
            dict(
                meta_keys=(
                    'img_id',
                    'img_path',
                    'ori_shape',
                    'img_shape',
                    'scale_factor',
                    'pad_param',
                    'texts',
                ),
                type='PackDetInputs'),
        ],
        type='MultiModalDataset'),
    drop_last=False,
    num_workers=2,
    persistent_workers=True,
    pin_memory=True,
    sampler=dict(shuffle=False, type='DefaultSampler'))
test_evaluator = dict(
    ann_file=
    '/home/siyuan/projects/LLMs/OralDetect-Family/OralDetect/datas/instances_oraldetect_reorg_val.json',
    metric='bbox',
    type='CocoMetric')
test_pipeline = [
    dict(backend_args=None, type='LoadImageFromFile'),
    dict(scale=(
        640,
        640,
    ), type='WeDetectKeepRatioResize'),
    dict(
        allow_scale_up=False,
        pad_val=dict(img=114),
        scale=(
            640,
            640,
        ),
        type='WeDetectLetterResize'),
    dict(_scope_='mmdet', type='LoadAnnotations', with_bbox=True),
    dict(type='LoadText'),
    dict(
        meta_keys=(
            'img_id',
            'img_path',
            'ori_shape',
            'img_shape',
            'scale_factor',
            'pad_param',
            'texts',
        ),
        type='PackDetInputs'),
]
text_channels = 768
text_transform = [
    dict(
        max_num_samples=81,
        num_neg_samples=(
            81,
            81,
        ),
        padding_to_max=True,
        padding_value='',
        type='RandomLoadText'),
    dict(
        meta_keys=(
            'img_id',
            'img_path',
            'ori_shape',
            'img_shape',
            'flip',
            'flip_direction',
            'texts',
        ),
        type='mmdet.PackDetInputs'),
]
train_batch_size_per_gpu = 8
train_cfg = dict(
    dynamic_intervals=[
        (
            8,
            1,
        ),
    ],
    max_epochs=8,
    type='EpochBasedTrainLoop',
    val_interval=2)
train_dataloader = dict(
    batch_size=8,
    collate_fn=dict(type='yolow_collate'),
    dataset=dict(
        class_text_path=
        '/home/siyuan/projects/LLMs/OralDetect-Family/OralDetect/datas/class_texts_oraldetect_reorg.json',
        dataset=dict(
            ann_file=
            '/home/siyuan/projects/LLMs/OralDetect-Family/OralDetect/datas/instances_oraldetect_reorg_train.json',
            data_prefix=dict(img='oraldetect_reorg2017/'),
            data_root=
            '/home/siyuan/projects/LLMs/OralDetect-Family/OralDetect/datas/',
            filter_cfg=dict(filter_empty_gt=False, min_size=32),
            metainfo=dict(
                classes=(
                    'abnormal oral epithelial cell',
                    'alveolar bone loss',
                    'anterior teeth with fluorosis',
                    'anterior teeth without fluorosis',
                    'canine',
                    'central incisor',
                    'craniofacial or oral anomaly',
                    'dental abrasion',
                    'dental caries',
                    'dental crown restoration',
                    'dental filling',
                    'dental implant',
                    'dental opacity',
                    'dental restoration',
                    'dental restoration (filling or crown)',
                    'dividing oral cell',
                    'first molar',
                    'first premolar',
                    'foreign object or debris',
                    'hard recognized oral cell',
                    'impacted wisdom tooth',
                    'intraoral appliance',
                    'lateral incisor',
                    'lightly abnormal oral cell',
                    'malignant oral cell',
                    'mandibular canal',
                    'maxillary sinus',
                    'missing or residual root',
                    'missing teeth',
                    'normal',
                    'normal oral cell',
                    'oral blood cell',
                    'orthodontic bracket',
                    'periapical lesion',
                    'periodontal pocket',
                    'primary endodontic lesion',
                    'primary endodontic with secondary periodontal lesion',
                    'primary periodontal lesion',
                    'primary periodontal with secondary endodontic lesion',
                    'reactive oral cell',
                    'root canal treatment',
                    'second molar',
                    'second premolar',
                    'severe gingivitis',
                    'suspicious malignant oral cell',
                    'tooth 11 (upper right central incisor)',
                    'tooth 12 (upper right lateral incisor)',
                    'tooth 13 (upper right canine)',
                    'tooth 14 (upper right first premolar)',
                    'tooth 15 (upper right second premolar)',
                    'tooth 16 (upper right first molar)',
                    'tooth 17 (upper right second molar)',
                    'tooth 18 (upper right third molar)',
                    'tooth 21 (upper left central incisor)',
                    'tooth 22 (upper left lateral incisor)',
                    'tooth 23 (upper left canine)',
                    'tooth 24 (upper left first premolar)',
                    'tooth 25 (upper left second premolar)',
                    'tooth 26 (upper left first molar)',
                    'tooth 27 (upper left second molar)',
                    'tooth 28 (upper left third molar)',
                    'tooth 31 (lower left central incisor)',
                    'tooth 32 (lower left lateral incisor)',
                    'tooth 33 (lower left canine)',
                    'tooth 34 (lower left first premolar)',
                    'tooth 35 (lower left second premolar)',
                    'tooth 36 (lower left first molar)',
                    'tooth 37 (lower left second molar)',
                    'tooth 38 (lower left third molar)',
                    'tooth 41 (lower right central incisor)',
                    'tooth 42 (lower right lateral incisor)',
                    'tooth 43 (lower right canine)',
                    'tooth 44 (lower right first premolar)',
                    'tooth 45 (lower right second premolar)',
                    'tooth 46 (lower right first molar)',
                    'tooth 47 (lower right second molar)',
                    'tooth 48 (lower right third molar)',
                    'tooth erosion',
                    'tooth malformation',
                    'true combined endo-perio lesion',
                    'tumor',
                )),
            type='WeCocoDataset'),
        pipeline=[
            dict(backend_args=None, type='LoadImageFromFile'),
            dict(type='LoadAnnotations', with_bbox=True),
            dict(
                img_scale=(
                    640,
                    640,
                ),
                pad_val=114.0,
                pre_transform=[
                    dict(backend_args=None, type='LoadImageFromFile'),
                    dict(type='LoadAnnotations', with_bbox=True),
                ],
                type='MultiModalMosaic'),
            dict(
                border=(
                    -320,
                    -320,
                ),
                border_val=(
                    114,
                    114,
                    114,
                ),
                max_aspect_ratio=100.0,
                max_rotate_degree=0.0,
                max_shear_degree=0.0,
                scaling_ratio_range=(
                    0.5,
                    1.5,
                ),
                type='WeDetectRandomAffine'),
            dict(
                pre_transform=[
                    dict(backend_args=None, type='LoadImageFromFile'),
                    dict(type='LoadAnnotations', with_bbox=True),
                    dict(
                        img_scale=(
                            640,
                            640,
                        ),
                        pad_val=114.0,
                        pre_transform=[
                            dict(backend_args=None, type='LoadImageFromFile'),
                            dict(type='LoadAnnotations', with_bbox=True),
                        ],
                        type='MultiModalMosaic'),
                    dict(
                        border=(
                            -320,
                            -320,
                        ),
                        border_val=(
                            114,
                            114,
                            114,
                        ),
                        max_aspect_ratio=100.0,
                        max_rotate_degree=0.0,
                        max_shear_degree=0.0,
                        scaling_ratio_range=(
                            0.5,
                            1.5,
                        ),
                        type='WeDetectRandomAffine'),
                ],
                prob=0.15,
                type='YOLOv5MultiModalMixUp'),
            dict(
                bbox_params=dict(
                    format='pascal_voc',
                    label_fields=[
                        'gt_bboxes_labels',
                        'gt_ignore_flags',
                    ],
                    type='BboxParams'),
                keymap=dict(gt_bboxes='bboxes', img='image'),
                transforms=[
                    dict(p=0.01, type='Blur'),
                    dict(p=0.01, type='MedianBlur'),
                    dict(p=0.01, type='ToGray'),
                    dict(p=0.01, type='CLAHE'),
                ],
                type='mmdet.Albu'),
            dict(type='WeDetectHSVRandomAug'),
            dict(prob=0.5, type='mmdet.RandomFlip'),
            dict(
                max_num_samples=81,
                num_neg_samples=(
                    81,
                    81,
                ),
                padding_to_max=True,
                padding_value='',
                type='RandomLoadText'),
            dict(
                meta_keys=(
                    'img_id',
                    'img_path',
                    'ori_shape',
                    'img_shape',
                    'flip',
                    'flip_direction',
                    'texts',
                ),
                type='mmdet.PackDetInputs'),
        ],
        type='MultiModalDataset'),
    num_workers=4,
    persistent_workers=True,
    sampler=dict(shuffle=True, type='DefaultSampler'))
train_dataset = dict(
    class_text_path=
    '/home/siyuan/projects/LLMs/OralDetect-Family/OralDetect/datas/class_texts_oraldetect_reorg.json',
    dataset=dict(
        ann_file=
        '/home/siyuan/projects/LLMs/OralDetect-Family/OralDetect/datas/instances_oraldetect_reorg_train.json',
        data_prefix=dict(img='oraldetect_reorg2017/'),
        data_root=
        '/home/siyuan/projects/LLMs/OralDetect-Family/OralDetect/datas/',
        filter_cfg=dict(filter_empty_gt=False, min_size=32),
        metainfo=dict(
            classes=(
                'abnormal oral epithelial cell',
                'alveolar bone loss',
                'anterior teeth with fluorosis',
                'anterior teeth without fluorosis',
                'canine',
                'central incisor',
                'craniofacial or oral anomaly',
                'dental abrasion',
                'dental caries',
                'dental crown restoration',
                'dental filling',
                'dental implant',
                'dental opacity',
                'dental restoration',
                'dental restoration (filling or crown)',
                'dividing oral cell',
                'first molar',
                'first premolar',
                'foreign object or debris',
                'hard recognized oral cell',
                'impacted wisdom tooth',
                'intraoral appliance',
                'lateral incisor',
                'lightly abnormal oral cell',
                'malignant oral cell',
                'mandibular canal',
                'maxillary sinus',
                'missing or residual root',
                'missing teeth',
                'normal',
                'normal oral cell',
                'oral blood cell',
                'orthodontic bracket',
                'periapical lesion',
                'periodontal pocket',
                'primary endodontic lesion',
                'primary endodontic with secondary periodontal lesion',
                'primary periodontal lesion',
                'primary periodontal with secondary endodontic lesion',
                'reactive oral cell',
                'root canal treatment',
                'second molar',
                'second premolar',
                'severe gingivitis',
                'suspicious malignant oral cell',
                'tooth 11 (upper right central incisor)',
                'tooth 12 (upper right lateral incisor)',
                'tooth 13 (upper right canine)',
                'tooth 14 (upper right first premolar)',
                'tooth 15 (upper right second premolar)',
                'tooth 16 (upper right first molar)',
                'tooth 17 (upper right second molar)',
                'tooth 18 (upper right third molar)',
                'tooth 21 (upper left central incisor)',
                'tooth 22 (upper left lateral incisor)',
                'tooth 23 (upper left canine)',
                'tooth 24 (upper left first premolar)',
                'tooth 25 (upper left second premolar)',
                'tooth 26 (upper left first molar)',
                'tooth 27 (upper left second molar)',
                'tooth 28 (upper left third molar)',
                'tooth 31 (lower left central incisor)',
                'tooth 32 (lower left lateral incisor)',
                'tooth 33 (lower left canine)',
                'tooth 34 (lower left first premolar)',
                'tooth 35 (lower left second premolar)',
                'tooth 36 (lower left first molar)',
                'tooth 37 (lower left second molar)',
                'tooth 38 (lower left third molar)',
                'tooth 41 (lower right central incisor)',
                'tooth 42 (lower right lateral incisor)',
                'tooth 43 (lower right canine)',
                'tooth 44 (lower right first premolar)',
                'tooth 45 (lower right second premolar)',
                'tooth 46 (lower right first molar)',
                'tooth 47 (lower right second molar)',
                'tooth 48 (lower right third molar)',
                'tooth erosion',
                'tooth malformation',
                'true combined endo-perio lesion',
                'tumor',
            )),
        type='WeCocoDataset'),
    pipeline=[
        dict(backend_args=None, type='LoadImageFromFile'),
        dict(type='LoadAnnotations', with_bbox=True),
        dict(
            img_scale=(
                640,
                640,
            ),
            pad_val=114.0,
            pre_transform=[
                dict(backend_args=None, type='LoadImageFromFile'),
                dict(type='LoadAnnotations', with_bbox=True),
            ],
            type='MultiModalMosaic'),
        dict(
            border=(
                -320,
                -320,
            ),
            border_val=(
                114,
                114,
                114,
            ),
            max_aspect_ratio=100.0,
            max_rotate_degree=0.0,
            max_shear_degree=0.0,
            scaling_ratio_range=(
                0.5,
                1.5,
            ),
            type='WeDetectRandomAffine'),
        dict(
            pre_transform=[
                dict(backend_args=None, type='LoadImageFromFile'),
                dict(type='LoadAnnotations', with_bbox=True),
                dict(
                    img_scale=(
                        640,
                        640,
                    ),
                    pad_val=114.0,
                    pre_transform=[
                        dict(backend_args=None, type='LoadImageFromFile'),
                        dict(type='LoadAnnotations', with_bbox=True),
                    ],
                    type='MultiModalMosaic'),
                dict(
                    border=(
                        -320,
                        -320,
                    ),
                    border_val=(
                        114,
                        114,
                        114,
                    ),
                    max_aspect_ratio=100.0,
                    max_rotate_degree=0.0,
                    max_shear_degree=0.0,
                    scaling_ratio_range=(
                        0.5,
                        1.5,
                    ),
                    type='WeDetectRandomAffine'),
            ],
            prob=0.15,
            type='YOLOv5MultiModalMixUp'),
        dict(
            bbox_params=dict(
                format='pascal_voc',
                label_fields=[
                    'gt_bboxes_labels',
                    'gt_ignore_flags',
                ],
                type='BboxParams'),
            keymap=dict(gt_bboxes='bboxes', img='image'),
            transforms=[
                dict(p=0.01, type='Blur'),
                dict(p=0.01, type='MedianBlur'),
                dict(p=0.01, type='ToGray'),
                dict(p=0.01, type='CLAHE'),
            ],
            type='mmdet.Albu'),
        dict(type='WeDetectHSVRandomAug'),
        dict(prob=0.5, type='mmdet.RandomFlip'),
        dict(
            max_num_samples=81,
            num_neg_samples=(
                81,
                81,
            ),
            padding_to_max=True,
            padding_value='',
            type='RandomLoadText'),
        dict(
            meta_keys=(
                'img_id',
                'img_path',
                'ori_shape',
                'img_shape',
                'flip',
                'flip_direction',
                'texts',
            ),
            type='mmdet.PackDetInputs'),
    ],
    type='MultiModalDataset')
train_pipeline = [
    dict(backend_args=None, type='LoadImageFromFile'),
    dict(type='LoadAnnotations', with_bbox=True),
    dict(
        img_scale=(
            640,
            640,
        ),
        pad_val=114.0,
        pre_transform=[
            dict(backend_args=None, type='LoadImageFromFile'),
            dict(type='LoadAnnotations', with_bbox=True),
        ],
        type='MultiModalMosaic'),
    dict(
        border=(
            -320,
            -320,
        ),
        border_val=(
            114,
            114,
            114,
        ),
        max_aspect_ratio=100.0,
        max_rotate_degree=0.0,
        max_shear_degree=0.0,
        scaling_ratio_range=(
            0.5,
            1.5,
        ),
        type='WeDetectRandomAffine'),
    dict(
        pre_transform=[
            dict(backend_args=None, type='LoadImageFromFile'),
            dict(type='LoadAnnotations', with_bbox=True),
            dict(
                img_scale=(
                    640,
                    640,
                ),
                pad_val=114.0,
                pre_transform=[
                    dict(backend_args=None, type='LoadImageFromFile'),
                    dict(type='LoadAnnotations', with_bbox=True),
                ],
                type='MultiModalMosaic'),
            dict(
                border=(
                    -320,
                    -320,
                ),
                border_val=(
                    114,
                    114,
                    114,
                ),
                max_aspect_ratio=100.0,
                max_rotate_degree=0.0,
                max_shear_degree=0.0,
                scaling_ratio_range=(
                    0.5,
                    1.5,
                ),
                type='WeDetectRandomAffine'),
        ],
        prob=0.15,
        type='YOLOv5MultiModalMixUp'),
    dict(
        bbox_params=dict(
            format='pascal_voc',
            label_fields=[
                'gt_bboxes_labels',
                'gt_ignore_flags',
            ],
            type='BboxParams'),
        keymap=dict(gt_bboxes='bboxes', img='image'),
        transforms=[
            dict(p=0.01, type='Blur'),
            dict(p=0.01, type='MedianBlur'),
            dict(p=0.01, type='ToGray'),
            dict(p=0.01, type='CLAHE'),
        ],
        type='mmdet.Albu'),
    dict(type='WeDetectHSVRandomAug'),
    dict(prob=0.5, type='mmdet.RandomFlip'),
    dict(
        max_num_samples=81,
        num_neg_samples=(
            81,
            81,
        ),
        padding_to_max=True,
        padding_value='',
        type='RandomLoadText'),
    dict(
        meta_keys=(
            'img_id',
            'img_path',
            'ori_shape',
            'img_shape',
            'flip',
            'flip_direction',
            'texts',
        ),
        type='mmdet.PackDetInputs'),
]
train_pipeline_stage2 = [
    dict(backend_args=None, type='LoadImageFromFile'),
    dict(type='LoadAnnotations', with_bbox=True),
    dict(scale=(
        640,
        640,
    ), type='WeDetectKeepRatioResize'),
    dict(
        allow_scale_up=True,
        pad_val=dict(img=114.0),
        scale=(
            640,
            640,
        ),
        type='WeDetectLetterResize'),
    dict(
        border_val=(
            114,
            114,
            114,
        ),
        max_aspect_ratio=100,
        max_rotate_degree=0.0,
        max_shear_degree=0.0,
        scaling_ratio_range=(
            0.5,
            1.5,
        ),
        type='WeDetectRandomAffine'),
    dict(
        bbox_params=dict(
            format='pascal_voc',
            label_fields=[
                'gt_bboxes_labels',
                'gt_ignore_flags',
            ],
            type='BboxParams'),
        keymap=dict(gt_bboxes='bboxes', img='image'),
        transforms=[
            dict(p=0.01, type='Blur'),
            dict(p=0.01, type='MedianBlur'),
            dict(p=0.01, type='ToGray'),
            dict(p=0.01, type='CLAHE'),
        ],
        type='mmdet.Albu'),
    dict(type='WeDetectHSVRandomAug'),
    dict(prob=0.5, type='mmdet.RandomFlip'),
    dict(
        max_num_samples=81,
        num_neg_samples=(
            81,
            81,
        ),
        padding_to_max=True,
        padding_value='',
        type='RandomLoadText'),
    dict(
        meta_keys=(
            'img_id',
            'img_path',
            'ori_shape',
            'img_shape',
            'flip',
            'flip_direction',
            'texts',
        ),
        type='mmdet.PackDetInputs'),
]
val_cfg = dict(type='ValLoop')
val_dataloader = dict(
    batch_size=1,
    dataset=dict(
        class_text_path=
        '/home/siyuan/projects/LLMs/OralDetect-Family/OralDetect/datas/class_texts_oraldetect_reorg.json',
        dataset=dict(
            ann_file=
            '/home/siyuan/projects/LLMs/OralDetect-Family/OralDetect/datas/instances_oraldetect_reorg_val.json',
            batch_shapes_cfg=None,
            data_prefix=dict(img='oraldetect_reorg2017/'),
            data_root=
            '/home/siyuan/projects/LLMs/OralDetect-Family/OralDetect/datas/',
            metainfo=dict(
                classes=(
                    'abnormal oral epithelial cell',
                    'alveolar bone loss',
                    'anterior teeth with fluorosis',
                    'anterior teeth without fluorosis',
                    'canine',
                    'central incisor',
                    'craniofacial or oral anomaly',
                    'dental abrasion',
                    'dental caries',
                    'dental crown restoration',
                    'dental filling',
                    'dental implant',
                    'dental opacity',
                    'dental restoration',
                    'dental restoration (filling or crown)',
                    'dividing oral cell',
                    'first molar',
                    'first premolar',
                    'foreign object or debris',
                    'hard recognized oral cell',
                    'impacted wisdom tooth',
                    'intraoral appliance',
                    'lateral incisor',
                    'lightly abnormal oral cell',
                    'malignant oral cell',
                    'mandibular canal',
                    'maxillary sinus',
                    'missing or residual root',
                    'missing teeth',
                    'normal',
                    'normal oral cell',
                    'oral blood cell',
                    'orthodontic bracket',
                    'periapical lesion',
                    'periodontal pocket',
                    'primary endodontic lesion',
                    'primary endodontic with secondary periodontal lesion',
                    'primary periodontal lesion',
                    'primary periodontal with secondary endodontic lesion',
                    'reactive oral cell',
                    'root canal treatment',
                    'second molar',
                    'second premolar',
                    'severe gingivitis',
                    'suspicious malignant oral cell',
                    'tooth 11 (upper right central incisor)',
                    'tooth 12 (upper right lateral incisor)',
                    'tooth 13 (upper right canine)',
                    'tooth 14 (upper right first premolar)',
                    'tooth 15 (upper right second premolar)',
                    'tooth 16 (upper right first molar)',
                    'tooth 17 (upper right second molar)',
                    'tooth 18 (upper right third molar)',
                    'tooth 21 (upper left central incisor)',
                    'tooth 22 (upper left lateral incisor)',
                    'tooth 23 (upper left canine)',
                    'tooth 24 (upper left first premolar)',
                    'tooth 25 (upper left second premolar)',
                    'tooth 26 (upper left first molar)',
                    'tooth 27 (upper left second molar)',
                    'tooth 28 (upper left third molar)',
                    'tooth 31 (lower left central incisor)',
                    'tooth 32 (lower left lateral incisor)',
                    'tooth 33 (lower left canine)',
                    'tooth 34 (lower left first premolar)',
                    'tooth 35 (lower left second premolar)',
                    'tooth 36 (lower left first molar)',
                    'tooth 37 (lower left second molar)',
                    'tooth 38 (lower left third molar)',
                    'tooth 41 (lower right central incisor)',
                    'tooth 42 (lower right lateral incisor)',
                    'tooth 43 (lower right canine)',
                    'tooth 44 (lower right first premolar)',
                    'tooth 45 (lower right second premolar)',
                    'tooth 46 (lower right first molar)',
                    'tooth 47 (lower right second molar)',
                    'tooth 48 (lower right third molar)',
                    'tooth erosion',
                    'tooth malformation',
                    'true combined endo-perio lesion',
                    'tumor',
                )),
            test_mode=True,
            type='WeCocoDataset'),
        pipeline=[
            dict(backend_args=None, type='LoadImageFromFile'),
            dict(scale=(
                640,
                640,
            ), type='WeDetectKeepRatioResize'),
            dict(
                allow_scale_up=False,
                pad_val=dict(img=114),
                scale=(
                    640,
                    640,
                ),
                type='WeDetectLetterResize'),
            dict(_scope_='mmdet', type='LoadAnnotations', with_bbox=True),
            dict(type='LoadText'),
            dict(
                meta_keys=(
                    'img_id',
                    'img_path',
                    'ori_shape',
                    'img_shape',
                    'scale_factor',
                    'pad_param',
                    'texts',
                ),
                type='PackDetInputs'),
        ],
        type='MultiModalDataset'),
    drop_last=False,
    num_workers=2,
    persistent_workers=True,
    pin_memory=True,
    sampler=dict(shuffle=False, type='DefaultSampler'))
val_dataset = dict(
    class_text_path=
    '/home/siyuan/projects/LLMs/OralDetect-Family/OralDetect/datas/class_texts_oraldetect_reorg.json',
    dataset=dict(
        ann_file=
        '/home/siyuan/projects/LLMs/OralDetect-Family/OralDetect/datas/instances_oraldetect_reorg_val.json',
        batch_shapes_cfg=None,
        data_prefix=dict(img='oraldetect_reorg2017/'),
        data_root=
        '/home/siyuan/projects/LLMs/OralDetect-Family/OralDetect/datas/',
        metainfo=dict(
            classes=(
                'abnormal oral epithelial cell',
                'alveolar bone loss',
                'anterior teeth with fluorosis',
                'anterior teeth without fluorosis',
                'canine',
                'central incisor',
                'craniofacial or oral anomaly',
                'dental abrasion',
                'dental caries',
                'dental crown restoration',
                'dental filling',
                'dental implant',
                'dental opacity',
                'dental restoration',
                'dental restoration (filling or crown)',
                'dividing oral cell',
                'first molar',
                'first premolar',
                'foreign object or debris',
                'hard recognized oral cell',
                'impacted wisdom tooth',
                'intraoral appliance',
                'lateral incisor',
                'lightly abnormal oral cell',
                'malignant oral cell',
                'mandibular canal',
                'maxillary sinus',
                'missing or residual root',
                'missing teeth',
                'normal',
                'normal oral cell',
                'oral blood cell',
                'orthodontic bracket',
                'periapical lesion',
                'periodontal pocket',
                'primary endodontic lesion',
                'primary endodontic with secondary periodontal lesion',
                'primary periodontal lesion',
                'primary periodontal with secondary endodontic lesion',
                'reactive oral cell',
                'root canal treatment',
                'second molar',
                'second premolar',
                'severe gingivitis',
                'suspicious malignant oral cell',
                'tooth 11 (upper right central incisor)',
                'tooth 12 (upper right lateral incisor)',
                'tooth 13 (upper right canine)',
                'tooth 14 (upper right first premolar)',
                'tooth 15 (upper right second premolar)',
                'tooth 16 (upper right first molar)',
                'tooth 17 (upper right second molar)',
                'tooth 18 (upper right third molar)',
                'tooth 21 (upper left central incisor)',
                'tooth 22 (upper left lateral incisor)',
                'tooth 23 (upper left canine)',
                'tooth 24 (upper left first premolar)',
                'tooth 25 (upper left second premolar)',
                'tooth 26 (upper left first molar)',
                'tooth 27 (upper left second molar)',
                'tooth 28 (upper left third molar)',
                'tooth 31 (lower left central incisor)',
                'tooth 32 (lower left lateral incisor)',
                'tooth 33 (lower left canine)',
                'tooth 34 (lower left first premolar)',
                'tooth 35 (lower left second premolar)',
                'tooth 36 (lower left first molar)',
                'tooth 37 (lower left second molar)',
                'tooth 38 (lower left third molar)',
                'tooth 41 (lower right central incisor)',
                'tooth 42 (lower right lateral incisor)',
                'tooth 43 (lower right canine)',
                'tooth 44 (lower right first premolar)',
                'tooth 45 (lower right second premolar)',
                'tooth 46 (lower right first molar)',
                'tooth 47 (lower right second molar)',
                'tooth 48 (lower right third molar)',
                'tooth erosion',
                'tooth malformation',
                'true combined endo-perio lesion',
                'tumor',
            )),
        test_mode=True,
        type='WeCocoDataset'),
    pipeline=[
        dict(backend_args=None, type='LoadImageFromFile'),
        dict(scale=(
            640,
            640,
        ), type='WeDetectKeepRatioResize'),
        dict(
            allow_scale_up=False,
            pad_val=dict(img=114),
            scale=(
                640,
                640,
            ),
            type='WeDetectLetterResize'),
        dict(_scope_='mmdet', type='LoadAnnotations', with_bbox=True),
        dict(type='LoadText'),
        dict(
            meta_keys=(
                'img_id',
                'img_path',
                'ori_shape',
                'img_shape',
                'scale_factor',
                'pad_param',
                'texts',
            ),
            type='PackDetInputs'),
    ],
    type='MultiModalDataset')
val_evaluator = dict(
    ann_file=
    '/home/siyuan/projects/LLMs/OralDetect-Family/OralDetect/datas/instances_oraldetect_reorg_val.json',
    metric='bbox',
    type='CocoMetric')
vis_backends = [
    dict(type='LocalVisBackend'),
]
visualizer = dict(
    name='visualizer',
    type='mmdet.DetLocalVisualizer',
    vis_backends=[
        dict(type='LocalVisBackend'),
    ])
weight_decay = 0.05
work_dir = 'work_dirs/reorg_v11dt_s1'

Some weights of BertModel were not initialized from the model checkpoint at /home/siyuan/projects/LLMs/OralDetect-Family/OralCLIP/Bert_tuning/checkpoints/BiomedNLP-BiomedBERT-base-uncased-abstract-fulltext_dental_mlm/final and are newly initialized: ['pooler.dense.bias', 'pooler.dense.weight']
You should probably TRAIN this model on a down-stream task to be able to use it for predictions and inference.
Some weights of BertModel were not initialized from the model checkpoint at /home/siyuan/projects/LLMs/OralDetect-Family/OralCLIP/Bert_tuning/checkpoints/BiomedNLP-BiomedBERT-base-uncased-abstract-fulltext_dental_mlm/final and are newly initialized: ['pooler.dense.bias', 'pooler.dense.weight']
You should probably TRAIN this model on a down-stream task to be able to use it for predictions and inference.
Some weights of BertModel were not initialized from the model checkpoint at /home/siyuan/projects/LLMs/OralDetect-Family/OralCLIP/Bert_tuning/checkpoints/BiomedNLP-BiomedBERT-base-uncased-abstract-fulltext_dental_mlm/final and are newly initialized: ['pooler.dense.bias', 'pooler.dense.weight']
You should probably TRAIN this model on a down-stream task to be able to use it for predictions and inference.
Some weights of BertModel were not initialized from the model checkpoint at /home/siyuan/projects/LLMs/OralDetect-Family/OralCLIP/Bert_tuning/checkpoints/BiomedNLP-BiomedBERT-base-uncased-abstract-fulltext_dental_mlm/final and are newly initialized: ['pooler.dense.bias', 'pooler.dense.weight']
You should probably TRAIN this model on a down-stream task to be able to use it for predictions and inference.
07/08 01:57:26 - mmengine - INFO - Using SyncBatchNorm()
07/08 01:57:26 - mmengine - INFO - Hooks will be executed in the following order:
before_run:
(VERY_HIGH   ) RuntimeInfoHook                    
(BELOW_NORMAL) LoggerHook                         
 -------------------- 
before_train:
(VERY_HIGH   ) RuntimeInfoHook                    
(NORMAL      ) IterTimerHook                      
(VERY_LOW    ) CheckpointHook                     
 -------------------- 
before_train_epoch:
(VERY_HIGH   ) RuntimeInfoHook                    
(NORMAL      ) IterTimerHook                      
(NORMAL      ) DistSamplerSeedHook                
 -------------------- 
before_train_iter:
(VERY_HIGH   ) RuntimeInfoHook                    
(NORMAL      ) IterTimerHook                      
 -------------------- 
after_train_iter:
(VERY_HIGH   ) RuntimeInfoHook                    
(NORMAL      ) IterTimerHook                      
(BELOW_NORMAL) LoggerHook                         
(LOW         ) ParamSchedulerHook                 
(VERY_LOW    ) CheckpointHook                     
 -------------------- 
after_train_epoch:
(NORMAL      ) IterTimerHook                      
(LOW         ) ParamSchedulerHook                 
(VERY_LOW    ) CheckpointHook                     
 -------------------- 
before_val:
(VERY_HIGH   ) RuntimeInfoHook                    
 -------------------- 
before_val_epoch:
(NORMAL      ) IterTimerHook                      
 -------------------- 
before_val_iter:
(NORMAL      ) IterTimerHook                      
 -------------------- 
after_val_iter:
(NORMAL      ) IterTimerHook                      
(NORMAL      ) DetVisualizationHook               
(BELOW_NORMAL) LoggerHook                         
 -------------------- 
after_val_epoch:
(VERY_HIGH   ) RuntimeInfoHook                    
(NORMAL      ) IterTimerHook                      
(BELOW_NORMAL) LoggerHook                         
(LOW         ) ParamSchedulerHook                 
(VERY_LOW    ) CheckpointHook                     
 -------------------- 
after_val:
(VERY_HIGH   ) RuntimeInfoHook                    
 -------------------- 
after_train:
(VERY_HIGH   ) RuntimeInfoHook                    
(VERY_LOW    ) CheckpointHook                     
 -------------------- 
before_test:
(VERY_HIGH   ) RuntimeInfoHook                    
 -------------------- 
before_test_epoch:
(NORMAL      ) IterTimerHook                      
 -------------------- 
before_test_iter:
(NORMAL      ) IterTimerHook                      
 -------------------- 
after_test_iter:
(NORMAL      ) IterTimerHook                      
(NORMAL      ) DetVisualizationHook               
(BELOW_NORMAL) LoggerHook                         
 -------------------- 
after_test_epoch:
(VERY_HIGH   ) RuntimeInfoHook                    
(NORMAL      ) IterTimerHook                      
(BELOW_NORMAL) LoggerHook                         
 -------------------- 
after_test:
(VERY_HIGH   ) RuntimeInfoHook                    
 -------------------- 
after_run:
(BELOW_NORMAL) LoggerHook                         
 -------------------- 
loading annotations into memory...
loading annotations into memory...
loading annotations into memory...
Done (t=1.05s)
creating index...
Done (t=1.05s)
creating index...
Done (t=1.05s)
creating index...
index created!
index created!
index created!
loading annotations into memory...
Done (t=1.14s)
creating index...
index created!
/home/siyuan/anaconda3/envs/wedetect_official/lib/python3.10/site-packages/albumentations/core/composition.py:331: UserWarning: Got processor for bboxes, but no transform to process it.
  self._set_keys()
/home/siyuan/anaconda3/envs/wedetect_official/lib/python3.10/site-packages/albumentations/core/composition.py:331: UserWarning: Got processor for bboxes, but no transform to process it.
  self._set_keys()
/home/siyuan/anaconda3/envs/wedetect_official/lib/python3.10/site-packages/albumentations/core/composition.py:331: UserWarning: Got processor for bboxes, but no transform to process it.
  self._set_keys()
loading annotations into memory...
Done (t=0.04s)
creating index...
loading annotations into memory...
loading annotations into memory...
index created!
Done (t=0.04s)
creating index...
Done (t=0.04s)
creating index...
index created!
index created!
loading annotations into memory...
loading annotations into memory...
Done (t=0.04s)
creating index...
index created!
loading annotations into memory...
Done (t=0.04s)
creating index...
index created!
Done (t=0.04s)
creating index...
index created!
/home/siyuan/anaconda3/envs/wedetect_official/lib/python3.10/site-packages/albumentations/core/composition.py:331: UserWarning: Got processor for bboxes, but no transform to process it.
  self._set_keys()
07/08 01:57:31 - mmengine - INFO - paramwise_options -- neck.reduce_layer0.block.conv.weight:num of params=262144
07/08 01:57:31 - mmengine - INFO - paramwise_options -- neck.reduce_layer0.block.bn.weight:num of params=256
07/08 01:57:31 - mmengine - INFO - paramwise_options -- neck.reduce_layer0.block.bn.bias:num of params=256
07/08 01:57:31 - mmengine - INFO - paramwise_options -- neck.Bifusion0.cv1.block.conv.weight:num of params=131072
07/08 01:57:31 - mmengine - INFO - paramwise_options -- neck.Bifusion0.cv1.block.bn.weight:num of params=256
07/08 01:57:31 - mmengine - INFO - paramwise_options -- neck.Bifusion0.cv1.block.bn.bias:num of params=256
07/08 01:57:31 - mmengine - INFO - paramwise_options -- neck.Bifusion0.cv2.block.conv.weight:num of params=65536
07/08 01:57:31 - mmengine - INFO - paramwise_options -- neck.Bifusion0.cv2.block.bn.weight:num of params=256
07/08 01:57:31 - mmengine - INFO - paramwise_options -- neck.Bifusion0.cv2.block.bn.bias:num of params=256
07/08 01:57:31 - mmengine - INFO - paramwise_options -- neck.Bifusion0.cv3.block.conv.weight:num of params=196608
07/08 01:57:31 - mmengine - INFO - paramwise_options -- neck.Bifusion0.cv3.block.bn.weight:num of params=256
07/08 01:57:31 - mmengine - INFO - paramwise_options -- neck.Bifusion0.cv3.block.bn.bias:num of params=256
07/08 01:57:31 - mmengine - INFO - paramwise_options -- neck.Bifusion0.upsample.upsample_transpose.weight:num of params=262144
07/08 01:57:31 - mmengine - INFO - paramwise_options -- neck.Bifusion0.upsample.upsample_transpose.bias:num of params=256
07/08 01:57:31 - mmengine - INFO - paramwise_options -- neck.Bifusion0.downsample.block.conv.weight:num of params=589824
07/08 01:57:31 - mmengine - INFO - paramwise_options -- neck.Bifusion0.downsample.block.bn.weight:num of params=256
07/08 01:57:31 - mmengine - INFO - paramwise_options -- neck.Bifusion0.downsample.block.bn.bias:num of params=256
07/08 01:57:31 - mmengine - INFO - paramwise_options -- neck.Rep_p4.cv1.block.conv.weight:num of params=32768
07/08 01:57:31 - mmengine - INFO - paramwise_options -- neck.Rep_p4.cv1.block.bn.weight:num of params=128
07/08 01:57:31 - mmengine - INFO - paramwise_options -- neck.Rep_p4.cv1.block.bn.bias:num of params=128
07/08 01:57:31 - mmengine - INFO - paramwise_options -- neck.Rep_p4.cv2.block.conv.weight:num of params=32768
07/08 01:57:31 - mmengine - INFO - paramwise_options -- neck.Rep_p4.cv2.block.bn.weight:num of params=128
07/08 01:57:31 - mmengine - INFO - paramwise_options -- neck.Rep_p4.cv2.block.bn.bias:num of params=128
07/08 01:57:31 - mmengine - INFO - paramwise_options -- neck.Rep_p4.cv3.block.conv.weight:num of params=65536
07/08 01:57:31 - mmengine - INFO - paramwise_options -- neck.Rep_p4.cv3.block.bn.weight:num of params=256
07/08 01:57:31 - mmengine - INFO - paramwise_options -- neck.Rep_p4.cv3.block.bn.bias:num of params=256
07/08 01:57:31 - mmengine - INFO - paramwise_options -- neck.Rep_p4.m.conv1.alpha:num of params=1
07/08 01:57:31 - mmengine - INFO - paramwise_options -- neck.Rep_p4.m.conv1.conv1.block.conv.weight:num of params=147456
07/08 01:57:31 - mmengine - INFO - paramwise_options -- neck.Rep_p4.m.conv1.conv1.block.bn.weight:num of params=128
07/08 01:57:31 - mmengine - INFO - paramwise_options -- neck.Rep_p4.m.conv1.conv1.block.bn.bias:num of params=128
07/08 01:57:31 - mmengine - INFO - paramwise_options -- neck.Rep_p4.m.conv1.conv2.block.conv.weight:num of params=147456
07/08 01:57:31 - mmengine - INFO - paramwise_options -- neck.Rep_p4.m.conv1.conv2.block.bn.weight:num of params=128
07/08 01:57:31 - mmengine - INFO - paramwise_options -- neck.Rep_p4.m.conv1.conv2.block.bn.bias:num of params=128
07/08 01:57:31 - mmengine - INFO - paramwise_options -- neck.Rep_p4.m.block.0.alpha:num of params=1
07/08 01:57:31 - mmengine - INFO - paramwise_options -- neck.Rep_p4.m.block.0.conv1.block.conv.weight:num of params=147456
07/08 01:57:31 - mmengine - INFO - paramwise_options -- neck.Rep_p4.m.block.0.conv1.block.bn.weight:num of params=128
07/08 01:57:31 - mmengine - INFO - paramwise_options -- neck.Rep_p4.m.block.0.conv1.block.bn.bias:num of params=128
07/08 01:57:31 - mmengine - INFO - paramwise_options -- neck.Rep_p4.m.block.0.conv2.block.conv.weight:num of params=147456
07/08 01:57:31 - mmengine - INFO - paramwise_options -- neck.Rep_p4.m.block.0.conv2.block.bn.weight:num of params=128
07/08 01:57:31 - mmengine - INFO - paramwise_options -- neck.Rep_p4.m.block.0.conv2.block.bn.bias:num of params=128
07/08 01:57:31 - mmengine - INFO - paramwise_options -- neck.Rep_p4.m.block.1.alpha:num of params=1
07/08 01:57:31 - mmengine - INFO - paramwise_options -- neck.Rep_p4.m.block.1.conv1.block.conv.weight:num of params=147456
07/08 01:57:31 - mmengine - INFO - paramwise_options -- neck.Rep_p4.m.block.1.conv1.block.bn.weight:num of params=128
07/08 01:57:31 - mmengine - INFO - paramwise_options -- neck.Rep_p4.m.block.1.conv1.block.bn.bias:num of params=128
07/08 01:57:31 - mmengine - INFO - paramwise_options -- neck.Rep_p4.m.block.1.conv2.block.conv.weight:num of params=147456
07/08 01:57:31 - mmengine - INFO - paramwise_options -- neck.Rep_p4.m.block.1.conv2.block.bn.weight:num of params=128
07/08 01:57:31 - mmengine - INFO - paramwise_options -- neck.Rep_p4.m.block.1.conv2.block.bn.bias:num of params=128
07/08 01:57:31 - mmengine - INFO - paramwise_options -- neck.Rep_p4.m.block.2.alpha:num of params=1
07/08 01:57:31 - mmengine - INFO - paramwise_options -- neck.Rep_p4.m.block.2.conv1.block.conv.weight:num of params=147456
07/08 01:57:31 - mmengine - INFO - paramwise_options -- neck.Rep_p4.m.block.2.conv1.block.bn.weight:num of params=128
07/08 01:57:31 - mmengine - INFO - paramwise_options -- neck.Rep_p4.m.block.2.conv1.block.bn.bias:num of params=128
07/08 01:57:31 - mmengine - INFO - paramwise_options -- neck.Rep_p4.m.block.2.conv2.block.conv.weight:num of params=147456
07/08 01:57:31 - mmengine - INFO - paramwise_options -- neck.Rep_p4.m.block.2.conv2.block.bn.weight:num of params=128
07/08 01:57:31 - mmengine - INFO - paramwise_options -- neck.Rep_p4.m.block.2.conv2.block.bn.bias:num of params=128
07/08 01:57:31 - mmengine - INFO - paramwise_options -- neck.Rep_p4.m.block.3.alpha:num of params=1
07/08 01:57:31 - mmengine - INFO - paramwise_options -- neck.Rep_p4.m.block.3.conv1.block.conv.weight:num of params=147456
07/08 01:57:31 - mmengine - INFO - paramwise_options -- neck.Rep_p4.m.block.3.conv1.block.bn.weight:num of params=128
07/08 01:57:31 - mmengine - INFO - paramwise_options -- neck.Rep_p4.m.block.3.conv1.block.bn.bias:num of params=128
07/08 01:57:31 - mmengine - INFO - paramwise_options -- neck.Rep_p4.m.block.3.conv2.block.conv.weight:num of params=147456
07/08 01:57:31 - mmengine - INFO - paramwise_options -- neck.Rep_p4.m.block.3.conv2.block.bn.weight:num of params=128
07/08 01:57:31 - mmengine - INFO - paramwise_options -- neck.Rep_p4.m.block.3.conv2.block.bn.bias:num of params=128
07/08 01:57:31 - mmengine - INFO - paramwise_options -- neck.Rep_p4.m.block.4.alpha:num of params=1
07/08 01:57:31 - mmengine - INFO - paramwise_options -- neck.Rep_p4.m.block.4.conv1.block.conv.weight:num of params=147456
07/08 01:57:31 - mmengine - INFO - paramwise_options -- neck.Rep_p4.m.block.4.conv1.block.bn.weight:num of params=128
07/08 01:57:31 - mmengine - INFO - paramwise_options -- neck.Rep_p4.m.block.4.conv1.block.bn.bias:num of params=128
07/08 01:57:31 - mmengine - INFO - paramwise_options -- neck.Rep_p4.m.block.4.conv2.block.conv.weight:num of params=147456
07/08 01:57:31 - mmengine - INFO - paramwise_options -- neck.Rep_p4.m.block.4.conv2.block.bn.weight:num of params=128
07/08 01:57:31 - mmengine - INFO - paramwise_options -- neck.Rep_p4.m.block.4.conv2.block.bn.bias:num of params=128
07/08 01:57:31 - mmengine - INFO - paramwise_options -- neck.reduce_layer1.block.conv.weight:num of params=32768
07/08 01:57:31 - mmengine - INFO - paramwise_options -- neck.reduce_layer1.block.bn.weight:num of params=128
07/08 01:57:31 - mmengine - INFO - paramwise_options -- neck.reduce_layer1.block.bn.bias:num of params=128
07/08 01:57:31 - mmengine - INFO - paramwise_options -- neck.Bifusion1.cv1.block.conv.weight:num of params=32768
07/08 01:57:31 - mmengine - INFO - paramwise_options -- neck.Bifusion1.cv1.block.bn.weight:num of params=128
07/08 01:57:31 - mmengine - INFO - paramwise_options -- neck.Bifusion1.cv1.block.bn.bias:num of params=128
07/08 01:57:31 - mmengine - INFO - paramwise_options -- neck.Bifusion1.cv2.block.conv.weight:num of params=16384
07/08 01:57:31 - mmengine - INFO - paramwise_options -- neck.Bifusion1.cv2.block.bn.weight:num of params=128
07/08 01:57:31 - mmengine - INFO - paramwise_options -- neck.Bifusion1.cv2.block.bn.bias:num of params=128
07/08 01:57:31 - mmengine - INFO - paramwise_options -- neck.Bifusion1.cv3.block.conv.weight:num of params=49152
07/08 01:57:31 - mmengine - INFO - paramwise_options -- neck.Bifusion1.cv3.block.bn.weight:num of params=128
07/08 01:57:31 - mmengine - INFO - paramwise_options -- neck.Bifusion1.cv3.block.bn.bias:num of params=128
07/08 01:57:31 - mmengine - INFO - paramwise_options -- neck.Bifusion1.upsample.upsample_transpose.weight:num of params=65536
07/08 01:57:31 - mmengine - INFO - paramwise_options -- neck.Bifusion1.upsample.upsample_transpose.bias:num of params=128
07/08 01:57:31 - mmengine - INFO - paramwise_options -- neck.Bifusion1.downsample.block.conv.weight:num of params=147456
07/08 01:57:31 - mmengine - INFO - paramwise_options -- neck.Bifusion1.downsample.block.bn.weight:num of params=128
07/08 01:57:31 - mmengine - INFO - paramwise_options -- neck.Bifusion1.downsample.block.bn.bias:num of params=128
07/08 01:57:31 - mmengine - INFO - paramwise_options -- neck.Rep_p3.cv1.block.conv.weight:num of params=8192
07/08 01:57:31 - mmengine - INFO - paramwise_options -- neck.Rep_p3.cv1.block.bn.weight:num of params=64
07/08 01:57:31 - mmengine - INFO - paramwise_options -- neck.Rep_p3.cv1.block.bn.bias:num of params=64
07/08 01:57:31 - mmengine - INFO - paramwise_options -- neck.Rep_p3.cv2.block.conv.weight:num of params=8192
07/08 01:57:31 - mmengine - INFO - paramwise_options -- neck.Rep_p3.cv2.block.bn.weight:num of params=64
07/08 01:57:31 - mmengine - INFO - paramwise_options -- neck.Rep_p3.cv2.block.bn.bias:num of params=64
07/08 01:57:31 - mmengine - INFO - paramwise_options -- neck.Rep_p3.cv3.block.conv.weight:num of params=16384
07/08 01:57:31 - mmengine - INFO - paramwise_options -- neck.Rep_p3.cv3.block.bn.weight:num of params=128
07/08 01:57:31 - mmengine - INFO - paramwise_options -- neck.Rep_p3.cv3.block.bn.bias:num of params=128
07/08 01:57:31 - mmengine - INFO - paramwise_options -- neck.Rep_p3.m.conv1.alpha:num of params=1
07/08 01:57:31 - mmengine - INFO - paramwise_options -- neck.Rep_p3.m.conv1.conv1.block.conv.weight:num of params=36864
07/08 01:57:31 - mmengine - INFO - paramwise_options -- neck.Rep_p3.m.conv1.conv1.block.bn.weight:num of params=64
07/08 01:57:31 - mmengine - INFO - paramwise_options -- neck.Rep_p3.m.conv1.conv1.block.bn.bias:num of params=64
07/08 01:57:31 - mmengine - INFO - paramwise_options -- neck.Rep_p3.m.conv1.conv2.block.conv.weight:num of params=36864
07/08 01:57:31 - mmengine - INFO - paramwise_options -- neck.Rep_p3.m.conv1.conv2.block.bn.weight:num of params=64
07/08 01:57:31 - mmengine - INFO - paramwise_options -- neck.Rep_p3.m.conv1.conv2.block.bn.bias:num of params=64
07/08 01:57:31 - mmengine - INFO - paramwise_options -- neck.Rep_p3.m.block.0.alpha:num of params=1
07/08 01:57:31 - mmengine - INFO - paramwise_options -- neck.Rep_p3.m.block.0.conv1.block.conv.weight:num of params=36864
07/08 01:57:31 - mmengine - INFO - paramwise_options -- neck.Rep_p3.m.block.0.conv1.block.bn.weight:num of params=64
07/08 01:57:31 - mmengine - INFO - paramwise_options -- neck.Rep_p3.m.block.0.conv1.block.bn.bias:num of params=64
07/08 01:57:31 - mmengine - INFO - paramwise_options -- neck.Rep_p3.m.block.0.conv2.block.conv.weight:num of params=36864
07/08 01:57:31 - mmengine - INFO - paramwise_options -- neck.Rep_p3.m.block.0.conv2.block.bn.weight:num of params=64
07/08 01:57:31 - mmengine - INFO - paramwise_options -- neck.Rep_p3.m.block.0.conv2.block.bn.bias:num of params=64
07/08 01:57:31 - mmengine - INFO - paramwise_options -- neck.Rep_p3.m.block.1.alpha:num of params=1
07/08 01:57:31 - mmengine - INFO - paramwise_options -- neck.Rep_p3.m.block.1.conv1.block.conv.weight:num of params=36864
07/08 01:57:31 - mmengine - INFO - paramwise_options -- neck.Rep_p3.m.block.1.conv1.block.bn.weight:num of params=64
07/08 01:57:31 - mmengine - INFO - paramwise_options -- neck.Rep_p3.m.block.1.conv1.block.bn.bias:num of params=64
07/08 01:57:31 - mmengine - INFO - paramwise_options -- neck.Rep_p3.m.block.1.conv2.block.conv.weight:num of params=36864
07/08 01:57:31 - mmengine - INFO - paramwise_options -- neck.Rep_p3.m.block.1.conv2.block.bn.weight:num of params=64
07/08 01:57:31 - mmengine - INFO - paramwise_options -- neck.Rep_p3.m.block.1.conv2.block.bn.bias:num of params=64
07/08 01:57:31 - mmengine - INFO - paramwise_options -- neck.Rep_p3.m.block.2.alpha:num of params=1
07/08 01:57:31 - mmengine - INFO - paramwise_options -- neck.Rep_p3.m.block.2.conv1.block.conv.weight:num of params=36864
07/08 01:57:31 - mmengine - INFO - paramwise_options -- neck.Rep_p3.m.block.2.conv1.block.bn.weight:num of params=64
07/08 01:57:31 - mmengine - INFO - paramwise_options -- neck.Rep_p3.m.block.2.conv1.block.bn.bias:num of params=64
07/08 01:57:31 - mmengine - INFO - paramwise_options -- neck.Rep_p3.m.block.2.conv2.block.conv.weight:num of params=36864
07/08 01:57:31 - mmengine - INFO - paramwise_options -- neck.Rep_p3.m.block.2.conv2.block.bn.weight:num of params=64
07/08 01:57:31 - mmengine - INFO - paramwise_options -- neck.Rep_p3.m.block.2.conv2.block.bn.bias:num of params=64
07/08 01:57:31 - mmengine - INFO - paramwise_options -- neck.Rep_p3.m.block.3.alpha:num of params=1
07/08 01:57:31 - mmengine - INFO - paramwise_options -- neck.Rep_p3.m.block.3.conv1.block.conv.weight:num of params=36864
07/08 01:57:31 - mmengine - INFO - paramwise_options -- neck.Rep_p3.m.block.3.conv1.block.bn.weight:num of params=64
07/08 01:57:31 - mmengine - INFO - paramwise_options -- neck.Rep_p3.m.block.3.conv1.block.bn.bias:num of params=64
07/08 01:57:31 - mmengine - INFO - paramwise_options -- neck.Rep_p3.m.block.3.conv2.block.conv.weight:num of params=36864
07/08 01:57:31 - mmengine - INFO - paramwise_options -- neck.Rep_p3.m.block.3.conv2.block.bn.weight:num of params=64
07/08 01:57:31 - mmengine - INFO - paramwise_options -- neck.Rep_p3.m.block.3.conv2.block.bn.bias:num of params=64
07/08 01:57:31 - mmengine - INFO - paramwise_options -- neck.Rep_p3.m.block.4.alpha:num of params=1
07/08 01:57:31 - mmengine - INFO - paramwise_options -- neck.Rep_p3.m.block.4.conv1.block.conv.weight:num of params=36864
07/08 01:57:31 - mmengine - INFO - paramwise_options -- neck.Rep_p3.m.block.4.conv1.block.bn.weight:num of params=64
07/08 01:57:31 - mmengine - INFO - paramwise_options -- neck.Rep_p3.m.block.4.conv1.block.bn.bias:num of params=64
07/08 01:57:31 - mmengine - INFO - paramwise_options -- neck.Rep_p3.m.block.4.conv2.block.conv.weight:num of params=36864
07/08 01:57:31 - mmengine - INFO - paramwise_options -- neck.Rep_p3.m.block.4.conv2.block.bn.weight:num of params=64
07/08 01:57:31 - mmengine - INFO - paramwise_options -- neck.Rep_p3.m.block.4.conv2.block.bn.bias:num of params=64
07/08 01:57:31 - mmengine - INFO - paramwise_options -- neck.downsample2.block.conv.weight:num of params=147456
07/08 01:57:31 - mmengine - INFO - paramwise_options -- neck.downsample2.block.bn.weight:num of params=128
07/08 01:57:31 - mmengine - INFO - paramwise_options -- neck.downsample2.block.bn.bias:num of params=128
07/08 01:57:31 - mmengine - INFO - paramwise_options -- neck.Rep_n3.cv1.block.conv.weight:num of params=32768
07/08 01:57:31 - mmengine - INFO - paramwise_options -- neck.Rep_n3.cv1.block.bn.weight:num of params=128
07/08 01:57:31 - mmengine - INFO - paramwise_options -- neck.Rep_n3.cv1.block.bn.bias:num of params=128
07/08 01:57:31 - mmengine - INFO - paramwise_options -- neck.Rep_n3.cv2.block.conv.weight:num of params=32768
07/08 01:57:31 - mmengine - INFO - paramwise_options -- neck.Rep_n3.cv2.block.bn.weight:num of params=128
07/08 01:57:31 - mmengine - INFO - paramwise_options -- neck.Rep_n3.cv2.block.bn.bias:num of params=128
07/08 01:57:31 - mmengine - INFO - paramwise_options -- neck.Rep_n3.cv3.block.conv.weight:num of params=65536
07/08 01:57:31 - mmengine - INFO - paramwise_options -- neck.Rep_n3.cv3.block.bn.weight:num of params=256
07/08 01:57:31 - mmengine - INFO - paramwise_options -- neck.Rep_n3.cv3.block.bn.bias:num of params=256
07/08 01:57:31 - mmengine - INFO - paramwise_options -- neck.Rep_n3.m.conv1.alpha:num of params=1
07/08 01:57:31 - mmengine - INFO - paramwise_options -- neck.Rep_n3.m.conv1.conv1.block.conv.weight:num of params=147456
07/08 01:57:31 - mmengine - INFO - paramwise_options -- neck.Rep_n3.m.conv1.conv1.block.bn.weight:num of params=128
07/08 01:57:31 - mmengine - INFO - paramwise_options -- neck.Rep_n3.m.conv1.conv1.block.bn.bias:num of params=128
07/08 01:57:31 - mmengine - INFO - paramwise_options -- neck.Rep_n3.m.conv1.conv2.block.conv.weight:num of params=147456
07/08 01:57:31 - mmengine - INFO - paramwise_options -- neck.Rep_n3.m.conv1.conv2.block.bn.weight:num of params=128
07/08 01:57:31 - mmengine - INFO - paramwise_options -- neck.Rep_n3.m.conv1.conv2.block.bn.bias:num of params=128
07/08 01:57:31 - mmengine - INFO - paramwise_options -- neck.Rep_n3.m.block.0.alpha:num of params=1
07/08 01:57:31 - mmengine - INFO - paramwise_options -- neck.Rep_n3.m.block.0.conv1.block.conv.weight:num of params=147456
07/08 01:57:31 - mmengine - INFO - paramwise_options -- neck.Rep_n3.m.block.0.conv1.block.bn.weight:num of params=128
07/08 01:57:31 - mmengine - INFO - paramwise_options -- neck.Rep_n3.m.block.0.conv1.block.bn.bias:num of params=128
07/08 01:57:31 - mmengine - INFO - paramwise_options -- neck.Rep_n3.m.block.0.conv2.block.conv.weight:num of params=147456
07/08 01:57:31 - mmengine - INFO - paramwise_options -- neck.Rep_n3.m.block.0.conv2.block.bn.weight:num of params=128
07/08 01:57:31 - mmengine - INFO - paramwise_options -- neck.Rep_n3.m.block.0.conv2.block.bn.bias:num of params=128
07/08 01:57:31 - mmengine - INFO - paramwise_options -- neck.Rep_n3.m.block.1.alpha:num of params=1
07/08 01:57:31 - mmengine - INFO - paramwise_options -- neck.Rep_n3.m.block.1.conv1.block.conv.weight:num of params=147456
07/08 01:57:31 - mmengine - INFO - paramwise_options -- neck.Rep_n3.m.block.1.conv1.block.bn.weight:num of params=128
07/08 01:57:31 - mmengine - INFO - paramwise_options -- neck.Rep_n3.m.block.1.conv1.block.bn.bias:num of params=128
07/08 01:57:31 - mmengine - INFO - paramwise_options -- neck.Rep_n3.m.block.1.conv2.block.conv.weight:num of params=147456
07/08 01:57:31 - mmengine - INFO - paramwise_options -- neck.Rep_n3.m.block.1.conv2.block.bn.weight:num of params=128
07/08 01:57:31 - mmengine - INFO - paramwise_options -- neck.Rep_n3.m.block.1.conv2.block.bn.bias:num of params=128
07/08 01:57:31 - mmengine - INFO - paramwise_options -- neck.Rep_n3.m.block.2.alpha:num of params=1
07/08 01:57:31 - mmengine - INFO - paramwise_options -- neck.Rep_n3.m.block.2.conv1.block.conv.weight:num of params=147456
07/08 01:57:31 - mmengine - INFO - paramwise_options -- neck.Rep_n3.m.block.2.conv1.block.bn.weight:num of params=128
07/08 01:57:31 - mmengine - INFO - paramwise_options -- neck.Rep_n3.m.block.2.conv1.block.bn.bias:num of params=128
07/08 01:57:31 - mmengine - INFO - paramwise_options -- neck.Rep_n3.m.block.2.conv2.block.conv.weight:num of params=147456
07/08 01:57:31 - mmengine - INFO - paramwise_options -- neck.Rep_n3.m.block.2.conv2.block.bn.weight:num of params=128
07/08 01:57:31 - mmengine - INFO - paramwise_options -- neck.Rep_n3.m.block.2.conv2.block.bn.bias:num of params=128
07/08 01:57:31 - mmengine - INFO - paramwise_options -- neck.Rep_n3.m.block.3.alpha:num of params=1
07/08 01:57:31 - mmengine - INFO - paramwise_options -- neck.Rep_n3.m.block.3.conv1.block.conv.weight:num of params=147456
07/08 01:57:31 - mmengine - INFO - paramwise_options -- neck.Rep_n3.m.block.3.conv1.block.bn.weight:num of params=128
07/08 01:57:31 - mmengine - INFO - paramwise_options -- neck.Rep_n3.m.block.3.conv1.block.bn.bias:num of params=128
07/08 01:57:31 - mmengine - INFO - paramwise_options -- neck.Rep_n3.m.block.3.conv2.block.conv.weight:num of params=147456
07/08 01:57:31 - mmengine - INFO - paramwise_options -- neck.Rep_n3.m.block.3.conv2.block.bn.weight:num of params=128
07/08 01:57:31 - mmengine - INFO - paramwise_options -- neck.Rep_n3.m.block.3.conv2.block.bn.bias:num of params=128
07/08 01:57:31 - mmengine - INFO - paramwise_options -- neck.Rep_n3.m.block.4.alpha:num of params=1
07/08 01:57:31 - mmengine - INFO - paramwise_options -- neck.Rep_n3.m.block.4.conv1.block.conv.weight:num of params=147456
07/08 01:57:31 - mmengine - INFO - paramwise_options -- neck.Rep_n3.m.block.4.conv1.block.bn.weight:num of params=128
07/08 01:57:31 - mmengine - INFO - paramwise_options -- neck.Rep_n3.m.block.4.conv1.block.bn.bias:num of params=128
07/08 01:57:31 - mmengine - INFO - paramwise_options -- neck.Rep_n3.m.block.4.conv2.block.conv.weight:num of params=147456
07/08 01:57:31 - mmengine - INFO - paramwise_options -- neck.Rep_n3.m.block.4.conv2.block.bn.weight:num of params=128
07/08 01:57:31 - mmengine - INFO - paramwise_options -- neck.Rep_n3.m.block.4.conv2.block.bn.bias:num of params=128
07/08 01:57:31 - mmengine - INFO - paramwise_options -- neck.downsample1.block.conv.weight:num of params=589824
07/08 01:57:31 - mmengine - INFO - paramwise_options -- neck.downsample1.block.bn.weight:num of params=256
07/08 01:57:31 - mmengine - INFO - paramwise_options -- neck.downsample1.block.bn.bias:num of params=256
07/08 01:57:31 - mmengine - INFO - paramwise_options -- neck.Rep_n4.cv1.block.conv.weight:num of params=131072
07/08 01:57:31 - mmengine - INFO - paramwise_options -- neck.Rep_n4.cv1.block.bn.weight:num of params=256
07/08 01:57:31 - mmengine - INFO - paramwise_options -- neck.Rep_n4.cv1.block.bn.bias:num of params=256
07/08 01:57:31 - mmengine - INFO - paramwise_options -- neck.Rep_n4.cv2.block.conv.weight:num of params=131072
07/08 01:57:31 - mmengine - INFO - paramwise_options -- neck.Rep_n4.cv2.block.bn.weight:num of params=256
07/08 01:57:31 - mmengine - INFO - paramwise_options -- neck.Rep_n4.cv2.block.bn.bias:num of params=256
07/08 01:57:31 - mmengine - INFO - paramwise_options -- neck.Rep_n4.cv3.block.conv.weight:num of params=262144
07/08 01:57:31 - mmengine - INFO - paramwise_options -- neck.Rep_n4.cv3.block.bn.weight:num of params=512
07/08 01:57:31 - mmengine - INFO - paramwise_options -- neck.Rep_n4.cv3.block.bn.bias:num of params=512
07/08 01:57:31 - mmengine - INFO - paramwise_options -- neck.Rep_n4.m.conv1.alpha:num of params=1
07/08 01:57:31 - mmengine - INFO - paramwise_options -- neck.Rep_n4.m.conv1.conv1.block.conv.weight:num of params=589824
07/08 01:57:31 - mmengine - INFO - paramwise_options -- neck.Rep_n4.m.conv1.conv1.block.bn.weight:num of params=256
07/08 01:57:31 - mmengine - INFO - paramwise_options -- neck.Rep_n4.m.conv1.conv1.block.bn.bias:num of params=256
07/08 01:57:31 - mmengine - INFO - paramwise_options -- neck.Rep_n4.m.conv1.conv2.block.conv.weight:num of params=589824
07/08 01:57:31 - mmengine - INFO - paramwise_options -- neck.Rep_n4.m.conv1.conv2.block.bn.weight:num of params=256
07/08 01:57:31 - mmengine - INFO - paramwise_options -- neck.Rep_n4.m.conv1.conv2.block.bn.bias:num of params=256
07/08 01:57:31 - mmengine - INFO - paramwise_options -- neck.Rep_n4.m.block.0.alpha:num of params=1
07/08 01:57:31 - mmengine - INFO - paramwise_options -- neck.Rep_n4.m.block.0.conv1.block.conv.weight:num of params=589824
07/08 01:57:31 - mmengine - INFO - paramwise_options -- neck.Rep_n4.m.block.0.conv1.block.bn.weight:num of params=256
07/08 01:57:31 - mmengine - INFO - paramwise_options -- neck.Rep_n4.m.block.0.conv1.block.bn.bias:num of params=256
07/08 01:57:31 - mmengine - INFO - paramwise_options -- neck.Rep_n4.m.block.0.conv2.block.conv.weight:num of params=589824
07/08 01:57:31 - mmengine - INFO - paramwise_options -- neck.Rep_n4.m.block.0.conv2.block.bn.weight:num of params=256
07/08 01:57:31 - mmengine - INFO - paramwise_options -- neck.Rep_n4.m.block.0.conv2.block.bn.bias:num of params=256
07/08 01:57:31 - mmengine - INFO - paramwise_options -- neck.Rep_n4.m.block.1.alpha:num of params=1
07/08 01:57:31 - mmengine - INFO - paramwise_options -- neck.Rep_n4.m.block.1.conv1.block.conv.weight:num of params=589824
07/08 01:57:31 - mmengine - INFO - paramwise_options -- neck.Rep_n4.m.block.1.conv1.block.bn.weight:num of params=256
07/08 01:57:31 - mmengine - INFO - paramwise_options -- neck.Rep_n4.m.block.1.conv1.block.bn.bias:num of params=256
07/08 01:57:31 - mmengine - INFO - paramwise_options -- neck.Rep_n4.m.block.1.conv2.block.conv.weight:num of params=589824
07/08 01:57:31 - mmengine - INFO - paramwise_options -- neck.Rep_n4.m.block.1.conv2.block.bn.weight:num of params=256
07/08 01:57:31 - mmengine - INFO - paramwise_options -- neck.Rep_n4.m.block.1.conv2.block.bn.bias:num of params=256
07/08 01:57:31 - mmengine - INFO - paramwise_options -- neck.Rep_n4.m.block.2.alpha:num of params=1
07/08 01:57:31 - mmengine - INFO - paramwise_options -- neck.Rep_n4.m.block.2.conv1.block.conv.weight:num of params=589824
07/08 01:57:31 - mmengine - INFO - paramwise_options -- neck.Rep_n4.m.block.2.conv1.block.bn.weight:num of params=256
07/08 01:57:31 - mmengine - INFO - paramwise_options -- neck.Rep_n4.m.block.2.conv1.block.bn.bias:num of params=256
07/08 01:57:31 - mmengine - INFO - paramwise_options -- neck.Rep_n4.m.block.2.conv2.block.conv.weight:num of params=589824
07/08 01:57:31 - mmengine - INFO - paramwise_options -- neck.Rep_n4.m.block.2.conv2.block.bn.weight:num of params=256
07/08 01:57:31 - mmengine - INFO - paramwise_options -- neck.Rep_n4.m.block.2.conv2.block.bn.bias:num of params=256
07/08 01:57:31 - mmengine - INFO - paramwise_options -- neck.Rep_n4.m.block.3.alpha:num of params=1
07/08 01:57:31 - mmengine - INFO - paramwise_options -- neck.Rep_n4.m.block.3.conv1.block.conv.weight:num of params=589824
07/08 01:57:31 - mmengine - INFO - paramwise_options -- neck.Rep_n4.m.block.3.conv1.block.bn.weight:num of params=256
07/08 01:57:31 - mmengine - INFO - paramwise_options -- neck.Rep_n4.m.block.3.conv1.block.bn.bias:num of params=256
07/08 01:57:31 - mmengine - INFO - paramwise_options -- neck.Rep_n4.m.block.3.conv2.block.conv.weight:num of params=589824
07/08 01:57:31 - mmengine - INFO - paramwise_options -- neck.Rep_n4.m.block.3.conv2.block.bn.weight:num of params=256
07/08 01:57:31 - mmengine - INFO - paramwise_options -- neck.Rep_n4.m.block.3.conv2.block.bn.bias:num of params=256
07/08 01:57:31 - mmengine - INFO - paramwise_options -- neck.Rep_n4.m.block.4.alpha:num of params=1
07/08 01:57:31 - mmengine - INFO - paramwise_options -- neck.Rep_n4.m.block.4.conv1.block.conv.weight:num of params=589824
07/08 01:57:31 - mmengine - INFO - paramwise_options -- neck.Rep_n4.m.block.4.conv1.block.bn.weight:num of params=256
07/08 01:57:31 - mmengine - INFO - paramwise_options -- neck.Rep_n4.m.block.4.conv1.block.bn.bias:num of params=256
07/08 01:57:31 - mmengine - INFO - paramwise_options -- neck.Rep_n4.m.block.4.conv2.block.conv.weight:num of params=589824
07/08 01:57:31 - mmengine - INFO - paramwise_options -- neck.Rep_n4.m.block.4.conv2.block.bn.weight:num of params=256
07/08 01:57:31 - mmengine - INFO - paramwise_options -- neck.Rep_n4.m.block.4.conv2.block.bn.bias:num of params=256
07/08 01:57:31 - mmengine - INFO - paramwise_options -- bbox_head.head_module.cls_preds.0.0.conv.weight:num of params=294912
07/08 01:57:31 - mmengine - INFO - paramwise_options -- bbox_head.head_module.cls_preds.0.0.bn.weight:num of params=256
07/08 01:57:31 - mmengine - INFO - paramwise_options -- bbox_head.head_module.cls_preds.0.0.bn.bias:num of params=256
07/08 01:57:31 - mmengine - INFO - paramwise_options -- bbox_head.head_module.cls_preds.0.1.conv.weight:num of params=589824
07/08 01:57:31 - mmengine - INFO - paramwise_options -- bbox_head.head_module.cls_preds.0.1.bn.weight:num of params=256
07/08 01:57:31 - mmengine - INFO - paramwise_options -- bbox_head.head_module.cls_preds.0.1.bn.bias:num of params=256
07/08 01:57:31 - mmengine - INFO - paramwise_options -- bbox_head.head_module.cls_preds.0.2.weight:num of params=196608
07/08 01:57:31 - mmengine - INFO - paramwise_options -- bbox_head.head_module.cls_preds.0.2.bias:num of params=768
07/08 01:57:31 - mmengine - INFO - paramwise_options -- bbox_head.head_module.cls_preds.1.0.conv.weight:num of params=589824
07/08 01:57:31 - mmengine - INFO - paramwise_options -- bbox_head.head_module.cls_preds.1.0.bn.weight:num of params=256
07/08 01:57:31 - mmengine - INFO - paramwise_options -- bbox_head.head_module.cls_preds.1.0.bn.bias:num of params=256
07/08 01:57:31 - mmengine - INFO - paramwise_options -- bbox_head.head_module.cls_preds.1.1.conv.weight:num of params=589824
07/08 01:57:31 - mmengine - INFO - paramwise_options -- bbox_head.head_module.cls_preds.1.1.bn.weight:num of params=256
07/08 01:57:31 - mmengine - INFO - paramwise_options -- bbox_head.head_module.cls_preds.1.1.bn.bias:num of params=256
07/08 01:57:31 - mmengine - INFO - paramwise_options -- bbox_head.head_module.cls_preds.1.2.weight:num of params=196608
07/08 01:57:31 - mmengine - INFO - paramwise_options -- bbox_head.head_module.cls_preds.1.2.bias:num of params=768
07/08 01:57:31 - mmengine - INFO - paramwise_options -- bbox_head.head_module.cls_preds.2.0.conv.weight:num of params=1179648
07/08 01:57:31 - mmengine - INFO - paramwise_options -- bbox_head.head_module.cls_preds.2.0.bn.weight:num of params=256
07/08 01:57:31 - mmengine - INFO - paramwise_options -- bbox_head.head_module.cls_preds.2.0.bn.bias:num of params=256
07/08 01:57:31 - mmengine - INFO - paramwise_options -- bbox_head.head_module.cls_preds.2.1.conv.weight:num of params=589824
07/08 01:57:31 - mmengine - INFO - paramwise_options -- bbox_head.head_module.cls_preds.2.1.bn.weight:num of params=256
07/08 01:57:31 - mmengine - INFO - paramwise_options -- bbox_head.head_module.cls_preds.2.1.bn.bias:num of params=256
07/08 01:57:31 - mmengine - INFO - paramwise_options -- bbox_head.head_module.cls_preds.2.2.weight:num of params=196608
07/08 01:57:31 - mmengine - INFO - paramwise_options -- bbox_head.head_module.cls_preds.2.2.bias:num of params=768
07/08 01:57:31 - mmengine - INFO - paramwise_options -- bbox_head.head_module.reg_preds.0.0.conv.weight:num of params=73728
07/08 01:57:31 - mmengine - INFO - paramwise_options -- bbox_head.head_module.reg_preds.0.0.bn.weight:num of params=64
07/08 01:57:31 - mmengine - INFO - paramwise_options -- bbox_head.head_module.reg_preds.0.0.bn.bias:num of params=64
07/08 01:57:31 - mmengine - INFO - paramwise_options -- bbox_head.head_module.reg_preds.0.1.conv.weight:num of params=36864
07/08 01:57:31 - mmengine - INFO - paramwise_options -- bbox_head.head_module.reg_preds.0.1.bn.weight:num of params=64
07/08 01:57:31 - mmengine - INFO - paramwise_options -- bbox_head.head_module.reg_preds.0.1.bn.bias:num of params=64
07/08 01:57:31 - mmengine - INFO - paramwise_options -- bbox_head.head_module.reg_preds.0.2.weight:num of params=4096
07/08 01:57:31 - mmengine - INFO - paramwise_options -- bbox_head.head_module.reg_preds.0.2.bias:num of params=64
07/08 01:57:31 - mmengine - INFO - paramwise_options -- bbox_head.head_module.reg_preds.1.0.conv.weight:num of params=147456
07/08 01:57:31 - mmengine - INFO - paramwise_options -- bbox_head.head_module.reg_preds.1.0.bn.weight:num of params=64
07/08 01:57:31 - mmengine - INFO - paramwise_options -- bbox_head.head_module.reg_preds.1.0.bn.bias:num of params=64
07/08 01:57:31 - mmengine - INFO - paramwise_options -- bbox_head.head_module.reg_preds.1.1.conv.weight:num of params=36864
07/08 01:57:31 - mmengine - INFO - paramwise_options -- bbox_head.head_module.reg_preds.1.1.bn.weight:num of params=64
07/08 01:57:31 - mmengine - INFO - paramwise_options -- bbox_head.head_module.reg_preds.1.1.bn.bias:num of params=64
07/08 01:57:31 - mmengine - INFO - paramwise_options -- bbox_head.head_module.reg_preds.1.2.weight:num of params=4096
07/08 01:57:31 - mmengine - INFO - paramwise_options -- bbox_head.head_module.reg_preds.1.2.bias:num of params=64
07/08 01:57:31 - mmengine - INFO - paramwise_options -- bbox_head.head_module.reg_preds.2.0.conv.weight:num of params=294912
07/08 01:57:31 - mmengine - INFO - paramwise_options -- bbox_head.head_module.reg_preds.2.0.bn.weight:num of params=64
07/08 01:57:31 - mmengine - INFO - paramwise_options -- bbox_head.head_module.reg_preds.2.0.bn.bias:num of params=64
07/08 01:57:31 - mmengine - INFO - paramwise_options -- bbox_head.head_module.reg_preds.2.1.conv.weight:num of params=36864
07/08 01:57:31 - mmengine - INFO - paramwise_options -- bbox_head.head_module.reg_preds.2.1.bn.weight:num of params=64
07/08 01:57:31 - mmengine - INFO - paramwise_options -- bbox_head.head_module.reg_preds.2.1.bn.bias:num of params=64
07/08 01:57:31 - mmengine - INFO - paramwise_options -- bbox_head.head_module.reg_preds.2.2.weight:num of params=4096
07/08 01:57:31 - mmengine - INFO - paramwise_options -- bbox_head.head_module.reg_preds.2.2.bias:num of params=64
07/08 01:57:31 - mmengine - INFO - paramwise_options -- bbox_head.head_module.cls_contrasts.0.bias:num of params=1
07/08 01:57:31 - mmengine - INFO - paramwise_options -- bbox_head.head_module.cls_contrasts.0.logit_scale:num of params=1
07/08 01:57:31 - mmengine - INFO - paramwise_options -- bbox_head.head_module.cls_contrasts.0.logit_scale:lr=0.0001
07/08 01:57:31 - mmengine - INFO - paramwise_options -- bbox_head.head_module.cls_contrasts.0.logit_scale:weight_decay=0.0
07/08 01:57:31 - mmengine - INFO - paramwise_options -- bbox_head.head_module.cls_contrasts.0.norm.weight:num of params=768
07/08 01:57:31 - mmengine - INFO - paramwise_options -- bbox_head.head_module.cls_contrasts.0.norm.bias:num of params=768
07/08 01:57:31 - mmengine - INFO - paramwise_options -- bbox_head.head_module.cls_contrasts.1.bias:num of params=1
07/08 01:57:31 - mmengine - INFO - paramwise_options -- bbox_head.head_module.cls_contrasts.1.logit_scale:num of params=1
07/08 01:57:31 - mmengine - INFO - paramwise_options -- bbox_head.head_module.cls_contrasts.1.logit_scale:lr=0.0001
07/08 01:57:31 - mmengine - INFO - paramwise_options -- bbox_head.head_module.cls_contrasts.1.logit_scale:weight_decay=0.0
07/08 01:57:31 - mmengine - INFO - paramwise_options -- bbox_head.head_module.cls_contrasts.1.norm.weight:num of params=768
07/08 01:57:31 - mmengine - INFO - paramwise_options -- bbox_head.head_module.cls_contrasts.1.norm.bias:num of params=768
07/08 01:57:31 - mmengine - INFO - paramwise_options -- bbox_head.head_module.cls_contrasts.2.bias:num of params=1
07/08 01:57:31 - mmengine - INFO - paramwise_options -- bbox_head.head_module.cls_contrasts.2.logit_scale:num of params=1
07/08 01:57:31 - mmengine - INFO - paramwise_options -- bbox_head.head_module.cls_contrasts.2.logit_scale:lr=0.0001
07/08 01:57:31 - mmengine - INFO - paramwise_options -- bbox_head.head_module.cls_contrasts.2.logit_scale:weight_decay=0.0
07/08 01:57:31 - mmengine - INFO - paramwise_options -- bbox_head.head_module.cls_contrasts.2.norm.weight:num of params=768
07/08 01:57:31 - mmengine - INFO - paramwise_options -- bbox_head.head_module.cls_contrasts.2.norm.bias:num of params=768
loading annotations into memory...
Done (t=0.04s)
creating index...
index created!
loading annotations into memory...
Done (t=0.04s)
creating index...
index created!
Loads checkpoint by local backend from path: /home/siyuan/projects/LLMs/OralDetect-Family/OralCLIP/pretrained/wedetect_oralclipv11_dentalbert_init.pth
Loads checkpoint by local backend from path: /home/siyuan/projects/LLMs/OralDetect-Family/OralCLIP/pretrained/wedetect_oralclipv11_dentalbert_init.pth
/home/siyuan/anaconda3/envs/wedetect_official/lib/python3.10/site-packages/mmengine/runner/checkpoint.py:347: FutureWarning: You are using `torch.load` with `weights_only=False` (the current default value), which uses the default pickle module implicitly. It is possible to construct malicious pickle data which will execute arbitrary code during unpickling (See https://github.com/pytorch/pytorch/blob/main/SECURITY.md#untrusted-models for more details). In a future release, the default value for `weights_only` will be flipped to `True`. This limits the functions that could be executed during unpickling. Arbitrary objects will no longer be allowed to be loaded via this mode unless they are explicitly allowlisted by the user via `torch.serialization.add_safe_globals`. We recommend you start setting `weights_only=True` for any use case where you don't have full control of the loaded file. Please open an issue on GitHub for any issues related to this experimental feature.
  checkpoint = torch.load(filename, map_location=map_location)
/home/siyuan/anaconda3/envs/wedetect_official/lib/python3.10/site-packages/mmengine/runner/checkpoint.py:347: FutureWarning: You are using `torch.load` with `weights_only=False` (the current default value), which uses the default pickle module implicitly. It is possible to construct malicious pickle data which will execute arbitrary code during unpickling (See https://github.com/pytorch/pytorch/blob/main/SECURITY.md#untrusted-models for more details). In a future release, the default value for `weights_only` will be flipped to `True`. This limits the functions that could be executed during unpickling. Arbitrary objects will no longer be allowed to be loaded via this mode unless they are explicitly allowlisted by the user via `torch.serialization.add_safe_globals`. We recommend you start setting `weights_only=True` for any use case where you don't have full control of the loaded file. Please open an issue on GitHub for any issues related to this experimental feature.
  checkpoint = torch.load(filename, map_location=map_location)
Loads checkpoint by local backend from path: /home/siyuan/projects/LLMs/OralDetect-Family/OralCLIP/pretrained/wedetect_oralclipv11_dentalbert_init.pth
/home/siyuan/anaconda3/envs/wedetect_official/lib/python3.10/site-packages/mmengine/runner/checkpoint.py:347: FutureWarning: You are using `torch.load` with `weights_only=False` (the current default value), which uses the default pickle module implicitly. It is possible to construct malicious pickle data which will execute arbitrary code during unpickling (See https://github.com/pytorch/pytorch/blob/main/SECURITY.md#untrusted-models for more details). In a future release, the default value for `weights_only` will be flipped to `True`. This limits the functions that could be executed during unpickling. Arbitrary objects will no longer be allowed to be loaded via this mode unless they are explicitly allowlisted by the user via `torch.serialization.add_safe_globals`. We recommend you start setting `weights_only=True` for any use case where you don't have full control of the loaded file. Please open an issue on GitHub for any issues related to this experimental feature.
  checkpoint = torch.load(filename, map_location=map_location)
Loads checkpoint by local backend from path: /home/siyuan/projects/LLMs/OralDetect-Family/OralCLIP/pretrained/wedetect_oralclipv11_dentalbert_init.pth
/home/siyuan/anaconda3/envs/wedetect_official/lib/python3.10/site-packages/mmengine/runner/checkpoint.py:347: FutureWarning: You are using `torch.load` with `weights_only=False` (the current default value), which uses the default pickle module implicitly. It is possible to construct malicious pickle data which will execute arbitrary code during unpickling (See https://github.com/pytorch/pytorch/blob/main/SECURITY.md#untrusted-models for more details). In a future release, the default value for `weights_only` will be flipped to `True`. This limits the functions that could be executed during unpickling. Arbitrary objects will no longer be allowed to be loaded via this mode unless they are explicitly allowlisted by the user via `torch.serialization.add_safe_globals`. We recommend you start setting `weights_only=True` for any use case where you don't have full control of the loaded file. Please open an issue on GitHub for any issues related to this experimental feature.
  checkpoint = torch.load(filename, map_location=map_location)
The model and loaded state dict do not match exactly

missing keys in source state_dict: backbone.text_model.model.embeddings.word_embeddings.weight, backbone.text_model.model.embeddings.position_embeddings.weight, backbone.text_model.model.embeddings.token_type_embeddings.weight, backbone.text_model.model.embeddings.LayerNorm.weight, backbone.text_model.model.embeddings.LayerNorm.bias, backbone.text_model.model.encoder.layer.0.attention.self.query.weight, backbone.text_model.model.encoder.layer.0.attention.self.query.bias, backbone.text_model.model.encoder.layer.0.attention.self.key.weight, backbone.text_model.model.encoder.layer.0.attention.self.key.bias, backbone.text_model.model.encoder.layer.0.attention.self.value.weight, backbone.text_model.model.encoder.layer.0.attention.self.value.bias, backbone.text_model.model.encoder.layer.0.attention.output.dense.weight, backbone.text_model.model.encoder.layer.0.attention.output.dense.bias, backbone.text_model.model.encoder.layer.0.attention.output.LayerNorm.weight, backbone.text_model.model.encoder.layer.0.attention.output.LayerNorm.bias, backbone.text_model.model.encoder.layer.0.intermediate.dense.weight, backbone.text_model.model.encoder.layer.0.intermediate.dense.bias, backbone.text_model.model.encoder.layer.0.output.dense.weight, backbone.text_model.model.encoder.layer.0.output.dense.bias, backbone.text_model.model.encoder.layer.0.output.LayerNorm.weight, backbone.text_model.model.encoder.layer.0.output.LayerNorm.bias, backbone.text_model.model.encoder.layer.1.attention.self.query.weight, backbone.text_model.model.encoder.layer.1.attention.self.query.bias, backbone.text_model.model.encoder.layer.1.attention.self.key.weight, backbone.text_model.model.encoder.layer.1.attention.self.key.bias, backbone.text_model.model.encoder.layer.1.attention.self.value.weight, backbone.text_model.model.encoder.layer.1.attention.self.value.bias, backbone.text_model.model.encoder.layer.1.attention.output.dense.weight, backbone.text_model.model.encoder.layer.1.attention.output.dense.bias, backbone.text_model.model.encoder.layer.1.attention.output.LayerNorm.weight, backbone.text_model.model.encoder.layer.1.attention.output.LayerNorm.bias, backbone.text_model.model.encoder.layer.1.intermediate.dense.weight, backbone.text_model.model.encoder.layer.1.intermediate.dense.bias, backbone.text_model.model.encoder.layer.1.output.dense.weight, backbone.text_model.model.encoder.layer.1.output.dense.bias, backbone.text_model.model.encoder.layer.1.output.LayerNorm.weight, backbone.text_model.model.encoder.layer.1.output.LayerNorm.bias, backbone.text_model.model.encoder.layer.2.attention.self.query.weight, backbone.text_model.model.encoder.layer.2.attention.self.query.bias, backbone.text_model.model.encoder.layer.2.attention.self.key.weight, backbone.text_model.model.encoder.layer.2.attention.self.key.bias, backbone.text_model.model.encoder.layer.2.attention.self.value.weight, backbone.text_model.model.encoder.layer.2.attention.self.value.bias, backbone.text_model.model.encoder.layer.2.attention.output.dense.weight, backbone.text_model.model.encoder.layer.2.attention.output.dense.bias, backbone.text_model.model.encoder.layer.2.attention.output.LayerNorm.weight, backbone.text_model.model.encoder.layer.2.attention.output.LayerNorm.bias, backbone.text_model.model.encoder.layer.2.intermediate.dense.weight, backbone.text_model.model.encoder.layer.2.intermediate.dense.bias, backbone.text_model.model.encoder.layer.2.output.dense.weight, backbone.text_model.model.encoder.layer.2.output.dense.bias, backbone.text_model.model.encoder.layer.2.output.LayerNorm.weight, backbone.text_model.model.encoder.layer.2.output.LayerNorm.bias, backbone.text_model.model.encoder.layer.3.attention.self.query.weight, backbone.text_model.model.encoder.layer.3.attention.self.query.bias, backbone.text_model.model.encoder.layer.3.attention.self.key.weight, backbone.text_model.model.encoder.layer.3.attention.self.key.bias, backbone.text_model.model.encoder.layer.3.attention.self.value.weight, backbone.text_model.model.encoder.layer.3.attention.self.value.bias, backbone.text_model.model.encoder.layer.3.attention.output.dense.weight, backbone.text_model.model.encoder.layer.3.attention.output.dense.bias, backbone.text_model.model.encoder.layer.3.attention.output.LayerNorm.weight, backbone.text_model.model.encoder.layer.3.attention.output.LayerNorm.bias, backbone.text_model.model.encoder.layer.3.intermediate.dense.weight, backbone.text_model.model.encoder.layer.3.intermediate.dense.bias, backbone.text_model.model.encoder.layer.3.output.dense.weight, backbone.text_model.model.encoder.layer.3.output.dense.bias, backbone.text_model.model.encoder.layer.3.output.LayerNorm.weight, backbone.text_model.model.encoder.layer.3.output.LayerNorm.bias, backbone.text_model.model.encoder.layer.4.attention.self.query.weight, backbone.text_model.model.encoder.layer.4.attention.self.query.bias, backbone.text_model.model.encoder.layer.4.attention.self.key.weight, backbone.text_model.model.encoder.layer.4.attention.self.key.bias, backbone.text_model.model.encoder.layer.4.attention.self.value.weight, backbone.text_model.model.encoder.layer.4.attention.self.value.bias, backbone.text_model.model.encoder.layer.4.attention.output.dense.weight, backbone.text_model.model.encoder.layer.4.attention.output.dense.bias, backbone.text_model.model.encoder.layer.4.attention.output.LayerNorm.weight, backbone.text_model.model.encoder.layer.4.attention.output.LayerNorm.bias, backbone.text_model.model.encoder.layer.4.intermediate.dense.weight, backbone.text_model.model.encoder.layer.4.intermediate.dense.bias, backbone.text_model.model.encoder.layer.4.output.dense.weight, backbone.text_model.model.encoder.layer.4.output.dense.bias, backbone.text_model.model.encoder.layer.4.output.LayerNorm.weight, backbone.text_model.model.encoder.layer.4.output.LayerNorm.bias, backbone.text_model.model.encoder.layer.5.attention.self.query.weight, backbone.text_model.model.encoder.layer.5.attention.self.query.bias, backbone.text_model.model.encoder.layer.5.attention.self.key.weight, backbone.text_model.model.encoder.layer.5.attention.self.key.bias, backbone.text_model.model.encoder.layer.5.attention.self.value.weight, backbone.text_model.model.encoder.layer.5.attention.self.value.bias, backbone.text_model.model.encoder.layer.5.attention.output.dense.weight, backbone.text_model.model.encoder.layer.5.attention.output.dense.bias, backbone.text_model.model.encoder.layer.5.attention.output.LayerNorm.weight, backbone.text_model.model.encoder.layer.5.attention.output.LayerNorm.bias, backbone.text_model.model.encoder.layer.5.intermediate.dense.weight, backbone.text_model.model.encoder.layer.5.intermediate.dense.bias, backbone.text_model.model.encoder.layer.5.output.dense.weight, backbone.text_model.model.encoder.layer.5.output.dense.bias, backbone.text_model.model.encoder.layer.5.output.LayerNorm.weight, backbone.text_model.model.encoder.layer.5.output.LayerNorm.bias, backbone.text_model.model.encoder.layer.6.attention.self.query.weight, backbone.text_model.model.encoder.layer.6.attention.self.query.bias, backbone.text_model.model.encoder.layer.6.attention.self.key.weight, backbone.text_model.model.encoder.layer.6.attention.self.key.bias, backbone.text_model.model.encoder.layer.6.attention.self.value.weight, backbone.text_model.model.encoder.layer.6.attention.self.value.bias, backbone.text_model.model.encoder.layer.6.attention.output.dense.weight, backbone.text_model.model.encoder.layer.6.attention.output.dense.bias, backbone.text_model.model.encoder.layer.6.attention.output.LayerNorm.weight, backbone.text_model.model.encoder.layer.6.attention.output.LayerNorm.bias, backbone.text_model.model.encoder.layer.6.intermediate.dense.weight, backbone.text_model.model.encoder.layer.6.intermediate.dense.bias, backbone.text_model.model.encoder.layer.6.output.dense.weight, backbone.text_model.model.encoder.layer.6.output.dense.bias, backbone.text_model.model.encoder.layer.6.output.LayerNorm.weight, backbone.text_model.model.encoder.layer.6.output.LayerNorm.bias, backbone.text_model.model.encoder.layer.7.attention.self.query.weight, backbone.text_model.model.encoder.layer.7.attention.self.query.bias, backbone.text_model.model.encoder.layer.7.attention.self.key.weight, backbone.text_model.model.encoder.layer.7.attention.self.key.bias, backbone.text_model.model.encoder.layer.7.attention.self.value.weight, backbone.text_model.model.encoder.layer.7.attention.self.value.bias, backbone.text_model.model.encoder.layer.7.attention.output.dense.weight, backbone.text_model.model.encoder.layer.7.attention.output.dense.bias, backbone.text_model.model.encoder.layer.7.attention.output.LayerNorm.weight, backbone.text_model.model.encoder.layer.7.attention.output.LayerNorm.bias, backbone.text_model.model.encoder.layer.7.intermediate.dense.weight, backbone.text_model.model.encoder.layer.7.intermediate.dense.bias, backbone.text_model.model.encoder.layer.7.output.dense.weight, backbone.text_model.model.encoder.layer.7.output.dense.bias, backbone.text_model.model.encoder.layer.7.output.LayerNorm.weight, backbone.text_model.model.encoder.layer.7.output.LayerNorm.bias, backbone.text_model.model.encoder.layer.8.attention.self.query.weight, backbone.text_model.model.encoder.layer.8.attention.self.query.bias, backbone.text_model.model.encoder.layer.8.attention.self.key.weight, backbone.text_model.model.encoder.layer.8.attention.self.key.bias, backbone.text_model.model.encoder.layer.8.attention.self.value.weight, backbone.text_model.model.encoder.layer.8.attention.self.value.bias, backbone.text_model.model.encoder.layer.8.attention.output.dense.weight, backbone.text_model.model.encoder.layer.8.attention.output.dense.bias, backbone.text_model.model.encoder.layer.8.attention.output.LayerNorm.weight, backbone.text_model.model.encoder.layer.8.attention.output.LayerNorm.bias, backbone.text_model.model.encoder.layer.8.intermediate.dense.weight, backbone.text_model.model.encoder.layer.8.intermediate.dense.bias, backbone.text_model.model.encoder.layer.8.output.dense.weight, backbone.text_model.model.encoder.layer.8.output.dense.bias, backbone.text_model.model.encoder.layer.8.output.LayerNorm.weight, backbone.text_model.model.encoder.layer.8.output.LayerNorm.bias, backbone.text_model.model.encoder.layer.9.attention.self.query.weight, backbone.text_model.model.encoder.layer.9.attention.self.query.bias, backbone.text_model.model.encoder.layer.9.attention.self.key.weight, backbone.text_model.model.encoder.layer.9.attention.self.key.bias, backbone.text_model.model.encoder.layer.9.attention.self.value.weight, backbone.text_model.model.encoder.layer.9.attention.self.value.bias, backbone.text_model.model.encoder.layer.9.attention.output.dense.weight, backbone.text_model.model.encoder.layer.9.attention.output.dense.bias, backbone.text_model.model.encoder.layer.9.attention.output.LayerNorm.weight, backbone.text_model.model.encoder.layer.9.attention.output.LayerNorm.bias, backbone.text_model.model.encoder.layer.9.intermediate.dense.weight, backbone.text_model.model.encoder.layer.9.intermediate.dense.bias, backbone.text_model.model.encoder.layer.9.output.dense.weight, backbone.text_model.model.encoder.layer.9.output.dense.bias, backbone.text_model.model.encoder.layer.9.output.LayerNorm.weight, backbone.text_model.model.encoder.layer.9.output.LayerNorm.bias, backbone.text_model.model.encoder.layer.10.attention.self.query.weight, backbone.text_model.model.encoder.layer.10.attention.self.query.bias, backbone.text_model.model.encoder.layer.10.attention.self.key.weight, backbone.text_model.model.encoder.layer.10.attention.self.key.bias, backbone.text_model.model.encoder.layer.10.attention.self.value.weight, backbone.text_model.model.encoder.layer.10.attention.self.value.bias, backbone.text_model.model.encoder.layer.10.attention.output.dense.weight, backbone.text_model.model.encoder.layer.10.attention.output.dense.bias, backbone.text_model.model.encoder.layer.10.attention.output.LayerNorm.weight, backbone.text_model.model.encoder.layer.10.attention.output.LayerNorm.bias, backbone.text_model.model.encoder.layer.10.intermediate.dense.weight, backbone.text_model.model.encoder.layer.10.intermediate.dense.bias, backbone.text_model.model.encoder.layer.10.output.dense.weight, backbone.text_model.model.encoder.layer.10.output.dense.bias, backbone.text_model.model.encoder.layer.10.output.LayerNorm.weight, backbone.text_model.model.encoder.layer.10.output.LayerNorm.bias, backbone.text_model.model.encoder.layer.11.attention.self.query.weight, backbone.text_model.model.encoder.layer.11.attention.self.query.bias, backbone.text_model.model.encoder.layer.11.attention.self.key.weight, backbone.text_model.model.encoder.layer.11.attention.self.key.bias, backbone.text_model.model.encoder.layer.11.attention.self.value.weight, backbone.text_model.model.encoder.layer.11.attention.self.value.bias, backbone.text_model.model.encoder.layer.11.attention.output.dense.weight, backbone.text_model.model.encoder.layer.11.attention.output.dense.bias, backbone.text_model.model.encoder.layer.11.attention.output.LayerNorm.weight, backbone.text_model.model.encoder.layer.11.attention.output.LayerNorm.bias, backbone.text_model.model.encoder.layer.11.intermediate.dense.weight, backbone.text_model.model.encoder.layer.11.intermediate.dense.bias, backbone.text_model.model.encoder.layer.11.output.dense.weight, backbone.text_model.model.encoder.layer.11.output.dense.bias, backbone.text_model.model.encoder.layer.11.output.LayerNorm.weight, backbone.text_model.model.encoder.layer.11.output.LayerNorm.bias, backbone.text_model.model.pooler.dense.weight, backbone.text_model.model.pooler.dense.bias

07/08 01:57:33 - mmengine - INFO - Load checkpoint from /home/siyuan/projects/LLMs/OralDetect-Family/OralCLIP/pretrained/wedetect_oralclipv11_dentalbert_init.pth
07/08 01:57:33 - mmengine - WARNING - "FileClient" will be deprecated in future. Please use io functions in https://mmengine.readthedocs.io/en/latest/api/fileio.html#file-io
07/08 01:57:33 - mmengine - WARNING - "HardDiskBackend" is the alias of "LocalBackend" and the former will be deprecated in future.
07/08 01:57:33 - mmengine - INFO - Checkpoints will be saved to /home/siyuan/projects/LLMs/OralDetect-Family/WeDetect_repro/WeDetect/work_dirs/reorg_v11dt_s1.
/home/siyuan/anaconda3/envs/wedetect_official/lib/python3.10/site-packages/torch/functional.py:534: UserWarning: torch.meshgrid: in an upcoming release, it will be required to pass the indexing argument. (Triggered internally at ../aten/src/ATen/native/TensorShape.cpp:3595.)
  return _VF.meshgrid(tensors, **kwargs)  # type: ignore[attr-defined]
/home/siyuan/anaconda3/envs/wedetect_official/lib/python3.10/site-packages/torch/functional.py:534: UserWarning: torch.meshgrid: in an upcoming release, it will be required to pass the indexing argument. (Triggered internally at ../aten/src/ATen/native/TensorShape.cpp:3595.)
  return _VF.meshgrid(tensors, **kwargs)  # type: ignore[attr-defined]
/home/siyuan/anaconda3/envs/wedetect_official/lib/python3.10/site-packages/torch/functional.py:534: UserWarning: torch.meshgrid: in an upcoming release, it will be required to pass the indexing argument. (Triggered internally at ../aten/src/ATen/native/TensorShape.cpp:3595.)
  return _VF.meshgrid(tensors, **kwargs)  # type: ignore[attr-defined]
/home/siyuan/anaconda3/envs/wedetect_official/lib/python3.10/site-packages/torch/functional.py:534: UserWarning: torch.meshgrid: in an upcoming release, it will be required to pass the indexing argument. (Triggered internally at ../aten/src/ATen/native/TensorShape.cpp:3595.)
  return _VF.meshgrid(tensors, **kwargs)  # type: ignore[attr-defined]
[rank1]:[W708 01:57:36.518953002 reducer.cpp:1400] Warning: find_unused_parameters=True was specified in DDP constructor, but did not find any unused parameters in the forward pass. This flag results in an extra traversal of the autograd graph every iteration,  which can adversely affect performance. If your model indeed never has any unused parameters in the forward pass, consider turning this flag off. Note that this warning may be a false positive if your model has flow control causing later iterations to have unused parameters. (function operator())
[rank0]:[W708 01:57:36.520278594 reducer.cpp:1400] Warning: find_unused_parameters=True was specified in DDP constructor, but did not find any unused parameters in the forward pass. This flag results in an extra traversal of the autograd graph every iteration,  which can adversely affect performance. If your model indeed never has any unused parameters in the forward pass, consider turning this flag off. Note that this warning may be a false positive if your model has flow control causing later iterations to have unused parameters. (function operator())
[rank3]:[W708 01:57:36.523612034 reducer.cpp:1400] Warning: find_unused_parameters=True was specified in DDP constructor, but did not find any unused parameters in the forward pass. This flag results in an extra traversal of the autograd graph every iteration,  which can adversely affect performance. If your model indeed never has any unused parameters in the forward pass, consider turning this flag off. Note that this warning may be a false positive if your model has flow control causing later iterations to have unused parameters. (function operator())
[rank2]:[W708 01:57:36.523903362 reducer.cpp:1400] Warning: find_unused_parameters=True was specified in DDP constructor, but did not find any unused parameters in the forward pass. This flag results in an extra traversal of the autograd graph every iteration,  which can adversely affect performance. If your model indeed never has any unused parameters in the forward pass, consider turning this flag off. Note that this warning may be a false positive if your model has flow control causing later iterations to have unused parameters. (function operator())
07/08 01:57:57 - mmengine - INFO - Epoch(train) [1][ 50/628]  base_lr: 4.9517e-06 lr: 4.9517e-06  eta: 0:40:25  time: 0.4876  data_time: 0.0233  memory: 5006  grad_norm: 8356.7225  loss: 414.7045  loss_cls: 297.8831  loss_bbox: 61.8236  loss_dfl: 54.9977
07/08 01:58:19 - mmengine - INFO - Epoch(train) [1][100/628]  base_lr: 9.8049e-06 lr: 9.8049e-06  eta: 0:37:57  time: 0.4373  data_time: 0.0050  memory: 5173  grad_norm: 832.0495  loss: 216.4234  loss_cls: 122.9832  loss_bbox: 48.0110  loss_dfl: 45.4292
07/08 01:58:41 - mmengine - INFO - Epoch(train) [1][150/628]  base_lr: 1.4559e-05 lr: 1.4559e-05  eta: 0:36:53  time: 0.4372  data_time: 0.0046  memory: 5333  grad_norm: 564.8570  loss: 182.8185  loss_cls: 100.0884  loss_bbox: 41.5853  loss_dfl: 41.1448
07/08 01:59:03 - mmengine - INFO - Epoch(train) [1][200/628]  base_lr: 1.9216e-05 lr: 1.9216e-05  eta: 0:36:15  time: 0.4414  data_time: 0.0045  memory: 5173  grad_norm: 520.4252  loss: 164.5536  loss_cls: 87.6278  loss_bbox: 38.2190  loss_dfl: 38.7068
07/08 01:59:25 - mmengine - INFO - Epoch(train) [1][250/628]  base_lr: 2.3773e-05 lr: 2.3773e-05  eta: 0:35:44  time: 0.4425  data_time: 0.0045  memory: 5086  grad_norm: 585.8963  loss: 156.4504  loss_cls: 80.4076  loss_bbox: 37.8433  loss_dfl: 38.1995
07/08 01:59:47 - mmengine - INFO - Epoch(train) [1][300/628]  base_lr: 2.8232e-05 lr: 2.8232e-05  eta: 0:35:11  time: 0.4361  data_time: 0.0046  memory: 4946  grad_norm: 657.4577  loss: 154.5259  loss_cls: 77.7940  loss_bbox: 38.0666  loss_dfl: 38.6653
07/08 02:00:09 - mmengine - INFO - Epoch(train) [1][350/628]  base_lr: 3.2593e-05 lr: 3.2593e-05  eta: 0:34:47  time: 0.4442  data_time: 0.0046  memory: 5126  grad_norm: 737.0999  loss: 146.2273  loss_cls: 72.0436  loss_bbox: 36.9218  loss_dfl: 37.2619
07/08 02:00:32 - mmengine - INFO - Epoch(train) [1][400/628]  base_lr: 3.6854e-05 lr: 3.6854e-05  eta: 0:34:22  time: 0.4417  data_time: 0.0043  memory: 5326  grad_norm: 844.1965  loss: 143.7433  loss_cls: 69.1110  loss_bbox: 36.7619  loss_dfl: 37.8705
07/08 02:00:54 - mmengine - INFO - Epoch(train) [1][450/628]  base_lr: 4.1018e-05 lr: 4.1018e-05  eta: 0:33:58  time: 0.4426  data_time: 0.0043  memory: 5233  grad_norm: 1064.2386  loss: 137.3124  loss_cls: 66.1105  loss_bbox: 34.6953  loss_dfl: 36.5065
07/08 02:01:16 - mmengine - INFO - Epoch(train) [1][500/628]  base_lr: 4.5083e-05 lr: 4.5083e-05  eta: 0:33:32  time: 0.4385  data_time: 0.0043  memory: 5313  grad_norm: 851.7801  loss: 131.5585  loss_cls: 61.7032  loss_bbox: 34.2963  loss_dfl: 35.5591
07/08 02:01:38 - mmengine - INFO - Epoch(train) [1][550/628]  base_lr: 4.9049e-05 lr: 4.9049e-05  eta: 0:33:09  time: 0.4429  data_time: 0.0045  memory: 5146  grad_norm: 771.2624  loss: 133.8185  loss_cls: 62.6788  loss_bbox: 35.1277  loss_dfl: 36.0120
07/08 02:02:00 - mmengine - INFO - Epoch(train) [1][600/628]  base_lr: 5.2916e-05 lr: 5.2916e-05  eta: 0:32:46  time: 0.4434  data_time: 0.0043  memory: 4979  grad_norm: 1037.1393  loss: 127.7907  loss_cls: 58.3863  loss_bbox: 33.9783  loss_dfl: 35.4261
07/08 02:02:12 - mmengine - INFO - Exp name: wedetect_reorg_v11dt_s1_20260708_015720
07/08 02:02:12 - mmengine - INFO - Saving checkpoint at 1 epochs
07/08 02:02:39 - mmengine - INFO - Epoch(train) [2][ 50/628]  base_lr: 5.8753e-05 lr: 5.8753e-05  eta: 0:32:18  time: 0.4671  data_time: 0.0295  memory: 5226  grad_norm: 910.5957  loss: 125.7408  loss_cls: 57.2382  loss_bbox: 33.1691  loss_dfl: 35.3334
07/08 02:03:02 - mmengine - INFO - Epoch(train) [2][100/628]  base_lr: 6.2369e-05 lr: 6.2369e-05  eta: 0:31:54  time: 0.4422  data_time: 0.0047  memory: 4979  grad_norm: 814.0057  loss: 125.6091  loss_cls: 56.2336  loss_bbox: 33.7139  loss_dfl: 35.6616
07/08 02:03:24 - mmengine - INFO - Epoch(train) [2][150/628]  base_lr: 6.5886e-05 lr: 6.5886e-05  eta: 0:31:32  time: 0.4466  data_time: 0.0047  memory: 5233  grad_norm: 818.2428  loss: 119.9787  loss_cls: 53.3931  loss_bbox: 31.7040  loss_dfl: 34.8816
07/08 02:03:46 - mmengine - INFO - Epoch(train) [2][200/628]  base_lr: 6.9304e-05 lr: 6.9304e-05  eta: 0:31:09  time: 0.4409  data_time: 0.0051  memory: 5153  grad_norm: 763.9320  loss: 120.0333  loss_cls: 52.6496  loss_bbox: 32.6396  loss_dfl: 34.7440
07/08 02:04:08 - mmengine - INFO - Epoch(train) [2][250/628]  base_lr: 7.2624e-05 lr: 7.2624e-05  eta: 0:30:46  time: 0.4440  data_time: 0.0047  memory: 5179  grad_norm: 723.0140  loss: 118.0045  loss_cls: 51.7153  loss_bbox: 32.1254  loss_dfl: 34.1638
07/08 02:04:30 - mmengine - INFO - Epoch(train) [2][300/628]  base_lr: 7.5845e-05 lr: 7.5845e-05  eta: 0:30:24  time: 0.4461  data_time: 0.0045  memory: 4993  grad_norm: 956.4193  loss: 118.0764  loss_cls: 51.9134  loss_bbox: 31.8131  loss_dfl: 34.3500
07/08 02:04:53 - mmengine - INFO - Epoch(train) [2][350/628]  base_lr: 7.8968e-05 lr: 7.8968e-05  eta: 0:30:02  time: 0.4439  data_time: 0.0045  memory: 5093  grad_norm: 764.3184  loss: 116.5697  loss_cls: 50.1596  loss_bbox: 32.0851  loss_dfl: 34.3251
07/08 02:05:02 - mmengine - INFO - Exp name: wedetect_reorg_v11dt_s1_20260708_015720
07/08 02:05:15 - mmengine - INFO - Epoch(train) [2][400/628]  base_lr: 7.9759e-05 lr: 7.9759e-05  eta: 0:29:38  time: 0.4399  data_time: 0.0040  memory: 5246  grad_norm: 950.2644  loss: 114.9253  loss_cls: 49.5367  loss_bbox: 31.1860  loss_dfl: 34.2025
07/08 02:05:37 - mmengine - INFO - Epoch(train) [2][450/628]  base_lr: 7.8773e-05 lr: 7.8773e-05  eta: 0:29:16  time: 0.4432  data_time: 0.0040  memory: 5419  grad_norm: 997.6683  loss: 115.1752  loss_cls: 50.5927  loss_bbox: 30.7168  loss_dfl: 33.8657
07/08 02:05:59 - mmengine - INFO - Epoch(train) [2][500/628]  base_lr: 7.7788e-05 lr: 7.7788e-05  eta: 0:28:53  time: 0.4453  data_time: 0.0040  memory: 5353  grad_norm: 845.3644  loss: 116.0751  loss_cls: 50.0611  loss_bbox: 32.0430  loss_dfl: 33.9710
07/08 02:06:21 - mmengine - INFO - Epoch(train) [2][550/628]  base_lr: 7.6802e-05 lr: 7.6802e-05  eta: 0:28:31  time: 0.4433  data_time: 0.0043  memory: 5400  grad_norm: 738.6634  loss: 111.7640  loss_cls: 47.7358  loss_bbox: 30.5717  loss_dfl: 33.4565
07/08 02:06:43 - mmengine - INFO - Epoch(train) [2][600/628]  base_lr: 7.5817e-05 lr: 7.5817e-05  eta: 0:28:08  time: 0.4401  data_time: 0.0040  memory: 5313  grad_norm: 778.8762  loss: 112.5773  loss_cls: 47.7085  loss_bbox: 31.1998  loss_dfl: 33.6689
07/08 02:06:56 - mmengine - INFO - Exp name: wedetect_reorg_v11dt_s1_20260708_015720
07/08 02:06:56 - mmengine - INFO - Saving checkpoint at 2 epochs
07/08 02:07:02 - mmengine - INFO - Epoch(val) [2][ 50/757]    eta: 0:00:44  time: 0.0634  data_time: 0.0195  memory: 5113  
07/08 02:07:04 - mmengine - INFO - Epoch(val) [2][100/757]    eta: 0:00:35  time: 0.0432  data_time: 0.0003  memory: 1209  
07/08 02:07:08 - mmengine - INFO - Epoch(val) [2][150/757]    eta: 0:00:35  time: 0.0674  data_time: 0.0243  memory: 1209  
07/08 02:07:10 - mmengine - INFO - Epoch(val) [2][200/757]    eta: 0:00:31  time: 0.0509  data_time: 0.0086  memory: 1209  
07/08 02:07:12 - mmengine - INFO - Epoch(val) [2][250/757]    eta: 0:00:27  time: 0.0427  data_time: 0.0002  memory: 1209  
07/08 02:07:15 - mmengine - INFO - Epoch(val) [2][300/757]    eta: 0:00:23  time: 0.0447  data_time: 0.0020  memory: 1209  
07/08 02:07:17 - mmengine - INFO - Epoch(val) [2][350/757]    eta: 0:00:20  time: 0.0429  data_time: 0.0002  memory: 1209  
07/08 02:07:19 - mmengine - INFO - Epoch(val) [2][400/757]    eta: 0:00:17  time: 0.0429  data_time: 0.0002  memory: 1209  
07/08 02:07:21 - mmengine - INFO - Epoch(val) [2][450/757]    eta: 0:00:15  time: 0.0430  data_time: 0.0002  memory: 1209  
07/08 02:07:24 - mmengine - INFO - Epoch(val) [2][500/757]    eta: 0:00:12  time: 0.0525  data_time: 0.0046  memory: 1209  
07/08 02:07:26 - mmengine - INFO - Epoch(val) [2][550/757]    eta: 0:00:10  time: 0.0432  data_time: 0.0002  memory: 1209  
07/08 02:07:28 - mmengine - INFO - Epoch(val) [2][600/757]    eta: 0:00:07  time: 0.0434  data_time: 0.0002  memory: 1209  
07/08 02:07:30 - mmengine - INFO - Epoch(val) [2][650/757]    eta: 0:00:05  time: 0.0437  data_time: 0.0002  memory: 1209  
07/08 02:07:32 - mmengine - INFO - Epoch(val) [2][700/757]    eta: 0:00:02  time: 0.0433  data_time: 0.0002  memory: 1209  
07/08 02:07:35 - mmengine - INFO - Epoch(val) [2][750/757]    eta: 0:00:00  time: 0.0428  data_time: 0.0002  memory: 1209  
07/08 02:07:42 - mmengine - INFO - Evaluating bbox...
Loading and preparing results...
DONE (t=1.62s)
creating index...
index created!
Running per image evaluation...
Evaluate annotation type *bbox*
DONE (t=20.92s).
Accumulating evaluation results...
DONE (t=8.65s).
 Average Precision  (AP) @[ IoU=0.50:0.95 | area=   all | maxDets=100 ] = 0.305
 Average Precision  (AP) @[ IoU=0.50      | area=   all | maxDets=1000 ] = 0.392
 Average Precision  (AP) @[ IoU=0.75      | area=   all | maxDets=1000 ] = 0.348
 Average Precision  (AP) @[ IoU=0.50:0.95 | area= small | maxDets=1000 ] = 0.221
 Average Precision  (AP) @[ IoU=0.50:0.95 | area=medium | maxDets=1000 ] = 0.279
 Average Precision  (AP) @[ IoU=0.50:0.95 | area= large | maxDets=1000 ] = 0.395
 Average Recall     (AR) @[ IoU=0.50:0.95 | area=   all | maxDets=100 ] = 0.693
 Average Recall     (AR) @[ IoU=0.50:0.95 | area=   all | maxDets=300 ] = 0.693
 Average Recall     (AR) @[ IoU=0.50:0.95 | area=   all | maxDets=1000 ] = 0.693
 Average Recall     (AR) @[ IoU=0.50:0.95 | area= small | maxDets=1000 ] = 0.565
 Average Recall     (AR) @[ IoU=0.50:0.95 | area=medium | maxDets=1000 ] = 0.670
 Average Recall     (AR) @[ IoU=0.50:0.95 | area= large | maxDets=1000 ] = 0.766
07/08 02:08:16 - mmengine - INFO - bbox_mAP_copypaste: 0.305 0.392 0.348 0.221 0.279 0.395
07/08 02:08:17 - mmengine - INFO - Epoch(val) [2][757/757]    coco/bbox_mAP: 0.3050  coco/bbox_mAP_50: 0.3920  coco/bbox_mAP_75: 0.3480  coco/bbox_mAP_s: 0.2210  coco/bbox_mAP_m: 0.2790  coco/bbox_mAP_l: 0.3950  data_time: 0.0040  time: 0.0473
07/08 02:08:19 - mmengine - INFO - The best checkpoint with 0.3050 coco/bbox_mAP at 2 epoch is saved to best_coco_bbox_mAP_epoch_2.pth.
07/08 02:08:46 - mmengine - INFO - Epoch(train) [3][ 50/628]  base_lr: 7.4279e-05 lr: 7.4279e-05  eta: 0:27:35  time: 0.4553  data_time: 0.0191  memory: 5059  grad_norm: 707.8316  loss: 112.6695  loss_cls: 46.9843  loss_bbox: 31.3966  loss_dfl: 34.2886
07/08 02:09:08 - mmengine - INFO - Epoch(train) [3][100/628]  base_lr: 7.3294e-05 lr: 7.3294e-05  eta: 0:27:12  time: 0.4397  data_time: 0.0040  memory: 5026  grad_norm: 583.2235  loss: 110.1554  loss_cls: 45.1785  loss_bbox: 31.1287  loss_dfl: 33.8482
07/08 02:09:29 - mmengine - INFO - Epoch(train) [3][150/628]  base_lr: 7.2308e-05 lr: 7.2308e-05  eta: 0:26:48  time: 0.4380  data_time: 0.0045  memory: 5246  grad_norm: 581.3331  loss: 110.5072  loss_cls: 45.8017  loss_bbox: 31.0843  loss_dfl: 33.6212
07/08 02:09:52 - mmengine - INFO - Epoch(train) [3][200/628]  base_lr: 7.1323e-05 lr: 7.1323e-05  eta: 0:26:26  time: 0.4423  data_time: 0.0040  memory: 5126  grad_norm: 652.7962  loss: 105.9994  loss_cls: 42.8469  loss_bbox: 29.7728  loss_dfl: 33.3797
07/08 02:10:14 - mmengine - INFO - Epoch(train) [3][250/628]  base_lr: 7.0337e-05 lr: 7.0337e-05  eta: 0:26:03  time: 0.4404  data_time: 0.0040  memory: 5046  grad_norm: 739.0381  loss: 108.8164  loss_cls: 44.5047  loss_bbox: 30.8343  loss_dfl: 33.4774
07/08 02:10:36 - mmengine - INFO - Epoch(train) [3][300/628]  base_lr: 6.9352e-05 lr: 6.9352e-05  eta: 0:25:40  time: 0.4386  data_time: 0.0042  memory: 5326  grad_norm: 676.1666  loss: 107.0689  loss_cls: 43.0549  loss_bbox: 30.2579  loss_dfl: 33.7561
07/08 02:10:58 - mmengine - INFO - Epoch(train) [3][350/628]  base_lr: 6.8367e-05 lr: 6.8367e-05  eta: 0:25:18  time: 0.4456  data_time: 0.0040  memory: 5033  grad_norm: 539.9374  loss: 105.6366  loss_cls: 42.2485  loss_bbox: 29.7157  loss_dfl: 33.6724
07/08 02:11:20 - mmengine - INFO - Epoch(train) [3][400/628]  base_lr: 6.7381e-05 lr: 6.7381e-05  eta: 0:24:56  time: 0.4442  data_time: 0.0042  memory: 4959  grad_norm: 531.0325  loss: 102.4776  loss_cls: 40.5593  loss_bbox: 29.1551  loss_dfl: 32.7632
07/08 02:11:42 - mmengine - INFO - Epoch(train) [3][450/628]  base_lr: 6.6396e-05 lr: 6.6396e-05  eta: 0:24:34  time: 0.4489  data_time: 0.0041  memory: 5246  grad_norm: 527.2936  loss: 105.2138  loss_cls: 42.6263  loss_bbox: 29.4745  loss_dfl: 33.1129
07/08 02:12:05 - mmengine - INFO - Epoch(train) [3][500/628]  base_lr: 6.5410e-05 lr: 6.5410e-05  eta: 0:24:12  time: 0.4431  data_time: 0.0040  memory: 5253  grad_norm: 616.5051  loss: 107.6653  loss_cls: 42.9132  loss_bbox: 30.9529  loss_dfl: 33.7992
07/08 02:12:27 - mmengine - INFO - Epoch(train) [3][550/628]  base_lr: 6.4425e-05 lr: 6.4425e-05  eta: 0:23:49  time: 0.4400  data_time: 0.0040  memory: 5026  grad_norm: 602.3092  loss: 103.9451  loss_cls: 41.3276  loss_bbox: 29.4350  loss_dfl: 33.1825
07/08 02:12:49 - mmengine - INFO - Epoch(train) [3][600/628]  base_lr: 6.3439e-05 lr: 6.3439e-05  eta: 0:23:28  time: 0.4496  data_time: 0.0038  memory: 5126  grad_norm: 548.7118  loss: 103.3670  loss_cls: 40.8475  loss_bbox: 29.5284  loss_dfl: 32.9911
07/08 02:13:01 - mmengine - INFO - Exp name: wedetect_reorg_v11dt_s1_20260708_015720
07/08 02:13:01 - mmengine - INFO - Saving checkpoint at 3 epochs
07/08 02:13:28 - mmengine - INFO - Epoch(train) [4][ 50/628]  base_lr: 6.1902e-05 lr: 6.1902e-05  eta: 0:22:54  time: 0.4605  data_time: 0.0161  memory: 5266  grad_norm: 600.0257  loss: 104.5421  loss_cls: 41.2773  loss_bbox: 29.7673  loss_dfl: 33.4975
07/08 02:13:50 - mmengine - INFO - Epoch(train) [4][100/628]  base_lr: 6.0916e-05 lr: 6.0916e-05  eta: 0:22:32  time: 0.4494  data_time: 0.0042  memory: 4859  grad_norm: 457.5589  loss: 103.0658  loss_cls: 40.4190  loss_bbox: 29.6876  loss_dfl: 32.9592
07/08 02:13:57 - mmengine - INFO - Exp name: wedetect_reorg_v11dt_s1_20260708_015720
07/08 02:14:13 - mmengine - INFO - Epoch(train) [4][150/628]  base_lr: 5.9931e-05 lr: 5.9931e-05  eta: 0:22:10  time: 0.4462  data_time: 0.0044  memory: 4959  grad_norm: 576.4610  loss: 102.8162  loss_cls: 40.3799  loss_bbox: 29.4564  loss_dfl: 32.9800
07/08 02:14:34 - mmengine - INFO - Epoch(train) [4][200/628]  base_lr: 5.8945e-05 lr: 5.8945e-05  eta: 0:21:47  time: 0.4363  data_time: 0.0045  memory: 5199  grad_norm: 506.1918  loss: 103.2632  loss_cls: 40.4255  loss_bbox: 29.5730  loss_dfl: 33.2648
07/08 02:14:57 - mmengine - INFO - Epoch(train) [4][250/628]  base_lr: 5.7960e-05 lr: 5.7960e-05  eta: 0:21:25  time: 0.4479  data_time: 0.0039  memory: 5433  grad_norm: 528.4263  loss: 103.8726  loss_cls: 40.8236  loss_bbox: 29.8552  loss_dfl: 33.1938
07/08 02:15:19 - mmengine - INFO - Epoch(train) [4][300/628]  base_lr: 5.6975e-05 lr: 5.6975e-05  eta: 0:21:03  time: 0.4479  data_time: 0.0041  memory: 5273  grad_norm: 536.0475  loss: 99.8342  loss_cls: 38.3360  loss_bbox: 28.5271  loss_dfl: 32.9711
07/08 02:15:42 - mmengine - INFO - Epoch(train) [4][350/628]  base_lr: 5.5989e-05 lr: 5.5989e-05  eta: 0:20:41  time: 0.4493  data_time: 0.0041  memory: 5053  grad_norm: 501.5416  loss: 101.6884  loss_cls: 39.1723  loss_bbox: 29.5295  loss_dfl: 32.9866
07/08 02:16:04 - mmengine - INFO - Epoch(train) [4][400/628]  base_lr: 5.5004e-05 lr: 5.5004e-05  eta: 0:20:18  time: 0.4408  data_time: 0.0041  memory: 5500  grad_norm: 499.1458  loss: 101.5957  loss_cls: 39.1026  loss_bbox: 29.5803  loss_dfl: 32.9128
07/08 02:16:26 - mmengine - INFO - Epoch(train) [4][450/628]  base_lr: 5.4018e-05 lr: 5.4018e-05  eta: 0:19:56  time: 0.4436  data_time: 0.0039  memory: 5059  grad_norm: 515.4197  loss: 98.5282  loss_cls: 37.7746  loss_bbox: 28.2946  loss_dfl: 32.4590
07/08 02:16:48 - mmengine - INFO - Epoch(train) [4][500/628]  base_lr: 5.3033e-05 lr: 5.3033e-05  eta: 0:19:34  time: 0.4485  data_time: 0.0042  memory: 5013  grad_norm: 585.2927  loss: 100.9731  loss_cls: 38.8992  loss_bbox: 28.9701  loss_dfl: 33.1038
07/08 02:17:11 - mmengine - INFO - Epoch(train) [4][550/628]  base_lr: 5.2047e-05 lr: 5.2047e-05  eta: 0:19:12  time: 0.4464  data_time: 0.0040  memory: 5239  grad_norm: 581.7696  loss: 101.2787  loss_cls: 39.2387  loss_bbox: 29.2813  loss_dfl: 32.7586
07/08 02:17:33 - mmengine - INFO - Epoch(train) [4][600/628]  base_lr: 5.1062e-05 lr: 5.1062e-05  eta: 0:18:49  time: 0.4419  data_time: 0.0040  memory: 5226  grad_norm: 589.5608  loss: 100.6756  loss_cls: 39.0682  loss_bbox: 28.8509  loss_dfl: 32.7565
07/08 02:17:45 - mmengine - INFO - Exp name: wedetect_reorg_v11dt_s1_20260708_015720
07/08 02:17:45 - mmengine - INFO - Saving checkpoint at 4 epochs
07/08 02:17:52 - mmengine - INFO - Epoch(val) [4][ 50/757]    eta: 0:00:42  time: 0.0598  data_time: 0.0173  memory: 5133  
07/08 02:17:54 - mmengine - INFO - Epoch(val) [4][100/757]    eta: 0:00:33  time: 0.0436  data_time: 0.0003  memory: 1209  
07/08 02:17:57 - mmengine - INFO - Epoch(val) [4][150/757]    eta: 0:00:34  time: 0.0682  data_time: 0.0253  memory: 1209  
07/08 02:18:00 - mmengine - INFO - Epoch(val) [4][200/757]    eta: 0:00:30  time: 0.0501  data_time: 0.0078  memory: 1209  
07/08 02:18:02 - mmengine - INFO - Epoch(val) [4][250/757]    eta: 0:00:26  time: 0.0427  data_time: 0.0002  memory: 1209  
07/08 02:18:04 - mmengine - INFO - Epoch(val) [4][300/757]    eta: 0:00:23  time: 0.0446  data_time: 0.0019  memory: 1209  
07/08 02:18:06 - mmengine - INFO - Epoch(val) [4][350/757]    eta: 0:00:20  time: 0.0429  data_time: 0.0002  memory: 1209  
07/08 02:18:09 - mmengine - INFO - Epoch(val) [4][400/757]    eta: 0:00:17  time: 0.0429  data_time: 0.0002  memory: 1209  
07/08 02:18:11 - mmengine - INFO - Epoch(val) [4][450/757]    eta: 0:00:14  time: 0.0431  data_time: 0.0002  memory: 1209  
07/08 02:18:13 - mmengine - INFO - Epoch(val) [4][500/757]    eta: 0:00:12  time: 0.0480  data_time: 0.0050  memory: 1209  
07/08 02:18:15 - mmengine - INFO - Epoch(val) [4][550/757]    eta: 0:00:09  time: 0.0433  data_time: 0.0002  memory: 1209  
07/08 02:18:18 - mmengine - INFO - Epoch(val) [4][600/757]    eta: 0:00:07  time: 0.0434  data_time: 0.0002  memory: 1209  
07/08 02:18:20 - mmengine - INFO - Epoch(val) [4][650/757]    eta: 0:00:05  time: 0.0440  data_time: 0.0003  memory: 1209  
07/08 02:18:22 - mmengine - INFO - Epoch(val) [4][700/757]    eta: 0:00:02  time: 0.0434  data_time: 0.0002  memory: 1209  
07/08 02:18:24 - mmengine - INFO - Epoch(val) [4][750/757]    eta: 0:00:00  time: 0.0429  data_time: 0.0002  memory: 1209  
07/08 02:18:31 - mmengine - INFO - Evaluating bbox...
Loading and preparing results...
DONE (t=1.52s)
creating index...
index created!
Running per image evaluation...
Evaluate annotation type *bbox*
DONE (t=19.52s).
Accumulating evaluation results...
DONE (t=7.50s).
 Average Precision  (AP) @[ IoU=0.50:0.95 | area=   all | maxDets=100 ] = 0.373
 Average Precision  (AP) @[ IoU=0.50      | area=   all | maxDets=1000 ] = 0.473
 Average Precision  (AP) @[ IoU=0.75      | area=   all | maxDets=1000 ] = 0.418
 Average Precision  (AP) @[ IoU=0.50:0.95 | area= small | maxDets=1000 ] = 0.279
 Average Precision  (AP) @[ IoU=0.50:0.95 | area=medium | maxDets=1000 ] = 0.354
 Average Precision  (AP) @[ IoU=0.50:0.95 | area= large | maxDets=1000 ] = 0.464
 Average Recall     (AR) @[ IoU=0.50:0.95 | area=   all | maxDets=100 ] = 0.715
 Average Recall     (AR) @[ IoU=0.50:0.95 | area=   all | maxDets=300 ] = 0.715
 Average Recall     (AR) @[ IoU=0.50:0.95 | area=   all | maxDets=1000 ] = 0.715
 Average Recall     (AR) @[ IoU=0.50:0.95 | area= small | maxDets=1000 ] = 0.595
 Average Recall     (AR) @[ IoU=0.50:0.95 | area=medium | maxDets=1000 ] = 0.693
 Average Recall     (AR) @[ IoU=0.50:0.95 | area= large | maxDets=1000 ] = 0.788
07/08 02:19:02 - mmengine - INFO - bbox_mAP_copypaste: 0.373 0.473 0.418 0.279 0.354 0.464
07/08 02:19:03 - mmengine - INFO - Epoch(val) [4][757/757]    coco/bbox_mAP: 0.3730  coco/bbox_mAP_50: 0.4730  coco/bbox_mAP_75: 0.4180  coco/bbox_mAP_s: 0.2790  coco/bbox_mAP_m: 0.3540  coco/bbox_mAP_l: 0.4640  data_time: 0.0039  time: 0.0468
07/08 02:19:03 - mmengine - INFO - The previous best checkpoint /home/siyuan/projects/LLMs/OralDetect-Family/WeDetect_repro/WeDetect/work_dirs/reorg_v11dt_s1/best_coco_bbox_mAP_epoch_2.pth is removed
07/08 02:19:05 - mmengine - INFO - The best checkpoint with 0.3730 coco/bbox_mAP at 4 epoch is saved to best_coco_bbox_mAP_epoch_4.pth.
07/08 02:19:31 - mmengine - INFO - Epoch(train) [5][ 50/628]  base_lr: 4.9524e-05 lr: 4.9524e-05  eta: 0:18:15  time: 0.4549  data_time: 0.0184  memory: 5046  grad_norm: 484.3220  loss: 99.9100  loss_cls: 37.8556  loss_bbox: 29.1233  loss_dfl: 32.9311
07/08 02:19:53 - mmengine - INFO - Epoch(train) [5][100/628]  base_lr: 4.8539e-05 lr: 4.8539e-05  eta: 0:17:53  time: 0.4425  data_time: 0.0046  memory: 5159  grad_norm: 593.0470  loss: 96.7473  loss_cls: 36.7348  loss_bbox: 27.6908  loss_dfl: 32.3217
07/08 02:20:15 - mmengine - INFO - Epoch(train) [5][150/628]  base_lr: 4.7553e-05 lr: 4.7553e-05  eta: 0:17:31  time: 0.4412  data_time: 0.0044  memory: 5166  grad_norm: 427.4657  loss: 99.4813  loss_cls: 37.6740  loss_bbox: 28.8474  loss_dfl: 32.9599
07/08 02:20:37 - mmengine - INFO - Epoch(train) [5][200/628]  base_lr: 4.6568e-05 lr: 4.6568e-05  eta: 0:17:08  time: 0.4405  data_time: 0.0041  memory: 5113  grad_norm: 446.7360  loss: 98.0827  loss_cls: 36.7435  loss_bbox: 28.7200  loss_dfl: 32.6193
07/08 02:20:59 - mmengine - INFO - Epoch(train) [5][250/628]  base_lr: 4.5583e-05 lr: 4.5583e-05  eta: 0:16:46  time: 0.4418  data_time: 0.0048  memory: 5173  grad_norm: 509.3042  loss: 97.7813  loss_cls: 36.6433  loss_bbox: 28.9976  loss_dfl: 32.1404
07/08 02:21:22 - mmengine - INFO - Epoch(train) [5][300/628]  base_lr: 4.4597e-05 lr: 4.4597e-05  eta: 0:16:23  time: 0.4453  data_time: 0.0042  memory: 5099  grad_norm: 409.3416  loss: 98.2687  loss_cls: 37.2879  loss_bbox: 28.5112  loss_dfl: 32.4697
07/08 02:21:44 - mmengine - INFO - Epoch(train) [5][350/628]  base_lr: 4.3612e-05 lr: 4.3612e-05  eta: 0:16:01  time: 0.4428  data_time: 0.0044  memory: 4919  grad_norm: 522.0881  loss: 99.0127  loss_cls: 37.1459  loss_bbox: 29.2289  loss_dfl: 32.6379
07/08 02:22:06 - mmengine - INFO - Epoch(train) [5][400/628]  base_lr: 4.2626e-05 lr: 4.2626e-05  eta: 0:15:39  time: 0.4434  data_time: 0.0040  memory: 4999  grad_norm: 422.3070  loss: 97.6383  loss_cls: 36.6769  loss_bbox: 28.4884  loss_dfl: 32.4731
07/08 02:22:28 - mmengine - INFO - Epoch(train) [5][450/628]  base_lr: 4.1641e-05 lr: 4.1641e-05  eta: 0:15:17  time: 0.4489  data_time: 0.0042  memory: 4999  grad_norm: 470.0160  loss: 98.6556  loss_cls: 37.4012  loss_bbox: 28.6503  loss_dfl: 32.6041
07/08 02:22:45 - mmengine - INFO - Exp name: wedetect_reorg_v11dt_s1_20260708_015720
07/08 02:22:51 - mmengine - INFO - Epoch(train) [5][500/628]  base_lr: 4.0655e-05 lr: 4.0655e-05  eta: 0:14:55  time: 0.4472  data_time: 0.0039  memory: 5193  grad_norm: 432.6348  loss: 96.6423  loss_cls: 36.3340  loss_bbox: 28.1333  loss_dfl: 32.1750
07/08 02:23:13 - mmengine - INFO - Epoch(train) [5][550/628]  base_lr: 3.9670e-05 lr: 3.9670e-05  eta: 0:14:32  time: 0.4458  data_time: 0.0039  memory: 5106  grad_norm: 390.3700  loss: 96.3368  loss_cls: 36.0777  loss_bbox: 27.9252  loss_dfl: 32.3339
07/08 02:23:35 - mmengine - INFO - Epoch(train) [5][600/628]  base_lr: 3.8684e-05 lr: 3.8684e-05  eta: 0:14:10  time: 0.4475  data_time: 0.0039  memory: 5053  grad_norm: 385.5475  loss: 95.0973  loss_cls: 35.1994  loss_bbox: 27.9571  loss_dfl: 31.9407
07/08 02:23:48 - mmengine - INFO - Exp name: wedetect_reorg_v11dt_s1_20260708_015720
07/08 02:23:48 - mmengine - INFO - Saving checkpoint at 5 epochs
07/08 02:24:15 - mmengine - INFO - Epoch(train) [6][ 50/628]  base_lr: 3.7147e-05 lr: 3.7147e-05  eta: 0:13:36  time: 0.4696  data_time: 0.0228  memory: 5066  grad_norm: 415.7712  loss: 97.0391  loss_cls: 36.5890  loss_bbox: 28.3867  loss_dfl: 32.0634
07/08 02:24:37 - mmengine - INFO - Epoch(train) [6][100/628]  base_lr: 3.6161e-05 lr: 3.6161e-05  eta: 0:13:14  time: 0.4523  data_time: 0.0042  memory: 5073  grad_norm: 410.5144  loss: 95.4274  loss_cls: 34.9750  loss_bbox: 27.8577  loss_dfl: 32.5946
07/08 02:25:00 - mmengine - INFO - Epoch(train) [6][150/628]  base_lr: 3.5176e-05 lr: 3.5176e-05  eta: 0:12:52  time: 0.4516  data_time: 0.0047  memory: 5213  grad_norm: 409.5030  loss: 96.9983  loss_cls: 36.6837  loss_bbox: 28.2586  loss_dfl: 32.0559
07/08 02:25:23 - mmengine - INFO - Epoch(train) [6][200/628]  base_lr: 3.4191e-05 lr: 3.4191e-05  eta: 0:12:30  time: 0.4514  data_time: 0.0045  memory: 5113  grad_norm: 432.7137  loss: 95.5868  loss_cls: 35.6559  loss_bbox: 27.7127  loss_dfl: 32.2183
07/08 02:25:45 - mmengine - INFO - Epoch(train) [6][250/628]  base_lr: 3.3205e-05 lr: 3.3205e-05  eta: 0:12:08  time: 0.4501  data_time: 0.0041  memory: 5046  grad_norm: 373.2000  loss: 96.0430  loss_cls: 35.5611  loss_bbox: 28.1007  loss_dfl: 32.3813
07/08 02:26:08 - mmengine - INFO - Epoch(train) [6][300/628]  base_lr: 3.2220e-05 lr: 3.2220e-05  eta: 0:11:46  time: 0.4507  data_time: 0.0046  memory: 5086  grad_norm: 501.6301  loss: 97.4491  loss_cls: 35.9831  loss_bbox: 28.9249  loss_dfl: 32.5411
07/08 02:26:30 - mmengine - INFO - Epoch(train) [6][350/628]  base_lr: 3.1234e-05 lr: 3.1234e-05  eta: 0:11:23  time: 0.4516  data_time: 0.0046  memory: 5099  grad_norm: 452.4815  loss: 98.2152  loss_cls: 36.9874  loss_bbox: 28.4516  loss_dfl: 32.7762
07/08 02:26:53 - mmengine - INFO - Epoch(train) [6][400/628]  base_lr: 3.0249e-05 lr: 3.0249e-05  eta: 0:11:01  time: 0.4516  data_time: 0.0045  memory: 5079  grad_norm: 397.6215  loss: 94.9957  loss_cls: 35.0872  loss_bbox: 27.6656  loss_dfl: 32.2429
07/08 02:27:15 - mmengine - INFO - Epoch(train) [6][450/628]  base_lr: 2.9263e-05 lr: 2.9263e-05  eta: 0:10:39  time: 0.4496  data_time: 0.0046  memory: 5439  grad_norm: 351.4966  loss: 94.6675  loss_cls: 34.8925  loss_bbox: 27.5086  loss_dfl: 32.2664
07/08 02:27:38 - mmengine - INFO - Epoch(train) [6][500/628]  base_lr: 2.8278e-05 lr: 2.8278e-05  eta: 0:10:17  time: 0.4490  data_time: 0.0043  memory: 5279  grad_norm: 386.8066  loss: 97.2763  loss_cls: 36.1163  loss_bbox: 28.2002  loss_dfl: 32.9599
07/08 02:28:00 - mmengine - INFO - Epoch(train) [6][550/628]  base_lr: 2.7292e-05 lr: 2.7292e-05  eta: 0:09:55  time: 0.4513  data_time: 0.0043  memory: 4946  grad_norm: 403.2590  loss: 95.6448  loss_cls: 35.3938  loss_bbox: 27.8243  loss_dfl: 32.4267
07/08 02:28:23 - mmengine - INFO - Epoch(train) [6][600/628]  base_lr: 2.6307e-05 lr: 2.6307e-05  eta: 0:09:32  time: 0.4529  data_time: 0.0045  memory: 5039  grad_norm: 351.8856  loss: 96.5679  loss_cls: 35.6680  loss_bbox: 28.4634  loss_dfl: 32.4365
07/08 02:28:36 - mmengine - INFO - Exp name: wedetect_reorg_v11dt_s1_20260708_015720
07/08 02:28:36 - mmengine - INFO - Saving checkpoint at 6 epochs
07/08 02:28:42 - mmengine - INFO - Epoch(val) [6][ 50/757]    eta: 0:00:42  time: 0.0594  data_time: 0.0165  memory: 5066  
07/08 02:28:44 - mmengine - INFO - Epoch(val) [6][100/757]    eta: 0:00:33  time: 0.0432  data_time: 0.0003  memory: 1209  
07/08 02:28:47 - mmengine - INFO - Epoch(val) [6][150/757]    eta: 0:00:33  time: 0.0651  data_time: 0.0222  memory: 1209  
07/08 02:28:50 - mmengine - INFO - Epoch(val) [6][200/757]    eta: 0:00:30  time: 0.0496  data_time: 0.0072  memory: 1209  
07/08 02:28:52 - mmengine - INFO - Epoch(val) [6][250/757]    eta: 0:00:26  time: 0.0427  data_time: 0.0002  memory: 1209  
07/08 02:28:54 - mmengine - INFO - Epoch(val) [6][300/757]    eta: 0:00:23  time: 0.0444  data_time: 0.0020  memory: 1209  
07/08 02:28:56 - mmengine - INFO - Epoch(val) [6][350/757]    eta: 0:00:20  time: 0.0428  data_time: 0.0002  memory: 1209  
07/08 02:28:58 - mmengine - INFO - Epoch(val) [6][400/757]    eta: 0:00:17  time: 0.0427  data_time: 0.0002  memory: 1209  
07/08 02:29:00 - mmengine - INFO - Epoch(val) [6][450/757]    eta: 0:00:14  time: 0.0428  data_time: 0.0002  memory: 1209  
07/08 02:29:03 - mmengine - INFO - Epoch(val) [6][500/757]    eta: 0:00:12  time: 0.0476  data_time: 0.0047  memory: 1209  
07/08 02:29:05 - mmengine - INFO - Epoch(val) [6][550/757]    eta: 0:00:09  time: 0.0431  data_time: 0.0002  memory: 1209  
07/08 02:29:07 - mmengine - INFO - Epoch(val) [6][600/757]    eta: 0:00:07  time: 0.0431  data_time: 0.0002  memory: 1209  
07/08 02:29:09 - mmengine - INFO - Epoch(val) [6][650/757]    eta: 0:00:05  time: 0.0436  data_time: 0.0003  memory: 1209  
07/08 02:29:11 - mmengine - INFO - Epoch(val) [6][700/757]    eta: 0:00:02  time: 0.0432  data_time: 0.0002  memory: 1209  
07/08 02:29:14 - mmengine - INFO - Epoch(val) [6][750/757]    eta: 0:00:00  time: 0.0429  data_time: 0.0002  memory: 1209  
07/08 02:29:19 - mmengine - INFO - Evaluating bbox...
Loading and preparing results...
DONE (t=1.36s)
creating index...
index created!
Running per image evaluation...
Evaluate annotation type *bbox*
DONE (t=17.40s).
Accumulating evaluation results...
DONE (t=6.21s).
 Average Precision  (AP) @[ IoU=0.50:0.95 | area=   all | maxDets=100 ] = 0.384
 Average Precision  (AP) @[ IoU=0.50      | area=   all | maxDets=1000 ] = 0.488
 Average Precision  (AP) @[ IoU=0.75      | area=   all | maxDets=1000 ] = 0.436
 Average Precision  (AP) @[ IoU=0.50:0.95 | area= small | maxDets=1000 ] = 0.286
 Average Precision  (AP) @[ IoU=0.50:0.95 | area=medium | maxDets=1000 ] = 0.359
 Average Precision  (AP) @[ IoU=0.50:0.95 | area= large | maxDets=1000 ] = 0.467
 Average Recall     (AR) @[ IoU=0.50:0.95 | area=   all | maxDets=100 ] = 0.724
 Average Recall     (AR) @[ IoU=0.50:0.95 | area=   all | maxDets=300 ] = 0.724
 Average Recall     (AR) @[ IoU=0.50:0.95 | area=   all | maxDets=1000 ] = 0.724
 Average Recall     (AR) @[ IoU=0.50:0.95 | area= small | maxDets=1000 ] = 0.590
 Average Recall     (AR) @[ IoU=0.50:0.95 | area=medium | maxDets=1000 ] = 0.703
 Average Recall     (AR) @[ IoU=0.50:0.95 | area= large | maxDets=1000 ] = 0.796
07/08 02:29:46 - mmengine - INFO - bbox_mAP_copypaste: 0.384 0.488 0.436 0.286 0.359 0.467
07/08 02:29:47 - mmengine - INFO - Epoch(val) [6][757/757]    coco/bbox_mAP: 0.3840  coco/bbox_mAP_50: 0.4880  coco/bbox_mAP_75: 0.4360  coco/bbox_mAP_s: 0.2860  coco/bbox_mAP_m: 0.3590  coco/bbox_mAP_l: 0.4670  data_time: 0.0036  time: 0.0464
07/08 02:29:47 - mmengine - INFO - The previous best checkpoint /home/siyuan/projects/LLMs/OralDetect-Family/WeDetect_repro/WeDetect/work_dirs/reorg_v11dt_s1/best_coco_bbox_mAP_epoch_4.pth is removed
07/08 02:29:49 - mmengine - INFO - The best checkpoint with 0.3840 coco/bbox_mAP at 6 epoch is saved to best_coco_bbox_mAP_epoch_6.pth.
07/08 02:30:16 - mmengine - INFO - Epoch(train) [7][ 50/628]  base_lr: 2.4769e-05 lr: 2.4769e-05  eta: 0:08:58  time: 0.4555  data_time: 0.0163  memory: 5119  grad_norm: 356.8347  loss: 94.4018  loss_cls: 34.5866  loss_bbox: 27.3353  loss_dfl: 32.4798
07/08 02:30:38 - mmengine - INFO - Epoch(train) [7][100/628]  base_lr: 2.3784e-05 lr: 2.3784e-05  eta: 0:08:36  time: 0.4469  data_time: 0.0052  memory: 5199  grad_norm: 330.3323  loss: 93.5658  loss_cls: 34.4224  loss_bbox: 27.1002  loss_dfl: 32.0432
07/08 02:31:00 - mmengine - INFO - Epoch(train) [7][150/628]  base_lr: 2.2799e-05 lr: 2.2799e-05  eta: 0:08:13  time: 0.4435  data_time: 0.0044  memory: 5019  grad_norm: 357.6835  loss: 93.3696  loss_cls: 34.6004  loss_bbox: 26.8018  loss_dfl: 31.9674
07/08 02:31:23 - mmengine - INFO - Epoch(train) [7][200/628]  base_lr: 2.1813e-05 lr: 2.1813e-05  eta: 0:07:51  time: 0.4490  data_time: 0.0042  memory: 4986  grad_norm: 382.3879  loss: 95.0982  loss_cls: 35.0659  loss_bbox: 27.6384  loss_dfl: 32.3939
07/08 02:31:37 - mmengine - INFO - Exp name: wedetect_reorg_v11dt_s1_20260708_015720
07/08 02:31:45 - mmengine - INFO - Epoch(train) [7][250/628]  base_lr: 2.0828e-05 lr: 2.0828e-05  eta: 0:07:29  time: 0.4470  data_time: 0.0048  memory: 5079  grad_norm: 373.2192  loss: 95.2678  loss_cls: 35.3827  loss_bbox: 27.6262  loss_dfl: 32.2590
07/08 02:32:07 - mmengine - INFO - Epoch(train) [7][300/628]  base_lr: 1.9842e-05 lr: 1.9842e-05  eta: 0:07:06  time: 0.4440  data_time: 0.0043  memory: 5033  grad_norm: 332.8961  loss: 95.0033  loss_cls: 34.9987  loss_bbox: 27.8107  loss_dfl: 32.1939
07/08 02:32:30 - mmengine - INFO - Epoch(train) [7][350/628]  base_lr: 1.8857e-05 lr: 1.8857e-05  eta: 0:06:44  time: 0.4481  data_time: 0.0044  memory: 5213  grad_norm: 344.9885  loss: 94.1024  loss_cls: 34.4183  loss_bbox: 27.7847  loss_dfl: 31.8994
07/08 02:32:52 - mmengine - INFO - Epoch(train) [7][400/628]  base_lr: 1.7871e-05 lr: 1.7871e-05  eta: 0:06:22  time: 0.4487  data_time: 0.0041  memory: 5066  grad_norm: 367.8569  loss: 94.6527  loss_cls: 34.9279  loss_bbox: 27.7733  loss_dfl: 31.9516
07/08 02:33:15 - mmengine - INFO - Epoch(train) [7][450/628]  base_lr: 1.6886e-05 lr: 1.6886e-05  eta: 0:05:59  time: 0.4497  data_time: 0.0040  memory: 5313  grad_norm: 326.6882  loss: 93.5810  loss_cls: 33.9708  loss_bbox: 27.6149  loss_dfl: 31.9954
07/08 02:33:37 - mmengine - INFO - Epoch(train) [7][500/628]  base_lr: 1.5900e-05 lr: 1.5900e-05  eta: 0:05:37  time: 0.4496  data_time: 0.0042  memory: 5059  grad_norm: 329.9471  loss: 97.5711  loss_cls: 35.6867  loss_bbox: 29.0841  loss_dfl: 32.8003
07/08 02:33:59 - mmengine - INFO - Epoch(train) [7][550/628]  base_lr: 1.4915e-05 lr: 1.4915e-05  eta: 0:05:15  time: 0.4455  data_time: 0.0039  memory: 5159  grad_norm: 326.3429  loss: 95.6307  loss_cls: 35.7119  loss_bbox: 27.7367  loss_dfl: 32.1821
07/08 02:34:22 - mmengine - INFO - Epoch(train) [7][600/628]  base_lr: 1.3929e-05 lr: 1.3929e-05  eta: 0:04:52  time: 0.4518  data_time: 0.0048  memory: 4959  grad_norm: 353.6499  loss: 93.7682  loss_cls: 34.6980  loss_bbox: 27.0454  loss_dfl: 32.0249
07/08 02:34:34 - mmengine - INFO - Exp name: wedetect_reorg_v11dt_s1_20260708_015720
07/08 02:34:34 - mmengine - INFO - Saving checkpoint at 7 epochs
07/08 02:34:41 - mmengine - INFO - Epoch(val) [7][ 50/757]    eta: 0:00:41  time: 0.0593  data_time: 0.0166  memory: 4979  
07/08 02:34:43 - mmengine - INFO - Epoch(val) [7][100/757]    eta: 0:00:33  time: 0.0437  data_time: 0.0003  memory: 1209  
07/08 02:34:46 - mmengine - INFO - Epoch(val) [7][150/757]    eta: 0:00:34  time: 0.0660  data_time: 0.0228  memory: 1209  
07/08 02:34:49 - mmengine - INFO - Epoch(val) [7][200/757]    eta: 0:00:30  time: 0.0492  data_time: 0.0067  memory: 1209  
07/08 02:34:51 - mmengine - INFO - Epoch(val) [7][250/757]    eta: 0:00:26  time: 0.0430  data_time: 0.0003  memory: 1209  
07/08 02:34:53 - mmengine - INFO - Epoch(val) [7][300/757]    eta: 0:00:23  time: 0.0448  data_time: 0.0017  memory: 1209  
07/08 02:34:55 - mmengine - INFO - Epoch(val) [7][350/757]    eta: 0:00:20  time: 0.0429  data_time: 0.0002  memory: 1209  
07/08 02:34:57 - mmengine - INFO - Epoch(val) [7][400/757]    eta: 0:00:17  time: 0.0430  data_time: 0.0002  memory: 1209  
07/08 02:35:00 - mmengine - INFO - Epoch(val) [7][450/757]    eta: 0:00:14  time: 0.0430  data_time: 0.0002  memory: 1209  
07/08 02:35:02 - mmengine - INFO - Epoch(val) [7][500/757]    eta: 0:00:12  time: 0.0475  data_time: 0.0045  memory: 1209  
07/08 02:35:04 - mmengine - INFO - Epoch(val) [7][550/757]    eta: 0:00:09  time: 0.0427  data_time: 0.0002  memory: 1209  
07/08 02:35:06 - mmengine - INFO - Epoch(val) [7][600/757]    eta: 0:00:07  time: 0.0430  data_time: 0.0002  memory: 1209  
07/08 02:35:08 - mmengine - INFO - Epoch(val) [7][650/757]    eta: 0:00:05  time: 0.0437  data_time: 0.0002  memory: 1209  
07/08 02:35:11 - mmengine - INFO - Epoch(val) [7][700/757]    eta: 0:00:02  time: 0.0433  data_time: 0.0002  memory: 1209  
07/08 02:35:13 - mmengine - INFO - Epoch(val) [7][750/757]    eta: 0:00:00  time: 0.0426  data_time: 0.0002  memory: 1209  
07/08 02:35:18 - mmengine - INFO - Evaluating bbox...
Loading and preparing results...
DONE (t=0.83s)
creating index...
index created!
Running per image evaluation...
Evaluate annotation type *bbox*
DONE (t=16.55s).
Accumulating evaluation results...
DONE (t=5.87s).
 Average Precision  (AP) @[ IoU=0.50:0.95 | area=   all | maxDets=100 ] = 0.400
 Average Precision  (AP) @[ IoU=0.50      | area=   all | maxDets=1000 ] = 0.502
 Average Precision  (AP) @[ IoU=0.75      | area=   all | maxDets=1000 ] = 0.453
 Average Precision  (AP) @[ IoU=0.50:0.95 | area= small | maxDets=1000 ] = 0.293
 Average Precision  (AP) @[ IoU=0.50:0.95 | area=medium | maxDets=1000 ] = 0.375
 Average Precision  (AP) @[ IoU=0.50:0.95 | area= large | maxDets=1000 ] = 0.495
 Average Recall     (AR) @[ IoU=0.50:0.95 | area=   all | maxDets=100 ] = 0.729
 Average Recall     (AR) @[ IoU=0.50:0.95 | area=   all | maxDets=300 ] = 0.729
 Average Recall     (AR) @[ IoU=0.50:0.95 | area=   all | maxDets=1000 ] = 0.729
 Average Recall     (AR) @[ IoU=0.50:0.95 | area= small | maxDets=1000 ] = 0.595
 Average Recall     (AR) @[ IoU=0.50:0.95 | area=medium | maxDets=1000 ] = 0.707
 Average Recall     (AR) @[ IoU=0.50:0.95 | area= large | maxDets=1000 ] = 0.806
07/08 02:35:44 - mmengine - INFO - bbox_mAP_copypaste: 0.400 0.502 0.453 0.293 0.375 0.495
07/08 02:35:44 - mmengine - INFO - Epoch(val) [7][757/757]    coco/bbox_mAP: 0.4000  coco/bbox_mAP_50: 0.5020  coco/bbox_mAP_75: 0.4530  coco/bbox_mAP_s: 0.2930  coco/bbox_mAP_m: 0.3750  coco/bbox_mAP_l: 0.4950  data_time: 0.0036  time: 0.0465
07/08 02:35:44 - mmengine - INFO - The previous best checkpoint /home/siyuan/projects/LLMs/OralDetect-Family/WeDetect_repro/WeDetect/work_dirs/reorg_v11dt_s1/best_coco_bbox_mAP_epoch_6.pth is removed
07/08 02:35:47 - mmengine - INFO - The best checkpoint with 0.4000 coco/bbox_mAP at 7 epoch is saved to best_coco_bbox_mAP_epoch_7.pth.
07/08 02:36:12 - mmengine - INFO - Epoch(train) [8][ 50/628]  base_lr: 1.2392e-05 lr: 1.2392e-05  eta: 0:04:18  time: 0.4495  data_time: 0.0175  memory: 5033  grad_norm: 332.4231  loss: 92.2808  loss_cls: 33.6251  loss_bbox: 26.7314  loss_dfl: 31.9243
07/08 02:36:35 - mmengine - INFO - Epoch(train) [8][100/628]  base_lr: 1.1407e-05 lr: 1.1407e-05  eta: 0:03:55  time: 0.4478  data_time: 0.0050  memory: 5286  grad_norm: 331.4682  loss: 93.7186  loss_cls: 34.4794  loss_bbox: 27.2062  loss_dfl: 32.0329
07/08 02:36:57 - mmengine - INFO - Epoch(train) [8][150/628]  base_lr: 1.0421e-05 lr: 1.0421e-05  eta: 0:03:33  time: 0.4404  data_time: 0.0045  memory: 5199  grad_norm: 334.9594  loss: 93.1995  loss_cls: 34.1658  loss_bbox: 26.9783  loss_dfl: 32.0554
07/08 02:37:19 - mmengine - INFO - Epoch(train) [8][200/628]  base_lr: 9.4356e-06 lr: 9.4356e-06  eta: 0:03:11  time: 0.4515  data_time: 0.0043  memory: 5086  grad_norm: 304.5700  loss: 93.9098  loss_cls: 34.1764  loss_bbox: 27.7862  loss_dfl: 31.9472
07/08 02:37:42 - mmengine - INFO - Epoch(train) [8][250/628]  base_lr: 8.4501e-06 lr: 8.4501e-06  eta: 0:02:48  time: 0.4461  data_time: 0.0045  memory: 4979  grad_norm: 304.8738  loss: 91.2680  loss_cls: 32.8240  loss_bbox: 26.7967  loss_dfl: 31.6473
07/08 02:38:04 - mmengine - INFO - Epoch(train) [8][300/628]  base_lr: 7.4647e-06 lr: 7.4647e-06  eta: 0:02:26  time: 0.4472  data_time: 0.0042  memory: 5253  grad_norm: 298.2567  loss: 94.6633  loss_cls: 34.7738  loss_bbox: 27.8238  loss_dfl: 32.0658
07/08 02:38:26 - mmengine - INFO - Epoch(train) [8][350/628]  base_lr: 6.4792e-06 lr: 6.4792e-06  eta: 0:02:04  time: 0.4417  data_time: 0.0042  memory: 5153  grad_norm: 307.8595  loss: 94.3576  loss_cls: 34.1615  loss_bbox: 28.0132  loss_dfl: 32.1829
07/08 02:38:49 - mmengine - INFO - Epoch(train) [8][400/628]  base_lr: 5.4937e-06 lr: 5.4937e-06  eta: 0:01:41  time: 0.4522  data_time: 0.0042  memory: 5286  grad_norm: 298.4760  loss: 92.4580  loss_cls: 33.0522  loss_bbox: 27.3166  loss_dfl: 32.0892
07/08 02:39:11 - mmengine - INFO - Epoch(train) [8][450/628]  base_lr: 4.5083e-06 lr: 4.5083e-06  eta: 0:01:19  time: 0.4422  data_time: 0.0045  memory: 5259  grad_norm: 301.7141  loss: 94.4648  loss_cls: 33.9583  loss_bbox: 28.2938  loss_dfl: 32.2127
07/08 02:39:33 - mmengine - INFO - Epoch(train) [8][500/628]  base_lr: 3.5228e-06 lr: 3.5228e-06  eta: 0:00:57  time: 0.4521  data_time: 0.0044  memory: 5099  grad_norm: 302.9114  loss: 93.5964  loss_cls: 33.9136  loss_bbox: 27.8128  loss_dfl: 31.8699
07/08 02:39:55 - mmengine - INFO - Epoch(train) [8][550/628]  base_lr: 2.5373e-06 lr: 2.5373e-06  eta: 0:00:34  time: 0.4405  data_time: 0.0042  memory: 5026  grad_norm: 296.6639  loss: 92.2691  loss_cls: 33.2686  loss_bbox: 26.9020  loss_dfl: 32.0985
07/08 02:40:18 - mmengine - INFO - Epoch(train) [8][600/628]  base_lr: 1.5519e-06 lr: 1.5519e-06  eta: 0:00:12  time: 0.4529  data_time: 0.0045  memory: 5219  grad_norm: 292.2249  loss: 93.5042  loss_cls: 33.9150  loss_bbox: 27.5747  loss_dfl: 32.0146
07/08 02:40:20 - mmengine - INFO - Exp name: wedetect_reorg_v11dt_s1_20260708_015720
07/08 02:40:31 - mmengine - INFO - Exp name: wedetect_reorg_v11dt_s1_20260708_015720
07/08 02:40:31 - mmengine - INFO - Saving checkpoint at 8 epochs
07/08 02:40:37 - mmengine - INFO - Epoch(val) [8][ 50/757]    eta: 0:00:42  time: 0.0595  data_time: 0.0166  memory: 5039  
07/08 02:40:39 - mmengine - INFO - Epoch(val) [8][100/757]    eta: 0:00:33  time: 0.0437  data_time: 0.0003  memory: 1209  
07/08 02:40:42 - mmengine - INFO - Epoch(val) [8][150/757]    eta: 0:00:33  time: 0.0642  data_time: 0.0216  memory: 1209  
07/08 02:40:45 - mmengine - INFO - Epoch(val) [8][200/757]    eta: 0:00:30  time: 0.0493  data_time: 0.0070  memory: 1209  
07/08 02:40:47 - mmengine - INFO - Epoch(val) [8][250/757]    eta: 0:00:26  time: 0.0427  data_time: 0.0002  memory: 1209  
07/08 02:40:49 - mmengine - INFO - Epoch(val) [8][300/757]    eta: 0:00:23  time: 0.0446  data_time: 0.0018  memory: 1209  
07/08 02:40:51 - mmengine - INFO - Epoch(val) [8][350/757]    eta: 0:00:20  time: 0.0427  data_time: 0.0002  memory: 1209  
07/08 02:40:54 - mmengine - INFO - Epoch(val) [8][400/757]    eta: 0:00:17  time: 0.0428  data_time: 0.0002  memory: 1209  
07/08 02:40:56 - mmengine - INFO - Epoch(val) [8][450/757]    eta: 0:00:14  time: 0.0426  data_time: 0.0002  memory: 1209  
07/08 02:40:58 - mmengine - INFO - Epoch(val) [8][500/757]    eta: 0:00:12  time: 0.0473  data_time: 0.0047  memory: 1209  
07/08 02:41:00 - mmengine - INFO - Epoch(val) [8][550/757]    eta: 0:00:09  time: 0.0431  data_time: 0.0002  memory: 1209  
07/08 02:41:02 - mmengine - INFO - Epoch(val) [8][600/757]    eta: 0:00:07  time: 0.0433  data_time: 0.0003  memory: 1209  
07/08 02:41:05 - mmengine - INFO - Epoch(val) [8][650/757]    eta: 0:00:05  time: 0.0433  data_time: 0.0003  memory: 1209  
07/08 02:41:07 - mmengine - INFO - Epoch(val) [8][700/757]    eta: 0:00:02  time: 0.0430  data_time: 0.0002  memory: 1209  
07/08 02:41:09 - mmengine - INFO - Epoch(val) [8][750/757]    eta: 0:00:00  time: 0.0428  data_time: 0.0002  memory: 1209  
07/08 02:41:14 - mmengine - INFO - Evaluating bbox...
Loading and preparing results...
DONE (t=0.80s)
creating index...
index created!
Running per image evaluation...
Evaluate annotation type *bbox*
DONE (t=16.90s).
Accumulating evaluation results...
DONE (t=5.84s).
 Average Precision  (AP) @[ IoU=0.50:0.95 | area=   all | maxDets=100 ] = 0.403
 Average Precision  (AP) @[ IoU=0.50      | area=   all | maxDets=1000 ] = 0.505
 Average Precision  (AP) @[ IoU=0.75      | area=   all | maxDets=1000 ] = 0.453
 Average Precision  (AP) @[ IoU=0.50:0.95 | area= small | maxDets=1000 ] = 0.297
 Average Precision  (AP) @[ IoU=0.50:0.95 | area=medium | maxDets=1000 ] = 0.373
 Average Precision  (AP) @[ IoU=0.50:0.95 | area= large | maxDets=1000 ] = 0.501
 Average Recall     (AR) @[ IoU=0.50:0.95 | area=   all | maxDets=100 ] = 0.732
 Average Recall     (AR) @[ IoU=0.50:0.95 | area=   all | maxDets=300 ] = 0.732
 Average Recall     (AR) @[ IoU=0.50:0.95 | area=   all | maxDets=1000 ] = 0.732
 Average Recall     (AR) @[ IoU=0.50:0.95 | area= small | maxDets=1000 ] = 0.601
 Average Recall     (AR) @[ IoU=0.50:0.95 | area=medium | maxDets=1000 ] = 0.709
 Average Recall     (AR) @[ IoU=0.50:0.95 | area= large | maxDets=1000 ] = 0.808
07/08 02:41:40 - mmengine - INFO - bbox_mAP_copypaste: 0.403 0.505 0.453 0.297 0.373 0.501
07/08 02:41:40 - mmengine - INFO - Epoch(val) [8][757/757]    coco/bbox_mAP: 0.4030  coco/bbox_mAP_50: 0.5050  coco/bbox_mAP_75: 0.4530  coco/bbox_mAP_s: 0.2970  coco/bbox_mAP_m: 0.3730  coco/bbox_mAP_l: 0.5010  data_time: 0.0036  time: 0.0463
07/08 02:41:40 - mmengine - INFO - The previous best checkpoint /home/siyuan/projects/LLMs/OralDetect-Family/WeDetect_repro/WeDetect/work_dirs/reorg_v11dt_s1/best_coco_bbox_mAP_epoch_7.pth is removed
07/08 02:41:43 - mmengine - INFO - The best checkpoint with 0.4030 coco/bbox_mAP at 8 epoch is saved to best_coco_bbox_mAP_epoch_8.pth.
[rank0]:[W708 02:41:56.999315504 ProcessGroupNCCL.cpp:1250] Warning: WARNING: process group has NOT been destroyed before we destruct ProcessGroupNCCL. On normal program exit, the application should call destroy_process_group to ensure that any pending NCCL operations have finished in this process. In rare cases this process can exit before this point and block the progress of another member of the process group. This constraint has always been present,  but this warning has only been added since PyTorch 2.4 (function operator())
########## STAGE 2 (freeze towers, consolidate, lr 3e-5, 4ep) ##########
W0708 02:41:59.400000 1063468 site-packages/torch/distributed/run.py:793] 
W0708 02:41:59.400000 1063468 site-packages/torch/distributed/run.py:793] *****************************************
W0708 02:41:59.400000 1063468 site-packages/torch/distributed/run.py:793] Setting OMP_NUM_THREADS environment variable for each process to be 1 in default, to avoid your system being overloaded, please further tune the variable for optimal performance in your application as needed. 
W0708 02:41:59.400000 1063468 site-packages/torch/distributed/run.py:793] *****************************************
/home/siyuan/anaconda3/envs/wedetect_official/lib/python3.10/site-packages/mmengine/optim/optimizer/zero_optimizer.py:11: DeprecationWarning: `TorchScript` support for functional optimizers is deprecated and will be removed in a future PyTorch release. Consider using the `torch.compile` optimizer instead.
  from torch.distributed.optim import \
/home/siyuan/anaconda3/envs/wedetect_official/lib/python3.10/site-packages/mmengine/optim/optimizer/zero_optimizer.py:11: DeprecationWarning: `TorchScript` support for functional optimizers is deprecated and will be removed in a future PyTorch release. Consider using the `torch.compile` optimizer instead.
  from torch.distributed.optim import \
/home/siyuan/anaconda3/envs/wedetect_official/lib/python3.10/site-packages/mmengine/optim/optimizer/zero_optimizer.py:11: DeprecationWarning: `TorchScript` support for functional optimizers is deprecated and will be removed in a future PyTorch release. Consider using the `torch.compile` optimizer instead.
  from torch.distributed.optim import \
/home/siyuan/anaconda3/envs/wedetect_official/lib/python3.10/site-packages/mmengine/optim/optimizer/zero_optimizer.py:11: DeprecationWarning: `TorchScript` support for functional optimizers is deprecated and will be removed in a future PyTorch release. Consider using the `torch.compile` optimizer instead.
  from torch.distributed.optim import \
/home/siyuan/.local/lib/python3.10/site-packages/fairscale/experimental/nn/offload.py:19: FutureWarning: `torch.cuda.amp.custom_fwd(args...)` is deprecated. Please use `torch.amp.custom_fwd(args..., device_type='cuda')` instead.
  return torch.cuda.amp.custom_fwd(orig_func)  # type: ignore
/home/siyuan/.local/lib/python3.10/site-packages/fairscale/experimental/nn/offload.py:30: FutureWarning: `torch.cuda.amp.custom_bwd(args...)` is deprecated. Please use `torch.amp.custom_bwd(args..., device_type='cuda')` instead.
  return torch.cuda.amp.custom_bwd(orig_func)  # type: ignore
/home/siyuan/.local/lib/python3.10/site-packages/fairscale/experimental/nn/offload.py:19: FutureWarning: `torch.cuda.amp.custom_fwd(args...)` is deprecated. Please use `torch.amp.custom_fwd(args..., device_type='cuda')` instead.
  return torch.cuda.amp.custom_fwd(orig_func)  # type: ignore
/home/siyuan/.local/lib/python3.10/site-packages/fairscale/experimental/nn/offload.py:30: FutureWarning: `torch.cuda.amp.custom_bwd(args...)` is deprecated. Please use `torch.amp.custom_bwd(args..., device_type='cuda')` instead.
  return torch.cuda.amp.custom_bwd(orig_func)  # type: ignore
/home/siyuan/.local/lib/python3.10/site-packages/fairscale/experimental/nn/offload.py:19: FutureWarning: `torch.cuda.amp.custom_fwd(args...)` is deprecated. Please use `torch.amp.custom_fwd(args..., device_type='cuda')` instead.
  return torch.cuda.amp.custom_fwd(orig_func)  # type: ignore
/home/siyuan/.local/lib/python3.10/site-packages/fairscale/experimental/nn/offload.py:30: FutureWarning: `torch.cuda.amp.custom_bwd(args...)` is deprecated. Please use `torch.amp.custom_bwd(args..., device_type='cuda')` instead.
  return torch.cuda.amp.custom_bwd(orig_func)  # type: ignore
/home/siyuan/.local/lib/python3.10/site-packages/fairscale/experimental/nn/offload.py:19: FutureWarning: `torch.cuda.amp.custom_fwd(args...)` is deprecated. Please use `torch.amp.custom_fwd(args..., device_type='cuda')` instead.
  return torch.cuda.amp.custom_fwd(orig_func)  # type: ignore
/home/siyuan/.local/lib/python3.10/site-packages/fairscale/experimental/nn/offload.py:30: FutureWarning: `torch.cuda.amp.custom_bwd(args...)` is deprecated. Please use `torch.amp.custom_bwd(args..., device_type='cuda')` instead.
  return torch.cuda.amp.custom_bwd(orig_func)  # type: ignore
/home/siyuan/anaconda3/envs/wedetect_official/lib/python3.10/site-packages/mmengine/utils/dl_utils/setup_env.py:56: UserWarning: Setting MKL_NUM_THREADS environment variable for each process to be 1 in default, to avoid your system being overloaded, please further tune the variable for optimal performance in your application as needed.
  warnings.warn(
/home/siyuan/anaconda3/envs/wedetect_official/lib/python3.10/site-packages/mmengine/utils/dl_utils/setup_env.py:56: UserWarning: Setting MKL_NUM_THREADS environment variable for each process to be 1 in default, to avoid your system being overloaded, please further tune the variable for optimal performance in your application as needed.
  warnings.warn(
/home/siyuan/anaconda3/envs/wedetect_official/lib/python3.10/site-packages/mmengine/utils/dl_utils/setup_env.py:56: UserWarning: Setting MKL_NUM_THREADS environment variable for each process to be 1 in default, to avoid your system being overloaded, please further tune the variable for optimal performance in your application as needed.
  warnings.warn(
/home/siyuan/anaconda3/envs/wedetect_official/lib/python3.10/site-packages/mmengine/utils/dl_utils/setup_env.py:56: UserWarning: Setting MKL_NUM_THREADS environment variable for each process to be 1 in default, to avoid your system being overloaded, please further tune the variable for optimal performance in your application as needed.
  warnings.warn(
07/08 02:42:04 - mmengine - INFO - 
------------------------------------------------------------
System environment:
    sys.platform: linux
    Python: 3.10.20 (main, Jun 11 2026, 15:17:37) [GCC 14.3.0]
    CUDA available: True
    MUSA available: False
    numpy_random_seed: 60879209
    GPU 0,1,2,3: NVIDIA RTX A6000
    CUDA_HOME: /usr/local/cuda-11.3
    NVCC: Cuda compilation tools, release 11.3, V11.3.109
    GCC: gcc (Ubuntu 9.5.0-1ubuntu1~22.04) 9.5.0
    PyTorch: 2.5.1+cu124
    PyTorch compiling details: PyTorch built with:
  - GCC 9.3
  - C++ Version: 201703
  - Intel(R) oneAPI Math Kernel Library Version 2024.2-Product Build 20240605 for Intel(R) 64 architecture applications
  - Intel(R) MKL-DNN v3.5.3 (Git Hash 66f0cb9eb66affd2da3bf5f8d897376f04aae6af)
  - OpenMP 201511 (a.k.a. OpenMP 4.5)
  - LAPACK is enabled (usually provided by MKL)
  - NNPACK is enabled
  - CPU capability usage: AVX2
  - CUDA Runtime 12.4
  - NVCC architecture flags: -gencode;arch=compute_50,code=sm_50;-gencode;arch=compute_60,code=sm_60;-gencode;arch=compute_70,code=sm_70;-gencode;arch=compute_75,code=sm_75;-gencode;arch=compute_80,code=sm_80;-gencode;arch=compute_86,code=sm_86;-gencode;arch=compute_90,code=sm_90
  - CuDNN 90.1
  - Magma 2.6.1
  - Build settings: BLAS_INFO=mkl, BUILD_TYPE=Release, CUDA_VERSION=12.4, CUDNN_VERSION=9.1.0, CXX_COMPILER=/opt/rh/devtoolset-9/root/usr/bin/c++, CXX_FLAGS= -D_GLIBCXX_USE_CXX11_ABI=0 -fabi-version=11 -fvisibility-inlines-hidden -DUSE_PTHREADPOOL -DNDEBUG -DUSE_KINETO -DLIBKINETO_NOROCTRACER -DLIBKINETO_NOXPUPTI=ON -DUSE_FBGEMM -DUSE_PYTORCH_QNNPACK -DUSE_XNNPACK -DSYMBOLICATE_MOBILE_DEBUG_HANDLE -O2 -fPIC -Wall -Wextra -Werror=return-type -Werror=non-virtual-dtor -Werror=bool-operation -Wnarrowing -Wno-missing-field-initializers -Wno-type-limits -Wno-array-bounds -Wno-unknown-pragmas -Wno-unused-parameter -Wno-strict-overflow -Wno-strict-aliasing -Wno-stringop-overflow -Wsuggest-override -Wno-psabi -Wno-error=old-style-cast -Wno-missing-braces -fdiagnostics-color=always -faligned-new -Wno-unused-but-set-variable -Wno-maybe-uninitialized -fno-math-errno -fno-trapping-math -Werror=format -Wno-stringop-overflow, LAPACK_INFO=mkl, PERF_WITH_AVX=1, PERF_WITH_AVX2=1, TORCH_VERSION=2.5.1, USE_CUDA=ON, USE_CUDNN=ON, USE_CUSPARSELT=1, USE_EXCEPTION_PTR=1, USE_GFLAGS=OFF, USE_GLOG=OFF, USE_GLOO=ON, USE_MKL=ON, USE_MKLDNN=ON, USE_MPI=OFF, USE_NCCL=1, USE_NNPACK=ON, USE_OPENMP=ON, USE_ROCM=OFF, USE_ROCM_KERNEL_ASSERT=OFF, 

    TorchVision: 0.20.1+cu124
    OpenCV: 4.10.0
    MMEngine: 0.10.7

Runtime environment:
    cudnn_benchmark: False
    mp_cfg: {'mp_start_method': 'fork', 'opencv_num_threads': 0}
    dist_cfg: {'backend': 'nccl'}
    seed: 60879209
    Distributed launcher: pytorch
    Distributed training: True
    GPU number: 4
------------------------------------------------------------

07/08 02:42:06 - mmengine - INFO - Config:
CLASS_NAMES = '/home/siyuan/projects/LLMs/OralDetect-Family/OralDetect/datas/class_names_oraldetect_reorg.json'
CLASS_TEXT = '/home/siyuan/projects/LLMs/OralDetect-Family/OralDetect/datas/class_texts_oraldetect_reorg.json'
DATAS = '/home/siyuan/projects/LLMs/OralDetect-Family/OralDetect/datas'
DATA_ROOT = '/home/siyuan/projects/LLMs/OralDetect-Family/OralDetect/datas/'
DENTALBERT = '/home/siyuan/projects/LLMs/OralDetect-Family/OralCLIP/Bert_tuning/checkpoints/BiomedNLP-BiomedBERT-base-uncased-abstract-fulltext_dental_mlm/final'
TEST_ANN = '/home/siyuan/projects/LLMs/OralDetect-Family/OralDetect/datas/instances_oraldetect_reorg_val.json'
TRAIN_ANN = '/home/siyuan/projects/LLMs/OralDetect-Family/OralDetect/datas/instances_oraldetect_reorg_train.json'
affine_scale = 0.5
albu_train_transforms = [
    dict(p=0.01, type='Blur'),
    dict(p=0.01, type='MedianBlur'),
    dict(p=0.01, type='ToGray'),
    dict(p=0.01, type='CLAHE'),
]
backend_args = None
base_lr = 3e-05
close_mosaic_epochs = 4
coco_evaluator = dict(
    ann_file='data/coco/annotations/instances_val2017.json',
    metric='bbox',
    type='CocoMetric')
coco_val_dataset = dict(
    class_text_path='data/texts/coco_zh_class_texts.json',
    dataset=dict(
        ann_file='data/coco/annotations/instances_val2017.json',
        batch_shapes_cfg=None,
        data_prefix=dict(img='val2017'),
        data_root='data/coco/',
        test_mode=True,
        type='WeCocoDataset'),
    pipeline=[
        dict(backend_args=None, type='LoadImageFromFile'),
        dict(scale=(
            640,
            640,
        ), type='WeDetectKeepRatioResize'),
        dict(
            allow_scale_up=False,
            pad_val=dict(img=114),
            scale=(
                640,
                640,
            ),
            type='WeDetectLetterResize'),
        dict(_scope_='mmdet', type='LoadAnnotations', with_bbox=True),
        dict(type='LoadText'),
        dict(
            meta_keys=(
                'img_id',
                'img_path',
                'ori_shape',
                'img_shape',
                'scale_factor',
                'pad_param',
                'texts',
            ),
            type='PackDetInputs'),
    ],
    type='MultiModalDataset')
custom_hooks = []
custom_imports = dict(
    allow_failed_imports=False, imports=[
        'wedetect',
    ])
default_hooks = dict(
    checkpoint=dict(
        interval=1,
        max_keep_ckpts=3,
        save_best='coco/bbox_mAP',
        type='CheckpointHook'),
    logger=dict(interval=50, type='LoggerHook'),
    param_scheduler=dict(type='ParamSchedulerHook'),
    sampler_seed=dict(type='DistSamplerSeedHook'),
    timer=dict(type='IterTimerHook'),
    visualization=dict(type='mmdet.DetVisualizationHook'))
default_scope = 'mmdet'
dist_cfg = dict(backend='nccl', timeout=10800)
env_cfg = dict(
    cudnn_benchmark=False,
    dist_cfg=dict(backend='nccl'),
    mp_cfg=dict(mp_start_method='fork', opencv_num_threads=0))
find_unused_parameters = True
img_scale = (
    640,
    640,
)
launcher = 'pytorch'
load_from = 'work_dirs/reorg_v11dt_s1/epoch_8.pth'
log_level = 'INFO'
log_processor = dict(by_epoch=True, type='LogProcessor', window_size=50)
loss_bbox_weight = 7.5
loss_cls_weight = 0.5
loss_dfl_weight = 0.375
lvis_minival_dataset = dict(
    class_text_path='data/texts/lvis_v1_zh_class_texts.json',
    dataset=dict(
        ann_file='data/lvis/lvis_v1_minival_inserted_image_name.json',
        batch_shapes_cfg=None,
        data_prefix=dict(img=''),
        data_root='data/coco/',
        test_mode=True,
        type='YOLOv5LVISV1Dataset'),
    pipeline=[
        dict(backend_args=None, type='LoadImageFromFile'),
        dict(scale=(
            640,
            640,
        ), type='WeDetectKeepRatioResize'),
        dict(
            allow_scale_up=False,
            pad_val=dict(img=114),
            scale=(
                640,
                640,
            ),
            type='WeDetectLetterResize'),
        dict(_scope_='mmdet', type='LoadAnnotations', with_bbox=True),
        dict(type='LoadText'),
        dict(
            meta_keys=(
                'img_id',
                'img_path',
                'ori_shape',
                'img_shape',
                'scale_factor',
                'pad_param',
                'texts',
            ),
            type='PackDetInputs'),
    ],
    type='MultiModalDataset')
lvis_minival_evaluator = dict(
    ann_file='data/lvis/lvis_v1_minival_inserted_image_name.json',
    metric='bbox',
    type='LVISMetric')
lvis_od_val_dataset = dict(
    class_text_path='data/texts/lvis_v1_zh_class_texts.json',
    dataset=dict(
        ann_file='data/lvis/lvis_od_val.json',
        batch_shapes_cfg=None,
        data_prefix=dict(img=''),
        data_root='data/coco/',
        test_mode=True,
        type='YOLOv5LVISV1Dataset'),
    pipeline=[
        dict(backend_args=None, type='LoadImageFromFile'),
        dict(scale=(
            640,
            640,
        ), type='WeDetectKeepRatioResize'),
        dict(
            allow_scale_up=False,
            pad_val=dict(img=114),
            scale=(
                640,
                640,
            ),
            type='WeDetectLetterResize'),
        dict(_scope_='mmdet', type='LoadAnnotations', with_bbox=True),
        dict(type='LoadText'),
        dict(
            meta_keys=(
                'img_id',
                'img_path',
                'ori_shape',
                'img_shape',
                'scale_factor',
                'pad_param',
                'texts',
            ),
            type='PackDetInputs'),
    ],
    type='MultiModalDataset')
lvis_od_val_evaluator = dict(
    ann_file='data/lvis/lvis_od_val.json', metric='bbox', type='LVISMetric')
max_epochs = 4
metainfo = dict(
    classes=(
        'abnormal oral epithelial cell',
        'alveolar bone loss',
        'anterior teeth with fluorosis',
        'anterior teeth without fluorosis',
        'canine',
        'central incisor',
        'craniofacial or oral anomaly',
        'dental abrasion',
        'dental caries',
        'dental crown restoration',
        'dental filling',
        'dental implant',
        'dental opacity',
        'dental restoration',
        'dental restoration (filling or crown)',
        'dividing oral cell',
        'first molar',
        'first premolar',
        'foreign object or debris',
        'hard recognized oral cell',
        'impacted wisdom tooth',
        'intraoral appliance',
        'lateral incisor',
        'lightly abnormal oral cell',
        'malignant oral cell',
        'mandibular canal',
        'maxillary sinus',
        'missing or residual root',
        'missing teeth',
        'normal',
        'normal oral cell',
        'oral blood cell',
        'orthodontic bracket',
        'periapical lesion',
        'periodontal pocket',
        'primary endodontic lesion',
        'primary endodontic with secondary periodontal lesion',
        'primary periodontal lesion',
        'primary periodontal with secondary endodontic lesion',
        'reactive oral cell',
        'root canal treatment',
        'second molar',
        'second premolar',
        'severe gingivitis',
        'suspicious malignant oral cell',
        'tooth 11 (upper right central incisor)',
        'tooth 12 (upper right lateral incisor)',
        'tooth 13 (upper right canine)',
        'tooth 14 (upper right first premolar)',
        'tooth 15 (upper right second premolar)',
        'tooth 16 (upper right first molar)',
        'tooth 17 (upper right second molar)',
        'tooth 18 (upper right third molar)',
        'tooth 21 (upper left central incisor)',
        'tooth 22 (upper left lateral incisor)',
        'tooth 23 (upper left canine)',
        'tooth 24 (upper left first premolar)',
        'tooth 25 (upper left second premolar)',
        'tooth 26 (upper left first molar)',
        'tooth 27 (upper left second molar)',
        'tooth 28 (upper left third molar)',
        'tooth 31 (lower left central incisor)',
        'tooth 32 (lower left lateral incisor)',
        'tooth 33 (lower left canine)',
        'tooth 34 (lower left first premolar)',
        'tooth 35 (lower left second premolar)',
        'tooth 36 (lower left first molar)',
        'tooth 37 (lower left second molar)',
        'tooth 38 (lower left third molar)',
        'tooth 41 (lower right central incisor)',
        'tooth 42 (lower right lateral incisor)',
        'tooth 43 (lower right canine)',
        'tooth 44 (lower right first premolar)',
        'tooth 45 (lower right second premolar)',
        'tooth 46 (lower right first molar)',
        'tooth 47 (lower right second molar)',
        'tooth 48 (lower right third molar)',
        'tooth erosion',
        'tooth malformation',
        'true combined endo-perio lesion',
        'tumor',
    ))
mixup_prob = 0.15
model = dict(
    backbone=dict(
        image_model=dict(
            frozen_modules=[
                'all',
            ],
            model_name='base',
            type='ConvNextVisionBackbone'),
        text_model=dict(
            frozen_modules=[
                'all',
            ],
            model_name=
            '/home/siyuan/projects/LLMs/OralDetect-Family/OralCLIP/Bert_tuning/checkpoints/BiomedNLP-BiomedBERT-base-uncased-abstract-fulltext_dental_mlm/final',
            model_size='base',
            type='DentalBertLanguageBackbone'),
        type='MultiModalYOLOBackbone'),
    bbox_head=dict(
        bbox_coder=dict(type='WeDetectDistancePointBBoxCoder'),
        head_module=dict(
            embed_dims=768,
            in_channels=[
                256,
                512,
                1024,
            ],
            model_size='base',
            num_classes=81,
            type='YOLOWorldHeadModule',
            use_bn_head=True),
        loss_bbox=dict(
            bbox_format='xyxy',
            iou_mode='ciou',
            loss_weight=7.5,
            reduction='sum',
            return_iou=False,
            type='mmyoloIoULoss'),
        loss_cls=dict(
            loss_weight=0.5,
            reduction='none',
            type='CrossEntropyLoss',
            use_sigmoid=True),
        loss_dfl=dict(
            loss_weight=0.375, reduction='mean', type='DistributionFocalLoss'),
        prior_generator=dict(
            offset=0.5, strides=[
                8,
                16,
                32,
            ], type='MlvlPointGenerator'),
        type='YOLOWorldHead'),
    data_preprocessor=dict(
        bgr_to_rgb=True,
        mean=[
            0.0,
            0.0,
            0.0,
        ],
        std=[
            255.0,
            255.0,
            255.0,
        ],
        type='YOLOWDetDataPreprocessor'),
    mm_neck=False,
    neck=dict(model_size='base', scale_factor=1.0, type='CSPRepBiFPANNeck'),
    num_test_classes=81,
    num_train_classes=81,
    test_cfg=dict(
        max_per_img=300,
        multi_label=True,
        nms=dict(iou_threshold=0.7, type='nms'),
        nms_pre=30000,
        score_thr=0.001),
    train_cfg=dict(
        assigner=dict(
            alpha=0.5,
            beta=6.0,
            eps=1e-09,
            num_classes=81,
            topk=10,
            type='BatchTaskAlignedAssigner',
            use_ciou=True)),
    type='YOLOWorldDetector')
model_test_cfg = dict(
    max_per_img=300,
    multi_label=True,
    nms=dict(iou_threshold=0.7, type='nms'),
    nms_pre=30000,
    score_thr=0.001)
mosaic_affine_transform = [
    dict(
        img_scale=(
            640,
            640,
        ),
        pad_val=114.0,
        pre_transform=[
            dict(backend_args=None, type='LoadImageFromFile'),
            dict(type='LoadAnnotations', with_bbox=True),
        ],
        type='MultiModalMosaic'),
    dict(
        border=(
            -320,
            -320,
        ),
        border_val=(
            114,
            114,
            114,
        ),
        max_aspect_ratio=100.0,
        max_rotate_degree=0.0,
        max_shear_degree=0.0,
        scaling_ratio_range=(
            0.5,
            1.5,
        ),
        type='WeDetectRandomAffine'),
]
neck_embed_channels = [
    128,
    256,
    512,
]
neck_num_heads = [
    4,
    8,
    16,
]
num_classes = 81
num_training_classes = 81
optim_wrapper = dict(
    clip_grad=dict(max_norm=10.0),
    constructor='YOLOWv5OptimizerConstructor',
    optimizer=dict(
        batch_size_per_gpu=8, lr=3e-05, type='AdamW', weight_decay=0.05),
    paramwise_cfg=dict(
        custom_keys=dict({
            'backbone.text_model': dict(lr_mult=0.1),
            'logit_scale': dict(weight_decay=0.0)
        })),
    type='OptimWrapper')
param_scheduler = [
    dict(
        begin=0,
        by_epoch=True,
        convert_to_iter_based=True,
        end=4,
        end_factor=0.01,
        start_factor=1.0,
        type='LinearLR'),
]
persistent_workers = True
pre_transform = [
    dict(backend_args=None, type='LoadImageFromFile'),
    dict(type='LoadAnnotations', with_bbox=True),
]
resume = False
save_epoch_intervals = 1
tal_alpha = 0.5
tal_beta = 6.0
tal_topk = 10
test_cfg = dict(type='TestLoop')
test_dataloader = dict(
    batch_size=1,
    dataset=dict(
        class_text_path=
        '/home/siyuan/projects/LLMs/OralDetect-Family/OralDetect/datas/class_texts_oraldetect_reorg.json',
        dataset=dict(
            ann_file=
            '/home/siyuan/projects/LLMs/OralDetect-Family/OralDetect/datas/instances_oraldetect_reorg_val.json',
            batch_shapes_cfg=None,
            data_prefix=dict(img='oraldetect_reorg2017/'),
            data_root=
            '/home/siyuan/projects/LLMs/OralDetect-Family/OralDetect/datas/',
            metainfo=dict(
                classes=(
                    'abnormal oral epithelial cell',
                    'alveolar bone loss',
                    'anterior teeth with fluorosis',
                    'anterior teeth without fluorosis',
                    'canine',
                    'central incisor',
                    'craniofacial or oral anomaly',
                    'dental abrasion',
                    'dental caries',
                    'dental crown restoration',
                    'dental filling',
                    'dental implant',
                    'dental opacity',
                    'dental restoration',
                    'dental restoration (filling or crown)',
                    'dividing oral cell',
                    'first molar',
                    'first premolar',
                    'foreign object or debris',
                    'hard recognized oral cell',
                    'impacted wisdom tooth',
                    'intraoral appliance',
                    'lateral incisor',
                    'lightly abnormal oral cell',
                    'malignant oral cell',
                    'mandibular canal',
                    'maxillary sinus',
                    'missing or residual root',
                    'missing teeth',
                    'normal',
                    'normal oral cell',
                    'oral blood cell',
                    'orthodontic bracket',
                    'periapical lesion',
                    'periodontal pocket',
                    'primary endodontic lesion',
                    'primary endodontic with secondary periodontal lesion',
                    'primary periodontal lesion',
                    'primary periodontal with secondary endodontic lesion',
                    'reactive oral cell',
                    'root canal treatment',
                    'second molar',
                    'second premolar',
                    'severe gingivitis',
                    'suspicious malignant oral cell',
                    'tooth 11 (upper right central incisor)',
                    'tooth 12 (upper right lateral incisor)',
                    'tooth 13 (upper right canine)',
                    'tooth 14 (upper right first premolar)',
                    'tooth 15 (upper right second premolar)',
                    'tooth 16 (upper right first molar)',
                    'tooth 17 (upper right second molar)',
                    'tooth 18 (upper right third molar)',
                    'tooth 21 (upper left central incisor)',
                    'tooth 22 (upper left lateral incisor)',
                    'tooth 23 (upper left canine)',
                    'tooth 24 (upper left first premolar)',
                    'tooth 25 (upper left second premolar)',
                    'tooth 26 (upper left first molar)',
                    'tooth 27 (upper left second molar)',
                    'tooth 28 (upper left third molar)',
                    'tooth 31 (lower left central incisor)',
                    'tooth 32 (lower left lateral incisor)',
                    'tooth 33 (lower left canine)',
                    'tooth 34 (lower left first premolar)',
                    'tooth 35 (lower left second premolar)',
                    'tooth 36 (lower left first molar)',
                    'tooth 37 (lower left second molar)',
                    'tooth 38 (lower left third molar)',
                    'tooth 41 (lower right central incisor)',
                    'tooth 42 (lower right lateral incisor)',
                    'tooth 43 (lower right canine)',
                    'tooth 44 (lower right first premolar)',
                    'tooth 45 (lower right second premolar)',
                    'tooth 46 (lower right first molar)',
                    'tooth 47 (lower right second molar)',
                    'tooth 48 (lower right third molar)',
                    'tooth erosion',
                    'tooth malformation',
                    'true combined endo-perio lesion',
                    'tumor',
                )),
            test_mode=True,
            type='WeCocoDataset'),
        pipeline=[
            dict(backend_args=None, type='LoadImageFromFile'),
            dict(scale=(
                640,
                640,
            ), type='WeDetectKeepRatioResize'),
            dict(
                allow_scale_up=False,
                pad_val=dict(img=114),
                scale=(
                    640,
                    640,
                ),
                type='WeDetectLetterResize'),
            dict(_scope_='mmdet', type='LoadAnnotations', with_bbox=True),
            dict(type='LoadText'),
            dict(
                meta_keys=(
                    'img_id',
                    'img_path',
                    'ori_shape',
                    'img_shape',
                    'scale_factor',
                    'pad_param',
                    'texts',
                ),
                type='PackDetInputs'),
        ],
        type='MultiModalDataset'),
    drop_last=False,
    num_workers=2,
    persistent_workers=True,
    pin_memory=True,
    sampler=dict(shuffle=False, type='DefaultSampler'))
test_evaluator = dict(
    ann_file=
    '/home/siyuan/projects/LLMs/OralDetect-Family/OralDetect/datas/instances_oraldetect_reorg_val.json',
    metric='bbox',
    type='CocoMetric')
test_pipeline = [
    dict(backend_args=None, type='LoadImageFromFile'),
    dict(scale=(
        640,
        640,
    ), type='WeDetectKeepRatioResize'),
    dict(
        allow_scale_up=False,
        pad_val=dict(img=114),
        scale=(
            640,
            640,
        ),
        type='WeDetectLetterResize'),
    dict(_scope_='mmdet', type='LoadAnnotations', with_bbox=True),
    dict(type='LoadText'),
    dict(
        meta_keys=(
            'img_id',
            'img_path',
            'ori_shape',
            'img_shape',
            'scale_factor',
            'pad_param',
            'texts',
        ),
        type='PackDetInputs'),
]
text_channels = 768
text_transform = [
    dict(
        max_num_samples=81,
        num_neg_samples=(
            81,
            81,
        ),
        padding_to_max=True,
        padding_value='',
        type='RandomLoadText'),
    dict(
        meta_keys=(
            'img_id',
            'img_path',
            'ori_shape',
            'img_shape',
            'flip',
            'flip_direction',
            'texts',
        ),
        type='mmdet.PackDetInputs'),
]
train_batch_size_per_gpu = 8
train_cfg = dict(
    dynamic_intervals=[
        (
            8,
            1,
        ),
    ],
    max_epochs=4,
    type='EpochBasedTrainLoop',
    val_interval=2)
train_dataloader = dict(
    batch_size=8,
    collate_fn=dict(type='yolow_collate'),
    dataset=dict(
        class_text_path=
        '/home/siyuan/projects/LLMs/OralDetect-Family/OralDetect/datas/class_texts_oraldetect_reorg.json',
        dataset=dict(
            ann_file=
            '/home/siyuan/projects/LLMs/OralDetect-Family/OralDetect/datas/instances_oraldetect_reorg_train.json',
            data_prefix=dict(img='oraldetect_reorg2017/'),
            data_root=
            '/home/siyuan/projects/LLMs/OralDetect-Family/OralDetect/datas/',
            filter_cfg=dict(filter_empty_gt=False, min_size=32),
            metainfo=dict(
                classes=(
                    'abnormal oral epithelial cell',
                    'alveolar bone loss',
                    'anterior teeth with fluorosis',
                    'anterior teeth without fluorosis',
                    'canine',
                    'central incisor',
                    'craniofacial or oral anomaly',
                    'dental abrasion',
                    'dental caries',
                    'dental crown restoration',
                    'dental filling',
                    'dental implant',
                    'dental opacity',
                    'dental restoration',
                    'dental restoration (filling or crown)',
                    'dividing oral cell',
                    'first molar',
                    'first premolar',
                    'foreign object or debris',
                    'hard recognized oral cell',
                    'impacted wisdom tooth',
                    'intraoral appliance',
                    'lateral incisor',
                    'lightly abnormal oral cell',
                    'malignant oral cell',
                    'mandibular canal',
                    'maxillary sinus',
                    'missing or residual root',
                    'missing teeth',
                    'normal',
                    'normal oral cell',
                    'oral blood cell',
                    'orthodontic bracket',
                    'periapical lesion',
                    'periodontal pocket',
                    'primary endodontic lesion',
                    'primary endodontic with secondary periodontal lesion',
                    'primary periodontal lesion',
                    'primary periodontal with secondary endodontic lesion',
                    'reactive oral cell',
                    'root canal treatment',
                    'second molar',
                    'second premolar',
                    'severe gingivitis',
                    'suspicious malignant oral cell',
                    'tooth 11 (upper right central incisor)',
                    'tooth 12 (upper right lateral incisor)',
                    'tooth 13 (upper right canine)',
                    'tooth 14 (upper right first premolar)',
                    'tooth 15 (upper right second premolar)',
                    'tooth 16 (upper right first molar)',
                    'tooth 17 (upper right second molar)',
                    'tooth 18 (upper right third molar)',
                    'tooth 21 (upper left central incisor)',
                    'tooth 22 (upper left lateral incisor)',
                    'tooth 23 (upper left canine)',
                    'tooth 24 (upper left first premolar)',
                    'tooth 25 (upper left second premolar)',
                    'tooth 26 (upper left first molar)',
                    'tooth 27 (upper left second molar)',
                    'tooth 28 (upper left third molar)',
                    'tooth 31 (lower left central incisor)',
                    'tooth 32 (lower left lateral incisor)',
                    'tooth 33 (lower left canine)',
                    'tooth 34 (lower left first premolar)',
                    'tooth 35 (lower left second premolar)',
                    'tooth 36 (lower left first molar)',
                    'tooth 37 (lower left second molar)',
                    'tooth 38 (lower left third molar)',
                    'tooth 41 (lower right central incisor)',
                    'tooth 42 (lower right lateral incisor)',
                    'tooth 43 (lower right canine)',
                    'tooth 44 (lower right first premolar)',
                    'tooth 45 (lower right second premolar)',
                    'tooth 46 (lower right first molar)',
                    'tooth 47 (lower right second molar)',
                    'tooth 48 (lower right third molar)',
                    'tooth erosion',
                    'tooth malformation',
                    'true combined endo-perio lesion',
                    'tumor',
                )),
            type='WeCocoDataset'),
        pipeline=[
            dict(backend_args=None, type='LoadImageFromFile'),
            dict(type='LoadAnnotations', with_bbox=True),
            dict(
                img_scale=(
                    640,
                    640,
                ),
                pad_val=114.0,
                pre_transform=[
                    dict(backend_args=None, type='LoadImageFromFile'),
                    dict(type='LoadAnnotations', with_bbox=True),
                ],
                type='MultiModalMosaic'),
            dict(
                border=(
                    -320,
                    -320,
                ),
                border_val=(
                    114,
                    114,
                    114,
                ),
                max_aspect_ratio=100.0,
                max_rotate_degree=0.0,
                max_shear_degree=0.0,
                scaling_ratio_range=(
                    0.5,
                    1.5,
                ),
                type='WeDetectRandomAffine'),
            dict(
                pre_transform=[
                    dict(backend_args=None, type='LoadImageFromFile'),
                    dict(type='LoadAnnotations', with_bbox=True),
                    dict(
                        img_scale=(
                            640,
                            640,
                        ),
                        pad_val=114.0,
                        pre_transform=[
                            dict(backend_args=None, type='LoadImageFromFile'),
                            dict(type='LoadAnnotations', with_bbox=True),
                        ],
                        type='MultiModalMosaic'),
                    dict(
                        border=(
                            -320,
                            -320,
                        ),
                        border_val=(
                            114,
                            114,
                            114,
                        ),
                        max_aspect_ratio=100.0,
                        max_rotate_degree=0.0,
                        max_shear_degree=0.0,
                        scaling_ratio_range=(
                            0.5,
                            1.5,
                        ),
                        type='WeDetectRandomAffine'),
                ],
                prob=0.15,
                type='YOLOv5MultiModalMixUp'),
            dict(
                bbox_params=dict(
                    format='pascal_voc',
                    label_fields=[
                        'gt_bboxes_labels',
                        'gt_ignore_flags',
                    ],
                    type='BboxParams'),
                keymap=dict(gt_bboxes='bboxes', img='image'),
                transforms=[
                    dict(p=0.01, type='Blur'),
                    dict(p=0.01, type='MedianBlur'),
                    dict(p=0.01, type='ToGray'),
                    dict(p=0.01, type='CLAHE'),
                ],
                type='mmdet.Albu'),
            dict(type='WeDetectHSVRandomAug'),
            dict(prob=0.5, type='mmdet.RandomFlip'),
            dict(
                max_num_samples=81,
                num_neg_samples=(
                    81,
                    81,
                ),
                padding_to_max=True,
                padding_value='',
                type='RandomLoadText'),
            dict(
                meta_keys=(
                    'img_id',
                    'img_path',
                    'ori_shape',
                    'img_shape',
                    'flip',
                    'flip_direction',
                    'texts',
                ),
                type='mmdet.PackDetInputs'),
        ],
        type='MultiModalDataset'),
    num_workers=4,
    persistent_workers=True,
    sampler=dict(shuffle=True, type='DefaultSampler'))
train_dataset = dict(
    class_text_path=
    '/home/siyuan/projects/LLMs/OralDetect-Family/OralDetect/datas/class_texts_oraldetect_reorg.json',
    dataset=dict(
        ann_file=
        '/home/siyuan/projects/LLMs/OralDetect-Family/OralDetect/datas/instances_oraldetect_reorg_train.json',
        data_prefix=dict(img='oraldetect_reorg2017/'),
        data_root=
        '/home/siyuan/projects/LLMs/OralDetect-Family/OralDetect/datas/',
        filter_cfg=dict(filter_empty_gt=False, min_size=32),
        metainfo=dict(
            classes=(
                'abnormal oral epithelial cell',
                'alveolar bone loss',
                'anterior teeth with fluorosis',
                'anterior teeth without fluorosis',
                'canine',
                'central incisor',
                'craniofacial or oral anomaly',
                'dental abrasion',
                'dental caries',
                'dental crown restoration',
                'dental filling',
                'dental implant',
                'dental opacity',
                'dental restoration',
                'dental restoration (filling or crown)',
                'dividing oral cell',
                'first molar',
                'first premolar',
                'foreign object or debris',
                'hard recognized oral cell',
                'impacted wisdom tooth',
                'intraoral appliance',
                'lateral incisor',
                'lightly abnormal oral cell',
                'malignant oral cell',
                'mandibular canal',
                'maxillary sinus',
                'missing or residual root',
                'missing teeth',
                'normal',
                'normal oral cell',
                'oral blood cell',
                'orthodontic bracket',
                'periapical lesion',
                'periodontal pocket',
                'primary endodontic lesion',
                'primary endodontic with secondary periodontal lesion',
                'primary periodontal lesion',
                'primary periodontal with secondary endodontic lesion',
                'reactive oral cell',
                'root canal treatment',
                'second molar',
                'second premolar',
                'severe gingivitis',
                'suspicious malignant oral cell',
                'tooth 11 (upper right central incisor)',
                'tooth 12 (upper right lateral incisor)',
                'tooth 13 (upper right canine)',
                'tooth 14 (upper right first premolar)',
                'tooth 15 (upper right second premolar)',
                'tooth 16 (upper right first molar)',
                'tooth 17 (upper right second molar)',
                'tooth 18 (upper right third molar)',
                'tooth 21 (upper left central incisor)',
                'tooth 22 (upper left lateral incisor)',
                'tooth 23 (upper left canine)',
                'tooth 24 (upper left first premolar)',
                'tooth 25 (upper left second premolar)',
                'tooth 26 (upper left first molar)',
                'tooth 27 (upper left second molar)',
                'tooth 28 (upper left third molar)',
                'tooth 31 (lower left central incisor)',
                'tooth 32 (lower left lateral incisor)',
                'tooth 33 (lower left canine)',
                'tooth 34 (lower left first premolar)',
                'tooth 35 (lower left second premolar)',
                'tooth 36 (lower left first molar)',
                'tooth 37 (lower left second molar)',
                'tooth 38 (lower left third molar)',
                'tooth 41 (lower right central incisor)',
                'tooth 42 (lower right lateral incisor)',
                'tooth 43 (lower right canine)',
                'tooth 44 (lower right first premolar)',
                'tooth 45 (lower right second premolar)',
                'tooth 46 (lower right first molar)',
                'tooth 47 (lower right second molar)',
                'tooth 48 (lower right third molar)',
                'tooth erosion',
                'tooth malformation',
                'true combined endo-perio lesion',
                'tumor',
            )),
        type='WeCocoDataset'),
    pipeline=[
        dict(backend_args=None, type='LoadImageFromFile'),
        dict(type='LoadAnnotations', with_bbox=True),
        dict(
            img_scale=(
                640,
                640,
            ),
            pad_val=114.0,
            pre_transform=[
                dict(backend_args=None, type='LoadImageFromFile'),
                dict(type='LoadAnnotations', with_bbox=True),
            ],
            type='MultiModalMosaic'),
        dict(
            border=(
                -320,
                -320,
            ),
            border_val=(
                114,
                114,
                114,
            ),
            max_aspect_ratio=100.0,
            max_rotate_degree=0.0,
            max_shear_degree=0.0,
            scaling_ratio_range=(
                0.5,
                1.5,
            ),
            type='WeDetectRandomAffine'),
        dict(
            pre_transform=[
                dict(backend_args=None, type='LoadImageFromFile'),
                dict(type='LoadAnnotations', with_bbox=True),
                dict(
                    img_scale=(
                        640,
                        640,
                    ),
                    pad_val=114.0,
                    pre_transform=[
                        dict(backend_args=None, type='LoadImageFromFile'),
                        dict(type='LoadAnnotations', with_bbox=True),
                    ],
                    type='MultiModalMosaic'),
                dict(
                    border=(
                        -320,
                        -320,
                    ),
                    border_val=(
                        114,
                        114,
                        114,
                    ),
                    max_aspect_ratio=100.0,
                    max_rotate_degree=0.0,
                    max_shear_degree=0.0,
                    scaling_ratio_range=(
                        0.5,
                        1.5,
                    ),
                    type='WeDetectRandomAffine'),
            ],
            prob=0.15,
            type='YOLOv5MultiModalMixUp'),
        dict(
            bbox_params=dict(
                format='pascal_voc',
                label_fields=[
                    'gt_bboxes_labels',
                    'gt_ignore_flags',
                ],
                type='BboxParams'),
            keymap=dict(gt_bboxes='bboxes', img='image'),
            transforms=[
                dict(p=0.01, type='Blur'),
                dict(p=0.01, type='MedianBlur'),
                dict(p=0.01, type='ToGray'),
                dict(p=0.01, type='CLAHE'),
            ],
            type='mmdet.Albu'),
        dict(type='WeDetectHSVRandomAug'),
        dict(prob=0.5, type='mmdet.RandomFlip'),
        dict(
            max_num_samples=81,
            num_neg_samples=(
                81,
                81,
            ),
            padding_to_max=True,
            padding_value='',
            type='RandomLoadText'),
        dict(
            meta_keys=(
                'img_id',
                'img_path',
                'ori_shape',
                'img_shape',
                'flip',
                'flip_direction',
                'texts',
            ),
            type='mmdet.PackDetInputs'),
    ],
    type='MultiModalDataset')
train_pipeline = [
    dict(backend_args=None, type='LoadImageFromFile'),
    dict(type='LoadAnnotations', with_bbox=True),
    dict(
        img_scale=(
            640,
            640,
        ),
        pad_val=114.0,
        pre_transform=[
            dict(backend_args=None, type='LoadImageFromFile'),
            dict(type='LoadAnnotations', with_bbox=True),
        ],
        type='MultiModalMosaic'),
    dict(
        border=(
            -320,
            -320,
        ),
        border_val=(
            114,
            114,
            114,
        ),
        max_aspect_ratio=100.0,
        max_rotate_degree=0.0,
        max_shear_degree=0.0,
        scaling_ratio_range=(
            0.5,
            1.5,
        ),
        type='WeDetectRandomAffine'),
    dict(
        pre_transform=[
            dict(backend_args=None, type='LoadImageFromFile'),
            dict(type='LoadAnnotations', with_bbox=True),
            dict(
                img_scale=(
                    640,
                    640,
                ),
                pad_val=114.0,
                pre_transform=[
                    dict(backend_args=None, type='LoadImageFromFile'),
                    dict(type='LoadAnnotations', with_bbox=True),
                ],
                type='MultiModalMosaic'),
            dict(
                border=(
                    -320,
                    -320,
                ),
                border_val=(
                    114,
                    114,
                    114,
                ),
                max_aspect_ratio=100.0,
                max_rotate_degree=0.0,
                max_shear_degree=0.0,
                scaling_ratio_range=(
                    0.5,
                    1.5,
                ),
                type='WeDetectRandomAffine'),
        ],
        prob=0.15,
        type='YOLOv5MultiModalMixUp'),
    dict(
        bbox_params=dict(
            format='pascal_voc',
            label_fields=[
                'gt_bboxes_labels',
                'gt_ignore_flags',
            ],
            type='BboxParams'),
        keymap=dict(gt_bboxes='bboxes', img='image'),
        transforms=[
            dict(p=0.01, type='Blur'),
            dict(p=0.01, type='MedianBlur'),
            dict(p=0.01, type='ToGray'),
            dict(p=0.01, type='CLAHE'),
        ],
        type='mmdet.Albu'),
    dict(type='WeDetectHSVRandomAug'),
    dict(prob=0.5, type='mmdet.RandomFlip'),
    dict(
        max_num_samples=81,
        num_neg_samples=(
            81,
            81,
        ),
        padding_to_max=True,
        padding_value='',
        type='RandomLoadText'),
    dict(
        meta_keys=(
            'img_id',
            'img_path',
            'ori_shape',
            'img_shape',
            'flip',
            'flip_direction',
            'texts',
        ),
        type='mmdet.PackDetInputs'),
]
train_pipeline_stage2 = [
    dict(backend_args=None, type='LoadImageFromFile'),
    dict(type='LoadAnnotations', with_bbox=True),
    dict(scale=(
        640,
        640,
    ), type='WeDetectKeepRatioResize'),
    dict(
        allow_scale_up=True,
        pad_val=dict(img=114.0),
        scale=(
            640,
            640,
        ),
        type='WeDetectLetterResize'),
    dict(
        border_val=(
            114,
            114,
            114,
        ),
        max_aspect_ratio=100,
        max_rotate_degree=0.0,
        max_shear_degree=0.0,
        scaling_ratio_range=(
            0.5,
            1.5,
        ),
        type='WeDetectRandomAffine'),
    dict(
        bbox_params=dict(
            format='pascal_voc',
            label_fields=[
                'gt_bboxes_labels',
                'gt_ignore_flags',
            ],
            type='BboxParams'),
        keymap=dict(gt_bboxes='bboxes', img='image'),
        transforms=[
            dict(p=0.01, type='Blur'),
            dict(p=0.01, type='MedianBlur'),
            dict(p=0.01, type='ToGray'),
            dict(p=0.01, type='CLAHE'),
        ],
        type='mmdet.Albu'),
    dict(type='WeDetectHSVRandomAug'),
    dict(prob=0.5, type='mmdet.RandomFlip'),
    dict(
        max_num_samples=81,
        num_neg_samples=(
            81,
            81,
        ),
        padding_to_max=True,
        padding_value='',
        type='RandomLoadText'),
    dict(
        meta_keys=(
            'img_id',
            'img_path',
            'ori_shape',
            'img_shape',
            'flip',
            'flip_direction',
            'texts',
        ),
        type='mmdet.PackDetInputs'),
]
val_cfg = dict(type='ValLoop')
val_dataloader = dict(
    batch_size=1,
    dataset=dict(
        class_text_path=
        '/home/siyuan/projects/LLMs/OralDetect-Family/OralDetect/datas/class_texts_oraldetect_reorg.json',
        dataset=dict(
            ann_file=
            '/home/siyuan/projects/LLMs/OralDetect-Family/OralDetect/datas/instances_oraldetect_reorg_val.json',
            batch_shapes_cfg=None,
            data_prefix=dict(img='oraldetect_reorg2017/'),
            data_root=
            '/home/siyuan/projects/LLMs/OralDetect-Family/OralDetect/datas/',
            metainfo=dict(
                classes=(
                    'abnormal oral epithelial cell',
                    'alveolar bone loss',
                    'anterior teeth with fluorosis',
                    'anterior teeth without fluorosis',
                    'canine',
                    'central incisor',
                    'craniofacial or oral anomaly',
                    'dental abrasion',
                    'dental caries',
                    'dental crown restoration',
                    'dental filling',
                    'dental implant',
                    'dental opacity',
                    'dental restoration',
                    'dental restoration (filling or crown)',
                    'dividing oral cell',
                    'first molar',
                    'first premolar',
                    'foreign object or debris',
                    'hard recognized oral cell',
                    'impacted wisdom tooth',
                    'intraoral appliance',
                    'lateral incisor',
                    'lightly abnormal oral cell',
                    'malignant oral cell',
                    'mandibular canal',
                    'maxillary sinus',
                    'missing or residual root',
                    'missing teeth',
                    'normal',
                    'normal oral cell',
                    'oral blood cell',
                    'orthodontic bracket',
                    'periapical lesion',
                    'periodontal pocket',
                    'primary endodontic lesion',
                    'primary endodontic with secondary periodontal lesion',
                    'primary periodontal lesion',
                    'primary periodontal with secondary endodontic lesion',
                    'reactive oral cell',
                    'root canal treatment',
                    'second molar',
                    'second premolar',
                    'severe gingivitis',
                    'suspicious malignant oral cell',
                    'tooth 11 (upper right central incisor)',
                    'tooth 12 (upper right lateral incisor)',
                    'tooth 13 (upper right canine)',
                    'tooth 14 (upper right first premolar)',
                    'tooth 15 (upper right second premolar)',
                    'tooth 16 (upper right first molar)',
                    'tooth 17 (upper right second molar)',
                    'tooth 18 (upper right third molar)',
                    'tooth 21 (upper left central incisor)',
                    'tooth 22 (upper left lateral incisor)',
                    'tooth 23 (upper left canine)',
                    'tooth 24 (upper left first premolar)',
                    'tooth 25 (upper left second premolar)',
                    'tooth 26 (upper left first molar)',
                    'tooth 27 (upper left second molar)',
                    'tooth 28 (upper left third molar)',
                    'tooth 31 (lower left central incisor)',
                    'tooth 32 (lower left lateral incisor)',
                    'tooth 33 (lower left canine)',
                    'tooth 34 (lower left first premolar)',
                    'tooth 35 (lower left second premolar)',
                    'tooth 36 (lower left first molar)',
                    'tooth 37 (lower left second molar)',
                    'tooth 38 (lower left third molar)',
                    'tooth 41 (lower right central incisor)',
                    'tooth 42 (lower right lateral incisor)',
                    'tooth 43 (lower right canine)',
                    'tooth 44 (lower right first premolar)',
                    'tooth 45 (lower right second premolar)',
                    'tooth 46 (lower right first molar)',
                    'tooth 47 (lower right second molar)',
                    'tooth 48 (lower right third molar)',
                    'tooth erosion',
                    'tooth malformation',
                    'true combined endo-perio lesion',
                    'tumor',
                )),
            test_mode=True,
            type='WeCocoDataset'),
        pipeline=[
            dict(backend_args=None, type='LoadImageFromFile'),
            dict(scale=(
                640,
                640,
            ), type='WeDetectKeepRatioResize'),
            dict(
                allow_scale_up=False,
                pad_val=dict(img=114),
                scale=(
                    640,
                    640,
                ),
                type='WeDetectLetterResize'),
            dict(_scope_='mmdet', type='LoadAnnotations', with_bbox=True),
            dict(type='LoadText'),
            dict(
                meta_keys=(
                    'img_id',
                    'img_path',
                    'ori_shape',
                    'img_shape',
                    'scale_factor',
                    'pad_param',
                    'texts',
                ),
                type='PackDetInputs'),
        ],
        type='MultiModalDataset'),
    drop_last=False,
    num_workers=2,
    persistent_workers=True,
    pin_memory=True,
    sampler=dict(shuffle=False, type='DefaultSampler'))
val_dataset = dict(
    class_text_path=
    '/home/siyuan/projects/LLMs/OralDetect-Family/OralDetect/datas/class_texts_oraldetect_reorg.json',
    dataset=dict(
        ann_file=
        '/home/siyuan/projects/LLMs/OralDetect-Family/OralDetect/datas/instances_oraldetect_reorg_val.json',
        batch_shapes_cfg=None,
        data_prefix=dict(img='oraldetect_reorg2017/'),
        data_root=
        '/home/siyuan/projects/LLMs/OralDetect-Family/OralDetect/datas/',
        metainfo=dict(
            classes=(
                'abnormal oral epithelial cell',
                'alveolar bone loss',
                'anterior teeth with fluorosis',
                'anterior teeth without fluorosis',
                'canine',
                'central incisor',
                'craniofacial or oral anomaly',
                'dental abrasion',
                'dental caries',
                'dental crown restoration',
                'dental filling',
                'dental implant',
                'dental opacity',
                'dental restoration',
                'dental restoration (filling or crown)',
                'dividing oral cell',
                'first molar',
                'first premolar',
                'foreign object or debris',
                'hard recognized oral cell',
                'impacted wisdom tooth',
                'intraoral appliance',
                'lateral incisor',
                'lightly abnormal oral cell',
                'malignant oral cell',
                'mandibular canal',
                'maxillary sinus',
                'missing or residual root',
                'missing teeth',
                'normal',
                'normal oral cell',
                'oral blood cell',
                'orthodontic bracket',
                'periapical lesion',
                'periodontal pocket',
                'primary endodontic lesion',
                'primary endodontic with secondary periodontal lesion',
                'primary periodontal lesion',
                'primary periodontal with secondary endodontic lesion',
                'reactive oral cell',
                'root canal treatment',
                'second molar',
                'second premolar',
                'severe gingivitis',
                'suspicious malignant oral cell',
                'tooth 11 (upper right central incisor)',
                'tooth 12 (upper right lateral incisor)',
                'tooth 13 (upper right canine)',
                'tooth 14 (upper right first premolar)',
                'tooth 15 (upper right second premolar)',
                'tooth 16 (upper right first molar)',
                'tooth 17 (upper right second molar)',
                'tooth 18 (upper right third molar)',
                'tooth 21 (upper left central incisor)',
                'tooth 22 (upper left lateral incisor)',
                'tooth 23 (upper left canine)',
                'tooth 24 (upper left first premolar)',
                'tooth 25 (upper left second premolar)',
                'tooth 26 (upper left first molar)',
                'tooth 27 (upper left second molar)',
                'tooth 28 (upper left third molar)',
                'tooth 31 (lower left central incisor)',
                'tooth 32 (lower left lateral incisor)',
                'tooth 33 (lower left canine)',
                'tooth 34 (lower left first premolar)',
                'tooth 35 (lower left second premolar)',
                'tooth 36 (lower left first molar)',
                'tooth 37 (lower left second molar)',
                'tooth 38 (lower left third molar)',
                'tooth 41 (lower right central incisor)',
                'tooth 42 (lower right lateral incisor)',
                'tooth 43 (lower right canine)',
                'tooth 44 (lower right first premolar)',
                'tooth 45 (lower right second premolar)',
                'tooth 46 (lower right first molar)',
                'tooth 47 (lower right second molar)',
                'tooth 48 (lower right third molar)',
                'tooth erosion',
                'tooth malformation',
                'true combined endo-perio lesion',
                'tumor',
            )),
        test_mode=True,
        type='WeCocoDataset'),
    pipeline=[
        dict(backend_args=None, type='LoadImageFromFile'),
        dict(scale=(
            640,
            640,
        ), type='WeDetectKeepRatioResize'),
        dict(
            allow_scale_up=False,
            pad_val=dict(img=114),
            scale=(
                640,
                640,
            ),
            type='WeDetectLetterResize'),
        dict(_scope_='mmdet', type='LoadAnnotations', with_bbox=True),
        dict(type='LoadText'),
        dict(
            meta_keys=(
                'img_id',
                'img_path',
                'ori_shape',
                'img_shape',
                'scale_factor',
                'pad_param',
                'texts',
            ),
            type='PackDetInputs'),
    ],
    type='MultiModalDataset')
val_evaluator = dict(
    ann_file=
    '/home/siyuan/projects/LLMs/OralDetect-Family/OralDetect/datas/instances_oraldetect_reorg_val.json',
    metric='bbox',
    type='CocoMetric')
vis_backends = [
    dict(type='LocalVisBackend'),
]
visualizer = dict(
    name='visualizer',
    type='mmdet.DetLocalVisualizer',
    vis_backends=[
        dict(type='LocalVisBackend'),
    ])
weight_decay = 0.05
work_dir = 'work_dirs/reorg_v11dt_s2'

Some weights of BertModel were not initialized from the model checkpoint at /home/siyuan/projects/LLMs/OralDetect-Family/OralCLIP/Bert_tuning/checkpoints/BiomedNLP-BiomedBERT-base-uncased-abstract-fulltext_dental_mlm/final and are newly initialized: ['pooler.dense.bias', 'pooler.dense.weight']
You should probably TRAIN this model on a down-stream task to be able to use it for predictions and inference.
Some weights of BertModel were not initialized from the model checkpoint at /home/siyuan/projects/LLMs/OralDetect-Family/OralCLIP/Bert_tuning/checkpoints/BiomedNLP-BiomedBERT-base-uncased-abstract-fulltext_dental_mlm/final and are newly initialized: ['pooler.dense.bias', 'pooler.dense.weight']
You should probably TRAIN this model on a down-stream task to be able to use it for predictions and inference.
Some weights of BertModel were not initialized from the model checkpoint at /home/siyuan/projects/LLMs/OralDetect-Family/OralCLIP/Bert_tuning/checkpoints/BiomedNLP-BiomedBERT-base-uncased-abstract-fulltext_dental_mlm/final and are newly initialized: ['pooler.dense.bias', 'pooler.dense.weight']
You should probably TRAIN this model on a down-stream task to be able to use it for predictions and inference.
Some weights of BertModel were not initialized from the model checkpoint at /home/siyuan/projects/LLMs/OralDetect-Family/OralCLIP/Bert_tuning/checkpoints/BiomedNLP-BiomedBERT-base-uncased-abstract-fulltext_dental_mlm/final and are newly initialized: ['pooler.dense.bias', 'pooler.dense.weight']
You should probably TRAIN this model on a down-stream task to be able to use it for predictions and inference.
07/08 02:42:09 - mmengine - INFO - Using SyncBatchNorm()
07/08 02:42:09 - mmengine - INFO - Hooks will be executed in the following order:
before_run:
(VERY_HIGH   ) RuntimeInfoHook                    
(BELOW_NORMAL) LoggerHook                         
 -------------------- 
before_train:
(VERY_HIGH   ) RuntimeInfoHook                    
(NORMAL      ) IterTimerHook                      
(VERY_LOW    ) CheckpointHook                     
 -------------------- 
before_train_epoch:
(VERY_HIGH   ) RuntimeInfoHook                    
(NORMAL      ) IterTimerHook                      
(NORMAL      ) DistSamplerSeedHook                
 -------------------- 
before_train_iter:
(VERY_HIGH   ) RuntimeInfoHook                    
(NORMAL      ) IterTimerHook                      
 -------------------- 
after_train_iter:
(VERY_HIGH   ) RuntimeInfoHook                    
(NORMAL      ) IterTimerHook                      
(BELOW_NORMAL) LoggerHook                         
(LOW         ) ParamSchedulerHook                 
(VERY_LOW    ) CheckpointHook                     
 -------------------- 
after_train_epoch:
(NORMAL      ) IterTimerHook                      
(LOW         ) ParamSchedulerHook                 
(VERY_LOW    ) CheckpointHook                     
 -------------------- 
before_val:
(VERY_HIGH   ) RuntimeInfoHook                    
 -------------------- 
before_val_epoch:
(NORMAL      ) IterTimerHook                      
 -------------------- 
before_val_iter:
(NORMAL      ) IterTimerHook                      
 -------------------- 
after_val_iter:
(NORMAL      ) IterTimerHook                      
(NORMAL      ) DetVisualizationHook               
(BELOW_NORMAL) LoggerHook                         
 -------------------- 
after_val_epoch:
(VERY_HIGH   ) RuntimeInfoHook                    
(NORMAL      ) IterTimerHook                      
(BELOW_NORMAL) LoggerHook                         
(LOW         ) ParamSchedulerHook                 
(VERY_LOW    ) CheckpointHook                     
 -------------------- 
after_val:
(VERY_HIGH   ) RuntimeInfoHook                    
 -------------------- 
after_train:
(VERY_HIGH   ) RuntimeInfoHook                    
(VERY_LOW    ) CheckpointHook                     
 -------------------- 
before_test:
(VERY_HIGH   ) RuntimeInfoHook                    
 -------------------- 
before_test_epoch:
(NORMAL      ) IterTimerHook                      
 -------------------- 
before_test_iter:
(NORMAL      ) IterTimerHook                      
 -------------------- 
after_test_iter:
(NORMAL      ) IterTimerHook                      
(NORMAL      ) DetVisualizationHook               
(BELOW_NORMAL) LoggerHook                         
 -------------------- 
after_test_epoch:
(VERY_HIGH   ) RuntimeInfoHook                    
(NORMAL      ) IterTimerHook                      
(BELOW_NORMAL) LoggerHook                         
 -------------------- 
after_test:
(VERY_HIGH   ) RuntimeInfoHook                    
 -------------------- 
after_run:
(BELOW_NORMAL) LoggerHook                         
 -------------------- 
loading annotations into memory...
loading annotations into memory...
loading annotations into memory...
Done (t=0.85s)
creating index...
Done (t=0.85s)
creating index...
Done (t=0.87s)
creating index...
index created!
index created!
index created!
loading annotations into memory...
Done (t=1.06s)
creating index...
index created!
/home/siyuan/anaconda3/envs/wedetect_official/lib/python3.10/site-packages/albumentations/core/composition.py:331: UserWarning: Got processor for bboxes, but no transform to process it.
  self._set_keys()
/home/siyuan/anaconda3/envs/wedetect_official/lib/python3.10/site-packages/albumentations/core/composition.py:331: UserWarning: Got processor for bboxes, but no transform to process it.
  self._set_keys()
/home/siyuan/anaconda3/envs/wedetect_official/lib/python3.10/site-packages/albumentations/core/composition.py:331: UserWarning: Got processor for bboxes, but no transform to process it.
  self._set_keys()
loading annotations into memory...
loading annotations into memory...
loading annotations into memory...
Done (t=0.04s)
creating index...
index created!
Done (t=0.04s)
creating index...
Done (t=0.04s)
creating index...
index created!
index created!
loading annotations into memory...
loading annotations into memory...
loading annotations into memory...
Done (t=0.04s)
creating index...
index created!
Done (t=0.04s)
creating index...
Done (t=0.04s)
creating index...
index created!
index created!
/home/siyuan/anaconda3/envs/wedetect_official/lib/python3.10/site-packages/albumentations/core/composition.py:331: UserWarning: Got processor for bboxes, but no transform to process it.
  self._set_keys()
07/08 02:42:13 - mmengine - INFO - paramwise_options -- neck.reduce_layer0.block.conv.weight:num of params=262144
07/08 02:42:13 - mmengine - INFO - paramwise_options -- neck.reduce_layer0.block.bn.weight:num of params=256
07/08 02:42:13 - mmengine - INFO - paramwise_options -- neck.reduce_layer0.block.bn.bias:num of params=256
07/08 02:42:13 - mmengine - INFO - paramwise_options -- neck.Bifusion0.cv1.block.conv.weight:num of params=131072
07/08 02:42:13 - mmengine - INFO - paramwise_options -- neck.Bifusion0.cv1.block.bn.weight:num of params=256
07/08 02:42:13 - mmengine - INFO - paramwise_options -- neck.Bifusion0.cv1.block.bn.bias:num of params=256
07/08 02:42:13 - mmengine - INFO - paramwise_options -- neck.Bifusion0.cv2.block.conv.weight:num of params=65536
07/08 02:42:13 - mmengine - INFO - paramwise_options -- neck.Bifusion0.cv2.block.bn.weight:num of params=256
07/08 02:42:13 - mmengine - INFO - paramwise_options -- neck.Bifusion0.cv2.block.bn.bias:num of params=256
07/08 02:42:13 - mmengine - INFO - paramwise_options -- neck.Bifusion0.cv3.block.conv.weight:num of params=196608
07/08 02:42:13 - mmengine - INFO - paramwise_options -- neck.Bifusion0.cv3.block.bn.weight:num of params=256
07/08 02:42:13 - mmengine - INFO - paramwise_options -- neck.Bifusion0.cv3.block.bn.bias:num of params=256
07/08 02:42:13 - mmengine - INFO - paramwise_options -- neck.Bifusion0.upsample.upsample_transpose.weight:num of params=262144
07/08 02:42:13 - mmengine - INFO - paramwise_options -- neck.Bifusion0.upsample.upsample_transpose.bias:num of params=256
07/08 02:42:13 - mmengine - INFO - paramwise_options -- neck.Bifusion0.downsample.block.conv.weight:num of params=589824
07/08 02:42:13 - mmengine - INFO - paramwise_options -- neck.Bifusion0.downsample.block.bn.weight:num of params=256
07/08 02:42:13 - mmengine - INFO - paramwise_options -- neck.Bifusion0.downsample.block.bn.bias:num of params=256
07/08 02:42:13 - mmengine - INFO - paramwise_options -- neck.Rep_p4.cv1.block.conv.weight:num of params=32768
07/08 02:42:13 - mmengine - INFO - paramwise_options -- neck.Rep_p4.cv1.block.bn.weight:num of params=128
07/08 02:42:13 - mmengine - INFO - paramwise_options -- neck.Rep_p4.cv1.block.bn.bias:num of params=128
07/08 02:42:13 - mmengine - INFO - paramwise_options -- neck.Rep_p4.cv2.block.conv.weight:num of params=32768
07/08 02:42:13 - mmengine - INFO - paramwise_options -- neck.Rep_p4.cv2.block.bn.weight:num of params=128
07/08 02:42:13 - mmengine - INFO - paramwise_options -- neck.Rep_p4.cv2.block.bn.bias:num of params=128
07/08 02:42:13 - mmengine - INFO - paramwise_options -- neck.Rep_p4.cv3.block.conv.weight:num of params=65536
07/08 02:42:13 - mmengine - INFO - paramwise_options -- neck.Rep_p4.cv3.block.bn.weight:num of params=256
07/08 02:42:13 - mmengine - INFO - paramwise_options -- neck.Rep_p4.cv3.block.bn.bias:num of params=256
07/08 02:42:13 - mmengine - INFO - paramwise_options -- neck.Rep_p4.m.conv1.alpha:num of params=1
07/08 02:42:13 - mmengine - INFO - paramwise_options -- neck.Rep_p4.m.conv1.conv1.block.conv.weight:num of params=147456
07/08 02:42:13 - mmengine - INFO - paramwise_options -- neck.Rep_p4.m.conv1.conv1.block.bn.weight:num of params=128
07/08 02:42:13 - mmengine - INFO - paramwise_options -- neck.Rep_p4.m.conv1.conv1.block.bn.bias:num of params=128
07/08 02:42:13 - mmengine - INFO - paramwise_options -- neck.Rep_p4.m.conv1.conv2.block.conv.weight:num of params=147456
07/08 02:42:13 - mmengine - INFO - paramwise_options -- neck.Rep_p4.m.conv1.conv2.block.bn.weight:num of params=128
07/08 02:42:13 - mmengine - INFO - paramwise_options -- neck.Rep_p4.m.conv1.conv2.block.bn.bias:num of params=128
07/08 02:42:13 - mmengine - INFO - paramwise_options -- neck.Rep_p4.m.block.0.alpha:num of params=1
07/08 02:42:13 - mmengine - INFO - paramwise_options -- neck.Rep_p4.m.block.0.conv1.block.conv.weight:num of params=147456
07/08 02:42:13 - mmengine - INFO - paramwise_options -- neck.Rep_p4.m.block.0.conv1.block.bn.weight:num of params=128
07/08 02:42:13 - mmengine - INFO - paramwise_options -- neck.Rep_p4.m.block.0.conv1.block.bn.bias:num of params=128
07/08 02:42:13 - mmengine - INFO - paramwise_options -- neck.Rep_p4.m.block.0.conv2.block.conv.weight:num of params=147456
07/08 02:42:13 - mmengine - INFO - paramwise_options -- neck.Rep_p4.m.block.0.conv2.block.bn.weight:num of params=128
07/08 02:42:13 - mmengine - INFO - paramwise_options -- neck.Rep_p4.m.block.0.conv2.block.bn.bias:num of params=128
07/08 02:42:13 - mmengine - INFO - paramwise_options -- neck.Rep_p4.m.block.1.alpha:num of params=1
07/08 02:42:13 - mmengine - INFO - paramwise_options -- neck.Rep_p4.m.block.1.conv1.block.conv.weight:num of params=147456
07/08 02:42:13 - mmengine - INFO - paramwise_options -- neck.Rep_p4.m.block.1.conv1.block.bn.weight:num of params=128
07/08 02:42:13 - mmengine - INFO - paramwise_options -- neck.Rep_p4.m.block.1.conv1.block.bn.bias:num of params=128
07/08 02:42:13 - mmengine - INFO - paramwise_options -- neck.Rep_p4.m.block.1.conv2.block.conv.weight:num of params=147456
07/08 02:42:13 - mmengine - INFO - paramwise_options -- neck.Rep_p4.m.block.1.conv2.block.bn.weight:num of params=128
07/08 02:42:13 - mmengine - INFO - paramwise_options -- neck.Rep_p4.m.block.1.conv2.block.bn.bias:num of params=128
07/08 02:42:13 - mmengine - INFO - paramwise_options -- neck.Rep_p4.m.block.2.alpha:num of params=1
07/08 02:42:13 - mmengine - INFO - paramwise_options -- neck.Rep_p4.m.block.2.conv1.block.conv.weight:num of params=147456
07/08 02:42:13 - mmengine - INFO - paramwise_options -- neck.Rep_p4.m.block.2.conv1.block.bn.weight:num of params=128
07/08 02:42:13 - mmengine - INFO - paramwise_options -- neck.Rep_p4.m.block.2.conv1.block.bn.bias:num of params=128
07/08 02:42:13 - mmengine - INFO - paramwise_options -- neck.Rep_p4.m.block.2.conv2.block.conv.weight:num of params=147456
07/08 02:42:13 - mmengine - INFO - paramwise_options -- neck.Rep_p4.m.block.2.conv2.block.bn.weight:num of params=128
07/08 02:42:13 - mmengine - INFO - paramwise_options -- neck.Rep_p4.m.block.2.conv2.block.bn.bias:num of params=128
07/08 02:42:13 - mmengine - INFO - paramwise_options -- neck.Rep_p4.m.block.3.alpha:num of params=1
07/08 02:42:13 - mmengine - INFO - paramwise_options -- neck.Rep_p4.m.block.3.conv1.block.conv.weight:num of params=147456
07/08 02:42:13 - mmengine - INFO - paramwise_options -- neck.Rep_p4.m.block.3.conv1.block.bn.weight:num of params=128
07/08 02:42:13 - mmengine - INFO - paramwise_options -- neck.Rep_p4.m.block.3.conv1.block.bn.bias:num of params=128
07/08 02:42:13 - mmengine - INFO - paramwise_options -- neck.Rep_p4.m.block.3.conv2.block.conv.weight:num of params=147456
07/08 02:42:13 - mmengine - INFO - paramwise_options -- neck.Rep_p4.m.block.3.conv2.block.bn.weight:num of params=128
07/08 02:42:13 - mmengine - INFO - paramwise_options -- neck.Rep_p4.m.block.3.conv2.block.bn.bias:num of params=128
07/08 02:42:13 - mmengine - INFO - paramwise_options -- neck.Rep_p4.m.block.4.alpha:num of params=1
07/08 02:42:13 - mmengine - INFO - paramwise_options -- neck.Rep_p4.m.block.4.conv1.block.conv.weight:num of params=147456
07/08 02:42:13 - mmengine - INFO - paramwise_options -- neck.Rep_p4.m.block.4.conv1.block.bn.weight:num of params=128
07/08 02:42:13 - mmengine - INFO - paramwise_options -- neck.Rep_p4.m.block.4.conv1.block.bn.bias:num of params=128
07/08 02:42:13 - mmengine - INFO - paramwise_options -- neck.Rep_p4.m.block.4.conv2.block.conv.weight:num of params=147456
07/08 02:42:13 - mmengine - INFO - paramwise_options -- neck.Rep_p4.m.block.4.conv2.block.bn.weight:num of params=128
07/08 02:42:13 - mmengine - INFO - paramwise_options -- neck.Rep_p4.m.block.4.conv2.block.bn.bias:num of params=128
07/08 02:42:13 - mmengine - INFO - paramwise_options -- neck.reduce_layer1.block.conv.weight:num of params=32768
07/08 02:42:13 - mmengine - INFO - paramwise_options -- neck.reduce_layer1.block.bn.weight:num of params=128
07/08 02:42:13 - mmengine - INFO - paramwise_options -- neck.reduce_layer1.block.bn.bias:num of params=128
07/08 02:42:13 - mmengine - INFO - paramwise_options -- neck.Bifusion1.cv1.block.conv.weight:num of params=32768
07/08 02:42:13 - mmengine - INFO - paramwise_options -- neck.Bifusion1.cv1.block.bn.weight:num of params=128
07/08 02:42:13 - mmengine - INFO - paramwise_options -- neck.Bifusion1.cv1.block.bn.bias:num of params=128
07/08 02:42:13 - mmengine - INFO - paramwise_options -- neck.Bifusion1.cv2.block.conv.weight:num of params=16384
07/08 02:42:13 - mmengine - INFO - paramwise_options -- neck.Bifusion1.cv2.block.bn.weight:num of params=128
07/08 02:42:13 - mmengine - INFO - paramwise_options -- neck.Bifusion1.cv2.block.bn.bias:num of params=128
07/08 02:42:13 - mmengine - INFO - paramwise_options -- neck.Bifusion1.cv3.block.conv.weight:num of params=49152
07/08 02:42:13 - mmengine - INFO - paramwise_options -- neck.Bifusion1.cv3.block.bn.weight:num of params=128
07/08 02:42:13 - mmengine - INFO - paramwise_options -- neck.Bifusion1.cv3.block.bn.bias:num of params=128
07/08 02:42:13 - mmengine - INFO - paramwise_options -- neck.Bifusion1.upsample.upsample_transpose.weight:num of params=65536
07/08 02:42:13 - mmengine - INFO - paramwise_options -- neck.Bifusion1.upsample.upsample_transpose.bias:num of params=128
07/08 02:42:13 - mmengine - INFO - paramwise_options -- neck.Bifusion1.downsample.block.conv.weight:num of params=147456
07/08 02:42:13 - mmengine - INFO - paramwise_options -- neck.Bifusion1.downsample.block.bn.weight:num of params=128
07/08 02:42:13 - mmengine - INFO - paramwise_options -- neck.Bifusion1.downsample.block.bn.bias:num of params=128
07/08 02:42:13 - mmengine - INFO - paramwise_options -- neck.Rep_p3.cv1.block.conv.weight:num of params=8192
07/08 02:42:13 - mmengine - INFO - paramwise_options -- neck.Rep_p3.cv1.block.bn.weight:num of params=64
07/08 02:42:13 - mmengine - INFO - paramwise_options -- neck.Rep_p3.cv1.block.bn.bias:num of params=64
07/08 02:42:13 - mmengine - INFO - paramwise_options -- neck.Rep_p3.cv2.block.conv.weight:num of params=8192
07/08 02:42:13 - mmengine - INFO - paramwise_options -- neck.Rep_p3.cv2.block.bn.weight:num of params=64
07/08 02:42:13 - mmengine - INFO - paramwise_options -- neck.Rep_p3.cv2.block.bn.bias:num of params=64
07/08 02:42:13 - mmengine - INFO - paramwise_options -- neck.Rep_p3.cv3.block.conv.weight:num of params=16384
07/08 02:42:13 - mmengine - INFO - paramwise_options -- neck.Rep_p3.cv3.block.bn.weight:num of params=128
07/08 02:42:13 - mmengine - INFO - paramwise_options -- neck.Rep_p3.cv3.block.bn.bias:num of params=128
07/08 02:42:13 - mmengine - INFO - paramwise_options -- neck.Rep_p3.m.conv1.alpha:num of params=1
07/08 02:42:13 - mmengine - INFO - paramwise_options -- neck.Rep_p3.m.conv1.conv1.block.conv.weight:num of params=36864
07/08 02:42:13 - mmengine - INFO - paramwise_options -- neck.Rep_p3.m.conv1.conv1.block.bn.weight:num of params=64
07/08 02:42:13 - mmengine - INFO - paramwise_options -- neck.Rep_p3.m.conv1.conv1.block.bn.bias:num of params=64
07/08 02:42:13 - mmengine - INFO - paramwise_options -- neck.Rep_p3.m.conv1.conv2.block.conv.weight:num of params=36864
07/08 02:42:13 - mmengine - INFO - paramwise_options -- neck.Rep_p3.m.conv1.conv2.block.bn.weight:num of params=64
07/08 02:42:13 - mmengine - INFO - paramwise_options -- neck.Rep_p3.m.conv1.conv2.block.bn.bias:num of params=64
07/08 02:42:13 - mmengine - INFO - paramwise_options -- neck.Rep_p3.m.block.0.alpha:num of params=1
07/08 02:42:13 - mmengine - INFO - paramwise_options -- neck.Rep_p3.m.block.0.conv1.block.conv.weight:num of params=36864
07/08 02:42:13 - mmengine - INFO - paramwise_options -- neck.Rep_p3.m.block.0.conv1.block.bn.weight:num of params=64
07/08 02:42:13 - mmengine - INFO - paramwise_options -- neck.Rep_p3.m.block.0.conv1.block.bn.bias:num of params=64
07/08 02:42:13 - mmengine - INFO - paramwise_options -- neck.Rep_p3.m.block.0.conv2.block.conv.weight:num of params=36864
07/08 02:42:13 - mmengine - INFO - paramwise_options -- neck.Rep_p3.m.block.0.conv2.block.bn.weight:num of params=64
07/08 02:42:13 - mmengine - INFO - paramwise_options -- neck.Rep_p3.m.block.0.conv2.block.bn.bias:num of params=64
07/08 02:42:13 - mmengine - INFO - paramwise_options -- neck.Rep_p3.m.block.1.alpha:num of params=1
07/08 02:42:13 - mmengine - INFO - paramwise_options -- neck.Rep_p3.m.block.1.conv1.block.conv.weight:num of params=36864
07/08 02:42:13 - mmengine - INFO - paramwise_options -- neck.Rep_p3.m.block.1.conv1.block.bn.weight:num of params=64
07/08 02:42:13 - mmengine - INFO - paramwise_options -- neck.Rep_p3.m.block.1.conv1.block.bn.bias:num of params=64
07/08 02:42:13 - mmengine - INFO - paramwise_options -- neck.Rep_p3.m.block.1.conv2.block.conv.weight:num of params=36864
07/08 02:42:13 - mmengine - INFO - paramwise_options -- neck.Rep_p3.m.block.1.conv2.block.bn.weight:num of params=64
07/08 02:42:13 - mmengine - INFO - paramwise_options -- neck.Rep_p3.m.block.1.conv2.block.bn.bias:num of params=64
07/08 02:42:13 - mmengine - INFO - paramwise_options -- neck.Rep_p3.m.block.2.alpha:num of params=1
07/08 02:42:13 - mmengine - INFO - paramwise_options -- neck.Rep_p3.m.block.2.conv1.block.conv.weight:num of params=36864
07/08 02:42:13 - mmengine - INFO - paramwise_options -- neck.Rep_p3.m.block.2.conv1.block.bn.weight:num of params=64
07/08 02:42:13 - mmengine - INFO - paramwise_options -- neck.Rep_p3.m.block.2.conv1.block.bn.bias:num of params=64
07/08 02:42:13 - mmengine - INFO - paramwise_options -- neck.Rep_p3.m.block.2.conv2.block.conv.weight:num of params=36864
07/08 02:42:13 - mmengine - INFO - paramwise_options -- neck.Rep_p3.m.block.2.conv2.block.bn.weight:num of params=64
07/08 02:42:13 - mmengine - INFO - paramwise_options -- neck.Rep_p3.m.block.2.conv2.block.bn.bias:num of params=64
07/08 02:42:13 - mmengine - INFO - paramwise_options -- neck.Rep_p3.m.block.3.alpha:num of params=1
07/08 02:42:13 - mmengine - INFO - paramwise_options -- neck.Rep_p3.m.block.3.conv1.block.conv.weight:num of params=36864
07/08 02:42:13 - mmengine - INFO - paramwise_options -- neck.Rep_p3.m.block.3.conv1.block.bn.weight:num of params=64
07/08 02:42:13 - mmengine - INFO - paramwise_options -- neck.Rep_p3.m.block.3.conv1.block.bn.bias:num of params=64
07/08 02:42:13 - mmengine - INFO - paramwise_options -- neck.Rep_p3.m.block.3.conv2.block.conv.weight:num of params=36864
07/08 02:42:13 - mmengine - INFO - paramwise_options -- neck.Rep_p3.m.block.3.conv2.block.bn.weight:num of params=64
07/08 02:42:13 - mmengine - INFO - paramwise_options -- neck.Rep_p3.m.block.3.conv2.block.bn.bias:num of params=64
07/08 02:42:13 - mmengine - INFO - paramwise_options -- neck.Rep_p3.m.block.4.alpha:num of params=1
07/08 02:42:13 - mmengine - INFO - paramwise_options -- neck.Rep_p3.m.block.4.conv1.block.conv.weight:num of params=36864
07/08 02:42:13 - mmengine - INFO - paramwise_options -- neck.Rep_p3.m.block.4.conv1.block.bn.weight:num of params=64
07/08 02:42:13 - mmengine - INFO - paramwise_options -- neck.Rep_p3.m.block.4.conv1.block.bn.bias:num of params=64
07/08 02:42:13 - mmengine - INFO - paramwise_options -- neck.Rep_p3.m.block.4.conv2.block.conv.weight:num of params=36864
07/08 02:42:13 - mmengine - INFO - paramwise_options -- neck.Rep_p3.m.block.4.conv2.block.bn.weight:num of params=64
07/08 02:42:13 - mmengine - INFO - paramwise_options -- neck.Rep_p3.m.block.4.conv2.block.bn.bias:num of params=64
07/08 02:42:13 - mmengine - INFO - paramwise_options -- neck.downsample2.block.conv.weight:num of params=147456
07/08 02:42:13 - mmengine - INFO - paramwise_options -- neck.downsample2.block.bn.weight:num of params=128
07/08 02:42:13 - mmengine - INFO - paramwise_options -- neck.downsample2.block.bn.bias:num of params=128
07/08 02:42:13 - mmengine - INFO - paramwise_options -- neck.Rep_n3.cv1.block.conv.weight:num of params=32768
07/08 02:42:13 - mmengine - INFO - paramwise_options -- neck.Rep_n3.cv1.block.bn.weight:num of params=128
07/08 02:42:13 - mmengine - INFO - paramwise_options -- neck.Rep_n3.cv1.block.bn.bias:num of params=128
07/08 02:42:13 - mmengine - INFO - paramwise_options -- neck.Rep_n3.cv2.block.conv.weight:num of params=32768
07/08 02:42:13 - mmengine - INFO - paramwise_options -- neck.Rep_n3.cv2.block.bn.weight:num of params=128
07/08 02:42:13 - mmengine - INFO - paramwise_options -- neck.Rep_n3.cv2.block.bn.bias:num of params=128
07/08 02:42:13 - mmengine - INFO - paramwise_options -- neck.Rep_n3.cv3.block.conv.weight:num of params=65536
07/08 02:42:13 - mmengine - INFO - paramwise_options -- neck.Rep_n3.cv3.block.bn.weight:num of params=256
07/08 02:42:13 - mmengine - INFO - paramwise_options -- neck.Rep_n3.cv3.block.bn.bias:num of params=256
07/08 02:42:13 - mmengine - INFO - paramwise_options -- neck.Rep_n3.m.conv1.alpha:num of params=1
07/08 02:42:13 - mmengine - INFO - paramwise_options -- neck.Rep_n3.m.conv1.conv1.block.conv.weight:num of params=147456
07/08 02:42:13 - mmengine - INFO - paramwise_options -- neck.Rep_n3.m.conv1.conv1.block.bn.weight:num of params=128
07/08 02:42:13 - mmengine - INFO - paramwise_options -- neck.Rep_n3.m.conv1.conv1.block.bn.bias:num of params=128
07/08 02:42:13 - mmengine - INFO - paramwise_options -- neck.Rep_n3.m.conv1.conv2.block.conv.weight:num of params=147456
07/08 02:42:13 - mmengine - INFO - paramwise_options -- neck.Rep_n3.m.conv1.conv2.block.bn.weight:num of params=128
07/08 02:42:13 - mmengine - INFO - paramwise_options -- neck.Rep_n3.m.conv1.conv2.block.bn.bias:num of params=128
07/08 02:42:13 - mmengine - INFO - paramwise_options -- neck.Rep_n3.m.block.0.alpha:num of params=1
07/08 02:42:13 - mmengine - INFO - paramwise_options -- neck.Rep_n3.m.block.0.conv1.block.conv.weight:num of params=147456
07/08 02:42:13 - mmengine - INFO - paramwise_options -- neck.Rep_n3.m.block.0.conv1.block.bn.weight:num of params=128
07/08 02:42:13 - mmengine - INFO - paramwise_options -- neck.Rep_n3.m.block.0.conv1.block.bn.bias:num of params=128
07/08 02:42:13 - mmengine - INFO - paramwise_options -- neck.Rep_n3.m.block.0.conv2.block.conv.weight:num of params=147456
07/08 02:42:13 - mmengine - INFO - paramwise_options -- neck.Rep_n3.m.block.0.conv2.block.bn.weight:num of params=128
07/08 02:42:13 - mmengine - INFO - paramwise_options -- neck.Rep_n3.m.block.0.conv2.block.bn.bias:num of params=128
07/08 02:42:13 - mmengine - INFO - paramwise_options -- neck.Rep_n3.m.block.1.alpha:num of params=1
07/08 02:42:13 - mmengine - INFO - paramwise_options -- neck.Rep_n3.m.block.1.conv1.block.conv.weight:num of params=147456
07/08 02:42:13 - mmengine - INFO - paramwise_options -- neck.Rep_n3.m.block.1.conv1.block.bn.weight:num of params=128
07/08 02:42:13 - mmengine - INFO - paramwise_options -- neck.Rep_n3.m.block.1.conv1.block.bn.bias:num of params=128
07/08 02:42:13 - mmengine - INFO - paramwise_options -- neck.Rep_n3.m.block.1.conv2.block.conv.weight:num of params=147456
07/08 02:42:13 - mmengine - INFO - paramwise_options -- neck.Rep_n3.m.block.1.conv2.block.bn.weight:num of params=128
07/08 02:42:13 - mmengine - INFO - paramwise_options -- neck.Rep_n3.m.block.1.conv2.block.bn.bias:num of params=128
07/08 02:42:13 - mmengine - INFO - paramwise_options -- neck.Rep_n3.m.block.2.alpha:num of params=1
07/08 02:42:13 - mmengine - INFO - paramwise_options -- neck.Rep_n3.m.block.2.conv1.block.conv.weight:num of params=147456
07/08 02:42:13 - mmengine - INFO - paramwise_options -- neck.Rep_n3.m.block.2.conv1.block.bn.weight:num of params=128
07/08 02:42:13 - mmengine - INFO - paramwise_options -- neck.Rep_n3.m.block.2.conv1.block.bn.bias:num of params=128
07/08 02:42:13 - mmengine - INFO - paramwise_options -- neck.Rep_n3.m.block.2.conv2.block.conv.weight:num of params=147456
07/08 02:42:13 - mmengine - INFO - paramwise_options -- neck.Rep_n3.m.block.2.conv2.block.bn.weight:num of params=128
07/08 02:42:13 - mmengine - INFO - paramwise_options -- neck.Rep_n3.m.block.2.conv2.block.bn.bias:num of params=128
07/08 02:42:13 - mmengine - INFO - paramwise_options -- neck.Rep_n3.m.block.3.alpha:num of params=1
07/08 02:42:13 - mmengine - INFO - paramwise_options -- neck.Rep_n3.m.block.3.conv1.block.conv.weight:num of params=147456
07/08 02:42:13 - mmengine - INFO - paramwise_options -- neck.Rep_n3.m.block.3.conv1.block.bn.weight:num of params=128
07/08 02:42:13 - mmengine - INFO - paramwise_options -- neck.Rep_n3.m.block.3.conv1.block.bn.bias:num of params=128
07/08 02:42:13 - mmengine - INFO - paramwise_options -- neck.Rep_n3.m.block.3.conv2.block.conv.weight:num of params=147456
07/08 02:42:13 - mmengine - INFO - paramwise_options -- neck.Rep_n3.m.block.3.conv2.block.bn.weight:num of params=128
07/08 02:42:13 - mmengine - INFO - paramwise_options -- neck.Rep_n3.m.block.3.conv2.block.bn.bias:num of params=128
07/08 02:42:13 - mmengine - INFO - paramwise_options -- neck.Rep_n3.m.block.4.alpha:num of params=1
07/08 02:42:13 - mmengine - INFO - paramwise_options -- neck.Rep_n3.m.block.4.conv1.block.conv.weight:num of params=147456
07/08 02:42:13 - mmengine - INFO - paramwise_options -- neck.Rep_n3.m.block.4.conv1.block.bn.weight:num of params=128
07/08 02:42:13 - mmengine - INFO - paramwise_options -- neck.Rep_n3.m.block.4.conv1.block.bn.bias:num of params=128
07/08 02:42:13 - mmengine - INFO - paramwise_options -- neck.Rep_n3.m.block.4.conv2.block.conv.weight:num of params=147456
07/08 02:42:13 - mmengine - INFO - paramwise_options -- neck.Rep_n3.m.block.4.conv2.block.bn.weight:num of params=128
07/08 02:42:13 - mmengine - INFO - paramwise_options -- neck.Rep_n3.m.block.4.conv2.block.bn.bias:num of params=128
07/08 02:42:13 - mmengine - INFO - paramwise_options -- neck.downsample1.block.conv.weight:num of params=589824
07/08 02:42:13 - mmengine - INFO - paramwise_options -- neck.downsample1.block.bn.weight:num of params=256
07/08 02:42:13 - mmengine - INFO - paramwise_options -- neck.downsample1.block.bn.bias:num of params=256
07/08 02:42:13 - mmengine - INFO - paramwise_options -- neck.Rep_n4.cv1.block.conv.weight:num of params=131072
07/08 02:42:13 - mmengine - INFO - paramwise_options -- neck.Rep_n4.cv1.block.bn.weight:num of params=256
07/08 02:42:13 - mmengine - INFO - paramwise_options -- neck.Rep_n4.cv1.block.bn.bias:num of params=256
07/08 02:42:13 - mmengine - INFO - paramwise_options -- neck.Rep_n4.cv2.block.conv.weight:num of params=131072
07/08 02:42:13 - mmengine - INFO - paramwise_options -- neck.Rep_n4.cv2.block.bn.weight:num of params=256
07/08 02:42:13 - mmengine - INFO - paramwise_options -- neck.Rep_n4.cv2.block.bn.bias:num of params=256
07/08 02:42:13 - mmengine - INFO - paramwise_options -- neck.Rep_n4.cv3.block.conv.weight:num of params=262144
07/08 02:42:13 - mmengine - INFO - paramwise_options -- neck.Rep_n4.cv3.block.bn.weight:num of params=512
07/08 02:42:13 - mmengine - INFO - paramwise_options -- neck.Rep_n4.cv3.block.bn.bias:num of params=512
07/08 02:42:13 - mmengine - INFO - paramwise_options -- neck.Rep_n4.m.conv1.alpha:num of params=1
07/08 02:42:13 - mmengine - INFO - paramwise_options -- neck.Rep_n4.m.conv1.conv1.block.conv.weight:num of params=589824
07/08 02:42:13 - mmengine - INFO - paramwise_options -- neck.Rep_n4.m.conv1.conv1.block.bn.weight:num of params=256
07/08 02:42:13 - mmengine - INFO - paramwise_options -- neck.Rep_n4.m.conv1.conv1.block.bn.bias:num of params=256
07/08 02:42:13 - mmengine - INFO - paramwise_options -- neck.Rep_n4.m.conv1.conv2.block.conv.weight:num of params=589824
07/08 02:42:13 - mmengine - INFO - paramwise_options -- neck.Rep_n4.m.conv1.conv2.block.bn.weight:num of params=256
07/08 02:42:13 - mmengine - INFO - paramwise_options -- neck.Rep_n4.m.conv1.conv2.block.bn.bias:num of params=256
07/08 02:42:13 - mmengine - INFO - paramwise_options -- neck.Rep_n4.m.block.0.alpha:num of params=1
07/08 02:42:13 - mmengine - INFO - paramwise_options -- neck.Rep_n4.m.block.0.conv1.block.conv.weight:num of params=589824
07/08 02:42:13 - mmengine - INFO - paramwise_options -- neck.Rep_n4.m.block.0.conv1.block.bn.weight:num of params=256
07/08 02:42:13 - mmengine - INFO - paramwise_options -- neck.Rep_n4.m.block.0.conv1.block.bn.bias:num of params=256
07/08 02:42:13 - mmengine - INFO - paramwise_options -- neck.Rep_n4.m.block.0.conv2.block.conv.weight:num of params=589824
07/08 02:42:13 - mmengine - INFO - paramwise_options -- neck.Rep_n4.m.block.0.conv2.block.bn.weight:num of params=256
07/08 02:42:13 - mmengine - INFO - paramwise_options -- neck.Rep_n4.m.block.0.conv2.block.bn.bias:num of params=256
07/08 02:42:13 - mmengine - INFO - paramwise_options -- neck.Rep_n4.m.block.1.alpha:num of params=1
07/08 02:42:13 - mmengine - INFO - paramwise_options -- neck.Rep_n4.m.block.1.conv1.block.conv.weight:num of params=589824
07/08 02:42:13 - mmengine - INFO - paramwise_options -- neck.Rep_n4.m.block.1.conv1.block.bn.weight:num of params=256
07/08 02:42:13 - mmengine - INFO - paramwise_options -- neck.Rep_n4.m.block.1.conv1.block.bn.bias:num of params=256
07/08 02:42:13 - mmengine - INFO - paramwise_options -- neck.Rep_n4.m.block.1.conv2.block.conv.weight:num of params=589824
07/08 02:42:13 - mmengine - INFO - paramwise_options -- neck.Rep_n4.m.block.1.conv2.block.bn.weight:num of params=256
07/08 02:42:13 - mmengine - INFO - paramwise_options -- neck.Rep_n4.m.block.1.conv2.block.bn.bias:num of params=256
07/08 02:42:13 - mmengine - INFO - paramwise_options -- neck.Rep_n4.m.block.2.alpha:num of params=1
07/08 02:42:13 - mmengine - INFO - paramwise_options -- neck.Rep_n4.m.block.2.conv1.block.conv.weight:num of params=589824
07/08 02:42:13 - mmengine - INFO - paramwise_options -- neck.Rep_n4.m.block.2.conv1.block.bn.weight:num of params=256
07/08 02:42:13 - mmengine - INFO - paramwise_options -- neck.Rep_n4.m.block.2.conv1.block.bn.bias:num of params=256
07/08 02:42:13 - mmengine - INFO - paramwise_options -- neck.Rep_n4.m.block.2.conv2.block.conv.weight:num of params=589824
07/08 02:42:13 - mmengine - INFO - paramwise_options -- neck.Rep_n4.m.block.2.conv2.block.bn.weight:num of params=256
07/08 02:42:13 - mmengine - INFO - paramwise_options -- neck.Rep_n4.m.block.2.conv2.block.bn.bias:num of params=256
07/08 02:42:13 - mmengine - INFO - paramwise_options -- neck.Rep_n4.m.block.3.alpha:num of params=1
07/08 02:42:13 - mmengine - INFO - paramwise_options -- neck.Rep_n4.m.block.3.conv1.block.conv.weight:num of params=589824
07/08 02:42:13 - mmengine - INFO - paramwise_options -- neck.Rep_n4.m.block.3.conv1.block.bn.weight:num of params=256
07/08 02:42:13 - mmengine - INFO - paramwise_options -- neck.Rep_n4.m.block.3.conv1.block.bn.bias:num of params=256
07/08 02:42:13 - mmengine - INFO - paramwise_options -- neck.Rep_n4.m.block.3.conv2.block.conv.weight:num of params=589824
07/08 02:42:13 - mmengine - INFO - paramwise_options -- neck.Rep_n4.m.block.3.conv2.block.bn.weight:num of params=256
07/08 02:42:13 - mmengine - INFO - paramwise_options -- neck.Rep_n4.m.block.3.conv2.block.bn.bias:num of params=256
07/08 02:42:13 - mmengine - INFO - paramwise_options -- neck.Rep_n4.m.block.4.alpha:num of params=1
07/08 02:42:13 - mmengine - INFO - paramwise_options -- neck.Rep_n4.m.block.4.conv1.block.conv.weight:num of params=589824
07/08 02:42:13 - mmengine - INFO - paramwise_options -- neck.Rep_n4.m.block.4.conv1.block.bn.weight:num of params=256
07/08 02:42:13 - mmengine - INFO - paramwise_options -- neck.Rep_n4.m.block.4.conv1.block.bn.bias:num of params=256
07/08 02:42:13 - mmengine - INFO - paramwise_options -- neck.Rep_n4.m.block.4.conv2.block.conv.weight:num of params=589824
07/08 02:42:13 - mmengine - INFO - paramwise_options -- neck.Rep_n4.m.block.4.conv2.block.bn.weight:num of params=256
07/08 02:42:13 - mmengine - INFO - paramwise_options -- neck.Rep_n4.m.block.4.conv2.block.bn.bias:num of params=256
07/08 02:42:13 - mmengine - INFO - paramwise_options -- bbox_head.head_module.cls_preds.0.0.conv.weight:num of params=294912
07/08 02:42:13 - mmengine - INFO - paramwise_options -- bbox_head.head_module.cls_preds.0.0.bn.weight:num of params=256
07/08 02:42:13 - mmengine - INFO - paramwise_options -- bbox_head.head_module.cls_preds.0.0.bn.bias:num of params=256
07/08 02:42:13 - mmengine - INFO - paramwise_options -- bbox_head.head_module.cls_preds.0.1.conv.weight:num of params=589824
07/08 02:42:13 - mmengine - INFO - paramwise_options -- bbox_head.head_module.cls_preds.0.1.bn.weight:num of params=256
07/08 02:42:13 - mmengine - INFO - paramwise_options -- bbox_head.head_module.cls_preds.0.1.bn.bias:num of params=256
07/08 02:42:13 - mmengine - INFO - paramwise_options -- bbox_head.head_module.cls_preds.0.2.weight:num of params=196608
07/08 02:42:13 - mmengine - INFO - paramwise_options -- bbox_head.head_module.cls_preds.0.2.bias:num of params=768
07/08 02:42:13 - mmengine - INFO - paramwise_options -- bbox_head.head_module.cls_preds.1.0.conv.weight:num of params=589824
07/08 02:42:13 - mmengine - INFO - paramwise_options -- bbox_head.head_module.cls_preds.1.0.bn.weight:num of params=256
07/08 02:42:13 - mmengine - INFO - paramwise_options -- bbox_head.head_module.cls_preds.1.0.bn.bias:num of params=256
07/08 02:42:13 - mmengine - INFO - paramwise_options -- bbox_head.head_module.cls_preds.1.1.conv.weight:num of params=589824
07/08 02:42:13 - mmengine - INFO - paramwise_options -- bbox_head.head_module.cls_preds.1.1.bn.weight:num of params=256
07/08 02:42:13 - mmengine - INFO - paramwise_options -- bbox_head.head_module.cls_preds.1.1.bn.bias:num of params=256
07/08 02:42:13 - mmengine - INFO - paramwise_options -- bbox_head.head_module.cls_preds.1.2.weight:num of params=196608
07/08 02:42:13 - mmengine - INFO - paramwise_options -- bbox_head.head_module.cls_preds.1.2.bias:num of params=768
07/08 02:42:13 - mmengine - INFO - paramwise_options -- bbox_head.head_module.cls_preds.2.0.conv.weight:num of params=1179648
07/08 02:42:13 - mmengine - INFO - paramwise_options -- bbox_head.head_module.cls_preds.2.0.bn.weight:num of params=256
07/08 02:42:13 - mmengine - INFO - paramwise_options -- bbox_head.head_module.cls_preds.2.0.bn.bias:num of params=256
07/08 02:42:13 - mmengine - INFO - paramwise_options -- bbox_head.head_module.cls_preds.2.1.conv.weight:num of params=589824
07/08 02:42:13 - mmengine - INFO - paramwise_options -- bbox_head.head_module.cls_preds.2.1.bn.weight:num of params=256
07/08 02:42:13 - mmengine - INFO - paramwise_options -- bbox_head.head_module.cls_preds.2.1.bn.bias:num of params=256
07/08 02:42:13 - mmengine - INFO - paramwise_options -- bbox_head.head_module.cls_preds.2.2.weight:num of params=196608
07/08 02:42:13 - mmengine - INFO - paramwise_options -- bbox_head.head_module.cls_preds.2.2.bias:num of params=768
07/08 02:42:13 - mmengine - INFO - paramwise_options -- bbox_head.head_module.reg_preds.0.0.conv.weight:num of params=73728
07/08 02:42:13 - mmengine - INFO - paramwise_options -- bbox_head.head_module.reg_preds.0.0.bn.weight:num of params=64
07/08 02:42:13 - mmengine - INFO - paramwise_options -- bbox_head.head_module.reg_preds.0.0.bn.bias:num of params=64
07/08 02:42:13 - mmengine - INFO - paramwise_options -- bbox_head.head_module.reg_preds.0.1.conv.weight:num of params=36864
07/08 02:42:13 - mmengine - INFO - paramwise_options -- bbox_head.head_module.reg_preds.0.1.bn.weight:num of params=64
07/08 02:42:13 - mmengine - INFO - paramwise_options -- bbox_head.head_module.reg_preds.0.1.bn.bias:num of params=64
07/08 02:42:13 - mmengine - INFO - paramwise_options -- bbox_head.head_module.reg_preds.0.2.weight:num of params=4096
07/08 02:42:13 - mmengine - INFO - paramwise_options -- bbox_head.head_module.reg_preds.0.2.bias:num of params=64
07/08 02:42:13 - mmengine - INFO - paramwise_options -- bbox_head.head_module.reg_preds.1.0.conv.weight:num of params=147456
07/08 02:42:13 - mmengine - INFO - paramwise_options -- bbox_head.head_module.reg_preds.1.0.bn.weight:num of params=64
07/08 02:42:13 - mmengine - INFO - paramwise_options -- bbox_head.head_module.reg_preds.1.0.bn.bias:num of params=64
07/08 02:42:13 - mmengine - INFO - paramwise_options -- bbox_head.head_module.reg_preds.1.1.conv.weight:num of params=36864
07/08 02:42:13 - mmengine - INFO - paramwise_options -- bbox_head.head_module.reg_preds.1.1.bn.weight:num of params=64
07/08 02:42:13 - mmengine - INFO - paramwise_options -- bbox_head.head_module.reg_preds.1.1.bn.bias:num of params=64
07/08 02:42:13 - mmengine - INFO - paramwise_options -- bbox_head.head_module.reg_preds.1.2.weight:num of params=4096
07/08 02:42:13 - mmengine - INFO - paramwise_options -- bbox_head.head_module.reg_preds.1.2.bias:num of params=64
07/08 02:42:13 - mmengine - INFO - paramwise_options -- bbox_head.head_module.reg_preds.2.0.conv.weight:num of params=294912
07/08 02:42:13 - mmengine - INFO - paramwise_options -- bbox_head.head_module.reg_preds.2.0.bn.weight:num of params=64
07/08 02:42:13 - mmengine - INFO - paramwise_options -- bbox_head.head_module.reg_preds.2.0.bn.bias:num of params=64
07/08 02:42:13 - mmengine - INFO - paramwise_options -- bbox_head.head_module.reg_preds.2.1.conv.weight:num of params=36864
07/08 02:42:13 - mmengine - INFO - paramwise_options -- bbox_head.head_module.reg_preds.2.1.bn.weight:num of params=64
07/08 02:42:13 - mmengine - INFO - paramwise_options -- bbox_head.head_module.reg_preds.2.1.bn.bias:num of params=64
07/08 02:42:13 - mmengine - INFO - paramwise_options -- bbox_head.head_module.reg_preds.2.2.weight:num of params=4096
07/08 02:42:13 - mmengine - INFO - paramwise_options -- bbox_head.head_module.reg_preds.2.2.bias:num of params=64
07/08 02:42:13 - mmengine - INFO - paramwise_options -- bbox_head.head_module.cls_contrasts.0.bias:num of params=1
07/08 02:42:13 - mmengine - INFO - paramwise_options -- bbox_head.head_module.cls_contrasts.0.logit_scale:num of params=1
07/08 02:42:13 - mmengine - INFO - paramwise_options -- bbox_head.head_module.cls_contrasts.0.logit_scale:lr=3e-05
07/08 02:42:13 - mmengine - INFO - paramwise_options -- bbox_head.head_module.cls_contrasts.0.logit_scale:weight_decay=0.0
07/08 02:42:13 - mmengine - INFO - paramwise_options -- bbox_head.head_module.cls_contrasts.0.norm.weight:num of params=768
07/08 02:42:13 - mmengine - INFO - paramwise_options -- bbox_head.head_module.cls_contrasts.0.norm.bias:num of params=768
07/08 02:42:13 - mmengine - INFO - paramwise_options -- bbox_head.head_module.cls_contrasts.1.bias:num of params=1
07/08 02:42:13 - mmengine - INFO - paramwise_options -- bbox_head.head_module.cls_contrasts.1.logit_scale:num of params=1
07/08 02:42:13 - mmengine - INFO - paramwise_options -- bbox_head.head_module.cls_contrasts.1.logit_scale:lr=3e-05
07/08 02:42:13 - mmengine - INFO - paramwise_options -- bbox_head.head_module.cls_contrasts.1.logit_scale:weight_decay=0.0
07/08 02:42:13 - mmengine - INFO - paramwise_options -- bbox_head.head_module.cls_contrasts.1.norm.weight:num of params=768
07/08 02:42:13 - mmengine - INFO - paramwise_options -- bbox_head.head_module.cls_contrasts.1.norm.bias:num of params=768
07/08 02:42:13 - mmengine - INFO - paramwise_options -- bbox_head.head_module.cls_contrasts.2.bias:num of params=1
07/08 02:42:13 - mmengine - INFO - paramwise_options -- bbox_head.head_module.cls_contrasts.2.logit_scale:num of params=1
07/08 02:42:13 - mmengine - INFO - paramwise_options -- bbox_head.head_module.cls_contrasts.2.logit_scale:lr=3e-05
07/08 02:42:13 - mmengine - INFO - paramwise_options -- bbox_head.head_module.cls_contrasts.2.logit_scale:weight_decay=0.0
07/08 02:42:13 - mmengine - INFO - paramwise_options -- bbox_head.head_module.cls_contrasts.2.norm.weight:num of params=768
07/08 02:42:13 - mmengine - INFO - paramwise_options -- bbox_head.head_module.cls_contrasts.2.norm.bias:num of params=768
loading annotations into memory...
Done (t=0.04s)
creating index...
index created!
loading annotations into memory...
Done (t=0.04s)
creating index...
index created!
Loads checkpoint by local backend from path: work_dirs/reorg_v11dt_s1/epoch_8.pth
/home/siyuan/anaconda3/envs/wedetect_official/lib/python3.10/site-packages/mmengine/runner/checkpoint.py:347: FutureWarning: You are using `torch.load` with `weights_only=False` (the current default value), which uses the default pickle module implicitly. It is possible to construct malicious pickle data which will execute arbitrary code during unpickling (See https://github.com/pytorch/pytorch/blob/main/SECURITY.md#untrusted-models for more details). In a future release, the default value for `weights_only` will be flipped to `True`. This limits the functions that could be executed during unpickling. Arbitrary objects will no longer be allowed to be loaded via this mode unless they are explicitly allowlisted by the user via `torch.serialization.add_safe_globals`. We recommend you start setting `weights_only=True` for any use case where you don't have full control of the loaded file. Please open an issue on GitHub for any issues related to this experimental feature.
  checkpoint = torch.load(filename, map_location=map_location)
Loads checkpoint by local backend from path: work_dirs/reorg_v11dt_s1/epoch_8.pth
/home/siyuan/anaconda3/envs/wedetect_official/lib/python3.10/site-packages/mmengine/runner/checkpoint.py:347: FutureWarning: You are using `torch.load` with `weights_only=False` (the current default value), which uses the default pickle module implicitly. It is possible to construct malicious pickle data which will execute arbitrary code during unpickling (See https://github.com/pytorch/pytorch/blob/main/SECURITY.md#untrusted-models for more details). In a future release, the default value for `weights_only` will be flipped to `True`. This limits the functions that could be executed during unpickling. Arbitrary objects will no longer be allowed to be loaded via this mode unless they are explicitly allowlisted by the user via `torch.serialization.add_safe_globals`. We recommend you start setting `weights_only=True` for any use case where you don't have full control of the loaded file. Please open an issue on GitHub for any issues related to this experimental feature.
  checkpoint = torch.load(filename, map_location=map_location)
Loads checkpoint by local backend from path: work_dirs/reorg_v11dt_s1/epoch_8.pth
/home/siyuan/anaconda3/envs/wedetect_official/lib/python3.10/site-packages/mmengine/runner/checkpoint.py:347: FutureWarning: You are using `torch.load` with `weights_only=False` (the current default value), which uses the default pickle module implicitly. It is possible to construct malicious pickle data which will execute arbitrary code during unpickling (See https://github.com/pytorch/pytorch/blob/main/SECURITY.md#untrusted-models for more details). In a future release, the default value for `weights_only` will be flipped to `True`. This limits the functions that could be executed during unpickling. Arbitrary objects will no longer be allowed to be loaded via this mode unless they are explicitly allowlisted by the user via `torch.serialization.add_safe_globals`. We recommend you start setting `weights_only=True` for any use case where you don't have full control of the loaded file. Please open an issue on GitHub for any issues related to this experimental feature.
  checkpoint = torch.load(filename, map_location=map_location)
Loads checkpoint by local backend from path: work_dirs/reorg_v11dt_s1/epoch_8.pth
/home/siyuan/anaconda3/envs/wedetect_official/lib/python3.10/site-packages/mmengine/runner/checkpoint.py:347: FutureWarning: You are using `torch.load` with `weights_only=False` (the current default value), which uses the default pickle module implicitly. It is possible to construct malicious pickle data which will execute arbitrary code during unpickling (See https://github.com/pytorch/pytorch/blob/main/SECURITY.md#untrusted-models for more details). In a future release, the default value for `weights_only` will be flipped to `True`. This limits the functions that could be executed during unpickling. Arbitrary objects will no longer be allowed to be loaded via this mode unless they are explicitly allowlisted by the user via `torch.serialization.add_safe_globals`. We recommend you start setting `weights_only=True` for any use case where you don't have full control of the loaded file. Please open an issue on GitHub for any issues related to this experimental feature.
  checkpoint = torch.load(filename, map_location=map_location)
07/08 02:42:16 - mmengine - INFO - Load checkpoint from work_dirs/reorg_v11dt_s1/epoch_8.pth
07/08 02:42:16 - mmengine - WARNING - "FileClient" will be deprecated in future. Please use io functions in https://mmengine.readthedocs.io/en/latest/api/fileio.html#file-io
07/08 02:42:16 - mmengine - WARNING - "HardDiskBackend" is the alias of "LocalBackend" and the former will be deprecated in future.
07/08 02:42:16 - mmengine - INFO - Checkpoints will be saved to /home/siyuan/projects/LLMs/OralDetect-Family/WeDetect_repro/WeDetect/work_dirs/reorg_v11dt_s2.
/home/siyuan/anaconda3/envs/wedetect_official/lib/python3.10/site-packages/torch/functional.py:534: UserWarning: torch.meshgrid: in an upcoming release, it will be required to pass the indexing argument. (Triggered internally at ../aten/src/ATen/native/TensorShape.cpp:3595.)
  return _VF.meshgrid(tensors, **kwargs)  # type: ignore[attr-defined]
/home/siyuan/anaconda3/envs/wedetect_official/lib/python3.10/site-packages/torch/functional.py:534: UserWarning: torch.meshgrid: in an upcoming release, it will be required to pass the indexing argument. (Triggered internally at ../aten/src/ATen/native/TensorShape.cpp:3595.)
  return _VF.meshgrid(tensors, **kwargs)  # type: ignore[attr-defined]
/home/siyuan/anaconda3/envs/wedetect_official/lib/python3.10/site-packages/torch/functional.py:534: UserWarning: torch.meshgrid: in an upcoming release, it will be required to pass the indexing argument. (Triggered internally at ../aten/src/ATen/native/TensorShape.cpp:3595.)
  return _VF.meshgrid(tensors, **kwargs)  # type: ignore[attr-defined]
/home/siyuan/anaconda3/envs/wedetect_official/lib/python3.10/site-packages/torch/functional.py:534: UserWarning: torch.meshgrid: in an upcoming release, it will be required to pass the indexing argument. (Triggered internally at ../aten/src/ATen/native/TensorShape.cpp:3595.)
  return _VF.meshgrid(tensors, **kwargs)  # type: ignore[attr-defined]
[rank0]:[W708 02:42:19.600452928 reducer.cpp:1400] Warning: find_unused_parameters=True was specified in DDP constructor, but did not find any unused parameters in the forward pass. This flag results in an extra traversal of the autograd graph every iteration,  which can adversely affect performance. If your model indeed never has any unused parameters in the forward pass, consider turning this flag off. Note that this warning may be a false positive if your model has flow control causing later iterations to have unused parameters. (function operator())
[rank1]:[W708 02:42:19.600605637 reducer.cpp:1400] Warning: find_unused_parameters=True was specified in DDP constructor, but did not find any unused parameters in the forward pass. This flag results in an extra traversal of the autograd graph every iteration,  which can adversely affect performance. If your model indeed never has any unused parameters in the forward pass, consider turning this flag off. Note that this warning may be a false positive if your model has flow control causing later iterations to have unused parameters. (function operator())
[rank2]:[W708 02:42:19.606142467 reducer.cpp:1400] Warning: find_unused_parameters=True was specified in DDP constructor, but did not find any unused parameters in the forward pass. This flag results in an extra traversal of the autograd graph every iteration,  which can adversely affect performance. If your model indeed never has any unused parameters in the forward pass, consider turning this flag off. Note that this warning may be a false positive if your model has flow control causing later iterations to have unused parameters. (function operator())
[rank3]:[W708 02:42:19.607559260 reducer.cpp:1400] Warning: find_unused_parameters=True was specified in DDP constructor, but did not find any unused parameters in the forward pass. This flag results in an extra traversal of the autograd graph every iteration,  which can adversely affect performance. If your model indeed never has any unused parameters in the forward pass, consider turning this flag off. Note that this warning may be a false positive if your model has flow control causing later iterations to have unused parameters. (function operator())
07/08 02:42:41 - mmengine - INFO - Epoch(train) [1][ 50/628]  base_lr: 2.9420e-05 lr: 2.9420e-05  eta: 0:20:10  time: 0.4916  data_time: 0.0290  memory: 5033  grad_norm: 528.3776  loss: 94.3746  loss_cls: 34.3039  loss_bbox: 27.9729  loss_dfl: 32.0979
07/08 02:43:03 - mmengine - INFO - Epoch(train) [1][100/628]  base_lr: 2.8829e-05 lr: 2.8829e-05  eta: 0:18:38  time: 0.4359  data_time: 0.0041  memory: 5253  grad_norm: 376.4326  loss: 96.2157  loss_cls: 35.3624  loss_bbox: 28.5516  loss_dfl: 32.3018
07/08 02:43:25 - mmengine - INFO - Epoch(train) [1][150/628]  base_lr: 2.8238e-05 lr: 2.8238e-05  eta: 0:17:56  time: 0.4402  data_time: 0.0047  memory: 4966  grad_norm: 387.7335  loss: 94.3288  loss_cls: 34.9879  loss_bbox: 27.1873  loss_dfl: 32.1536
07/08 02:43:46 - mmengine - INFO - Epoch(train) [1][200/628]  base_lr: 2.7646e-05 lr: 2.7646e-05  eta: 0:17:22  time: 0.4355  data_time: 0.0040  memory: 5133  grad_norm: 373.5236  loss: 94.1095  loss_cls: 35.0571  loss_bbox: 27.2750  loss_dfl: 31.7773
07/08 02:44:08 - mmengine - INFO - Epoch(train) [1][250/628]  base_lr: 2.7055e-05 lr: 2.7055e-05  eta: 0:16:53  time: 0.4365  data_time: 0.0040  memory: 5199  grad_norm: 385.5942  loss: 94.2321  loss_cls: 34.3374  loss_bbox: 27.8002  loss_dfl: 32.0945
07/08 02:44:30 - mmengine - INFO - Epoch(train) [1][300/628]  base_lr: 2.6463e-05 lr: 2.6463e-05  eta: 0:16:27  time: 0.4398  data_time: 0.0041  memory: 5179  grad_norm: 386.4957  loss: 90.7397  loss_cls: 32.6777  loss_bbox: 26.3171  loss_dfl: 31.7449
07/08 02:44:52 - mmengine - INFO - Epoch(train) [1][350/628]  base_lr: 2.5872e-05 lr: 2.5872e-05  eta: 0:16:03  time: 0.4390  data_time: 0.0040  memory: 4979  grad_norm: 356.8124  loss: 93.2525  loss_cls: 33.6967  loss_bbox: 27.5083  loss_dfl: 32.0474
07/08 02:45:14 - mmengine - INFO - Epoch(train) [1][400/628]  base_lr: 2.5281e-05 lr: 2.5281e-05  eta: 0:15:38  time: 0.4369  data_time: 0.0039  memory: 5093  grad_norm: 340.6356  loss: 93.7422  loss_cls: 34.1542  loss_bbox: 27.4070  loss_dfl: 32.1809
07/08 02:45:36 - mmengine - INFO - Epoch(train) [1][450/628]  base_lr: 2.4689e-05 lr: 2.4689e-05  eta: 0:15:16  time: 0.4430  data_time: 0.0042  memory: 5093  grad_norm: 358.7045  loss: 92.7240  loss_cls: 33.3955  loss_bbox: 27.1175  loss_dfl: 32.2110
07/08 02:45:58 - mmengine - INFO - Epoch(train) [1][500/628]  base_lr: 2.4098e-05 lr: 2.4098e-05  eta: 0:14:53  time: 0.4423  data_time: 0.0039  memory: 5019  grad_norm: 344.4794  loss: 93.1246  loss_cls: 33.9386  loss_bbox: 26.9370  loss_dfl: 32.2490
07/08 02:46:20 - mmengine - INFO - Epoch(train) [1][550/628]  base_lr: 2.3506e-05 lr: 2.3506e-05  eta: 0:14:30  time: 0.4413  data_time: 0.0038  memory: 5213  grad_norm: 382.5686  loss: 93.4407  loss_cls: 34.1267  loss_bbox: 27.1981  loss_dfl: 32.1158
07/08 02:46:42 - mmengine - INFO - Epoch(train) [1][600/628]  base_lr: 2.2915e-05 lr: 2.2915e-05  eta: 0:14:07  time: 0.4359  data_time: 0.0039  memory: 5326  grad_norm: 338.4874  loss: 94.0165  loss_cls: 34.3585  loss_bbox: 27.3717  loss_dfl: 32.2863
07/08 02:46:55 - mmengine - INFO - Exp name: wedetect_reorg_v11dt_s2_20260708_024203
07/08 02:46:55 - mmengine - INFO - Saving checkpoint at 1 epochs
07/08 02:47:21 - mmengine - INFO - Epoch(train) [2][ 50/628]  base_lr: 2.1992e-05 lr: 2.1992e-05  eta: 0:13:35  time: 0.4613  data_time: 0.0199  memory: 5099  grad_norm: 351.9964  loss: 92.6635  loss_cls: 33.4802  loss_bbox: 27.6372  loss_dfl: 31.5461
07/08 02:47:43 - mmengine - INFO - Epoch(train) [2][100/628]  base_lr: 2.1401e-05 lr: 2.1401e-05  eta: 0:13:12  time: 0.4365  data_time: 0.0040  memory: 5273  grad_norm: 367.2151  loss: 92.6112  loss_cls: 33.7547  loss_bbox: 27.0985  loss_dfl: 31.7580
07/08 02:48:05 - mmengine - INFO - Epoch(train) [2][150/628]  base_lr: 2.0810e-05 lr: 2.0810e-05  eta: 0:12:49  time: 0.4436  data_time: 0.0042  memory: 5153  grad_norm: 359.2247  loss: 92.4095  loss_cls: 34.0914  loss_bbox: 26.7518  loss_dfl: 31.5663
07/08 02:48:28 - mmengine - INFO - Epoch(train) [2][200/628]  base_lr: 2.0218e-05 lr: 2.0218e-05  eta: 0:12:27  time: 0.4459  data_time: 0.0042  memory: 5399  grad_norm: 334.4522  loss: 92.2745  loss_cls: 33.4201  loss_bbox: 26.9144  loss_dfl: 31.9399
07/08 02:48:50 - mmengine - INFO - Epoch(train) [2][250/628]  base_lr: 1.9627e-05 lr: 1.9627e-05  eta: 0:12:05  time: 0.4435  data_time: 0.0041  memory: 5666  grad_norm: 329.8591  loss: 90.7122  loss_cls: 32.1831  loss_bbox: 26.7367  loss_dfl: 31.7924
07/08 02:49:12 - mmengine - INFO - Epoch(train) [2][300/628]  base_lr: 1.9035e-05 lr: 1.9035e-05  eta: 0:11:42  time: 0.4370  data_time: 0.0038  memory: 5119  grad_norm: 328.0691  loss: 91.5318  loss_cls: 33.4112  loss_bbox: 26.5859  loss_dfl: 31.5347
07/08 02:49:34 - mmengine - INFO - Epoch(train) [2][350/628]  base_lr: 1.8444e-05 lr: 1.8444e-05  eta: 0:11:20  time: 0.4465  data_time: 0.0040  memory: 5073  grad_norm: 357.0525  loss: 92.4584  loss_cls: 33.9802  loss_bbox: 26.8272  loss_dfl: 31.6510
07/08 02:49:44 - mmengine - INFO - Exp name: wedetect_reorg_v11dt_s2_20260708_024203
07/08 02:49:56 - mmengine - INFO - Epoch(train) [2][400/628]  base_lr: 1.7853e-05 lr: 1.7853e-05  eta: 0:10:58  time: 0.4432  data_time: 0.0040  memory: 4999  grad_norm: 304.0673  loss: 90.0879  loss_cls: 32.3781  loss_bbox: 26.1886  loss_dfl: 31.5212
07/08 02:50:18 - mmengine - INFO - Epoch(train) [2][450/628]  base_lr: 1.7261e-05 lr: 1.7261e-05  eta: 0:10:36  time: 0.4443  data_time: 0.0038  memory: 5099  grad_norm: 347.4989  loss: 90.5296  loss_cls: 32.6855  loss_bbox: 26.3578  loss_dfl: 31.4863
07/08 02:50:40 - mmengine - INFO - Epoch(train) [2][500/628]  base_lr: 1.6670e-05 lr: 1.6670e-05  eta: 0:10:13  time: 0.4373  data_time: 0.0039  memory: 5159  grad_norm: 346.9682  loss: 91.6567  loss_cls: 33.0322  loss_bbox: 26.9266  loss_dfl: 31.6980
07/08 02:51:02 - mmengine - INFO - Epoch(train) [2][550/628]  base_lr: 1.6078e-05 lr: 1.6078e-05  eta: 0:09:51  time: 0.4453  data_time: 0.0038  memory: 5113  grad_norm: 370.1399  loss: 91.7459  loss_cls: 33.0670  loss_bbox: 26.9377  loss_dfl: 31.7412
07/08 02:51:25 - mmengine - INFO - Epoch(train) [2][600/628]  base_lr: 1.5487e-05 lr: 1.5487e-05  eta: 0:09:29  time: 0.4487  data_time: 0.0039  memory: 5226  grad_norm: 334.2003  loss: 92.0007  loss_cls: 33.2461  loss_bbox: 26.8521  loss_dfl: 31.9025
07/08 02:51:37 - mmengine - INFO - Exp name: wedetect_reorg_v11dt_s2_20260708_024203
07/08 02:51:37 - mmengine - INFO - Saving checkpoint at 2 epochs
07/08 02:51:44 - mmengine - INFO - Epoch(val) [2][ 50/757]    eta: 0:00:44  time: 0.0633  data_time: 0.0198  memory: 5199  
07/08 02:51:46 - mmengine - INFO - Epoch(val) [2][100/757]    eta: 0:00:34  time: 0.0430  data_time: 0.0003  memory: 1209  
07/08 02:51:49 - mmengine - INFO - Epoch(val) [2][150/757]    eta: 0:00:35  time: 0.0688  data_time: 0.0262  memory: 1209  
07/08 02:51:52 - mmengine - INFO - Epoch(val) [2][200/757]    eta: 0:00:30  time: 0.0466  data_time: 0.0041  memory: 1209  
07/08 02:51:54 - mmengine - INFO - Epoch(val) [2][250/757]    eta: 0:00:27  time: 0.0480  data_time: 0.0002  memory: 1209  
07/08 02:51:56 - mmengine - INFO - Epoch(val) [2][300/757]    eta: 0:00:23  time: 0.0449  data_time: 0.0023  memory: 1209  
07/08 02:51:58 - mmengine - INFO - Epoch(val) [2][350/757]    eta: 0:00:20  time: 0.0426  data_time: 0.0002  memory: 1209  
07/08 02:52:00 - mmengine - INFO - Epoch(val) [2][400/757]    eta: 0:00:17  time: 0.0426  data_time: 0.0002  memory: 1209  
07/08 02:52:03 - mmengine - INFO - Epoch(val) [2][450/757]    eta: 0:00:15  time: 0.0428  data_time: 0.0002  memory: 1209  
07/08 02:52:05 - mmengine - INFO - Epoch(val) [2][500/757]    eta: 0:00:12  time: 0.0473  data_time: 0.0048  memory: 1209  
07/08 02:52:07 - mmengine - INFO - Epoch(val) [2][550/757]    eta: 0:00:10  time: 0.0429  data_time: 0.0002  memory: 1209  
07/08 02:52:09 - mmengine - INFO - Epoch(val) [2][600/757]    eta: 0:00:07  time: 0.0430  data_time: 0.0002  memory: 1209  
07/08 02:52:11 - mmengine - INFO - Epoch(val) [2][650/757]    eta: 0:00:05  time: 0.0433  data_time: 0.0002  memory: 1209  
07/08 02:52:14 - mmengine - INFO - Epoch(val) [2][700/757]    eta: 0:00:02  time: 0.0431  data_time: 0.0002  memory: 1209  
07/08 02:52:16 - mmengine - INFO - Epoch(val) [2][750/757]    eta: 0:00:00  time: 0.0428  data_time: 0.0002  memory: 1209  
07/08 02:52:21 - mmengine - INFO - Evaluating bbox...
Loading and preparing results...
DONE (t=1.23s)
creating index...
index created!
Running per image evaluation...
Evaluate annotation type *bbox*
DONE (t=16.83s).
Accumulating evaluation results...
DONE (t=6.07s).
 Average Precision  (AP) @[ IoU=0.50:0.95 | area=   all | maxDets=100 ] = 0.411
 Average Precision  (AP) @[ IoU=0.50      | area=   all | maxDets=1000 ] = 0.515
 Average Precision  (AP) @[ IoU=0.75      | area=   all | maxDets=1000 ] = 0.464
 Average Precision  (AP) @[ IoU=0.50:0.95 | area= small | maxDets=1000 ] = 0.300
 Average Precision  (AP) @[ IoU=0.50:0.95 | area=medium | maxDets=1000 ] = 0.383
 Average Precision  (AP) @[ IoU=0.50:0.95 | area= large | maxDets=1000 ] = 0.503
 Average Recall     (AR) @[ IoU=0.50:0.95 | area=   all | maxDets=100 ] = 0.733
 Average Recall     (AR) @[ IoU=0.50:0.95 | area=   all | maxDets=300 ] = 0.733
 Average Recall     (AR) @[ IoU=0.50:0.95 | area=   all | maxDets=1000 ] = 0.733
 Average Recall     (AR) @[ IoU=0.50:0.95 | area= small | maxDets=1000 ] = 0.598
 Average Recall     (AR) @[ IoU=0.50:0.95 | area=medium | maxDets=1000 ] = 0.711
 Average Recall     (AR) @[ IoU=0.50:0.95 | area= large | maxDets=1000 ] = 0.808
07/08 02:52:47 - mmengine - INFO - bbox_mAP_copypaste: 0.411 0.515 0.464 0.300 0.383 0.503
07/08 02:52:47 - mmengine - INFO - Epoch(val) [2][757/757]    coco/bbox_mAP: 0.4110  coco/bbox_mAP_50: 0.5150  coco/bbox_mAP_75: 0.4640  coco/bbox_mAP_s: 0.3000  coco/bbox_mAP_m: 0.3830  coco/bbox_mAP_l: 0.5030  data_time: 0.0039  time: 0.0470
07/08 02:52:50 - mmengine - INFO - The best checkpoint with 0.4110 coco/bbox_mAP at 2 epoch is saved to best_coco_bbox_mAP_epoch_2.pth.
07/08 02:53:16 - mmengine - INFO - Epoch(train) [3][ 50/628]  base_lr: 1.4565e-05 lr: 1.4565e-05  eta: 0:08:55  time: 0.4509  data_time: 0.0181  memory: 5173  grad_norm: 312.6245  loss: 90.8192  loss_cls: 32.5711  loss_bbox: 26.6435  loss_dfl: 31.6045
07/08 02:53:38 - mmengine - INFO - Epoch(train) [3][100/628]  base_lr: 1.3973e-05 lr: 1.3973e-05  eta: 0:08:32  time: 0.4392  data_time: 0.0041  memory: 5253  grad_norm: 314.8251  loss: 91.3074  loss_cls: 32.4799  loss_bbox: 27.2086  loss_dfl: 31.6189
07/08 02:54:00 - mmengine - INFO - Epoch(train) [3][150/628]  base_lr: 1.3382e-05 lr: 1.3382e-05  eta: 0:08:10  time: 0.4359  data_time: 0.0041  memory: 5033  grad_norm: 335.5753  loss: 90.9605  loss_cls: 32.4334  loss_bbox: 26.6357  loss_dfl: 31.8914
07/08 02:54:22 - mmengine - INFO - Epoch(train) [3][200/628]  base_lr: 1.2790e-05 lr: 1.2790e-05  eta: 0:07:48  time: 0.4424  data_time: 0.0039  memory: 5153  grad_norm: 337.4564  loss: 92.0108  loss_cls: 32.9455  loss_bbox: 27.0690  loss_dfl: 31.9964
07/08 02:54:44 - mmengine - INFO - Epoch(train) [3][250/628]  base_lr: 1.2199e-05 lr: 1.2199e-05  eta: 0:07:25  time: 0.4401  data_time: 0.0039  memory: 5179  grad_norm: 311.2725  loss: 89.7838  loss_cls: 32.2405  loss_bbox: 26.2013  loss_dfl: 31.3421
07/08 02:55:06 - mmengine - INFO - Epoch(train) [3][300/628]  base_lr: 1.1608e-05 lr: 1.1608e-05  eta: 0:07:03  time: 0.4383  data_time: 0.0040  memory: 5059  grad_norm: 332.4528  loss: 90.0760  loss_cls: 32.6507  loss_bbox: 26.0523  loss_dfl: 31.3730
07/08 02:55:28 - mmengine - INFO - Epoch(train) [3][350/628]  base_lr: 1.1016e-05 lr: 1.1016e-05  eta: 0:06:41  time: 0.4426  data_time: 0.0040  memory: 5186  grad_norm: 348.2717  loss: 91.7414  loss_cls: 33.1166  loss_bbox: 26.9042  loss_dfl: 31.7207
07/08 02:55:50 - mmengine - INFO - Epoch(train) [3][400/628]  base_lr: 1.0425e-05 lr: 1.0425e-05  eta: 0:06:19  time: 0.4451  data_time: 0.0039  memory: 5059  grad_norm: 339.5162  loss: 91.3763  loss_cls: 32.5167  loss_bbox: 26.9882  loss_dfl: 31.8714
07/08 02:56:12 - mmengine - INFO - Epoch(train) [3][450/628]  base_lr: 9.8333e-06 lr: 9.8333e-06  eta: 0:05:57  time: 0.4419  data_time: 0.0038  memory: 5333  grad_norm: 307.3145  loss: 90.4679  loss_cls: 32.2717  loss_bbox: 26.5248  loss_dfl: 31.6714
07/08 02:56:34 - mmengine - INFO - Epoch(train) [3][500/628]  base_lr: 9.2419e-06 lr: 9.2419e-06  eta: 0:05:34  time: 0.4403  data_time: 0.0039  memory: 5126  grad_norm: 332.8309  loss: 90.3724  loss_cls: 31.8157  loss_bbox: 26.6952  loss_dfl: 31.8615
07/08 02:56:57 - mmengine - INFO - Epoch(train) [3][550/628]  base_lr: 8.6505e-06 lr: 8.6505e-06  eta: 0:05:12  time: 0.4459  data_time: 0.0038  memory: 5179  grad_norm: 310.2349  loss: 91.5120  loss_cls: 32.6561  loss_bbox: 27.1031  loss_dfl: 31.7529
07/08 02:57:19 - mmengine - INFO - Epoch(train) [3][600/628]  base_lr: 8.0591e-06 lr: 8.0591e-06  eta: 0:04:50  time: 0.4491  data_time: 0.0039  memory: 4979  grad_norm: 316.2767  loss: 93.0639  loss_cls: 33.4059  loss_bbox: 27.6658  loss_dfl: 31.9922
07/08 02:57:31 - mmengine - INFO - Exp name: wedetect_reorg_v11dt_s2_20260708_024203
07/08 02:57:31 - mmengine - INFO - Saving checkpoint at 3 epochs
07/08 02:57:58 - mmengine - INFO - Epoch(train) [4][ 50/628]  base_lr: 7.1366e-06 lr: 7.1366e-06  eta: 0:04:16  time: 0.4751  data_time: 0.0295  memory: 5126  grad_norm: 334.8893  loss: 91.7342  loss_cls: 33.1767  loss_bbox: 26.6243  loss_dfl: 31.9332
07/08 02:58:21 - mmengine - INFO - Epoch(train) [4][100/628]  base_lr: 6.5452e-06 lr: 6.5452e-06  eta: 0:03:54  time: 0.4468  data_time: 0.0041  memory: 5113  grad_norm: 319.5653  loss: 93.4378  loss_cls: 33.8894  loss_bbox: 27.4757  loss_dfl: 32.0727
07/08 02:58:28 - mmengine - INFO - Exp name: wedetect_reorg_v11dt_s2_20260708_024203
07/08 02:58:43 - mmengine - INFO - Epoch(train) [4][150/628]  base_lr: 5.9538e-06 lr: 5.9538e-06  eta: 0:03:32  time: 0.4444  data_time: 0.0042  memory: 5006  grad_norm: 317.2239  loss: 89.7331  loss_cls: 32.5781  loss_bbox: 25.8189  loss_dfl: 31.3361
07/08 02:59:05 - mmengine - INFO - Epoch(train) [4][200/628]  base_lr: 5.3624e-06 lr: 5.3624e-06  eta: 0:03:10  time: 0.4412  data_time: 0.0039  memory: 5086  grad_norm: 312.4802  loss: 93.6736  loss_cls: 34.0181  loss_bbox: 27.4287  loss_dfl: 32.2268
07/08 02:59:27 - mmengine - INFO - Epoch(train) [4][250/628]  base_lr: 4.7710e-06 lr: 4.7710e-06  eta: 0:02:47  time: 0.4492  data_time: 0.0038  memory: 5139  grad_norm: 300.9174  loss: 91.4605  loss_cls: 32.8260  loss_bbox: 26.7980  loss_dfl: 31.8365
07/08 02:59:50 - mmengine - INFO - Epoch(train) [4][300/628]  base_lr: 4.1796e-06 lr: 4.1796e-06  eta: 0:02:25  time: 0.4472  data_time: 0.0041  memory: 5239  grad_norm: 310.8645  loss: 89.5847  loss_cls: 32.1219  loss_bbox: 26.1219  loss_dfl: 31.3409
07/08 03:00:12 - mmengine - INFO - Epoch(train) [4][350/628]  base_lr: 3.5882e-06 lr: 3.5882e-06  eta: 0:02:03  time: 0.4444  data_time: 0.0041  memory: 5399  grad_norm: 315.8630  loss: 91.6610  loss_cls: 32.9438  loss_bbox: 26.9760  loss_dfl: 31.7411
07/08 03:00:34 - mmengine - INFO - Epoch(train) [4][400/628]  base_lr: 2.9968e-06 lr: 2.9968e-06  eta: 0:01:41  time: 0.4411  data_time: 0.0037  memory: 5233  grad_norm: 300.3338  loss: 91.4343  loss_cls: 32.1666  loss_bbox: 27.0409  loss_dfl: 32.2268
07/08 03:00:56 - mmengine - INFO - Epoch(train) [4][450/628]  base_lr: 2.4054e-06 lr: 2.4054e-06  eta: 0:01:19  time: 0.4463  data_time: 0.0044  memory: 5106  grad_norm: 285.1810  loss: 91.1512  loss_cls: 32.2895  loss_bbox: 27.0691  loss_dfl: 31.7926
07/08 03:01:19 - mmengine - INFO - Epoch(train) [4][500/628]  base_lr: 1.8140e-06 lr: 1.8140e-06  eta: 0:00:56  time: 0.4479  data_time: 0.0037  memory: 5059  grad_norm: 309.6104  loss: 92.1314  loss_cls: 33.1165  loss_bbox: 27.2592  loss_dfl: 31.7557
07/08 03:01:41 - mmengine - INFO - Epoch(train) [4][550/628]  base_lr: 1.2226e-06 lr: 1.2226e-06  eta: 0:00:34  time: 0.4457  data_time: 0.0037  memory: 5433  grad_norm: 278.7453  loss: 88.3753  loss_cls: 32.0734  loss_bbox: 25.3978  loss_dfl: 30.9042
07/08 03:02:03 - mmengine - INFO - Epoch(train) [4][600/628]  base_lr: 6.3118e-07 lr: 6.3118e-07  eta: 0:00:12  time: 0.4384  data_time: 0.0038  memory: 5526  grad_norm: 292.4999  loss: 90.3045  loss_cls: 32.4924  loss_bbox: 26.2751  loss_dfl: 31.5370
07/08 03:02:16 - mmengine - INFO - Exp name: wedetect_reorg_v11dt_s2_20260708_024203
07/08 03:02:16 - mmengine - INFO - Saving checkpoint at 4 epochs
07/08 03:02:22 - mmengine - INFO - Epoch(val) [4][ 50/757]    eta: 0:00:42  time: 0.0601  data_time: 0.0176  memory: 5079  
07/08 03:02:24 - mmengine - INFO - Epoch(val) [4][100/757]    eta: 0:00:33  time: 0.0433  data_time: 0.0003  memory: 1209  
07/08 03:02:27 - mmengine - INFO - Epoch(val) [4][150/757]    eta: 0:00:33  time: 0.0645  data_time: 0.0216  memory: 1209  
07/08 03:02:30 - mmengine - INFO - Epoch(val) [4][200/757]    eta: 0:00:30  time: 0.0493  data_time: 0.0069  memory: 1209  
07/08 03:02:32 - mmengine - INFO - Epoch(val) [4][250/757]    eta: 0:00:26  time: 0.0431  data_time: 0.0003  memory: 1209  
07/08 03:02:34 - mmengine - INFO - Epoch(val) [4][300/757]    eta: 0:00:23  time: 0.0446  data_time: 0.0019  memory: 1209  
07/08 03:02:36 - mmengine - INFO - Epoch(val) [4][350/757]    eta: 0:00:20  time: 0.0429  data_time: 0.0002  memory: 1209  
07/08 03:02:38 - mmengine - INFO - Epoch(val) [4][400/757]    eta: 0:00:17  time: 0.0427  data_time: 0.0002  memory: 1209  
07/08 03:02:41 - mmengine - INFO - Epoch(val) [4][450/757]    eta: 0:00:14  time: 0.0427  data_time: 0.0002  memory: 1209  
07/08 03:02:43 - mmengine - INFO - Epoch(val) [4][500/757]    eta: 0:00:12  time: 0.0523  data_time: 0.0047  memory: 1209  
07/08 03:02:45 - mmengine - INFO - Epoch(val) [4][550/757]    eta: 0:00:09  time: 0.0430  data_time: 0.0002  memory: 1209  
07/08 03:02:48 - mmengine - INFO - Epoch(val) [4][600/757]    eta: 0:00:07  time: 0.0433  data_time: 0.0003  memory: 1209  
07/08 03:02:50 - mmengine - INFO - Epoch(val) [4][650/757]    eta: 0:00:05  time: 0.0431  data_time: 0.0002  memory: 1209  
07/08 03:02:52 - mmengine - INFO - Epoch(val) [4][700/757]    eta: 0:00:02  time: 0.0427  data_time: 0.0002  memory: 1209  
07/08 03:02:54 - mmengine - INFO - Epoch(val) [4][750/757]    eta: 0:00:00  time: 0.0426  data_time: 0.0002  memory: 1209  
07/08 03:02:59 - mmengine - INFO - Evaluating bbox...
Loading and preparing results...
DONE (t=1.23s)
creating index...
index created!
Running per image evaluation...
Evaluate annotation type *bbox*
DONE (t=15.86s).
Accumulating evaluation results...
DONE (t=5.68s).
 Average Precision  (AP) @[ IoU=0.50:0.95 | area=   all | maxDets=100 ] = 0.418
 Average Precision  (AP) @[ IoU=0.50      | area=   all | maxDets=1000 ] = 0.522
 Average Precision  (AP) @[ IoU=0.75      | area=   all | maxDets=1000 ] = 0.471
 Average Precision  (AP) @[ IoU=0.50:0.95 | area= small | maxDets=1000 ] = 0.305
 Average Precision  (AP) @[ IoU=0.50:0.95 | area=medium | maxDets=1000 ] = 0.393
 Average Precision  (AP) @[ IoU=0.50:0.95 | area= large | maxDets=1000 ] = 0.512
 Average Recall     (AR) @[ IoU=0.50:0.95 | area=   all | maxDets=100 ] = 0.738
 Average Recall     (AR) @[ IoU=0.50:0.95 | area=   all | maxDets=300 ] = 0.738
 Average Recall     (AR) @[ IoU=0.50:0.95 | area=   all | maxDets=1000 ] = 0.738
 Average Recall     (AR) @[ IoU=0.50:0.95 | area= small | maxDets=1000 ] = 0.603
 Average Recall     (AR) @[ IoU=0.50:0.95 | area=medium | maxDets=1000 ] = 0.713
 Average Recall     (AR) @[ IoU=0.50:0.95 | area= large | maxDets=1000 ] = 0.820
07/08 03:03:23 - mmengine - INFO - bbox_mAP_copypaste: 0.418 0.522 0.471 0.305 0.393 0.512
07/08 03:03:24 - mmengine - INFO - Epoch(val) [4][757/757]    coco/bbox_mAP: 0.4180  coco/bbox_mAP_50: 0.5220  coco/bbox_mAP_75: 0.4710  coco/bbox_mAP_s: 0.3050  coco/bbox_mAP_m: 0.3930  coco/bbox_mAP_l: 0.5120  data_time: 0.0036  time: 0.0466
07/08 03:03:24 - mmengine - INFO - The previous best checkpoint /home/siyuan/projects/LLMs/OralDetect-Family/WeDetect_repro/WeDetect/work_dirs/reorg_v11dt_s2/best_coco_bbox_mAP_epoch_2.pth is removed
07/08 03:03:27 - mmengine - INFO - The best checkpoint with 0.4180 coco/bbox_mAP at 4 epoch is saved to best_coco_bbox_mAP_epoch_4.pth.
[rank0]:[W708 03:03:41.233979512 ProcessGroupNCCL.cpp:1250] Warning: WARNING: process group has NOT been destroyed before we destruct ProcessGroupNCCL. On normal program exit, the application should call destroy_process_group to ensure that any pending NCCL operations have finished in this process. In rare cases this process can exit before this point and block the progress of another member of the process group. This constraint has always been present,  but this warning has only been added since PyTorch 2.4 (function operator())
########## STAGE 3 (unfreeze all, e2e, lr 2e-5, 12ep) ##########
W0708 03:03:43.608000 1070870 site-packages/torch/distributed/run.py:793] 
W0708 03:03:43.608000 1070870 site-packages/torch/distributed/run.py:793] *****************************************
W0708 03:03:43.608000 1070870 site-packages/torch/distributed/run.py:793] Setting OMP_NUM_THREADS environment variable for each process to be 1 in default, to avoid your system being overloaded, please further tune the variable for optimal performance in your application as needed. 
W0708 03:03:43.608000 1070870 site-packages/torch/distributed/run.py:793] *****************************************
/home/siyuan/anaconda3/envs/wedetect_official/lib/python3.10/site-packages/mmengine/optim/optimizer/zero_optimizer.py:11: DeprecationWarning: `TorchScript` support for functional optimizers is deprecated and will be removed in a future PyTorch release. Consider using the `torch.compile` optimizer instead.
  from torch.distributed.optim import \
/home/siyuan/anaconda3/envs/wedetect_official/lib/python3.10/site-packages/mmengine/optim/optimizer/zero_optimizer.py:11: DeprecationWarning: `TorchScript` support for functional optimizers is deprecated and will be removed in a future PyTorch release. Consider using the `torch.compile` optimizer instead.
  from torch.distributed.optim import \
/home/siyuan/anaconda3/envs/wedetect_official/lib/python3.10/site-packages/mmengine/optim/optimizer/zero_optimizer.py:11: DeprecationWarning: `TorchScript` support for functional optimizers is deprecated and will be removed in a future PyTorch release. Consider using the `torch.compile` optimizer instead.
  from torch.distributed.optim import \
/home/siyuan/anaconda3/envs/wedetect_official/lib/python3.10/site-packages/mmengine/optim/optimizer/zero_optimizer.py:11: DeprecationWarning: `TorchScript` support for functional optimizers is deprecated and will be removed in a future PyTorch release. Consider using the `torch.compile` optimizer instead.
  from torch.distributed.optim import \
/home/siyuan/.local/lib/python3.10/site-packages/fairscale/experimental/nn/offload.py:19: FutureWarning: `torch.cuda.amp.custom_fwd(args...)` is deprecated. Please use `torch.amp.custom_fwd(args..., device_type='cuda')` instead.
  return torch.cuda.amp.custom_fwd(orig_func)  # type: ignore
/home/siyuan/.local/lib/python3.10/site-packages/fairscale/experimental/nn/offload.py:30: FutureWarning: `torch.cuda.amp.custom_bwd(args...)` is deprecated. Please use `torch.amp.custom_bwd(args..., device_type='cuda')` instead.
  return torch.cuda.amp.custom_bwd(orig_func)  # type: ignore
/home/siyuan/.local/lib/python3.10/site-packages/fairscale/experimental/nn/offload.py:19: FutureWarning: `torch.cuda.amp.custom_fwd(args...)` is deprecated. Please use `torch.amp.custom_fwd(args..., device_type='cuda')` instead.
  return torch.cuda.amp.custom_fwd(orig_func)  # type: ignore
/home/siyuan/.local/lib/python3.10/site-packages/fairscale/experimental/nn/offload.py:30: FutureWarning: `torch.cuda.amp.custom_bwd(args...)` is deprecated. Please use `torch.amp.custom_bwd(args..., device_type='cuda')` instead.
  return torch.cuda.amp.custom_bwd(orig_func)  # type: ignore
/home/siyuan/.local/lib/python3.10/site-packages/fairscale/experimental/nn/offload.py:19: FutureWarning: `torch.cuda.amp.custom_fwd(args...)` is deprecated. Please use `torch.amp.custom_fwd(args..., device_type='cuda')` instead.
  return torch.cuda.amp.custom_fwd(orig_func)  # type: ignore
/home/siyuan/.local/lib/python3.10/site-packages/fairscale/experimental/nn/offload.py:30: FutureWarning: `torch.cuda.amp.custom_bwd(args...)` is deprecated. Please use `torch.amp.custom_bwd(args..., device_type='cuda')` instead.
  return torch.cuda.amp.custom_bwd(orig_func)  # type: ignore
/home/siyuan/.local/lib/python3.10/site-packages/fairscale/experimental/nn/offload.py:19: FutureWarning: `torch.cuda.amp.custom_fwd(args...)` is deprecated. Please use `torch.amp.custom_fwd(args..., device_type='cuda')` instead.
  return torch.cuda.amp.custom_fwd(orig_func)  # type: ignore
/home/siyuan/.local/lib/python3.10/site-packages/fairscale/experimental/nn/offload.py:30: FutureWarning: `torch.cuda.amp.custom_bwd(args...)` is deprecated. Please use `torch.amp.custom_bwd(args..., device_type='cuda')` instead.
  return torch.cuda.amp.custom_bwd(orig_func)  # type: ignore
/home/siyuan/anaconda3/envs/wedetect_official/lib/python3.10/site-packages/mmengine/utils/dl_utils/setup_env.py:56: UserWarning: Setting MKL_NUM_THREADS environment variable for each process to be 1 in default, to avoid your system being overloaded, please further tune the variable for optimal performance in your application as needed.
  warnings.warn(
/home/siyuan/anaconda3/envs/wedetect_official/lib/python3.10/site-packages/mmengine/utils/dl_utils/setup_env.py:56: UserWarning: Setting MKL_NUM_THREADS environment variable for each process to be 1 in default, to avoid your system being overloaded, please further tune the variable for optimal performance in your application as needed.
  warnings.warn(
/home/siyuan/anaconda3/envs/wedetect_official/lib/python3.10/site-packages/mmengine/utils/dl_utils/setup_env.py:56: UserWarning: Setting MKL_NUM_THREADS environment variable for each process to be 1 in default, to avoid your system being overloaded, please further tune the variable for optimal performance in your application as needed.
  warnings.warn(
/home/siyuan/anaconda3/envs/wedetect_official/lib/python3.10/site-packages/mmengine/utils/dl_utils/setup_env.py:56: UserWarning: Setting MKL_NUM_THREADS environment variable for each process to be 1 in default, to avoid your system being overloaded, please further tune the variable for optimal performance in your application as needed.
  warnings.warn(
07/08 03:03:48 - mmengine - INFO - 
------------------------------------------------------------
System environment:
    sys.platform: linux
    Python: 3.10.20 (main, Jun 11 2026, 15:17:37) [GCC 14.3.0]
    CUDA available: True
    MUSA available: False
    numpy_random_seed: 375003498
    GPU 0,1,2,3: NVIDIA RTX A6000
    CUDA_HOME: /usr/local/cuda-11.3
    NVCC: Cuda compilation tools, release 11.3, V11.3.109
    GCC: gcc (Ubuntu 9.5.0-1ubuntu1~22.04) 9.5.0
    PyTorch: 2.5.1+cu124
    PyTorch compiling details: PyTorch built with:
  - GCC 9.3
  - C++ Version: 201703
  - Intel(R) oneAPI Math Kernel Library Version 2024.2-Product Build 20240605 for Intel(R) 64 architecture applications
  - Intel(R) MKL-DNN v3.5.3 (Git Hash 66f0cb9eb66affd2da3bf5f8d897376f04aae6af)
  - OpenMP 201511 (a.k.a. OpenMP 4.5)
  - LAPACK is enabled (usually provided by MKL)
  - NNPACK is enabled
  - CPU capability usage: AVX2
  - CUDA Runtime 12.4
  - NVCC architecture flags: -gencode;arch=compute_50,code=sm_50;-gencode;arch=compute_60,code=sm_60;-gencode;arch=compute_70,code=sm_70;-gencode;arch=compute_75,code=sm_75;-gencode;arch=compute_80,code=sm_80;-gencode;arch=compute_86,code=sm_86;-gencode;arch=compute_90,code=sm_90
  - CuDNN 90.1
  - Magma 2.6.1
  - Build settings: BLAS_INFO=mkl, BUILD_TYPE=Release, CUDA_VERSION=12.4, CUDNN_VERSION=9.1.0, CXX_COMPILER=/opt/rh/devtoolset-9/root/usr/bin/c++, CXX_FLAGS= -D_GLIBCXX_USE_CXX11_ABI=0 -fabi-version=11 -fvisibility-inlines-hidden -DUSE_PTHREADPOOL -DNDEBUG -DUSE_KINETO -DLIBKINETO_NOROCTRACER -DLIBKINETO_NOXPUPTI=ON -DUSE_FBGEMM -DUSE_PYTORCH_QNNPACK -DUSE_XNNPACK -DSYMBOLICATE_MOBILE_DEBUG_HANDLE -O2 -fPIC -Wall -Wextra -Werror=return-type -Werror=non-virtual-dtor -Werror=bool-operation -Wnarrowing -Wno-missing-field-initializers -Wno-type-limits -Wno-array-bounds -Wno-unknown-pragmas -Wno-unused-parameter -Wno-strict-overflow -Wno-strict-aliasing -Wno-stringop-overflow -Wsuggest-override -Wno-psabi -Wno-error=old-style-cast -Wno-missing-braces -fdiagnostics-color=always -faligned-new -Wno-unused-but-set-variable -Wno-maybe-uninitialized -fno-math-errno -fno-trapping-math -Werror=format -Wno-stringop-overflow, LAPACK_INFO=mkl, PERF_WITH_AVX=1, PERF_WITH_AVX2=1, TORCH_VERSION=2.5.1, USE_CUDA=ON, USE_CUDNN=ON, USE_CUSPARSELT=1, USE_EXCEPTION_PTR=1, USE_GFLAGS=OFF, USE_GLOG=OFF, USE_GLOO=ON, USE_MKL=ON, USE_MKLDNN=ON, USE_MPI=OFF, USE_NCCL=1, USE_NNPACK=ON, USE_OPENMP=ON, USE_ROCM=OFF, USE_ROCM_KERNEL_ASSERT=OFF, 

    TorchVision: 0.20.1+cu124
    OpenCV: 4.10.0
    MMEngine: 0.10.7

Runtime environment:
    cudnn_benchmark: False
    mp_cfg: {'mp_start_method': 'fork', 'opencv_num_threads': 0}
    dist_cfg: {'backend': 'nccl'}
    seed: 375003498
    Distributed launcher: pytorch
    Distributed training: True
    GPU number: 4
------------------------------------------------------------

07/08 03:03:50 - mmengine - INFO - Config:
CLASS_NAMES = '/home/siyuan/projects/LLMs/OralDetect-Family/OralDetect/datas/class_names_oraldetect_reorg.json'
CLASS_TEXT = '/home/siyuan/projects/LLMs/OralDetect-Family/OralDetect/datas/class_texts_oraldetect_reorg.json'
DATAS = '/home/siyuan/projects/LLMs/OralDetect-Family/OralDetect/datas'
DATA_ROOT = '/home/siyuan/projects/LLMs/OralDetect-Family/OralDetect/datas/'
DENTALBERT = '/home/siyuan/projects/LLMs/OralDetect-Family/OralCLIP/Bert_tuning/checkpoints/BiomedNLP-BiomedBERT-base-uncased-abstract-fulltext_dental_mlm/final'
TEST_ANN = '/home/siyuan/projects/LLMs/OralDetect-Family/OralDetect/datas/instances_oraldetect_reorg_val.json'
TRAIN_ANN = '/home/siyuan/projects/LLMs/OralDetect-Family/OralDetect/datas/instances_oraldetect_reorg_train.json'
affine_scale = 0.5
albu_train_transforms = [
    dict(p=0.01, type='Blur'),
    dict(p=0.01, type='MedianBlur'),
    dict(p=0.01, type='ToGray'),
    dict(p=0.01, type='CLAHE'),
]
backend_args = None
base_lr = 2e-05
close_mosaic_epochs = 4
coco_evaluator = dict(
    ann_file='data/coco/annotations/instances_val2017.json',
    metric='bbox',
    type='CocoMetric')
coco_val_dataset = dict(
    class_text_path='data/texts/coco_zh_class_texts.json',
    dataset=dict(
        ann_file='data/coco/annotations/instances_val2017.json',
        batch_shapes_cfg=None,
        data_prefix=dict(img='val2017'),
        data_root='data/coco/',
        test_mode=True,
        type='WeCocoDataset'),
    pipeline=[
        dict(backend_args=None, type='LoadImageFromFile'),
        dict(scale=(
            640,
            640,
        ), type='WeDetectKeepRatioResize'),
        dict(
            allow_scale_up=False,
            pad_val=dict(img=114),
            scale=(
                640,
                640,
            ),
            type='WeDetectLetterResize'),
        dict(_scope_='mmdet', type='LoadAnnotations', with_bbox=True),
        dict(type='LoadText'),
        dict(
            meta_keys=(
                'img_id',
                'img_path',
                'ori_shape',
                'img_shape',
                'scale_factor',
                'pad_param',
                'texts',
            ),
            type='PackDetInputs'),
    ],
    type='MultiModalDataset')
custom_hooks = [
    dict(
        switch_epoch=8,
        switch_pipeline=[
            dict(backend_args=None, type='LoadImageFromFile'),
            dict(type='LoadAnnotations', with_bbox=True),
            dict(scale=(
                640,
                640,
            ), type='WeDetectKeepRatioResize'),
            dict(
                allow_scale_up=True,
                pad_val=dict(img=114.0),
                scale=(
                    640,
                    640,
                ),
                type='WeDetectLetterResize'),
            dict(
                border_val=(
                    114,
                    114,
                    114,
                ),
                max_aspect_ratio=100,
                max_rotate_degree=0.0,
                max_shear_degree=0.0,
                scaling_ratio_range=(
                    0.5,
                    1.5,
                ),
                type='WeDetectRandomAffine'),
            dict(
                bbox_params=dict(
                    format='pascal_voc',
                    label_fields=[
                        'gt_bboxes_labels',
                        'gt_ignore_flags',
                    ],
                    type='BboxParams'),
                keymap=dict(gt_bboxes='bboxes', img='image'),
                transforms=[
                    dict(p=0.01, type='Blur'),
                    dict(p=0.01, type='MedianBlur'),
                    dict(p=0.01, type='ToGray'),
                    dict(p=0.01, type='CLAHE'),
                ],
                type='mmdet.Albu'),
            dict(type='WeDetectHSVRandomAug'),
            dict(prob=0.5, type='mmdet.RandomFlip'),
            dict(
                max_num_samples=81,
                num_neg_samples=(
                    81,
                    81,
                ),
                padding_to_max=True,
                padding_value='',
                type='RandomLoadText'),
            dict(
                meta_keys=(
                    'img_id',
                    'img_path',
                    'ori_shape',
                    'img_shape',
                    'flip',
                    'flip_direction',
                    'texts',
                ),
                type='mmdet.PackDetInputs'),
        ],
        type='mmdet.PipelineSwitchHook'),
]
custom_imports = dict(
    allow_failed_imports=False, imports=[
        'wedetect',
    ])
default_hooks = dict(
    checkpoint=dict(
        interval=1,
        max_keep_ckpts=3,
        save_best='coco/bbox_mAP',
        type='CheckpointHook'),
    logger=dict(interval=50, type='LoggerHook'),
    param_scheduler=dict(type='ParamSchedulerHook'),
    sampler_seed=dict(type='DistSamplerSeedHook'),
    timer=dict(type='IterTimerHook'),
    visualization=dict(type='mmdet.DetVisualizationHook'))
default_scope = 'mmdet'
dist_cfg = dict(backend='nccl', timeout=10800)
env_cfg = dict(
    cudnn_benchmark=False,
    dist_cfg=dict(backend='nccl'),
    mp_cfg=dict(mp_start_method='fork', opencv_num_threads=0))
find_unused_parameters = True
img_scale = (
    640,
    640,
)
launcher = 'pytorch'
load_from = 'work_dirs/reorg_v11dt_s2/epoch_4.pth'
log_level = 'INFO'
log_processor = dict(by_epoch=True, type='LogProcessor', window_size=50)
loss_bbox_weight = 7.5
loss_cls_weight = 0.5
loss_dfl_weight = 0.375
lvis_minival_dataset = dict(
    class_text_path='data/texts/lvis_v1_zh_class_texts.json',
    dataset=dict(
        ann_file='data/lvis/lvis_v1_minival_inserted_image_name.json',
        batch_shapes_cfg=None,
        data_prefix=dict(img=''),
        data_root='data/coco/',
        test_mode=True,
        type='YOLOv5LVISV1Dataset'),
    pipeline=[
        dict(backend_args=None, type='LoadImageFromFile'),
        dict(scale=(
            640,
            640,
        ), type='WeDetectKeepRatioResize'),
        dict(
            allow_scale_up=False,
            pad_val=dict(img=114),
            scale=(
                640,
                640,
            ),
            type='WeDetectLetterResize'),
        dict(_scope_='mmdet', type='LoadAnnotations', with_bbox=True),
        dict(type='LoadText'),
        dict(
            meta_keys=(
                'img_id',
                'img_path',
                'ori_shape',
                'img_shape',
                'scale_factor',
                'pad_param',
                'texts',
            ),
            type='PackDetInputs'),
    ],
    type='MultiModalDataset')
lvis_minival_evaluator = dict(
    ann_file='data/lvis/lvis_v1_minival_inserted_image_name.json',
    metric='bbox',
    type='LVISMetric')
lvis_od_val_dataset = dict(
    class_text_path='data/texts/lvis_v1_zh_class_texts.json',
    dataset=dict(
        ann_file='data/lvis/lvis_od_val.json',
        batch_shapes_cfg=None,
        data_prefix=dict(img=''),
        data_root='data/coco/',
        test_mode=True,
        type='YOLOv5LVISV1Dataset'),
    pipeline=[
        dict(backend_args=None, type='LoadImageFromFile'),
        dict(scale=(
            640,
            640,
        ), type='WeDetectKeepRatioResize'),
        dict(
            allow_scale_up=False,
            pad_val=dict(img=114),
            scale=(
                640,
                640,
            ),
            type='WeDetectLetterResize'),
        dict(_scope_='mmdet', type='LoadAnnotations', with_bbox=True),
        dict(type='LoadText'),
        dict(
            meta_keys=(
                'img_id',
                'img_path',
                'ori_shape',
                'img_shape',
                'scale_factor',
                'pad_param',
                'texts',
            ),
            type='PackDetInputs'),
    ],
    type='MultiModalDataset')
lvis_od_val_evaluator = dict(
    ann_file='data/lvis/lvis_od_val.json', metric='bbox', type='LVISMetric')
max_epochs = 12
metainfo = dict(
    classes=(
        'abnormal oral epithelial cell',
        'alveolar bone loss',
        'anterior teeth with fluorosis',
        'anterior teeth without fluorosis',
        'canine',
        'central incisor',
        'craniofacial or oral anomaly',
        'dental abrasion',
        'dental caries',
        'dental crown restoration',
        'dental filling',
        'dental implant',
        'dental opacity',
        'dental restoration',
        'dental restoration (filling or crown)',
        'dividing oral cell',
        'first molar',
        'first premolar',
        'foreign object or debris',
        'hard recognized oral cell',
        'impacted wisdom tooth',
        'intraoral appliance',
        'lateral incisor',
        'lightly abnormal oral cell',
        'malignant oral cell',
        'mandibular canal',
        'maxillary sinus',
        'missing or residual root',
        'missing teeth',
        'normal',
        'normal oral cell',
        'oral blood cell',
        'orthodontic bracket',
        'periapical lesion',
        'periodontal pocket',
        'primary endodontic lesion',
        'primary endodontic with secondary periodontal lesion',
        'primary periodontal lesion',
        'primary periodontal with secondary endodontic lesion',
        'reactive oral cell',
        'root canal treatment',
        'second molar',
        'second premolar',
        'severe gingivitis',
        'suspicious malignant oral cell',
        'tooth 11 (upper right central incisor)',
        'tooth 12 (upper right lateral incisor)',
        'tooth 13 (upper right canine)',
        'tooth 14 (upper right first premolar)',
        'tooth 15 (upper right second premolar)',
        'tooth 16 (upper right first molar)',
        'tooth 17 (upper right second molar)',
        'tooth 18 (upper right third molar)',
        'tooth 21 (upper left central incisor)',
        'tooth 22 (upper left lateral incisor)',
        'tooth 23 (upper left canine)',
        'tooth 24 (upper left first premolar)',
        'tooth 25 (upper left second premolar)',
        'tooth 26 (upper left first molar)',
        'tooth 27 (upper left second molar)',
        'tooth 28 (upper left third molar)',
        'tooth 31 (lower left central incisor)',
        'tooth 32 (lower left lateral incisor)',
        'tooth 33 (lower left canine)',
        'tooth 34 (lower left first premolar)',
        'tooth 35 (lower left second premolar)',
        'tooth 36 (lower left first molar)',
        'tooth 37 (lower left second molar)',
        'tooth 38 (lower left third molar)',
        'tooth 41 (lower right central incisor)',
        'tooth 42 (lower right lateral incisor)',
        'tooth 43 (lower right canine)',
        'tooth 44 (lower right first premolar)',
        'tooth 45 (lower right second premolar)',
        'tooth 46 (lower right first molar)',
        'tooth 47 (lower right second molar)',
        'tooth 48 (lower right third molar)',
        'tooth erosion',
        'tooth malformation',
        'true combined endo-perio lesion',
        'tumor',
    ))
mixup_prob = 0.15
model = dict(
    backbone=dict(
        image_model=dict(
            frozen_modules=[],
            model_name='base',
            type='ConvNextVisionBackbone'),
        text_model=dict(
            frozen_modules=[],
            model_name=
            '/home/siyuan/projects/LLMs/OralDetect-Family/OralCLIP/Bert_tuning/checkpoints/BiomedNLP-BiomedBERT-base-uncased-abstract-fulltext_dental_mlm/final',
            model_size='base',
            type='DentalBertLanguageBackbone'),
        type='MultiModalYOLOBackbone'),
    bbox_head=dict(
        bbox_coder=dict(type='WeDetectDistancePointBBoxCoder'),
        head_module=dict(
            embed_dims=768,
            in_channels=[
                256,
                512,
                1024,
            ],
            model_size='base',
            num_classes=81,
            type='YOLOWorldHeadModule',
            use_bn_head=True),
        loss_bbox=dict(
            bbox_format='xyxy',
            iou_mode='ciou',
            loss_weight=7.5,
            reduction='sum',
            return_iou=False,
            type='mmyoloIoULoss'),
        loss_cls=dict(
            loss_weight=0.5,
            reduction='none',
            type='CrossEntropyLoss',
            use_sigmoid=True),
        loss_dfl=dict(
            loss_weight=0.375, reduction='mean', type='DistributionFocalLoss'),
        prior_generator=dict(
            offset=0.5, strides=[
                8,
                16,
                32,
            ], type='MlvlPointGenerator'),
        type='YOLOWorldHead'),
    data_preprocessor=dict(
        bgr_to_rgb=True,
        mean=[
            0.0,
            0.0,
            0.0,
        ],
        std=[
            255.0,
            255.0,
            255.0,
        ],
        type='YOLOWDetDataPreprocessor'),
    mm_neck=False,
    neck=dict(model_size='base', scale_factor=1.0, type='CSPRepBiFPANNeck'),
    num_test_classes=81,
    num_train_classes=81,
    test_cfg=dict(
        max_per_img=300,
        multi_label=True,
        nms=dict(iou_threshold=0.7, type='nms'),
        nms_pre=30000,
        score_thr=0.001),
    train_cfg=dict(
        assigner=dict(
            alpha=0.5,
            beta=6.0,
            eps=1e-09,
            num_classes=81,
            topk=10,
            type='BatchTaskAlignedAssigner',
            use_ciou=True)),
    type='YOLOWorldDetector')
model_test_cfg = dict(
    max_per_img=300,
    multi_label=True,
    nms=dict(iou_threshold=0.7, type='nms'),
    nms_pre=30000,
    score_thr=0.001)
mosaic_affine_transform = [
    dict(
        img_scale=(
            640,
            640,
        ),
        pad_val=114.0,
        pre_transform=[
            dict(backend_args=None, type='LoadImageFromFile'),
            dict(type='LoadAnnotations', with_bbox=True),
        ],
        type='MultiModalMosaic'),
    dict(
        border=(
            -320,
            -320,
        ),
        border_val=(
            114,
            114,
            114,
        ),
        max_aspect_ratio=100.0,
        max_rotate_degree=0.0,
        max_shear_degree=0.0,
        scaling_ratio_range=(
            0.5,
            1.5,
        ),
        type='WeDetectRandomAffine'),
]
neck_embed_channels = [
    128,
    256,
    512,
]
neck_num_heads = [
    4,
    8,
    16,
]
num_classes = 81
num_training_classes = 81
optim_wrapper = dict(
    clip_grad=dict(max_norm=10.0),
    constructor='YOLOWv5OptimizerConstructor',
    optimizer=dict(
        batch_size_per_gpu=8, lr=2e-05, type='AdamW', weight_decay=0.05),
    paramwise_cfg=dict(
        custom_keys=dict({
            'backbone.text_model': dict(lr_mult=0.1),
            'logit_scale': dict(weight_decay=0.0)
        })),
    type='OptimWrapper')
param_scheduler = [
    dict(
        begin=0,
        by_epoch=False,
        end=1000,
        end_factor=1.0,
        start_factor=0.001,
        type='LinearLR'),
    dict(
        begin=0,
        by_epoch=True,
        convert_to_iter_based=True,
        end=12,
        end_factor=0.001,
        start_factor=1.0,
        type='LinearLR'),
]
persistent_workers = True
pre_transform = [
    dict(backend_args=None, type='LoadImageFromFile'),
    dict(type='LoadAnnotations', with_bbox=True),
]
resume = False
save_epoch_intervals = 1
tal_alpha = 0.5
tal_beta = 6.0
tal_topk = 10
test_cfg = dict(type='TestLoop')
test_dataloader = dict(
    batch_size=1,
    dataset=dict(
        class_text_path=
        '/home/siyuan/projects/LLMs/OralDetect-Family/OralDetect/datas/class_texts_oraldetect_reorg.json',
        dataset=dict(
            ann_file=
            '/home/siyuan/projects/LLMs/OralDetect-Family/OralDetect/datas/instances_oraldetect_reorg_val.json',
            batch_shapes_cfg=None,
            data_prefix=dict(img='oraldetect_reorg2017/'),
            data_root=
            '/home/siyuan/projects/LLMs/OralDetect-Family/OralDetect/datas/',
            metainfo=dict(
                classes=(
                    'abnormal oral epithelial cell',
                    'alveolar bone loss',
                    'anterior teeth with fluorosis',
                    'anterior teeth without fluorosis',
                    'canine',
                    'central incisor',
                    'craniofacial or oral anomaly',
                    'dental abrasion',
                    'dental caries',
                    'dental crown restoration',
                    'dental filling',
                    'dental implant',
                    'dental opacity',
                    'dental restoration',
                    'dental restoration (filling or crown)',
                    'dividing oral cell',
                    'first molar',
                    'first premolar',
                    'foreign object or debris',
                    'hard recognized oral cell',
                    'impacted wisdom tooth',
                    'intraoral appliance',
                    'lateral incisor',
                    'lightly abnormal oral cell',
                    'malignant oral cell',
                    'mandibular canal',
                    'maxillary sinus',
                    'missing or residual root',
                    'missing teeth',
                    'normal',
                    'normal oral cell',
                    'oral blood cell',
                    'orthodontic bracket',
                    'periapical lesion',
                    'periodontal pocket',
                    'primary endodontic lesion',
                    'primary endodontic with secondary periodontal lesion',
                    'primary periodontal lesion',
                    'primary periodontal with secondary endodontic lesion',
                    'reactive oral cell',
                    'root canal treatment',
                    'second molar',
                    'second premolar',
                    'severe gingivitis',
                    'suspicious malignant oral cell',
                    'tooth 11 (upper right central incisor)',
                    'tooth 12 (upper right lateral incisor)',
                    'tooth 13 (upper right canine)',
                    'tooth 14 (upper right first premolar)',
                    'tooth 15 (upper right second premolar)',
                    'tooth 16 (upper right first molar)',
                    'tooth 17 (upper right second molar)',
                    'tooth 18 (upper right third molar)',
                    'tooth 21 (upper left central incisor)',
                    'tooth 22 (upper left lateral incisor)',
                    'tooth 23 (upper left canine)',
                    'tooth 24 (upper left first premolar)',
                    'tooth 25 (upper left second premolar)',
                    'tooth 26 (upper left first molar)',
                    'tooth 27 (upper left second molar)',
                    'tooth 28 (upper left third molar)',
                    'tooth 31 (lower left central incisor)',
                    'tooth 32 (lower left lateral incisor)',
                    'tooth 33 (lower left canine)',
                    'tooth 34 (lower left first premolar)',
                    'tooth 35 (lower left second premolar)',
                    'tooth 36 (lower left first molar)',
                    'tooth 37 (lower left second molar)',
                    'tooth 38 (lower left third molar)',
                    'tooth 41 (lower right central incisor)',
                    'tooth 42 (lower right lateral incisor)',
                    'tooth 43 (lower right canine)',
                    'tooth 44 (lower right first premolar)',
                    'tooth 45 (lower right second premolar)',
                    'tooth 46 (lower right first molar)',
                    'tooth 47 (lower right second molar)',
                    'tooth 48 (lower right third molar)',
                    'tooth erosion',
                    'tooth malformation',
                    'true combined endo-perio lesion',
                    'tumor',
                )),
            test_mode=True,
            type='WeCocoDataset'),
        pipeline=[
            dict(backend_args=None, type='LoadImageFromFile'),
            dict(scale=(
                640,
                640,
            ), type='WeDetectKeepRatioResize'),
            dict(
                allow_scale_up=False,
                pad_val=dict(img=114),
                scale=(
                    640,
                    640,
                ),
                type='WeDetectLetterResize'),
            dict(_scope_='mmdet', type='LoadAnnotations', with_bbox=True),
            dict(type='LoadText'),
            dict(
                meta_keys=(
                    'img_id',
                    'img_path',
                    'ori_shape',
                    'img_shape',
                    'scale_factor',
                    'pad_param',
                    'texts',
                ),
                type='PackDetInputs'),
        ],
        type='MultiModalDataset'),
    drop_last=False,
    num_workers=2,
    persistent_workers=True,
    pin_memory=True,
    sampler=dict(shuffle=False, type='DefaultSampler'))
test_evaluator = dict(
    ann_file=
    '/home/siyuan/projects/LLMs/OralDetect-Family/OralDetect/datas/instances_oraldetect_reorg_val.json',
    metric='bbox',
    type='CocoMetric')
test_pipeline = [
    dict(backend_args=None, type='LoadImageFromFile'),
    dict(scale=(
        640,
        640,
    ), type='WeDetectKeepRatioResize'),
    dict(
        allow_scale_up=False,
        pad_val=dict(img=114),
        scale=(
            640,
            640,
        ),
        type='WeDetectLetterResize'),
    dict(_scope_='mmdet', type='LoadAnnotations', with_bbox=True),
    dict(type='LoadText'),
    dict(
        meta_keys=(
            'img_id',
            'img_path',
            'ori_shape',
            'img_shape',
            'scale_factor',
            'pad_param',
            'texts',
        ),
        type='PackDetInputs'),
]
text_channels = 768
text_transform = [
    dict(
        max_num_samples=81,
        num_neg_samples=(
            81,
            81,
        ),
        padding_to_max=True,
        padding_value='',
        type='RandomLoadText'),
    dict(
        meta_keys=(
            'img_id',
            'img_path',
            'ori_shape',
            'img_shape',
            'flip',
            'flip_direction',
            'texts',
        ),
        type='mmdet.PackDetInputs'),
]
train_batch_size_per_gpu = 8
train_cfg = dict(
    dynamic_intervals=[
        (
            8,
            1,
        ),
    ],
    max_epochs=12,
    type='EpochBasedTrainLoop',
    val_interval=2)
train_dataloader = dict(
    batch_size=8,
    collate_fn=dict(type='yolow_collate'),
    dataset=dict(
        class_text_path=
        '/home/siyuan/projects/LLMs/OralDetect-Family/OralDetect/datas/class_texts_oraldetect_reorg.json',
        dataset=dict(
            ann_file=
            '/home/siyuan/projects/LLMs/OralDetect-Family/OralDetect/datas/instances_oraldetect_reorg_train.json',
            data_prefix=dict(img='oraldetect_reorg2017/'),
            data_root=
            '/home/siyuan/projects/LLMs/OralDetect-Family/OralDetect/datas/',
            filter_cfg=dict(filter_empty_gt=False, min_size=32),
            metainfo=dict(
                classes=(
                    'abnormal oral epithelial cell',
                    'alveolar bone loss',
                    'anterior teeth with fluorosis',
                    'anterior teeth without fluorosis',
                    'canine',
                    'central incisor',
                    'craniofacial or oral anomaly',
                    'dental abrasion',
                    'dental caries',
                    'dental crown restoration',
                    'dental filling',
                    'dental implant',
                    'dental opacity',
                    'dental restoration',
                    'dental restoration (filling or crown)',
                    'dividing oral cell',
                    'first molar',
                    'first premolar',
                    'foreign object or debris',
                    'hard recognized oral cell',
                    'impacted wisdom tooth',
                    'intraoral appliance',
                    'lateral incisor',
                    'lightly abnormal oral cell',
                    'malignant oral cell',
                    'mandibular canal',
                    'maxillary sinus',
                    'missing or residual root',
                    'missing teeth',
                    'normal',
                    'normal oral cell',
                    'oral blood cell',
                    'orthodontic bracket',
                    'periapical lesion',
                    'periodontal pocket',
                    'primary endodontic lesion',
                    'primary endodontic with secondary periodontal lesion',
                    'primary periodontal lesion',
                    'primary periodontal with secondary endodontic lesion',
                    'reactive oral cell',
                    'root canal treatment',
                    'second molar',
                    'second premolar',
                    'severe gingivitis',
                    'suspicious malignant oral cell',
                    'tooth 11 (upper right central incisor)',
                    'tooth 12 (upper right lateral incisor)',
                    'tooth 13 (upper right canine)',
                    'tooth 14 (upper right first premolar)',
                    'tooth 15 (upper right second premolar)',
                    'tooth 16 (upper right first molar)',
                    'tooth 17 (upper right second molar)',
                    'tooth 18 (upper right third molar)',
                    'tooth 21 (upper left central incisor)',
                    'tooth 22 (upper left lateral incisor)',
                    'tooth 23 (upper left canine)',
                    'tooth 24 (upper left first premolar)',
                    'tooth 25 (upper left second premolar)',
                    'tooth 26 (upper left first molar)',
                    'tooth 27 (upper left second molar)',
                    'tooth 28 (upper left third molar)',
                    'tooth 31 (lower left central incisor)',
                    'tooth 32 (lower left lateral incisor)',
                    'tooth 33 (lower left canine)',
                    'tooth 34 (lower left first premolar)',
                    'tooth 35 (lower left second premolar)',
                    'tooth 36 (lower left first molar)',
                    'tooth 37 (lower left second molar)',
                    'tooth 38 (lower left third molar)',
                    'tooth 41 (lower right central incisor)',
                    'tooth 42 (lower right lateral incisor)',
                    'tooth 43 (lower right canine)',
                    'tooth 44 (lower right first premolar)',
                    'tooth 45 (lower right second premolar)',
                    'tooth 46 (lower right first molar)',
                    'tooth 47 (lower right second molar)',
                    'tooth 48 (lower right third molar)',
                    'tooth erosion',
                    'tooth malformation',
                    'true combined endo-perio lesion',
                    'tumor',
                )),
            type='WeCocoDataset'),
        pipeline=[
            dict(backend_args=None, type='LoadImageFromFile'),
            dict(type='LoadAnnotations', with_bbox=True),
            dict(
                img_scale=(
                    640,
                    640,
                ),
                pad_val=114.0,
                pre_transform=[
                    dict(backend_args=None, type='LoadImageFromFile'),
                    dict(type='LoadAnnotations', with_bbox=True),
                ],
                type='MultiModalMosaic'),
            dict(
                border=(
                    -320,
                    -320,
                ),
                border_val=(
                    114,
                    114,
                    114,
                ),
                max_aspect_ratio=100.0,
                max_rotate_degree=0.0,
                max_shear_degree=0.0,
                scaling_ratio_range=(
                    0.5,
                    1.5,
                ),
                type='WeDetectRandomAffine'),
            dict(
                pre_transform=[
                    dict(backend_args=None, type='LoadImageFromFile'),
                    dict(type='LoadAnnotations', with_bbox=True),
                    dict(
                        img_scale=(
                            640,
                            640,
                        ),
                        pad_val=114.0,
                        pre_transform=[
                            dict(backend_args=None, type='LoadImageFromFile'),
                            dict(type='LoadAnnotations', with_bbox=True),
                        ],
                        type='MultiModalMosaic'),
                    dict(
                        border=(
                            -320,
                            -320,
                        ),
                        border_val=(
                            114,
                            114,
                            114,
                        ),
                        max_aspect_ratio=100.0,
                        max_rotate_degree=0.0,
                        max_shear_degree=0.0,
                        scaling_ratio_range=(
                            0.5,
                            1.5,
                        ),
                        type='WeDetectRandomAffine'),
                ],
                prob=0.15,
                type='YOLOv5MultiModalMixUp'),
            dict(
                bbox_params=dict(
                    format='pascal_voc',
                    label_fields=[
                        'gt_bboxes_labels',
                        'gt_ignore_flags',
                    ],
                    type='BboxParams'),
                keymap=dict(gt_bboxes='bboxes', img='image'),
                transforms=[
                    dict(p=0.01, type='Blur'),
                    dict(p=0.01, type='MedianBlur'),
                    dict(p=0.01, type='ToGray'),
                    dict(p=0.01, type='CLAHE'),
                ],
                type='mmdet.Albu'),
            dict(type='WeDetectHSVRandomAug'),
            dict(prob=0.5, type='mmdet.RandomFlip'),
            dict(
                max_num_samples=81,
                num_neg_samples=(
                    81,
                    81,
                ),
                padding_to_max=True,
                padding_value='',
                type='RandomLoadText'),
            dict(
                meta_keys=(
                    'img_id',
                    'img_path',
                    'ori_shape',
                    'img_shape',
                    'flip',
                    'flip_direction',
                    'texts',
                ),
                type='mmdet.PackDetInputs'),
        ],
        type='MultiModalDataset'),
    num_workers=4,
    persistent_workers=True,
    sampler=dict(shuffle=True, type='DefaultSampler'))
train_dataset = dict(
    class_text_path=
    '/home/siyuan/projects/LLMs/OralDetect-Family/OralDetect/datas/class_texts_oraldetect_reorg.json',
    dataset=dict(
        ann_file=
        '/home/siyuan/projects/LLMs/OralDetect-Family/OralDetect/datas/instances_oraldetect_reorg_train.json',
        data_prefix=dict(img='oraldetect_reorg2017/'),
        data_root=
        '/home/siyuan/projects/LLMs/OralDetect-Family/OralDetect/datas/',
        filter_cfg=dict(filter_empty_gt=False, min_size=32),
        metainfo=dict(
            classes=(
                'abnormal oral epithelial cell',
                'alveolar bone loss',
                'anterior teeth with fluorosis',
                'anterior teeth without fluorosis',
                'canine',
                'central incisor',
                'craniofacial or oral anomaly',
                'dental abrasion',
                'dental caries',
                'dental crown restoration',
                'dental filling',
                'dental implant',
                'dental opacity',
                'dental restoration',
                'dental restoration (filling or crown)',
                'dividing oral cell',
                'first molar',
                'first premolar',
                'foreign object or debris',
                'hard recognized oral cell',
                'impacted wisdom tooth',
                'intraoral appliance',
                'lateral incisor',
                'lightly abnormal oral cell',
                'malignant oral cell',
                'mandibular canal',
                'maxillary sinus',
                'missing or residual root',
                'missing teeth',
                'normal',
                'normal oral cell',
                'oral blood cell',
                'orthodontic bracket',
                'periapical lesion',
                'periodontal pocket',
                'primary endodontic lesion',
                'primary endodontic with secondary periodontal lesion',
                'primary periodontal lesion',
                'primary periodontal with secondary endodontic lesion',
                'reactive oral cell',
                'root canal treatment',
                'second molar',
                'second premolar',
                'severe gingivitis',
                'suspicious malignant oral cell',
                'tooth 11 (upper right central incisor)',
                'tooth 12 (upper right lateral incisor)',
                'tooth 13 (upper right canine)',
                'tooth 14 (upper right first premolar)',
                'tooth 15 (upper right second premolar)',
                'tooth 16 (upper right first molar)',
                'tooth 17 (upper right second molar)',
                'tooth 18 (upper right third molar)',
                'tooth 21 (upper left central incisor)',
                'tooth 22 (upper left lateral incisor)',
                'tooth 23 (upper left canine)',
                'tooth 24 (upper left first premolar)',
                'tooth 25 (upper left second premolar)',
                'tooth 26 (upper left first molar)',
                'tooth 27 (upper left second molar)',
                'tooth 28 (upper left third molar)',
                'tooth 31 (lower left central incisor)',
                'tooth 32 (lower left lateral incisor)',
                'tooth 33 (lower left canine)',
                'tooth 34 (lower left first premolar)',
                'tooth 35 (lower left second premolar)',
                'tooth 36 (lower left first molar)',
                'tooth 37 (lower left second molar)',
                'tooth 38 (lower left third molar)',
                'tooth 41 (lower right central incisor)',
                'tooth 42 (lower right lateral incisor)',
                'tooth 43 (lower right canine)',
                'tooth 44 (lower right first premolar)',
                'tooth 45 (lower right second premolar)',
                'tooth 46 (lower right first molar)',
                'tooth 47 (lower right second molar)',
                'tooth 48 (lower right third molar)',
                'tooth erosion',
                'tooth malformation',
                'true combined endo-perio lesion',
                'tumor',
            )),
        type='WeCocoDataset'),
    pipeline=[
        dict(backend_args=None, type='LoadImageFromFile'),
        dict(type='LoadAnnotations', with_bbox=True),
        dict(
            img_scale=(
                640,
                640,
            ),
            pad_val=114.0,
            pre_transform=[
                dict(backend_args=None, type='LoadImageFromFile'),
                dict(type='LoadAnnotations', with_bbox=True),
            ],
            type='MultiModalMosaic'),
        dict(
            border=(
                -320,
                -320,
            ),
            border_val=(
                114,
                114,
                114,
            ),
            max_aspect_ratio=100.0,
            max_rotate_degree=0.0,
            max_shear_degree=0.0,
            scaling_ratio_range=(
                0.5,
                1.5,
            ),
            type='WeDetectRandomAffine'),
        dict(
            pre_transform=[
                dict(backend_args=None, type='LoadImageFromFile'),
                dict(type='LoadAnnotations', with_bbox=True),
                dict(
                    img_scale=(
                        640,
                        640,
                    ),
                    pad_val=114.0,
                    pre_transform=[
                        dict(backend_args=None, type='LoadImageFromFile'),
                        dict(type='LoadAnnotations', with_bbox=True),
                    ],
                    type='MultiModalMosaic'),
                dict(
                    border=(
                        -320,
                        -320,
                    ),
                    border_val=(
                        114,
                        114,
                        114,
                    ),
                    max_aspect_ratio=100.0,
                    max_rotate_degree=0.0,
                    max_shear_degree=0.0,
                    scaling_ratio_range=(
                        0.5,
                        1.5,
                    ),
                    type='WeDetectRandomAffine'),
            ],
            prob=0.15,
            type='YOLOv5MultiModalMixUp'),
        dict(
            bbox_params=dict(
                format='pascal_voc',
                label_fields=[
                    'gt_bboxes_labels',
                    'gt_ignore_flags',
                ],
                type='BboxParams'),
            keymap=dict(gt_bboxes='bboxes', img='image'),
            transforms=[
                dict(p=0.01, type='Blur'),
                dict(p=0.01, type='MedianBlur'),
                dict(p=0.01, type='ToGray'),
                dict(p=0.01, type='CLAHE'),
            ],
            type='mmdet.Albu'),
        dict(type='WeDetectHSVRandomAug'),
        dict(prob=0.5, type='mmdet.RandomFlip'),
        dict(
            max_num_samples=81,
            num_neg_samples=(
                81,
                81,
            ),
            padding_to_max=True,
            padding_value='',
            type='RandomLoadText'),
        dict(
            meta_keys=(
                'img_id',
                'img_path',
                'ori_shape',
                'img_shape',
                'flip',
                'flip_direction',
                'texts',
            ),
            type='mmdet.PackDetInputs'),
    ],
    type='MultiModalDataset')
train_pipeline = [
    dict(backend_args=None, type='LoadImageFromFile'),
    dict(type='LoadAnnotations', with_bbox=True),
    dict(
        img_scale=(
            640,
            640,
        ),
        pad_val=114.0,
        pre_transform=[
            dict(backend_args=None, type='LoadImageFromFile'),
            dict(type='LoadAnnotations', with_bbox=True),
        ],
        type='MultiModalMosaic'),
    dict(
        border=(
            -320,
            -320,
        ),
        border_val=(
            114,
            114,
            114,
        ),
        max_aspect_ratio=100.0,
        max_rotate_degree=0.0,
        max_shear_degree=0.0,
        scaling_ratio_range=(
            0.5,
            1.5,
        ),
        type='WeDetectRandomAffine'),
    dict(
        pre_transform=[
            dict(backend_args=None, type='LoadImageFromFile'),
            dict(type='LoadAnnotations', with_bbox=True),
            dict(
                img_scale=(
                    640,
                    640,
                ),
                pad_val=114.0,
                pre_transform=[
                    dict(backend_args=None, type='LoadImageFromFile'),
                    dict(type='LoadAnnotations', with_bbox=True),
                ],
                type='MultiModalMosaic'),
            dict(
                border=(
                    -320,
                    -320,
                ),
                border_val=(
                    114,
                    114,
                    114,
                ),
                max_aspect_ratio=100.0,
                max_rotate_degree=0.0,
                max_shear_degree=0.0,
                scaling_ratio_range=(
                    0.5,
                    1.5,
                ),
                type='WeDetectRandomAffine'),
        ],
        prob=0.15,
        type='YOLOv5MultiModalMixUp'),
    dict(
        bbox_params=dict(
            format='pascal_voc',
            label_fields=[
                'gt_bboxes_labels',
                'gt_ignore_flags',
            ],
            type='BboxParams'),
        keymap=dict(gt_bboxes='bboxes', img='image'),
        transforms=[
            dict(p=0.01, type='Blur'),
            dict(p=0.01, type='MedianBlur'),
            dict(p=0.01, type='ToGray'),
            dict(p=0.01, type='CLAHE'),
        ],
        type='mmdet.Albu'),
    dict(type='WeDetectHSVRandomAug'),
    dict(prob=0.5, type='mmdet.RandomFlip'),
    dict(
        max_num_samples=81,
        num_neg_samples=(
            81,
            81,
        ),
        padding_to_max=True,
        padding_value='',
        type='RandomLoadText'),
    dict(
        meta_keys=(
            'img_id',
            'img_path',
            'ori_shape',
            'img_shape',
            'flip',
            'flip_direction',
            'texts',
        ),
        type='mmdet.PackDetInputs'),
]
train_pipeline_stage2 = [
    dict(backend_args=None, type='LoadImageFromFile'),
    dict(type='LoadAnnotations', with_bbox=True),
    dict(scale=(
        640,
        640,
    ), type='WeDetectKeepRatioResize'),
    dict(
        allow_scale_up=True,
        pad_val=dict(img=114.0),
        scale=(
            640,
            640,
        ),
        type='WeDetectLetterResize'),
    dict(
        border_val=(
            114,
            114,
            114,
        ),
        max_aspect_ratio=100,
        max_rotate_degree=0.0,
        max_shear_degree=0.0,
        scaling_ratio_range=(
            0.5,
            1.5,
        ),
        type='WeDetectRandomAffine'),
    dict(
        bbox_params=dict(
            format='pascal_voc',
            label_fields=[
                'gt_bboxes_labels',
                'gt_ignore_flags',
            ],
            type='BboxParams'),
        keymap=dict(gt_bboxes='bboxes', img='image'),
        transforms=[
            dict(p=0.01, type='Blur'),
            dict(p=0.01, type='MedianBlur'),
            dict(p=0.01, type='ToGray'),
            dict(p=0.01, type='CLAHE'),
        ],
        type='mmdet.Albu'),
    dict(type='WeDetectHSVRandomAug'),
    dict(prob=0.5, type='mmdet.RandomFlip'),
    dict(
        max_num_samples=81,
        num_neg_samples=(
            81,
            81,
        ),
        padding_to_max=True,
        padding_value='',
        type='RandomLoadText'),
    dict(
        meta_keys=(
            'img_id',
            'img_path',
            'ori_shape',
            'img_shape',
            'flip',
            'flip_direction',
            'texts',
        ),
        type='mmdet.PackDetInputs'),
]
val_cfg = dict(type='ValLoop')
val_dataloader = dict(
    batch_size=1,
    dataset=dict(
        class_text_path=
        '/home/siyuan/projects/LLMs/OralDetect-Family/OralDetect/datas/class_texts_oraldetect_reorg.json',
        dataset=dict(
            ann_file=
            '/home/siyuan/projects/LLMs/OralDetect-Family/OralDetect/datas/instances_oraldetect_reorg_val.json',
            batch_shapes_cfg=None,
            data_prefix=dict(img='oraldetect_reorg2017/'),
            data_root=
            '/home/siyuan/projects/LLMs/OralDetect-Family/OralDetect/datas/',
            metainfo=dict(
                classes=(
                    'abnormal oral epithelial cell',
                    'alveolar bone loss',
                    'anterior teeth with fluorosis',
                    'anterior teeth without fluorosis',
                    'canine',
                    'central incisor',
                    'craniofacial or oral anomaly',
                    'dental abrasion',
                    'dental caries',
                    'dental crown restoration',
                    'dental filling',
                    'dental implant',
                    'dental opacity',
                    'dental restoration',
                    'dental restoration (filling or crown)',
                    'dividing oral cell',
                    'first molar',
                    'first premolar',
                    'foreign object or debris',
                    'hard recognized oral cell',
                    'impacted wisdom tooth',
                    'intraoral appliance',
                    'lateral incisor',
                    'lightly abnormal oral cell',
                    'malignant oral cell',
                    'mandibular canal',
                    'maxillary sinus',
                    'missing or residual root',
                    'missing teeth',
                    'normal',
                    'normal oral cell',
                    'oral blood cell',
                    'orthodontic bracket',
                    'periapical lesion',
                    'periodontal pocket',
                    'primary endodontic lesion',
                    'primary endodontic with secondary periodontal lesion',
                    'primary periodontal lesion',
                    'primary periodontal with secondary endodontic lesion',
                    'reactive oral cell',
                    'root canal treatment',
                    'second molar',
                    'second premolar',
                    'severe gingivitis',
                    'suspicious malignant oral cell',
                    'tooth 11 (upper right central incisor)',
                    'tooth 12 (upper right lateral incisor)',
                    'tooth 13 (upper right canine)',
                    'tooth 14 (upper right first premolar)',
                    'tooth 15 (upper right second premolar)',
                    'tooth 16 (upper right first molar)',
                    'tooth 17 (upper right second molar)',
                    'tooth 18 (upper right third molar)',
                    'tooth 21 (upper left central incisor)',
                    'tooth 22 (upper left lateral incisor)',
                    'tooth 23 (upper left canine)',
                    'tooth 24 (upper left first premolar)',
                    'tooth 25 (upper left second premolar)',
                    'tooth 26 (upper left first molar)',
                    'tooth 27 (upper left second molar)',
                    'tooth 28 (upper left third molar)',
                    'tooth 31 (lower left central incisor)',
                    'tooth 32 (lower left lateral incisor)',
                    'tooth 33 (lower left canine)',
                    'tooth 34 (lower left first premolar)',
                    'tooth 35 (lower left second premolar)',
                    'tooth 36 (lower left first molar)',
                    'tooth 37 (lower left second molar)',
                    'tooth 38 (lower left third molar)',
                    'tooth 41 (lower right central incisor)',
                    'tooth 42 (lower right lateral incisor)',
                    'tooth 43 (lower right canine)',
                    'tooth 44 (lower right first premolar)',
                    'tooth 45 (lower right second premolar)',
                    'tooth 46 (lower right first molar)',
                    'tooth 47 (lower right second molar)',
                    'tooth 48 (lower right third molar)',
                    'tooth erosion',
                    'tooth malformation',
                    'true combined endo-perio lesion',
                    'tumor',
                )),
            test_mode=True,
            type='WeCocoDataset'),
        pipeline=[
            dict(backend_args=None, type='LoadImageFromFile'),
            dict(scale=(
                640,
                640,
            ), type='WeDetectKeepRatioResize'),
            dict(
                allow_scale_up=False,
                pad_val=dict(img=114),
                scale=(
                    640,
                    640,
                ),
                type='WeDetectLetterResize'),
            dict(_scope_='mmdet', type='LoadAnnotations', with_bbox=True),
            dict(type='LoadText'),
            dict(
                meta_keys=(
                    'img_id',
                    'img_path',
                    'ori_shape',
                    'img_shape',
                    'scale_factor',
                    'pad_param',
                    'texts',
                ),
                type='PackDetInputs'),
        ],
        type='MultiModalDataset'),
    drop_last=False,
    num_workers=2,
    persistent_workers=True,
    pin_memory=True,
    sampler=dict(shuffle=False, type='DefaultSampler'))
val_dataset = dict(
    class_text_path=
    '/home/siyuan/projects/LLMs/OralDetect-Family/OralDetect/datas/class_texts_oraldetect_reorg.json',
    dataset=dict(
        ann_file=
        '/home/siyuan/projects/LLMs/OralDetect-Family/OralDetect/datas/instances_oraldetect_reorg_val.json',
        batch_shapes_cfg=None,
        data_prefix=dict(img='oraldetect_reorg2017/'),
        data_root=
        '/home/siyuan/projects/LLMs/OralDetect-Family/OralDetect/datas/',
        metainfo=dict(
            classes=(
                'abnormal oral epithelial cell',
                'alveolar bone loss',
                'anterior teeth with fluorosis',
                'anterior teeth without fluorosis',
                'canine',
                'central incisor',
                'craniofacial or oral anomaly',
                'dental abrasion',
                'dental caries',
                'dental crown restoration',
                'dental filling',
                'dental implant',
                'dental opacity',
                'dental restoration',
                'dental restoration (filling or crown)',
                'dividing oral cell',
                'first molar',
                'first premolar',
                'foreign object or debris',
                'hard recognized oral cell',
                'impacted wisdom tooth',
                'intraoral appliance',
                'lateral incisor',
                'lightly abnormal oral cell',
                'malignant oral cell',
                'mandibular canal',
                'maxillary sinus',
                'missing or residual root',
                'missing teeth',
                'normal',
                'normal oral cell',
                'oral blood cell',
                'orthodontic bracket',
                'periapical lesion',
                'periodontal pocket',
                'primary endodontic lesion',
                'primary endodontic with secondary periodontal lesion',
                'primary periodontal lesion',
                'primary periodontal with secondary endodontic lesion',
                'reactive oral cell',
                'root canal treatment',
                'second molar',
                'second premolar',
                'severe gingivitis',
                'suspicious malignant oral cell',
                'tooth 11 (upper right central incisor)',
                'tooth 12 (upper right lateral incisor)',
                'tooth 13 (upper right canine)',
                'tooth 14 (upper right first premolar)',
                'tooth 15 (upper right second premolar)',
                'tooth 16 (upper right first molar)',
                'tooth 17 (upper right second molar)',
                'tooth 18 (upper right third molar)',
                'tooth 21 (upper left central incisor)',
                'tooth 22 (upper left lateral incisor)',
                'tooth 23 (upper left canine)',
                'tooth 24 (upper left first premolar)',
                'tooth 25 (upper left second premolar)',
                'tooth 26 (upper left first molar)',
                'tooth 27 (upper left second molar)',
                'tooth 28 (upper left third molar)',
                'tooth 31 (lower left central incisor)',
                'tooth 32 (lower left lateral incisor)',
                'tooth 33 (lower left canine)',
                'tooth 34 (lower left first premolar)',
                'tooth 35 (lower left second premolar)',
                'tooth 36 (lower left first molar)',
                'tooth 37 (lower left second molar)',
                'tooth 38 (lower left third molar)',
                'tooth 41 (lower right central incisor)',
                'tooth 42 (lower right lateral incisor)',
                'tooth 43 (lower right canine)',
                'tooth 44 (lower right first premolar)',
                'tooth 45 (lower right second premolar)',
                'tooth 46 (lower right first molar)',
                'tooth 47 (lower right second molar)',
                'tooth 48 (lower right third molar)',
                'tooth erosion',
                'tooth malformation',
                'true combined endo-perio lesion',
                'tumor',
            )),
        test_mode=True,
        type='WeCocoDataset'),
    pipeline=[
        dict(backend_args=None, type='LoadImageFromFile'),
        dict(scale=(
            640,
            640,
        ), type='WeDetectKeepRatioResize'),
        dict(
            allow_scale_up=False,
            pad_val=dict(img=114),
            scale=(
                640,
                640,
            ),
            type='WeDetectLetterResize'),
        dict(_scope_='mmdet', type='LoadAnnotations', with_bbox=True),
        dict(type='LoadText'),
        dict(
            meta_keys=(
                'img_id',
                'img_path',
                'ori_shape',
                'img_shape',
                'scale_factor',
                'pad_param',
                'texts',
            ),
            type='PackDetInputs'),
    ],
    type='MultiModalDataset')
val_evaluator = dict(
    ann_file=
    '/home/siyuan/projects/LLMs/OralDetect-Family/OralDetect/datas/instances_oraldetect_reorg_val.json',
    metric='bbox',
    type='CocoMetric')
vis_backends = [
    dict(type='LocalVisBackend'),
]
visualizer = dict(
    name='visualizer',
    type='mmdet.DetLocalVisualizer',
    vis_backends=[
        dict(type='LocalVisBackend'),
    ])
weight_decay = 0.05
work_dir = 'work_dirs/reorg_v11dt_s3'

Some weights of BertModel were not initialized from the model checkpoint at /home/siyuan/projects/LLMs/OralDetect-Family/OralCLIP/Bert_tuning/checkpoints/BiomedNLP-BiomedBERT-base-uncased-abstract-fulltext_dental_mlm/final and are newly initialized: ['pooler.dense.bias', 'pooler.dense.weight']
You should probably TRAIN this model on a down-stream task to be able to use it for predictions and inference.
Some weights of BertModel were not initialized from the model checkpoint at /home/siyuan/projects/LLMs/OralDetect-Family/OralCLIP/Bert_tuning/checkpoints/BiomedNLP-BiomedBERT-base-uncased-abstract-fulltext_dental_mlm/final and are newly initialized: ['pooler.dense.bias', 'pooler.dense.weight']
You should probably TRAIN this model on a down-stream task to be able to use it for predictions and inference.
Some weights of BertModel were not initialized from the model checkpoint at /home/siyuan/projects/LLMs/OralDetect-Family/OralCLIP/Bert_tuning/checkpoints/BiomedNLP-BiomedBERT-base-uncased-abstract-fulltext_dental_mlm/final and are newly initialized: ['pooler.dense.bias', 'pooler.dense.weight']
You should probably TRAIN this model on a down-stream task to be able to use it for predictions and inference.
Some weights of BertModel were not initialized from the model checkpoint at /home/siyuan/projects/LLMs/OralDetect-Family/OralCLIP/Bert_tuning/checkpoints/BiomedNLP-BiomedBERT-base-uncased-abstract-fulltext_dental_mlm/final and are newly initialized: ['pooler.dense.bias', 'pooler.dense.weight']
You should probably TRAIN this model on a down-stream task to be able to use it for predictions and inference.
07/08 03:03:53 - mmengine - INFO - Using SyncBatchNorm()
07/08 03:03:53 - mmengine - INFO - Hooks will be executed in the following order:
before_run:
(VERY_HIGH   ) RuntimeInfoHook                    
(BELOW_NORMAL) LoggerHook                         
 -------------------- 
before_train:
(VERY_HIGH   ) RuntimeInfoHook                    
(NORMAL      ) IterTimerHook                      
(VERY_LOW    ) CheckpointHook                     
 -------------------- 
before_train_epoch:
(VERY_HIGH   ) RuntimeInfoHook                    
(NORMAL      ) IterTimerHook                      
(NORMAL      ) DistSamplerSeedHook                
(NORMAL      ) PipelineSwitchHook                 
 -------------------- 
before_train_iter:
(VERY_HIGH   ) RuntimeInfoHook                    
(NORMAL      ) IterTimerHook                      
 -------------------- 
after_train_iter:
(VERY_HIGH   ) RuntimeInfoHook                    
(NORMAL      ) IterTimerHook                      
(BELOW_NORMAL) LoggerHook                         
(LOW         ) ParamSchedulerHook                 
(VERY_LOW    ) CheckpointHook                     
 -------------------- 
after_train_epoch:
(NORMAL      ) IterTimerHook                      
(LOW         ) ParamSchedulerHook                 
(VERY_LOW    ) CheckpointHook                     
 -------------------- 
before_val:
(VERY_HIGH   ) RuntimeInfoHook                    
 -------------------- 
before_val_epoch:
(NORMAL      ) IterTimerHook                      
 -------------------- 
before_val_iter:
(NORMAL      ) IterTimerHook                      
 -------------------- 
after_val_iter:
(NORMAL      ) IterTimerHook                      
(NORMAL      ) DetVisualizationHook               
(BELOW_NORMAL) LoggerHook                         
 -------------------- 
after_val_epoch:
(VERY_HIGH   ) RuntimeInfoHook                    
(NORMAL      ) IterTimerHook                      
(BELOW_NORMAL) LoggerHook                         
(LOW         ) ParamSchedulerHook                 
(VERY_LOW    ) CheckpointHook                     
 -------------------- 
after_val:
(VERY_HIGH   ) RuntimeInfoHook                    
 -------------------- 
after_train:
(VERY_HIGH   ) RuntimeInfoHook                    
(VERY_LOW    ) CheckpointHook                     
 -------------------- 
before_test:
(VERY_HIGH   ) RuntimeInfoHook                    
 -------------------- 
before_test_epoch:
(NORMAL      ) IterTimerHook                      
 -------------------- 
before_test_iter:
(NORMAL      ) IterTimerHook                      
 -------------------- 
after_test_iter:
(NORMAL      ) IterTimerHook                      
(NORMAL      ) DetVisualizationHook               
(BELOW_NORMAL) LoggerHook                         
 -------------------- 
after_test_epoch:
(VERY_HIGH   ) RuntimeInfoHook                    
(NORMAL      ) IterTimerHook                      
(BELOW_NORMAL) LoggerHook                         
 -------------------- 
after_test:
(VERY_HIGH   ) RuntimeInfoHook                    
 -------------------- 
after_run:
(BELOW_NORMAL) LoggerHook                         
 -------------------- 
loading annotations into memory...
loading annotations into memory...
loading annotations into memory...
Done (t=0.83s)
creating index...
Done (t=0.85s)
creating index...
Done (t=0.86s)
creating index...
index created!
index created!
index created!
loading annotations into memory...
Done (t=1.04s)
creating index...
index created!
/home/siyuan/anaconda3/envs/wedetect_official/lib/python3.10/site-packages/albumentations/core/composition.py:331: UserWarning: Got processor for bboxes, but no transform to process it.
  self._set_keys()
/home/siyuan/anaconda3/envs/wedetect_official/lib/python3.10/site-packages/albumentations/core/composition.py:331: UserWarning: Got processor for bboxes, but no transform to process it.
  self._set_keys()
/home/siyuan/anaconda3/envs/wedetect_official/lib/python3.10/site-packages/albumentations/core/composition.py:331: UserWarning: Got processor for bboxes, but no transform to process it.
  self._set_keys()
loading annotations into memory...
loading annotations into memory...
loading annotations into memory...
Done (t=0.04s)
creating index...
index created!
Done (t=0.04s)
creating index...
index created!
Done (t=0.04s)
creating index...
index created!
loading annotations into memory...
loading annotations into memory...
loading annotations into memory...
Done (t=0.04s)
creating index...
index created!
Done (t=0.04s)
creating index...
index created!
Done (t=0.04s)
creating index...
index created!
/home/siyuan/anaconda3/envs/wedetect_official/lib/python3.10/site-packages/albumentations/core/composition.py:331: UserWarning: Got processor for bboxes, but no transform to process it.
  self._set_keys()
07/08 03:03:58 - mmengine - INFO - paramwise_options -- backbone.image_model.model.downsample_layers.0.0.weight:num of params=6144
07/08 03:03:58 - mmengine - INFO - paramwise_options -- backbone.image_model.model.downsample_layers.0.0.bias:num of params=128
07/08 03:03:58 - mmengine - INFO - paramwise_options -- backbone.image_model.model.downsample_layers.0.1.weight:num of params=128
07/08 03:03:58 - mmengine - INFO - paramwise_options -- backbone.image_model.model.downsample_layers.0.1.bias:num of params=128
07/08 03:03:58 - mmengine - INFO - paramwise_options -- backbone.image_model.model.downsample_layers.1.0.weight:num of params=128
07/08 03:03:58 - mmengine - INFO - paramwise_options -- backbone.image_model.model.downsample_layers.1.0.bias:num of params=128
07/08 03:03:58 - mmengine - INFO - paramwise_options -- backbone.image_model.model.downsample_layers.1.1.weight:num of params=131072
07/08 03:03:58 - mmengine - INFO - paramwise_options -- backbone.image_model.model.downsample_layers.1.1.bias:num of params=256
07/08 03:03:58 - mmengine - INFO - paramwise_options -- backbone.image_model.model.downsample_layers.2.0.weight:num of params=256
07/08 03:03:58 - mmengine - INFO - paramwise_options -- backbone.image_model.model.downsample_layers.2.0.bias:num of params=256
07/08 03:03:58 - mmengine - INFO - paramwise_options -- backbone.image_model.model.downsample_layers.2.1.weight:num of params=524288
07/08 03:03:58 - mmengine - INFO - paramwise_options -- backbone.image_model.model.downsample_layers.2.1.bias:num of params=512
07/08 03:03:58 - mmengine - INFO - paramwise_options -- backbone.image_model.model.downsample_layers.3.0.weight:num of params=512
07/08 03:03:58 - mmengine - INFO - paramwise_options -- backbone.image_model.model.downsample_layers.3.0.bias:num of params=512
07/08 03:03:58 - mmengine - INFO - paramwise_options -- backbone.image_model.model.downsample_layers.3.1.weight:num of params=2097152
07/08 03:03:58 - mmengine - INFO - paramwise_options -- backbone.image_model.model.downsample_layers.3.1.bias:num of params=1024
07/08 03:03:58 - mmengine - INFO - paramwise_options -- backbone.image_model.model.stages.0.0.gamma:num of params=128
07/08 03:03:58 - mmengine - INFO - paramwise_options -- backbone.image_model.model.stages.0.0.dwconv.weight:num of params=6272
07/08 03:03:58 - mmengine - INFO - paramwise_options -- backbone.image_model.model.stages.0.0.dwconv.bias:num of params=128
07/08 03:03:58 - mmengine - INFO - paramwise_options -- backbone.image_model.model.stages.0.0.norm.weight:num of params=128
07/08 03:03:58 - mmengine - INFO - paramwise_options -- backbone.image_model.model.stages.0.0.norm.bias:num of params=128
07/08 03:03:58 - mmengine - INFO - paramwise_options -- backbone.image_model.model.stages.0.0.pwconv1.weight:num of params=65536
07/08 03:03:58 - mmengine - INFO - paramwise_options -- backbone.image_model.model.stages.0.0.pwconv1.bias:num of params=512
07/08 03:03:58 - mmengine - INFO - paramwise_options -- backbone.image_model.model.stages.0.0.pwconv2.weight:num of params=65536
07/08 03:03:58 - mmengine - INFO - paramwise_options -- backbone.image_model.model.stages.0.0.pwconv2.bias:num of params=128
07/08 03:03:58 - mmengine - INFO - paramwise_options -- backbone.image_model.model.stages.0.1.gamma:num of params=128
07/08 03:03:58 - mmengine - INFO - paramwise_options -- backbone.image_model.model.stages.0.1.dwconv.weight:num of params=6272
07/08 03:03:58 - mmengine - INFO - paramwise_options -- backbone.image_model.model.stages.0.1.dwconv.bias:num of params=128
07/08 03:03:58 - mmengine - INFO - paramwise_options -- backbone.image_model.model.stages.0.1.norm.weight:num of params=128
07/08 03:03:58 - mmengine - INFO - paramwise_options -- backbone.image_model.model.stages.0.1.norm.bias:num of params=128
07/08 03:03:58 - mmengine - INFO - paramwise_options -- backbone.image_model.model.stages.0.1.pwconv1.weight:num of params=65536
07/08 03:03:58 - mmengine - INFO - paramwise_options -- backbone.image_model.model.stages.0.1.pwconv1.bias:num of params=512
07/08 03:03:58 - mmengine - INFO - paramwise_options -- backbone.image_model.model.stages.0.1.pwconv2.weight:num of params=65536
07/08 03:03:58 - mmengine - INFO - paramwise_options -- backbone.image_model.model.stages.0.1.pwconv2.bias:num of params=128
07/08 03:03:58 - mmengine - INFO - paramwise_options -- backbone.image_model.model.stages.0.2.gamma:num of params=128
07/08 03:03:58 - mmengine - INFO - paramwise_options -- backbone.image_model.model.stages.0.2.dwconv.weight:num of params=6272
07/08 03:03:58 - mmengine - INFO - paramwise_options -- backbone.image_model.model.stages.0.2.dwconv.bias:num of params=128
07/08 03:03:58 - mmengine - INFO - paramwise_options -- backbone.image_model.model.stages.0.2.norm.weight:num of params=128
07/08 03:03:58 - mmengine - INFO - paramwise_options -- backbone.image_model.model.stages.0.2.norm.bias:num of params=128
07/08 03:03:58 - mmengine - INFO - paramwise_options -- backbone.image_model.model.stages.0.2.pwconv1.weight:num of params=65536
07/08 03:03:58 - mmengine - INFO - paramwise_options -- backbone.image_model.model.stages.0.2.pwconv1.bias:num of params=512
07/08 03:03:58 - mmengine - INFO - paramwise_options -- backbone.image_model.model.stages.0.2.pwconv2.weight:num of params=65536
07/08 03:03:58 - mmengine - INFO - paramwise_options -- backbone.image_model.model.stages.0.2.pwconv2.bias:num of params=128
07/08 03:03:58 - mmengine - INFO - paramwise_options -- backbone.image_model.model.stages.1.0.gamma:num of params=256
07/08 03:03:58 - mmengine - INFO - paramwise_options -- backbone.image_model.model.stages.1.0.dwconv.weight:num of params=12544
07/08 03:03:58 - mmengine - INFO - paramwise_options -- backbone.image_model.model.stages.1.0.dwconv.bias:num of params=256
07/08 03:03:58 - mmengine - INFO - paramwise_options -- backbone.image_model.model.stages.1.0.norm.weight:num of params=256
07/08 03:03:58 - mmengine - INFO - paramwise_options -- backbone.image_model.model.stages.1.0.norm.bias:num of params=256
07/08 03:03:58 - mmengine - INFO - paramwise_options -- backbone.image_model.model.stages.1.0.pwconv1.weight:num of params=262144
07/08 03:03:58 - mmengine - INFO - paramwise_options -- backbone.image_model.model.stages.1.0.pwconv1.bias:num of params=1024
07/08 03:03:58 - mmengine - INFO - paramwise_options -- backbone.image_model.model.stages.1.0.pwconv2.weight:num of params=262144
07/08 03:03:58 - mmengine - INFO - paramwise_options -- backbone.image_model.model.stages.1.0.pwconv2.bias:num of params=256
07/08 03:03:58 - mmengine - INFO - paramwise_options -- backbone.image_model.model.stages.1.1.gamma:num of params=256
07/08 03:03:58 - mmengine - INFO - paramwise_options -- backbone.image_model.model.stages.1.1.dwconv.weight:num of params=12544
07/08 03:03:58 - mmengine - INFO - paramwise_options -- backbone.image_model.model.stages.1.1.dwconv.bias:num of params=256
07/08 03:03:58 - mmengine - INFO - paramwise_options -- backbone.image_model.model.stages.1.1.norm.weight:num of params=256
07/08 03:03:58 - mmengine - INFO - paramwise_options -- backbone.image_model.model.stages.1.1.norm.bias:num of params=256
07/08 03:03:58 - mmengine - INFO - paramwise_options -- backbone.image_model.model.stages.1.1.pwconv1.weight:num of params=262144
07/08 03:03:58 - mmengine - INFO - paramwise_options -- backbone.image_model.model.stages.1.1.pwconv1.bias:num of params=1024
07/08 03:03:58 - mmengine - INFO - paramwise_options -- backbone.image_model.model.stages.1.1.pwconv2.weight:num of params=262144
07/08 03:03:58 - mmengine - INFO - paramwise_options -- backbone.image_model.model.stages.1.1.pwconv2.bias:num of params=256
07/08 03:03:58 - mmengine - INFO - paramwise_options -- backbone.image_model.model.stages.1.2.gamma:num of params=256
07/08 03:03:58 - mmengine - INFO - paramwise_options -- backbone.image_model.model.stages.1.2.dwconv.weight:num of params=12544
07/08 03:03:58 - mmengine - INFO - paramwise_options -- backbone.image_model.model.stages.1.2.dwconv.bias:num of params=256
07/08 03:03:58 - mmengine - INFO - paramwise_options -- backbone.image_model.model.stages.1.2.norm.weight:num of params=256
07/08 03:03:58 - mmengine - INFO - paramwise_options -- backbone.image_model.model.stages.1.2.norm.bias:num of params=256
07/08 03:03:58 - mmengine - INFO - paramwise_options -- backbone.image_model.model.stages.1.2.pwconv1.weight:num of params=262144
07/08 03:03:58 - mmengine - INFO - paramwise_options -- backbone.image_model.model.stages.1.2.pwconv1.bias:num of params=1024
07/08 03:03:58 - mmengine - INFO - paramwise_options -- backbone.image_model.model.stages.1.2.pwconv2.weight:num of params=262144
07/08 03:03:58 - mmengine - INFO - paramwise_options -- backbone.image_model.model.stages.1.2.pwconv2.bias:num of params=256
07/08 03:03:58 - mmengine - INFO - paramwise_options -- backbone.image_model.model.stages.2.0.gamma:num of params=512
07/08 03:03:58 - mmengine - INFO - paramwise_options -- backbone.image_model.model.stages.2.0.dwconv.weight:num of params=25088
07/08 03:03:58 - mmengine - INFO - paramwise_options -- backbone.image_model.model.stages.2.0.dwconv.bias:num of params=512
07/08 03:03:58 - mmengine - INFO - paramwise_options -- backbone.image_model.model.stages.2.0.norm.weight:num of params=512
07/08 03:03:58 - mmengine - INFO - paramwise_options -- backbone.image_model.model.stages.2.0.norm.bias:num of params=512
07/08 03:03:58 - mmengine - INFO - paramwise_options -- backbone.image_model.model.stages.2.0.pwconv1.weight:num of params=1048576
07/08 03:03:58 - mmengine - INFO - paramwise_options -- backbone.image_model.model.stages.2.0.pwconv1.bias:num of params=2048
07/08 03:03:58 - mmengine - INFO - paramwise_options -- backbone.image_model.model.stages.2.0.pwconv2.weight:num of params=1048576
07/08 03:03:58 - mmengine - INFO - paramwise_options -- backbone.image_model.model.stages.2.0.pwconv2.bias:num of params=512
07/08 03:03:58 - mmengine - INFO - paramwise_options -- backbone.image_model.model.stages.2.1.gamma:num of params=512
07/08 03:03:58 - mmengine - INFO - paramwise_options -- backbone.image_model.model.stages.2.1.dwconv.weight:num of params=25088
07/08 03:03:58 - mmengine - INFO - paramwise_options -- backbone.image_model.model.stages.2.1.dwconv.bias:num of params=512
07/08 03:03:58 - mmengine - INFO - paramwise_options -- backbone.image_model.model.stages.2.1.norm.weight:num of params=512
07/08 03:03:58 - mmengine - INFO - paramwise_options -- backbone.image_model.model.stages.2.1.norm.bias:num of params=512
07/08 03:03:58 - mmengine - INFO - paramwise_options -- backbone.image_model.model.stages.2.1.pwconv1.weight:num of params=1048576
07/08 03:03:58 - mmengine - INFO - paramwise_options -- backbone.image_model.model.stages.2.1.pwconv1.bias:num of params=2048
07/08 03:03:58 - mmengine - INFO - paramwise_options -- backbone.image_model.model.stages.2.1.pwconv2.weight:num of params=1048576
07/08 03:03:58 - mmengine - INFO - paramwise_options -- backbone.image_model.model.stages.2.1.pwconv2.bias:num of params=512
07/08 03:03:58 - mmengine - INFO - paramwise_options -- backbone.image_model.model.stages.2.2.gamma:num of params=512
07/08 03:03:58 - mmengine - INFO - paramwise_options -- backbone.image_model.model.stages.2.2.dwconv.weight:num of params=25088
07/08 03:03:58 - mmengine - INFO - paramwise_options -- backbone.image_model.model.stages.2.2.dwconv.bias:num of params=512
07/08 03:03:58 - mmengine - INFO - paramwise_options -- backbone.image_model.model.stages.2.2.norm.weight:num of params=512
07/08 03:03:58 - mmengine - INFO - paramwise_options -- backbone.image_model.model.stages.2.2.norm.bias:num of params=512
07/08 03:03:58 - mmengine - INFO - paramwise_options -- backbone.image_model.model.stages.2.2.pwconv1.weight:num of params=1048576
07/08 03:03:58 - mmengine - INFO - paramwise_options -- backbone.image_model.model.stages.2.2.pwconv1.bias:num of params=2048
07/08 03:03:58 - mmengine - INFO - paramwise_options -- backbone.image_model.model.stages.2.2.pwconv2.weight:num of params=1048576
07/08 03:03:58 - mmengine - INFO - paramwise_options -- backbone.image_model.model.stages.2.2.pwconv2.bias:num of params=512
07/08 03:03:58 - mmengine - INFO - paramwise_options -- backbone.image_model.model.stages.2.3.gamma:num of params=512
07/08 03:03:58 - mmengine - INFO - paramwise_options -- backbone.image_model.model.stages.2.3.dwconv.weight:num of params=25088
07/08 03:03:58 - mmengine - INFO - paramwise_options -- backbone.image_model.model.stages.2.3.dwconv.bias:num of params=512
07/08 03:03:58 - mmengine - INFO - paramwise_options -- backbone.image_model.model.stages.2.3.norm.weight:num of params=512
07/08 03:03:58 - mmengine - INFO - paramwise_options -- backbone.image_model.model.stages.2.3.norm.bias:num of params=512
07/08 03:03:58 - mmengine - INFO - paramwise_options -- backbone.image_model.model.stages.2.3.pwconv1.weight:num of params=1048576
07/08 03:03:58 - mmengine - INFO - paramwise_options -- backbone.image_model.model.stages.2.3.pwconv1.bias:num of params=2048
07/08 03:03:58 - mmengine - INFO - paramwise_options -- backbone.image_model.model.stages.2.3.pwconv2.weight:num of params=1048576
07/08 03:03:58 - mmengine - INFO - paramwise_options -- backbone.image_model.model.stages.2.3.pwconv2.bias:num of params=512
07/08 03:03:58 - mmengine - INFO - paramwise_options -- backbone.image_model.model.stages.2.4.gamma:num of params=512
07/08 03:03:58 - mmengine - INFO - paramwise_options -- backbone.image_model.model.stages.2.4.dwconv.weight:num of params=25088
07/08 03:03:58 - mmengine - INFO - paramwise_options -- backbone.image_model.model.stages.2.4.dwconv.bias:num of params=512
07/08 03:03:58 - mmengine - INFO - paramwise_options -- backbone.image_model.model.stages.2.4.norm.weight:num of params=512
07/08 03:03:58 - mmengine - INFO - paramwise_options -- backbone.image_model.model.stages.2.4.norm.bias:num of params=512
07/08 03:03:58 - mmengine - INFO - paramwise_options -- backbone.image_model.model.stages.2.4.pwconv1.weight:num of params=1048576
07/08 03:03:58 - mmengine - INFO - paramwise_options -- backbone.image_model.model.stages.2.4.pwconv1.bias:num of params=2048
07/08 03:03:58 - mmengine - INFO - paramwise_options -- backbone.image_model.model.stages.2.4.pwconv2.weight:num of params=1048576
07/08 03:03:58 - mmengine - INFO - paramwise_options -- backbone.image_model.model.stages.2.4.pwconv2.bias:num of params=512
07/08 03:03:58 - mmengine - INFO - paramwise_options -- backbone.image_model.model.stages.2.5.gamma:num of params=512
07/08 03:03:58 - mmengine - INFO - paramwise_options -- backbone.image_model.model.stages.2.5.dwconv.weight:num of params=25088
07/08 03:03:58 - mmengine - INFO - paramwise_options -- backbone.image_model.model.stages.2.5.dwconv.bias:num of params=512
07/08 03:03:58 - mmengine - INFO - paramwise_options -- backbone.image_model.model.stages.2.5.norm.weight:num of params=512
07/08 03:03:58 - mmengine - INFO - paramwise_options -- backbone.image_model.model.stages.2.5.norm.bias:num of params=512
07/08 03:03:58 - mmengine - INFO - paramwise_options -- backbone.image_model.model.stages.2.5.pwconv1.weight:num of params=1048576
07/08 03:03:58 - mmengine - INFO - paramwise_options -- backbone.image_model.model.stages.2.5.pwconv1.bias:num of params=2048
07/08 03:03:58 - mmengine - INFO - paramwise_options -- backbone.image_model.model.stages.2.5.pwconv2.weight:num of params=1048576
07/08 03:03:58 - mmengine - INFO - paramwise_options -- backbone.image_model.model.stages.2.5.pwconv2.bias:num of params=512
07/08 03:03:58 - mmengine - INFO - paramwise_options -- backbone.image_model.model.stages.2.6.gamma:num of params=512
07/08 03:03:58 - mmengine - INFO - paramwise_options -- backbone.image_model.model.stages.2.6.dwconv.weight:num of params=25088
07/08 03:03:58 - mmengine - INFO - paramwise_options -- backbone.image_model.model.stages.2.6.dwconv.bias:num of params=512
07/08 03:03:58 - mmengine - INFO - paramwise_options -- backbone.image_model.model.stages.2.6.norm.weight:num of params=512
07/08 03:03:58 - mmengine - INFO - paramwise_options -- backbone.image_model.model.stages.2.6.norm.bias:num of params=512
07/08 03:03:58 - mmengine - INFO - paramwise_options -- backbone.image_model.model.stages.2.6.pwconv1.weight:num of params=1048576
07/08 03:03:58 - mmengine - INFO - paramwise_options -- backbone.image_model.model.stages.2.6.pwconv1.bias:num of params=2048
07/08 03:03:58 - mmengine - INFO - paramwise_options -- backbone.image_model.model.stages.2.6.pwconv2.weight:num of params=1048576
07/08 03:03:58 - mmengine - INFO - paramwise_options -- backbone.image_model.model.stages.2.6.pwconv2.bias:num of params=512
07/08 03:03:58 - mmengine - INFO - paramwise_options -- backbone.image_model.model.stages.2.7.gamma:num of params=512
07/08 03:03:58 - mmengine - INFO - paramwise_options -- backbone.image_model.model.stages.2.7.dwconv.weight:num of params=25088
07/08 03:03:58 - mmengine - INFO - paramwise_options -- backbone.image_model.model.stages.2.7.dwconv.bias:num of params=512
07/08 03:03:58 - mmengine - INFO - paramwise_options -- backbone.image_model.model.stages.2.7.norm.weight:num of params=512
07/08 03:03:58 - mmengine - INFO - paramwise_options -- backbone.image_model.model.stages.2.7.norm.bias:num of params=512
07/08 03:03:58 - mmengine - INFO - paramwise_options -- backbone.image_model.model.stages.2.7.pwconv1.weight:num of params=1048576
07/08 03:03:58 - mmengine - INFO - paramwise_options -- backbone.image_model.model.stages.2.7.pwconv1.bias:num of params=2048
07/08 03:03:58 - mmengine - INFO - paramwise_options -- backbone.image_model.model.stages.2.7.pwconv2.weight:num of params=1048576
07/08 03:03:58 - mmengine - INFO - paramwise_options -- backbone.image_model.model.stages.2.7.pwconv2.bias:num of params=512
07/08 03:03:58 - mmengine - INFO - paramwise_options -- backbone.image_model.model.stages.2.8.gamma:num of params=512
07/08 03:03:58 - mmengine - INFO - paramwise_options -- backbone.image_model.model.stages.2.8.dwconv.weight:num of params=25088
07/08 03:03:58 - mmengine - INFO - paramwise_options -- backbone.image_model.model.stages.2.8.dwconv.bias:num of params=512
07/08 03:03:58 - mmengine - INFO - paramwise_options -- backbone.image_model.model.stages.2.8.norm.weight:num of params=512
07/08 03:03:58 - mmengine - INFO - paramwise_options -- backbone.image_model.model.stages.2.8.norm.bias:num of params=512
07/08 03:03:58 - mmengine - INFO - paramwise_options -- backbone.image_model.model.stages.2.8.pwconv1.weight:num of params=1048576
07/08 03:03:58 - mmengine - INFO - paramwise_options -- backbone.image_model.model.stages.2.8.pwconv1.bias:num of params=2048
07/08 03:03:58 - mmengine - INFO - paramwise_options -- backbone.image_model.model.stages.2.8.pwconv2.weight:num of params=1048576
07/08 03:03:58 - mmengine - INFO - paramwise_options -- backbone.image_model.model.stages.2.8.pwconv2.bias:num of params=512
07/08 03:03:58 - mmengine - INFO - paramwise_options -- backbone.image_model.model.stages.2.9.gamma:num of params=512
07/08 03:03:58 - mmengine - INFO - paramwise_options -- backbone.image_model.model.stages.2.9.dwconv.weight:num of params=25088
07/08 03:03:58 - mmengine - INFO - paramwise_options -- backbone.image_model.model.stages.2.9.dwconv.bias:num of params=512
07/08 03:03:58 - mmengine - INFO - paramwise_options -- backbone.image_model.model.stages.2.9.norm.weight:num of params=512
07/08 03:03:58 - mmengine - INFO - paramwise_options -- backbone.image_model.model.stages.2.9.norm.bias:num of params=512
07/08 03:03:58 - mmengine - INFO - paramwise_options -- backbone.image_model.model.stages.2.9.pwconv1.weight:num of params=1048576
07/08 03:03:58 - mmengine - INFO - paramwise_options -- backbone.image_model.model.stages.2.9.pwconv1.bias:num of params=2048
07/08 03:03:58 - mmengine - INFO - paramwise_options -- backbone.image_model.model.stages.2.9.pwconv2.weight:num of params=1048576
07/08 03:03:58 - mmengine - INFO - paramwise_options -- backbone.image_model.model.stages.2.9.pwconv2.bias:num of params=512
07/08 03:03:58 - mmengine - INFO - paramwise_options -- backbone.image_model.model.stages.2.10.gamma:num of params=512
07/08 03:03:58 - mmengine - INFO - paramwise_options -- backbone.image_model.model.stages.2.10.dwconv.weight:num of params=25088
07/08 03:03:58 - mmengine - INFO - paramwise_options -- backbone.image_model.model.stages.2.10.dwconv.bias:num of params=512
07/08 03:03:58 - mmengine - INFO - paramwise_options -- backbone.image_model.model.stages.2.10.norm.weight:num of params=512
07/08 03:03:58 - mmengine - INFO - paramwise_options -- backbone.image_model.model.stages.2.10.norm.bias:num of params=512
07/08 03:03:58 - mmengine - INFO - paramwise_options -- backbone.image_model.model.stages.2.10.pwconv1.weight:num of params=1048576
07/08 03:03:58 - mmengine - INFO - paramwise_options -- backbone.image_model.model.stages.2.10.pwconv1.bias:num of params=2048
07/08 03:03:58 - mmengine - INFO - paramwise_options -- backbone.image_model.model.stages.2.10.pwconv2.weight:num of params=1048576
07/08 03:03:58 - mmengine - INFO - paramwise_options -- backbone.image_model.model.stages.2.10.pwconv2.bias:num of params=512
07/08 03:03:58 - mmengine - INFO - paramwise_options -- backbone.image_model.model.stages.2.11.gamma:num of params=512
07/08 03:03:58 - mmengine - INFO - paramwise_options -- backbone.image_model.model.stages.2.11.dwconv.weight:num of params=25088
07/08 03:03:58 - mmengine - INFO - paramwise_options -- backbone.image_model.model.stages.2.11.dwconv.bias:num of params=512
07/08 03:03:58 - mmengine - INFO - paramwise_options -- backbone.image_model.model.stages.2.11.norm.weight:num of params=512
07/08 03:03:58 - mmengine - INFO - paramwise_options -- backbone.image_model.model.stages.2.11.norm.bias:num of params=512
07/08 03:03:58 - mmengine - INFO - paramwise_options -- backbone.image_model.model.stages.2.11.pwconv1.weight:num of params=1048576
07/08 03:03:58 - mmengine - INFO - paramwise_options -- backbone.image_model.model.stages.2.11.pwconv1.bias:num of params=2048
07/08 03:03:58 - mmengine - INFO - paramwise_options -- backbone.image_model.model.stages.2.11.pwconv2.weight:num of params=1048576
07/08 03:03:58 - mmengine - INFO - paramwise_options -- backbone.image_model.model.stages.2.11.pwconv2.bias:num of params=512
07/08 03:03:58 - mmengine - INFO - paramwise_options -- backbone.image_model.model.stages.2.12.gamma:num of params=512
07/08 03:03:58 - mmengine - INFO - paramwise_options -- backbone.image_model.model.stages.2.12.dwconv.weight:num of params=25088
07/08 03:03:58 - mmengine - INFO - paramwise_options -- backbone.image_model.model.stages.2.12.dwconv.bias:num of params=512
07/08 03:03:58 - mmengine - INFO - paramwise_options -- backbone.image_model.model.stages.2.12.norm.weight:num of params=512
07/08 03:03:58 - mmengine - INFO - paramwise_options -- backbone.image_model.model.stages.2.12.norm.bias:num of params=512
07/08 03:03:58 - mmengine - INFO - paramwise_options -- backbone.image_model.model.stages.2.12.pwconv1.weight:num of params=1048576
07/08 03:03:58 - mmengine - INFO - paramwise_options -- backbone.image_model.model.stages.2.12.pwconv1.bias:num of params=2048
07/08 03:03:58 - mmengine - INFO - paramwise_options -- backbone.image_model.model.stages.2.12.pwconv2.weight:num of params=1048576
07/08 03:03:58 - mmengine - INFO - paramwise_options -- backbone.image_model.model.stages.2.12.pwconv2.bias:num of params=512
07/08 03:03:58 - mmengine - INFO - paramwise_options -- backbone.image_model.model.stages.2.13.gamma:num of params=512
07/08 03:03:58 - mmengine - INFO - paramwise_options -- backbone.image_model.model.stages.2.13.dwconv.weight:num of params=25088
07/08 03:03:58 - mmengine - INFO - paramwise_options -- backbone.image_model.model.stages.2.13.dwconv.bias:num of params=512
07/08 03:03:58 - mmengine - INFO - paramwise_options -- backbone.image_model.model.stages.2.13.norm.weight:num of params=512
07/08 03:03:58 - mmengine - INFO - paramwise_options -- backbone.image_model.model.stages.2.13.norm.bias:num of params=512
07/08 03:03:58 - mmengine - INFO - paramwise_options -- backbone.image_model.model.stages.2.13.pwconv1.weight:num of params=1048576
07/08 03:03:58 - mmengine - INFO - paramwise_options -- backbone.image_model.model.stages.2.13.pwconv1.bias:num of params=2048
07/08 03:03:58 - mmengine - INFO - paramwise_options -- backbone.image_model.model.stages.2.13.pwconv2.weight:num of params=1048576
07/08 03:03:58 - mmengine - INFO - paramwise_options -- backbone.image_model.model.stages.2.13.pwconv2.bias:num of params=512
07/08 03:03:58 - mmengine - INFO - paramwise_options -- backbone.image_model.model.stages.2.14.gamma:num of params=512
07/08 03:03:58 - mmengine - INFO - paramwise_options -- backbone.image_model.model.stages.2.14.dwconv.weight:num of params=25088
07/08 03:03:58 - mmengine - INFO - paramwise_options -- backbone.image_model.model.stages.2.14.dwconv.bias:num of params=512
07/08 03:03:58 - mmengine - INFO - paramwise_options -- backbone.image_model.model.stages.2.14.norm.weight:num of params=512
07/08 03:03:58 - mmengine - INFO - paramwise_options -- backbone.image_model.model.stages.2.14.norm.bias:num of params=512
07/08 03:03:58 - mmengine - INFO - paramwise_options -- backbone.image_model.model.stages.2.14.pwconv1.weight:num of params=1048576
07/08 03:03:58 - mmengine - INFO - paramwise_options -- backbone.image_model.model.stages.2.14.pwconv1.bias:num of params=2048
07/08 03:03:58 - mmengine - INFO - paramwise_options -- backbone.image_model.model.stages.2.14.pwconv2.weight:num of params=1048576
07/08 03:03:58 - mmengine - INFO - paramwise_options -- backbone.image_model.model.stages.2.14.pwconv2.bias:num of params=512
07/08 03:03:58 - mmengine - INFO - paramwise_options -- backbone.image_model.model.stages.2.15.gamma:num of params=512
07/08 03:03:58 - mmengine - INFO - paramwise_options -- backbone.image_model.model.stages.2.15.dwconv.weight:num of params=25088
07/08 03:03:58 - mmengine - INFO - paramwise_options -- backbone.image_model.model.stages.2.15.dwconv.bias:num of params=512
07/08 03:03:58 - mmengine - INFO - paramwise_options -- backbone.image_model.model.stages.2.15.norm.weight:num of params=512
07/08 03:03:58 - mmengine - INFO - paramwise_options -- backbone.image_model.model.stages.2.15.norm.bias:num of params=512
07/08 03:03:58 - mmengine - INFO - paramwise_options -- backbone.image_model.model.stages.2.15.pwconv1.weight:num of params=1048576
07/08 03:03:58 - mmengine - INFO - paramwise_options -- backbone.image_model.model.stages.2.15.pwconv1.bias:num of params=2048
07/08 03:03:58 - mmengine - INFO - paramwise_options -- backbone.image_model.model.stages.2.15.pwconv2.weight:num of params=1048576
07/08 03:03:58 - mmengine - INFO - paramwise_options -- backbone.image_model.model.stages.2.15.pwconv2.bias:num of params=512
07/08 03:03:58 - mmengine - INFO - paramwise_options -- backbone.image_model.model.stages.2.16.gamma:num of params=512
07/08 03:03:58 - mmengine - INFO - paramwise_options -- backbone.image_model.model.stages.2.16.dwconv.weight:num of params=25088
07/08 03:03:58 - mmengine - INFO - paramwise_options -- backbone.image_model.model.stages.2.16.dwconv.bias:num of params=512
07/08 03:03:58 - mmengine - INFO - paramwise_options -- backbone.image_model.model.stages.2.16.norm.weight:num of params=512
07/08 03:03:58 - mmengine - INFO - paramwise_options -- backbone.image_model.model.stages.2.16.norm.bias:num of params=512
07/08 03:03:58 - mmengine - INFO - paramwise_options -- backbone.image_model.model.stages.2.16.pwconv1.weight:num of params=1048576
07/08 03:03:58 - mmengine - INFO - paramwise_options -- backbone.image_model.model.stages.2.16.pwconv1.bias:num of params=2048
07/08 03:03:58 - mmengine - INFO - paramwise_options -- backbone.image_model.model.stages.2.16.pwconv2.weight:num of params=1048576
07/08 03:03:58 - mmengine - INFO - paramwise_options -- backbone.image_model.model.stages.2.16.pwconv2.bias:num of params=512
07/08 03:03:58 - mmengine - INFO - paramwise_options -- backbone.image_model.model.stages.2.17.gamma:num of params=512
07/08 03:03:58 - mmengine - INFO - paramwise_options -- backbone.image_model.model.stages.2.17.dwconv.weight:num of params=25088
07/08 03:03:58 - mmengine - INFO - paramwise_options -- backbone.image_model.model.stages.2.17.dwconv.bias:num of params=512
07/08 03:03:58 - mmengine - INFO - paramwise_options -- backbone.image_model.model.stages.2.17.norm.weight:num of params=512
07/08 03:03:58 - mmengine - INFO - paramwise_options -- backbone.image_model.model.stages.2.17.norm.bias:num of params=512
07/08 03:03:58 - mmengine - INFO - paramwise_options -- backbone.image_model.model.stages.2.17.pwconv1.weight:num of params=1048576
07/08 03:03:58 - mmengine - INFO - paramwise_options -- backbone.image_model.model.stages.2.17.pwconv1.bias:num of params=2048
07/08 03:03:58 - mmengine - INFO - paramwise_options -- backbone.image_model.model.stages.2.17.pwconv2.weight:num of params=1048576
07/08 03:03:58 - mmengine - INFO - paramwise_options -- backbone.image_model.model.stages.2.17.pwconv2.bias:num of params=512
07/08 03:03:58 - mmengine - INFO - paramwise_options -- backbone.image_model.model.stages.2.18.gamma:num of params=512
07/08 03:03:58 - mmengine - INFO - paramwise_options -- backbone.image_model.model.stages.2.18.dwconv.weight:num of params=25088
07/08 03:03:58 - mmengine - INFO - paramwise_options -- backbone.image_model.model.stages.2.18.dwconv.bias:num of params=512
07/08 03:03:58 - mmengine - INFO - paramwise_options -- backbone.image_model.model.stages.2.18.norm.weight:num of params=512
07/08 03:03:58 - mmengine - INFO - paramwise_options -- backbone.image_model.model.stages.2.18.norm.bias:num of params=512
07/08 03:03:58 - mmengine - INFO - paramwise_options -- backbone.image_model.model.stages.2.18.pwconv1.weight:num of params=1048576
07/08 03:03:58 - mmengine - INFO - paramwise_options -- backbone.image_model.model.stages.2.18.pwconv1.bias:num of params=2048
07/08 03:03:58 - mmengine - INFO - paramwise_options -- backbone.image_model.model.stages.2.18.pwconv2.weight:num of params=1048576
07/08 03:03:58 - mmengine - INFO - paramwise_options -- backbone.image_model.model.stages.2.18.pwconv2.bias:num of params=512
07/08 03:03:58 - mmengine - INFO - paramwise_options -- backbone.image_model.model.stages.2.19.gamma:num of params=512
07/08 03:03:58 - mmengine - INFO - paramwise_options -- backbone.image_model.model.stages.2.19.dwconv.weight:num of params=25088
07/08 03:03:58 - mmengine - INFO - paramwise_options -- backbone.image_model.model.stages.2.19.dwconv.bias:num of params=512
07/08 03:03:58 - mmengine - INFO - paramwise_options -- backbone.image_model.model.stages.2.19.norm.weight:num of params=512
07/08 03:03:58 - mmengine - INFO - paramwise_options -- backbone.image_model.model.stages.2.19.norm.bias:num of params=512
07/08 03:03:58 - mmengine - INFO - paramwise_options -- backbone.image_model.model.stages.2.19.pwconv1.weight:num of params=1048576
07/08 03:03:58 - mmengine - INFO - paramwise_options -- backbone.image_model.model.stages.2.19.pwconv1.bias:num of params=2048
07/08 03:03:58 - mmengine - INFO - paramwise_options -- backbone.image_model.model.stages.2.19.pwconv2.weight:num of params=1048576
07/08 03:03:58 - mmengine - INFO - paramwise_options -- backbone.image_model.model.stages.2.19.pwconv2.bias:num of params=512
07/08 03:03:58 - mmengine - INFO - paramwise_options -- backbone.image_model.model.stages.2.20.gamma:num of params=512
07/08 03:03:58 - mmengine - INFO - paramwise_options -- backbone.image_model.model.stages.2.20.dwconv.weight:num of params=25088
07/08 03:03:58 - mmengine - INFO - paramwise_options -- backbone.image_model.model.stages.2.20.dwconv.bias:num of params=512
07/08 03:03:58 - mmengine - INFO - paramwise_options -- backbone.image_model.model.stages.2.20.norm.weight:num of params=512
07/08 03:03:58 - mmengine - INFO - paramwise_options -- backbone.image_model.model.stages.2.20.norm.bias:num of params=512
07/08 03:03:58 - mmengine - INFO - paramwise_options -- backbone.image_model.model.stages.2.20.pwconv1.weight:num of params=1048576
07/08 03:03:58 - mmengine - INFO - paramwise_options -- backbone.image_model.model.stages.2.20.pwconv1.bias:num of params=2048
07/08 03:03:58 - mmengine - INFO - paramwise_options -- backbone.image_model.model.stages.2.20.pwconv2.weight:num of params=1048576
07/08 03:03:58 - mmengine - INFO - paramwise_options -- backbone.image_model.model.stages.2.20.pwconv2.bias:num of params=512
07/08 03:03:58 - mmengine - INFO - paramwise_options -- backbone.image_model.model.stages.2.21.gamma:num of params=512
07/08 03:03:58 - mmengine - INFO - paramwise_options -- backbone.image_model.model.stages.2.21.dwconv.weight:num of params=25088
07/08 03:03:58 - mmengine - INFO - paramwise_options -- backbone.image_model.model.stages.2.21.dwconv.bias:num of params=512
07/08 03:03:58 - mmengine - INFO - paramwise_options -- backbone.image_model.model.stages.2.21.norm.weight:num of params=512
07/08 03:03:58 - mmengine - INFO - paramwise_options -- backbone.image_model.model.stages.2.21.norm.bias:num of params=512
07/08 03:03:58 - mmengine - INFO - paramwise_options -- backbone.image_model.model.stages.2.21.pwconv1.weight:num of params=1048576
07/08 03:03:58 - mmengine - INFO - paramwise_options -- backbone.image_model.model.stages.2.21.pwconv1.bias:num of params=2048
07/08 03:03:58 - mmengine - INFO - paramwise_options -- backbone.image_model.model.stages.2.21.pwconv2.weight:num of params=1048576
07/08 03:03:58 - mmengine - INFO - paramwise_options -- backbone.image_model.model.stages.2.21.pwconv2.bias:num of params=512
07/08 03:03:58 - mmengine - INFO - paramwise_options -- backbone.image_model.model.stages.2.22.gamma:num of params=512
07/08 03:03:58 - mmengine - INFO - paramwise_options -- backbone.image_model.model.stages.2.22.dwconv.weight:num of params=25088
07/08 03:03:58 - mmengine - INFO - paramwise_options -- backbone.image_model.model.stages.2.22.dwconv.bias:num of params=512
07/08 03:03:58 - mmengine - INFO - paramwise_options -- backbone.image_model.model.stages.2.22.norm.weight:num of params=512
07/08 03:03:58 - mmengine - INFO - paramwise_options -- backbone.image_model.model.stages.2.22.norm.bias:num of params=512
07/08 03:03:58 - mmengine - INFO - paramwise_options -- backbone.image_model.model.stages.2.22.pwconv1.weight:num of params=1048576
07/08 03:03:58 - mmengine - INFO - paramwise_options -- backbone.image_model.model.stages.2.22.pwconv1.bias:num of params=2048
07/08 03:03:58 - mmengine - INFO - paramwise_options -- backbone.image_model.model.stages.2.22.pwconv2.weight:num of params=1048576
07/08 03:03:58 - mmengine - INFO - paramwise_options -- backbone.image_model.model.stages.2.22.pwconv2.bias:num of params=512
07/08 03:03:58 - mmengine - INFO - paramwise_options -- backbone.image_model.model.stages.2.23.gamma:num of params=512
07/08 03:03:58 - mmengine - INFO - paramwise_options -- backbone.image_model.model.stages.2.23.dwconv.weight:num of params=25088
07/08 03:03:58 - mmengine - INFO - paramwise_options -- backbone.image_model.model.stages.2.23.dwconv.bias:num of params=512
07/08 03:03:58 - mmengine - INFO - paramwise_options -- backbone.image_model.model.stages.2.23.norm.weight:num of params=512
07/08 03:03:58 - mmengine - INFO - paramwise_options -- backbone.image_model.model.stages.2.23.norm.bias:num of params=512
07/08 03:03:58 - mmengine - INFO - paramwise_options -- backbone.image_model.model.stages.2.23.pwconv1.weight:num of params=1048576
07/08 03:03:58 - mmengine - INFO - paramwise_options -- backbone.image_model.model.stages.2.23.pwconv1.bias:num of params=2048
07/08 03:03:58 - mmengine - INFO - paramwise_options -- backbone.image_model.model.stages.2.23.pwconv2.weight:num of params=1048576
07/08 03:03:58 - mmengine - INFO - paramwise_options -- backbone.image_model.model.stages.2.23.pwconv2.bias:num of params=512
07/08 03:03:58 - mmengine - INFO - paramwise_options -- backbone.image_model.model.stages.2.24.gamma:num of params=512
07/08 03:03:58 - mmengine - INFO - paramwise_options -- backbone.image_model.model.stages.2.24.dwconv.weight:num of params=25088
07/08 03:03:58 - mmengine - INFO - paramwise_options -- backbone.image_model.model.stages.2.24.dwconv.bias:num of params=512
07/08 03:03:58 - mmengine - INFO - paramwise_options -- backbone.image_model.model.stages.2.24.norm.weight:num of params=512
07/08 03:03:58 - mmengine - INFO - paramwise_options -- backbone.image_model.model.stages.2.24.norm.bias:num of params=512
07/08 03:03:58 - mmengine - INFO - paramwise_options -- backbone.image_model.model.stages.2.24.pwconv1.weight:num of params=1048576
07/08 03:03:58 - mmengine - INFO - paramwise_options -- backbone.image_model.model.stages.2.24.pwconv1.bias:num of params=2048
07/08 03:03:58 - mmengine - INFO - paramwise_options -- backbone.image_model.model.stages.2.24.pwconv2.weight:num of params=1048576
07/08 03:03:58 - mmengine - INFO - paramwise_options -- backbone.image_model.model.stages.2.24.pwconv2.bias:num of params=512
07/08 03:03:58 - mmengine - INFO - paramwise_options -- backbone.image_model.model.stages.2.25.gamma:num of params=512
07/08 03:03:58 - mmengine - INFO - paramwise_options -- backbone.image_model.model.stages.2.25.dwconv.weight:num of params=25088
07/08 03:03:58 - mmengine - INFO - paramwise_options -- backbone.image_model.model.stages.2.25.dwconv.bias:num of params=512
07/08 03:03:58 - mmengine - INFO - paramwise_options -- backbone.image_model.model.stages.2.25.norm.weight:num of params=512
07/08 03:03:58 - mmengine - INFO - paramwise_options -- backbone.image_model.model.stages.2.25.norm.bias:num of params=512
07/08 03:03:58 - mmengine - INFO - paramwise_options -- backbone.image_model.model.stages.2.25.pwconv1.weight:num of params=1048576
07/08 03:03:58 - mmengine - INFO - paramwise_options -- backbone.image_model.model.stages.2.25.pwconv1.bias:num of params=2048
07/08 03:03:58 - mmengine - INFO - paramwise_options -- backbone.image_model.model.stages.2.25.pwconv2.weight:num of params=1048576
07/08 03:03:58 - mmengine - INFO - paramwise_options -- backbone.image_model.model.stages.2.25.pwconv2.bias:num of params=512
07/08 03:03:58 - mmengine - INFO - paramwise_options -- backbone.image_model.model.stages.2.26.gamma:num of params=512
07/08 03:03:58 - mmengine - INFO - paramwise_options -- backbone.image_model.model.stages.2.26.dwconv.weight:num of params=25088
07/08 03:03:58 - mmengine - INFO - paramwise_options -- backbone.image_model.model.stages.2.26.dwconv.bias:num of params=512
07/08 03:03:58 - mmengine - INFO - paramwise_options -- backbone.image_model.model.stages.2.26.norm.weight:num of params=512
07/08 03:03:58 - mmengine - INFO - paramwise_options -- backbone.image_model.model.stages.2.26.norm.bias:num of params=512
07/08 03:03:58 - mmengine - INFO - paramwise_options -- backbone.image_model.model.stages.2.26.pwconv1.weight:num of params=1048576
07/08 03:03:58 - mmengine - INFO - paramwise_options -- backbone.image_model.model.stages.2.26.pwconv1.bias:num of params=2048
07/08 03:03:58 - mmengine - INFO - paramwise_options -- backbone.image_model.model.stages.2.26.pwconv2.weight:num of params=1048576
07/08 03:03:58 - mmengine - INFO - paramwise_options -- backbone.image_model.model.stages.2.26.pwconv2.bias:num of params=512
07/08 03:03:58 - mmengine - INFO - paramwise_options -- backbone.image_model.model.stages.3.0.gamma:num of params=1024
07/08 03:03:58 - mmengine - INFO - paramwise_options -- backbone.image_model.model.stages.3.0.dwconv.weight:num of params=50176
07/08 03:03:58 - mmengine - INFO - paramwise_options -- backbone.image_model.model.stages.3.0.dwconv.bias:num of params=1024
07/08 03:03:58 - mmengine - INFO - paramwise_options -- backbone.image_model.model.stages.3.0.norm.weight:num of params=1024
07/08 03:03:58 - mmengine - INFO - paramwise_options -- backbone.image_model.model.stages.3.0.norm.bias:num of params=1024
07/08 03:03:58 - mmengine - INFO - paramwise_options -- backbone.image_model.model.stages.3.0.pwconv1.weight:num of params=4194304
07/08 03:03:58 - mmengine - INFO - paramwise_options -- backbone.image_model.model.stages.3.0.pwconv1.bias:num of params=4096
07/08 03:03:58 - mmengine - INFO - paramwise_options -- backbone.image_model.model.stages.3.0.pwconv2.weight:num of params=4194304
07/08 03:03:58 - mmengine - INFO - paramwise_options -- backbone.image_model.model.stages.3.0.pwconv2.bias:num of params=1024
07/08 03:03:58 - mmengine - INFO - paramwise_options -- backbone.image_model.model.stages.3.1.gamma:num of params=1024
07/08 03:03:58 - mmengine - INFO - paramwise_options -- backbone.image_model.model.stages.3.1.dwconv.weight:num of params=50176
07/08 03:03:58 - mmengine - INFO - paramwise_options -- backbone.image_model.model.stages.3.1.dwconv.bias:num of params=1024
07/08 03:03:58 - mmengine - INFO - paramwise_options -- backbone.image_model.model.stages.3.1.norm.weight:num of params=1024
07/08 03:03:58 - mmengine - INFO - paramwise_options -- backbone.image_model.model.stages.3.1.norm.bias:num of params=1024
07/08 03:03:58 - mmengine - INFO - paramwise_options -- backbone.image_model.model.stages.3.1.pwconv1.weight:num of params=4194304
07/08 03:03:58 - mmengine - INFO - paramwise_options -- backbone.image_model.model.stages.3.1.pwconv1.bias:num of params=4096
07/08 03:03:58 - mmengine - INFO - paramwise_options -- backbone.image_model.model.stages.3.1.pwconv2.weight:num of params=4194304
07/08 03:03:58 - mmengine - INFO - paramwise_options -- backbone.image_model.model.stages.3.1.pwconv2.bias:num of params=1024
07/08 03:03:58 - mmengine - INFO - paramwise_options -- backbone.image_model.model.stages.3.2.gamma:num of params=1024
07/08 03:03:58 - mmengine - INFO - paramwise_options -- backbone.image_model.model.stages.3.2.dwconv.weight:num of params=50176
07/08 03:03:58 - mmengine - INFO - paramwise_options -- backbone.image_model.model.stages.3.2.dwconv.bias:num of params=1024
07/08 03:03:58 - mmengine - INFO - paramwise_options -- backbone.image_model.model.stages.3.2.norm.weight:num of params=1024
07/08 03:03:58 - mmengine - INFO - paramwise_options -- backbone.image_model.model.stages.3.2.norm.bias:num of params=1024
07/08 03:03:58 - mmengine - INFO - paramwise_options -- backbone.image_model.model.stages.3.2.pwconv1.weight:num of params=4194304
07/08 03:03:58 - mmengine - INFO - paramwise_options -- backbone.image_model.model.stages.3.2.pwconv1.bias:num of params=4096
07/08 03:03:58 - mmengine - INFO - paramwise_options -- backbone.image_model.model.stages.3.2.pwconv2.weight:num of params=4194304
07/08 03:03:58 - mmengine - INFO - paramwise_options -- backbone.image_model.model.stages.3.2.pwconv2.bias:num of params=1024
07/08 03:03:58 - mmengine - INFO - paramwise_options -- backbone.image_model.model.norm.weight:num of params=1024
07/08 03:03:58 - mmengine - INFO - paramwise_options -- backbone.image_model.model.norm.bias:num of params=1024
07/08 03:03:58 - mmengine - INFO - paramwise_options -- backbone.image_model.model.head.weight:num of params=1024000
07/08 03:03:58 - mmengine - INFO - paramwise_options -- backbone.image_model.model.head.bias:num of params=1000
07/08 03:03:58 - mmengine - INFO - paramwise_options -- backbone.text_model.model.embeddings.word_embeddings.weight:num of params=23440896
07/08 03:03:58 - mmengine - INFO - paramwise_options -- backbone.text_model.model.embeddings.word_embeddings.weight:lr=2.0000000000000003e-06
07/08 03:03:58 - mmengine - INFO - paramwise_options -- backbone.text_model.model.embeddings.word_embeddings.weight:weight_decay=0.05
07/08 03:03:58 - mmengine - INFO - paramwise_options -- backbone.text_model.model.embeddings.word_embeddings.weight:lr_mult=0.1
07/08 03:03:58 - mmengine - INFO - paramwise_options -- backbone.text_model.model.embeddings.position_embeddings.weight:num of params=393216
07/08 03:03:58 - mmengine - INFO - paramwise_options -- backbone.text_model.model.embeddings.position_embeddings.weight:lr=2.0000000000000003e-06
07/08 03:03:58 - mmengine - INFO - paramwise_options -- backbone.text_model.model.embeddings.position_embeddings.weight:weight_decay=0.05
07/08 03:03:58 - mmengine - INFO - paramwise_options -- backbone.text_model.model.embeddings.position_embeddings.weight:lr_mult=0.1
07/08 03:03:58 - mmengine - INFO - paramwise_options -- backbone.text_model.model.embeddings.token_type_embeddings.weight:num of params=1536
07/08 03:03:58 - mmengine - INFO - paramwise_options -- backbone.text_model.model.embeddings.token_type_embeddings.weight:lr=2.0000000000000003e-06
07/08 03:03:58 - mmengine - INFO - paramwise_options -- backbone.text_model.model.embeddings.token_type_embeddings.weight:weight_decay=0.05
07/08 03:03:58 - mmengine - INFO - paramwise_options -- backbone.text_model.model.embeddings.token_type_embeddings.weight:lr_mult=0.1
07/08 03:03:58 - mmengine - INFO - paramwise_options -- backbone.text_model.model.embeddings.LayerNorm.weight:num of params=768
07/08 03:03:58 - mmengine - INFO - paramwise_options -- backbone.text_model.model.embeddings.LayerNorm.weight:lr=2.0000000000000003e-06
07/08 03:03:58 - mmengine - INFO - paramwise_options -- backbone.text_model.model.embeddings.LayerNorm.weight:weight_decay=0.05
07/08 03:03:58 - mmengine - INFO - paramwise_options -- backbone.text_model.model.embeddings.LayerNorm.weight:lr_mult=0.1
07/08 03:03:58 - mmengine - INFO - paramwise_options -- backbone.text_model.model.embeddings.LayerNorm.bias:num of params=768
07/08 03:03:58 - mmengine - INFO - paramwise_options -- backbone.text_model.model.embeddings.LayerNorm.bias:lr=2.0000000000000003e-06
07/08 03:03:58 - mmengine - INFO - paramwise_options -- backbone.text_model.model.embeddings.LayerNorm.bias:weight_decay=0.05
07/08 03:03:58 - mmengine - INFO - paramwise_options -- backbone.text_model.model.embeddings.LayerNorm.bias:lr_mult=0.1
07/08 03:03:58 - mmengine - INFO - paramwise_options -- backbone.text_model.model.encoder.layer.0.attention.self.query.weight:num of params=589824
07/08 03:03:58 - mmengine - INFO - paramwise_options -- backbone.text_model.model.encoder.layer.0.attention.self.query.weight:lr=2.0000000000000003e-06
07/08 03:03:58 - mmengine - INFO - paramwise_options -- backbone.text_model.model.encoder.layer.0.attention.self.query.weight:weight_decay=0.05
07/08 03:03:58 - mmengine - INFO - paramwise_options -- backbone.text_model.model.encoder.layer.0.attention.self.query.weight:lr_mult=0.1
07/08 03:03:58 - mmengine - INFO - paramwise_options -- backbone.text_model.model.encoder.layer.0.attention.self.query.bias:num of params=768
07/08 03:03:58 - mmengine - INFO - paramwise_options -- backbone.text_model.model.encoder.layer.0.attention.self.query.bias:lr=2.0000000000000003e-06
07/08 03:03:58 - mmengine - INFO - paramwise_options -- backbone.text_model.model.encoder.layer.0.attention.self.query.bias:weight_decay=0.05
07/08 03:03:58 - mmengine - INFO - paramwise_options -- backbone.text_model.model.encoder.layer.0.attention.self.query.bias:lr_mult=0.1
07/08 03:03:58 - mmengine - INFO - paramwise_options -- backbone.text_model.model.encoder.layer.0.attention.self.key.weight:num of params=589824
07/08 03:03:58 - mmengine - INFO - paramwise_options -- backbone.text_model.model.encoder.layer.0.attention.self.key.weight:lr=2.0000000000000003e-06
07/08 03:03:58 - mmengine - INFO - paramwise_options -- backbone.text_model.model.encoder.layer.0.attention.self.key.weight:weight_decay=0.05
07/08 03:03:58 - mmengine - INFO - paramwise_options -- backbone.text_model.model.encoder.layer.0.attention.self.key.weight:lr_mult=0.1
07/08 03:03:58 - mmengine - INFO - paramwise_options -- backbone.text_model.model.encoder.layer.0.attention.self.key.bias:num of params=768
07/08 03:03:58 - mmengine - INFO - paramwise_options -- backbone.text_model.model.encoder.layer.0.attention.self.key.bias:lr=2.0000000000000003e-06
07/08 03:03:58 - mmengine - INFO - paramwise_options -- backbone.text_model.model.encoder.layer.0.attention.self.key.bias:weight_decay=0.05
07/08 03:03:58 - mmengine - INFO - paramwise_options -- backbone.text_model.model.encoder.layer.0.attention.self.key.bias:lr_mult=0.1
07/08 03:03:58 - mmengine - INFO - paramwise_options -- backbone.text_model.model.encoder.layer.0.attention.self.value.weight:num of params=589824
07/08 03:03:58 - mmengine - INFO - paramwise_options -- backbone.text_model.model.encoder.layer.0.attention.self.value.weight:lr=2.0000000000000003e-06
07/08 03:03:58 - mmengine - INFO - paramwise_options -- backbone.text_model.model.encoder.layer.0.attention.self.value.weight:weight_decay=0.05
07/08 03:03:58 - mmengine - INFO - paramwise_options -- backbone.text_model.model.encoder.layer.0.attention.self.value.weight:lr_mult=0.1
07/08 03:03:58 - mmengine - INFO - paramwise_options -- backbone.text_model.model.encoder.layer.0.attention.self.value.bias:num of params=768
07/08 03:03:58 - mmengine - INFO - paramwise_options -- backbone.text_model.model.encoder.layer.0.attention.self.value.bias:lr=2.0000000000000003e-06
07/08 03:03:58 - mmengine - INFO - paramwise_options -- backbone.text_model.model.encoder.layer.0.attention.self.value.bias:weight_decay=0.05
07/08 03:03:58 - mmengine - INFO - paramwise_options -- backbone.text_model.model.encoder.layer.0.attention.self.value.bias:lr_mult=0.1
07/08 03:03:58 - mmengine - INFO - paramwise_options -- backbone.text_model.model.encoder.layer.0.attention.output.dense.weight:num of params=589824
07/08 03:03:58 - mmengine - INFO - paramwise_options -- backbone.text_model.model.encoder.layer.0.attention.output.dense.weight:lr=2.0000000000000003e-06
07/08 03:03:58 - mmengine - INFO - paramwise_options -- backbone.text_model.model.encoder.layer.0.attention.output.dense.weight:weight_decay=0.05
07/08 03:03:58 - mmengine - INFO - paramwise_options -- backbone.text_model.model.encoder.layer.0.attention.output.dense.weight:lr_mult=0.1
07/08 03:03:58 - mmengine - INFO - paramwise_options -- backbone.text_model.model.encoder.layer.0.attention.output.dense.bias:num of params=768
07/08 03:03:58 - mmengine - INFO - paramwise_options -- backbone.text_model.model.encoder.layer.0.attention.output.dense.bias:lr=2.0000000000000003e-06
07/08 03:03:58 - mmengine - INFO - paramwise_options -- backbone.text_model.model.encoder.layer.0.attention.output.dense.bias:weight_decay=0.05
07/08 03:03:58 - mmengine - INFO - paramwise_options -- backbone.text_model.model.encoder.layer.0.attention.output.dense.bias:lr_mult=0.1
07/08 03:03:58 - mmengine - INFO - paramwise_options -- backbone.text_model.model.encoder.layer.0.attention.output.LayerNorm.weight:num of params=768
07/08 03:03:58 - mmengine - INFO - paramwise_options -- backbone.text_model.model.encoder.layer.0.attention.output.LayerNorm.weight:lr=2.0000000000000003e-06
07/08 03:03:58 - mmengine - INFO - paramwise_options -- backbone.text_model.model.encoder.layer.0.attention.output.LayerNorm.weight:weight_decay=0.05
07/08 03:03:58 - mmengine - INFO - paramwise_options -- backbone.text_model.model.encoder.layer.0.attention.output.LayerNorm.weight:lr_mult=0.1
07/08 03:03:58 - mmengine - INFO - paramwise_options -- backbone.text_model.model.encoder.layer.0.attention.output.LayerNorm.bias:num of params=768
07/08 03:03:58 - mmengine - INFO - paramwise_options -- backbone.text_model.model.encoder.layer.0.attention.output.LayerNorm.bias:lr=2.0000000000000003e-06
07/08 03:03:58 - mmengine - INFO - paramwise_options -- backbone.text_model.model.encoder.layer.0.attention.output.LayerNorm.bias:weight_decay=0.05
07/08 03:03:58 - mmengine - INFO - paramwise_options -- backbone.text_model.model.encoder.layer.0.attention.output.LayerNorm.bias:lr_mult=0.1
07/08 03:03:58 - mmengine - INFO - paramwise_options -- backbone.text_model.model.encoder.layer.0.intermediate.dense.weight:num of params=2359296
07/08 03:03:58 - mmengine - INFO - paramwise_options -- backbone.text_model.model.encoder.layer.0.intermediate.dense.weight:lr=2.0000000000000003e-06
07/08 03:03:58 - mmengine - INFO - paramwise_options -- backbone.text_model.model.encoder.layer.0.intermediate.dense.weight:weight_decay=0.05
07/08 03:03:58 - mmengine - INFO - paramwise_options -- backbone.text_model.model.encoder.layer.0.intermediate.dense.weight:lr_mult=0.1
07/08 03:03:58 - mmengine - INFO - paramwise_options -- backbone.text_model.model.encoder.layer.0.intermediate.dense.bias:num of params=3072
07/08 03:03:58 - mmengine - INFO - paramwise_options -- backbone.text_model.model.encoder.layer.0.intermediate.dense.bias:lr=2.0000000000000003e-06
07/08 03:03:58 - mmengine - INFO - paramwise_options -- backbone.text_model.model.encoder.layer.0.intermediate.dense.bias:weight_decay=0.05
07/08 03:03:58 - mmengine - INFO - paramwise_options -- backbone.text_model.model.encoder.layer.0.intermediate.dense.bias:lr_mult=0.1
07/08 03:03:58 - mmengine - INFO - paramwise_options -- backbone.text_model.model.encoder.layer.0.output.dense.weight:num of params=2359296
07/08 03:03:58 - mmengine - INFO - paramwise_options -- backbone.text_model.model.encoder.layer.0.output.dense.weight:lr=2.0000000000000003e-06
07/08 03:03:58 - mmengine - INFO - paramwise_options -- backbone.text_model.model.encoder.layer.0.output.dense.weight:weight_decay=0.05
07/08 03:03:58 - mmengine - INFO - paramwise_options -- backbone.text_model.model.encoder.layer.0.output.dense.weight:lr_mult=0.1
07/08 03:03:58 - mmengine - INFO - paramwise_options -- backbone.text_model.model.encoder.layer.0.output.dense.bias:num of params=768
07/08 03:03:58 - mmengine - INFO - paramwise_options -- backbone.text_model.model.encoder.layer.0.output.dense.bias:lr=2.0000000000000003e-06
07/08 03:03:58 - mmengine - INFO - paramwise_options -- backbone.text_model.model.encoder.layer.0.output.dense.bias:weight_decay=0.05
07/08 03:03:58 - mmengine - INFO - paramwise_options -- backbone.text_model.model.encoder.layer.0.output.dense.bias:lr_mult=0.1
07/08 03:03:58 - mmengine - INFO - paramwise_options -- backbone.text_model.model.encoder.layer.0.output.LayerNorm.weight:num of params=768
07/08 03:03:58 - mmengine - INFO - paramwise_options -- backbone.text_model.model.encoder.layer.0.output.LayerNorm.weight:lr=2.0000000000000003e-06
07/08 03:03:58 - mmengine - INFO - paramwise_options -- backbone.text_model.model.encoder.layer.0.output.LayerNorm.weight:weight_decay=0.05
07/08 03:03:58 - mmengine - INFO - paramwise_options -- backbone.text_model.model.encoder.layer.0.output.LayerNorm.weight:lr_mult=0.1
07/08 03:03:58 - mmengine - INFO - paramwise_options -- backbone.text_model.model.encoder.layer.0.output.LayerNorm.bias:num of params=768
07/08 03:03:58 - mmengine - INFO - paramwise_options -- backbone.text_model.model.encoder.layer.0.output.LayerNorm.bias:lr=2.0000000000000003e-06
07/08 03:03:58 - mmengine - INFO - paramwise_options -- backbone.text_model.model.encoder.layer.0.output.LayerNorm.bias:weight_decay=0.05
07/08 03:03:58 - mmengine - INFO - paramwise_options -- backbone.text_model.model.encoder.layer.0.output.LayerNorm.bias:lr_mult=0.1
07/08 03:03:58 - mmengine - INFO - paramwise_options -- backbone.text_model.model.encoder.layer.1.attention.self.query.weight:num of params=589824
07/08 03:03:58 - mmengine - INFO - paramwise_options -- backbone.text_model.model.encoder.layer.1.attention.self.query.weight:lr=2.0000000000000003e-06
07/08 03:03:58 - mmengine - INFO - paramwise_options -- backbone.text_model.model.encoder.layer.1.attention.self.query.weight:weight_decay=0.05
07/08 03:03:58 - mmengine - INFO - paramwise_options -- backbone.text_model.model.encoder.layer.1.attention.self.query.weight:lr_mult=0.1
07/08 03:03:58 - mmengine - INFO - paramwise_options -- backbone.text_model.model.encoder.layer.1.attention.self.query.bias:num of params=768
07/08 03:03:58 - mmengine - INFO - paramwise_options -- backbone.text_model.model.encoder.layer.1.attention.self.query.bias:lr=2.0000000000000003e-06
07/08 03:03:58 - mmengine - INFO - paramwise_options -- backbone.text_model.model.encoder.layer.1.attention.self.query.bias:weight_decay=0.05
07/08 03:03:58 - mmengine - INFO - paramwise_options -- backbone.text_model.model.encoder.layer.1.attention.self.query.bias:lr_mult=0.1
07/08 03:03:58 - mmengine - INFO - paramwise_options -- backbone.text_model.model.encoder.layer.1.attention.self.key.weight:num of params=589824
07/08 03:03:58 - mmengine - INFO - paramwise_options -- backbone.text_model.model.encoder.layer.1.attention.self.key.weight:lr=2.0000000000000003e-06
07/08 03:03:58 - mmengine - INFO - paramwise_options -- backbone.text_model.model.encoder.layer.1.attention.self.key.weight:weight_decay=0.05
07/08 03:03:58 - mmengine - INFO - paramwise_options -- backbone.text_model.model.encoder.layer.1.attention.self.key.weight:lr_mult=0.1
07/08 03:03:58 - mmengine - INFO - paramwise_options -- backbone.text_model.model.encoder.layer.1.attention.self.key.bias:num of params=768
07/08 03:03:58 - mmengine - INFO - paramwise_options -- backbone.text_model.model.encoder.layer.1.attention.self.key.bias:lr=2.0000000000000003e-06
07/08 03:03:58 - mmengine - INFO - paramwise_options -- backbone.text_model.model.encoder.layer.1.attention.self.key.bias:weight_decay=0.05
07/08 03:03:58 - mmengine - INFO - paramwise_options -- backbone.text_model.model.encoder.layer.1.attention.self.key.bias:lr_mult=0.1
07/08 03:03:58 - mmengine - INFO - paramwise_options -- backbone.text_model.model.encoder.layer.1.attention.self.value.weight:num of params=589824
07/08 03:03:58 - mmengine - INFO - paramwise_options -- backbone.text_model.model.encoder.layer.1.attention.self.value.weight:lr=2.0000000000000003e-06
07/08 03:03:58 - mmengine - INFO - paramwise_options -- backbone.text_model.model.encoder.layer.1.attention.self.value.weight:weight_decay=0.05
07/08 03:03:58 - mmengine - INFO - paramwise_options -- backbone.text_model.model.encoder.layer.1.attention.self.value.weight:lr_mult=0.1
07/08 03:03:58 - mmengine - INFO - paramwise_options -- backbone.text_model.model.encoder.layer.1.attention.self.value.bias:num of params=768
07/08 03:03:58 - mmengine - INFO - paramwise_options -- backbone.text_model.model.encoder.layer.1.attention.self.value.bias:lr=2.0000000000000003e-06
07/08 03:03:58 - mmengine - INFO - paramwise_options -- backbone.text_model.model.encoder.layer.1.attention.self.value.bias:weight_decay=0.05
07/08 03:03:58 - mmengine - INFO - paramwise_options -- backbone.text_model.model.encoder.layer.1.attention.self.value.bias:lr_mult=0.1
07/08 03:03:58 - mmengine - INFO - paramwise_options -- backbone.text_model.model.encoder.layer.1.attention.output.dense.weight:num of params=589824
07/08 03:03:58 - mmengine - INFO - paramwise_options -- backbone.text_model.model.encoder.layer.1.attention.output.dense.weight:lr=2.0000000000000003e-06
07/08 03:03:58 - mmengine - INFO - paramwise_options -- backbone.text_model.model.encoder.layer.1.attention.output.dense.weight:weight_decay=0.05
07/08 03:03:58 - mmengine - INFO - paramwise_options -- backbone.text_model.model.encoder.layer.1.attention.output.dense.weight:lr_mult=0.1
07/08 03:03:58 - mmengine - INFO - paramwise_options -- backbone.text_model.model.encoder.layer.1.attention.output.dense.bias:num of params=768
07/08 03:03:58 - mmengine - INFO - paramwise_options -- backbone.text_model.model.encoder.layer.1.attention.output.dense.bias:lr=2.0000000000000003e-06
07/08 03:03:58 - mmengine - INFO - paramwise_options -- backbone.text_model.model.encoder.layer.1.attention.output.dense.bias:weight_decay=0.05
07/08 03:03:58 - mmengine - INFO - paramwise_options -- backbone.text_model.model.encoder.layer.1.attention.output.dense.bias:lr_mult=0.1
07/08 03:03:58 - mmengine - INFO - paramwise_options -- backbone.text_model.model.encoder.layer.1.attention.output.LayerNorm.weight:num of params=768
07/08 03:03:58 - mmengine - INFO - paramwise_options -- backbone.text_model.model.encoder.layer.1.attention.output.LayerNorm.weight:lr=2.0000000000000003e-06
07/08 03:03:58 - mmengine - INFO - paramwise_options -- backbone.text_model.model.encoder.layer.1.attention.output.LayerNorm.weight:weight_decay=0.05
07/08 03:03:58 - mmengine - INFO - paramwise_options -- backbone.text_model.model.encoder.layer.1.attention.output.LayerNorm.weight:lr_mult=0.1
07/08 03:03:58 - mmengine - INFO - paramwise_options -- backbone.text_model.model.encoder.layer.1.attention.output.LayerNorm.bias:num of params=768
07/08 03:03:58 - mmengine - INFO - paramwise_options -- backbone.text_model.model.encoder.layer.1.attention.output.LayerNorm.bias:lr=2.0000000000000003e-06
07/08 03:03:58 - mmengine - INFO - paramwise_options -- backbone.text_model.model.encoder.layer.1.attention.output.LayerNorm.bias:weight_decay=0.05
07/08 03:03:58 - mmengine - INFO - paramwise_options -- backbone.text_model.model.encoder.layer.1.attention.output.LayerNorm.bias:lr_mult=0.1
07/08 03:03:58 - mmengine - INFO - paramwise_options -- backbone.text_model.model.encoder.layer.1.intermediate.dense.weight:num of params=2359296
07/08 03:03:58 - mmengine - INFO - paramwise_options -- backbone.text_model.model.encoder.layer.1.intermediate.dense.weight:lr=2.0000000000000003e-06
07/08 03:03:58 - mmengine - INFO - paramwise_options -- backbone.text_model.model.encoder.layer.1.intermediate.dense.weight:weight_decay=0.05
07/08 03:03:58 - mmengine - INFO - paramwise_options -- backbone.text_model.model.encoder.layer.1.intermediate.dense.weight:lr_mult=0.1
07/08 03:03:58 - mmengine - INFO - paramwise_options -- backbone.text_model.model.encoder.layer.1.intermediate.dense.bias:num of params=3072
07/08 03:03:58 - mmengine - INFO - paramwise_options -- backbone.text_model.model.encoder.layer.1.intermediate.dense.bias:lr=2.0000000000000003e-06
07/08 03:03:58 - mmengine - INFO - paramwise_options -- backbone.text_model.model.encoder.layer.1.intermediate.dense.bias:weight_decay=0.05
07/08 03:03:58 - mmengine - INFO - paramwise_options -- backbone.text_model.model.encoder.layer.1.intermediate.dense.bias:lr_mult=0.1
07/08 03:03:58 - mmengine - INFO - paramwise_options -- backbone.text_model.model.encoder.layer.1.output.dense.weight:num of params=2359296
07/08 03:03:58 - mmengine - INFO - paramwise_options -- backbone.text_model.model.encoder.layer.1.output.dense.weight:lr=2.0000000000000003e-06
07/08 03:03:58 - mmengine - INFO - paramwise_options -- backbone.text_model.model.encoder.layer.1.output.dense.weight:weight_decay=0.05
07/08 03:03:58 - mmengine - INFO - paramwise_options -- backbone.text_model.model.encoder.layer.1.output.dense.weight:lr_mult=0.1
07/08 03:03:58 - mmengine - INFO - paramwise_options -- backbone.text_model.model.encoder.layer.1.output.dense.bias:num of params=768
07/08 03:03:58 - mmengine - INFO - paramwise_options -- backbone.text_model.model.encoder.layer.1.output.dense.bias:lr=2.0000000000000003e-06
07/08 03:03:58 - mmengine - INFO - paramwise_options -- backbone.text_model.model.encoder.layer.1.output.dense.bias:weight_decay=0.05
07/08 03:03:58 - mmengine - INFO - paramwise_options -- backbone.text_model.model.encoder.layer.1.output.dense.bias:lr_mult=0.1
07/08 03:03:58 - mmengine - INFO - paramwise_options -- backbone.text_model.model.encoder.layer.1.output.LayerNorm.weight:num of params=768
07/08 03:03:58 - mmengine - INFO - paramwise_options -- backbone.text_model.model.encoder.layer.1.output.LayerNorm.weight:lr=2.0000000000000003e-06
07/08 03:03:58 - mmengine - INFO - paramwise_options -- backbone.text_model.model.encoder.layer.1.output.LayerNorm.weight:weight_decay=0.05
07/08 03:03:58 - mmengine - INFO - paramwise_options -- backbone.text_model.model.encoder.layer.1.output.LayerNorm.weight:lr_mult=0.1
07/08 03:03:58 - mmengine - INFO - paramwise_options -- backbone.text_model.model.encoder.layer.1.output.LayerNorm.bias:num of params=768
07/08 03:03:58 - mmengine - INFO - paramwise_options -- backbone.text_model.model.encoder.layer.1.output.LayerNorm.bias:lr=2.0000000000000003e-06
07/08 03:03:58 - mmengine - INFO - paramwise_options -- backbone.text_model.model.encoder.layer.1.output.LayerNorm.bias:weight_decay=0.05
07/08 03:03:58 - mmengine - INFO - paramwise_options -- backbone.text_model.model.encoder.layer.1.output.LayerNorm.bias:lr_mult=0.1
07/08 03:03:58 - mmengine - INFO - paramwise_options -- backbone.text_model.model.encoder.layer.2.attention.self.query.weight:num of params=589824
07/08 03:03:58 - mmengine - INFO - paramwise_options -- backbone.text_model.model.encoder.layer.2.attention.self.query.weight:lr=2.0000000000000003e-06
07/08 03:03:58 - mmengine - INFO - paramwise_options -- backbone.text_model.model.encoder.layer.2.attention.self.query.weight:weight_decay=0.05
07/08 03:03:58 - mmengine - INFO - paramwise_options -- backbone.text_model.model.encoder.layer.2.attention.self.query.weight:lr_mult=0.1
07/08 03:03:58 - mmengine - INFO - paramwise_options -- backbone.text_model.model.encoder.layer.2.attention.self.query.bias:num of params=768
07/08 03:03:58 - mmengine - INFO - paramwise_options -- backbone.text_model.model.encoder.layer.2.attention.self.query.bias:lr=2.0000000000000003e-06
07/08 03:03:58 - mmengine - INFO - paramwise_options -- backbone.text_model.model.encoder.layer.2.attention.self.query.bias:weight_decay=0.05
07/08 03:03:58 - mmengine - INFO - paramwise_options -- backbone.text_model.model.encoder.layer.2.attention.self.query.bias:lr_mult=0.1
07/08 03:03:58 - mmengine - INFO - paramwise_options -- backbone.text_model.model.encoder.layer.2.attention.self.key.weight:num of params=589824
07/08 03:03:58 - mmengine - INFO - paramwise_options -- backbone.text_model.model.encoder.layer.2.attention.self.key.weight:lr=2.0000000000000003e-06
07/08 03:03:58 - mmengine - INFO - paramwise_options -- backbone.text_model.model.encoder.layer.2.attention.self.key.weight:weight_decay=0.05
07/08 03:03:58 - mmengine - INFO - paramwise_options -- backbone.text_model.model.encoder.layer.2.attention.self.key.weight:lr_mult=0.1
07/08 03:03:58 - mmengine - INFO - paramwise_options -- backbone.text_model.model.encoder.layer.2.attention.self.key.bias:num of params=768
07/08 03:03:58 - mmengine - INFO - paramwise_options -- backbone.text_model.model.encoder.layer.2.attention.self.key.bias:lr=2.0000000000000003e-06
07/08 03:03:58 - mmengine - INFO - paramwise_options -- backbone.text_model.model.encoder.layer.2.attention.self.key.bias:weight_decay=0.05
07/08 03:03:58 - mmengine - INFO - paramwise_options -- backbone.text_model.model.encoder.layer.2.attention.self.key.bias:lr_mult=0.1
07/08 03:03:58 - mmengine - INFO - paramwise_options -- backbone.text_model.model.encoder.layer.2.attention.self.value.weight:num of params=589824
07/08 03:03:58 - mmengine - INFO - paramwise_options -- backbone.text_model.model.encoder.layer.2.attention.self.value.weight:lr=2.0000000000000003e-06
07/08 03:03:58 - mmengine - INFO - paramwise_options -- backbone.text_model.model.encoder.layer.2.attention.self.value.weight:weight_decay=0.05
07/08 03:03:58 - mmengine - INFO - paramwise_options -- backbone.text_model.model.encoder.layer.2.attention.self.value.weight:lr_mult=0.1
07/08 03:03:58 - mmengine - INFO - paramwise_options -- backbone.text_model.model.encoder.layer.2.attention.self.value.bias:num of params=768
07/08 03:03:58 - mmengine - INFO - paramwise_options -- backbone.text_model.model.encoder.layer.2.attention.self.value.bias:lr=2.0000000000000003e-06
07/08 03:03:58 - mmengine - INFO - paramwise_options -- backbone.text_model.model.encoder.layer.2.attention.self.value.bias:weight_decay=0.05
07/08 03:03:58 - mmengine - INFO - paramwise_options -- backbone.text_model.model.encoder.layer.2.attention.self.value.bias:lr_mult=0.1
07/08 03:03:58 - mmengine - INFO - paramwise_options -- backbone.text_model.model.encoder.layer.2.attention.output.dense.weight:num of params=589824
07/08 03:03:58 - mmengine - INFO - paramwise_options -- backbone.text_model.model.encoder.layer.2.attention.output.dense.weight:lr=2.0000000000000003e-06
07/08 03:03:58 - mmengine - INFO - paramwise_options -- backbone.text_model.model.encoder.layer.2.attention.output.dense.weight:weight_decay=0.05
07/08 03:03:58 - mmengine - INFO - paramwise_options -- backbone.text_model.model.encoder.layer.2.attention.output.dense.weight:lr_mult=0.1
07/08 03:03:58 - mmengine - INFO - paramwise_options -- backbone.text_model.model.encoder.layer.2.attention.output.dense.bias:num of params=768
07/08 03:03:58 - mmengine - INFO - paramwise_options -- backbone.text_model.model.encoder.layer.2.attention.output.dense.bias:lr=2.0000000000000003e-06
07/08 03:03:58 - mmengine - INFO - paramwise_options -- backbone.text_model.model.encoder.layer.2.attention.output.dense.bias:weight_decay=0.05
07/08 03:03:58 - mmengine - INFO - paramwise_options -- backbone.text_model.model.encoder.layer.2.attention.output.dense.bias:lr_mult=0.1
07/08 03:03:58 - mmengine - INFO - paramwise_options -- backbone.text_model.model.encoder.layer.2.attention.output.LayerNorm.weight:num of params=768
07/08 03:03:58 - mmengine - INFO - paramwise_options -- backbone.text_model.model.encoder.layer.2.attention.output.LayerNorm.weight:lr=2.0000000000000003e-06
07/08 03:03:58 - mmengine - INFO - paramwise_options -- backbone.text_model.model.encoder.layer.2.attention.output.LayerNorm.weight:weight_decay=0.05
07/08 03:03:58 - mmengine - INFO - paramwise_options -- backbone.text_model.model.encoder.layer.2.attention.output.LayerNorm.weight:lr_mult=0.1
07/08 03:03:58 - mmengine - INFO - paramwise_options -- backbone.text_model.model.encoder.layer.2.attention.output.LayerNorm.bias:num of params=768
07/08 03:03:58 - mmengine - INFO - paramwise_options -- backbone.text_model.model.encoder.layer.2.attention.output.LayerNorm.bias:lr=2.0000000000000003e-06
07/08 03:03:58 - mmengine - INFO - paramwise_options -- backbone.text_model.model.encoder.layer.2.attention.output.LayerNorm.bias:weight_decay=0.05
07/08 03:03:58 - mmengine - INFO - paramwise_options -- backbone.text_model.model.encoder.layer.2.attention.output.LayerNorm.bias:lr_mult=0.1
07/08 03:03:58 - mmengine - INFO - paramwise_options -- backbone.text_model.model.encoder.layer.2.intermediate.dense.weight:num of params=2359296
07/08 03:03:58 - mmengine - INFO - paramwise_options -- backbone.text_model.model.encoder.layer.2.intermediate.dense.weight:lr=2.0000000000000003e-06
07/08 03:03:58 - mmengine - INFO - paramwise_options -- backbone.text_model.model.encoder.layer.2.intermediate.dense.weight:weight_decay=0.05
07/08 03:03:58 - mmengine - INFO - paramwise_options -- backbone.text_model.model.encoder.layer.2.intermediate.dense.weight:lr_mult=0.1
07/08 03:03:58 - mmengine - INFO - paramwise_options -- backbone.text_model.model.encoder.layer.2.intermediate.dense.bias:num of params=3072
07/08 03:03:58 - mmengine - INFO - paramwise_options -- backbone.text_model.model.encoder.layer.2.intermediate.dense.bias:lr=2.0000000000000003e-06
07/08 03:03:58 - mmengine - INFO - paramwise_options -- backbone.text_model.model.encoder.layer.2.intermediate.dense.bias:weight_decay=0.05
07/08 03:03:58 - mmengine - INFO - paramwise_options -- backbone.text_model.model.encoder.layer.2.intermediate.dense.bias:lr_mult=0.1
07/08 03:03:58 - mmengine - INFO - paramwise_options -- backbone.text_model.model.encoder.layer.2.output.dense.weight:num of params=2359296
07/08 03:03:58 - mmengine - INFO - paramwise_options -- backbone.text_model.model.encoder.layer.2.output.dense.weight:lr=2.0000000000000003e-06
07/08 03:03:58 - mmengine - INFO - paramwise_options -- backbone.text_model.model.encoder.layer.2.output.dense.weight:weight_decay=0.05
07/08 03:03:58 - mmengine - INFO - paramwise_options -- backbone.text_model.model.encoder.layer.2.output.dense.weight:lr_mult=0.1
07/08 03:03:58 - mmengine - INFO - paramwise_options -- backbone.text_model.model.encoder.layer.2.output.dense.bias:num of params=768
07/08 03:03:58 - mmengine - INFO - paramwise_options -- backbone.text_model.model.encoder.layer.2.output.dense.bias:lr=2.0000000000000003e-06
07/08 03:03:58 - mmengine - INFO - paramwise_options -- backbone.text_model.model.encoder.layer.2.output.dense.bias:weight_decay=0.05
07/08 03:03:58 - mmengine - INFO - paramwise_options -- backbone.text_model.model.encoder.layer.2.output.dense.bias:lr_mult=0.1
07/08 03:03:58 - mmengine - INFO - paramwise_options -- backbone.text_model.model.encoder.layer.2.output.LayerNorm.weight:num of params=768
07/08 03:03:58 - mmengine - INFO - paramwise_options -- backbone.text_model.model.encoder.layer.2.output.LayerNorm.weight:lr=2.0000000000000003e-06
07/08 03:03:58 - mmengine - INFO - paramwise_options -- backbone.text_model.model.encoder.layer.2.output.LayerNorm.weight:weight_decay=0.05
07/08 03:03:58 - mmengine - INFO - paramwise_options -- backbone.text_model.model.encoder.layer.2.output.LayerNorm.weight:lr_mult=0.1
07/08 03:03:58 - mmengine - INFO - paramwise_options -- backbone.text_model.model.encoder.layer.2.output.LayerNorm.bias:num of params=768
07/08 03:03:58 - mmengine - INFO - paramwise_options -- backbone.text_model.model.encoder.layer.2.output.LayerNorm.bias:lr=2.0000000000000003e-06
07/08 03:03:58 - mmengine - INFO - paramwise_options -- backbone.text_model.model.encoder.layer.2.output.LayerNorm.bias:weight_decay=0.05
07/08 03:03:58 - mmengine - INFO - paramwise_options -- backbone.text_model.model.encoder.layer.2.output.LayerNorm.bias:lr_mult=0.1
07/08 03:03:58 - mmengine - INFO - paramwise_options -- backbone.text_model.model.encoder.layer.3.attention.self.query.weight:num of params=589824
07/08 03:03:58 - mmengine - INFO - paramwise_options -- backbone.text_model.model.encoder.layer.3.attention.self.query.weight:lr=2.0000000000000003e-06
07/08 03:03:58 - mmengine - INFO - paramwise_options -- backbone.text_model.model.encoder.layer.3.attention.self.query.weight:weight_decay=0.05
07/08 03:03:58 - mmengine - INFO - paramwise_options -- backbone.text_model.model.encoder.layer.3.attention.self.query.weight:lr_mult=0.1
07/08 03:03:58 - mmengine - INFO - paramwise_options -- backbone.text_model.model.encoder.layer.3.attention.self.query.bias:num of params=768
07/08 03:03:58 - mmengine - INFO - paramwise_options -- backbone.text_model.model.encoder.layer.3.attention.self.query.bias:lr=2.0000000000000003e-06
07/08 03:03:58 - mmengine - INFO - paramwise_options -- backbone.text_model.model.encoder.layer.3.attention.self.query.bias:weight_decay=0.05
07/08 03:03:58 - mmengine - INFO - paramwise_options -- backbone.text_model.model.encoder.layer.3.attention.self.query.bias:lr_mult=0.1
07/08 03:03:58 - mmengine - INFO - paramwise_options -- backbone.text_model.model.encoder.layer.3.attention.self.key.weight:num of params=589824
07/08 03:03:58 - mmengine - INFO - paramwise_options -- backbone.text_model.model.encoder.layer.3.attention.self.key.weight:lr=2.0000000000000003e-06
07/08 03:03:58 - mmengine - INFO - paramwise_options -- backbone.text_model.model.encoder.layer.3.attention.self.key.weight:weight_decay=0.05
07/08 03:03:58 - mmengine - INFO - paramwise_options -- backbone.text_model.model.encoder.layer.3.attention.self.key.weight:lr_mult=0.1
07/08 03:03:58 - mmengine - INFO - paramwise_options -- backbone.text_model.model.encoder.layer.3.attention.self.key.bias:num of params=768
07/08 03:03:58 - mmengine - INFO - paramwise_options -- backbone.text_model.model.encoder.layer.3.attention.self.key.bias:lr=2.0000000000000003e-06
07/08 03:03:58 - mmengine - INFO - paramwise_options -- backbone.text_model.model.encoder.layer.3.attention.self.key.bias:weight_decay=0.05
07/08 03:03:58 - mmengine - INFO - paramwise_options -- backbone.text_model.model.encoder.layer.3.attention.self.key.bias:lr_mult=0.1
07/08 03:03:58 - mmengine - INFO - paramwise_options -- backbone.text_model.model.encoder.layer.3.attention.self.value.weight:num of params=589824
07/08 03:03:58 - mmengine - INFO - paramwise_options -- backbone.text_model.model.encoder.layer.3.attention.self.value.weight:lr=2.0000000000000003e-06
07/08 03:03:58 - mmengine - INFO - paramwise_options -- backbone.text_model.model.encoder.layer.3.attention.self.value.weight:weight_decay=0.05
07/08 03:03:58 - mmengine - INFO - paramwise_options -- backbone.text_model.model.encoder.layer.3.attention.self.value.weight:lr_mult=0.1
07/08 03:03:58 - mmengine - INFO - paramwise_options -- backbone.text_model.model.encoder.layer.3.attention.self.value.bias:num of params=768
07/08 03:03:58 - mmengine - INFO - paramwise_options -- backbone.text_model.model.encoder.layer.3.attention.self.value.bias:lr=2.0000000000000003e-06
07/08 03:03:58 - mmengine - INFO - paramwise_options -- backbone.text_model.model.encoder.layer.3.attention.self.value.bias:weight_decay=0.05
07/08 03:03:58 - mmengine - INFO - paramwise_options -- backbone.text_model.model.encoder.layer.3.attention.self.value.bias:lr_mult=0.1
07/08 03:03:58 - mmengine - INFO - paramwise_options -- backbone.text_model.model.encoder.layer.3.attention.output.dense.weight:num of params=589824
07/08 03:03:58 - mmengine - INFO - paramwise_options -- backbone.text_model.model.encoder.layer.3.attention.output.dense.weight:lr=2.0000000000000003e-06
07/08 03:03:58 - mmengine - INFO - paramwise_options -- backbone.text_model.model.encoder.layer.3.attention.output.dense.weight:weight_decay=0.05
07/08 03:03:58 - mmengine - INFO - paramwise_options -- backbone.text_model.model.encoder.layer.3.attention.output.dense.weight:lr_mult=0.1
07/08 03:03:58 - mmengine - INFO - paramwise_options -- backbone.text_model.model.encoder.layer.3.attention.output.dense.bias:num of params=768
07/08 03:03:58 - mmengine - INFO - paramwise_options -- backbone.text_model.model.encoder.layer.3.attention.output.dense.bias:lr=2.0000000000000003e-06
07/08 03:03:58 - mmengine - INFO - paramwise_options -- backbone.text_model.model.encoder.layer.3.attention.output.dense.bias:weight_decay=0.05
07/08 03:03:58 - mmengine - INFO - paramwise_options -- backbone.text_model.model.encoder.layer.3.attention.output.dense.bias:lr_mult=0.1
07/08 03:03:58 - mmengine - INFO - paramwise_options -- backbone.text_model.model.encoder.layer.3.attention.output.LayerNorm.weight:num of params=768
07/08 03:03:58 - mmengine - INFO - paramwise_options -- backbone.text_model.model.encoder.layer.3.attention.output.LayerNorm.weight:lr=2.0000000000000003e-06
07/08 03:03:58 - mmengine - INFO - paramwise_options -- backbone.text_model.model.encoder.layer.3.attention.output.LayerNorm.weight:weight_decay=0.05
07/08 03:03:58 - mmengine - INFO - paramwise_options -- backbone.text_model.model.encoder.layer.3.attention.output.LayerNorm.weight:lr_mult=0.1
07/08 03:03:58 - mmengine - INFO - paramwise_options -- backbone.text_model.model.encoder.layer.3.attention.output.LayerNorm.bias:num of params=768
07/08 03:03:58 - mmengine - INFO - paramwise_options -- backbone.text_model.model.encoder.layer.3.attention.output.LayerNorm.bias:lr=2.0000000000000003e-06
07/08 03:03:58 - mmengine - INFO - paramwise_options -- backbone.text_model.model.encoder.layer.3.attention.output.LayerNorm.bias:weight_decay=0.05
07/08 03:03:58 - mmengine - INFO - paramwise_options -- backbone.text_model.model.encoder.layer.3.attention.output.LayerNorm.bias:lr_mult=0.1
07/08 03:03:58 - mmengine - INFO - paramwise_options -- backbone.text_model.model.encoder.layer.3.intermediate.dense.weight:num of params=2359296
07/08 03:03:58 - mmengine - INFO - paramwise_options -- backbone.text_model.model.encoder.layer.3.intermediate.dense.weight:lr=2.0000000000000003e-06
07/08 03:03:58 - mmengine - INFO - paramwise_options -- backbone.text_model.model.encoder.layer.3.intermediate.dense.weight:weight_decay=0.05
07/08 03:03:58 - mmengine - INFO - paramwise_options -- backbone.text_model.model.encoder.layer.3.intermediate.dense.weight:lr_mult=0.1
07/08 03:03:58 - mmengine - INFO - paramwise_options -- backbone.text_model.model.encoder.layer.3.intermediate.dense.bias:num of params=3072
07/08 03:03:58 - mmengine - INFO - paramwise_options -- backbone.text_model.model.encoder.layer.3.intermediate.dense.bias:lr=2.0000000000000003e-06
07/08 03:03:58 - mmengine - INFO - paramwise_options -- backbone.text_model.model.encoder.layer.3.intermediate.dense.bias:weight_decay=0.05
07/08 03:03:58 - mmengine - INFO - paramwise_options -- backbone.text_model.model.encoder.layer.3.intermediate.dense.bias:lr_mult=0.1
07/08 03:03:58 - mmengine - INFO - paramwise_options -- backbone.text_model.model.encoder.layer.3.output.dense.weight:num of params=2359296
07/08 03:03:58 - mmengine - INFO - paramwise_options -- backbone.text_model.model.encoder.layer.3.output.dense.weight:lr=2.0000000000000003e-06
07/08 03:03:58 - mmengine - INFO - paramwise_options -- backbone.text_model.model.encoder.layer.3.output.dense.weight:weight_decay=0.05
07/08 03:03:58 - mmengine - INFO - paramwise_options -- backbone.text_model.model.encoder.layer.3.output.dense.weight:lr_mult=0.1
07/08 03:03:58 - mmengine - INFO - paramwise_options -- backbone.text_model.model.encoder.layer.3.output.dense.bias:num of params=768
07/08 03:03:58 - mmengine - INFO - paramwise_options -- backbone.text_model.model.encoder.layer.3.output.dense.bias:lr=2.0000000000000003e-06
07/08 03:03:58 - mmengine - INFO - paramwise_options -- backbone.text_model.model.encoder.layer.3.output.dense.bias:weight_decay=0.05
07/08 03:03:58 - mmengine - INFO - paramwise_options -- backbone.text_model.model.encoder.layer.3.output.dense.bias:lr_mult=0.1
07/08 03:03:58 - mmengine - INFO - paramwise_options -- backbone.text_model.model.encoder.layer.3.output.LayerNorm.weight:num of params=768
07/08 03:03:58 - mmengine - INFO - paramwise_options -- backbone.text_model.model.encoder.layer.3.output.LayerNorm.weight:lr=2.0000000000000003e-06
07/08 03:03:58 - mmengine - INFO - paramwise_options -- backbone.text_model.model.encoder.layer.3.output.LayerNorm.weight:weight_decay=0.05
07/08 03:03:58 - mmengine - INFO - paramwise_options -- backbone.text_model.model.encoder.layer.3.output.LayerNorm.weight:lr_mult=0.1
07/08 03:03:58 - mmengine - INFO - paramwise_options -- backbone.text_model.model.encoder.layer.3.output.LayerNorm.bias:num of params=768
07/08 03:03:58 - mmengine - INFO - paramwise_options -- backbone.text_model.model.encoder.layer.3.output.LayerNorm.bias:lr=2.0000000000000003e-06
07/08 03:03:58 - mmengine - INFO - paramwise_options -- backbone.text_model.model.encoder.layer.3.output.LayerNorm.bias:weight_decay=0.05
07/08 03:03:58 - mmengine - INFO - paramwise_options -- backbone.text_model.model.encoder.layer.3.output.LayerNorm.bias:lr_mult=0.1
07/08 03:03:58 - mmengine - INFO - paramwise_options -- backbone.text_model.model.encoder.layer.4.attention.self.query.weight:num of params=589824
07/08 03:03:58 - mmengine - INFO - paramwise_options -- backbone.text_model.model.encoder.layer.4.attention.self.query.weight:lr=2.0000000000000003e-06
07/08 03:03:58 - mmengine - INFO - paramwise_options -- backbone.text_model.model.encoder.layer.4.attention.self.query.weight:weight_decay=0.05
07/08 03:03:58 - mmengine - INFO - paramwise_options -- backbone.text_model.model.encoder.layer.4.attention.self.query.weight:lr_mult=0.1
07/08 03:03:58 - mmengine - INFO - paramwise_options -- backbone.text_model.model.encoder.layer.4.attention.self.query.bias:num of params=768
07/08 03:03:58 - mmengine - INFO - paramwise_options -- backbone.text_model.model.encoder.layer.4.attention.self.query.bias:lr=2.0000000000000003e-06
07/08 03:03:58 - mmengine - INFO - paramwise_options -- backbone.text_model.model.encoder.layer.4.attention.self.query.bias:weight_decay=0.05
07/08 03:03:58 - mmengine - INFO - paramwise_options -- backbone.text_model.model.encoder.layer.4.attention.self.query.bias:lr_mult=0.1
07/08 03:03:58 - mmengine - INFO - paramwise_options -- backbone.text_model.model.encoder.layer.4.attention.self.key.weight:num of params=589824
07/08 03:03:58 - mmengine - INFO - paramwise_options -- backbone.text_model.model.encoder.layer.4.attention.self.key.weight:lr=2.0000000000000003e-06
07/08 03:03:58 - mmengine - INFO - paramwise_options -- backbone.text_model.model.encoder.layer.4.attention.self.key.weight:weight_decay=0.05
07/08 03:03:58 - mmengine - INFO - paramwise_options -- backbone.text_model.model.encoder.layer.4.attention.self.key.weight:lr_mult=0.1
07/08 03:03:58 - mmengine - INFO - paramwise_options -- backbone.text_model.model.encoder.layer.4.attention.self.key.bias:num of params=768
07/08 03:03:58 - mmengine - INFO - paramwise_options -- backbone.text_model.model.encoder.layer.4.attention.self.key.bias:lr=2.0000000000000003e-06
07/08 03:03:58 - mmengine - INFO - paramwise_options -- backbone.text_model.model.encoder.layer.4.attention.self.key.bias:weight_decay=0.05
07/08 03:03:58 - mmengine - INFO - paramwise_options -- backbone.text_model.model.encoder.layer.4.attention.self.key.bias:lr_mult=0.1
07/08 03:03:58 - mmengine - INFO - paramwise_options -- backbone.text_model.model.encoder.layer.4.attention.self.value.weight:num of params=589824
07/08 03:03:58 - mmengine - INFO - paramwise_options -- backbone.text_model.model.encoder.layer.4.attention.self.value.weight:lr=2.0000000000000003e-06
07/08 03:03:58 - mmengine - INFO - paramwise_options -- backbone.text_model.model.encoder.layer.4.attention.self.value.weight:weight_decay=0.05
07/08 03:03:58 - mmengine - INFO - paramwise_options -- backbone.text_model.model.encoder.layer.4.attention.self.value.weight:lr_mult=0.1
07/08 03:03:58 - mmengine - INFO - paramwise_options -- backbone.text_model.model.encoder.layer.4.attention.self.value.bias:num of params=768
07/08 03:03:58 - mmengine - INFO - paramwise_options -- backbone.text_model.model.encoder.layer.4.attention.self.value.bias:lr=2.0000000000000003e-06
07/08 03:03:58 - mmengine - INFO - paramwise_options -- backbone.text_model.model.encoder.layer.4.attention.self.value.bias:weight_decay=0.05
07/08 03:03:58 - mmengine - INFO - paramwise_options -- backbone.text_model.model.encoder.layer.4.attention.self.value.bias:lr_mult=0.1
07/08 03:03:58 - mmengine - INFO - paramwise_options -- backbone.text_model.model.encoder.layer.4.attention.output.dense.weight:num of params=589824
07/08 03:03:58 - mmengine - INFO - paramwise_options -- backbone.text_model.model.encoder.layer.4.attention.output.dense.weight:lr=2.0000000000000003e-06
07/08 03:03:58 - mmengine - INFO - paramwise_options -- backbone.text_model.model.encoder.layer.4.attention.output.dense.weight:weight_decay=0.05
07/08 03:03:58 - mmengine - INFO - paramwise_options -- backbone.text_model.model.encoder.layer.4.attention.output.dense.weight:lr_mult=0.1
07/08 03:03:58 - mmengine - INFO - paramwise_options -- backbone.text_model.model.encoder.layer.4.attention.output.dense.bias:num of params=768
07/08 03:03:58 - mmengine - INFO - paramwise_options -- backbone.text_model.model.encoder.layer.4.attention.output.dense.bias:lr=2.0000000000000003e-06
07/08 03:03:58 - mmengine - INFO - paramwise_options -- backbone.text_model.model.encoder.layer.4.attention.output.dense.bias:weight_decay=0.05
07/08 03:03:58 - mmengine - INFO - paramwise_options -- backbone.text_model.model.encoder.layer.4.attention.output.dense.bias:lr_mult=0.1
07/08 03:03:58 - mmengine - INFO - paramwise_options -- backbone.text_model.model.encoder.layer.4.attention.output.LayerNorm.weight:num of params=768
07/08 03:03:58 - mmengine - INFO - paramwise_options -- backbone.text_model.model.encoder.layer.4.attention.output.LayerNorm.weight:lr=2.0000000000000003e-06
07/08 03:03:58 - mmengine - INFO - paramwise_options -- backbone.text_model.model.encoder.layer.4.attention.output.LayerNorm.weight:weight_decay=0.05
07/08 03:03:58 - mmengine - INFO - paramwise_options -- backbone.text_model.model.encoder.layer.4.attention.output.LayerNorm.weight:lr_mult=0.1
07/08 03:03:58 - mmengine - INFO - paramwise_options -- backbone.text_model.model.encoder.layer.4.attention.output.LayerNorm.bias:num of params=768
07/08 03:03:58 - mmengine - INFO - paramwise_options -- backbone.text_model.model.encoder.layer.4.attention.output.LayerNorm.bias:lr=2.0000000000000003e-06
07/08 03:03:58 - mmengine - INFO - paramwise_options -- backbone.text_model.model.encoder.layer.4.attention.output.LayerNorm.bias:weight_decay=0.05
07/08 03:03:58 - mmengine - INFO - paramwise_options -- backbone.text_model.model.encoder.layer.4.attention.output.LayerNorm.bias:lr_mult=0.1
07/08 03:03:58 - mmengine - INFO - paramwise_options -- backbone.text_model.model.encoder.layer.4.intermediate.dense.weight:num of params=2359296
07/08 03:03:58 - mmengine - INFO - paramwise_options -- backbone.text_model.model.encoder.layer.4.intermediate.dense.weight:lr=2.0000000000000003e-06
07/08 03:03:58 - mmengine - INFO - paramwise_options -- backbone.text_model.model.encoder.layer.4.intermediate.dense.weight:weight_decay=0.05
07/08 03:03:58 - mmengine - INFO - paramwise_options -- backbone.text_model.model.encoder.layer.4.intermediate.dense.weight:lr_mult=0.1
07/08 03:03:58 - mmengine - INFO - paramwise_options -- backbone.text_model.model.encoder.layer.4.intermediate.dense.bias:num of params=3072
07/08 03:03:58 - mmengine - INFO - paramwise_options -- backbone.text_model.model.encoder.layer.4.intermediate.dense.bias:lr=2.0000000000000003e-06
07/08 03:03:58 - mmengine - INFO - paramwise_options -- backbone.text_model.model.encoder.layer.4.intermediate.dense.bias:weight_decay=0.05
07/08 03:03:58 - mmengine - INFO - paramwise_options -- backbone.text_model.model.encoder.layer.4.intermediate.dense.bias:lr_mult=0.1
07/08 03:03:58 - mmengine - INFO - paramwise_options -- backbone.text_model.model.encoder.layer.4.output.dense.weight:num of params=2359296
07/08 03:03:58 - mmengine - INFO - paramwise_options -- backbone.text_model.model.encoder.layer.4.output.dense.weight:lr=2.0000000000000003e-06
07/08 03:03:58 - mmengine - INFO - paramwise_options -- backbone.text_model.model.encoder.layer.4.output.dense.weight:weight_decay=0.05
07/08 03:03:58 - mmengine - INFO - paramwise_options -- backbone.text_model.model.encoder.layer.4.output.dense.weight:lr_mult=0.1
07/08 03:03:58 - mmengine - INFO - paramwise_options -- backbone.text_model.model.encoder.layer.4.output.dense.bias:num of params=768
07/08 03:03:58 - mmengine - INFO - paramwise_options -- backbone.text_model.model.encoder.layer.4.output.dense.bias:lr=2.0000000000000003e-06
07/08 03:03:58 - mmengine - INFO - paramwise_options -- backbone.text_model.model.encoder.layer.4.output.dense.bias:weight_decay=0.05
07/08 03:03:58 - mmengine - INFO - paramwise_options -- backbone.text_model.model.encoder.layer.4.output.dense.bias:lr_mult=0.1
07/08 03:03:58 - mmengine - INFO - paramwise_options -- backbone.text_model.model.encoder.layer.4.output.LayerNorm.weight:num of params=768
07/08 03:03:58 - mmengine - INFO - paramwise_options -- backbone.text_model.model.encoder.layer.4.output.LayerNorm.weight:lr=2.0000000000000003e-06
07/08 03:03:58 - mmengine - INFO - paramwise_options -- backbone.text_model.model.encoder.layer.4.output.LayerNorm.weight:weight_decay=0.05
07/08 03:03:58 - mmengine - INFO - paramwise_options -- backbone.text_model.model.encoder.layer.4.output.LayerNorm.weight:lr_mult=0.1
07/08 03:03:58 - mmengine - INFO - paramwise_options -- backbone.text_model.model.encoder.layer.4.output.LayerNorm.bias:num of params=768
07/08 03:03:58 - mmengine - INFO - paramwise_options -- backbone.text_model.model.encoder.layer.4.output.LayerNorm.bias:lr=2.0000000000000003e-06
07/08 03:03:58 - mmengine - INFO - paramwise_options -- backbone.text_model.model.encoder.layer.4.output.LayerNorm.bias:weight_decay=0.05
07/08 03:03:58 - mmengine - INFO - paramwise_options -- backbone.text_model.model.encoder.layer.4.output.LayerNorm.bias:lr_mult=0.1
07/08 03:03:58 - mmengine - INFO - paramwise_options -- backbone.text_model.model.encoder.layer.5.attention.self.query.weight:num of params=589824
07/08 03:03:58 - mmengine - INFO - paramwise_options -- backbone.text_model.model.encoder.layer.5.attention.self.query.weight:lr=2.0000000000000003e-06
07/08 03:03:58 - mmengine - INFO - paramwise_options -- backbone.text_model.model.encoder.layer.5.attention.self.query.weight:weight_decay=0.05
07/08 03:03:58 - mmengine - INFO - paramwise_options -- backbone.text_model.model.encoder.layer.5.attention.self.query.weight:lr_mult=0.1
07/08 03:03:58 - mmengine - INFO - paramwise_options -- backbone.text_model.model.encoder.layer.5.attention.self.query.bias:num of params=768
07/08 03:03:58 - mmengine - INFO - paramwise_options -- backbone.text_model.model.encoder.layer.5.attention.self.query.bias:lr=2.0000000000000003e-06
07/08 03:03:58 - mmengine - INFO - paramwise_options -- backbone.text_model.model.encoder.layer.5.attention.self.query.bias:weight_decay=0.05
07/08 03:03:58 - mmengine - INFO - paramwise_options -- backbone.text_model.model.encoder.layer.5.attention.self.query.bias:lr_mult=0.1
07/08 03:03:58 - mmengine - INFO - paramwise_options -- backbone.text_model.model.encoder.layer.5.attention.self.key.weight:num of params=589824
07/08 03:03:58 - mmengine - INFO - paramwise_options -- backbone.text_model.model.encoder.layer.5.attention.self.key.weight:lr=2.0000000000000003e-06
07/08 03:03:58 - mmengine - INFO - paramwise_options -- backbone.text_model.model.encoder.layer.5.attention.self.key.weight:weight_decay=0.05
07/08 03:03:58 - mmengine - INFO - paramwise_options -- backbone.text_model.model.encoder.layer.5.attention.self.key.weight:lr_mult=0.1
07/08 03:03:58 - mmengine - INFO - paramwise_options -- backbone.text_model.model.encoder.layer.5.attention.self.key.bias:num of params=768
07/08 03:03:58 - mmengine - INFO - paramwise_options -- backbone.text_model.model.encoder.layer.5.attention.self.key.bias:lr=2.0000000000000003e-06
07/08 03:03:58 - mmengine - INFO - paramwise_options -- backbone.text_model.model.encoder.layer.5.attention.self.key.bias:weight_decay=0.05
07/08 03:03:58 - mmengine - INFO - paramwise_options -- backbone.text_model.model.encoder.layer.5.attention.self.key.bias:lr_mult=0.1
07/08 03:03:58 - mmengine - INFO - paramwise_options -- backbone.text_model.model.encoder.layer.5.attention.self.value.weight:num of params=589824
07/08 03:03:58 - mmengine - INFO - paramwise_options -- backbone.text_model.model.encoder.layer.5.attention.self.value.weight:lr=2.0000000000000003e-06
07/08 03:03:58 - mmengine - INFO - paramwise_options -- backbone.text_model.model.encoder.layer.5.attention.self.value.weight:weight_decay=0.05
07/08 03:03:58 - mmengine - INFO - paramwise_options -- backbone.text_model.model.encoder.layer.5.attention.self.value.weight:lr_mult=0.1
07/08 03:03:58 - mmengine - INFO - paramwise_options -- backbone.text_model.model.encoder.layer.5.attention.self.value.bias:num of params=768
07/08 03:03:58 - mmengine - INFO - paramwise_options -- backbone.text_model.model.encoder.layer.5.attention.self.value.bias:lr=2.0000000000000003e-06
07/08 03:03:58 - mmengine - INFO - paramwise_options -- backbone.text_model.model.encoder.layer.5.attention.self.value.bias:weight_decay=0.05
07/08 03:03:58 - mmengine - INFO - paramwise_options -- backbone.text_model.model.encoder.layer.5.attention.self.value.bias:lr_mult=0.1
07/08 03:03:58 - mmengine - INFO - paramwise_options -- backbone.text_model.model.encoder.layer.5.attention.output.dense.weight:num of params=589824
07/08 03:03:58 - mmengine - INFO - paramwise_options -- backbone.text_model.model.encoder.layer.5.attention.output.dense.weight:lr=2.0000000000000003e-06
07/08 03:03:58 - mmengine - INFO - paramwise_options -- backbone.text_model.model.encoder.layer.5.attention.output.dense.weight:weight_decay=0.05
07/08 03:03:58 - mmengine - INFO - paramwise_options -- backbone.text_model.model.encoder.layer.5.attention.output.dense.weight:lr_mult=0.1
07/08 03:03:58 - mmengine - INFO - paramwise_options -- backbone.text_model.model.encoder.layer.5.attention.output.dense.bias:num of params=768
07/08 03:03:58 - mmengine - INFO - paramwise_options -- backbone.text_model.model.encoder.layer.5.attention.output.dense.bias:lr=2.0000000000000003e-06
07/08 03:03:58 - mmengine - INFO - paramwise_options -- backbone.text_model.model.encoder.layer.5.attention.output.dense.bias:weight_decay=0.05
07/08 03:03:58 - mmengine - INFO - paramwise_options -- backbone.text_model.model.encoder.layer.5.attention.output.dense.bias:lr_mult=0.1
07/08 03:03:58 - mmengine - INFO - paramwise_options -- backbone.text_model.model.encoder.layer.5.attention.output.LayerNorm.weight:num of params=768
07/08 03:03:58 - mmengine - INFO - paramwise_options -- backbone.text_model.model.encoder.layer.5.attention.output.LayerNorm.weight:lr=2.0000000000000003e-06
07/08 03:03:58 - mmengine - INFO - paramwise_options -- backbone.text_model.model.encoder.layer.5.attention.output.LayerNorm.weight:weight_decay=0.05
07/08 03:03:58 - mmengine - INFO - paramwise_options -- backbone.text_model.model.encoder.layer.5.attention.output.LayerNorm.weight:lr_mult=0.1
07/08 03:03:58 - mmengine - INFO - paramwise_options -- backbone.text_model.model.encoder.layer.5.attention.output.LayerNorm.bias:num of params=768
07/08 03:03:58 - mmengine - INFO - paramwise_options -- backbone.text_model.model.encoder.layer.5.attention.output.LayerNorm.bias:lr=2.0000000000000003e-06
07/08 03:03:58 - mmengine - INFO - paramwise_options -- backbone.text_model.model.encoder.layer.5.attention.output.LayerNorm.bias:weight_decay=0.05
07/08 03:03:58 - mmengine - INFO - paramwise_options -- backbone.text_model.model.encoder.layer.5.attention.output.LayerNorm.bias:lr_mult=0.1
07/08 03:03:58 - mmengine - INFO - paramwise_options -- backbone.text_model.model.encoder.layer.5.intermediate.dense.weight:num of params=2359296
07/08 03:03:58 - mmengine - INFO - paramwise_options -- backbone.text_model.model.encoder.layer.5.intermediate.dense.weight:lr=2.0000000000000003e-06
07/08 03:03:58 - mmengine - INFO - paramwise_options -- backbone.text_model.model.encoder.layer.5.intermediate.dense.weight:weight_decay=0.05
07/08 03:03:58 - mmengine - INFO - paramwise_options -- backbone.text_model.model.encoder.layer.5.intermediate.dense.weight:lr_mult=0.1
07/08 03:03:58 - mmengine - INFO - paramwise_options -- backbone.text_model.model.encoder.layer.5.intermediate.dense.bias:num of params=3072
07/08 03:03:58 - mmengine - INFO - paramwise_options -- backbone.text_model.model.encoder.layer.5.intermediate.dense.bias:lr=2.0000000000000003e-06
07/08 03:03:58 - mmengine - INFO - paramwise_options -- backbone.text_model.model.encoder.layer.5.intermediate.dense.bias:weight_decay=0.05
07/08 03:03:58 - mmengine - INFO - paramwise_options -- backbone.text_model.model.encoder.layer.5.intermediate.dense.bias:lr_mult=0.1
07/08 03:03:58 - mmengine - INFO - paramwise_options -- backbone.text_model.model.encoder.layer.5.output.dense.weight:num of params=2359296
07/08 03:03:58 - mmengine - INFO - paramwise_options -- backbone.text_model.model.encoder.layer.5.output.dense.weight:lr=2.0000000000000003e-06
07/08 03:03:58 - mmengine - INFO - paramwise_options -- backbone.text_model.model.encoder.layer.5.output.dense.weight:weight_decay=0.05
07/08 03:03:58 - mmengine - INFO - paramwise_options -- backbone.text_model.model.encoder.layer.5.output.dense.weight:lr_mult=0.1
07/08 03:03:58 - mmengine - INFO - paramwise_options -- backbone.text_model.model.encoder.layer.5.output.dense.bias:num of params=768
07/08 03:03:58 - mmengine - INFO - paramwise_options -- backbone.text_model.model.encoder.layer.5.output.dense.bias:lr=2.0000000000000003e-06
07/08 03:03:58 - mmengine - INFO - paramwise_options -- backbone.text_model.model.encoder.layer.5.output.dense.bias:weight_decay=0.05
07/08 03:03:58 - mmengine - INFO - paramwise_options -- backbone.text_model.model.encoder.layer.5.output.dense.bias:lr_mult=0.1
07/08 03:03:58 - mmengine - INFO - paramwise_options -- backbone.text_model.model.encoder.layer.5.output.LayerNorm.weight:num of params=768
07/08 03:03:58 - mmengine - INFO - paramwise_options -- backbone.text_model.model.encoder.layer.5.output.LayerNorm.weight:lr=2.0000000000000003e-06
07/08 03:03:58 - mmengine - INFO - paramwise_options -- backbone.text_model.model.encoder.layer.5.output.LayerNorm.weight:weight_decay=0.05
07/08 03:03:58 - mmengine - INFO - paramwise_options -- backbone.text_model.model.encoder.layer.5.output.LayerNorm.weight:lr_mult=0.1
07/08 03:03:58 - mmengine - INFO - paramwise_options -- backbone.text_model.model.encoder.layer.5.output.LayerNorm.bias:num of params=768
07/08 03:03:58 - mmengine - INFO - paramwise_options -- backbone.text_model.model.encoder.layer.5.output.LayerNorm.bias:lr=2.0000000000000003e-06
07/08 03:03:58 - mmengine - INFO - paramwise_options -- backbone.text_model.model.encoder.layer.5.output.LayerNorm.bias:weight_decay=0.05
07/08 03:03:58 - mmengine - INFO - paramwise_options -- backbone.text_model.model.encoder.layer.5.output.LayerNorm.bias:lr_mult=0.1
07/08 03:03:58 - mmengine - INFO - paramwise_options -- backbone.text_model.model.encoder.layer.6.attention.self.query.weight:num of params=589824
07/08 03:03:58 - mmengine - INFO - paramwise_options -- backbone.text_model.model.encoder.layer.6.attention.self.query.weight:lr=2.0000000000000003e-06
07/08 03:03:58 - mmengine - INFO - paramwise_options -- backbone.text_model.model.encoder.layer.6.attention.self.query.weight:weight_decay=0.05
07/08 03:03:58 - mmengine - INFO - paramwise_options -- backbone.text_model.model.encoder.layer.6.attention.self.query.weight:lr_mult=0.1
07/08 03:03:58 - mmengine - INFO - paramwise_options -- backbone.text_model.model.encoder.layer.6.attention.self.query.bias:num of params=768
07/08 03:03:58 - mmengine - INFO - paramwise_options -- backbone.text_model.model.encoder.layer.6.attention.self.query.bias:lr=2.0000000000000003e-06
07/08 03:03:58 - mmengine - INFO - paramwise_options -- backbone.text_model.model.encoder.layer.6.attention.self.query.bias:weight_decay=0.05
07/08 03:03:58 - mmengine - INFO - paramwise_options -- backbone.text_model.model.encoder.layer.6.attention.self.query.bias:lr_mult=0.1
07/08 03:03:58 - mmengine - INFO - paramwise_options -- backbone.text_model.model.encoder.layer.6.attention.self.key.weight:num of params=589824
07/08 03:03:58 - mmengine - INFO - paramwise_options -- backbone.text_model.model.encoder.layer.6.attention.self.key.weight:lr=2.0000000000000003e-06
07/08 03:03:58 - mmengine - INFO - paramwise_options -- backbone.text_model.model.encoder.layer.6.attention.self.key.weight:weight_decay=0.05
07/08 03:03:58 - mmengine - INFO - paramwise_options -- backbone.text_model.model.encoder.layer.6.attention.self.key.weight:lr_mult=0.1
07/08 03:03:58 - mmengine - INFO - paramwise_options -- backbone.text_model.model.encoder.layer.6.attention.self.key.bias:num of params=768
07/08 03:03:58 - mmengine - INFO - paramwise_options -- backbone.text_model.model.encoder.layer.6.attention.self.key.bias:lr=2.0000000000000003e-06
07/08 03:03:58 - mmengine - INFO - paramwise_options -- backbone.text_model.model.encoder.layer.6.attention.self.key.bias:weight_decay=0.05
07/08 03:03:58 - mmengine - INFO - paramwise_options -- backbone.text_model.model.encoder.layer.6.attention.self.key.bias:lr_mult=0.1
07/08 03:03:58 - mmengine - INFO - paramwise_options -- backbone.text_model.model.encoder.layer.6.attention.self.value.weight:num of params=589824
07/08 03:03:58 - mmengine - INFO - paramwise_options -- backbone.text_model.model.encoder.layer.6.attention.self.value.weight:lr=2.0000000000000003e-06
07/08 03:03:58 - mmengine - INFO - paramwise_options -- backbone.text_model.model.encoder.layer.6.attention.self.value.weight:weight_decay=0.05
07/08 03:03:58 - mmengine - INFO - paramwise_options -- backbone.text_model.model.encoder.layer.6.attention.self.value.weight:lr_mult=0.1
07/08 03:03:58 - mmengine - INFO - paramwise_options -- backbone.text_model.model.encoder.layer.6.attention.self.value.bias:num of params=768
07/08 03:03:58 - mmengine - INFO - paramwise_options -- backbone.text_model.model.encoder.layer.6.attention.self.value.bias:lr=2.0000000000000003e-06
07/08 03:03:58 - mmengine - INFO - paramwise_options -- backbone.text_model.model.encoder.layer.6.attention.self.value.bias:weight_decay=0.05
07/08 03:03:58 - mmengine - INFO - paramwise_options -- backbone.text_model.model.encoder.layer.6.attention.self.value.bias:lr_mult=0.1
07/08 03:03:58 - mmengine - INFO - paramwise_options -- backbone.text_model.model.encoder.layer.6.attention.output.dense.weight:num of params=589824
07/08 03:03:58 - mmengine - INFO - paramwise_options -- backbone.text_model.model.encoder.layer.6.attention.output.dense.weight:lr=2.0000000000000003e-06
07/08 03:03:58 - mmengine - INFO - paramwise_options -- backbone.text_model.model.encoder.layer.6.attention.output.dense.weight:weight_decay=0.05
07/08 03:03:58 - mmengine - INFO - paramwise_options -- backbone.text_model.model.encoder.layer.6.attention.output.dense.weight:lr_mult=0.1
07/08 03:03:58 - mmengine - INFO - paramwise_options -- backbone.text_model.model.encoder.layer.6.attention.output.dense.bias:num of params=768
07/08 03:03:58 - mmengine - INFO - paramwise_options -- backbone.text_model.model.encoder.layer.6.attention.output.dense.bias:lr=2.0000000000000003e-06
07/08 03:03:58 - mmengine - INFO - paramwise_options -- backbone.text_model.model.encoder.layer.6.attention.output.dense.bias:weight_decay=0.05
07/08 03:03:58 - mmengine - INFO - paramwise_options -- backbone.text_model.model.encoder.layer.6.attention.output.dense.bias:lr_mult=0.1
07/08 03:03:58 - mmengine - INFO - paramwise_options -- backbone.text_model.model.encoder.layer.6.attention.output.LayerNorm.weight:num of params=768
07/08 03:03:58 - mmengine - INFO - paramwise_options -- backbone.text_model.model.encoder.layer.6.attention.output.LayerNorm.weight:lr=2.0000000000000003e-06
07/08 03:03:58 - mmengine - INFO - paramwise_options -- backbone.text_model.model.encoder.layer.6.attention.output.LayerNorm.weight:weight_decay=0.05
07/08 03:03:58 - mmengine - INFO - paramwise_options -- backbone.text_model.model.encoder.layer.6.attention.output.LayerNorm.weight:lr_mult=0.1
07/08 03:03:58 - mmengine - INFO - paramwise_options -- backbone.text_model.model.encoder.layer.6.attention.output.LayerNorm.bias:num of params=768
07/08 03:03:58 - mmengine - INFO - paramwise_options -- backbone.text_model.model.encoder.layer.6.attention.output.LayerNorm.bias:lr=2.0000000000000003e-06
07/08 03:03:58 - mmengine - INFO - paramwise_options -- backbone.text_model.model.encoder.layer.6.attention.output.LayerNorm.bias:weight_decay=0.05
07/08 03:03:58 - mmengine - INFO - paramwise_options -- backbone.text_model.model.encoder.layer.6.attention.output.LayerNorm.bias:lr_mult=0.1
07/08 03:03:58 - mmengine - INFO - paramwise_options -- backbone.text_model.model.encoder.layer.6.intermediate.dense.weight:num of params=2359296
07/08 03:03:58 - mmengine - INFO - paramwise_options -- backbone.text_model.model.encoder.layer.6.intermediate.dense.weight:lr=2.0000000000000003e-06
07/08 03:03:58 - mmengine - INFO - paramwise_options -- backbone.text_model.model.encoder.layer.6.intermediate.dense.weight:weight_decay=0.05
07/08 03:03:58 - mmengine - INFO - paramwise_options -- backbone.text_model.model.encoder.layer.6.intermediate.dense.weight:lr_mult=0.1
07/08 03:03:58 - mmengine - INFO - paramwise_options -- backbone.text_model.model.encoder.layer.6.intermediate.dense.bias:num of params=3072
07/08 03:03:58 - mmengine - INFO - paramwise_options -- backbone.text_model.model.encoder.layer.6.intermediate.dense.bias:lr=2.0000000000000003e-06
07/08 03:03:58 - mmengine - INFO - paramwise_options -- backbone.text_model.model.encoder.layer.6.intermediate.dense.bias:weight_decay=0.05
07/08 03:03:58 - mmengine - INFO - paramwise_options -- backbone.text_model.model.encoder.layer.6.intermediate.dense.bias:lr_mult=0.1
07/08 03:03:58 - mmengine - INFO - paramwise_options -- backbone.text_model.model.encoder.layer.6.output.dense.weight:num of params=2359296
07/08 03:03:58 - mmengine - INFO - paramwise_options -- backbone.text_model.model.encoder.layer.6.output.dense.weight:lr=2.0000000000000003e-06
07/08 03:03:58 - mmengine - INFO - paramwise_options -- backbone.text_model.model.encoder.layer.6.output.dense.weight:weight_decay=0.05
07/08 03:03:58 - mmengine - INFO - paramwise_options -- backbone.text_model.model.encoder.layer.6.output.dense.weight:lr_mult=0.1
07/08 03:03:58 - mmengine - INFO - paramwise_options -- backbone.text_model.model.encoder.layer.6.output.dense.bias:num of params=768
07/08 03:03:58 - mmengine - INFO - paramwise_options -- backbone.text_model.model.encoder.layer.6.output.dense.bias:lr=2.0000000000000003e-06
07/08 03:03:58 - mmengine - INFO - paramwise_options -- backbone.text_model.model.encoder.layer.6.output.dense.bias:weight_decay=0.05
07/08 03:03:58 - mmengine - INFO - paramwise_options -- backbone.text_model.model.encoder.layer.6.output.dense.bias:lr_mult=0.1
07/08 03:03:58 - mmengine - INFO - paramwise_options -- backbone.text_model.model.encoder.layer.6.output.LayerNorm.weight:num of params=768
07/08 03:03:58 - mmengine - INFO - paramwise_options -- backbone.text_model.model.encoder.layer.6.output.LayerNorm.weight:lr=2.0000000000000003e-06
07/08 03:03:58 - mmengine - INFO - paramwise_options -- backbone.text_model.model.encoder.layer.6.output.LayerNorm.weight:weight_decay=0.05
07/08 03:03:58 - mmengine - INFO - paramwise_options -- backbone.text_model.model.encoder.layer.6.output.LayerNorm.weight:lr_mult=0.1
07/08 03:03:58 - mmengine - INFO - paramwise_options -- backbone.text_model.model.encoder.layer.6.output.LayerNorm.bias:num of params=768
07/08 03:03:58 - mmengine - INFO - paramwise_options -- backbone.text_model.model.encoder.layer.6.output.LayerNorm.bias:lr=2.0000000000000003e-06
07/08 03:03:58 - mmengine - INFO - paramwise_options -- backbone.text_model.model.encoder.layer.6.output.LayerNorm.bias:weight_decay=0.05
07/08 03:03:58 - mmengine - INFO - paramwise_options -- backbone.text_model.model.encoder.layer.6.output.LayerNorm.bias:lr_mult=0.1
07/08 03:03:58 - mmengine - INFO - paramwise_options -- backbone.text_model.model.encoder.layer.7.attention.self.query.weight:num of params=589824
07/08 03:03:58 - mmengine - INFO - paramwise_options -- backbone.text_model.model.encoder.layer.7.attention.self.query.weight:lr=2.0000000000000003e-06
07/08 03:03:58 - mmengine - INFO - paramwise_options -- backbone.text_model.model.encoder.layer.7.attention.self.query.weight:weight_decay=0.05
07/08 03:03:58 - mmengine - INFO - paramwise_options -- backbone.text_model.model.encoder.layer.7.attention.self.query.weight:lr_mult=0.1
07/08 03:03:58 - mmengine - INFO - paramwise_options -- backbone.text_model.model.encoder.layer.7.attention.self.query.bias:num of params=768
07/08 03:03:58 - mmengine - INFO - paramwise_options -- backbone.text_model.model.encoder.layer.7.attention.self.query.bias:lr=2.0000000000000003e-06
07/08 03:03:58 - mmengine - INFO - paramwise_options -- backbone.text_model.model.encoder.layer.7.attention.self.query.bias:weight_decay=0.05
07/08 03:03:58 - mmengine - INFO - paramwise_options -- backbone.text_model.model.encoder.layer.7.attention.self.query.bias:lr_mult=0.1
07/08 03:03:58 - mmengine - INFO - paramwise_options -- backbone.text_model.model.encoder.layer.7.attention.self.key.weight:num of params=589824
07/08 03:03:58 - mmengine - INFO - paramwise_options -- backbone.text_model.model.encoder.layer.7.attention.self.key.weight:lr=2.0000000000000003e-06
07/08 03:03:58 - mmengine - INFO - paramwise_options -- backbone.text_model.model.encoder.layer.7.attention.self.key.weight:weight_decay=0.05
07/08 03:03:58 - mmengine - INFO - paramwise_options -- backbone.text_model.model.encoder.layer.7.attention.self.key.weight:lr_mult=0.1
07/08 03:03:58 - mmengine - INFO - paramwise_options -- backbone.text_model.model.encoder.layer.7.attention.self.key.bias:num of params=768
07/08 03:03:58 - mmengine - INFO - paramwise_options -- backbone.text_model.model.encoder.layer.7.attention.self.key.bias:lr=2.0000000000000003e-06
07/08 03:03:58 - mmengine - INFO - paramwise_options -- backbone.text_model.model.encoder.layer.7.attention.self.key.bias:weight_decay=0.05
07/08 03:03:58 - mmengine - INFO - paramwise_options -- backbone.text_model.model.encoder.layer.7.attention.self.key.bias:lr_mult=0.1
07/08 03:03:58 - mmengine - INFO - paramwise_options -- backbone.text_model.model.encoder.layer.7.attention.self.value.weight:num of params=589824
07/08 03:03:58 - mmengine - INFO - paramwise_options -- backbone.text_model.model.encoder.layer.7.attention.self.value.weight:lr=2.0000000000000003e-06
07/08 03:03:58 - mmengine - INFO - paramwise_options -- backbone.text_model.model.encoder.layer.7.attention.self.value.weight:weight_decay=0.05
07/08 03:03:58 - mmengine - INFO - paramwise_options -- backbone.text_model.model.encoder.layer.7.attention.self.value.weight:lr_mult=0.1
07/08 03:03:58 - mmengine - INFO - paramwise_options -- backbone.text_model.model.encoder.layer.7.attention.self.value.bias:num of params=768
07/08 03:03:58 - mmengine - INFO - paramwise_options -- backbone.text_model.model.encoder.layer.7.attention.self.value.bias:lr=2.0000000000000003e-06
07/08 03:03:58 - mmengine - INFO - paramwise_options -- backbone.text_model.model.encoder.layer.7.attention.self.value.bias:weight_decay=0.05
07/08 03:03:58 - mmengine - INFO - paramwise_options -- backbone.text_model.model.encoder.layer.7.attention.self.value.bias:lr_mult=0.1
07/08 03:03:58 - mmengine - INFO - paramwise_options -- backbone.text_model.model.encoder.layer.7.attention.output.dense.weight:num of params=589824
07/08 03:03:58 - mmengine - INFO - paramwise_options -- backbone.text_model.model.encoder.layer.7.attention.output.dense.weight:lr=2.0000000000000003e-06
07/08 03:03:58 - mmengine - INFO - paramwise_options -- backbone.text_model.model.encoder.layer.7.attention.output.dense.weight:weight_decay=0.05
07/08 03:03:58 - mmengine - INFO - paramwise_options -- backbone.text_model.model.encoder.layer.7.attention.output.dense.weight:lr_mult=0.1
07/08 03:03:58 - mmengine - INFO - paramwise_options -- backbone.text_model.model.encoder.layer.7.attention.output.dense.bias:num of params=768
07/08 03:03:58 - mmengine - INFO - paramwise_options -- backbone.text_model.model.encoder.layer.7.attention.output.dense.bias:lr=2.0000000000000003e-06
07/08 03:03:58 - mmengine - INFO - paramwise_options -- backbone.text_model.model.encoder.layer.7.attention.output.dense.bias:weight_decay=0.05
07/08 03:03:58 - mmengine - INFO - paramwise_options -- backbone.text_model.model.encoder.layer.7.attention.output.dense.bias:lr_mult=0.1
07/08 03:03:58 - mmengine - INFO - paramwise_options -- backbone.text_model.model.encoder.layer.7.attention.output.LayerNorm.weight:num of params=768
07/08 03:03:58 - mmengine - INFO - paramwise_options -- backbone.text_model.model.encoder.layer.7.attention.output.LayerNorm.weight:lr=2.0000000000000003e-06
07/08 03:03:58 - mmengine - INFO - paramwise_options -- backbone.text_model.model.encoder.layer.7.attention.output.LayerNorm.weight:weight_decay=0.05
07/08 03:03:58 - mmengine - INFO - paramwise_options -- backbone.text_model.model.encoder.layer.7.attention.output.LayerNorm.weight:lr_mult=0.1
07/08 03:03:58 - mmengine - INFO - paramwise_options -- backbone.text_model.model.encoder.layer.7.attention.output.LayerNorm.bias:num of params=768
07/08 03:03:58 - mmengine - INFO - paramwise_options -- backbone.text_model.model.encoder.layer.7.attention.output.LayerNorm.bias:lr=2.0000000000000003e-06
07/08 03:03:58 - mmengine - INFO - paramwise_options -- backbone.text_model.model.encoder.layer.7.attention.output.LayerNorm.bias:weight_decay=0.05
07/08 03:03:58 - mmengine - INFO - paramwise_options -- backbone.text_model.model.encoder.layer.7.attention.output.LayerNorm.bias:lr_mult=0.1
07/08 03:03:58 - mmengine - INFO - paramwise_options -- backbone.text_model.model.encoder.layer.7.intermediate.dense.weight:num of params=2359296
07/08 03:03:58 - mmengine - INFO - paramwise_options -- backbone.text_model.model.encoder.layer.7.intermediate.dense.weight:lr=2.0000000000000003e-06
07/08 03:03:58 - mmengine - INFO - paramwise_options -- backbone.text_model.model.encoder.layer.7.intermediate.dense.weight:weight_decay=0.05
07/08 03:03:58 - mmengine - INFO - paramwise_options -- backbone.text_model.model.encoder.layer.7.intermediate.dense.weight:lr_mult=0.1
07/08 03:03:58 - mmengine - INFO - paramwise_options -- backbone.text_model.model.encoder.layer.7.intermediate.dense.bias:num of params=3072
07/08 03:03:58 - mmengine - INFO - paramwise_options -- backbone.text_model.model.encoder.layer.7.intermediate.dense.bias:lr=2.0000000000000003e-06
07/08 03:03:58 - mmengine - INFO - paramwise_options -- backbone.text_model.model.encoder.layer.7.intermediate.dense.bias:weight_decay=0.05
07/08 03:03:58 - mmengine - INFO - paramwise_options -- backbone.text_model.model.encoder.layer.7.intermediate.dense.bias:lr_mult=0.1
07/08 03:03:58 - mmengine - INFO - paramwise_options -- backbone.text_model.model.encoder.layer.7.output.dense.weight:num of params=2359296
07/08 03:03:58 - mmengine - INFO - paramwise_options -- backbone.text_model.model.encoder.layer.7.output.dense.weight:lr=2.0000000000000003e-06
07/08 03:03:58 - mmengine - INFO - paramwise_options -- backbone.text_model.model.encoder.layer.7.output.dense.weight:weight_decay=0.05
07/08 03:03:58 - mmengine - INFO - paramwise_options -- backbone.text_model.model.encoder.layer.7.output.dense.weight:lr_mult=0.1
07/08 03:03:58 - mmengine - INFO - paramwise_options -- backbone.text_model.model.encoder.layer.7.output.dense.bias:num of params=768
07/08 03:03:58 - mmengine - INFO - paramwise_options -- backbone.text_model.model.encoder.layer.7.output.dense.bias:lr=2.0000000000000003e-06
07/08 03:03:58 - mmengine - INFO - paramwise_options -- backbone.text_model.model.encoder.layer.7.output.dense.bias:weight_decay=0.05
07/08 03:03:58 - mmengine - INFO - paramwise_options -- backbone.text_model.model.encoder.layer.7.output.dense.bias:lr_mult=0.1
07/08 03:03:58 - mmengine - INFO - paramwise_options -- backbone.text_model.model.encoder.layer.7.output.LayerNorm.weight:num of params=768
07/08 03:03:58 - mmengine - INFO - paramwise_options -- backbone.text_model.model.encoder.layer.7.output.LayerNorm.weight:lr=2.0000000000000003e-06
07/08 03:03:58 - mmengine - INFO - paramwise_options -- backbone.text_model.model.encoder.layer.7.output.LayerNorm.weight:weight_decay=0.05
07/08 03:03:58 - mmengine - INFO - paramwise_options -- backbone.text_model.model.encoder.layer.7.output.LayerNorm.weight:lr_mult=0.1
07/08 03:03:58 - mmengine - INFO - paramwise_options -- backbone.text_model.model.encoder.layer.7.output.LayerNorm.bias:num of params=768
07/08 03:03:58 - mmengine - INFO - paramwise_options -- backbone.text_model.model.encoder.layer.7.output.LayerNorm.bias:lr=2.0000000000000003e-06
07/08 03:03:58 - mmengine - INFO - paramwise_options -- backbone.text_model.model.encoder.layer.7.output.LayerNorm.bias:weight_decay=0.05
07/08 03:03:58 - mmengine - INFO - paramwise_options -- backbone.text_model.model.encoder.layer.7.output.LayerNorm.bias:lr_mult=0.1
07/08 03:03:58 - mmengine - INFO - paramwise_options -- backbone.text_model.model.encoder.layer.8.attention.self.query.weight:num of params=589824
07/08 03:03:58 - mmengine - INFO - paramwise_options -- backbone.text_model.model.encoder.layer.8.attention.self.query.weight:lr=2.0000000000000003e-06
07/08 03:03:58 - mmengine - INFO - paramwise_options -- backbone.text_model.model.encoder.layer.8.attention.self.query.weight:weight_decay=0.05
07/08 03:03:58 - mmengine - INFO - paramwise_options -- backbone.text_model.model.encoder.layer.8.attention.self.query.weight:lr_mult=0.1
07/08 03:03:58 - mmengine - INFO - paramwise_options -- backbone.text_model.model.encoder.layer.8.attention.self.query.bias:num of params=768
07/08 03:03:58 - mmengine - INFO - paramwise_options -- backbone.text_model.model.encoder.layer.8.attention.self.query.bias:lr=2.0000000000000003e-06
07/08 03:03:58 - mmengine - INFO - paramwise_options -- backbone.text_model.model.encoder.layer.8.attention.self.query.bias:weight_decay=0.05
07/08 03:03:58 - mmengine - INFO - paramwise_options -- backbone.text_model.model.encoder.layer.8.attention.self.query.bias:lr_mult=0.1
07/08 03:03:58 - mmengine - INFO - paramwise_options -- backbone.text_model.model.encoder.layer.8.attention.self.key.weight:num of params=589824
07/08 03:03:58 - mmengine - INFO - paramwise_options -- backbone.text_model.model.encoder.layer.8.attention.self.key.weight:lr=2.0000000000000003e-06
07/08 03:03:58 - mmengine - INFO - paramwise_options -- backbone.text_model.model.encoder.layer.8.attention.self.key.weight:weight_decay=0.05
07/08 03:03:58 - mmengine - INFO - paramwise_options -- backbone.text_model.model.encoder.layer.8.attention.self.key.weight:lr_mult=0.1
07/08 03:03:58 - mmengine - INFO - paramwise_options -- backbone.text_model.model.encoder.layer.8.attention.self.key.bias:num of params=768
07/08 03:03:58 - mmengine - INFO - paramwise_options -- backbone.text_model.model.encoder.layer.8.attention.self.key.bias:lr=2.0000000000000003e-06
07/08 03:03:58 - mmengine - INFO - paramwise_options -- backbone.text_model.model.encoder.layer.8.attention.self.key.bias:weight_decay=0.05
07/08 03:03:58 - mmengine - INFO - paramwise_options -- backbone.text_model.model.encoder.layer.8.attention.self.key.bias:lr_mult=0.1
07/08 03:03:58 - mmengine - INFO - paramwise_options -- backbone.text_model.model.encoder.layer.8.attention.self.value.weight:num of params=589824
07/08 03:03:58 - mmengine - INFO - paramwise_options -- backbone.text_model.model.encoder.layer.8.attention.self.value.weight:lr=2.0000000000000003e-06
07/08 03:03:58 - mmengine - INFO - paramwise_options -- backbone.text_model.model.encoder.layer.8.attention.self.value.weight:weight_decay=0.05
07/08 03:03:58 - mmengine - INFO - paramwise_options -- backbone.text_model.model.encoder.layer.8.attention.self.value.weight:lr_mult=0.1
07/08 03:03:58 - mmengine - INFO - paramwise_options -- backbone.text_model.model.encoder.layer.8.attention.self.value.bias:num of params=768
07/08 03:03:58 - mmengine - INFO - paramwise_options -- backbone.text_model.model.encoder.layer.8.attention.self.value.bias:lr=2.0000000000000003e-06
07/08 03:03:58 - mmengine - INFO - paramwise_options -- backbone.text_model.model.encoder.layer.8.attention.self.value.bias:weight_decay=0.05
07/08 03:03:58 - mmengine - INFO - paramwise_options -- backbone.text_model.model.encoder.layer.8.attention.self.value.bias:lr_mult=0.1
07/08 03:03:58 - mmengine - INFO - paramwise_options -- backbone.text_model.model.encoder.layer.8.attention.output.dense.weight:num of params=589824
07/08 03:03:58 - mmengine - INFO - paramwise_options -- backbone.text_model.model.encoder.layer.8.attention.output.dense.weight:lr=2.0000000000000003e-06
07/08 03:03:58 - mmengine - INFO - paramwise_options -- backbone.text_model.model.encoder.layer.8.attention.output.dense.weight:weight_decay=0.05
07/08 03:03:58 - mmengine - INFO - paramwise_options -- backbone.text_model.model.encoder.layer.8.attention.output.dense.weight:lr_mult=0.1
07/08 03:03:58 - mmengine - INFO - paramwise_options -- backbone.text_model.model.encoder.layer.8.attention.output.dense.bias:num of params=768
07/08 03:03:58 - mmengine - INFO - paramwise_options -- backbone.text_model.model.encoder.layer.8.attention.output.dense.bias:lr=2.0000000000000003e-06
07/08 03:03:58 - mmengine - INFO - paramwise_options -- backbone.text_model.model.encoder.layer.8.attention.output.dense.bias:weight_decay=0.05
07/08 03:03:58 - mmengine - INFO - paramwise_options -- backbone.text_model.model.encoder.layer.8.attention.output.dense.bias:lr_mult=0.1
07/08 03:03:58 - mmengine - INFO - paramwise_options -- backbone.text_model.model.encoder.layer.8.attention.output.LayerNorm.weight:num of params=768
07/08 03:03:58 - mmengine - INFO - paramwise_options -- backbone.text_model.model.encoder.layer.8.attention.output.LayerNorm.weight:lr=2.0000000000000003e-06
07/08 03:03:58 - mmengine - INFO - paramwise_options -- backbone.text_model.model.encoder.layer.8.attention.output.LayerNorm.weight:weight_decay=0.05
07/08 03:03:58 - mmengine - INFO - paramwise_options -- backbone.text_model.model.encoder.layer.8.attention.output.LayerNorm.weight:lr_mult=0.1
07/08 03:03:58 - mmengine - INFO - paramwise_options -- backbone.text_model.model.encoder.layer.8.attention.output.LayerNorm.bias:num of params=768
07/08 03:03:58 - mmengine - INFO - paramwise_options -- backbone.text_model.model.encoder.layer.8.attention.output.LayerNorm.bias:lr=2.0000000000000003e-06
07/08 03:03:58 - mmengine - INFO - paramwise_options -- backbone.text_model.model.encoder.layer.8.attention.output.LayerNorm.bias:weight_decay=0.05
07/08 03:03:58 - mmengine - INFO - paramwise_options -- backbone.text_model.model.encoder.layer.8.attention.output.LayerNorm.bias:lr_mult=0.1
07/08 03:03:58 - mmengine - INFO - paramwise_options -- backbone.text_model.model.encoder.layer.8.intermediate.dense.weight:num of params=2359296
07/08 03:03:58 - mmengine - INFO - paramwise_options -- backbone.text_model.model.encoder.layer.8.intermediate.dense.weight:lr=2.0000000000000003e-06
07/08 03:03:58 - mmengine - INFO - paramwise_options -- backbone.text_model.model.encoder.layer.8.intermediate.dense.weight:weight_decay=0.05
07/08 03:03:58 - mmengine - INFO - paramwise_options -- backbone.text_model.model.encoder.layer.8.intermediate.dense.weight:lr_mult=0.1
07/08 03:03:58 - mmengine - INFO - paramwise_options -- backbone.text_model.model.encoder.layer.8.intermediate.dense.bias:num of params=3072
07/08 03:03:58 - mmengine - INFO - paramwise_options -- backbone.text_model.model.encoder.layer.8.intermediate.dense.bias:lr=2.0000000000000003e-06
07/08 03:03:58 - mmengine - INFO - paramwise_options -- backbone.text_model.model.encoder.layer.8.intermediate.dense.bias:weight_decay=0.05
07/08 03:03:58 - mmengine - INFO - paramwise_options -- backbone.text_model.model.encoder.layer.8.intermediate.dense.bias:lr_mult=0.1
07/08 03:03:58 - mmengine - INFO - paramwise_options -- backbone.text_model.model.encoder.layer.8.output.dense.weight:num of params=2359296
07/08 03:03:58 - mmengine - INFO - paramwise_options -- backbone.text_model.model.encoder.layer.8.output.dense.weight:lr=2.0000000000000003e-06
07/08 03:03:58 - mmengine - INFO - paramwise_options -- backbone.text_model.model.encoder.layer.8.output.dense.weight:weight_decay=0.05
07/08 03:03:58 - mmengine - INFO - paramwise_options -- backbone.text_model.model.encoder.layer.8.output.dense.weight:lr_mult=0.1
07/08 03:03:58 - mmengine - INFO - paramwise_options -- backbone.text_model.model.encoder.layer.8.output.dense.bias:num of params=768
07/08 03:03:58 - mmengine - INFO - paramwise_options -- backbone.text_model.model.encoder.layer.8.output.dense.bias:lr=2.0000000000000003e-06
07/08 03:03:58 - mmengine - INFO - paramwise_options -- backbone.text_model.model.encoder.layer.8.output.dense.bias:weight_decay=0.05
07/08 03:03:58 - mmengine - INFO - paramwise_options -- backbone.text_model.model.encoder.layer.8.output.dense.bias:lr_mult=0.1
07/08 03:03:58 - mmengine - INFO - paramwise_options -- backbone.text_model.model.encoder.layer.8.output.LayerNorm.weight:num of params=768
07/08 03:03:58 - mmengine - INFO - paramwise_options -- backbone.text_model.model.encoder.layer.8.output.LayerNorm.weight:lr=2.0000000000000003e-06
07/08 03:03:58 - mmengine - INFO - paramwise_options -- backbone.text_model.model.encoder.layer.8.output.LayerNorm.weight:weight_decay=0.05
07/08 03:03:58 - mmengine - INFO - paramwise_options -- backbone.text_model.model.encoder.layer.8.output.LayerNorm.weight:lr_mult=0.1
07/08 03:03:58 - mmengine - INFO - paramwise_options -- backbone.text_model.model.encoder.layer.8.output.LayerNorm.bias:num of params=768
07/08 03:03:58 - mmengine - INFO - paramwise_options -- backbone.text_model.model.encoder.layer.8.output.LayerNorm.bias:lr=2.0000000000000003e-06
07/08 03:03:58 - mmengine - INFO - paramwise_options -- backbone.text_model.model.encoder.layer.8.output.LayerNorm.bias:weight_decay=0.05
07/08 03:03:58 - mmengine - INFO - paramwise_options -- backbone.text_model.model.encoder.layer.8.output.LayerNorm.bias:lr_mult=0.1
07/08 03:03:58 - mmengine - INFO - paramwise_options -- backbone.text_model.model.encoder.layer.9.attention.self.query.weight:num of params=589824
07/08 03:03:58 - mmengine - INFO - paramwise_options -- backbone.text_model.model.encoder.layer.9.attention.self.query.weight:lr=2.0000000000000003e-06
07/08 03:03:58 - mmengine - INFO - paramwise_options -- backbone.text_model.model.encoder.layer.9.attention.self.query.weight:weight_decay=0.05
07/08 03:03:58 - mmengine - INFO - paramwise_options -- backbone.text_model.model.encoder.layer.9.attention.self.query.weight:lr_mult=0.1
07/08 03:03:58 - mmengine - INFO - paramwise_options -- backbone.text_model.model.encoder.layer.9.attention.self.query.bias:num of params=768
07/08 03:03:58 - mmengine - INFO - paramwise_options -- backbone.text_model.model.encoder.layer.9.attention.self.query.bias:lr=2.0000000000000003e-06
07/08 03:03:58 - mmengine - INFO - paramwise_options -- backbone.text_model.model.encoder.layer.9.attention.self.query.bias:weight_decay=0.05
07/08 03:03:58 - mmengine - INFO - paramwise_options -- backbone.text_model.model.encoder.layer.9.attention.self.query.bias:lr_mult=0.1
07/08 03:03:58 - mmengine - INFO - paramwise_options -- backbone.text_model.model.encoder.layer.9.attention.self.key.weight:num of params=589824
07/08 03:03:58 - mmengine - INFO - paramwise_options -- backbone.text_model.model.encoder.layer.9.attention.self.key.weight:lr=2.0000000000000003e-06
07/08 03:03:58 - mmengine - INFO - paramwise_options -- backbone.text_model.model.encoder.layer.9.attention.self.key.weight:weight_decay=0.05
07/08 03:03:58 - mmengine - INFO - paramwise_options -- backbone.text_model.model.encoder.layer.9.attention.self.key.weight:lr_mult=0.1
07/08 03:03:58 - mmengine - INFO - paramwise_options -- backbone.text_model.model.encoder.layer.9.attention.self.key.bias:num of params=768
07/08 03:03:58 - mmengine - INFO - paramwise_options -- backbone.text_model.model.encoder.layer.9.attention.self.key.bias:lr=2.0000000000000003e-06
07/08 03:03:58 - mmengine - INFO - paramwise_options -- backbone.text_model.model.encoder.layer.9.attention.self.key.bias:weight_decay=0.05
07/08 03:03:58 - mmengine - INFO - paramwise_options -- backbone.text_model.model.encoder.layer.9.attention.self.key.bias:lr_mult=0.1
07/08 03:03:58 - mmengine - INFO - paramwise_options -- backbone.text_model.model.encoder.layer.9.attention.self.value.weight:num of params=589824
07/08 03:03:58 - mmengine - INFO - paramwise_options -- backbone.text_model.model.encoder.layer.9.attention.self.value.weight:lr=2.0000000000000003e-06
07/08 03:03:58 - mmengine - INFO - paramwise_options -- backbone.text_model.model.encoder.layer.9.attention.self.value.weight:weight_decay=0.05
07/08 03:03:58 - mmengine - INFO - paramwise_options -- backbone.text_model.model.encoder.layer.9.attention.self.value.weight:lr_mult=0.1
07/08 03:03:58 - mmengine - INFO - paramwise_options -- backbone.text_model.model.encoder.layer.9.attention.self.value.bias:num of params=768
07/08 03:03:58 - mmengine - INFO - paramwise_options -- backbone.text_model.model.encoder.layer.9.attention.self.value.bias:lr=2.0000000000000003e-06
07/08 03:03:58 - mmengine - INFO - paramwise_options -- backbone.text_model.model.encoder.layer.9.attention.self.value.bias:weight_decay=0.05
07/08 03:03:58 - mmengine - INFO - paramwise_options -- backbone.text_model.model.encoder.layer.9.attention.self.value.bias:lr_mult=0.1
07/08 03:03:58 - mmengine - INFO - paramwise_options -- backbone.text_model.model.encoder.layer.9.attention.output.dense.weight:num of params=589824
07/08 03:03:58 - mmengine - INFO - paramwise_options -- backbone.text_model.model.encoder.layer.9.attention.output.dense.weight:lr=2.0000000000000003e-06
07/08 03:03:58 - mmengine - INFO - paramwise_options -- backbone.text_model.model.encoder.layer.9.attention.output.dense.weight:weight_decay=0.05
07/08 03:03:58 - mmengine - INFO - paramwise_options -- backbone.text_model.model.encoder.layer.9.attention.output.dense.weight:lr_mult=0.1
07/08 03:03:58 - mmengine - INFO - paramwise_options -- backbone.text_model.model.encoder.layer.9.attention.output.dense.bias:num of params=768
07/08 03:03:58 - mmengine - INFO - paramwise_options -- backbone.text_model.model.encoder.layer.9.attention.output.dense.bias:lr=2.0000000000000003e-06
07/08 03:03:58 - mmengine - INFO - paramwise_options -- backbone.text_model.model.encoder.layer.9.attention.output.dense.bias:weight_decay=0.05
07/08 03:03:58 - mmengine - INFO - paramwise_options -- backbone.text_model.model.encoder.layer.9.attention.output.dense.bias:lr_mult=0.1
07/08 03:03:58 - mmengine - INFO - paramwise_options -- backbone.text_model.model.encoder.layer.9.attention.output.LayerNorm.weight:num of params=768
07/08 03:03:58 - mmengine - INFO - paramwise_options -- backbone.text_model.model.encoder.layer.9.attention.output.LayerNorm.weight:lr=2.0000000000000003e-06
07/08 03:03:58 - mmengine - INFO - paramwise_options -- backbone.text_model.model.encoder.layer.9.attention.output.LayerNorm.weight:weight_decay=0.05
07/08 03:03:58 - mmengine - INFO - paramwise_options -- backbone.text_model.model.encoder.layer.9.attention.output.LayerNorm.weight:lr_mult=0.1
07/08 03:03:58 - mmengine - INFO - paramwise_options -- backbone.text_model.model.encoder.layer.9.attention.output.LayerNorm.bias:num of params=768
07/08 03:03:58 - mmengine - INFO - paramwise_options -- backbone.text_model.model.encoder.layer.9.attention.output.LayerNorm.bias:lr=2.0000000000000003e-06
07/08 03:03:58 - mmengine - INFO - paramwise_options -- backbone.text_model.model.encoder.layer.9.attention.output.LayerNorm.bias:weight_decay=0.05
07/08 03:03:58 - mmengine - INFO - paramwise_options -- backbone.text_model.model.encoder.layer.9.attention.output.LayerNorm.bias:lr_mult=0.1
07/08 03:03:58 - mmengine - INFO - paramwise_options -- backbone.text_model.model.encoder.layer.9.intermediate.dense.weight:num of params=2359296
07/08 03:03:58 - mmengine - INFO - paramwise_options -- backbone.text_model.model.encoder.layer.9.intermediate.dense.weight:lr=2.0000000000000003e-06
07/08 03:03:58 - mmengine - INFO - paramwise_options -- backbone.text_model.model.encoder.layer.9.intermediate.dense.weight:weight_decay=0.05
07/08 03:03:58 - mmengine - INFO - paramwise_options -- backbone.text_model.model.encoder.layer.9.intermediate.dense.weight:lr_mult=0.1
07/08 03:03:58 - mmengine - INFO - paramwise_options -- backbone.text_model.model.encoder.layer.9.intermediate.dense.bias:num of params=3072
07/08 03:03:58 - mmengine - INFO - paramwise_options -- backbone.text_model.model.encoder.layer.9.intermediate.dense.bias:lr=2.0000000000000003e-06
07/08 03:03:58 - mmengine - INFO - paramwise_options -- backbone.text_model.model.encoder.layer.9.intermediate.dense.bias:weight_decay=0.05
07/08 03:03:58 - mmengine - INFO - paramwise_options -- backbone.text_model.model.encoder.layer.9.intermediate.dense.bias:lr_mult=0.1
07/08 03:03:58 - mmengine - INFO - paramwise_options -- backbone.text_model.model.encoder.layer.9.output.dense.weight:num of params=2359296
07/08 03:03:58 - mmengine - INFO - paramwise_options -- backbone.text_model.model.encoder.layer.9.output.dense.weight:lr=2.0000000000000003e-06
07/08 03:03:58 - mmengine - INFO - paramwise_options -- backbone.text_model.model.encoder.layer.9.output.dense.weight:weight_decay=0.05
07/08 03:03:58 - mmengine - INFO - paramwise_options -- backbone.text_model.model.encoder.layer.9.output.dense.weight:lr_mult=0.1
07/08 03:03:58 - mmengine - INFO - paramwise_options -- backbone.text_model.model.encoder.layer.9.output.dense.bias:num of params=768
07/08 03:03:58 - mmengine - INFO - paramwise_options -- backbone.text_model.model.encoder.layer.9.output.dense.bias:lr=2.0000000000000003e-06
07/08 03:03:58 - mmengine - INFO - paramwise_options -- backbone.text_model.model.encoder.layer.9.output.dense.bias:weight_decay=0.05
07/08 03:03:58 - mmengine - INFO - paramwise_options -- backbone.text_model.model.encoder.layer.9.output.dense.bias:lr_mult=0.1
07/08 03:03:58 - mmengine - INFO - paramwise_options -- backbone.text_model.model.encoder.layer.9.output.LayerNorm.weight:num of params=768
07/08 03:03:58 - mmengine - INFO - paramwise_options -- backbone.text_model.model.encoder.layer.9.output.LayerNorm.weight:lr=2.0000000000000003e-06
07/08 03:03:58 - mmengine - INFO - paramwise_options -- backbone.text_model.model.encoder.layer.9.output.LayerNorm.weight:weight_decay=0.05
07/08 03:03:58 - mmengine - INFO - paramwise_options -- backbone.text_model.model.encoder.layer.9.output.LayerNorm.weight:lr_mult=0.1
07/08 03:03:58 - mmengine - INFO - paramwise_options -- backbone.text_model.model.encoder.layer.9.output.LayerNorm.bias:num of params=768
07/08 03:03:58 - mmengine - INFO - paramwise_options -- backbone.text_model.model.encoder.layer.9.output.LayerNorm.bias:lr=2.0000000000000003e-06
07/08 03:03:58 - mmengine - INFO - paramwise_options -- backbone.text_model.model.encoder.layer.9.output.LayerNorm.bias:weight_decay=0.05
07/08 03:03:58 - mmengine - INFO - paramwise_options -- backbone.text_model.model.encoder.layer.9.output.LayerNorm.bias:lr_mult=0.1
07/08 03:03:58 - mmengine - INFO - paramwise_options -- backbone.text_model.model.encoder.layer.10.attention.self.query.weight:num of params=589824
07/08 03:03:58 - mmengine - INFO - paramwise_options -- backbone.text_model.model.encoder.layer.10.attention.self.query.weight:lr=2.0000000000000003e-06
07/08 03:03:58 - mmengine - INFO - paramwise_options -- backbone.text_model.model.encoder.layer.10.attention.self.query.weight:weight_decay=0.05
07/08 03:03:58 - mmengine - INFO - paramwise_options -- backbone.text_model.model.encoder.layer.10.attention.self.query.weight:lr_mult=0.1
07/08 03:03:58 - mmengine - INFO - paramwise_options -- backbone.text_model.model.encoder.layer.10.attention.self.query.bias:num of params=768
07/08 03:03:58 - mmengine - INFO - paramwise_options -- backbone.text_model.model.encoder.layer.10.attention.self.query.bias:lr=2.0000000000000003e-06
07/08 03:03:58 - mmengine - INFO - paramwise_options -- backbone.text_model.model.encoder.layer.10.attention.self.query.bias:weight_decay=0.05
07/08 03:03:58 - mmengine - INFO - paramwise_options -- backbone.text_model.model.encoder.layer.10.attention.self.query.bias:lr_mult=0.1
07/08 03:03:58 - mmengine - INFO - paramwise_options -- backbone.text_model.model.encoder.layer.10.attention.self.key.weight:num of params=589824
07/08 03:03:58 - mmengine - INFO - paramwise_options -- backbone.text_model.model.encoder.layer.10.attention.self.key.weight:lr=2.0000000000000003e-06
07/08 03:03:58 - mmengine - INFO - paramwise_options -- backbone.text_model.model.encoder.layer.10.attention.self.key.weight:weight_decay=0.05
07/08 03:03:58 - mmengine - INFO - paramwise_options -- backbone.text_model.model.encoder.layer.10.attention.self.key.weight:lr_mult=0.1
07/08 03:03:58 - mmengine - INFO - paramwise_options -- backbone.text_model.model.encoder.layer.10.attention.self.key.bias:num of params=768
07/08 03:03:58 - mmengine - INFO - paramwise_options -- backbone.text_model.model.encoder.layer.10.attention.self.key.bias:lr=2.0000000000000003e-06
07/08 03:03:58 - mmengine - INFO - paramwise_options -- backbone.text_model.model.encoder.layer.10.attention.self.key.bias:weight_decay=0.05
07/08 03:03:58 - mmengine - INFO - paramwise_options -- backbone.text_model.model.encoder.layer.10.attention.self.key.bias:lr_mult=0.1
07/08 03:03:58 - mmengine - INFO - paramwise_options -- backbone.text_model.model.encoder.layer.10.attention.self.value.weight:num of params=589824
07/08 03:03:58 - mmengine - INFO - paramwise_options -- backbone.text_model.model.encoder.layer.10.attention.self.value.weight:lr=2.0000000000000003e-06
07/08 03:03:58 - mmengine - INFO - paramwise_options -- backbone.text_model.model.encoder.layer.10.attention.self.value.weight:weight_decay=0.05
07/08 03:03:58 - mmengine - INFO - paramwise_options -- backbone.text_model.model.encoder.layer.10.attention.self.value.weight:lr_mult=0.1
07/08 03:03:58 - mmengine - INFO - paramwise_options -- backbone.text_model.model.encoder.layer.10.attention.self.value.bias:num of params=768
07/08 03:03:58 - mmengine - INFO - paramwise_options -- backbone.text_model.model.encoder.layer.10.attention.self.value.bias:lr=2.0000000000000003e-06
07/08 03:03:58 - mmengine - INFO - paramwise_options -- backbone.text_model.model.encoder.layer.10.attention.self.value.bias:weight_decay=0.05
07/08 03:03:58 - mmengine - INFO - paramwise_options -- backbone.text_model.model.encoder.layer.10.attention.self.value.bias:lr_mult=0.1
07/08 03:03:58 - mmengine - INFO - paramwise_options -- backbone.text_model.model.encoder.layer.10.attention.output.dense.weight:num of params=589824
07/08 03:03:58 - mmengine - INFO - paramwise_options -- backbone.text_model.model.encoder.layer.10.attention.output.dense.weight:lr=2.0000000000000003e-06
07/08 03:03:58 - mmengine - INFO - paramwise_options -- backbone.text_model.model.encoder.layer.10.attention.output.dense.weight:weight_decay=0.05
07/08 03:03:58 - mmengine - INFO - paramwise_options -- backbone.text_model.model.encoder.layer.10.attention.output.dense.weight:lr_mult=0.1
07/08 03:03:58 - mmengine - INFO - paramwise_options -- backbone.text_model.model.encoder.layer.10.attention.output.dense.bias:num of params=768
07/08 03:03:58 - mmengine - INFO - paramwise_options -- backbone.text_model.model.encoder.layer.10.attention.output.dense.bias:lr=2.0000000000000003e-06
07/08 03:03:58 - mmengine - INFO - paramwise_options -- backbone.text_model.model.encoder.layer.10.attention.output.dense.bias:weight_decay=0.05
07/08 03:03:58 - mmengine - INFO - paramwise_options -- backbone.text_model.model.encoder.layer.10.attention.output.dense.bias:lr_mult=0.1
07/08 03:03:58 - mmengine - INFO - paramwise_options -- backbone.text_model.model.encoder.layer.10.attention.output.LayerNorm.weight:num of params=768
07/08 03:03:58 - mmengine - INFO - paramwise_options -- backbone.text_model.model.encoder.layer.10.attention.output.LayerNorm.weight:lr=2.0000000000000003e-06
07/08 03:03:58 - mmengine - INFO - paramwise_options -- backbone.text_model.model.encoder.layer.10.attention.output.LayerNorm.weight:weight_decay=0.05
07/08 03:03:58 - mmengine - INFO - paramwise_options -- backbone.text_model.model.encoder.layer.10.attention.output.LayerNorm.weight:lr_mult=0.1
07/08 03:03:58 - mmengine - INFO - paramwise_options -- backbone.text_model.model.encoder.layer.10.attention.output.LayerNorm.bias:num of params=768
07/08 03:03:58 - mmengine - INFO - paramwise_options -- backbone.text_model.model.encoder.layer.10.attention.output.LayerNorm.bias:lr=2.0000000000000003e-06
07/08 03:03:58 - mmengine - INFO - paramwise_options -- backbone.text_model.model.encoder.layer.10.attention.output.LayerNorm.bias:weight_decay=0.05
07/08 03:03:58 - mmengine - INFO - paramwise_options -- backbone.text_model.model.encoder.layer.10.attention.output.LayerNorm.bias:lr_mult=0.1
07/08 03:03:58 - mmengine - INFO - paramwise_options -- backbone.text_model.model.encoder.layer.10.intermediate.dense.weight:num of params=2359296
07/08 03:03:58 - mmengine - INFO - paramwise_options -- backbone.text_model.model.encoder.layer.10.intermediate.dense.weight:lr=2.0000000000000003e-06
07/08 03:03:58 - mmengine - INFO - paramwise_options -- backbone.text_model.model.encoder.layer.10.intermediate.dense.weight:weight_decay=0.05
07/08 03:03:58 - mmengine - INFO - paramwise_options -- backbone.text_model.model.encoder.layer.10.intermediate.dense.weight:lr_mult=0.1
07/08 03:03:58 - mmengine - INFO - paramwise_options -- backbone.text_model.model.encoder.layer.10.intermediate.dense.bias:num of params=3072
07/08 03:03:58 - mmengine - INFO - paramwise_options -- backbone.text_model.model.encoder.layer.10.intermediate.dense.bias:lr=2.0000000000000003e-06
07/08 03:03:58 - mmengine - INFO - paramwise_options -- backbone.text_model.model.encoder.layer.10.intermediate.dense.bias:weight_decay=0.05
07/08 03:03:58 - mmengine - INFO - paramwise_options -- backbone.text_model.model.encoder.layer.10.intermediate.dense.bias:lr_mult=0.1
07/08 03:03:58 - mmengine - INFO - paramwise_options -- backbone.text_model.model.encoder.layer.10.output.dense.weight:num of params=2359296
07/08 03:03:58 - mmengine - INFO - paramwise_options -- backbone.text_model.model.encoder.layer.10.output.dense.weight:lr=2.0000000000000003e-06
07/08 03:03:58 - mmengine - INFO - paramwise_options -- backbone.text_model.model.encoder.layer.10.output.dense.weight:weight_decay=0.05
07/08 03:03:58 - mmengine - INFO - paramwise_options -- backbone.text_model.model.encoder.layer.10.output.dense.weight:lr_mult=0.1
07/08 03:03:58 - mmengine - INFO - paramwise_options -- backbone.text_model.model.encoder.layer.10.output.dense.bias:num of params=768
07/08 03:03:58 - mmengine - INFO - paramwise_options -- backbone.text_model.model.encoder.layer.10.output.dense.bias:lr=2.0000000000000003e-06
07/08 03:03:58 - mmengine - INFO - paramwise_options -- backbone.text_model.model.encoder.layer.10.output.dense.bias:weight_decay=0.05
07/08 03:03:58 - mmengine - INFO - paramwise_options -- backbone.text_model.model.encoder.layer.10.output.dense.bias:lr_mult=0.1
07/08 03:03:58 - mmengine - INFO - paramwise_options -- backbone.text_model.model.encoder.layer.10.output.LayerNorm.weight:num of params=768
07/08 03:03:58 - mmengine - INFO - paramwise_options -- backbone.text_model.model.encoder.layer.10.output.LayerNorm.weight:lr=2.0000000000000003e-06
07/08 03:03:58 - mmengine - INFO - paramwise_options -- backbone.text_model.model.encoder.layer.10.output.LayerNorm.weight:weight_decay=0.05
07/08 03:03:58 - mmengine - INFO - paramwise_options -- backbone.text_model.model.encoder.layer.10.output.LayerNorm.weight:lr_mult=0.1
07/08 03:03:58 - mmengine - INFO - paramwise_options -- backbone.text_model.model.encoder.layer.10.output.LayerNorm.bias:num of params=768
07/08 03:03:58 - mmengine - INFO - paramwise_options -- backbone.text_model.model.encoder.layer.10.output.LayerNorm.bias:lr=2.0000000000000003e-06
07/08 03:03:58 - mmengine - INFO - paramwise_options -- backbone.text_model.model.encoder.layer.10.output.LayerNorm.bias:weight_decay=0.05
07/08 03:03:58 - mmengine - INFO - paramwise_options -- backbone.text_model.model.encoder.layer.10.output.LayerNorm.bias:lr_mult=0.1
07/08 03:03:58 - mmengine - INFO - paramwise_options -- backbone.text_model.model.encoder.layer.11.attention.self.query.weight:num of params=589824
07/08 03:03:58 - mmengine - INFO - paramwise_options -- backbone.text_model.model.encoder.layer.11.attention.self.query.weight:lr=2.0000000000000003e-06
07/08 03:03:58 - mmengine - INFO - paramwise_options -- backbone.text_model.model.encoder.layer.11.attention.self.query.weight:weight_decay=0.05
07/08 03:03:58 - mmengine - INFO - paramwise_options -- backbone.text_model.model.encoder.layer.11.attention.self.query.weight:lr_mult=0.1
07/08 03:03:58 - mmengine - INFO - paramwise_options -- backbone.text_model.model.encoder.layer.11.attention.self.query.bias:num of params=768
07/08 03:03:58 - mmengine - INFO - paramwise_options -- backbone.text_model.model.encoder.layer.11.attention.self.query.bias:lr=2.0000000000000003e-06
07/08 03:03:58 - mmengine - INFO - paramwise_options -- backbone.text_model.model.encoder.layer.11.attention.self.query.bias:weight_decay=0.05
07/08 03:03:58 - mmengine - INFO - paramwise_options -- backbone.text_model.model.encoder.layer.11.attention.self.query.bias:lr_mult=0.1
07/08 03:03:58 - mmengine - INFO - paramwise_options -- backbone.text_model.model.encoder.layer.11.attention.self.key.weight:num of params=589824
07/08 03:03:58 - mmengine - INFO - paramwise_options -- backbone.text_model.model.encoder.layer.11.attention.self.key.weight:lr=2.0000000000000003e-06
07/08 03:03:58 - mmengine - INFO - paramwise_options -- backbone.text_model.model.encoder.layer.11.attention.self.key.weight:weight_decay=0.05
07/08 03:03:58 - mmengine - INFO - paramwise_options -- backbone.text_model.model.encoder.layer.11.attention.self.key.weight:lr_mult=0.1
07/08 03:03:58 - mmengine - INFO - paramwise_options -- backbone.text_model.model.encoder.layer.11.attention.self.key.bias:num of params=768
07/08 03:03:58 - mmengine - INFO - paramwise_options -- backbone.text_model.model.encoder.layer.11.attention.self.key.bias:lr=2.0000000000000003e-06
07/08 03:03:58 - mmengine - INFO - paramwise_options -- backbone.text_model.model.encoder.layer.11.attention.self.key.bias:weight_decay=0.05
07/08 03:03:58 - mmengine - INFO - paramwise_options -- backbone.text_model.model.encoder.layer.11.attention.self.key.bias:lr_mult=0.1
07/08 03:03:58 - mmengine - INFO - paramwise_options -- backbone.text_model.model.encoder.layer.11.attention.self.value.weight:num of params=589824
07/08 03:03:58 - mmengine - INFO - paramwise_options -- backbone.text_model.model.encoder.layer.11.attention.self.value.weight:lr=2.0000000000000003e-06
07/08 03:03:58 - mmengine - INFO - paramwise_options -- backbone.text_model.model.encoder.layer.11.attention.self.value.weight:weight_decay=0.05
07/08 03:03:58 - mmengine - INFO - paramwise_options -- backbone.text_model.model.encoder.layer.11.attention.self.value.weight:lr_mult=0.1
07/08 03:03:58 - mmengine - INFO - paramwise_options -- backbone.text_model.model.encoder.layer.11.attention.self.value.bias:num of params=768
07/08 03:03:58 - mmengine - INFO - paramwise_options -- backbone.text_model.model.encoder.layer.11.attention.self.value.bias:lr=2.0000000000000003e-06
07/08 03:03:58 - mmengine - INFO - paramwise_options -- backbone.text_model.model.encoder.layer.11.attention.self.value.bias:weight_decay=0.05
07/08 03:03:58 - mmengine - INFO - paramwise_options -- backbone.text_model.model.encoder.layer.11.attention.self.value.bias:lr_mult=0.1
07/08 03:03:58 - mmengine - INFO - paramwise_options -- backbone.text_model.model.encoder.layer.11.attention.output.dense.weight:num of params=589824
07/08 03:03:58 - mmengine - INFO - paramwise_options -- backbone.text_model.model.encoder.layer.11.attention.output.dense.weight:lr=2.0000000000000003e-06
07/08 03:03:58 - mmengine - INFO - paramwise_options -- backbone.text_model.model.encoder.layer.11.attention.output.dense.weight:weight_decay=0.05
07/08 03:03:58 - mmengine - INFO - paramwise_options -- backbone.text_model.model.encoder.layer.11.attention.output.dense.weight:lr_mult=0.1
07/08 03:03:58 - mmengine - INFO - paramwise_options -- backbone.text_model.model.encoder.layer.11.attention.output.dense.bias:num of params=768
07/08 03:03:58 - mmengine - INFO - paramwise_options -- backbone.text_model.model.encoder.layer.11.attention.output.dense.bias:lr=2.0000000000000003e-06
07/08 03:03:58 - mmengine - INFO - paramwise_options -- backbone.text_model.model.encoder.layer.11.attention.output.dense.bias:weight_decay=0.05
07/08 03:03:58 - mmengine - INFO - paramwise_options -- backbone.text_model.model.encoder.layer.11.attention.output.dense.bias:lr_mult=0.1
07/08 03:03:58 - mmengine - INFO - paramwise_options -- backbone.text_model.model.encoder.layer.11.attention.output.LayerNorm.weight:num of params=768
07/08 03:03:58 - mmengine - INFO - paramwise_options -- backbone.text_model.model.encoder.layer.11.attention.output.LayerNorm.weight:lr=2.0000000000000003e-06
07/08 03:03:58 - mmengine - INFO - paramwise_options -- backbone.text_model.model.encoder.layer.11.attention.output.LayerNorm.weight:weight_decay=0.05
07/08 03:03:58 - mmengine - INFO - paramwise_options -- backbone.text_model.model.encoder.layer.11.attention.output.LayerNorm.weight:lr_mult=0.1
07/08 03:03:58 - mmengine - INFO - paramwise_options -- backbone.text_model.model.encoder.layer.11.attention.output.LayerNorm.bias:num of params=768
07/08 03:03:58 - mmengine - INFO - paramwise_options -- backbone.text_model.model.encoder.layer.11.attention.output.LayerNorm.bias:lr=2.0000000000000003e-06
07/08 03:03:58 - mmengine - INFO - paramwise_options -- backbone.text_model.model.encoder.layer.11.attention.output.LayerNorm.bias:weight_decay=0.05
07/08 03:03:58 - mmengine - INFO - paramwise_options -- backbone.text_model.model.encoder.layer.11.attention.output.LayerNorm.bias:lr_mult=0.1
07/08 03:03:58 - mmengine - INFO - paramwise_options -- backbone.text_model.model.encoder.layer.11.intermediate.dense.weight:num of params=2359296
07/08 03:03:58 - mmengine - INFO - paramwise_options -- backbone.text_model.model.encoder.layer.11.intermediate.dense.weight:lr=2.0000000000000003e-06
07/08 03:03:58 - mmengine - INFO - paramwise_options -- backbone.text_model.model.encoder.layer.11.intermediate.dense.weight:weight_decay=0.05
07/08 03:03:58 - mmengine - INFO - paramwise_options -- backbone.text_model.model.encoder.layer.11.intermediate.dense.weight:lr_mult=0.1
07/08 03:03:58 - mmengine - INFO - paramwise_options -- backbone.text_model.model.encoder.layer.11.intermediate.dense.bias:num of params=3072
07/08 03:03:58 - mmengine - INFO - paramwise_options -- backbone.text_model.model.encoder.layer.11.intermediate.dense.bias:lr=2.0000000000000003e-06
07/08 03:03:58 - mmengine - INFO - paramwise_options -- backbone.text_model.model.encoder.layer.11.intermediate.dense.bias:weight_decay=0.05
07/08 03:03:58 - mmengine - INFO - paramwise_options -- backbone.text_model.model.encoder.layer.11.intermediate.dense.bias:lr_mult=0.1
07/08 03:03:58 - mmengine - INFO - paramwise_options -- backbone.text_model.model.encoder.layer.11.output.dense.weight:num of params=2359296
07/08 03:03:58 - mmengine - INFO - paramwise_options -- backbone.text_model.model.encoder.layer.11.output.dense.weight:lr=2.0000000000000003e-06
07/08 03:03:58 - mmengine - INFO - paramwise_options -- backbone.text_model.model.encoder.layer.11.output.dense.weight:weight_decay=0.05
07/08 03:03:58 - mmengine - INFO - paramwise_options -- backbone.text_model.model.encoder.layer.11.output.dense.weight:lr_mult=0.1
07/08 03:03:58 - mmengine - INFO - paramwise_options -- backbone.text_model.model.encoder.layer.11.output.dense.bias:num of params=768
07/08 03:03:58 - mmengine - INFO - paramwise_options -- backbone.text_model.model.encoder.layer.11.output.dense.bias:lr=2.0000000000000003e-06
07/08 03:03:58 - mmengine - INFO - paramwise_options -- backbone.text_model.model.encoder.layer.11.output.dense.bias:weight_decay=0.05
07/08 03:03:58 - mmengine - INFO - paramwise_options -- backbone.text_model.model.encoder.layer.11.output.dense.bias:lr_mult=0.1
07/08 03:03:58 - mmengine - INFO - paramwise_options -- backbone.text_model.model.encoder.layer.11.output.LayerNorm.weight:num of params=768
07/08 03:03:58 - mmengine - INFO - paramwise_options -- backbone.text_model.model.encoder.layer.11.output.LayerNorm.weight:lr=2.0000000000000003e-06
07/08 03:03:58 - mmengine - INFO - paramwise_options -- backbone.text_model.model.encoder.layer.11.output.LayerNorm.weight:weight_decay=0.05
07/08 03:03:58 - mmengine - INFO - paramwise_options -- backbone.text_model.model.encoder.layer.11.output.LayerNorm.weight:lr_mult=0.1
07/08 03:03:58 - mmengine - INFO - paramwise_options -- backbone.text_model.model.encoder.layer.11.output.LayerNorm.bias:num of params=768
07/08 03:03:58 - mmengine - INFO - paramwise_options -- backbone.text_model.model.encoder.layer.11.output.LayerNorm.bias:lr=2.0000000000000003e-06
07/08 03:03:58 - mmengine - INFO - paramwise_options -- backbone.text_model.model.encoder.layer.11.output.LayerNorm.bias:weight_decay=0.05
07/08 03:03:58 - mmengine - INFO - paramwise_options -- backbone.text_model.model.encoder.layer.11.output.LayerNorm.bias:lr_mult=0.1
07/08 03:03:58 - mmengine - INFO - paramwise_options -- backbone.text_model.model.pooler.dense.weight:num of params=589824
07/08 03:03:58 - mmengine - INFO - paramwise_options -- backbone.text_model.model.pooler.dense.weight:lr=2.0000000000000003e-06
07/08 03:03:58 - mmengine - INFO - paramwise_options -- backbone.text_model.model.pooler.dense.weight:weight_decay=0.05
07/08 03:03:58 - mmengine - INFO - paramwise_options -- backbone.text_model.model.pooler.dense.weight:lr_mult=0.1
07/08 03:03:58 - mmengine - INFO - paramwise_options -- backbone.text_model.model.pooler.dense.bias:num of params=768
07/08 03:03:58 - mmengine - INFO - paramwise_options -- backbone.text_model.model.pooler.dense.bias:lr=2.0000000000000003e-06
07/08 03:03:58 - mmengine - INFO - paramwise_options -- backbone.text_model.model.pooler.dense.bias:weight_decay=0.05
07/08 03:03:58 - mmengine - INFO - paramwise_options -- backbone.text_model.model.pooler.dense.bias:lr_mult=0.1
07/08 03:03:58 - mmengine - INFO - paramwise_options -- backbone.text_model.head.weight:num of params=589824
07/08 03:03:58 - mmengine - INFO - paramwise_options -- backbone.text_model.head.weight:lr=2.0000000000000003e-06
07/08 03:03:58 - mmengine - INFO - paramwise_options -- backbone.text_model.head.weight:weight_decay=0.05
07/08 03:03:58 - mmengine - INFO - paramwise_options -- backbone.text_model.head.weight:lr_mult=0.1
07/08 03:03:58 - mmengine - INFO - paramwise_options -- backbone.text_model.head.bias:num of params=768
07/08 03:03:58 - mmengine - INFO - paramwise_options -- backbone.text_model.head.bias:lr=2.0000000000000003e-06
07/08 03:03:58 - mmengine - INFO - paramwise_options -- backbone.text_model.head.bias:weight_decay=0.05
07/08 03:03:58 - mmengine - INFO - paramwise_options -- backbone.text_model.head.bias:lr_mult=0.1
07/08 03:03:58 - mmengine - INFO - paramwise_options -- neck.reduce_layer0.block.conv.weight:num of params=262144
07/08 03:03:58 - mmengine - INFO - paramwise_options -- neck.reduce_layer0.block.bn.weight:num of params=256
07/08 03:03:58 - mmengine - INFO - paramwise_options -- neck.reduce_layer0.block.bn.bias:num of params=256
07/08 03:03:58 - mmengine - INFO - paramwise_options -- neck.Bifusion0.cv1.block.conv.weight:num of params=131072
07/08 03:03:58 - mmengine - INFO - paramwise_options -- neck.Bifusion0.cv1.block.bn.weight:num of params=256
07/08 03:03:58 - mmengine - INFO - paramwise_options -- neck.Bifusion0.cv1.block.bn.bias:num of params=256
07/08 03:03:58 - mmengine - INFO - paramwise_options -- neck.Bifusion0.cv2.block.conv.weight:num of params=65536
07/08 03:03:58 - mmengine - INFO - paramwise_options -- neck.Bifusion0.cv2.block.bn.weight:num of params=256
07/08 03:03:58 - mmengine - INFO - paramwise_options -- neck.Bifusion0.cv2.block.bn.bias:num of params=256
07/08 03:03:58 - mmengine - INFO - paramwise_options -- neck.Bifusion0.cv3.block.conv.weight:num of params=196608
07/08 03:03:58 - mmengine - INFO - paramwise_options -- neck.Bifusion0.cv3.block.bn.weight:num of params=256
07/08 03:03:58 - mmengine - INFO - paramwise_options -- neck.Bifusion0.cv3.block.bn.bias:num of params=256
07/08 03:03:58 - mmengine - INFO - paramwise_options -- neck.Bifusion0.upsample.upsample_transpose.weight:num of params=262144
07/08 03:03:58 - mmengine - INFO - paramwise_options -- neck.Bifusion0.upsample.upsample_transpose.bias:num of params=256
07/08 03:03:58 - mmengine - INFO - paramwise_options -- neck.Bifusion0.downsample.block.conv.weight:num of params=589824
07/08 03:03:58 - mmengine - INFO - paramwise_options -- neck.Bifusion0.downsample.block.bn.weight:num of params=256
07/08 03:03:58 - mmengine - INFO - paramwise_options -- neck.Bifusion0.downsample.block.bn.bias:num of params=256
07/08 03:03:58 - mmengine - INFO - paramwise_options -- neck.Rep_p4.cv1.block.conv.weight:num of params=32768
07/08 03:03:58 - mmengine - INFO - paramwise_options -- neck.Rep_p4.cv1.block.bn.weight:num of params=128
07/08 03:03:58 - mmengine - INFO - paramwise_options -- neck.Rep_p4.cv1.block.bn.bias:num of params=128
07/08 03:03:58 - mmengine - INFO - paramwise_options -- neck.Rep_p4.cv2.block.conv.weight:num of params=32768
07/08 03:03:58 - mmengine - INFO - paramwise_options -- neck.Rep_p4.cv2.block.bn.weight:num of params=128
07/08 03:03:58 - mmengine - INFO - paramwise_options -- neck.Rep_p4.cv2.block.bn.bias:num of params=128
07/08 03:03:58 - mmengine - INFO - paramwise_options -- neck.Rep_p4.cv3.block.conv.weight:num of params=65536
07/08 03:03:58 - mmengine - INFO - paramwise_options -- neck.Rep_p4.cv3.block.bn.weight:num of params=256
07/08 03:03:58 - mmengine - INFO - paramwise_options -- neck.Rep_p4.cv3.block.bn.bias:num of params=256
07/08 03:03:58 - mmengine - INFO - paramwise_options -- neck.Rep_p4.m.conv1.alpha:num of params=1
07/08 03:03:58 - mmengine - INFO - paramwise_options -- neck.Rep_p4.m.conv1.conv1.block.conv.weight:num of params=147456
07/08 03:03:58 - mmengine - INFO - paramwise_options -- neck.Rep_p4.m.conv1.conv1.block.bn.weight:num of params=128
07/08 03:03:58 - mmengine - INFO - paramwise_options -- neck.Rep_p4.m.conv1.conv1.block.bn.bias:num of params=128
07/08 03:03:58 - mmengine - INFO - paramwise_options -- neck.Rep_p4.m.conv1.conv2.block.conv.weight:num of params=147456
07/08 03:03:58 - mmengine - INFO - paramwise_options -- neck.Rep_p4.m.conv1.conv2.block.bn.weight:num of params=128
07/08 03:03:58 - mmengine - INFO - paramwise_options -- neck.Rep_p4.m.conv1.conv2.block.bn.bias:num of params=128
07/08 03:03:58 - mmengine - INFO - paramwise_options -- neck.Rep_p4.m.block.0.alpha:num of params=1
07/08 03:03:58 - mmengine - INFO - paramwise_options -- neck.Rep_p4.m.block.0.conv1.block.conv.weight:num of params=147456
07/08 03:03:58 - mmengine - INFO - paramwise_options -- neck.Rep_p4.m.block.0.conv1.block.bn.weight:num of params=128
07/08 03:03:58 - mmengine - INFO - paramwise_options -- neck.Rep_p4.m.block.0.conv1.block.bn.bias:num of params=128
07/08 03:03:58 - mmengine - INFO - paramwise_options -- neck.Rep_p4.m.block.0.conv2.block.conv.weight:num of params=147456
07/08 03:03:58 - mmengine - INFO - paramwise_options -- neck.Rep_p4.m.block.0.conv2.block.bn.weight:num of params=128
07/08 03:03:58 - mmengine - INFO - paramwise_options -- neck.Rep_p4.m.block.0.conv2.block.bn.bias:num of params=128
07/08 03:03:58 - mmengine - INFO - paramwise_options -- neck.Rep_p4.m.block.1.alpha:num of params=1
07/08 03:03:58 - mmengine - INFO - paramwise_options -- neck.Rep_p4.m.block.1.conv1.block.conv.weight:num of params=147456
07/08 03:03:58 - mmengine - INFO - paramwise_options -- neck.Rep_p4.m.block.1.conv1.block.bn.weight:num of params=128
07/08 03:03:58 - mmengine - INFO - paramwise_options -- neck.Rep_p4.m.block.1.conv1.block.bn.bias:num of params=128
07/08 03:03:58 - mmengine - INFO - paramwise_options -- neck.Rep_p4.m.block.1.conv2.block.conv.weight:num of params=147456
07/08 03:03:58 - mmengine - INFO - paramwise_options -- neck.Rep_p4.m.block.1.conv2.block.bn.weight:num of params=128
07/08 03:03:58 - mmengine - INFO - paramwise_options -- neck.Rep_p4.m.block.1.conv2.block.bn.bias:num of params=128
07/08 03:03:58 - mmengine - INFO - paramwise_options -- neck.Rep_p4.m.block.2.alpha:num of params=1
07/08 03:03:58 - mmengine - INFO - paramwise_options -- neck.Rep_p4.m.block.2.conv1.block.conv.weight:num of params=147456
07/08 03:03:58 - mmengine - INFO - paramwise_options -- neck.Rep_p4.m.block.2.conv1.block.bn.weight:num of params=128
07/08 03:03:58 - mmengine - INFO - paramwise_options -- neck.Rep_p4.m.block.2.conv1.block.bn.bias:num of params=128
07/08 03:03:58 - mmengine - INFO - paramwise_options -- neck.Rep_p4.m.block.2.conv2.block.conv.weight:num of params=147456
07/08 03:03:58 - mmengine - INFO - paramwise_options -- neck.Rep_p4.m.block.2.conv2.block.bn.weight:num of params=128
07/08 03:03:58 - mmengine - INFO - paramwise_options -- neck.Rep_p4.m.block.2.conv2.block.bn.bias:num of params=128
07/08 03:03:58 - mmengine - INFO - paramwise_options -- neck.Rep_p4.m.block.3.alpha:num of params=1
07/08 03:03:58 - mmengine - INFO - paramwise_options -- neck.Rep_p4.m.block.3.conv1.block.conv.weight:num of params=147456
07/08 03:03:58 - mmengine - INFO - paramwise_options -- neck.Rep_p4.m.block.3.conv1.block.bn.weight:num of params=128
07/08 03:03:58 - mmengine - INFO - paramwise_options -- neck.Rep_p4.m.block.3.conv1.block.bn.bias:num of params=128
07/08 03:03:58 - mmengine - INFO - paramwise_options -- neck.Rep_p4.m.block.3.conv2.block.conv.weight:num of params=147456
07/08 03:03:58 - mmengine - INFO - paramwise_options -- neck.Rep_p4.m.block.3.conv2.block.bn.weight:num of params=128
07/08 03:03:58 - mmengine - INFO - paramwise_options -- neck.Rep_p4.m.block.3.conv2.block.bn.bias:num of params=128
07/08 03:03:58 - mmengine - INFO - paramwise_options -- neck.Rep_p4.m.block.4.alpha:num of params=1
07/08 03:03:58 - mmengine - INFO - paramwise_options -- neck.Rep_p4.m.block.4.conv1.block.conv.weight:num of params=147456
07/08 03:03:58 - mmengine - INFO - paramwise_options -- neck.Rep_p4.m.block.4.conv1.block.bn.weight:num of params=128
07/08 03:03:58 - mmengine - INFO - paramwise_options -- neck.Rep_p4.m.block.4.conv1.block.bn.bias:num of params=128
07/08 03:03:58 - mmengine - INFO - paramwise_options -- neck.Rep_p4.m.block.4.conv2.block.conv.weight:num of params=147456
07/08 03:03:58 - mmengine - INFO - paramwise_options -- neck.Rep_p4.m.block.4.conv2.block.bn.weight:num of params=128
07/08 03:03:58 - mmengine - INFO - paramwise_options -- neck.Rep_p4.m.block.4.conv2.block.bn.bias:num of params=128
07/08 03:03:58 - mmengine - INFO - paramwise_options -- neck.reduce_layer1.block.conv.weight:num of params=32768
07/08 03:03:58 - mmengine - INFO - paramwise_options -- neck.reduce_layer1.block.bn.weight:num of params=128
07/08 03:03:58 - mmengine - INFO - paramwise_options -- neck.reduce_layer1.block.bn.bias:num of params=128
07/08 03:03:58 - mmengine - INFO - paramwise_options -- neck.Bifusion1.cv1.block.conv.weight:num of params=32768
07/08 03:03:58 - mmengine - INFO - paramwise_options -- neck.Bifusion1.cv1.block.bn.weight:num of params=128
07/08 03:03:58 - mmengine - INFO - paramwise_options -- neck.Bifusion1.cv1.block.bn.bias:num of params=128
07/08 03:03:58 - mmengine - INFO - paramwise_options -- neck.Bifusion1.cv2.block.conv.weight:num of params=16384
07/08 03:03:58 - mmengine - INFO - paramwise_options -- neck.Bifusion1.cv2.block.bn.weight:num of params=128
07/08 03:03:58 - mmengine - INFO - paramwise_options -- neck.Bifusion1.cv2.block.bn.bias:num of params=128
07/08 03:03:58 - mmengine - INFO - paramwise_options -- neck.Bifusion1.cv3.block.conv.weight:num of params=49152
07/08 03:03:58 - mmengine - INFO - paramwise_options -- neck.Bifusion1.cv3.block.bn.weight:num of params=128
07/08 03:03:58 - mmengine - INFO - paramwise_options -- neck.Bifusion1.cv3.block.bn.bias:num of params=128
07/08 03:03:58 - mmengine - INFO - paramwise_options -- neck.Bifusion1.upsample.upsample_transpose.weight:num of params=65536
07/08 03:03:58 - mmengine - INFO - paramwise_options -- neck.Bifusion1.upsample.upsample_transpose.bias:num of params=128
07/08 03:03:58 - mmengine - INFO - paramwise_options -- neck.Bifusion1.downsample.block.conv.weight:num of params=147456
07/08 03:03:58 - mmengine - INFO - paramwise_options -- neck.Bifusion1.downsample.block.bn.weight:num of params=128
07/08 03:03:58 - mmengine - INFO - paramwise_options -- neck.Bifusion1.downsample.block.bn.bias:num of params=128
07/08 03:03:58 - mmengine - INFO - paramwise_options -- neck.Rep_p3.cv1.block.conv.weight:num of params=8192
07/08 03:03:58 - mmengine - INFO - paramwise_options -- neck.Rep_p3.cv1.block.bn.weight:num of params=64
07/08 03:03:58 - mmengine - INFO - paramwise_options -- neck.Rep_p3.cv1.block.bn.bias:num of params=64
07/08 03:03:58 - mmengine - INFO - paramwise_options -- neck.Rep_p3.cv2.block.conv.weight:num of params=8192
07/08 03:03:58 - mmengine - INFO - paramwise_options -- neck.Rep_p3.cv2.block.bn.weight:num of params=64
07/08 03:03:58 - mmengine - INFO - paramwise_options -- neck.Rep_p3.cv2.block.bn.bias:num of params=64
07/08 03:03:58 - mmengine - INFO - paramwise_options -- neck.Rep_p3.cv3.block.conv.weight:num of params=16384
07/08 03:03:58 - mmengine - INFO - paramwise_options -- neck.Rep_p3.cv3.block.bn.weight:num of params=128
07/08 03:03:58 - mmengine - INFO - paramwise_options -- neck.Rep_p3.cv3.block.bn.bias:num of params=128
07/08 03:03:58 - mmengine - INFO - paramwise_options -- neck.Rep_p3.m.conv1.alpha:num of params=1
07/08 03:03:58 - mmengine - INFO - paramwise_options -- neck.Rep_p3.m.conv1.conv1.block.conv.weight:num of params=36864
07/08 03:03:58 - mmengine - INFO - paramwise_options -- neck.Rep_p3.m.conv1.conv1.block.bn.weight:num of params=64
07/08 03:03:58 - mmengine - INFO - paramwise_options -- neck.Rep_p3.m.conv1.conv1.block.bn.bias:num of params=64
07/08 03:03:58 - mmengine - INFO - paramwise_options -- neck.Rep_p3.m.conv1.conv2.block.conv.weight:num of params=36864
07/08 03:03:58 - mmengine - INFO - paramwise_options -- neck.Rep_p3.m.conv1.conv2.block.bn.weight:num of params=64
07/08 03:03:58 - mmengine - INFO - paramwise_options -- neck.Rep_p3.m.conv1.conv2.block.bn.bias:num of params=64
07/08 03:03:58 - mmengine - INFO - paramwise_options -- neck.Rep_p3.m.block.0.alpha:num of params=1
07/08 03:03:58 - mmengine - INFO - paramwise_options -- neck.Rep_p3.m.block.0.conv1.block.conv.weight:num of params=36864
07/08 03:03:58 - mmengine - INFO - paramwise_options -- neck.Rep_p3.m.block.0.conv1.block.bn.weight:num of params=64
07/08 03:03:58 - mmengine - INFO - paramwise_options -- neck.Rep_p3.m.block.0.conv1.block.bn.bias:num of params=64
07/08 03:03:58 - mmengine - INFO - paramwise_options -- neck.Rep_p3.m.block.0.conv2.block.conv.weight:num of params=36864
07/08 03:03:58 - mmengine - INFO - paramwise_options -- neck.Rep_p3.m.block.0.conv2.block.bn.weight:num of params=64
07/08 03:03:58 - mmengine - INFO - paramwise_options -- neck.Rep_p3.m.block.0.conv2.block.bn.bias:num of params=64
07/08 03:03:58 - mmengine - INFO - paramwise_options -- neck.Rep_p3.m.block.1.alpha:num of params=1
07/08 03:03:58 - mmengine - INFO - paramwise_options -- neck.Rep_p3.m.block.1.conv1.block.conv.weight:num of params=36864
07/08 03:03:58 - mmengine - INFO - paramwise_options -- neck.Rep_p3.m.block.1.conv1.block.bn.weight:num of params=64
07/08 03:03:58 - mmengine - INFO - paramwise_options -- neck.Rep_p3.m.block.1.conv1.block.bn.bias:num of params=64
07/08 03:03:58 - mmengine - INFO - paramwise_options -- neck.Rep_p3.m.block.1.conv2.block.conv.weight:num of params=36864
07/08 03:03:58 - mmengine - INFO - paramwise_options -- neck.Rep_p3.m.block.1.conv2.block.bn.weight:num of params=64
07/08 03:03:58 - mmengine - INFO - paramwise_options -- neck.Rep_p3.m.block.1.conv2.block.bn.bias:num of params=64
07/08 03:03:58 - mmengine - INFO - paramwise_options -- neck.Rep_p3.m.block.2.alpha:num of params=1
07/08 03:03:58 - mmengine - INFO - paramwise_options -- neck.Rep_p3.m.block.2.conv1.block.conv.weight:num of params=36864
07/08 03:03:58 - mmengine - INFO - paramwise_options -- neck.Rep_p3.m.block.2.conv1.block.bn.weight:num of params=64
07/08 03:03:58 - mmengine - INFO - paramwise_options -- neck.Rep_p3.m.block.2.conv1.block.bn.bias:num of params=64
07/08 03:03:58 - mmengine - INFO - paramwise_options -- neck.Rep_p3.m.block.2.conv2.block.conv.weight:num of params=36864
07/08 03:03:58 - mmengine - INFO - paramwise_options -- neck.Rep_p3.m.block.2.conv2.block.bn.weight:num of params=64
07/08 03:03:58 - mmengine - INFO - paramwise_options -- neck.Rep_p3.m.block.2.conv2.block.bn.bias:num of params=64
07/08 03:03:58 - mmengine - INFO - paramwise_options -- neck.Rep_p3.m.block.3.alpha:num of params=1
07/08 03:03:58 - mmengine - INFO - paramwise_options -- neck.Rep_p3.m.block.3.conv1.block.conv.weight:num of params=36864
07/08 03:03:58 - mmengine - INFO - paramwise_options -- neck.Rep_p3.m.block.3.conv1.block.bn.weight:num of params=64
07/08 03:03:58 - mmengine - INFO - paramwise_options -- neck.Rep_p3.m.block.3.conv1.block.bn.bias:num of params=64
07/08 03:03:58 - mmengine - INFO - paramwise_options -- neck.Rep_p3.m.block.3.conv2.block.conv.weight:num of params=36864
07/08 03:03:58 - mmengine - INFO - paramwise_options -- neck.Rep_p3.m.block.3.conv2.block.bn.weight:num of params=64
07/08 03:03:58 - mmengine - INFO - paramwise_options -- neck.Rep_p3.m.block.3.conv2.block.bn.bias:num of params=64
07/08 03:03:58 - mmengine - INFO - paramwise_options -- neck.Rep_p3.m.block.4.alpha:num of params=1
07/08 03:03:58 - mmengine - INFO - paramwise_options -- neck.Rep_p3.m.block.4.conv1.block.conv.weight:num of params=36864
07/08 03:03:58 - mmengine - INFO - paramwise_options -- neck.Rep_p3.m.block.4.conv1.block.bn.weight:num of params=64
07/08 03:03:58 - mmengine - INFO - paramwise_options -- neck.Rep_p3.m.block.4.conv1.block.bn.bias:num of params=64
07/08 03:03:58 - mmengine - INFO - paramwise_options -- neck.Rep_p3.m.block.4.conv2.block.conv.weight:num of params=36864
07/08 03:03:58 - mmengine - INFO - paramwise_options -- neck.Rep_p3.m.block.4.conv2.block.bn.weight:num of params=64
07/08 03:03:58 - mmengine - INFO - paramwise_options -- neck.Rep_p3.m.block.4.conv2.block.bn.bias:num of params=64
07/08 03:03:58 - mmengine - INFO - paramwise_options -- neck.downsample2.block.conv.weight:num of params=147456
07/08 03:03:58 - mmengine - INFO - paramwise_options -- neck.downsample2.block.bn.weight:num of params=128
07/08 03:03:58 - mmengine - INFO - paramwise_options -- neck.downsample2.block.bn.bias:num of params=128
07/08 03:03:58 - mmengine - INFO - paramwise_options -- neck.Rep_n3.cv1.block.conv.weight:num of params=32768
07/08 03:03:58 - mmengine - INFO - paramwise_options -- neck.Rep_n3.cv1.block.bn.weight:num of params=128
07/08 03:03:58 - mmengine - INFO - paramwise_options -- neck.Rep_n3.cv1.block.bn.bias:num of params=128
07/08 03:03:58 - mmengine - INFO - paramwise_options -- neck.Rep_n3.cv2.block.conv.weight:num of params=32768
07/08 03:03:58 - mmengine - INFO - paramwise_options -- neck.Rep_n3.cv2.block.bn.weight:num of params=128
07/08 03:03:58 - mmengine - INFO - paramwise_options -- neck.Rep_n3.cv2.block.bn.bias:num of params=128
07/08 03:03:58 - mmengine - INFO - paramwise_options -- neck.Rep_n3.cv3.block.conv.weight:num of params=65536
07/08 03:03:58 - mmengine - INFO - paramwise_options -- neck.Rep_n3.cv3.block.bn.weight:num of params=256
07/08 03:03:58 - mmengine - INFO - paramwise_options -- neck.Rep_n3.cv3.block.bn.bias:num of params=256
07/08 03:03:58 - mmengine - INFO - paramwise_options -- neck.Rep_n3.m.conv1.alpha:num of params=1
07/08 03:03:58 - mmengine - INFO - paramwise_options -- neck.Rep_n3.m.conv1.conv1.block.conv.weight:num of params=147456
07/08 03:03:58 - mmengine - INFO - paramwise_options -- neck.Rep_n3.m.conv1.conv1.block.bn.weight:num of params=128
07/08 03:03:58 - mmengine - INFO - paramwise_options -- neck.Rep_n3.m.conv1.conv1.block.bn.bias:num of params=128
07/08 03:03:58 - mmengine - INFO - paramwise_options -- neck.Rep_n3.m.conv1.conv2.block.conv.weight:num of params=147456
07/08 03:03:58 - mmengine - INFO - paramwise_options -- neck.Rep_n3.m.conv1.conv2.block.bn.weight:num of params=128
07/08 03:03:58 - mmengine - INFO - paramwise_options -- neck.Rep_n3.m.conv1.conv2.block.bn.bias:num of params=128
07/08 03:03:58 - mmengine - INFO - paramwise_options -- neck.Rep_n3.m.block.0.alpha:num of params=1
07/08 03:03:58 - mmengine - INFO - paramwise_options -- neck.Rep_n3.m.block.0.conv1.block.conv.weight:num of params=147456
07/08 03:03:58 - mmengine - INFO - paramwise_options -- neck.Rep_n3.m.block.0.conv1.block.bn.weight:num of params=128
07/08 03:03:58 - mmengine - INFO - paramwise_options -- neck.Rep_n3.m.block.0.conv1.block.bn.bias:num of params=128
07/08 03:03:58 - mmengine - INFO - paramwise_options -- neck.Rep_n3.m.block.0.conv2.block.conv.weight:num of params=147456
07/08 03:03:58 - mmengine - INFO - paramwise_options -- neck.Rep_n3.m.block.0.conv2.block.bn.weight:num of params=128
07/08 03:03:58 - mmengine - INFO - paramwise_options -- neck.Rep_n3.m.block.0.conv2.block.bn.bias:num of params=128
07/08 03:03:58 - mmengine - INFO - paramwise_options -- neck.Rep_n3.m.block.1.alpha:num of params=1
07/08 03:03:58 - mmengine - INFO - paramwise_options -- neck.Rep_n3.m.block.1.conv1.block.conv.weight:num of params=147456
07/08 03:03:58 - mmengine - INFO - paramwise_options -- neck.Rep_n3.m.block.1.conv1.block.bn.weight:num of params=128
07/08 03:03:58 - mmengine - INFO - paramwise_options -- neck.Rep_n3.m.block.1.conv1.block.bn.bias:num of params=128
07/08 03:03:58 - mmengine - INFO - paramwise_options -- neck.Rep_n3.m.block.1.conv2.block.conv.weight:num of params=147456
07/08 03:03:58 - mmengine - INFO - paramwise_options -- neck.Rep_n3.m.block.1.conv2.block.bn.weight:num of params=128
07/08 03:03:58 - mmengine - INFO - paramwise_options -- neck.Rep_n3.m.block.1.conv2.block.bn.bias:num of params=128
07/08 03:03:58 - mmengine - INFO - paramwise_options -- neck.Rep_n3.m.block.2.alpha:num of params=1
07/08 03:03:58 - mmengine - INFO - paramwise_options -- neck.Rep_n3.m.block.2.conv1.block.conv.weight:num of params=147456
07/08 03:03:58 - mmengine - INFO - paramwise_options -- neck.Rep_n3.m.block.2.conv1.block.bn.weight:num of params=128
07/08 03:03:58 - mmengine - INFO - paramwise_options -- neck.Rep_n3.m.block.2.conv1.block.bn.bias:num of params=128
07/08 03:03:58 - mmengine - INFO - paramwise_options -- neck.Rep_n3.m.block.2.conv2.block.conv.weight:num of params=147456
07/08 03:03:58 - mmengine - INFO - paramwise_options -- neck.Rep_n3.m.block.2.conv2.block.bn.weight:num of params=128
07/08 03:03:58 - mmengine - INFO - paramwise_options -- neck.Rep_n3.m.block.2.conv2.block.bn.bias:num of params=128
07/08 03:03:58 - mmengine - INFO - paramwise_options -- neck.Rep_n3.m.block.3.alpha:num of params=1
07/08 03:03:58 - mmengine - INFO - paramwise_options -- neck.Rep_n3.m.block.3.conv1.block.conv.weight:num of params=147456
07/08 03:03:58 - mmengine - INFO - paramwise_options -- neck.Rep_n3.m.block.3.conv1.block.bn.weight:num of params=128
07/08 03:03:58 - mmengine - INFO - paramwise_options -- neck.Rep_n3.m.block.3.conv1.block.bn.bias:num of params=128
07/08 03:03:58 - mmengine - INFO - paramwise_options -- neck.Rep_n3.m.block.3.conv2.block.conv.weight:num of params=147456
07/08 03:03:58 - mmengine - INFO - paramwise_options -- neck.Rep_n3.m.block.3.conv2.block.bn.weight:num of params=128
07/08 03:03:58 - mmengine - INFO - paramwise_options -- neck.Rep_n3.m.block.3.conv2.block.bn.bias:num of params=128
07/08 03:03:58 - mmengine - INFO - paramwise_options -- neck.Rep_n3.m.block.4.alpha:num of params=1
07/08 03:03:58 - mmengine - INFO - paramwise_options -- neck.Rep_n3.m.block.4.conv1.block.conv.weight:num of params=147456
07/08 03:03:58 - mmengine - INFO - paramwise_options -- neck.Rep_n3.m.block.4.conv1.block.bn.weight:num of params=128
07/08 03:03:58 - mmengine - INFO - paramwise_options -- neck.Rep_n3.m.block.4.conv1.block.bn.bias:num of params=128
07/08 03:03:58 - mmengine - INFO - paramwise_options -- neck.Rep_n3.m.block.4.conv2.block.conv.weight:num of params=147456
07/08 03:03:58 - mmengine - INFO - paramwise_options -- neck.Rep_n3.m.block.4.conv2.block.bn.weight:num of params=128
07/08 03:03:58 - mmengine - INFO - paramwise_options -- neck.Rep_n3.m.block.4.conv2.block.bn.bias:num of params=128
07/08 03:03:58 - mmengine - INFO - paramwise_options -- neck.downsample1.block.conv.weight:num of params=589824
07/08 03:03:58 - mmengine - INFO - paramwise_options -- neck.downsample1.block.bn.weight:num of params=256
07/08 03:03:58 - mmengine - INFO - paramwise_options -- neck.downsample1.block.bn.bias:num of params=256
07/08 03:03:58 - mmengine - INFO - paramwise_options -- neck.Rep_n4.cv1.block.conv.weight:num of params=131072
07/08 03:03:58 - mmengine - INFO - paramwise_options -- neck.Rep_n4.cv1.block.bn.weight:num of params=256
07/08 03:03:58 - mmengine - INFO - paramwise_options -- neck.Rep_n4.cv1.block.bn.bias:num of params=256
07/08 03:03:58 - mmengine - INFO - paramwise_options -- neck.Rep_n4.cv2.block.conv.weight:num of params=131072
07/08 03:03:58 - mmengine - INFO - paramwise_options -- neck.Rep_n4.cv2.block.bn.weight:num of params=256
07/08 03:03:58 - mmengine - INFO - paramwise_options -- neck.Rep_n4.cv2.block.bn.bias:num of params=256
07/08 03:03:58 - mmengine - INFO - paramwise_options -- neck.Rep_n4.cv3.block.conv.weight:num of params=262144
07/08 03:03:58 - mmengine - INFO - paramwise_options -- neck.Rep_n4.cv3.block.bn.weight:num of params=512
07/08 03:03:58 - mmengine - INFO - paramwise_options -- neck.Rep_n4.cv3.block.bn.bias:num of params=512
07/08 03:03:58 - mmengine - INFO - paramwise_options -- neck.Rep_n4.m.conv1.alpha:num of params=1
07/08 03:03:58 - mmengine - INFO - paramwise_options -- neck.Rep_n4.m.conv1.conv1.block.conv.weight:num of params=589824
07/08 03:03:58 - mmengine - INFO - paramwise_options -- neck.Rep_n4.m.conv1.conv1.block.bn.weight:num of params=256
07/08 03:03:58 - mmengine - INFO - paramwise_options -- neck.Rep_n4.m.conv1.conv1.block.bn.bias:num of params=256
07/08 03:03:58 - mmengine - INFO - paramwise_options -- neck.Rep_n4.m.conv1.conv2.block.conv.weight:num of params=589824
07/08 03:03:58 - mmengine - INFO - paramwise_options -- neck.Rep_n4.m.conv1.conv2.block.bn.weight:num of params=256
07/08 03:03:58 - mmengine - INFO - paramwise_options -- neck.Rep_n4.m.conv1.conv2.block.bn.bias:num of params=256
07/08 03:03:58 - mmengine - INFO - paramwise_options -- neck.Rep_n4.m.block.0.alpha:num of params=1
07/08 03:03:58 - mmengine - INFO - paramwise_options -- neck.Rep_n4.m.block.0.conv1.block.conv.weight:num of params=589824
07/08 03:03:58 - mmengine - INFO - paramwise_options -- neck.Rep_n4.m.block.0.conv1.block.bn.weight:num of params=256
07/08 03:03:58 - mmengine - INFO - paramwise_options -- neck.Rep_n4.m.block.0.conv1.block.bn.bias:num of params=256
07/08 03:03:58 - mmengine - INFO - paramwise_options -- neck.Rep_n4.m.block.0.conv2.block.conv.weight:num of params=589824
07/08 03:03:58 - mmengine - INFO - paramwise_options -- neck.Rep_n4.m.block.0.conv2.block.bn.weight:num of params=256
07/08 03:03:58 - mmengine - INFO - paramwise_options -- neck.Rep_n4.m.block.0.conv2.block.bn.bias:num of params=256
07/08 03:03:58 - mmengine - INFO - paramwise_options -- neck.Rep_n4.m.block.1.alpha:num of params=1
07/08 03:03:58 - mmengine - INFO - paramwise_options -- neck.Rep_n4.m.block.1.conv1.block.conv.weight:num of params=589824
07/08 03:03:58 - mmengine - INFO - paramwise_options -- neck.Rep_n4.m.block.1.conv1.block.bn.weight:num of params=256
07/08 03:03:58 - mmengine - INFO - paramwise_options -- neck.Rep_n4.m.block.1.conv1.block.bn.bias:num of params=256
07/08 03:03:58 - mmengine - INFO - paramwise_options -- neck.Rep_n4.m.block.1.conv2.block.conv.weight:num of params=589824
07/08 03:03:58 - mmengine - INFO - paramwise_options -- neck.Rep_n4.m.block.1.conv2.block.bn.weight:num of params=256
07/08 03:03:58 - mmengine - INFO - paramwise_options -- neck.Rep_n4.m.block.1.conv2.block.bn.bias:num of params=256
07/08 03:03:58 - mmengine - INFO - paramwise_options -- neck.Rep_n4.m.block.2.alpha:num of params=1
07/08 03:03:58 - mmengine - INFO - paramwise_options -- neck.Rep_n4.m.block.2.conv1.block.conv.weight:num of params=589824
07/08 03:03:58 - mmengine - INFO - paramwise_options -- neck.Rep_n4.m.block.2.conv1.block.bn.weight:num of params=256
07/08 03:03:58 - mmengine - INFO - paramwise_options -- neck.Rep_n4.m.block.2.conv1.block.bn.bias:num of params=256
07/08 03:03:58 - mmengine - INFO - paramwise_options -- neck.Rep_n4.m.block.2.conv2.block.conv.weight:num of params=589824
07/08 03:03:58 - mmengine - INFO - paramwise_options -- neck.Rep_n4.m.block.2.conv2.block.bn.weight:num of params=256
07/08 03:03:58 - mmengine - INFO - paramwise_options -- neck.Rep_n4.m.block.2.conv2.block.bn.bias:num of params=256
07/08 03:03:58 - mmengine - INFO - paramwise_options -- neck.Rep_n4.m.block.3.alpha:num of params=1
07/08 03:03:58 - mmengine - INFO - paramwise_options -- neck.Rep_n4.m.block.3.conv1.block.conv.weight:num of params=589824
07/08 03:03:58 - mmengine - INFO - paramwise_options -- neck.Rep_n4.m.block.3.conv1.block.bn.weight:num of params=256
07/08 03:03:58 - mmengine - INFO - paramwise_options -- neck.Rep_n4.m.block.3.conv1.block.bn.bias:num of params=256
07/08 03:03:58 - mmengine - INFO - paramwise_options -- neck.Rep_n4.m.block.3.conv2.block.conv.weight:num of params=589824
07/08 03:03:58 - mmengine - INFO - paramwise_options -- neck.Rep_n4.m.block.3.conv2.block.bn.weight:num of params=256
07/08 03:03:58 - mmengine - INFO - paramwise_options -- neck.Rep_n4.m.block.3.conv2.block.bn.bias:num of params=256
07/08 03:03:58 - mmengine - INFO - paramwise_options -- neck.Rep_n4.m.block.4.alpha:num of params=1
07/08 03:03:58 - mmengine - INFO - paramwise_options -- neck.Rep_n4.m.block.4.conv1.block.conv.weight:num of params=589824
07/08 03:03:58 - mmengine - INFO - paramwise_options -- neck.Rep_n4.m.block.4.conv1.block.bn.weight:num of params=256
07/08 03:03:58 - mmengine - INFO - paramwise_options -- neck.Rep_n4.m.block.4.conv1.block.bn.bias:num of params=256
07/08 03:03:58 - mmengine - INFO - paramwise_options -- neck.Rep_n4.m.block.4.conv2.block.conv.weight:num of params=589824
07/08 03:03:58 - mmengine - INFO - paramwise_options -- neck.Rep_n4.m.block.4.conv2.block.bn.weight:num of params=256
07/08 03:03:58 - mmengine - INFO - paramwise_options -- neck.Rep_n4.m.block.4.conv2.block.bn.bias:num of params=256
07/08 03:03:58 - mmengine - INFO - paramwise_options -- bbox_head.head_module.cls_preds.0.0.conv.weight:num of params=294912
07/08 03:03:58 - mmengine - INFO - paramwise_options -- bbox_head.head_module.cls_preds.0.0.bn.weight:num of params=256
07/08 03:03:58 - mmengine - INFO - paramwise_options -- bbox_head.head_module.cls_preds.0.0.bn.bias:num of params=256
07/08 03:03:58 - mmengine - INFO - paramwise_options -- bbox_head.head_module.cls_preds.0.1.conv.weight:num of params=589824
07/08 03:03:58 - mmengine - INFO - paramwise_options -- bbox_head.head_module.cls_preds.0.1.bn.weight:num of params=256
07/08 03:03:58 - mmengine - INFO - paramwise_options -- bbox_head.head_module.cls_preds.0.1.bn.bias:num of params=256
07/08 03:03:58 - mmengine - INFO - paramwise_options -- bbox_head.head_module.cls_preds.0.2.weight:num of params=196608
07/08 03:03:58 - mmengine - INFO - paramwise_options -- bbox_head.head_module.cls_preds.0.2.bias:num of params=768
07/08 03:03:58 - mmengine - INFO - paramwise_options -- bbox_head.head_module.cls_preds.1.0.conv.weight:num of params=589824
07/08 03:03:58 - mmengine - INFO - paramwise_options -- bbox_head.head_module.cls_preds.1.0.bn.weight:num of params=256
07/08 03:03:58 - mmengine - INFO - paramwise_options -- bbox_head.head_module.cls_preds.1.0.bn.bias:num of params=256
07/08 03:03:58 - mmengine - INFO - paramwise_options -- bbox_head.head_module.cls_preds.1.1.conv.weight:num of params=589824
07/08 03:03:58 - mmengine - INFO - paramwise_options -- bbox_head.head_module.cls_preds.1.1.bn.weight:num of params=256
07/08 03:03:58 - mmengine - INFO - paramwise_options -- bbox_head.head_module.cls_preds.1.1.bn.bias:num of params=256
07/08 03:03:58 - mmengine - INFO - paramwise_options -- bbox_head.head_module.cls_preds.1.2.weight:num of params=196608
07/08 03:03:58 - mmengine - INFO - paramwise_options -- bbox_head.head_module.cls_preds.1.2.bias:num of params=768
07/08 03:03:58 - mmengine - INFO - paramwise_options -- bbox_head.head_module.cls_preds.2.0.conv.weight:num of params=1179648
07/08 03:03:58 - mmengine - INFO - paramwise_options -- bbox_head.head_module.cls_preds.2.0.bn.weight:num of params=256
07/08 03:03:58 - mmengine - INFO - paramwise_options -- bbox_head.head_module.cls_preds.2.0.bn.bias:num of params=256
07/08 03:03:58 - mmengine - INFO - paramwise_options -- bbox_head.head_module.cls_preds.2.1.conv.weight:num of params=589824
07/08 03:03:58 - mmengine - INFO - paramwise_options -- bbox_head.head_module.cls_preds.2.1.bn.weight:num of params=256
07/08 03:03:58 - mmengine - INFO - paramwise_options -- bbox_head.head_module.cls_preds.2.1.bn.bias:num of params=256
07/08 03:03:58 - mmengine - INFO - paramwise_options -- bbox_head.head_module.cls_preds.2.2.weight:num of params=196608
07/08 03:03:58 - mmengine - INFO - paramwise_options -- bbox_head.head_module.cls_preds.2.2.bias:num of params=768
07/08 03:03:58 - mmengine - INFO - paramwise_options -- bbox_head.head_module.reg_preds.0.0.conv.weight:num of params=73728
07/08 03:03:58 - mmengine - INFO - paramwise_options -- bbox_head.head_module.reg_preds.0.0.bn.weight:num of params=64
07/08 03:03:58 - mmengine - INFO - paramwise_options -- bbox_head.head_module.reg_preds.0.0.bn.bias:num of params=64
07/08 03:03:58 - mmengine - INFO - paramwise_options -- bbox_head.head_module.reg_preds.0.1.conv.weight:num of params=36864
07/08 03:03:58 - mmengine - INFO - paramwise_options -- bbox_head.head_module.reg_preds.0.1.bn.weight:num of params=64
07/08 03:03:58 - mmengine - INFO - paramwise_options -- bbox_head.head_module.reg_preds.0.1.bn.bias:num of params=64
07/08 03:03:58 - mmengine - INFO - paramwise_options -- bbox_head.head_module.reg_preds.0.2.weight:num of params=4096
07/08 03:03:58 - mmengine - INFO - paramwise_options -- bbox_head.head_module.reg_preds.0.2.bias:num of params=64
07/08 03:03:58 - mmengine - INFO - paramwise_options -- bbox_head.head_module.reg_preds.1.0.conv.weight:num of params=147456
07/08 03:03:58 - mmengine - INFO - paramwise_options -- bbox_head.head_module.reg_preds.1.0.bn.weight:num of params=64
07/08 03:03:58 - mmengine - INFO - paramwise_options -- bbox_head.head_module.reg_preds.1.0.bn.bias:num of params=64
07/08 03:03:58 - mmengine - INFO - paramwise_options -- bbox_head.head_module.reg_preds.1.1.conv.weight:num of params=36864
07/08 03:03:58 - mmengine - INFO - paramwise_options -- bbox_head.head_module.reg_preds.1.1.bn.weight:num of params=64
07/08 03:03:58 - mmengine - INFO - paramwise_options -- bbox_head.head_module.reg_preds.1.1.bn.bias:num of params=64
07/08 03:03:58 - mmengine - INFO - paramwise_options -- bbox_head.head_module.reg_preds.1.2.weight:num of params=4096
07/08 03:03:58 - mmengine - INFO - paramwise_options -- bbox_head.head_module.reg_preds.1.2.bias:num of params=64
07/08 03:03:58 - mmengine - INFO - paramwise_options -- bbox_head.head_module.reg_preds.2.0.conv.weight:num of params=294912
07/08 03:03:58 - mmengine - INFO - paramwise_options -- bbox_head.head_module.reg_preds.2.0.bn.weight:num of params=64
07/08 03:03:58 - mmengine - INFO - paramwise_options -- bbox_head.head_module.reg_preds.2.0.bn.bias:num of params=64
07/08 03:03:58 - mmengine - INFO - paramwise_options -- bbox_head.head_module.reg_preds.2.1.conv.weight:num of params=36864
07/08 03:03:58 - mmengine - INFO - paramwise_options -- bbox_head.head_module.reg_preds.2.1.bn.weight:num of params=64
07/08 03:03:58 - mmengine - INFO - paramwise_options -- bbox_head.head_module.reg_preds.2.1.bn.bias:num of params=64
07/08 03:03:58 - mmengine - INFO - paramwise_options -- bbox_head.head_module.reg_preds.2.2.weight:num of params=4096
07/08 03:03:58 - mmengine - INFO - paramwise_options -- bbox_head.head_module.reg_preds.2.2.bias:num of params=64
07/08 03:03:58 - mmengine - INFO - paramwise_options -- bbox_head.head_module.cls_contrasts.0.bias:num of params=1
07/08 03:03:58 - mmengine - INFO - paramwise_options -- bbox_head.head_module.cls_contrasts.0.logit_scale:num of params=1
07/08 03:03:58 - mmengine - INFO - paramwise_options -- bbox_head.head_module.cls_contrasts.0.logit_scale:lr=2e-05
07/08 03:03:58 - mmengine - INFO - paramwise_options -- bbox_head.head_module.cls_contrasts.0.logit_scale:weight_decay=0.0
07/08 03:03:58 - mmengine - INFO - paramwise_options -- bbox_head.head_module.cls_contrasts.0.norm.weight:num of params=768
07/08 03:03:58 - mmengine - INFO - paramwise_options -- bbox_head.head_module.cls_contrasts.0.norm.bias:num of params=768
07/08 03:03:58 - mmengine - INFO - paramwise_options -- bbox_head.head_module.cls_contrasts.1.bias:num of params=1
07/08 03:03:58 - mmengine - INFO - paramwise_options -- bbox_head.head_module.cls_contrasts.1.logit_scale:num of params=1
07/08 03:03:58 - mmengine - INFO - paramwise_options -- bbox_head.head_module.cls_contrasts.1.logit_scale:lr=2e-05
07/08 03:03:58 - mmengine - INFO - paramwise_options -- bbox_head.head_module.cls_contrasts.1.logit_scale:weight_decay=0.0
07/08 03:03:58 - mmengine - INFO - paramwise_options -- bbox_head.head_module.cls_contrasts.1.norm.weight:num of params=768
07/08 03:03:58 - mmengine - INFO - paramwise_options -- bbox_head.head_module.cls_contrasts.1.norm.bias:num of params=768
07/08 03:03:58 - mmengine - INFO - paramwise_options -- bbox_head.head_module.cls_contrasts.2.bias:num of params=1
07/08 03:03:58 - mmengine - INFO - paramwise_options -- bbox_head.head_module.cls_contrasts.2.logit_scale:num of params=1
07/08 03:03:58 - mmengine - INFO - paramwise_options -- bbox_head.head_module.cls_contrasts.2.logit_scale:lr=2e-05
07/08 03:03:58 - mmengine - INFO - paramwise_options -- bbox_head.head_module.cls_contrasts.2.logit_scale:weight_decay=0.0
07/08 03:03:58 - mmengine - INFO - paramwise_options -- bbox_head.head_module.cls_contrasts.2.norm.weight:num of params=768
07/08 03:03:58 - mmengine - INFO - paramwise_options -- bbox_head.head_module.cls_contrasts.2.norm.bias:num of params=768
loading annotations into memory...
Done (t=0.04s)
creating index...
index created!
loading annotations into memory...
Done (t=0.04s)
creating index...
index created!
Loads checkpoint by local backend from path: work_dirs/reorg_v11dt_s2/epoch_4.pth
Loads checkpoint by local backend from path: work_dirs/reorg_v11dt_s2/epoch_4.pth
/home/siyuan/anaconda3/envs/wedetect_official/lib/python3.10/site-packages/mmengine/runner/checkpoint.py:347: FutureWarning: You are using `torch.load` with `weights_only=False` (the current default value), which uses the default pickle module implicitly. It is possible to construct malicious pickle data which will execute arbitrary code during unpickling (See https://github.com/pytorch/pytorch/blob/main/SECURITY.md#untrusted-models for more details). In a future release, the default value for `weights_only` will be flipped to `True`. This limits the functions that could be executed during unpickling. Arbitrary objects will no longer be allowed to be loaded via this mode unless they are explicitly allowlisted by the user via `torch.serialization.add_safe_globals`. We recommend you start setting `weights_only=True` for any use case where you don't have full control of the loaded file. Please open an issue on GitHub for any issues related to this experimental feature.
  checkpoint = torch.load(filename, map_location=map_location)
/home/siyuan/anaconda3/envs/wedetect_official/lib/python3.10/site-packages/mmengine/runner/checkpoint.py:347: FutureWarning: You are using `torch.load` with `weights_only=False` (the current default value), which uses the default pickle module implicitly. It is possible to construct malicious pickle data which will execute arbitrary code during unpickling (See https://github.com/pytorch/pytorch/blob/main/SECURITY.md#untrusted-models for more details). In a future release, the default value for `weights_only` will be flipped to `True`. This limits the functions that could be executed during unpickling. Arbitrary objects will no longer be allowed to be loaded via this mode unless they are explicitly allowlisted by the user via `torch.serialization.add_safe_globals`. We recommend you start setting `weights_only=True` for any use case where you don't have full control of the loaded file. Please open an issue on GitHub for any issues related to this experimental feature.
  checkpoint = torch.load(filename, map_location=map_location)
Loads checkpoint by local backend from path: work_dirs/reorg_v11dt_s2/epoch_4.pth
/home/siyuan/anaconda3/envs/wedetect_official/lib/python3.10/site-packages/mmengine/runner/checkpoint.py:347: FutureWarning: You are using `torch.load` with `weights_only=False` (the current default value), which uses the default pickle module implicitly. It is possible to construct malicious pickle data which will execute arbitrary code during unpickling (See https://github.com/pytorch/pytorch/blob/main/SECURITY.md#untrusted-models for more details). In a future release, the default value for `weights_only` will be flipped to `True`. This limits the functions that could be executed during unpickling. Arbitrary objects will no longer be allowed to be loaded via this mode unless they are explicitly allowlisted by the user via `torch.serialization.add_safe_globals`. We recommend you start setting `weights_only=True` for any use case where you don't have full control of the loaded file. Please open an issue on GitHub for any issues related to this experimental feature.
  checkpoint = torch.load(filename, map_location=map_location)
Loads checkpoint by local backend from path: work_dirs/reorg_v11dt_s2/epoch_4.pth
/home/siyuan/anaconda3/envs/wedetect_official/lib/python3.10/site-packages/mmengine/runner/checkpoint.py:347: FutureWarning: You are using `torch.load` with `weights_only=False` (the current default value), which uses the default pickle module implicitly. It is possible to construct malicious pickle data which will execute arbitrary code during unpickling (See https://github.com/pytorch/pytorch/blob/main/SECURITY.md#untrusted-models for more details). In a future release, the default value for `weights_only` will be flipped to `True`. This limits the functions that could be executed during unpickling. Arbitrary objects will no longer be allowed to be loaded via this mode unless they are explicitly allowlisted by the user via `torch.serialization.add_safe_globals`. We recommend you start setting `weights_only=True` for any use case where you don't have full control of the loaded file. Please open an issue on GitHub for any issues related to this experimental feature.
  checkpoint = torch.load(filename, map_location=map_location)
07/08 03:04:01 - mmengine - INFO - Load checkpoint from work_dirs/reorg_v11dt_s2/epoch_4.pth
07/08 03:04:01 - mmengine - WARNING - "FileClient" will be deprecated in future. Please use io functions in https://mmengine.readthedocs.io/en/latest/api/fileio.html#file-io
07/08 03:04:01 - mmengine - WARNING - "HardDiskBackend" is the alias of "LocalBackend" and the former will be deprecated in future.
07/08 03:04:01 - mmengine - INFO - Checkpoints will be saved to /home/siyuan/projects/LLMs/OralDetect-Family/WeDetect_repro/WeDetect/work_dirs/reorg_v11dt_s3.
/home/siyuan/anaconda3/envs/wedetect_official/lib/python3.10/site-packages/torch/functional.py:534: UserWarning: torch.meshgrid: in an upcoming release, it will be required to pass the indexing argument. (Triggered internally at ../aten/src/ATen/native/TensorShape.cpp:3595.)
  return _VF.meshgrid(tensors, **kwargs)  # type: ignore[attr-defined]
/home/siyuan/anaconda3/envs/wedetect_official/lib/python3.10/site-packages/torch/functional.py:534: UserWarning: torch.meshgrid: in an upcoming release, it will be required to pass the indexing argument. (Triggered internally at ../aten/src/ATen/native/TensorShape.cpp:3595.)
  return _VF.meshgrid(tensors, **kwargs)  # type: ignore[attr-defined]
/home/siyuan/anaconda3/envs/wedetect_official/lib/python3.10/site-packages/torch/functional.py:534: UserWarning: torch.meshgrid: in an upcoming release, it will be required to pass the indexing argument. (Triggered internally at ../aten/src/ATen/native/TensorShape.cpp:3595.)
  return _VF.meshgrid(tensors, **kwargs)  # type: ignore[attr-defined]
/home/siyuan/anaconda3/envs/wedetect_official/lib/python3.10/site-packages/torch/functional.py:534: UserWarning: torch.meshgrid: in an upcoming release, it will be required to pass the indexing argument. (Triggered internally at ../aten/src/ATen/native/TensorShape.cpp:3595.)
  return _VF.meshgrid(tensors, **kwargs)  # type: ignore[attr-defined]
07/08 03:04:55 - mmengine - INFO - Epoch(train)  [1][ 50/628]  base_lr: 9.9350e-07 lr: 9.9350e-07  eta: 2:15:22  time: 1.0850  data_time: 0.0282  memory: 26924  grad_norm: 5838.9066  loss: 177.7400  loss_cls: 116.9172  loss_bbox: 28.4967  loss_dfl: 32.3262
07/08 03:05:47 - mmengine - INFO - Epoch(train)  [1][100/628]  base_lr: 1.9737e-06 lr: 1.9737e-06  eta: 2:11:32  time: 1.0377  data_time: 0.0075  memory: 26891  grad_norm: 2720.5901  loss: 148.5561  loss_cls: 89.6800  loss_bbox: 27.2002  loss_dfl: 31.6758
07/08 03:06:38 - mmengine - INFO - Epoch(train)  [1][150/628]  base_lr: 2.9407e-06 lr: 2.9407e-06  eta: 2:09:32  time: 1.0343  data_time: 0.0076  memory: 26831  grad_norm: 1328.8242  loss: 127.7983  loss_cls: 68.2381  loss_bbox: 27.4807  loss_dfl: 32.0795
07/08 03:07:31 - mmengine - INFO - Epoch(train)  [1][200/628]  base_lr: 3.8945e-06 lr: 3.8945e-06  eta: 2:08:20  time: 1.0419  data_time: 0.0075  memory: 26884  grad_norm: 813.6279  loss: 117.5882  loss_cls: 56.6617  loss_bbox: 28.3196  loss_dfl: 32.6069
07/08 03:08:22 - mmengine - INFO - Epoch(train)  [1][250/628]  base_lr: 4.8349e-06 lr: 4.8349e-06  eta: 2:07:08  time: 1.0361  data_time: 0.0074  memory: 26851  grad_norm: 651.9212  loss: 109.4104  loss_cls: 50.0423  loss_bbox: 27.3521  loss_dfl: 32.0160
07/08 03:09:14 - mmengine - INFO - Epoch(train)  [1][300/628]  base_lr: 5.7621e-06 lr: 5.7621e-06  eta: 2:06:10  time: 1.0424  data_time: 0.0075  memory: 26917  grad_norm: 627.4511  loss: 105.9027  loss_cls: 46.6593  loss_bbox: 27.3024  loss_dfl: 31.9411
07/08 03:10:07 - mmengine - INFO - Epoch(train)  [1][350/628]  base_lr: 6.6761e-06 lr: 6.6761e-06  eta: 2:05:14  time: 1.0423  data_time: 0.0075  memory: 26797  grad_norm: 581.6662  loss: 102.6990  loss_cls: 44.3623  loss_bbox: 26.4375  loss_dfl: 31.8991
07/08 03:10:58 - mmengine - INFO - Epoch(train)  [1][400/628]  base_lr: 7.5768e-06 lr: 7.5768e-06  eta: 2:04:14  time: 1.0369  data_time: 0.0075  memory: 26844  grad_norm: 577.9008  loss: 100.4159  loss_cls: 42.7117  loss_bbox: 26.2018  loss_dfl: 31.5024
07/08 03:11:51 - mmengine - INFO - Epoch(train)  [1][450/628]  base_lr: 8.4642e-06 lr: 8.4642e-06  eta: 2:03:21  time: 1.0439  data_time: 0.0074  memory: 27197  grad_norm: 592.8615  loss: 98.6639  loss_cls: 41.0973  loss_bbox: 26.4477  loss_dfl: 31.1189
07/08 03:12:43 - mmengine - INFO - Epoch(train)  [1][500/628]  base_lr: 9.3384e-06 lr: 9.3384e-06  eta: 2:02:28  time: 1.0433  data_time: 0.0075  memory: 26871  grad_norm: 579.3535  loss: 99.5585  loss_cls: 40.6404  loss_bbox: 26.9168  loss_dfl: 32.0013
07/08 03:13:35 - mmengine - INFO - Epoch(train)  [1][550/628]  base_lr: 1.0199e-05 lr: 1.0199e-05  eta: 2:01:31  time: 1.0370  data_time: 0.0071  memory: 26731  grad_norm: 593.2296  loss: 96.7767  loss_cls: 38.5421  loss_bbox: 26.5077  loss_dfl: 31.7268
07/08 03:14:27 - mmengine - INFO - Epoch(train)  [1][600/628]  base_lr: 1.1047e-05 lr: 1.1047e-05  eta: 2:00:39  time: 1.0435  data_time: 0.0071  memory: 27004  grad_norm: 584.9597  loss: 96.3810  loss_cls: 38.4469  loss_bbox: 26.4131  loss_dfl: 31.5210
07/08 03:14:56 - mmengine - INFO - Exp name: wedetect_reorg_v11dt_s3_20260708_030347
07/08 03:14:56 - mmengine - INFO - Saving checkpoint at 1 epochs
07/08 03:15:55 - mmengine - INFO - Epoch(train)  [2][ 50/628]  base_lr: 1.2343e-05 lr: 1.2343e-05  eta: 1:59:24  time: 1.0611  data_time: 0.0266  memory: 27350  grad_norm: 582.3992  loss: 98.7715  loss_cls: 39.2051  loss_bbox: 27.3923  loss_dfl: 32.1742
07/08 03:16:47 - mmengine - INFO - Epoch(train)  [2][100/628]  base_lr: 1.3157e-05 lr: 1.3157e-05  eta: 1:58:33  time: 1.0462  data_time: 0.0071  memory: 26931  grad_norm: 540.5011  loss: 94.8258  loss_cls: 37.1584  loss_bbox: 26.2905  loss_dfl: 31.3769
07/08 03:17:39 - mmengine - INFO - Epoch(train)  [2][150/628]  base_lr: 1.3957e-05 lr: 1.3957e-05  eta: 1:57:37  time: 1.0370  data_time: 0.0071  memory: 27170  grad_norm: 541.6487  loss: 98.9654  loss_cls: 38.6936  loss_bbox: 28.0396  loss_dfl: 32.2322
07/08 03:18:32 - mmengine - INFO - Epoch(train)  [2][200/628]  base_lr: 1.4744e-05 lr: 1.4744e-05  eta: 1:56:46  time: 1.0471  data_time: 0.0070  memory: 26797  grad_norm: 574.0581  loss: 95.9989  loss_cls: 37.0428  loss_bbox: 27.0696  loss_dfl: 31.8864
07/08 03:19:24 - mmengine - INFO - Epoch(train)  [2][250/628]  base_lr: 1.5518e-05 lr: 1.5518e-05  eta: 1:55:55  time: 1.0484  data_time: 0.0070  memory: 26917  grad_norm: 515.1821  loss: 94.4256  loss_cls: 35.6781  loss_bbox: 26.9524  loss_dfl: 31.7952
07/08 03:20:16 - mmengine - INFO - Epoch(train)  [2][300/628]  base_lr: 1.6279e-05 lr: 1.6279e-05  eta: 1:55:00  time: 1.0379  data_time: 0.0071  memory: 27044  grad_norm: 522.2826  loss: 94.2770  loss_cls: 36.3457  loss_bbox: 26.2918  loss_dfl: 31.6395
07/08 03:21:08 - mmengine - INFO - Epoch(train)  [2][350/628]  base_lr: 1.7026e-05 lr: 1.7026e-05  eta: 1:54:10  time: 1.0484  data_time: 0.0072  memory: 26764  grad_norm: 544.7508  loss: 93.4174  loss_cls: 35.5768  loss_bbox: 26.2932  loss_dfl: 31.5474
07/08 03:21:31 - mmengine - INFO - Exp name: wedetect_reorg_v11dt_s3_20260708_030347
07/08 03:22:00 - mmengine - INFO - Epoch(train)  [2][400/628]  base_lr: 1.7277e-05 lr: 1.7277e-05  eta: 1:53:16  time: 1.0414  data_time: 0.0063  memory: 26831  grad_norm: 549.7841  loss: 95.0517  loss_cls: 35.5253  loss_bbox: 27.5930  loss_dfl: 31.9334
07/08 03:22:53 - mmengine - INFO - Epoch(train)  [2][450/628]  base_lr: 1.7144e-05 lr: 1.7144e-05  eta: 1:52:23  time: 1.0416  data_time: 0.0057  memory: 26917  grad_norm: 578.3390  loss: 93.9977  loss_cls: 35.0719  loss_bbox: 26.9774  loss_dfl: 31.9484
07/08 03:23:45 - mmengine - INFO - Epoch(train)  [2][500/628]  base_lr: 1.7012e-05 lr: 1.7012e-05  eta: 1:51:32  time: 1.0460  data_time: 0.0056  memory: 27030  grad_norm: 543.2083  loss: 93.0231  loss_cls: 35.4364  loss_bbox: 26.1709  loss_dfl: 31.4158
07/08 03:24:37 - mmengine - INFO - Epoch(train)  [2][550/628]  base_lr: 1.6879e-05 lr: 1.6879e-05  eta: 1:50:39  time: 1.0413  data_time: 0.0055  memory: 26884  grad_norm: 524.6976  loss: 93.0876  loss_cls: 34.8312  loss_bbox: 26.6545  loss_dfl: 31.6019
07/08 03:25:29 - mmengine - INFO - Epoch(train)  [2][600/628]  base_lr: 1.6746e-05 lr: 1.6746e-05  eta: 1:49:46  time: 1.0408  data_time: 0.0056  memory: 26711  grad_norm: 540.2514  loss: 92.3807  loss_cls: 34.6598  loss_bbox: 26.4352  loss_dfl: 31.2858
07/08 03:25:58 - mmengine - INFO - Exp name: wedetect_reorg_v11dt_s3_20260708_030347
07/08 03:25:58 - mmengine - INFO - Saving checkpoint at 2 epochs
07/08 03:26:07 - mmengine - INFO - Epoch(val)  [2][ 50/757]    eta: 0:00:44  time: 0.0631  data_time: 0.0192  memory: 26758  
07/08 03:26:09 - mmengine - INFO - Epoch(val)  [2][100/757]    eta: 0:00:34  time: 0.0433  data_time: 0.0003  memory: 3480  
07/08 03:26:13 - mmengine - INFO - Epoch(val)  [2][150/757]    eta: 0:00:34  time: 0.0647  data_time: 0.0219  memory: 3480  
07/08 03:26:15 - mmengine - INFO - Epoch(val)  [2][200/757]    eta: 0:00:30  time: 0.0497  data_time: 0.0071  memory: 3480  
07/08 03:26:17 - mmengine - INFO - Epoch(val)  [2][250/757]    eta: 0:00:26  time: 0.0426  data_time: 0.0002  memory: 3480  
07/08 03:26:20 - mmengine - INFO - Epoch(val)  [2][300/757]    eta: 0:00:23  time: 0.0444  data_time: 0.0015  memory: 3480  
07/08 03:26:22 - mmengine - INFO - Epoch(val)  [2][350/757]    eta: 0:00:20  time: 0.0427  data_time: 0.0002  memory: 3480  
07/08 03:26:24 - mmengine - INFO - Epoch(val)  [2][400/757]    eta: 0:00:17  time: 0.0426  data_time: 0.0002  memory: 3480  
07/08 03:26:26 - mmengine - INFO - Epoch(val)  [2][450/757]    eta: 0:00:14  time: 0.0430  data_time: 0.0002  memory: 3480  
07/08 03:26:28 - mmengine - INFO - Epoch(val)  [2][500/757]    eta: 0:00:12  time: 0.0470  data_time: 0.0045  memory: 3480  
07/08 03:26:30 - mmengine - INFO - Epoch(val)  [2][550/757]    eta: 0:00:09  time: 0.0430  data_time: 0.0002  memory: 3480  
07/08 03:26:33 - mmengine - INFO - Epoch(val)  [2][600/757]    eta: 0:00:07  time: 0.0429  data_time: 0.0002  memory: 3480  
07/08 03:26:35 - mmengine - INFO - Epoch(val)  [2][650/757]    eta: 0:00:05  time: 0.0432  data_time: 0.0002  memory: 3480  
07/08 03:26:37 - mmengine - INFO - Epoch(val)  [2][700/757]    eta: 0:00:02  time: 0.0428  data_time: 0.0002  memory: 3480  
07/08 03:26:39 - mmengine - INFO - Epoch(val)  [2][750/757]    eta: 0:00:00  time: 0.0425  data_time: 0.0002  memory: 3480  
07/08 03:26:45 - mmengine - INFO - Evaluating bbox...
Loading and preparing results...
DONE (t=1.38s)
creating index...
index created!
Running per image evaluation...
Evaluate annotation type *bbox*
DONE (t=18.54s).
Accumulating evaluation results...
DONE (t=6.96s).
 Average Precision  (AP) @[ IoU=0.50:0.95 | area=   all | maxDets=100 ] = 0.413
 Average Precision  (AP) @[ IoU=0.50      | area=   all | maxDets=1000 ] = 0.519
 Average Precision  (AP) @[ IoU=0.75      | area=   all | maxDets=1000 ] = 0.468
 Average Precision  (AP) @[ IoU=0.50:0.95 | area= small | maxDets=1000 ] = 0.311
 Average Precision  (AP) @[ IoU=0.50:0.95 | area=medium | maxDets=1000 ] = 0.388
 Average Precision  (AP) @[ IoU=0.50:0.95 | area= large | maxDets=1000 ] = 0.505
 Average Recall     (AR) @[ IoU=0.50:0.95 | area=   all | maxDets=100 ] = 0.738
 Average Recall     (AR) @[ IoU=0.50:0.95 | area=   all | maxDets=300 ] = 0.738
 Average Recall     (AR) @[ IoU=0.50:0.95 | area=   all | maxDets=1000 ] = 0.738
 Average Recall     (AR) @[ IoU=0.50:0.95 | area= small | maxDets=1000 ] = 0.607
 Average Recall     (AR) @[ IoU=0.50:0.95 | area=medium | maxDets=1000 ] = 0.716
 Average Recall     (AR) @[ IoU=0.50:0.95 | area= large | maxDets=1000 ] = 0.813
07/08 03:27:14 - mmengine - INFO - bbox_mAP_copypaste: 0.413 0.519 0.468 0.311 0.388 0.505
07/08 03:27:15 - mmengine - INFO - Epoch(val) [2][757/757]    coco/bbox_mAP: 0.4130  coco/bbox_mAP_50: 0.5190  coco/bbox_mAP_75: 0.4680  coco/bbox_mAP_s: 0.3110  coco/bbox_mAP_m: 0.3880  coco/bbox_mAP_l: 0.5050  data_time: 0.0037  time: 0.0465
07/08 03:27:17 - mmengine - INFO - The best checkpoint with 0.4130 coco/bbox_mAP at 2 epoch is saved to best_coco_bbox_mAP_epoch_2.pth.
07/08 03:28:15 - mmengine - INFO - Epoch(train)  [3][ 50/628]  base_lr: 1.6540e-05 lr: 1.6540e-05  eta: 1:48:22  time: 1.0360  data_time: 0.0164  memory: 26897  grad_norm: 576.1461  loss: 92.5470  loss_cls: 33.7080  loss_bbox: 27.0579  loss_dfl: 31.7812
07/08 03:29:07 - mmengine - INFO - Epoch(train)  [3][100/628]  base_lr: 1.6407e-05 lr: 1.6407e-05  eta: 1:47:28  time: 1.0349  data_time: 0.0056  memory: 26751  grad_norm: 492.7940  loss: 92.7296  loss_cls: 34.5893  loss_bbox: 26.5624  loss_dfl: 31.5779
07/08 03:29:59 - mmengine - INFO - Epoch(train)  [3][150/628]  base_lr: 1.6274e-05 lr: 1.6274e-05  eta: 1:46:34  time: 1.0347  data_time: 0.0059  memory: 27004  grad_norm: 534.3739  loss: 91.4646  loss_cls: 34.0605  loss_bbox: 26.0448  loss_dfl: 31.3593
07/08 03:30:50 - mmengine - INFO - Epoch(train)  [3][200/628]  base_lr: 1.6142e-05 lr: 1.6142e-05  eta: 1:45:40  time: 1.0363  data_time: 0.0057  memory: 27044  grad_norm: 518.6978  loss: 91.7915  loss_cls: 33.8704  loss_bbox: 26.4493  loss_dfl: 31.4718
07/08 03:31:43 - mmengine - INFO - Epoch(train)  [3][250/628]  base_lr: 1.6009e-05 lr: 1.6009e-05  eta: 1:44:48  time: 1.0424  data_time: 0.0058  memory: 26744  grad_norm: 493.0333  loss: 91.5325  loss_cls: 33.6169  loss_bbox: 26.3605  loss_dfl: 31.5551
07/08 03:32:34 - mmengine - INFO - Epoch(train)  [3][300/628]  base_lr: 1.5877e-05 lr: 1.5877e-05  eta: 1:43:54  time: 1.0335  data_time: 0.0057  memory: 26897  grad_norm: 492.5885  loss: 94.0030  loss_cls: 34.4491  loss_bbox: 27.5417  loss_dfl: 32.0121
07/08 03:33:26 - mmengine - INFO - Epoch(train)  [3][350/628]  base_lr: 1.5744e-05 lr: 1.5744e-05  eta: 1:43:03  time: 1.0456  data_time: 0.0055  memory: 26884  grad_norm: 493.2593  loss: 91.2371  loss_cls: 33.2432  loss_bbox: 26.4757  loss_dfl: 31.5182
07/08 03:34:19 - mmengine - INFO - Epoch(train)  [3][400/628]  base_lr: 1.5612e-05 lr: 1.5612e-05  eta: 1:42:11  time: 1.0449  data_time: 0.0057  memory: 26831  grad_norm: 493.5306  loss: 90.5898  loss_cls: 32.8419  loss_bbox: 26.3556  loss_dfl: 31.3922
07/08 03:35:10 - mmengine - INFO - Epoch(train)  [3][450/628]  base_lr: 1.5479e-05 lr: 1.5479e-05  eta: 1:41:17  time: 1.0338  data_time: 0.0058  memory: 26911  grad_norm: 502.2887  loss: 89.6200  loss_cls: 33.1712  loss_bbox: 25.4753  loss_dfl: 30.9735
07/08 03:36:03 - mmengine - INFO - Epoch(train)  [3][500/628]  base_lr: 1.5346e-05 lr: 1.5346e-05  eta: 1:40:25  time: 1.0447  data_time: 0.0056  memory: 26724  grad_norm: 464.6853  loss: 89.9137  loss_cls: 32.8340  loss_bbox: 25.7492  loss_dfl: 31.3305
07/08 03:36:55 - mmengine - INFO - Epoch(train)  [3][550/628]  base_lr: 1.5214e-05 lr: 1.5214e-05  eta: 1:39:33  time: 1.0430  data_time: 0.0056  memory: 26791  grad_norm: 489.3827  loss: 89.7838  loss_cls: 32.9265  loss_bbox: 25.6334  loss_dfl: 31.2239
07/08 03:37:47 - mmengine - INFO - Epoch(train)  [3][600/628]  base_lr: 1.5081e-05 lr: 1.5081e-05  eta: 1:38:40  time: 1.0347  data_time: 0.0058  memory: 26951  grad_norm: 480.6164  loss: 91.1149  loss_cls: 33.3097  loss_bbox: 26.1121  loss_dfl: 31.6931
07/08 03:38:16 - mmengine - INFO - Exp name: wedetect_reorg_v11dt_s3_20260708_030347
07/08 03:38:16 - mmengine - INFO - Saving checkpoint at 3 epochs
07/08 03:39:14 - mmengine - INFO - Epoch(train)  [4][ 50/628]  base_lr: 1.4874e-05 lr: 1.4874e-05  eta: 1:37:20  time: 1.0424  data_time: 0.0197  memory: 27071  grad_norm: 505.3023  loss: 90.8198  loss_cls: 33.2153  loss_bbox: 26.1739  loss_dfl: 31.4305
07/08 03:40:07 - mmengine - INFO - Epoch(train)  [4][100/628]  base_lr: 1.4742e-05 lr: 1.4742e-05  eta: 1:36:28  time: 1.0467  data_time: 0.0055  memory: 26844  grad_norm: 497.3161  loss: 88.3238  loss_cls: 32.1660  loss_bbox: 25.3220  loss_dfl: 30.8357
07/08 03:40:23 - mmengine - INFO - Exp name: wedetect_reorg_v11dt_s3_20260708_030347
07/08 03:40:59 - mmengine - INFO - Epoch(train)  [4][150/628]  base_lr: 1.4609e-05 lr: 1.4609e-05  eta: 1:35:36  time: 1.0396  data_time: 0.0055  memory: 27004  grad_norm: 512.0722  loss: 90.6148  loss_cls: 32.5007  loss_bbox: 26.4157  loss_dfl: 31.6984
07/08 03:41:51 - mmengine - INFO - Epoch(train)  [4][200/628]  base_lr: 1.4477e-05 lr: 1.4477e-05  eta: 1:34:43  time: 1.0372  data_time: 0.0057  memory: 26737  grad_norm: 517.3874  loss: 90.4257  loss_cls: 33.0128  loss_bbox: 26.2301  loss_dfl: 31.1829
07/08 03:42:43 - mmengine - INFO - Epoch(train)  [4][250/628]  base_lr: 1.4344e-05 lr: 1.4344e-05  eta: 1:33:51  time: 1.0484  data_time: 0.0056  memory: 26804  grad_norm: 479.7961  loss: 88.9697  loss_cls: 31.8780  loss_bbox: 25.8297  loss_dfl: 31.2620
07/08 03:43:35 - mmengine - INFO - Epoch(train)  [4][300/628]  base_lr: 1.4212e-05 lr: 1.4212e-05  eta: 1:32:58  time: 1.0363  data_time: 0.0058  memory: 26897  grad_norm: 541.4009  loss: 91.5083  loss_cls: 33.1788  loss_bbox: 26.9554  loss_dfl: 31.3741
07/08 03:44:27 - mmengine - INFO - Epoch(train)  [4][350/628]  base_lr: 1.4079e-05 lr: 1.4079e-05  eta: 1:32:07  time: 1.0447  data_time: 0.0056  memory: 27164  grad_norm: 495.3237  loss: 90.3378  loss_cls: 32.0199  loss_bbox: 26.4312  loss_dfl: 31.8867
07/08 03:45:19 - mmengine - INFO - Epoch(train)  [4][400/628]  base_lr: 1.3946e-05 lr: 1.3946e-05  eta: 1:31:15  time: 1.0474  data_time: 0.0055  memory: 26871  grad_norm: 481.7276  loss: 89.4924  loss_cls: 31.7701  loss_bbox: 26.0929  loss_dfl: 31.6294
07/08 03:46:11 - mmengine - INFO - Epoch(train)  [4][450/628]  base_lr: 1.3814e-05 lr: 1.3814e-05  eta: 1:30:22  time: 1.0338  data_time: 0.0056  memory: 26877  grad_norm: 488.4887  loss: 87.8677  loss_cls: 31.4412  loss_bbox: 25.6264  loss_dfl: 30.8001
07/08 03:47:03 - mmengine - INFO - Epoch(train)  [4][500/628]  base_lr: 1.3681e-05 lr: 1.3681e-05  eta: 1:29:30  time: 1.0468  data_time: 0.0056  memory: 26857  grad_norm: 508.4244  loss: 89.0928  loss_cls: 32.1347  loss_bbox: 25.7855  loss_dfl: 31.1726
07/08 03:47:56 - mmengine - INFO - Epoch(train)  [4][550/628]  base_lr: 1.3549e-05 lr: 1.3549e-05  eta: 1:28:39  time: 1.0494  data_time: 0.0056  memory: 26964  grad_norm: 518.1029  loss: 90.0909  loss_cls: 32.0299  loss_bbox: 26.3575  loss_dfl: 31.7035
07/08 03:48:48 - mmengine - INFO - Epoch(train)  [4][600/628]  base_lr: 1.3416e-05 lr: 1.3416e-05  eta: 1:27:46  time: 1.0325  data_time: 0.0056  memory: 26904  grad_norm: 484.4414  loss: 88.3649  loss_cls: 31.7779  loss_bbox: 25.6354  loss_dfl: 30.9516
07/08 03:49:17 - mmengine - INFO - Exp name: wedetect_reorg_v11dt_s3_20260708_030347
07/08 03:49:17 - mmengine - INFO - Saving checkpoint at 4 epochs
07/08 03:49:26 - mmengine - INFO - Epoch(val)  [4][ 50/757]    eta: 0:00:42  time: 0.0599  data_time: 0.0167  memory: 26731  
07/08 03:49:29 - mmengine - INFO - Epoch(val)  [4][100/757]    eta: 0:00:33  time: 0.0434  data_time: 0.0003  memory: 3480  
07/08 03:49:32 - mmengine - INFO - Epoch(val)  [4][150/757]    eta: 0:00:33  time: 0.0641  data_time: 0.0214  memory: 3480  
07/08 03:49:34 - mmengine - INFO - Epoch(val)  [4][200/757]    eta: 0:00:30  time: 0.0486  data_time: 0.0062  memory: 3480  
07/08 03:49:36 - mmengine - INFO - Epoch(val)  [4][250/757]    eta: 0:00:26  time: 0.0426  data_time: 0.0002  memory: 3480  
07/08 03:49:39 - mmengine - INFO - Epoch(val)  [4][300/757]    eta: 0:00:23  time: 0.0445  data_time: 0.0019  memory: 3480  
07/08 03:49:41 - mmengine - INFO - Epoch(val)  [4][350/757]    eta: 0:00:20  time: 0.0432  data_time: 0.0003  memory: 3480  
07/08 03:49:43 - mmengine - INFO - Epoch(val)  [4][400/757]    eta: 0:00:17  time: 0.0430  data_time: 0.0002  memory: 3480  
07/08 03:49:45 - mmengine - INFO - Epoch(val)  [4][450/757]    eta: 0:00:14  time: 0.0428  data_time: 0.0002  memory: 3480  
07/08 03:49:47 - mmengine - INFO - Epoch(val)  [4][500/757]    eta: 0:00:12  time: 0.0477  data_time: 0.0046  memory: 3480  
07/08 03:49:50 - mmengine - INFO - Epoch(val)  [4][550/757]    eta: 0:00:09  time: 0.0430  data_time: 0.0002  memory: 3480  
07/08 03:49:52 - mmengine - INFO - Epoch(val)  [4][600/757]    eta: 0:00:07  time: 0.0432  data_time: 0.0002  memory: 3480  
07/08 03:49:54 - mmengine - INFO - Epoch(val)  [4][650/757]    eta: 0:00:05  time: 0.0434  data_time: 0.0003  memory: 3480  
07/08 03:49:56 - mmengine - INFO - Epoch(val)  [4][700/757]    eta: 0:00:02  time: 0.0427  data_time: 0.0002  memory: 3480  
07/08 03:49:58 - mmengine - INFO - Epoch(val)  [4][750/757]    eta: 0:00:00  time: 0.0426  data_time: 0.0002  memory: 3480  
07/08 03:50:03 - mmengine - INFO - Evaluating bbox...
Loading and preparing results...
DONE (t=0.82s)
creating index...
index created!
Running per image evaluation...
Evaluate annotation type *bbox*
DONE (t=16.88s).
Accumulating evaluation results...
DONE (t=5.89s).
 Average Precision  (AP) @[ IoU=0.50:0.95 | area=   all | maxDets=100 ] = 0.410
 Average Precision  (AP) @[ IoU=0.50      | area=   all | maxDets=1000 ] = 0.513
 Average Precision  (AP) @[ IoU=0.75      | area=   all | maxDets=1000 ] = 0.464
 Average Precision  (AP) @[ IoU=0.50:0.95 | area= small | maxDets=1000 ] = 0.313
 Average Precision  (AP) @[ IoU=0.50:0.95 | area=medium | maxDets=1000 ] = 0.395
 Average Precision  (AP) @[ IoU=0.50:0.95 | area= large | maxDets=1000 ] = 0.502
 Average Recall     (AR) @[ IoU=0.50:0.95 | area=   all | maxDets=100 ] = 0.745
 Average Recall     (AR) @[ IoU=0.50:0.95 | area=   all | maxDets=300 ] = 0.745
 Average Recall     (AR) @[ IoU=0.50:0.95 | area=   all | maxDets=1000 ] = 0.745
 Average Recall     (AR) @[ IoU=0.50:0.95 | area= small | maxDets=1000 ] = 0.612
 Average Recall     (AR) @[ IoU=0.50:0.95 | area=medium | maxDets=1000 ] = 0.723
 Average Recall     (AR) @[ IoU=0.50:0.95 | area= large | maxDets=1000 ] = 0.824
07/08 03:50:29 - mmengine - INFO - bbox_mAP_copypaste: 0.410 0.513 0.464 0.313 0.395 0.502
07/08 03:50:30 - mmengine - INFO - Epoch(val) [4][757/757]    coco/bbox_mAP: 0.4100  coco/bbox_mAP_50: 0.5130  coco/bbox_mAP_75: 0.4640  coco/bbox_mAP_s: 0.3130  coco/bbox_mAP_m: 0.3950  coco/bbox_mAP_l: 0.5020  data_time: 0.0035  time: 0.0463
07/08 03:51:22 - mmengine - INFO - Epoch(train)  [5][ 50/628]  base_lr: 1.3209e-05 lr: 1.3209e-05  eta: 1:26:26  time: 1.0476  data_time: 0.0202  memory: 26797  grad_norm: 481.0126  loss: 90.0345  loss_cls: 32.4454  loss_bbox: 25.9162  loss_dfl: 31.6729
07/08 03:52:14 - mmengine - INFO - Epoch(train)  [5][100/628]  base_lr: 1.3077e-05 lr: 1.3077e-05  eta: 1:25:32  time: 1.0311  data_time: 0.0058  memory: 27031  grad_norm: 491.7457  loss: 89.7573  loss_cls: 31.8970  loss_bbox: 26.1421  loss_dfl: 31.7182
07/08 03:53:05 - mmengine - INFO - Epoch(train)  [5][150/628]  base_lr: 1.2944e-05 lr: 1.2944e-05  eta: 1:24:39  time: 1.0335  data_time: 0.0056  memory: 26831  grad_norm: 484.2211  loss: 88.8123  loss_cls: 31.1477  loss_bbox: 26.0237  loss_dfl: 31.6409
07/08 03:53:57 - mmengine - INFO - Epoch(train)  [5][200/628]  base_lr: 1.2811e-05 lr: 1.2811e-05  eta: 1:23:46  time: 1.0294  data_time: 0.0055  memory: 26871  grad_norm: 493.0071  loss: 87.0060  loss_cls: 30.8527  loss_bbox: 25.0863  loss_dfl: 31.0669
07/08 03:54:49 - mmengine - INFO - Epoch(train)  [5][250/628]  base_lr: 1.2679e-05 lr: 1.2679e-05  eta: 1:22:53  time: 1.0337  data_time: 0.0056  memory: 26864  grad_norm: 503.3784  loss: 90.1996  loss_cls: 32.1991  loss_bbox: 26.3720  loss_dfl: 31.6285
07/08 03:55:40 - mmengine - INFO - Epoch(train)  [5][300/628]  base_lr: 1.2546e-05 lr: 1.2546e-05  eta: 1:22:01  time: 1.0329  data_time: 0.0055  memory: 26957  grad_norm: 475.6497  loss: 89.5954  loss_cls: 32.0552  loss_bbox: 26.1636  loss_dfl: 31.3766
07/08 03:56:32 - mmengine - INFO - Epoch(train)  [5][350/628]  base_lr: 1.2414e-05 lr: 1.2414e-05  eta: 1:21:08  time: 1.0370  data_time: 0.0056  memory: 26951  grad_norm: 460.3972  loss: 88.0680  loss_cls: 31.0153  loss_bbox: 25.9084  loss_dfl: 31.1443
07/08 03:57:24 - mmengine - INFO - Epoch(train)  [5][400/628]  base_lr: 1.2281e-05 lr: 1.2281e-05  eta: 1:20:15  time: 1.0330  data_time: 0.0056  memory: 26991  grad_norm: 488.3954  loss: 90.5211  loss_cls: 32.2250  loss_bbox: 26.5719  loss_dfl: 31.7242
07/08 03:58:16 - mmengine - INFO - Epoch(train)  [5][450/628]  base_lr: 1.2149e-05 lr: 1.2149e-05  eta: 1:19:23  time: 1.0366  data_time: 0.0055  memory: 26684  grad_norm: 473.6474  loss: 88.8935  loss_cls: 31.4724  loss_bbox: 26.0901  loss_dfl: 31.3310
07/08 03:58:55 - mmengine - INFO - Exp name: wedetect_reorg_v11dt_s3_20260708_030347
07/08 03:59:08 - mmengine - INFO - Epoch(train)  [5][500/628]  base_lr: 1.2016e-05 lr: 1.2016e-05  eta: 1:18:31  time: 1.0388  data_time: 0.0056  memory: 27037  grad_norm: 477.1452  loss: 88.1150  loss_cls: 30.9386  loss_bbox: 25.7207  loss_dfl: 31.4557
07/08 03:59:59 - mmengine - INFO - Epoch(train)  [5][550/628]  base_lr: 1.1883e-05 lr: 1.1883e-05  eta: 1:17:38  time: 1.0336  data_time: 0.0057  memory: 26737  grad_norm: 488.8009  loss: 88.8077  loss_cls: 31.6542  loss_bbox: 25.4543  loss_dfl: 31.6992
07/08 04:00:51 - mmengine - INFO - Epoch(train)  [5][600/628]  base_lr: 1.1751e-05 lr: 1.1751e-05  eta: 1:16:46  time: 1.0407  data_time: 0.0056  memory: 27051  grad_norm: 504.1222  loss: 89.7038  loss_cls: 31.4286  loss_bbox: 26.4778  loss_dfl: 31.7974
07/08 04:01:20 - mmengine - INFO - Exp name: wedetect_reorg_v11dt_s3_20260708_030347
07/08 04:01:20 - mmengine - INFO - Saving checkpoint at 5 epochs
07/08 04:02:19 - mmengine - INFO - Epoch(train)  [6][ 50/628]  base_lr: 1.1544e-05 lr: 1.1544e-05  eta: 1:15:25  time: 1.0504  data_time: 0.0225  memory: 27184  grad_norm: 460.9652  loss: 89.1131  loss_cls: 31.9417  loss_bbox: 25.7409  loss_dfl: 31.4304
07/08 04:03:11 - mmengine - INFO - Epoch(train)  [6][100/628]  base_lr: 1.1411e-05 lr: 1.1411e-05  eta: 1:14:32  time: 1.0320  data_time: 0.0056  memory: 26731  grad_norm: 486.5479  loss: 89.1031  loss_cls: 32.0233  loss_bbox: 25.7074  loss_dfl: 31.3724
07/08 04:04:02 - mmengine - INFO - Epoch(train)  [6][150/628]  base_lr: 1.1279e-05 lr: 1.1279e-05  eta: 1:13:40  time: 1.0366  data_time: 0.0056  memory: 26964  grad_norm: 465.3822  loss: 85.5222  loss_cls: 29.8238  loss_bbox: 24.8990  loss_dfl: 30.7994
07/08 04:04:54 - mmengine - INFO - Epoch(train)  [6][200/628]  base_lr: 1.1146e-05 lr: 1.1146e-05  eta: 1:12:47  time: 1.0333  data_time: 0.0056  memory: 27004  grad_norm: 519.4777  loss: 88.5298  loss_cls: 31.4489  loss_bbox: 25.7624  loss_dfl: 31.3185
07/08 04:05:46 - mmengine - INFO - Epoch(train)  [6][250/628]  base_lr: 1.1014e-05 lr: 1.1014e-05  eta: 1:11:55  time: 1.0374  data_time: 0.0056  memory: 27104  grad_norm: 473.8896  loss: 87.8631  loss_cls: 30.6779  loss_bbox: 25.6147  loss_dfl: 31.5705
07/08 04:06:38 - mmengine - INFO - Epoch(train)  [6][300/628]  base_lr: 1.0881e-05 lr: 1.0881e-05  eta: 1:11:03  time: 1.0358  data_time: 0.0056  memory: 27091  grad_norm: 453.0108  loss: 88.3823  loss_cls: 30.9364  loss_bbox: 25.8902  loss_dfl: 31.5557
07/08 04:07:30 - mmengine - INFO - Epoch(train)  [6][350/628]  base_lr: 1.0748e-05 lr: 1.0748e-05  eta: 1:10:11  time: 1.0374  data_time: 0.0056  memory: 26897  grad_norm: 542.2386  loss: 89.5992  loss_cls: 31.7973  loss_bbox: 25.9914  loss_dfl: 31.8106
07/08 04:08:21 - mmengine - INFO - Epoch(train)  [6][400/628]  base_lr: 1.0616e-05 lr: 1.0616e-05  eta: 1:09:18  time: 1.0376  data_time: 0.0057  memory: 26891  grad_norm: 488.3481  loss: 87.5814  loss_cls: 31.2566  loss_bbox: 25.5249  loss_dfl: 30.7998
07/08 04:09:13 - mmengine - INFO - Epoch(train)  [6][450/628]  base_lr: 1.0483e-05 lr: 1.0483e-05  eta: 1:08:26  time: 1.0346  data_time: 0.0057  memory: 26784  grad_norm: 499.6039  loss: 86.2608  loss_cls: 30.6265  loss_bbox: 24.5461  loss_dfl: 31.0882
07/08 04:10:05 - mmengine - INFO - Epoch(train)  [6][500/628]  base_lr: 1.0351e-05 lr: 1.0351e-05  eta: 1:07:34  time: 1.0387  data_time: 0.0056  memory: 26931  grad_norm: 502.3317  loss: 86.5296  loss_cls: 30.4536  loss_bbox: 25.0186  loss_dfl: 31.0574
07/08 04:10:57 - mmengine - INFO - Epoch(train)  [6][550/628]  base_lr: 1.0218e-05 lr: 1.0218e-05  eta: 1:06:41  time: 1.0354  data_time: 0.0058  memory: 27211  grad_norm: 457.5078  loss: 86.1950  loss_cls: 30.1927  loss_bbox: 24.7539  loss_dfl: 31.2484
07/08 04:11:49 - mmengine - INFO - Epoch(train)  [6][600/628]  base_lr: 1.0086e-05 lr: 1.0086e-05  eta: 1:05:49  time: 1.0390  data_time: 0.0056  memory: 26851  grad_norm: 496.3789  loss: 85.5600  loss_cls: 29.8125  loss_bbox: 24.6467  loss_dfl: 31.1009
07/08 04:12:18 - mmengine - INFO - Exp name: wedetect_reorg_v11dt_s3_20260708_030347
07/08 04:12:18 - mmengine - INFO - Saving checkpoint at 6 epochs
07/08 04:12:27 - mmengine - INFO - Epoch(val)  [6][ 50/757]    eta: 0:00:42  time: 0.0594  data_time: 0.0167  memory: 26651  
07/08 04:12:29 - mmengine - INFO - Epoch(val)  [6][100/757]    eta: 0:00:33  time: 0.0436  data_time: 0.0003  memory: 3480  
07/08 04:12:32 - mmengine - INFO - Epoch(val)  [6][150/757]    eta: 0:00:33  time: 0.0638  data_time: 0.0209  memory: 3480  
07/08 04:12:35 - mmengine - INFO - Epoch(val)  [6][200/757]    eta: 0:00:30  time: 0.0488  data_time: 0.0059  memory: 3480  
07/08 04:12:37 - mmengine - INFO - Epoch(val)  [6][250/757]    eta: 0:00:26  time: 0.0428  data_time: 0.0002  memory: 3480  
07/08 04:12:39 - mmengine - INFO - Epoch(val)  [6][300/757]    eta: 0:00:23  time: 0.0446  data_time: 0.0016  memory: 3480  
07/08 04:12:41 - mmengine - INFO - Epoch(val)  [6][350/757]    eta: 0:00:20  time: 0.0434  data_time: 0.0003  memory: 3480  
07/08 04:12:43 - mmengine - INFO - Epoch(val)  [6][400/757]    eta: 0:00:17  time: 0.0430  data_time: 0.0002  memory: 3480  
07/08 04:12:45 - mmengine - INFO - Epoch(val)  [6][450/757]    eta: 0:00:14  time: 0.0431  data_time: 0.0002  memory: 3480  
07/08 04:12:48 - mmengine - INFO - Epoch(val)  [6][500/757]    eta: 0:00:12  time: 0.0471  data_time: 0.0044  memory: 3480  
07/08 04:12:50 - mmengine - INFO - Epoch(val)  [6][550/757]    eta: 0:00:09  time: 0.0432  data_time: 0.0003  memory: 3480  
07/08 04:12:52 - mmengine - INFO - Epoch(val)  [6][600/757]    eta: 0:00:07  time: 0.0432  data_time: 0.0002  memory: 3480  
07/08 04:12:54 - mmengine - INFO - Epoch(val)  [6][650/757]    eta: 0:00:05  time: 0.0433  data_time: 0.0002  memory: 3480  
07/08 04:12:56 - mmengine - INFO - Epoch(val)  [6][700/757]    eta: 0:00:02  time: 0.0430  data_time: 0.0002  memory: 3480  
07/08 04:12:59 - mmengine - INFO - Epoch(val)  [6][750/757]    eta: 0:00:00  time: 0.0429  data_time: 0.0002  memory: 3480  
07/08 04:13:03 - mmengine - INFO - Evaluating bbox...
Loading and preparing results...
DONE (t=1.16s)
creating index...
index created!
Running per image evaluation...
Evaluate annotation type *bbox*
DONE (t=15.67s).
Accumulating evaluation results...
DONE (t=5.41s).
 Average Precision  (AP) @[ IoU=0.50:0.95 | area=   all | maxDets=100 ] = 0.429
 Average Precision  (AP) @[ IoU=0.50      | area=   all | maxDets=1000 ] = 0.535
 Average Precision  (AP) @[ IoU=0.75      | area=   all | maxDets=1000 ] = 0.485
 Average Precision  (AP) @[ IoU=0.50:0.95 | area= small | maxDets=1000 ] = 0.315
 Average Precision  (AP) @[ IoU=0.50:0.95 | area=medium | maxDets=1000 ] = 0.408
 Average Precision  (AP) @[ IoU=0.50:0.95 | area= large | maxDets=1000 ] = 0.517
 Average Recall     (AR) @[ IoU=0.50:0.95 | area=   all | maxDets=100 ] = 0.750
 Average Recall     (AR) @[ IoU=0.50:0.95 | area=   all | maxDets=300 ] = 0.751
 Average Recall     (AR) @[ IoU=0.50:0.95 | area=   all | maxDets=1000 ] = 0.751
 Average Recall     (AR) @[ IoU=0.50:0.95 | area= small | maxDets=1000 ] = 0.610
 Average Recall     (AR) @[ IoU=0.50:0.95 | area=medium | maxDets=1000 ] = 0.728
 Average Recall     (AR) @[ IoU=0.50:0.95 | area= large | maxDets=1000 ] = 0.827
07/08 04:13:27 - mmengine - INFO - bbox_mAP_copypaste: 0.429 0.535 0.485 0.315 0.408 0.517
07/08 04:13:28 - mmengine - INFO - Epoch(val) [6][757/757]    coco/bbox_mAP: 0.4290  coco/bbox_mAP_50: 0.5350  coco/bbox_mAP_75: 0.4850  coco/bbox_mAP_s: 0.3150  coco/bbox_mAP_m: 0.4080  coco/bbox_mAP_l: 0.5170  data_time: 0.0034  time: 0.0463
07/08 04:13:28 - mmengine - INFO - The previous best checkpoint /home/siyuan/projects/LLMs/OralDetect-Family/WeDetect_repro/WeDetect/work_dirs/reorg_v11dt_s3/best_coco_bbox_mAP_epoch_2.pth is removed
07/08 04:13:31 - mmengine - INFO - The best checkpoint with 0.4290 coco/bbox_mAP at 6 epoch is saved to best_coco_bbox_mAP_epoch_6.pth.
07/08 04:14:30 - mmengine - INFO - Epoch(train)  [7][ 50/628]  base_lr: 9.8787e-06 lr: 9.8787e-06  eta: 1:04:29  time: 1.0503  data_time: 0.0190  memory: 26897  grad_norm: 477.9214  loss: 87.0466  loss_cls: 31.0135  loss_bbox: 24.9050  loss_dfl: 31.1281
07/08 04:15:21 - mmengine - INFO - Epoch(train)  [7][100/628]  base_lr: 9.7462e-06 lr: 9.7462e-06  eta: 1:03:36  time: 1.0350  data_time: 0.0057  memory: 26977  grad_norm: 505.5639  loss: 89.0083  loss_cls: 31.1623  loss_bbox: 25.8899  loss_dfl: 31.9562
07/08 04:16:13 - mmengine - INFO - Epoch(train)  [7][150/628]  base_lr: 9.6136e-06 lr: 9.6136e-06  eta: 1:02:44  time: 1.0332  data_time: 0.0055  memory: 27077  grad_norm: 469.9150  loss: 87.5061  loss_cls: 30.7890  loss_bbox: 25.4798  loss_dfl: 31.2374
07/08 04:17:05 - mmengine - INFO - Epoch(train)  [7][200/628]  base_lr: 9.4810e-06 lr: 9.4810e-06  eta: 1:01:52  time: 1.0391  data_time: 0.0058  memory: 26811  grad_norm: 486.4490  loss: 87.4579  loss_cls: 30.3327  loss_bbox: 25.5980  loss_dfl: 31.5272
07/08 04:17:38 - mmengine - INFO - Exp name: wedetect_reorg_v11dt_s3_20260708_030347
07/08 04:17:57 - mmengine - INFO - Epoch(train)  [7][250/628]  base_lr: 9.3484e-06 lr: 9.3484e-06  eta: 1:01:00  time: 1.0369  data_time: 0.0056  memory: 26817  grad_norm: 478.7979  loss: 86.2950  loss_cls: 30.2743  loss_bbox: 25.0178  loss_dfl: 31.0029
07/08 04:18:49 - mmengine - INFO - Epoch(train)  [7][300/628]  base_lr: 9.2158e-06 lr: 9.2158e-06  eta: 1:00:07  time: 1.0364  data_time: 0.0056  memory: 26991  grad_norm: 518.4461  loss: 87.3871  loss_cls: 30.9531  loss_bbox: 25.2477  loss_dfl: 31.1863
07/08 04:19:41 - mmengine - INFO - Epoch(train)  [7][350/628]  base_lr: 9.0833e-06 lr: 9.0833e-06  eta: 0:59:15  time: 1.0396  data_time: 0.0057  memory: 26911  grad_norm: 492.6144  loss: 88.1917  loss_cls: 29.9474  loss_bbox: 26.4057  loss_dfl: 31.8385
07/08 04:20:33 - mmengine - INFO - Epoch(train)  [7][400/628]  base_lr: 8.9507e-06 lr: 8.9507e-06  eta: 0:58:23  time: 1.0427  data_time: 0.0055  memory: 26937  grad_norm: 481.1841  loss: 87.3649  loss_cls: 30.5236  loss_bbox: 25.5976  loss_dfl: 31.2437
07/08 04:21:24 - mmengine - INFO - Epoch(train)  [7][450/628]  base_lr: 8.8181e-06 lr: 8.8181e-06  eta: 0:57:31  time: 1.0362  data_time: 0.0055  memory: 26917  grad_norm: 479.3312  loss: 86.1503  loss_cls: 29.9989  loss_bbox: 25.2102  loss_dfl: 30.9412
07/08 04:22:17 - mmengine - INFO - Epoch(train)  [7][500/628]  base_lr: 8.6855e-06 lr: 8.6855e-06  eta: 0:56:39  time: 1.0428  data_time: 0.0055  memory: 27091  grad_norm: 484.0719  loss: 87.8253  loss_cls: 31.2830  loss_bbox: 25.5044  loss_dfl: 31.0379
07/08 04:23:08 - mmengine - INFO - Epoch(train)  [7][550/628]  base_lr: 8.5529e-06 lr: 8.5529e-06  eta: 0:55:47  time: 1.0367  data_time: 0.0055  memory: 26911  grad_norm: 539.3085  loss: 86.8317  loss_cls: 30.0209  loss_bbox: 25.6037  loss_dfl: 31.2071
07/08 04:24:00 - mmengine - INFO - Epoch(train)  [7][600/628]  base_lr: 8.4204e-06 lr: 8.4204e-06  eta: 0:54:55  time: 1.0399  data_time: 0.0055  memory: 26684  grad_norm: 608.2869  loss: 89.7767  loss_cls: 31.0664  loss_bbox: 26.5475  loss_dfl: 32.1627
07/08 04:24:29 - mmengine - INFO - Exp name: wedetect_reorg_v11dt_s3_20260708_030347
07/08 04:24:29 - mmengine - INFO - Saving checkpoint at 7 epochs
07/08 04:24:39 - mmengine - INFO - Epoch(val)  [7][ 50/757]    eta: 0:00:41  time: 0.0591  data_time: 0.0164  memory: 26984  
07/08 04:24:41 - mmengine - INFO - Epoch(val)  [7][100/757]    eta: 0:00:33  time: 0.0435  data_time: 0.0003  memory: 3480  
07/08 04:24:44 - mmengine - INFO - Epoch(val)  [7][150/757]    eta: 0:00:33  time: 0.0644  data_time: 0.0215  memory: 3480  
07/08 04:24:47 - mmengine - INFO - Epoch(val)  [7][200/757]    eta: 0:00:30  time: 0.0489  data_time: 0.0064  memory: 3480  
07/08 04:24:49 - mmengine - INFO - Epoch(val)  [7][250/757]    eta: 0:00:26  time: 0.0430  data_time: 0.0003  memory: 3480  
07/08 04:24:51 - mmengine - INFO - Epoch(val)  [7][300/757]    eta: 0:00:23  time: 0.0445  data_time: 0.0018  memory: 3480  
07/08 04:24:53 - mmengine - INFO - Epoch(val)  [7][350/757]    eta: 0:00:20  time: 0.0431  data_time: 0.0003  memory: 3480  
07/08 04:24:55 - mmengine - INFO - Epoch(val)  [7][400/757]    eta: 0:00:17  time: 0.0430  data_time: 0.0003  memory: 3480  
07/08 04:24:57 - mmengine - INFO - Epoch(val)  [7][450/757]    eta: 0:00:14  time: 0.0427  data_time: 0.0002  memory: 3480  
07/08 04:25:00 - mmengine - INFO - Epoch(val)  [7][500/757]    eta: 0:00:12  time: 0.0474  data_time: 0.0046  memory: 3480  
07/08 04:25:02 - mmengine - INFO - Epoch(val)  [7][550/757]    eta: 0:00:09  time: 0.0428  data_time: 0.0002  memory: 3480  
07/08 04:25:04 - mmengine - INFO - Epoch(val)  [7][600/757]    eta: 0:00:07  time: 0.0431  data_time: 0.0002  memory: 3480  
07/08 04:25:06 - mmengine - INFO - Epoch(val)  [7][650/757]    eta: 0:00:05  time: 0.0433  data_time: 0.0002  memory: 3480  
07/08 04:25:08 - mmengine - INFO - Epoch(val)  [7][700/757]    eta: 0:00:02  time: 0.0432  data_time: 0.0002  memory: 3480  
07/08 04:25:11 - mmengine - INFO - Epoch(val)  [7][750/757]    eta: 0:00:00  time: 0.0429  data_time: 0.0002  memory: 3480  
07/08 04:25:15 - mmengine - INFO - Evaluating bbox...
Loading and preparing results...
DONE (t=0.85s)
creating index...
index created!
Running per image evaluation...
Evaluate annotation type *bbox*
DONE (t=16.97s).
Accumulating evaluation results...
DONE (t=5.70s).
 Average Precision  (AP) @[ IoU=0.50:0.95 | area=   all | maxDets=100 ] = 0.442
 Average Precision  (AP) @[ IoU=0.50      | area=   all | maxDets=1000 ] = 0.547
 Average Precision  (AP) @[ IoU=0.75      | area=   all | maxDets=1000 ] = 0.499
 Average Precision  (AP) @[ IoU=0.50:0.95 | area= small | maxDets=1000 ] = 0.326
 Average Precision  (AP) @[ IoU=0.50:0.95 | area=medium | maxDets=1000 ] = 0.427
 Average Precision  (AP) @[ IoU=0.50:0.95 | area= large | maxDets=1000 ] = 0.534
 Average Recall     (AR) @[ IoU=0.50:0.95 | area=   all | maxDets=100 ] = 0.758
 Average Recall     (AR) @[ IoU=0.50:0.95 | area=   all | maxDets=300 ] = 0.758
 Average Recall     (AR) @[ IoU=0.50:0.95 | area=   all | maxDets=1000 ] = 0.758
 Average Recall     (AR) @[ IoU=0.50:0.95 | area= small | maxDets=1000 ] = 0.616
 Average Recall     (AR) @[ IoU=0.50:0.95 | area=medium | maxDets=1000 ] = 0.736
 Average Recall     (AR) @[ IoU=0.50:0.95 | area= large | maxDets=1000 ] = 0.836
07/08 04:25:41 - mmengine - INFO - bbox_mAP_copypaste: 0.442 0.547 0.499 0.326 0.427 0.534
07/08 04:25:41 - mmengine - INFO - Epoch(val) [7][757/757]    coco/bbox_mAP: 0.4420  coco/bbox_mAP_50: 0.5470  coco/bbox_mAP_75: 0.4990  coco/bbox_mAP_s: 0.3260  coco/bbox_mAP_m: 0.4270  coco/bbox_mAP_l: 0.5340  data_time: 0.0035  time: 0.0463
07/08 04:25:42 - mmengine - INFO - The previous best checkpoint /home/siyuan/projects/LLMs/OralDetect-Family/WeDetect_repro/WeDetect/work_dirs/reorg_v11dt_s3/best_coco_bbox_mAP_epoch_6.pth is removed
07/08 04:25:44 - mmengine - INFO - The best checkpoint with 0.4420 coco/bbox_mAP at 7 epoch is saved to best_coco_bbox_mAP_epoch_7.pth.
07/08 04:26:42 - mmengine - INFO - Epoch(train)  [8][ 50/628]  base_lr: 8.2135e-06 lr: 8.2135e-06  eta: 0:53:34  time: 1.0452  data_time: 0.0265  memory: 26751  grad_norm: 488.3699  loss: 85.8053  loss_cls: 29.0995  loss_bbox: 25.5290  loss_dfl: 31.1767
07/08 04:27:35 - mmengine - INFO - Epoch(train)  [8][100/628]  base_lr: 8.0809e-06 lr: 8.0809e-06  eta: 0:52:42  time: 1.0439  data_time: 0.0058  memory: 26677  grad_norm: 476.8415  loss: 86.7256  loss_cls: 30.3345  loss_bbox: 25.2371  loss_dfl: 31.1539
07/08 04:28:27 - mmengine - INFO - Epoch(train)  [8][150/628]  base_lr: 7.9484e-06 lr: 7.9484e-06  eta: 0:51:50  time: 1.0487  data_time: 0.0058  memory: 26831  grad_norm: 461.2381  loss: 86.0045  loss_cls: 29.8833  loss_bbox: 25.0195  loss_dfl: 31.1016
07/08 04:29:19 - mmengine - INFO - Epoch(train)  [8][200/628]  base_lr: 7.8158e-06 lr: 7.8158e-06  eta: 0:50:58  time: 1.0311  data_time: 0.0058  memory: 26824  grad_norm: 484.9970  loss: 86.5341  loss_cls: 30.2491  loss_bbox: 24.8693  loss_dfl: 31.4157
07/08 04:30:11 - mmengine - INFO - Epoch(train)  [8][250/628]  base_lr: 7.6832e-06 lr: 7.6832e-06  eta: 0:50:06  time: 1.0476  data_time: 0.0056  memory: 26784  grad_norm: 517.5073  loss: 87.5796  loss_cls: 31.0579  loss_bbox: 25.4056  loss_dfl: 31.1162
07/08 04:31:03 - mmengine - INFO - Epoch(train)  [8][300/628]  base_lr: 7.5506e-06 lr: 7.5506e-06  eta: 0:49:15  time: 1.0486  data_time: 0.0056  memory: 26717  grad_norm: 474.5773  loss: 85.9163  loss_cls: 29.5877  loss_bbox: 25.3215  loss_dfl: 31.0070
07/08 04:31:55 - mmengine - INFO - Epoch(train)  [8][350/628]  base_lr: 7.4180e-06 lr: 7.4180e-06  eta: 0:48:22  time: 1.0325  data_time: 0.0056  memory: 26657  grad_norm: 478.8301  loss: 84.9404  loss_cls: 28.8921  loss_bbox: 24.8797  loss_dfl: 31.1686
07/08 04:32:47 - mmengine - INFO - Epoch(train)  [8][400/628]  base_lr: 7.2855e-06 lr: 7.2855e-06  eta: 0:47:30  time: 1.0475  data_time: 0.0056  memory: 26784  grad_norm: 472.5828  loss: 86.1844  loss_cls: 29.3356  loss_bbox: 25.5248  loss_dfl: 31.3240
07/08 04:33:39 - mmengine - INFO - Epoch(train)  [8][450/628]  base_lr: 7.1529e-06 lr: 7.1529e-06  eta: 0:46:38  time: 1.0392  data_time: 0.0056  memory: 26857  grad_norm: 468.0691  loss: 85.1833  loss_cls: 29.2556  loss_bbox: 24.8969  loss_dfl: 31.0308
07/08 04:34:32 - mmengine - INFO - Epoch(train)  [8][500/628]  base_lr: 7.0203e-06 lr: 7.0203e-06  eta: 0:45:46  time: 1.0429  data_time: 0.0057  memory: 27091  grad_norm: 470.6750  loss: 87.3349  loss_cls: 30.4706  loss_bbox: 25.6691  loss_dfl: 31.1952
07/08 04:35:24 - mmengine - INFO - Epoch(train)  [8][550/628]  base_lr: 6.8877e-06 lr: 6.8877e-06  eta: 0:44:55  time: 1.0506  data_time: 0.0056  memory: 26837  grad_norm: 500.4106  loss: 86.3980  loss_cls: 29.2651  loss_bbox: 25.5873  loss_dfl: 31.5456
07/08 04:36:16 - mmengine - INFO - Epoch(train)  [8][600/628]  base_lr: 6.7551e-06 lr: 6.7551e-06  eta: 0:44:03  time: 1.0356  data_time: 0.0056  memory: 26924  grad_norm: 496.2922  loss: 86.9524  loss_cls: 30.5419  loss_bbox: 25.2528  loss_dfl: 31.1577
07/08 04:36:20 - mmengine - INFO - Exp name: wedetect_reorg_v11dt_s3_20260708_030347
07/08 04:36:46 - mmengine - INFO - Exp name: wedetect_reorg_v11dt_s3_20260708_030347
07/08 04:36:46 - mmengine - INFO - Saving checkpoint at 8 epochs
07/08 04:36:55 - mmengine - INFO - Epoch(val)  [8][ 50/757]    eta: 0:00:41  time: 0.0592  data_time: 0.0163  memory: 26758  
07/08 04:36:57 - mmengine - INFO - Epoch(val)  [8][100/757]    eta: 0:00:33  time: 0.0431  data_time: 0.0003  memory: 3480  
07/08 04:37:00 - mmengine - INFO - Epoch(val)  [8][150/757]    eta: 0:00:33  time: 0.0632  data_time: 0.0208  memory: 3480  
07/08 04:37:02 - mmengine - INFO - Epoch(val)  [8][200/757]    eta: 0:00:30  time: 0.0499  data_time: 0.0070  memory: 3480  
07/08 04:37:04 - mmengine - INFO - Epoch(val)  [8][250/757]    eta: 0:00:26  time: 0.0429  data_time: 0.0003  memory: 3480  
07/08 04:37:07 - mmengine - INFO - Epoch(val)  [8][300/757]    eta: 0:00:23  time: 0.0447  data_time: 0.0016  memory: 3480  
07/08 04:37:09 - mmengine - INFO - Epoch(val)  [8][350/757]    eta: 0:00:20  time: 0.0430  data_time: 0.0002  memory: 3480  
07/08 04:37:11 - mmengine - INFO - Epoch(val)  [8][400/757]    eta: 0:00:17  time: 0.0432  data_time: 0.0003  memory: 3480  
07/08 04:37:13 - mmengine - INFO - Epoch(val)  [8][450/757]    eta: 0:00:14  time: 0.0429  data_time: 0.0002  memory: 3480  
07/08 04:37:16 - mmengine - INFO - Epoch(val)  [8][500/757]    eta: 0:00:12  time: 0.0475  data_time: 0.0045  memory: 3480  
07/08 04:37:18 - mmengine - INFO - Epoch(val)  [8][550/757]    eta: 0:00:09  time: 0.0433  data_time: 0.0003  memory: 3480  
07/08 04:37:20 - mmengine - INFO - Epoch(val)  [8][600/757]    eta: 0:00:07  time: 0.0436  data_time: 0.0003  memory: 3480  
07/08 04:37:22 - mmengine - INFO - Epoch(val)  [8][650/757]    eta: 0:00:05  time: 0.0435  data_time: 0.0003  memory: 3480  
07/08 04:37:24 - mmengine - INFO - Epoch(val)  [8][700/757]    eta: 0:00:02  time: 0.0430  data_time: 0.0002  memory: 3480  
07/08 04:37:26 - mmengine - INFO - Epoch(val)  [8][750/757]    eta: 0:00:00  time: 0.0430  data_time: 0.0002  memory: 3480  
07/08 04:37:31 - mmengine - INFO - Evaluating bbox...
Loading and preparing results...
DONE (t=1.11s)
creating index...
index created!
Running per image evaluation...
Evaluate annotation type *bbox*
DONE (t=15.09s).
Accumulating evaluation results...
DONE (t=6.31s).
 Average Precision  (AP) @[ IoU=0.50:0.95 | area=   all | maxDets=100 ] = 0.437
 Average Precision  (AP) @[ IoU=0.50      | area=   all | maxDets=1000 ] = 0.543
 Average Precision  (AP) @[ IoU=0.75      | area=   all | maxDets=1000 ] = 0.494
 Average Precision  (AP) @[ IoU=0.50:0.95 | area= small | maxDets=1000 ] = 0.326
 Average Precision  (AP) @[ IoU=0.50:0.95 | area=medium | maxDets=1000 ] = 0.413
 Average Precision  (AP) @[ IoU=0.50:0.95 | area= large | maxDets=1000 ] = 0.528
 Average Recall     (AR) @[ IoU=0.50:0.95 | area=   all | maxDets=100 ] = 0.753
 Average Recall     (AR) @[ IoU=0.50:0.95 | area=   all | maxDets=300 ] = 0.753
 Average Recall     (AR) @[ IoU=0.50:0.95 | area=   all | maxDets=1000 ] = 0.753
 Average Recall     (AR) @[ IoU=0.50:0.95 | area= small | maxDets=1000 ] = 0.611
 Average Recall     (AR) @[ IoU=0.50:0.95 | area=medium | maxDets=1000 ] = 0.732
 Average Recall     (AR) @[ IoU=0.50:0.95 | area= large | maxDets=1000 ] = 0.830
07/08 04:37:55 - mmengine - INFO - bbox_mAP_copypaste: 0.437 0.543 0.494 0.326 0.413 0.528
/home/siyuan/anaconda3/envs/wedetect_official/lib/python3.10/site-packages/albumentations/core/composition.py:331: UserWarning: Got processor for bboxes, but no transform to process it.
  self._set_keys()
/home/siyuan/anaconda3/envs/wedetect_official/lib/python3.10/site-packages/albumentations/core/composition.py:331: UserWarning: Got processor for bboxes, but no transform to process it.
  self._set_keys()
/home/siyuan/anaconda3/envs/wedetect_official/lib/python3.10/site-packages/albumentations/core/composition.py:331: UserWarning: Got processor for bboxes, but no transform to process it.
  self._set_keys()
07/08 04:37:56 - mmengine - INFO - Epoch(val) [8][757/757]    coco/bbox_mAP: 0.4370  coco/bbox_mAP_50: 0.5430  coco/bbox_mAP_75: 0.4940  coco/bbox_mAP_s: 0.3260  coco/bbox_mAP_m: 0.4130  coco/bbox_mAP_l: 0.5280  data_time: 0.0035  time: 0.0464
07/08 04:37:56 - mmengine - INFO - Switch pipeline now!
/home/siyuan/anaconda3/envs/wedetect_official/lib/python3.10/site-packages/albumentations/core/composition.py:331: UserWarning: Got processor for bboxes, but no transform to process it.
  self._set_keys()
07/08 04:38:48 - mmengine - INFO - Epoch(train)  [9][ 50/628]  base_lr: 6.5483e-06 lr: 6.5483e-06  eta: 0:42:42  time: 1.0450  data_time: 0.0216  memory: 26384  grad_norm: 705.3323  loss: 83.5309  loss_cls: 29.1390  loss_bbox: 23.9503  loss_dfl: 30.4416
07/08 04:39:39 - mmengine - INFO - Epoch(train)  [9][100/628]  base_lr: 6.4157e-06 lr: 6.4157e-06  eta: 0:41:49  time: 1.0218  data_time: 0.0055  memory: 26317  grad_norm: 709.8842  loss: 83.0457  loss_cls: 28.2061  loss_bbox: 23.7218  loss_dfl: 31.1178
07/08 04:40:31 - mmengine - INFO - Epoch(train)  [9][150/628]  base_lr: 6.2831e-06 lr: 6.2831e-06  eta: 0:40:57  time: 1.0352  data_time: 0.0055  memory: 26551  grad_norm: 718.6839  loss: 81.2436  loss_cls: 27.5004  loss_bbox: 23.0278  loss_dfl: 30.7154
07/08 04:41:22 - mmengine - INFO - Epoch(train)  [9][200/628]  base_lr: 6.1506e-06 lr: 6.1506e-06  eta: 0:40:05  time: 1.0334  data_time: 0.0056  memory: 26657  grad_norm: 670.7894  loss: 83.1901  loss_cls: 28.3914  loss_bbox: 23.7331  loss_dfl: 31.0656
07/08 04:42:14 - mmengine - INFO - Epoch(train)  [9][250/628]  base_lr: 6.0180e-06 lr: 6.0180e-06  eta: 0:39:13  time: 1.0258  data_time: 0.0055  memory: 26291  grad_norm: 685.8421  loss: 85.0364  loss_cls: 28.6700  loss_bbox: 25.2682  loss_dfl: 31.0982
07/08 04:43:05 - mmengine - INFO - Epoch(train)  [9][300/628]  base_lr: 5.8854e-06 lr: 5.8854e-06  eta: 0:38:20  time: 1.0340  data_time: 0.0055  memory: 26304  grad_norm: 663.0263  loss: 85.1890  loss_cls: 29.5292  loss_bbox: 24.5754  loss_dfl: 31.0843
07/08 04:43:57 - mmengine - INFO - Epoch(train)  [9][350/628]  base_lr: 5.7528e-06 lr: 5.7528e-06  eta: 0:37:28  time: 1.0319  data_time: 0.0055  memory: 26457  grad_norm: 644.9430  loss: 83.0340  loss_cls: 29.0016  loss_bbox: 23.5004  loss_dfl: 30.5320
07/08 04:44:49 - mmengine - INFO - Epoch(train)  [9][400/628]  base_lr: 5.6202e-06 lr: 5.6202e-06  eta: 0:36:36  time: 1.0376  data_time: 0.0055  memory: 26537  grad_norm: 656.4632  loss: 83.2669  loss_cls: 29.1445  loss_bbox: 23.3786  loss_dfl: 30.7438
07/08 04:45:41 - mmengine - INFO - Epoch(train)  [9][450/628]  base_lr: 5.4877e-06 lr: 5.4877e-06  eta: 0:35:44  time: 1.0342  data_time: 0.0055  memory: 26297  grad_norm: 678.1772  loss: 83.3406  loss_cls: 28.8507  loss_bbox: 23.6940  loss_dfl: 30.7959
07/08 04:46:32 - mmengine - INFO - Epoch(train)  [9][500/628]  base_lr: 5.3551e-06 lr: 5.3551e-06  eta: 0:34:52  time: 1.0366  data_time: 0.0055  memory: 26684  grad_norm: 652.1902  loss: 83.2228  loss_cls: 28.4184  loss_bbox: 24.0139  loss_dfl: 30.7905
07/08 04:47:24 - mmengine - INFO - Epoch(train)  [9][550/628]  base_lr: 5.2225e-06 lr: 5.2225e-06  eta: 0:34:00  time: 1.0356  data_time: 0.0057  memory: 26451  grad_norm: 652.5771  loss: 81.3618  loss_cls: 28.0200  loss_bbox: 23.1695  loss_dfl: 30.1722
07/08 04:48:16 - mmengine - INFO - Epoch(train)  [9][600/628]  base_lr: 5.0899e-06 lr: 5.0899e-06  eta: 0:33:08  time: 1.0367  data_time: 0.0057  memory: 26297  grad_norm: 624.1109  loss: 81.2296  loss_cls: 27.3076  loss_bbox: 23.2778  loss_dfl: 30.6442
07/08 04:48:45 - mmengine - INFO - Exp name: wedetect_reorg_v11dt_s3_20260708_030347
07/08 04:48:45 - mmengine - INFO - Saving checkpoint at 9 epochs
07/08 04:48:55 - mmengine - INFO - Epoch(val)  [9][ 50/757]    eta: 0:00:42  time: 0.0595  data_time: 0.0170  memory: 26291  
07/08 04:48:57 - mmengine - INFO - Epoch(val)  [9][100/757]    eta: 0:00:33  time: 0.0427  data_time: 0.0003  memory: 3480  
07/08 04:49:00 - mmengine - INFO - Epoch(val)  [9][150/757]    eta: 0:00:33  time: 0.0645  data_time: 0.0217  memory: 3480  
07/08 04:49:03 - mmengine - INFO - Epoch(val)  [9][200/757]    eta: 0:00:30  time: 0.0500  data_time: 0.0074  memory: 3480  
07/08 04:49:05 - mmengine - INFO - Epoch(val)  [9][250/757]    eta: 0:00:26  time: 0.0429  data_time: 0.0003  memory: 3480  
07/08 04:49:07 - mmengine - INFO - Epoch(val)  [9][300/757]    eta: 0:00:23  time: 0.0448  data_time: 0.0020  memory: 3480  
07/08 04:49:09 - mmengine - INFO - Epoch(val)  [9][350/757]    eta: 0:00:20  time: 0.0430  data_time: 0.0003  memory: 3480  
07/08 04:49:11 - mmengine - INFO - Epoch(val)  [9][400/757]    eta: 0:00:17  time: 0.0432  data_time: 0.0003  memory: 3480  
07/08 04:49:13 - mmengine - INFO - Epoch(val)  [9][450/757]    eta: 0:00:14  time: 0.0428  data_time: 0.0002  memory: 3480  
07/08 04:49:16 - mmengine - INFO - Epoch(val)  [9][500/757]    eta: 0:00:12  time: 0.0473  data_time: 0.0045  memory: 3480  
07/08 04:49:18 - mmengine - INFO - Epoch(val)  [9][550/757]    eta: 0:00:09  time: 0.0430  data_time: 0.0003  memory: 3480  
07/08 04:49:20 - mmengine - INFO - Epoch(val)  [9][600/757]    eta: 0:00:07  time: 0.0436  data_time: 0.0003  memory: 3480  
07/08 04:49:22 - mmengine - INFO - Epoch(val)  [9][650/757]    eta: 0:00:05  time: 0.0436  data_time: 0.0003  memory: 3480  
07/08 04:49:25 - mmengine - INFO - Epoch(val)  [9][700/757]    eta: 0:00:02  time: 0.0430  data_time: 0.0002  memory: 3480  
07/08 04:49:27 - mmengine - INFO - Epoch(val)  [9][750/757]    eta: 0:00:00  time: 0.0430  data_time: 0.0002  memory: 3480  
07/08 04:49:31 - mmengine - INFO - Evaluating bbox...
Loading and preparing results...
DONE (t=0.77s)
creating index...
index created!
Running per image evaluation...
Evaluate annotation type *bbox*
DONE (t=15.70s).
Accumulating evaluation results...
DONE (t=5.13s).
 Average Precision  (AP) @[ IoU=0.50:0.95 | area=   all | maxDets=100 ] = 0.459
 Average Precision  (AP) @[ IoU=0.50      | area=   all | maxDets=1000 ] = 0.568
 Average Precision  (AP) @[ IoU=0.75      | area=   all | maxDets=1000 ] = 0.520
 Average Precision  (AP) @[ IoU=0.50:0.95 | area= small | maxDets=1000 ] = 0.339
 Average Precision  (AP) @[ IoU=0.50:0.95 | area=medium | maxDets=1000 ] = 0.437
 Average Precision  (AP) @[ IoU=0.50:0.95 | area= large | maxDets=1000 ] = 0.552
 Average Recall     (AR) @[ IoU=0.50:0.95 | area=   all | maxDets=100 ] = 0.761
 Average Recall     (AR) @[ IoU=0.50:0.95 | area=   all | maxDets=300 ] = 0.761
 Average Recall     (AR) @[ IoU=0.50:0.95 | area=   all | maxDets=1000 ] = 0.761
 Average Recall     (AR) @[ IoU=0.50:0.95 | area= small | maxDets=1000 ] = 0.614
 Average Recall     (AR) @[ IoU=0.50:0.95 | area=medium | maxDets=1000 ] = 0.739
 Average Recall     (AR) @[ IoU=0.50:0.95 | area= large | maxDets=1000 ] = 0.843
07/08 04:49:55 - mmengine - INFO - bbox_mAP_copypaste: 0.459 0.568 0.520 0.339 0.437 0.552
07/08 04:49:55 - mmengine - INFO - Epoch(val) [9][757/757]    coco/bbox_mAP: 0.4590  coco/bbox_mAP_50: 0.5680  coco/bbox_mAP_75: 0.5200  coco/bbox_mAP_s: 0.3390  coco/bbox_mAP_m: 0.4370  coco/bbox_mAP_l: 0.5520  data_time: 0.0036  time: 0.0464
07/08 04:49:55 - mmengine - INFO - The previous best checkpoint /home/siyuan/projects/LLMs/OralDetect-Family/WeDetect_repro/WeDetect/work_dirs/reorg_v11dt_s3/best_coco_bbox_mAP_epoch_7.pth is removed
07/08 04:49:58 - mmengine - INFO - The best checkpoint with 0.4590 coco/bbox_mAP at 9 epoch is saved to best_coco_bbox_mAP_epoch_9.pth.
07/08 04:50:55 - mmengine - INFO - Epoch(train) [10][ 50/628]  base_lr: 4.8831e-06 lr: 4.8831e-06  eta: 0:31:47  time: 1.0327  data_time: 0.0102  memory: 26391  grad_norm: 707.5019  loss: 84.8050  loss_cls: 29.3700  loss_bbox: 24.3344  loss_dfl: 31.1006
07/08 04:51:46 - mmengine - INFO - Epoch(train) [10][100/628]  base_lr: 4.7505e-06 lr: 4.7505e-06  eta: 0:30:54  time: 1.0240  data_time: 0.0056  memory: 26331  grad_norm: 700.1091  loss: 81.8331  loss_cls: 28.2932  loss_bbox: 22.7019  loss_dfl: 30.8380
07/08 04:52:38 - mmengine - INFO - Epoch(train) [10][150/628]  base_lr: 4.6179e-06 lr: 4.6179e-06  eta: 0:30:02  time: 1.0288  data_time: 0.0055  memory: 26357  grad_norm: 654.2807  loss: 83.6206  loss_cls: 29.1870  loss_bbox: 23.6558  loss_dfl: 30.7778
07/08 04:53:29 - mmengine - INFO - Epoch(train) [10][200/628]  base_lr: 4.4853e-06 lr: 4.4853e-06  eta: 0:29:10  time: 1.0293  data_time: 0.0054  memory: 26337  grad_norm: 675.5090  loss: 83.4183  loss_cls: 28.9006  loss_bbox: 23.7805  loss_dfl: 30.7372
07/08 04:54:21 - mmengine - INFO - Epoch(train) [10][250/628]  base_lr: 4.3528e-06 lr: 4.3528e-06  eta: 0:28:18  time: 1.0243  data_time: 0.0055  memory: 26291  grad_norm: 635.3904  loss: 80.4479  loss_cls: 27.9203  loss_bbox: 22.1383  loss_dfl: 30.3893
07/08 04:55:12 - mmengine - INFO - Epoch(train) [10][300/628]  base_lr: 4.2202e-06 lr: 4.2202e-06  eta: 0:27:26  time: 1.0314  data_time: 0.0054  memory: 26544  grad_norm: 642.7952  loss: 82.3306  loss_cls: 28.3770  loss_bbox: 23.6587  loss_dfl: 30.2949
07/08 04:56:01 - mmengine - INFO - Exp name: wedetect_reorg_v11dt_s3_20260708_030347
07/08 04:56:03 - mmengine - INFO - Epoch(train) [10][350/628]  base_lr: 4.0876e-06 lr: 4.0876e-06  eta: 0:26:34  time: 1.0262  data_time: 0.0053  memory: 26344  grad_norm: 632.4778  loss: 84.1577  loss_cls: 27.7152  loss_bbox: 24.5831  loss_dfl: 31.8594
07/08 04:56:55 - mmengine - INFO - Epoch(train) [10][400/628]  base_lr: 3.9550e-06 lr: 3.9550e-06  eta: 0:25:42  time: 1.0303  data_time: 0.0054  memory: 26384  grad_norm: 616.4650  loss: 81.0176  loss_cls: 27.4760  loss_bbox: 22.8592  loss_dfl: 30.6824
07/08 04:57:46 - mmengine - INFO - Epoch(train) [10][450/628]  base_lr: 3.8224e-06 lr: 3.8224e-06  eta: 0:24:50  time: 1.0288  data_time: 0.0055  memory: 26291  grad_norm: 657.6372  loss: 82.9886  loss_cls: 28.8585  loss_bbox: 23.7307  loss_dfl: 30.3994
07/08 04:58:38 - mmengine - INFO - Epoch(train) [10][500/628]  base_lr: 3.6899e-06 lr: 3.6899e-06  eta: 0:23:58  time: 1.0315  data_time: 0.0056  memory: 26297  grad_norm: 650.7667  loss: 79.5446  loss_cls: 27.0791  loss_bbox: 22.0923  loss_dfl: 30.3731
07/08 04:59:30 - mmengine - INFO - Epoch(train) [10][550/628]  base_lr: 3.5573e-06 lr: 3.5573e-06  eta: 0:23:05  time: 1.0312  data_time: 0.0054  memory: 26297  grad_norm: 673.3666  loss: 80.4714  loss_cls: 26.8191  loss_bbox: 23.3714  loss_dfl: 30.2809
07/08 05:00:21 - mmengine - INFO - Epoch(train) [10][600/628]  base_lr: 3.4247e-06 lr: 3.4247e-06  eta: 0:22:13  time: 1.0275  data_time: 0.0054  memory: 26617  grad_norm: 666.4707  loss: 82.3830  loss_cls: 27.6449  loss_bbox: 23.9718  loss_dfl: 30.7663
07/08 05:00:50 - mmengine - INFO - Exp name: wedetect_reorg_v11dt_s3_20260708_030347
07/08 05:00:50 - mmengine - INFO - Saving checkpoint at 10 epochs
07/08 05:00:59 - mmengine - INFO - Epoch(val) [10][ 50/757]    eta: 0:00:42  time: 0.0605  data_time: 0.0145  memory: 26331  
07/08 05:01:02 - mmengine - INFO - Epoch(val) [10][100/757]    eta: 0:00:34  time: 0.0431  data_time: 0.0003  memory: 3480  
07/08 05:01:05 - mmengine - INFO - Epoch(val) [10][150/757]    eta: 0:00:34  time: 0.0647  data_time: 0.0221  memory: 3480  
07/08 05:01:07 - mmengine - INFO - Epoch(val) [10][200/757]    eta: 0:00:30  time: 0.0498  data_time: 0.0072  memory: 3480  
07/08 05:01:09 - mmengine - INFO - Epoch(val) [10][250/757]    eta: 0:00:26  time: 0.0426  data_time: 0.0002  memory: 3480  
07/08 05:01:12 - mmengine - INFO - Epoch(val) [10][300/757]    eta: 0:00:23  time: 0.0448  data_time: 0.0019  memory: 3480  
07/08 05:01:14 - mmengine - INFO - Epoch(val) [10][350/757]    eta: 0:00:20  time: 0.0430  data_time: 0.0002  memory: 3480  
07/08 05:01:16 - mmengine - INFO - Epoch(val) [10][400/757]    eta: 0:00:17  time: 0.0427  data_time: 0.0002  memory: 3480  
07/08 05:01:18 - mmengine - INFO - Epoch(val) [10][450/757]    eta: 0:00:14  time: 0.0428  data_time: 0.0002  memory: 3480  
07/08 05:01:21 - mmengine - INFO - Epoch(val) [10][500/757]    eta: 0:00:12  time: 0.0470  data_time: 0.0045  memory: 3480  
07/08 05:01:23 - mmengine - INFO - Epoch(val) [10][550/757]    eta: 0:00:09  time: 0.0427  data_time: 0.0002  memory: 3480  
07/08 05:01:25 - mmengine - INFO - Epoch(val) [10][600/757]    eta: 0:00:07  time: 0.0430  data_time: 0.0002  memory: 3480  
07/08 05:01:27 - mmengine - INFO - Epoch(val) [10][650/757]    eta: 0:00:05  time: 0.0435  data_time: 0.0003  memory: 3480  
07/08 05:01:29 - mmengine - INFO - Epoch(val) [10][700/757]    eta: 0:00:02  time: 0.0429  data_time: 0.0002  memory: 3480  
07/08 05:01:31 - mmengine - INFO - Epoch(val) [10][750/757]    eta: 0:00:00  time: 0.0431  data_time: 0.0002  memory: 3480  
07/08 05:01:36 - mmengine - INFO - Evaluating bbox...
Loading and preparing results...
DONE (t=0.77s)
creating index...
index created!
Running per image evaluation...
Evaluate annotation type *bbox*
DONE (t=15.67s).
Accumulating evaluation results...
DONE (t=5.08s).
 Average Precision  (AP) @[ IoU=0.50:0.95 | area=   all | maxDets=100 ] = 0.442
 Average Precision  (AP) @[ IoU=0.50      | area=   all | maxDets=1000 ] = 0.550
 Average Precision  (AP) @[ IoU=0.75      | area=   all | maxDets=1000 ] = 0.500
 Average Precision  (AP) @[ IoU=0.50:0.95 | area= small | maxDets=1000 ] = 0.321
 Average Precision  (AP) @[ IoU=0.50:0.95 | area=medium | maxDets=1000 ] = 0.426
 Average Precision  (AP) @[ IoU=0.50:0.95 | area= large | maxDets=1000 ] = 0.519
 Average Recall     (AR) @[ IoU=0.50:0.95 | area=   all | maxDets=100 ] = 0.761
 Average Recall     (AR) @[ IoU=0.50:0.95 | area=   all | maxDets=300 ] = 0.761
 Average Recall     (AR) @[ IoU=0.50:0.95 | area=   all | maxDets=1000 ] = 0.761
 Average Recall     (AR) @[ IoU=0.50:0.95 | area= small | maxDets=1000 ] = 0.621
 Average Recall     (AR) @[ IoU=0.50:0.95 | area=medium | maxDets=1000 ] = 0.738
 Average Recall     (AR) @[ IoU=0.50:0.95 | area= large | maxDets=1000 ] = 0.831
07/08 05:01:59 - mmengine - INFO - bbox_mAP_copypaste: 0.442 0.550 0.500 0.321 0.426 0.519
07/08 05:02:00 - mmengine - INFO - Epoch(val) [10][757/757]    coco/bbox_mAP: 0.4420  coco/bbox_mAP_50: 0.5500  coco/bbox_mAP_75: 0.5000  coco/bbox_mAP_s: 0.3210  coco/bbox_mAP_m: 0.4260  coco/bbox_mAP_l: 0.5190  data_time: 0.0035  time: 0.0464
07/08 05:02:51 - mmengine - INFO - Epoch(train) [11][ 50/628]  base_lr: 3.2179e-06 lr: 3.2179e-06  eta: 0:20:52  time: 1.0291  data_time: 0.0098  memory: 26357  grad_norm: 677.3823  loss: 81.2509  loss_cls: 27.2935  loss_bbox: 23.3081  loss_dfl: 30.6493
07/08 05:03:43 - mmengine - INFO - Epoch(train) [11][100/628]  base_lr: 3.0853e-06 lr: 3.0853e-06  eta: 0:20:00  time: 1.0334  data_time: 0.0055  memory: 26317  grad_norm: 624.0557  loss: 81.6909  loss_cls: 28.4971  loss_bbox: 22.6621  loss_dfl: 30.5317
07/08 05:04:34 - mmengine - INFO - Epoch(train) [11][150/628]  base_lr: 2.9527e-06 lr: 2.9527e-06  eta: 0:19:08  time: 1.0306  data_time: 0.0055  memory: 26457  grad_norm: 702.1258  loss: 82.3753  loss_cls: 27.7463  loss_bbox: 23.9741  loss_dfl: 30.6549
07/08 05:05:26 - mmengine - INFO - Epoch(train) [11][200/628]  base_lr: 2.8201e-06 lr: 2.8201e-06  eta: 0:18:16  time: 1.0279  data_time: 0.0054  memory: 26384  grad_norm: 671.4668  loss: 80.2034  loss_cls: 27.3065  loss_bbox: 22.4076  loss_dfl: 30.4893
07/08 05:06:17 - mmengine - INFO - Epoch(train) [11][250/628]  base_lr: 2.6875e-06 lr: 2.6875e-06  eta: 0:17:24  time: 1.0349  data_time: 0.0054  memory: 26744  grad_norm: 685.9975  loss: 81.3682  loss_cls: 27.7804  loss_bbox: 23.3065  loss_dfl: 30.2813
07/08 05:07:09 - mmengine - INFO - Epoch(train) [11][300/628]  base_lr: 2.5550e-06 lr: 2.5550e-06  eta: 0:16:32  time: 1.0339  data_time: 0.0055  memory: 26551  grad_norm: 669.5679  loss: 81.8179  loss_cls: 27.4467  loss_bbox: 23.7789  loss_dfl: 30.5923
07/08 05:08:01 - mmengine - INFO - Epoch(train) [11][350/628]  base_lr: 2.4224e-06 lr: 2.4224e-06  eta: 0:15:40  time: 1.0303  data_time: 0.0054  memory: 26317  grad_norm: 665.0284  loss: 79.6626  loss_cls: 27.2612  loss_bbox: 22.2319  loss_dfl: 30.1695
07/08 05:08:52 - mmengine - INFO - Epoch(train) [11][400/628]  base_lr: 2.2898e-06 lr: 2.2898e-06  eta: 0:14:48  time: 1.0361  data_time: 0.0056  memory: 26331  grad_norm: 676.4117  loss: 82.4590  loss_cls: 27.7288  loss_bbox: 23.6994  loss_dfl: 31.0308
07/08 05:09:44 - mmengine - INFO - Epoch(train) [11][450/628]  base_lr: 2.1572e-06 lr: 2.1572e-06  eta: 0:13:56  time: 1.0345  data_time: 0.0054  memory: 26304  grad_norm: 623.2110  loss: 80.7149  loss_cls: 27.3187  loss_bbox: 23.1318  loss_dfl: 30.2644
07/08 05:10:36 - mmengine - INFO - Epoch(train) [11][500/628]  base_lr: 2.0246e-06 lr: 2.0246e-06  eta: 0:13:05  time: 1.0363  data_time: 0.0054  memory: 26337  grad_norm: 634.4099  loss: 82.7338  loss_cls: 28.0997  loss_bbox: 23.6377  loss_dfl: 30.9964
07/08 05:11:28 - mmengine - INFO - Epoch(train) [11][550/628]  base_lr: 1.8920e-06 lr: 1.8920e-06  eta: 0:12:13  time: 1.0360  data_time: 0.0055  memory: 26317  grad_norm: 597.7965  loss: 80.2726  loss_cls: 27.3414  loss_bbox: 22.3388  loss_dfl: 30.5925
07/08 05:12:20 - mmengine - INFO - Epoch(train) [11][600/628]  base_lr: 1.7595e-06 lr: 1.7595e-06  eta: 0:11:21  time: 1.0354  data_time: 0.0056  memory: 26424  grad_norm: 656.8634  loss: 81.8618  loss_cls: 27.7825  loss_bbox: 23.2752  loss_dfl: 30.8041
07/08 05:12:49 - mmengine - INFO - Exp name: wedetect_reorg_v11dt_s3_20260708_030347
07/08 05:12:49 - mmengine - INFO - Saving checkpoint at 11 epochs
07/08 05:12:57 - mmengine - INFO - Epoch(val) [11][ 50/757]    eta: 0:00:42  time: 0.0603  data_time: 0.0179  memory: 26324  
07/08 05:13:00 - mmengine - INFO - Epoch(val) [11][100/757]    eta: 0:00:34  time: 0.0435  data_time: 0.0003  memory: 3480  
07/08 05:13:03 - mmengine - INFO - Epoch(val) [11][150/757]    eta: 0:00:34  time: 0.0666  data_time: 0.0233  memory: 3480  
07/08 05:13:05 - mmengine - INFO - Epoch(val) [11][200/757]    eta: 0:00:30  time: 0.0487  data_time: 0.0064  memory: 3480  
07/08 05:13:07 - mmengine - INFO - Epoch(val) [11][250/757]    eta: 0:00:26  time: 0.0426  data_time: 0.0002  memory: 3480  
07/08 05:13:10 - mmengine - INFO - Epoch(val) [11][300/757]    eta: 0:00:23  time: 0.0446  data_time: 0.0018  memory: 3480  
07/08 05:13:12 - mmengine - INFO - Epoch(val) [11][350/757]    eta: 0:00:20  time: 0.0428  data_time: 0.0002  memory: 3480  
07/08 05:13:14 - mmengine - INFO - Epoch(val) [11][400/757]    eta: 0:00:17  time: 0.0482  data_time: 0.0003  memory: 3480  
07/08 05:13:16 - mmengine - INFO - Epoch(val) [11][450/757]    eta: 0:00:15  time: 0.0428  data_time: 0.0002  memory: 3480  
07/08 05:13:19 - mmengine - INFO - Epoch(val) [11][500/757]    eta: 0:00:12  time: 0.0470  data_time: 0.0045  memory: 3480  
07/08 05:13:21 - mmengine - INFO - Epoch(val) [11][550/757]    eta: 0:00:09  time: 0.0429  data_time: 0.0002  memory: 3480  
07/08 05:13:23 - mmengine - INFO - Epoch(val) [11][600/757]    eta: 0:00:07  time: 0.0432  data_time: 0.0002  memory: 3480  
07/08 05:13:25 - mmengine - INFO - Epoch(val) [11][650/757]    eta: 0:00:05  time: 0.0434  data_time: 0.0002  memory: 3480  
07/08 05:13:27 - mmengine - INFO - Epoch(val) [11][700/757]    eta: 0:00:02  time: 0.0429  data_time: 0.0002  memory: 3480  
07/08 05:13:30 - mmengine - INFO - Epoch(val) [11][750/757]    eta: 0:00:00  time: 0.0428  data_time: 0.0002  memory: 3480  
07/08 05:13:33 - mmengine - INFO - Evaluating bbox...
Loading and preparing results...
DONE (t=1.09s)
creating index...
index created!
Running per image evaluation...
Evaluate annotation type *bbox*
DONE (t=14.58s).
Accumulating evaluation results...
DONE (t=4.86s).
 Average Precision  (AP) @[ IoU=0.50:0.95 | area=   all | maxDets=100 ] = 0.472
 Average Precision  (AP) @[ IoU=0.50      | area=   all | maxDets=1000 ] = 0.582
 Average Precision  (AP) @[ IoU=0.75      | area=   all | maxDets=1000 ] = 0.532
 Average Precision  (AP) @[ IoU=0.50:0.95 | area= small | maxDets=1000 ] = 0.342
 Average Precision  (AP) @[ IoU=0.50:0.95 | area=medium | maxDets=1000 ] = 0.450
 Average Precision  (AP) @[ IoU=0.50:0.95 | area= large | maxDets=1000 ] = 0.558
 Average Recall     (AR) @[ IoU=0.50:0.95 | area=   all | maxDets=100 ] = 0.766
 Average Recall     (AR) @[ IoU=0.50:0.95 | area=   all | maxDets=300 ] = 0.767
 Average Recall     (AR) @[ IoU=0.50:0.95 | area=   all | maxDets=1000 ] = 0.767
 Average Recall     (AR) @[ IoU=0.50:0.95 | area= small | maxDets=1000 ] = 0.627
 Average Recall     (AR) @[ IoU=0.50:0.95 | area=medium | maxDets=1000 ] = 0.742
 Average Recall     (AR) @[ IoU=0.50:0.95 | area= large | maxDets=1000 ] = 0.847
07/08 05:13:56 - mmengine - INFO - bbox_mAP_copypaste: 0.472 0.582 0.532 0.342 0.450 0.558
07/08 05:13:56 - mmengine - INFO - Epoch(val) [11][757/757]    coco/bbox_mAP: 0.4720  coco/bbox_mAP_50: 0.5820  coco/bbox_mAP_75: 0.5320  coco/bbox_mAP_s: 0.3420  coco/bbox_mAP_m: 0.4500  coco/bbox_mAP_l: 0.5580  data_time: 0.0037  time: 0.0468
07/08 05:13:56 - mmengine - INFO - The previous best checkpoint /home/siyuan/projects/LLMs/OralDetect-Family/WeDetect_repro/WeDetect/work_dirs/reorg_v11dt_s3/best_coco_bbox_mAP_epoch_9.pth is removed
07/08 05:13:59 - mmengine - INFO - The best checkpoint with 0.4720 coco/bbox_mAP at 11 epoch is saved to best_coco_bbox_mAP_epoch_11.pth.
07/08 05:14:56 - mmengine - INFO - Epoch(train) [12][ 50/628]  base_lr: 1.5526e-06 lr: 1.5526e-06  eta: 0:10:00  time: 1.0287  data_time: 0.0092  memory: 26331  grad_norm: 611.0463  loss: 81.4446  loss_cls: 27.8891  loss_bbox: 23.2244  loss_dfl: 30.3311
07/08 05:15:40 - mmengine - INFO - Exp name: wedetect_reorg_v11dt_s3_20260708_030347
07/08 05:15:48 - mmengine - INFO - Epoch(train) [12][100/628]  base_lr: 1.4201e-06 lr: 1.4201e-06  eta: 0:09:08  time: 1.0247  data_time: 0.0054  memory: 26284  grad_norm: 669.5306  loss: 83.4693  loss_cls: 28.4918  loss_bbox: 23.7065  loss_dfl: 31.2709
07/08 05:16:39 - mmengine - INFO - Epoch(train) [12][150/628]  base_lr: 1.2875e-06 lr: 1.2875e-06  eta: 0:08:16  time: 1.0341  data_time: 0.0057  memory: 26317  grad_norm: 662.0922  loss: 83.4942  loss_cls: 28.4353  loss_bbox: 24.0902  loss_dfl: 30.9687
07/08 05:17:31 - mmengine - INFO - Epoch(train) [12][200/628]  base_lr: 1.1549e-06 lr: 1.1549e-06  eta: 0:07:24  time: 1.0237  data_time: 0.0055  memory: 26431  grad_norm: 652.5069  loss: 80.2999  loss_cls: 26.9780  loss_bbox: 22.9468  loss_dfl: 30.3751
07/08 05:18:22 - mmengine - INFO - Epoch(train) [12][250/628]  base_lr: 1.0223e-06 lr: 1.0223e-06  eta: 0:06:32  time: 1.0375  data_time: 0.0056  memory: 26791  grad_norm: 620.7757  loss: 81.3237  loss_cls: 26.9047  loss_bbox: 23.3671  loss_dfl: 31.0520
07/08 05:19:14 - mmengine - INFO - Epoch(train) [12][300/628]  base_lr: 8.8973e-07 lr: 8.8973e-07  eta: 0:05:40  time: 1.0300  data_time: 0.0055  memory: 26417  grad_norm: 647.2283  loss: 80.6700  loss_cls: 27.3226  loss_bbox: 22.6122  loss_dfl: 30.7352
07/08 05:20:06 - mmengine - INFO - Epoch(train) [12][350/628]  base_lr: 7.5715e-07 lr: 7.5715e-07  eta: 0:04:48  time: 1.0346  data_time: 0.0055  memory: 26497  grad_norm: 603.8874  loss: 80.1691  loss_cls: 27.2544  loss_bbox: 22.3992  loss_dfl: 30.5155
07/08 05:20:57 - mmengine - INFO - Epoch(train) [12][400/628]  base_lr: 6.2457e-07 lr: 6.2457e-07  eta: 0:03:56  time: 1.0348  data_time: 0.0054  memory: 26317  grad_norm: 646.7584  loss: 81.3863  loss_cls: 26.3489  loss_bbox: 23.9314  loss_dfl: 31.1061
07/08 05:21:49 - mmengine - INFO - Epoch(train) [12][450/628]  base_lr: 4.9199e-07 lr: 4.9199e-07  eta: 0:03:04  time: 1.0332  data_time: 0.0056  memory: 26337  grad_norm: 591.3376  loss: 80.1962  loss_cls: 26.4040  loss_bbox: 23.1258  loss_dfl: 30.6664
07/08 05:22:41 - mmengine - INFO - Epoch(train) [12][500/628]  base_lr: 3.5941e-07 lr: 3.5941e-07  eta: 0:02:12  time: 1.0347  data_time: 0.0057  memory: 26344  grad_norm: 610.6104  loss: 81.6547  loss_cls: 28.0350  loss_bbox: 23.4051  loss_dfl: 30.2146
07/08 05:23:33 - mmengine - INFO - Epoch(train) [12][550/628]  base_lr: 2.2683e-07 lr: 2.2683e-07  eta: 0:01:20  time: 1.0359  data_time: 0.0054  memory: 26537  grad_norm: 651.1690  loss: 79.9297  loss_cls: 27.1585  loss_bbox: 22.3778  loss_dfl: 30.3933
07/08 05:24:24 - mmengine - INFO - Epoch(train) [12][600/628]  base_lr: 9.4246e-08 lr: 9.4246e-08  eta: 0:00:29  time: 1.0354  data_time: 0.0055  memory: 26357  grad_norm: 638.6968  loss: 79.3918  loss_cls: 26.8421  loss_bbox: 22.3648  loss_dfl: 30.1849
07/08 05:24:53 - mmengine - INFO - Exp name: wedetect_reorg_v11dt_s3_20260708_030347
07/08 05:24:53 - mmengine - INFO - Saving checkpoint at 12 epochs
07/08 05:25:02 - mmengine - INFO - Epoch(val) [12][ 50/757]    eta: 0:00:42  time: 0.0597  data_time: 0.0162  memory: 26337  
07/08 05:25:04 - mmengine - INFO - Epoch(val) [12][100/757]    eta: 0:00:33  time: 0.0436  data_time: 0.0003  memory: 3480  
07/08 05:25:07 - mmengine - INFO - Epoch(val) [12][150/757]    eta: 0:00:33  time: 0.0643  data_time: 0.0219  memory: 3480  
07/08 05:25:10 - mmengine - INFO - Epoch(val) [12][200/757]    eta: 0:00:30  time: 0.0488  data_time: 0.0064  memory: 3480  
07/08 05:25:12 - mmengine - INFO - Epoch(val) [12][250/757]    eta: 0:00:26  time: 0.0427  data_time: 0.0002  memory: 3480  
07/08 05:25:14 - mmengine - INFO - Epoch(val) [12][300/757]    eta: 0:00:23  time: 0.0446  data_time: 0.0018  memory: 3480  
07/08 05:25:16 - mmengine - INFO - Epoch(val) [12][350/757]    eta: 0:00:20  time: 0.0429  data_time: 0.0002  memory: 3480  
07/08 05:25:19 - mmengine - INFO - Epoch(val) [12][400/757]    eta: 0:00:17  time: 0.0477  data_time: 0.0002  memory: 3480  
07/08 05:25:21 - mmengine - INFO - Epoch(val) [12][450/757]    eta: 0:00:14  time: 0.0432  data_time: 0.0003  memory: 3480  
07/08 05:25:23 - mmengine - INFO - Epoch(val) [12][500/757]    eta: 0:00:12  time: 0.0471  data_time: 0.0045  memory: 3480  
07/08 05:25:25 - mmengine - INFO - Epoch(val) [12][550/757]    eta: 0:00:09  time: 0.0429  data_time: 0.0002  memory: 3480  
07/08 05:25:28 - mmengine - INFO - Epoch(val) [12][600/757]    eta: 0:00:07  time: 0.0430  data_time: 0.0002  memory: 3480  
07/08 05:25:30 - mmengine - INFO - Epoch(val) [12][650/757]    eta: 0:00:05  time: 0.0434  data_time: 0.0003  memory: 3480  
07/08 05:25:32 - mmengine - INFO - Epoch(val) [12][700/757]    eta: 0:00:02  time: 0.0428  data_time: 0.0002  memory: 3480  
07/08 05:25:34 - mmengine - INFO - Epoch(val) [12][750/757]    eta: 0:00:00  time: 0.0426  data_time: 0.0002  memory: 3480  
07/08 05:25:38 - mmengine - INFO - Evaluating bbox...
Loading and preparing results...
DONE (t=0.73s)
creating index...
index created!
Running per image evaluation...
Evaluate annotation type *bbox*
DONE (t=15.53s).
Accumulating evaluation results...
DONE (t=4.95s).
 Average Precision  (AP) @[ IoU=0.50:0.95 | area=   all | maxDets=100 ] = 0.463
 Average Precision  (AP) @[ IoU=0.50      | area=   all | maxDets=1000 ] = 0.572
 Average Precision  (AP) @[ IoU=0.75      | area=   all | maxDets=1000 ] = 0.522
 Average Precision  (AP) @[ IoU=0.50:0.95 | area= small | maxDets=1000 ] = 0.336
 Average Precision  (AP) @[ IoU=0.50:0.95 | area=medium | maxDets=1000 ] = 0.441
 Average Precision  (AP) @[ IoU=0.50:0.95 | area= large | maxDets=1000 ] = 0.545
 Average Recall     (AR) @[ IoU=0.50:0.95 | area=   all | maxDets=100 ] = 0.766
 Average Recall     (AR) @[ IoU=0.50:0.95 | area=   all | maxDets=300 ] = 0.766
 Average Recall     (AR) @[ IoU=0.50:0.95 | area=   all | maxDets=1000 ] = 0.766
 Average Recall     (AR) @[ IoU=0.50:0.95 | area= small | maxDets=1000 ] = 0.629
 Average Recall     (AR) @[ IoU=0.50:0.95 | area=medium | maxDets=1000 ] = 0.741
 Average Recall     (AR) @[ IoU=0.50:0.95 | area= large | maxDets=1000 ] = 0.846
07/08 05:26:01 - mmengine - INFO - bbox_mAP_copypaste: 0.463 0.572 0.522 0.336 0.441 0.545
07/08 05:26:01 - mmengine - INFO - Epoch(val) [12][757/757]    coco/bbox_mAP: 0.4630  coco/bbox_mAP_50: 0.5720  coco/bbox_mAP_75: 0.5220  coco/bbox_mAP_s: 0.3360  coco/bbox_mAP_m: 0.4410  coco/bbox_mAP_l: 0.5450  data_time: 0.0035  time: 0.0466
[rank0]:[W708 05:26:12.858983108 ProcessGroupNCCL.cpp:1250] Warning: WARNING: process group has NOT been destroyed before we destruct ProcessGroupNCCL. On normal program exit, the application should call destroy_process_group to ensure that any pending NCCL operations have finished in this process. In rare cases this process can exit before this point and block the progress of another member of the process group. This constraint has always been present,  but this warning has only been added since PyTorch 2.4 (function operator())
ALL 3 STAGES DONE
