########## STAGE 1 (freeze towers, train neck/head, lr 1e-4, 8ep) ##########
W0705 03:04:52.618000 3824134 site-packages/torch/distributed/run.py:793] 
W0705 03:04:52.618000 3824134 site-packages/torch/distributed/run.py:793] *****************************************
W0705 03:04:52.618000 3824134 site-packages/torch/distributed/run.py:793] Setting OMP_NUM_THREADS environment variable for each process to be 1 in default, to avoid your system being overloaded, please further tune the variable for optimal performance in your application as needed. 
W0705 03:04:52.618000 3824134 site-packages/torch/distributed/run.py:793] *****************************************
/home/siyuan/anaconda3/envs/wedetect_official/lib/python3.10/site-packages/mmengine/optim/optimizer/zero_optimizer.py:11: DeprecationWarning: `TorchScript` support for functional optimizers is deprecated and will be removed in a future PyTorch release. Consider using the `torch.compile` optimizer instead.
  from torch.distributed.optim import \
/home/siyuan/anaconda3/envs/wedetect_official/lib/python3.10/site-packages/mmengine/optim/optimizer/zero_optimizer.py:11: DeprecationWarning: `TorchScript` support for functional optimizers is deprecated and will be removed in a future PyTorch release. Consider using the `torch.compile` optimizer instead.
  from torch.distributed.optim import \
/home/siyuan/anaconda3/envs/wedetect_official/lib/python3.10/site-packages/mmengine/optim/optimizer/zero_optimizer.py:11: DeprecationWarning: `TorchScript` support for functional optimizers is deprecated and will be removed in a future PyTorch release. Consider using the `torch.compile` optimizer instead.
  from torch.distributed.optim import \
/home/siyuan/anaconda3/envs/wedetect_official/lib/python3.10/site-packages/mmengine/optim/optimizer/zero_optimizer.py:11: DeprecationWarning: `TorchScript` support for functional optimizers is deprecated and will be removed in a future PyTorch release. Consider using the `torch.compile` optimizer instead.
  from torch.distributed.optim import \
/home/siyuan/.local/lib/python3.10/site-packages/fairscale/experimental/nn/offload.py:19: FutureWarning: `torch.cuda.amp.custom_fwd(args...)` is deprecated. Please use `torch.amp.custom_fwd(args..., device_type='cuda')` instead.
  return torch.cuda.amp.custom_fwd(orig_func)  # type: ignore
/home/siyuan/.local/lib/python3.10/site-packages/fairscale/experimental/nn/offload.py:30: FutureWarning: `torch.cuda.amp.custom_bwd(args...)` is deprecated. Please use `torch.amp.custom_bwd(args..., device_type='cuda')` instead.
  return torch.cuda.amp.custom_bwd(orig_func)  # type: ignore
/home/siyuan/.local/lib/python3.10/site-packages/fairscale/experimental/nn/offload.py:19: FutureWarning: `torch.cuda.amp.custom_fwd(args...)` is deprecated. Please use `torch.amp.custom_fwd(args..., device_type='cuda')` instead.
  return torch.cuda.amp.custom_fwd(orig_func)  # type: ignore
/home/siyuan/.local/lib/python3.10/site-packages/fairscale/experimental/nn/offload.py:30: FutureWarning: `torch.cuda.amp.custom_bwd(args...)` is deprecated. Please use `torch.amp.custom_bwd(args..., device_type='cuda')` instead.
  return torch.cuda.amp.custom_bwd(orig_func)  # type: ignore
/home/siyuan/.local/lib/python3.10/site-packages/fairscale/experimental/nn/offload.py:19: FutureWarning: `torch.cuda.amp.custom_fwd(args...)` is deprecated. Please use `torch.amp.custom_fwd(args..., device_type='cuda')` instead.
  return torch.cuda.amp.custom_fwd(orig_func)  # type: ignore
/home/siyuan/.local/lib/python3.10/site-packages/fairscale/experimental/nn/offload.py:30: FutureWarning: `torch.cuda.amp.custom_bwd(args...)` is deprecated. Please use `torch.amp.custom_bwd(args..., device_type='cuda')` instead.
  return torch.cuda.amp.custom_bwd(orig_func)  # type: ignore
/home/siyuan/.local/lib/python3.10/site-packages/fairscale/experimental/nn/offload.py:19: FutureWarning: `torch.cuda.amp.custom_fwd(args...)` is deprecated. Please use `torch.amp.custom_fwd(args..., device_type='cuda')` instead.
  return torch.cuda.amp.custom_fwd(orig_func)  # type: ignore
/home/siyuan/.local/lib/python3.10/site-packages/fairscale/experimental/nn/offload.py:30: FutureWarning: `torch.cuda.amp.custom_bwd(args...)` is deprecated. Please use `torch.amp.custom_bwd(args..., device_type='cuda')` instead.
  return torch.cuda.amp.custom_bwd(orig_func)  # type: ignore
/home/siyuan/anaconda3/envs/wedetect_official/lib/python3.10/site-packages/mmengine/utils/dl_utils/setup_env.py:56: UserWarning: Setting MKL_NUM_THREADS environment variable for each process to be 1 in default, to avoid your system being overloaded, please further tune the variable for optimal performance in your application as needed.
  warnings.warn(
/home/siyuan/anaconda3/envs/wedetect_official/lib/python3.10/site-packages/mmengine/utils/dl_utils/setup_env.py:56: UserWarning: Setting MKL_NUM_THREADS environment variable for each process to be 1 in default, to avoid your system being overloaded, please further tune the variable for optimal performance in your application as needed.
  warnings.warn(
/home/siyuan/anaconda3/envs/wedetect_official/lib/python3.10/site-packages/mmengine/utils/dl_utils/setup_env.py:56: UserWarning: Setting MKL_NUM_THREADS environment variable for each process to be 1 in default, to avoid your system being overloaded, please further tune the variable for optimal performance in your application as needed.
  warnings.warn(
/home/siyuan/anaconda3/envs/wedetect_official/lib/python3.10/site-packages/mmengine/utils/dl_utils/setup_env.py:56: UserWarning: Setting MKL_NUM_THREADS environment variable for each process to be 1 in default, to avoid your system being overloaded, please further tune the variable for optimal performance in your application as needed.
  warnings.warn(
07/05 03:04:58 - mmengine - INFO - 
------------------------------------------------------------
System environment:
    sys.platform: linux
    Python: 3.10.20 (main, Jun 11 2026, 15:17:37) [GCC 14.3.0]
    CUDA available: True
    MUSA available: False
    numpy_random_seed: 1754780758
    GPU 0,1,2,3: NVIDIA RTX A6000
    CUDA_HOME: /usr/local/cuda-11.3
    NVCC: Cuda compilation tools, release 11.3, V11.3.109
    GCC: gcc (Ubuntu 9.5.0-1ubuntu1~22.04) 9.5.0
    PyTorch: 2.5.1+cu124
    PyTorch compiling details: PyTorch built with:
  - GCC 9.3
  - C++ Version: 201703
  - Intel(R) oneAPI Math Kernel Library Version 2024.2-Product Build 20240605 for Intel(R) 64 architecture applications
  - Intel(R) MKL-DNN v3.5.3 (Git Hash 66f0cb9eb66affd2da3bf5f8d897376f04aae6af)
  - OpenMP 201511 (a.k.a. OpenMP 4.5)
  - LAPACK is enabled (usually provided by MKL)
  - NNPACK is enabled
  - CPU capability usage: AVX2
  - CUDA Runtime 12.4
  - NVCC architecture flags: -gencode;arch=compute_50,code=sm_50;-gencode;arch=compute_60,code=sm_60;-gencode;arch=compute_70,code=sm_70;-gencode;arch=compute_75,code=sm_75;-gencode;arch=compute_80,code=sm_80;-gencode;arch=compute_86,code=sm_86;-gencode;arch=compute_90,code=sm_90
  - CuDNN 90.1
  - Magma 2.6.1
  - Build settings: BLAS_INFO=mkl, BUILD_TYPE=Release, CUDA_VERSION=12.4, CUDNN_VERSION=9.1.0, CXX_COMPILER=/opt/rh/devtoolset-9/root/usr/bin/c++, CXX_FLAGS= -D_GLIBCXX_USE_CXX11_ABI=0 -fabi-version=11 -fvisibility-inlines-hidden -DUSE_PTHREADPOOL -DNDEBUG -DUSE_KINETO -DLIBKINETO_NOROCTRACER -DLIBKINETO_NOXPUPTI=ON -DUSE_FBGEMM -DUSE_PYTORCH_QNNPACK -DUSE_XNNPACK -DSYMBOLICATE_MOBILE_DEBUG_HANDLE -O2 -fPIC -Wall -Wextra -Werror=return-type -Werror=non-virtual-dtor -Werror=bool-operation -Wnarrowing -Wno-missing-field-initializers -Wno-type-limits -Wno-array-bounds -Wno-unknown-pragmas -Wno-unused-parameter -Wno-strict-overflow -Wno-strict-aliasing -Wno-stringop-overflow -Wsuggest-override -Wno-psabi -Wno-error=old-style-cast -Wno-missing-braces -fdiagnostics-color=always -faligned-new -Wno-unused-but-set-variable -Wno-maybe-uninitialized -fno-math-errno -fno-trapping-math -Werror=format -Wno-stringop-overflow, LAPACK_INFO=mkl, PERF_WITH_AVX=1, PERF_WITH_AVX2=1, TORCH_VERSION=2.5.1, USE_CUDA=ON, USE_CUDNN=ON, USE_CUSPARSELT=1, USE_EXCEPTION_PTR=1, USE_GFLAGS=OFF, USE_GLOG=OFF, USE_GLOO=ON, USE_MKL=ON, USE_MKLDNN=ON, USE_MPI=OFF, USE_NCCL=1, USE_NNPACK=ON, USE_OPENMP=ON, USE_ROCM=OFF, USE_ROCM_KERNEL_ASSERT=OFF, 

    TorchVision: 0.20.1+cu124
    OpenCV: 4.10.0
    MMEngine: 0.10.7

Runtime environment:
    cudnn_benchmark: False
    mp_cfg: {'mp_start_method': 'fork', 'opencv_num_threads': 0}
    dist_cfg: {'backend': 'nccl'}
    seed: 1754780758
    Distributed launcher: pytorch
    Distributed training: True
    GPU number: 4
------------------------------------------------------------

07/05 03:04:59 - mmengine - INFO - Config:
CLASS_NAMES = '/home/siyuan/projects/LLMs/OralDetect-Family/OralDetect/datas/class_names_en.json'
CLASS_TEXT = '/home/siyuan/projects/LLMs/OralDetect-Family/OralDetect/datas/class_texts_en.json'
DATAS = '/home/siyuan/projects/LLMs/OralDetect-Family/OralDetect/datas'
DATA_ROOT = '/nfs_share/public/OralGPT/oralgpt-detect-all/coco_format/'
DENTALBERT = '/home/siyuan/projects/LLMs/OralDetect-Family/OralCLIP/Bert_tuning/checkpoints/BiomedNLP-BiomedBERT-base-uncased-abstract-fulltext_dental_mlm/final'
TEST_ANN = '/home/siyuan/projects/LLMs/OralDetect-Family/OralDetect/datas/instances_test.json'
TRAIN_ANN = '/home/siyuan/projects/LLMs/OralDetect-Family/OralDetect/datas/instances_train.json'
affine_scale = 0.5
albu_train_transforms = [
    dict(p=0.01, type='Blur'),
    dict(p=0.01, type='MedianBlur'),
    dict(p=0.01, type='ToGray'),
    dict(p=0.01, type='CLAHE'),
]
backend_args = None
base_lr = 0.0001
close_mosaic_epochs = 4
coco_evaluator = dict(
    ann_file='data/coco/annotations/instances_val2017.json',
    metric='bbox',
    type='CocoMetric')
coco_val_dataset = dict(
    class_text_path='data/texts/coco_zh_class_texts.json',
    dataset=dict(
        ann_file='data/coco/annotations/instances_val2017.json',
        batch_shapes_cfg=None,
        data_prefix=dict(img='val2017'),
        data_root='data/coco/',
        test_mode=True,
        type='WeCocoDataset'),
    pipeline=[
        dict(backend_args=None, type='LoadImageFromFile'),
        dict(scale=(
            640,
            640,
        ), type='WeDetectKeepRatioResize'),
        dict(
            allow_scale_up=False,
            pad_val=dict(img=114),
            scale=(
                640,
                640,
            ),
            type='WeDetectLetterResize'),
        dict(_scope_='mmdet', type='LoadAnnotations', with_bbox=True),
        dict(type='LoadText'),
        dict(
            meta_keys=(
                'img_id',
                'img_path',
                'ori_shape',
                'img_shape',
                'scale_factor',
                'pad_param',
                'texts',
            ),
            type='PackDetInputs'),
    ],
    type='MultiModalDataset')
custom_hooks = []
custom_imports = dict(
    allow_failed_imports=False, imports=[
        'wedetect',
    ])
default_hooks = dict(
    checkpoint=dict(
        interval=1,
        max_keep_ckpts=3,
        save_best='coco/bbox_mAP',
        type='CheckpointHook'),
    logger=dict(interval=50, type='LoggerHook'),
    param_scheduler=dict(type='ParamSchedulerHook'),
    sampler_seed=dict(type='DistSamplerSeedHook'),
    timer=dict(type='IterTimerHook'),
    visualization=dict(type='mmdet.DetVisualizationHook'))
default_scope = 'mmdet'
dist_cfg = dict(backend='nccl', timeout=10800)
env_cfg = dict(
    cudnn_benchmark=False,
    dist_cfg=dict(backend='nccl'),
    mp_cfg=dict(mp_start_method='fork', opencv_num_threads=0))
find_unused_parameters = True
img_scale = (
    640,
    640,
)
launcher = 'pytorch'
load_from = '/home/siyuan/projects/LLMs/OralDetect-Family/OralCLIP/pretrained/wedetect_oralclipv11_dentalbert_init.pth'
log_level = 'INFO'
log_processor = dict(by_epoch=True, type='LogProcessor', window_size=50)
loss_bbox_weight = 7.5
loss_cls_weight = 0.5
loss_dfl_weight = 0.375
lvis_minival_dataset = dict(
    class_text_path='data/texts/lvis_v1_zh_class_texts.json',
    dataset=dict(
        ann_file='data/lvis/lvis_v1_minival_inserted_image_name.json',
        batch_shapes_cfg=None,
        data_prefix=dict(img=''),
        data_root='data/coco/',
        test_mode=True,
        type='YOLOv5LVISV1Dataset'),
    pipeline=[
        dict(backend_args=None, type='LoadImageFromFile'),
        dict(scale=(
            640,
            640,
        ), type='WeDetectKeepRatioResize'),
        dict(
            allow_scale_up=False,
            pad_val=dict(img=114),
            scale=(
                640,
                640,
            ),
            type='WeDetectLetterResize'),
        dict(_scope_='mmdet', type='LoadAnnotations', with_bbox=True),
        dict(type='LoadText'),
        dict(
            meta_keys=(
                'img_id',
                'img_path',
                'ori_shape',
                'img_shape',
                'scale_factor',
                'pad_param',
                'texts',
            ),
            type='PackDetInputs'),
    ],
    type='MultiModalDataset')
lvis_minival_evaluator = dict(
    ann_file='data/lvis/lvis_v1_minival_inserted_image_name.json',
    metric='bbox',
    type='LVISMetric')
lvis_od_val_dataset = dict(
    class_text_path='data/texts/lvis_v1_zh_class_texts.json',
    dataset=dict(
        ann_file='data/lvis/lvis_od_val.json',
        batch_shapes_cfg=None,
        data_prefix=dict(img=''),
        data_root='data/coco/',
        test_mode=True,
        type='YOLOv5LVISV1Dataset'),
    pipeline=[
        dict(backend_args=None, type='LoadImageFromFile'),
        dict(scale=(
            640,
            640,
        ), type='WeDetectKeepRatioResize'),
        dict(
            allow_scale_up=False,
            pad_val=dict(img=114),
            scale=(
                640,
                640,
            ),
            type='WeDetectLetterResize'),
        dict(_scope_='mmdet', type='LoadAnnotations', with_bbox=True),
        dict(type='LoadText'),
        dict(
            meta_keys=(
                'img_id',
                'img_path',
                'ori_shape',
                'img_shape',
                'scale_factor',
                'pad_param',
                'texts',
            ),
            type='PackDetInputs'),
    ],
    type='MultiModalDataset')
lvis_od_val_evaluator = dict(
    ann_file='data/lvis/lvis_od_val.json', metric='bbox', type='LVISMetric')
max_epochs = 8
metainfo = dict(
    classes=(
        'abnormal oral epithelial cell',
        'alveolar bone loss',
        'anterior teeth with fluorosis',
        'anterior teeth without fluorosis',
        'blood cell',
        'canine',
        'central incisor',
        'craniofacial or oral anomaly',
        'deep dental caries',
        'dental abrasion',
        'dental caries',
        'dental crown restoration',
        'dental filling',
        'dental implant',
        'dental opacity',
        'dental restoration',
        'dividing oral cell',
        'first molar',
        'first premolar',
        'foreign object or debris',
        'grade I oral cytology (normal)',
        'grade II oral cytology (atypical)',
        'grade III oral cytology (suspicious)',
        'grade IV oral cytology (malignant)',
        'impacted tooth',
        'impacted wisdom tooth',
        'intraoral appliance',
        'lateral incisor',
        'malaligned tooth',
        'mandibular canal',
        'maxillary sinus',
        'missing or residual root',
        'missing teeth',
        'normal oral mucosa',
        'normal oral tissue',
        'oral squamous cell carcinoma tumor',
        'orthodontic bracket',
        'out-of-focus cell',
        'periapical abscess',
        'periapical cyst',
        'periapical granuloma',
        'periapical lesion',
        'quadrant 1 (upper right)',
        'quadrant 2 (upper left)',
        'quadrant 3 (lower left)',
        'quadrant 4 (lower right)',
        'reactive oral cell',
        'restoration with secondary caries',
        'retained root',
        'root canal treatment',
        'root piece',
        'second molar',
        'second premolar',
        'severe gingivitis',
        'tooth',
        'tooth 11 (upper right central incisor)',
        'tooth 12 (upper right lateral incisor)',
        'tooth 13 (upper right canine)',
        'tooth 14 (upper right first premolar)',
        'tooth 15 (upper right second premolar)',
        'tooth 16 (upper right first molar)',
        'tooth 17 (upper right second molar)',
        'tooth 18 (upper right third molar)',
        'tooth 21 (upper left central incisor)',
        'tooth 22 (upper left lateral incisor)',
        'tooth 23 (upper left canine)',
        'tooth 24 (upper left first premolar)',
        'tooth 25 (upper left second premolar)',
        'tooth 26 (upper left first molar)',
        'tooth 27 (upper left second molar)',
        'tooth 28 (upper left third molar)',
        'tooth 31 (lower left central incisor)',
        'tooth 32 (lower left lateral incisor)',
        'tooth 33 (lower left canine)',
        'tooth 34 (lower left first premolar)',
        'tooth 35 (lower left second premolar)',
        'tooth 36 (lower left first molar)',
        'tooth 37 (lower left second molar)',
        'tooth 38 (lower left third molar)',
        'tooth 41 (lower right central incisor)',
        'tooth 42 (lower right lateral incisor)',
        'tooth 43 (lower right canine)',
        'tooth 44 (lower right first premolar)',
        'tooth 45 (lower right second premolar)',
        'tooth 46 (lower right first molar)',
        'tooth 47 (lower right second molar)',
        'tooth 48 (lower right third molar)',
        'tooth erosion',
        'tooth malformation',
        'treated tooth',
        'unclassified cell',
    ))
mixup_prob = 0.15
model = dict(
    backbone=dict(
        image_model=dict(
            frozen_modules=[
                'all',
            ],
            model_name='base',
            type='ConvNextVisionBackbone'),
        text_model=dict(
            frozen_modules=[
                'all',
            ],
            model_name=
            '/home/siyuan/projects/LLMs/OralDetect-Family/OralCLIP/Bert_tuning/checkpoints/BiomedNLP-BiomedBERT-base-uncased-abstract-fulltext_dental_mlm/final',
            model_size='base',
            type='DentalBertLanguageBackbone'),
        type='MultiModalYOLOBackbone'),
    bbox_head=dict(
        bbox_coder=dict(type='WeDetectDistancePointBBoxCoder'),
        head_module=dict(
            embed_dims=768,
            in_channels=[
                256,
                512,
                1024,
            ],
            model_size='base',
            num_classes=91,
            type='YOLOWorldHeadModule',
            use_bn_head=True),
        loss_bbox=dict(
            bbox_format='xyxy',
            iou_mode='ciou',
            loss_weight=7.5,
            reduction='sum',
            return_iou=False,
            type='mmyoloIoULoss'),
        loss_cls=dict(
            loss_weight=0.5,
            reduction='none',
            type='CrossEntropyLoss',
            use_sigmoid=True),
        loss_dfl=dict(
            loss_weight=0.375, reduction='mean', type='DistributionFocalLoss'),
        prior_generator=dict(
            offset=0.5, strides=[
                8,
                16,
                32,
            ], type='MlvlPointGenerator'),
        type='YOLOWorldHead'),
    data_preprocessor=dict(
        bgr_to_rgb=True,
        mean=[
            0.0,
            0.0,
            0.0,
        ],
        std=[
            255.0,
            255.0,
            255.0,
        ],
        type='YOLOWDetDataPreprocessor'),
    mm_neck=False,
    neck=dict(model_size='base', scale_factor=1.0, type='CSPRepBiFPANNeck'),
    num_test_classes=91,
    num_train_classes=91,
    test_cfg=dict(
        max_per_img=300,
        multi_label=True,
        nms=dict(iou_threshold=0.7, type='nms'),
        nms_pre=30000,
        score_thr=0.001),
    train_cfg=dict(
        assigner=dict(
            alpha=0.5,
            beta=6.0,
            eps=1e-09,
            num_classes=91,
            topk=10,
            type='BatchTaskAlignedAssigner',
            use_ciou=True)),
    type='YOLOWorldDetector')
model_test_cfg = dict(
    max_per_img=300,
    multi_label=True,
    nms=dict(iou_threshold=0.7, type='nms'),
    nms_pre=30000,
    score_thr=0.001)
mosaic_affine_transform = [
    dict(
        img_scale=(
            640,
            640,
        ),
        pad_val=114.0,
        pre_transform=[
            dict(backend_args=None, type='LoadImageFromFile'),
            dict(type='LoadAnnotations', with_bbox=True),
        ],
        type='MultiModalMosaic'),
    dict(
        border=(
            -320,
            -320,
        ),
        border_val=(
            114,
            114,
            114,
        ),
        max_aspect_ratio=100.0,
        max_rotate_degree=0.0,
        max_shear_degree=0.0,
        scaling_ratio_range=(
            0.5,
            1.5,
        ),
        type='WeDetectRandomAffine'),
]
neck_embed_channels = [
    128,
    256,
    512,
]
neck_num_heads = [
    4,
    8,
    16,
]
num_classes = 91
num_training_classes = 91
optim_wrapper = dict(
    clip_grad=dict(max_norm=10.0),
    constructor='YOLOWv5OptimizerConstructor',
    optimizer=dict(
        batch_size_per_gpu=8, lr=0.0001, type='AdamW', weight_decay=0.05),
    paramwise_cfg=dict(
        custom_keys=dict({
            'backbone.text_model': dict(lr_mult=0.1),
            'logit_scale': dict(weight_decay=0.0)
        })),
    type='OptimWrapper')
param_scheduler = [
    dict(
        begin=0,
        by_epoch=False,
        end=1000,
        end_factor=1.0,
        start_factor=0.001,
        type='LinearLR'),
    dict(
        begin=0,
        by_epoch=True,
        convert_to_iter_based=True,
        end=8,
        end_factor=0.01,
        start_factor=1.0,
        type='LinearLR'),
]
persistent_workers = True
pre_transform = [
    dict(backend_args=None, type='LoadImageFromFile'),
    dict(type='LoadAnnotations', with_bbox=True),
]
resume = False
save_epoch_intervals = 1
tal_alpha = 0.5
tal_beta = 6.0
tal_topk = 10
test_cfg = dict(type='TestLoop')
test_dataloader = dict(
    batch_size=1,
    dataset=dict(
        class_text_path=
        '/home/siyuan/projects/LLMs/OralDetect-Family/OralDetect/datas/class_texts_en.json',
        dataset=dict(
            ann_file=
            '/home/siyuan/projects/LLMs/OralDetect-Family/OralDetect/datas/instances_test.json',
            batch_shapes_cfg=None,
            data_prefix=dict(img='all2017/'),
            data_root=
            '/nfs_share/public/OralGPT/oralgpt-detect-all/coco_format/',
            metainfo=dict(
                classes=(
                    'abnormal oral epithelial cell',
                    'alveolar bone loss',
                    'anterior teeth with fluorosis',
                    'anterior teeth without fluorosis',
                    'blood cell',
                    'canine',
                    'central incisor',
                    'craniofacial or oral anomaly',
                    'deep dental caries',
                    'dental abrasion',
                    'dental caries',
                    'dental crown restoration',
                    'dental filling',
                    'dental implant',
                    'dental opacity',
                    'dental restoration',
                    'dividing oral cell',
                    'first molar',
                    'first premolar',
                    'foreign object or debris',
                    'grade I oral cytology (normal)',
                    'grade II oral cytology (atypical)',
                    'grade III oral cytology (suspicious)',
                    'grade IV oral cytology (malignant)',
                    'impacted tooth',
                    'impacted wisdom tooth',
                    'intraoral appliance',
                    'lateral incisor',
                    'malaligned tooth',
                    'mandibular canal',
                    'maxillary sinus',
                    'missing or residual root',
                    'missing teeth',
                    'normal oral mucosa',
                    'normal oral tissue',
                    'oral squamous cell carcinoma tumor',
                    'orthodontic bracket',
                    'out-of-focus cell',
                    'periapical abscess',
                    'periapical cyst',
                    'periapical granuloma',
                    'periapical lesion',
                    'quadrant 1 (upper right)',
                    'quadrant 2 (upper left)',
                    'quadrant 3 (lower left)',
                    'quadrant 4 (lower right)',
                    'reactive oral cell',
                    'restoration with secondary caries',
                    'retained root',
                    'root canal treatment',
                    'root piece',
                    'second molar',
                    'second premolar',
                    'severe gingivitis',
                    'tooth',
                    'tooth 11 (upper right central incisor)',
                    'tooth 12 (upper right lateral incisor)',
                    'tooth 13 (upper right canine)',
                    'tooth 14 (upper right first premolar)',
                    'tooth 15 (upper right second premolar)',
                    'tooth 16 (upper right first molar)',
                    'tooth 17 (upper right second molar)',
                    'tooth 18 (upper right third molar)',
                    'tooth 21 (upper left central incisor)',
                    'tooth 22 (upper left lateral incisor)',
                    'tooth 23 (upper left canine)',
                    'tooth 24 (upper left first premolar)',
                    'tooth 25 (upper left second premolar)',
                    'tooth 26 (upper left first molar)',
                    'tooth 27 (upper left second molar)',
                    'tooth 28 (upper left third molar)',
                    'tooth 31 (lower left central incisor)',
                    'tooth 32 (lower left lateral incisor)',
                    'tooth 33 (lower left canine)',
                    'tooth 34 (lower left first premolar)',
                    'tooth 35 (lower left second premolar)',
                    'tooth 36 (lower left first molar)',
                    'tooth 37 (lower left second molar)',
                    'tooth 38 (lower left third molar)',
                    'tooth 41 (lower right central incisor)',
                    'tooth 42 (lower right lateral incisor)',
                    'tooth 43 (lower right canine)',
                    'tooth 44 (lower right first premolar)',
                    'tooth 45 (lower right second premolar)',
                    'tooth 46 (lower right first molar)',
                    'tooth 47 (lower right second molar)',
                    'tooth 48 (lower right third molar)',
                    'tooth erosion',
                    'tooth malformation',
                    'treated tooth',
                    'unclassified cell',
                )),
            test_mode=True,
            type='WeCocoDataset'),
        pipeline=[
            dict(backend_args=None, type='LoadImageFromFile'),
            dict(scale=(
                640,
                640,
            ), type='WeDetectKeepRatioResize'),
            dict(
                allow_scale_up=False,
                pad_val=dict(img=114),
                scale=(
                    640,
                    640,
                ),
                type='WeDetectLetterResize'),
            dict(_scope_='mmdet', type='LoadAnnotations', with_bbox=True),
            dict(type='LoadText'),
            dict(
                meta_keys=(
                    'img_id',
                    'img_path',
                    'ori_shape',
                    'img_shape',
                    'scale_factor',
                    'pad_param',
                    'texts',
                ),
                type='PackDetInputs'),
        ],
        type='MultiModalDataset'),
    drop_last=False,
    num_workers=2,
    persistent_workers=True,
    pin_memory=True,
    sampler=dict(shuffle=False, type='DefaultSampler'))
test_evaluator = dict(
    ann_file=
    '/home/siyuan/projects/LLMs/OralDetect-Family/OralDetect/datas/instances_test.json',
    metric='bbox',
    type='CocoMetric')
test_pipeline = [
    dict(backend_args=None, type='LoadImageFromFile'),
    dict(scale=(
        640,
        640,
    ), type='WeDetectKeepRatioResize'),
    dict(
        allow_scale_up=False,
        pad_val=dict(img=114),
        scale=(
            640,
            640,
        ),
        type='WeDetectLetterResize'),
    dict(_scope_='mmdet', type='LoadAnnotations', with_bbox=True),
    dict(type='LoadText'),
    dict(
        meta_keys=(
            'img_id',
            'img_path',
            'ori_shape',
            'img_shape',
            'scale_factor',
            'pad_param',
            'texts',
        ),
        type='PackDetInputs'),
]
text_channels = 768
text_transform = [
    dict(
        max_num_samples=91,
        num_neg_samples=(
            91,
            91,
        ),
        padding_to_max=True,
        padding_value='',
        type='RandomLoadText'),
    dict(
        meta_keys=(
            'img_id',
            'img_path',
            'ori_shape',
            'img_shape',
            'flip',
            'flip_direction',
            'texts',
        ),
        type='mmdet.PackDetInputs'),
]
train_batch_size_per_gpu = 8
train_cfg = dict(
    dynamic_intervals=[
        (
            8,
            1,
        ),
    ],
    max_epochs=8,
    type='EpochBasedTrainLoop',
    val_interval=2)
train_dataloader = dict(
    batch_size=8,
    collate_fn=dict(type='yolow_collate'),
    dataset=dict(
        class_text_path=
        '/home/siyuan/projects/LLMs/OralDetect-Family/OralDetect/datas/class_texts_en.json',
        dataset=dict(
            ann_file=
            '/home/siyuan/projects/LLMs/OralDetect-Family/OralDetect/datas/instances_train.json',
            data_prefix=dict(img='all2017/'),
            data_root=
            '/nfs_share/public/OralGPT/oralgpt-detect-all/coco_format/',
            filter_cfg=dict(filter_empty_gt=False, min_size=32),
            metainfo=dict(
                classes=(
                    'abnormal oral epithelial cell',
                    'alveolar bone loss',
                    'anterior teeth with fluorosis',
                    'anterior teeth without fluorosis',
                    'blood cell',
                    'canine',
                    'central incisor',
                    'craniofacial or oral anomaly',
                    'deep dental caries',
                    'dental abrasion',
                    'dental caries',
                    'dental crown restoration',
                    'dental filling',
                    'dental implant',
                    'dental opacity',
                    'dental restoration',
                    'dividing oral cell',
                    'first molar',
                    'first premolar',
                    'foreign object or debris',
                    'grade I oral cytology (normal)',
                    'grade II oral cytology (atypical)',
                    'grade III oral cytology (suspicious)',
                    'grade IV oral cytology (malignant)',
                    'impacted tooth',
                    'impacted wisdom tooth',
                    'intraoral appliance',
                    'lateral incisor',
                    'malaligned tooth',
                    'mandibular canal',
                    'maxillary sinus',
                    'missing or residual root',
                    'missing teeth',
                    'normal oral mucosa',
                    'normal oral tissue',
                    'oral squamous cell carcinoma tumor',
                    'orthodontic bracket',
                    'out-of-focus cell',
                    'periapical abscess',
                    'periapical cyst',
                    'periapical granuloma',
                    'periapical lesion',
                    'quadrant 1 (upper right)',
                    'quadrant 2 (upper left)',
                    'quadrant 3 (lower left)',
                    'quadrant 4 (lower right)',
                    'reactive oral cell',
                    'restoration with secondary caries',
                    'retained root',
                    'root canal treatment',
                    'root piece',
                    'second molar',
                    'second premolar',
                    'severe gingivitis',
                    'tooth',
                    'tooth 11 (upper right central incisor)',
                    'tooth 12 (upper right lateral incisor)',
                    'tooth 13 (upper right canine)',
                    'tooth 14 (upper right first premolar)',
                    'tooth 15 (upper right second premolar)',
                    'tooth 16 (upper right first molar)',
                    'tooth 17 (upper right second molar)',
                    'tooth 18 (upper right third molar)',
                    'tooth 21 (upper left central incisor)',
                    'tooth 22 (upper left lateral incisor)',
                    'tooth 23 (upper left canine)',
                    'tooth 24 (upper left first premolar)',
                    'tooth 25 (upper left second premolar)',
                    'tooth 26 (upper left first molar)',
                    'tooth 27 (upper left second molar)',
                    'tooth 28 (upper left third molar)',
                    'tooth 31 (lower left central incisor)',
                    'tooth 32 (lower left lateral incisor)',
                    'tooth 33 (lower left canine)',
                    'tooth 34 (lower left first premolar)',
                    'tooth 35 (lower left second premolar)',
                    'tooth 36 (lower left first molar)',
                    'tooth 37 (lower left second molar)',
                    'tooth 38 (lower left third molar)',
                    'tooth 41 (lower right central incisor)',
                    'tooth 42 (lower right lateral incisor)',
                    'tooth 43 (lower right canine)',
                    'tooth 44 (lower right first premolar)',
                    'tooth 45 (lower right second premolar)',
                    'tooth 46 (lower right first molar)',
                    'tooth 47 (lower right second molar)',
                    'tooth 48 (lower right third molar)',
                    'tooth erosion',
                    'tooth malformation',
                    'treated tooth',
                    'unclassified cell',
                )),
            type='WeCocoDataset'),
        pipeline=[
            dict(backend_args=None, type='LoadImageFromFile'),
            dict(type='LoadAnnotations', with_bbox=True),
            dict(
                img_scale=(
                    640,
                    640,
                ),
                pad_val=114.0,
                pre_transform=[
                    dict(backend_args=None, type='LoadImageFromFile'),
                    dict(type='LoadAnnotations', with_bbox=True),
                ],
                type='MultiModalMosaic'),
            dict(
                border=(
                    -320,
                    -320,
                ),
                border_val=(
                    114,
                    114,
                    114,
                ),
                max_aspect_ratio=100.0,
                max_rotate_degree=0.0,
                max_shear_degree=0.0,
                scaling_ratio_range=(
                    0.5,
                    1.5,
                ),
                type='WeDetectRandomAffine'),
            dict(
                pre_transform=[
                    dict(backend_args=None, type='LoadImageFromFile'),
                    dict(type='LoadAnnotations', with_bbox=True),
                    dict(
                        img_scale=(
                            640,
                            640,
                        ),
                        pad_val=114.0,
                        pre_transform=[
                            dict(backend_args=None, type='LoadImageFromFile'),
                            dict(type='LoadAnnotations', with_bbox=True),
                        ],
                        type='MultiModalMosaic'),
                    dict(
                        border=(
                            -320,
                            -320,
                        ),
                        border_val=(
                            114,
                            114,
                            114,
                        ),
                        max_aspect_ratio=100.0,
                        max_rotate_degree=0.0,
                        max_shear_degree=0.0,
                        scaling_ratio_range=(
                            0.5,
                            1.5,
                        ),
                        type='WeDetectRandomAffine'),
                ],
                prob=0.15,
                type='YOLOv5MultiModalMixUp'),
            dict(
                bbox_params=dict(
                    format='pascal_voc',
                    label_fields=[
                        'gt_bboxes_labels',
                        'gt_ignore_flags',
                    ],
                    type='BboxParams'),
                keymap=dict(gt_bboxes='bboxes', img='image'),
                transforms=[
                    dict(p=0.01, type='Blur'),
                    dict(p=0.01, type='MedianBlur'),
                    dict(p=0.01, type='ToGray'),
                    dict(p=0.01, type='CLAHE'),
                ],
                type='mmdet.Albu'),
            dict(type='WeDetectHSVRandomAug'),
            dict(prob=0.5, type='mmdet.RandomFlip'),
            dict(
                max_num_samples=91,
                num_neg_samples=(
                    91,
                    91,
                ),
                padding_to_max=True,
                padding_value='',
                type='RandomLoadText'),
            dict(
                meta_keys=(
                    'img_id',
                    'img_path',
                    'ori_shape',
                    'img_shape',
                    'flip',
                    'flip_direction',
                    'texts',
                ),
                type='mmdet.PackDetInputs'),
        ],
        type='MultiModalDataset'),
    num_workers=4,
    persistent_workers=True,
    sampler=dict(shuffle=True, type='DefaultSampler'))
train_dataset = dict(
    class_text_path=
    '/home/siyuan/projects/LLMs/OralDetect-Family/OralDetect/datas/class_texts_en.json',
    dataset=dict(
        ann_file=
        '/home/siyuan/projects/LLMs/OralDetect-Family/OralDetect/datas/instances_train.json',
        data_prefix=dict(img='all2017/'),
        data_root='/nfs_share/public/OralGPT/oralgpt-detect-all/coco_format/',
        filter_cfg=dict(filter_empty_gt=False, min_size=32),
        metainfo=dict(
            classes=(
                'abnormal oral epithelial cell',
                'alveolar bone loss',
                'anterior teeth with fluorosis',
                'anterior teeth without fluorosis',
                'blood cell',
                'canine',
                'central incisor',
                'craniofacial or oral anomaly',
                'deep dental caries',
                'dental abrasion',
                'dental caries',
                'dental crown restoration',
                'dental filling',
                'dental implant',
                'dental opacity',
                'dental restoration',
                'dividing oral cell',
                'first molar',
                'first premolar',
                'foreign object or debris',
                'grade I oral cytology (normal)',
                'grade II oral cytology (atypical)',
                'grade III oral cytology (suspicious)',
                'grade IV oral cytology (malignant)',
                'impacted tooth',
                'impacted wisdom tooth',
                'intraoral appliance',
                'lateral incisor',
                'malaligned tooth',
                'mandibular canal',
                'maxillary sinus',
                'missing or residual root',
                'missing teeth',
                'normal oral mucosa',
                'normal oral tissue',
                'oral squamous cell carcinoma tumor',
                'orthodontic bracket',
                'out-of-focus cell',
                'periapical abscess',
                'periapical cyst',
                'periapical granuloma',
                'periapical lesion',
                'quadrant 1 (upper right)',
                'quadrant 2 (upper left)',
                'quadrant 3 (lower left)',
                'quadrant 4 (lower right)',
                'reactive oral cell',
                'restoration with secondary caries',
                'retained root',
                'root canal treatment',
                'root piece',
                'second molar',
                'second premolar',
                'severe gingivitis',
                'tooth',
                'tooth 11 (upper right central incisor)',
                'tooth 12 (upper right lateral incisor)',
                'tooth 13 (upper right canine)',
                'tooth 14 (upper right first premolar)',
                'tooth 15 (upper right second premolar)',
                'tooth 16 (upper right first molar)',
                'tooth 17 (upper right second molar)',
                'tooth 18 (upper right third molar)',
                'tooth 21 (upper left central incisor)',
                'tooth 22 (upper left lateral incisor)',
                'tooth 23 (upper left canine)',
                'tooth 24 (upper left first premolar)',
                'tooth 25 (upper left second premolar)',
                'tooth 26 (upper left first molar)',
                'tooth 27 (upper left second molar)',
                'tooth 28 (upper left third molar)',
                'tooth 31 (lower left central incisor)',
                'tooth 32 (lower left lateral incisor)',
                'tooth 33 (lower left canine)',
                'tooth 34 (lower left first premolar)',
                'tooth 35 (lower left second premolar)',
                'tooth 36 (lower left first molar)',
                'tooth 37 (lower left second molar)',
                'tooth 38 (lower left third molar)',
                'tooth 41 (lower right central incisor)',
                'tooth 42 (lower right lateral incisor)',
                'tooth 43 (lower right canine)',
                'tooth 44 (lower right first premolar)',
                'tooth 45 (lower right second premolar)',
                'tooth 46 (lower right first molar)',
                'tooth 47 (lower right second molar)',
                'tooth 48 (lower right third molar)',
                'tooth erosion',
                'tooth malformation',
                'treated tooth',
                'unclassified cell',
            )),
        type='WeCocoDataset'),
    pipeline=[
        dict(backend_args=None, type='LoadImageFromFile'),
        dict(type='LoadAnnotations', with_bbox=True),
        dict(
            img_scale=(
                640,
                640,
            ),
            pad_val=114.0,
            pre_transform=[
                dict(backend_args=None, type='LoadImageFromFile'),
                dict(type='LoadAnnotations', with_bbox=True),
            ],
            type='MultiModalMosaic'),
        dict(
            border=(
                -320,
                -320,
            ),
            border_val=(
                114,
                114,
                114,
            ),
            max_aspect_ratio=100.0,
            max_rotate_degree=0.0,
            max_shear_degree=0.0,
            scaling_ratio_range=(
                0.5,
                1.5,
            ),
            type='WeDetectRandomAffine'),
        dict(
            pre_transform=[
                dict(backend_args=None, type='LoadImageFromFile'),
                dict(type='LoadAnnotations', with_bbox=True),
                dict(
                    img_scale=(
                        640,
                        640,
                    ),
                    pad_val=114.0,
                    pre_transform=[
                        dict(backend_args=None, type='LoadImageFromFile'),
                        dict(type='LoadAnnotations', with_bbox=True),
                    ],
                    type='MultiModalMosaic'),
                dict(
                    border=(
                        -320,
                        -320,
                    ),
                    border_val=(
                        114,
                        114,
                        114,
                    ),
                    max_aspect_ratio=100.0,
                    max_rotate_degree=0.0,
                    max_shear_degree=0.0,
                    scaling_ratio_range=(
                        0.5,
                        1.5,
                    ),
                    type='WeDetectRandomAffine'),
            ],
            prob=0.15,
            type='YOLOv5MultiModalMixUp'),
        dict(
            bbox_params=dict(
                format='pascal_voc',
                label_fields=[
                    'gt_bboxes_labels',
                    'gt_ignore_flags',
                ],
                type='BboxParams'),
            keymap=dict(gt_bboxes='bboxes', img='image'),
            transforms=[
                dict(p=0.01, type='Blur'),
                dict(p=0.01, type='MedianBlur'),
                dict(p=0.01, type='ToGray'),
                dict(p=0.01, type='CLAHE'),
            ],
            type='mmdet.Albu'),
        dict(type='WeDetectHSVRandomAug'),
        dict(prob=0.5, type='mmdet.RandomFlip'),
        dict(
            max_num_samples=91,
            num_neg_samples=(
                91,
                91,
            ),
            padding_to_max=True,
            padding_value='',
            type='RandomLoadText'),
        dict(
            meta_keys=(
                'img_id',
                'img_path',
                'ori_shape',
                'img_shape',
                'flip',
                'flip_direction',
                'texts',
            ),
            type='mmdet.PackDetInputs'),
    ],
    type='MultiModalDataset')
train_pipeline = [
    dict(backend_args=None, type='LoadImageFromFile'),
    dict(type='LoadAnnotations', with_bbox=True),
    dict(
        img_scale=(
            640,
            640,
        ),
        pad_val=114.0,
        pre_transform=[
            dict(backend_args=None, type='LoadImageFromFile'),
            dict(type='LoadAnnotations', with_bbox=True),
        ],
        type='MultiModalMosaic'),
    dict(
        border=(
            -320,
            -320,
        ),
        border_val=(
            114,
            114,
            114,
        ),
        max_aspect_ratio=100.0,
        max_rotate_degree=0.0,
        max_shear_degree=0.0,
        scaling_ratio_range=(
            0.5,
            1.5,
        ),
        type='WeDetectRandomAffine'),
    dict(
        pre_transform=[
            dict(backend_args=None, type='LoadImageFromFile'),
            dict(type='LoadAnnotations', with_bbox=True),
            dict(
                img_scale=(
                    640,
                    640,
                ),
                pad_val=114.0,
                pre_transform=[
                    dict(backend_args=None, type='LoadImageFromFile'),
                    dict(type='LoadAnnotations', with_bbox=True),
                ],
                type='MultiModalMosaic'),
            dict(
                border=(
                    -320,
                    -320,
                ),
                border_val=(
                    114,
                    114,
                    114,
                ),
                max_aspect_ratio=100.0,
                max_rotate_degree=0.0,
                max_shear_degree=0.0,
                scaling_ratio_range=(
                    0.5,
                    1.5,
                ),
                type='WeDetectRandomAffine'),
        ],
        prob=0.15,
        type='YOLOv5MultiModalMixUp'),
    dict(
        bbox_params=dict(
            format='pascal_voc',
            label_fields=[
                'gt_bboxes_labels',
                'gt_ignore_flags',
            ],
            type='BboxParams'),
        keymap=dict(gt_bboxes='bboxes', img='image'),
        transforms=[
            dict(p=0.01, type='Blur'),
            dict(p=0.01, type='MedianBlur'),
            dict(p=0.01, type='ToGray'),
            dict(p=0.01, type='CLAHE'),
        ],
        type='mmdet.Albu'),
    dict(type='WeDetectHSVRandomAug'),
    dict(prob=0.5, type='mmdet.RandomFlip'),
    dict(
        max_num_samples=91,
        num_neg_samples=(
            91,
            91,
        ),
        padding_to_max=True,
        padding_value='',
        type='RandomLoadText'),
    dict(
        meta_keys=(
            'img_id',
            'img_path',
            'ori_shape',
            'img_shape',
            'flip',
            'flip_direction',
            'texts',
        ),
        type='mmdet.PackDetInputs'),
]
train_pipeline_stage2 = [
    dict(backend_args=None, type='LoadImageFromFile'),
    dict(type='LoadAnnotations', with_bbox=True),
    dict(scale=(
        640,
        640,
    ), type='WeDetectKeepRatioResize'),
    dict(
        allow_scale_up=True,
        pad_val=dict(img=114.0),
        scale=(
            640,
            640,
        ),
        type='WeDetectLetterResize'),
    dict(
        border_val=(
            114,
            114,
            114,
        ),
        max_aspect_ratio=100,
        max_rotate_degree=0.0,
        max_shear_degree=0.0,
        scaling_ratio_range=(
            0.5,
            1.5,
        ),
        type='WeDetectRandomAffine'),
    dict(
        bbox_params=dict(
            format='pascal_voc',
            label_fields=[
                'gt_bboxes_labels',
                'gt_ignore_flags',
            ],
            type='BboxParams'),
        keymap=dict(gt_bboxes='bboxes', img='image'),
        transforms=[
            dict(p=0.01, type='Blur'),
            dict(p=0.01, type='MedianBlur'),
            dict(p=0.01, type='ToGray'),
            dict(p=0.01, type='CLAHE'),
        ],
        type='mmdet.Albu'),
    dict(type='WeDetectHSVRandomAug'),
    dict(prob=0.5, type='mmdet.RandomFlip'),
    dict(
        max_num_samples=91,
        num_neg_samples=(
            91,
            91,
        ),
        padding_to_max=True,
        padding_value='',
        type='RandomLoadText'),
    dict(
        meta_keys=(
            'img_id',
            'img_path',
            'ori_shape',
            'img_shape',
            'flip',
            'flip_direction',
            'texts',
        ),
        type='mmdet.PackDetInputs'),
]
val_cfg = dict(type='ValLoop')
val_dataloader = dict(
    batch_size=1,
    dataset=dict(
        class_text_path=
        '/home/siyuan/projects/LLMs/OralDetect-Family/OralDetect/datas/class_texts_en.json',
        dataset=dict(
            ann_file=
            '/home/siyuan/projects/LLMs/OralDetect-Family/OralDetect/datas/instances_test.json',
            batch_shapes_cfg=None,
            data_prefix=dict(img='all2017/'),
            data_root=
            '/nfs_share/public/OralGPT/oralgpt-detect-all/coco_format/',
            metainfo=dict(
                classes=(
                    'abnormal oral epithelial cell',
                    'alveolar bone loss',
                    'anterior teeth with fluorosis',
                    'anterior teeth without fluorosis',
                    'blood cell',
                    'canine',
                    'central incisor',
                    'craniofacial or oral anomaly',
                    'deep dental caries',
                    'dental abrasion',
                    'dental caries',
                    'dental crown restoration',
                    'dental filling',
                    'dental implant',
                    'dental opacity',
                    'dental restoration',
                    'dividing oral cell',
                    'first molar',
                    'first premolar',
                    'foreign object or debris',
                    'grade I oral cytology (normal)',
                    'grade II oral cytology (atypical)',
                    'grade III oral cytology (suspicious)',
                    'grade IV oral cytology (malignant)',
                    'impacted tooth',
                    'impacted wisdom tooth',
                    'intraoral appliance',
                    'lateral incisor',
                    'malaligned tooth',
                    'mandibular canal',
                    'maxillary sinus',
                    'missing or residual root',
                    'missing teeth',
                    'normal oral mucosa',
                    'normal oral tissue',
                    'oral squamous cell carcinoma tumor',
                    'orthodontic bracket',
                    'out-of-focus cell',
                    'periapical abscess',
                    'periapical cyst',
                    'periapical granuloma',
                    'periapical lesion',
                    'quadrant 1 (upper right)',
                    'quadrant 2 (upper left)',
                    'quadrant 3 (lower left)',
                    'quadrant 4 (lower right)',
                    'reactive oral cell',
                    'restoration with secondary caries',
                    'retained root',
                    'root canal treatment',
                    'root piece',
                    'second molar',
                    'second premolar',
                    'severe gingivitis',
                    'tooth',
                    'tooth 11 (upper right central incisor)',
                    'tooth 12 (upper right lateral incisor)',
                    'tooth 13 (upper right canine)',
                    'tooth 14 (upper right first premolar)',
                    'tooth 15 (upper right second premolar)',
                    'tooth 16 (upper right first molar)',
                    'tooth 17 (upper right second molar)',
                    'tooth 18 (upper right third molar)',
                    'tooth 21 (upper left central incisor)',
                    'tooth 22 (upper left lateral incisor)',
                    'tooth 23 (upper left canine)',
                    'tooth 24 (upper left first premolar)',
                    'tooth 25 (upper left second premolar)',
                    'tooth 26 (upper left first molar)',
                    'tooth 27 (upper left second molar)',
                    'tooth 28 (upper left third molar)',
                    'tooth 31 (lower left central incisor)',
                    'tooth 32 (lower left lateral incisor)',
                    'tooth 33 (lower left canine)',
                    'tooth 34 (lower left first premolar)',
                    'tooth 35 (lower left second premolar)',
                    'tooth 36 (lower left first molar)',
                    'tooth 37 (lower left second molar)',
                    'tooth 38 (lower left third molar)',
                    'tooth 41 (lower right central incisor)',
                    'tooth 42 (lower right lateral incisor)',
                    'tooth 43 (lower right canine)',
                    'tooth 44 (lower right first premolar)',
                    'tooth 45 (lower right second premolar)',
                    'tooth 46 (lower right first molar)',
                    'tooth 47 (lower right second molar)',
                    'tooth 48 (lower right third molar)',
                    'tooth erosion',
                    'tooth malformation',
                    'treated tooth',
                    'unclassified cell',
                )),
            test_mode=True,
            type='WeCocoDataset'),
        pipeline=[
            dict(backend_args=None, type='LoadImageFromFile'),
            dict(scale=(
                640,
                640,
            ), type='WeDetectKeepRatioResize'),
            dict(
                allow_scale_up=False,
                pad_val=dict(img=114),
                scale=(
                    640,
                    640,
                ),
                type='WeDetectLetterResize'),
            dict(_scope_='mmdet', type='LoadAnnotations', with_bbox=True),
            dict(type='LoadText'),
            dict(
                meta_keys=(
                    'img_id',
                    'img_path',
                    'ori_shape',
                    'img_shape',
                    'scale_factor',
                    'pad_param',
                    'texts',
                ),
                type='PackDetInputs'),
        ],
        type='MultiModalDataset'),
    drop_last=False,
    num_workers=2,
    persistent_workers=True,
    pin_memory=True,
    sampler=dict(shuffle=False, type='DefaultSampler'))
val_dataset = dict(
    class_text_path=
    '/home/siyuan/projects/LLMs/OralDetect-Family/OralDetect/datas/class_texts_en.json',
    dataset=dict(
        ann_file=
        '/home/siyuan/projects/LLMs/OralDetect-Family/OralDetect/datas/instances_test.json',
        batch_shapes_cfg=None,
        data_prefix=dict(img='all2017/'),
        data_root='/nfs_share/public/OralGPT/oralgpt-detect-all/coco_format/',
        metainfo=dict(
            classes=(
                'abnormal oral epithelial cell',
                'alveolar bone loss',
                'anterior teeth with fluorosis',
                'anterior teeth without fluorosis',
                'blood cell',
                'canine',
                'central incisor',
                'craniofacial or oral anomaly',
                'deep dental caries',
                'dental abrasion',
                'dental caries',
                'dental crown restoration',
                'dental filling',
                'dental implant',
                'dental opacity',
                'dental restoration',
                'dividing oral cell',
                'first molar',
                'first premolar',
                'foreign object or debris',
                'grade I oral cytology (normal)',
                'grade II oral cytology (atypical)',
                'grade III oral cytology (suspicious)',
                'grade IV oral cytology (malignant)',
                'impacted tooth',
                'impacted wisdom tooth',
                'intraoral appliance',
                'lateral incisor',
                'malaligned tooth',
                'mandibular canal',
                'maxillary sinus',
                'missing or residual root',
                'missing teeth',
                'normal oral mucosa',
                'normal oral tissue',
                'oral squamous cell carcinoma tumor',
                'orthodontic bracket',
                'out-of-focus cell',
                'periapical abscess',
                'periapical cyst',
                'periapical granuloma',
                'periapical lesion',
                'quadrant 1 (upper right)',
                'quadrant 2 (upper left)',
                'quadrant 3 (lower left)',
                'quadrant 4 (lower right)',
                'reactive oral cell',
                'restoration with secondary caries',
                'retained root',
                'root canal treatment',
                'root piece',
                'second molar',
                'second premolar',
                'severe gingivitis',
                'tooth',
                'tooth 11 (upper right central incisor)',
                'tooth 12 (upper right lateral incisor)',
                'tooth 13 (upper right canine)',
                'tooth 14 (upper right first premolar)',
                'tooth 15 (upper right second premolar)',
                'tooth 16 (upper right first molar)',
                'tooth 17 (upper right second molar)',
                'tooth 18 (upper right third molar)',
                'tooth 21 (upper left central incisor)',
                'tooth 22 (upper left lateral incisor)',
                'tooth 23 (upper left canine)',
                'tooth 24 (upper left first premolar)',
                'tooth 25 (upper left second premolar)',
                'tooth 26 (upper left first molar)',
                'tooth 27 (upper left second molar)',
                'tooth 28 (upper left third molar)',
                'tooth 31 (lower left central incisor)',
                'tooth 32 (lower left lateral incisor)',
                'tooth 33 (lower left canine)',
                'tooth 34 (lower left first premolar)',
                'tooth 35 (lower left second premolar)',
                'tooth 36 (lower left first molar)',
                'tooth 37 (lower left second molar)',
                'tooth 38 (lower left third molar)',
                'tooth 41 (lower right central incisor)',
                'tooth 42 (lower right lateral incisor)',
                'tooth 43 (lower right canine)',
                'tooth 44 (lower right first premolar)',
                'tooth 45 (lower right second premolar)',
                'tooth 46 (lower right first molar)',
                'tooth 47 (lower right second molar)',
                'tooth 48 (lower right third molar)',
                'tooth erosion',
                'tooth malformation',
                'treated tooth',
                'unclassified cell',
            )),
        test_mode=True,
        type='WeCocoDataset'),
    pipeline=[
        dict(backend_args=None, type='LoadImageFromFile'),
        dict(scale=(
            640,
            640,
        ), type='WeDetectKeepRatioResize'),
        dict(
            allow_scale_up=False,
            pad_val=dict(img=114),
            scale=(
                640,
                640,
            ),
            type='WeDetectLetterResize'),
        dict(_scope_='mmdet', type='LoadAnnotations', with_bbox=True),
        dict(type='LoadText'),
        dict(
            meta_keys=(
                'img_id',
                'img_path',
                'ori_shape',
                'img_shape',
                'scale_factor',
                'pad_param',
                'texts',
            ),
            type='PackDetInputs'),
    ],
    type='MultiModalDataset')
val_evaluator = dict(
    ann_file=
    '/home/siyuan/projects/LLMs/OralDetect-Family/OralDetect/datas/instances_test.json',
    metric='bbox',
    type='CocoMetric')
vis_backends = [
    dict(type='LocalVisBackend'),
]
visualizer = dict(
    name='visualizer',
    type='mmdet.DetLocalVisualizer',
    vis_backends=[
        dict(type='LocalVisBackend'),
    ])
weight_decay = 0.05
work_dir = 'work_dirs/v11dt3stage_s1'

Some weights of BertModel were not initialized from the model checkpoint at /home/siyuan/projects/LLMs/OralDetect-Family/OralCLIP/Bert_tuning/checkpoints/BiomedNLP-BiomedBERT-base-uncased-abstract-fulltext_dental_mlm/final and are newly initialized: ['pooler.dense.bias', 'pooler.dense.weight']
You should probably TRAIN this model on a down-stream task to be able to use it for predictions and inference.
Some weights of BertModel were not initialized from the model checkpoint at /home/siyuan/projects/LLMs/OralDetect-Family/OralCLIP/Bert_tuning/checkpoints/BiomedNLP-BiomedBERT-base-uncased-abstract-fulltext_dental_mlm/final and are newly initialized: ['pooler.dense.bias', 'pooler.dense.weight']
You should probably TRAIN this model on a down-stream task to be able to use it for predictions and inference.
Some weights of BertModel were not initialized from the model checkpoint at /home/siyuan/projects/LLMs/OralDetect-Family/OralCLIP/Bert_tuning/checkpoints/BiomedNLP-BiomedBERT-base-uncased-abstract-fulltext_dental_mlm/final and are newly initialized: ['pooler.dense.bias', 'pooler.dense.weight']
You should probably TRAIN this model on a down-stream task to be able to use it for predictions and inference.
Some weights of BertModel were not initialized from the model checkpoint at /home/siyuan/projects/LLMs/OralDetect-Family/OralCLIP/Bert_tuning/checkpoints/BiomedNLP-BiomedBERT-base-uncased-abstract-fulltext_dental_mlm/final and are newly initialized: ['pooler.dense.bias', 'pooler.dense.weight']
You should probably TRAIN this model on a down-stream task to be able to use it for predictions and inference.
07/05 03:05:02 - mmengine - INFO - Using SyncBatchNorm()
07/05 03:05:02 - mmengine - INFO - Hooks will be executed in the following order:
before_run:
(VERY_HIGH   ) RuntimeInfoHook                    
(BELOW_NORMAL) LoggerHook                         
 -------------------- 
before_train:
(VERY_HIGH   ) RuntimeInfoHook                    
(NORMAL      ) IterTimerHook                      
(VERY_LOW    ) CheckpointHook                     
 -------------------- 
before_train_epoch:
(VERY_HIGH   ) RuntimeInfoHook                    
(NORMAL      ) IterTimerHook                      
(NORMAL      ) DistSamplerSeedHook                
 -------------------- 
before_train_iter:
(VERY_HIGH   ) RuntimeInfoHook                    
(NORMAL      ) IterTimerHook                      
 -------------------- 
after_train_iter:
(VERY_HIGH   ) RuntimeInfoHook                    
(NORMAL      ) IterTimerHook                      
(BELOW_NORMAL) LoggerHook                         
(LOW         ) ParamSchedulerHook                 
(VERY_LOW    ) CheckpointHook                     
 -------------------- 
after_train_epoch:
(NORMAL      ) IterTimerHook                      
(LOW         ) ParamSchedulerHook                 
(VERY_LOW    ) CheckpointHook                     
 -------------------- 
before_val:
(VERY_HIGH   ) RuntimeInfoHook                    
 -------------------- 
before_val_epoch:
(NORMAL      ) IterTimerHook                      
 -------------------- 
before_val_iter:
(NORMAL      ) IterTimerHook                      
 -------------------- 
after_val_iter:
(NORMAL      ) IterTimerHook                      
(NORMAL      ) DetVisualizationHook               
(BELOW_NORMAL) LoggerHook                         
 -------------------- 
after_val_epoch:
(VERY_HIGH   ) RuntimeInfoHook                    
(NORMAL      ) IterTimerHook                      
(BELOW_NORMAL) LoggerHook                         
(LOW         ) ParamSchedulerHook                 
(VERY_LOW    ) CheckpointHook                     
 -------------------- 
after_val:
(VERY_HIGH   ) RuntimeInfoHook                    
 -------------------- 
after_train:
(VERY_HIGH   ) RuntimeInfoHook                    
(VERY_LOW    ) CheckpointHook                     
 -------------------- 
before_test:
(VERY_HIGH   ) RuntimeInfoHook                    
 -------------------- 
before_test_epoch:
(NORMAL      ) IterTimerHook                      
 -------------------- 
before_test_iter:
(NORMAL      ) IterTimerHook                      
 -------------------- 
after_test_iter:
(NORMAL      ) IterTimerHook                      
(NORMAL      ) DetVisualizationHook               
(BELOW_NORMAL) LoggerHook                         
 -------------------- 
after_test_epoch:
(VERY_HIGH   ) RuntimeInfoHook                    
(NORMAL      ) IterTimerHook                      
(BELOW_NORMAL) LoggerHook                         
 -------------------- 
after_test:
(VERY_HIGH   ) RuntimeInfoHook                    
 -------------------- 
after_run:
(BELOW_NORMAL) LoggerHook                         
 -------------------- 
loading annotations into memory...
loading annotations into memory...
loading annotations into memory...
Done (t=1.42s)
creating index...
Done (t=1.42s)
creating index...
Done (t=1.45s)
creating index...
index created!
index created!
index created!
loading annotations into memory...
Done (t=1.67s)
creating index...
index created!
/home/siyuan/anaconda3/envs/wedetect_official/lib/python3.10/site-packages/albumentations/core/composition.py:331: UserWarning: Got processor for bboxes, but no transform to process it.
  self._set_keys()
/home/siyuan/anaconda3/envs/wedetect_official/lib/python3.10/site-packages/albumentations/core/composition.py:331: UserWarning: Got processor for bboxes, but no transform to process it.
  self._set_keys()
loading annotations into memory...
loading annotations into memory...
/home/siyuan/anaconda3/envs/wedetect_official/lib/python3.10/site-packages/albumentations/core/composition.py:331: UserWarning: Got processor for bboxes, but no transform to process it.
  self._set_keys()
Done (t=0.39s)
creating index...
Done (t=0.39s)
creating index...
index created!
loading annotations into memory...
index created!
Done (t=0.39s)
creating index...
index created!
loading annotations into memory...
loading annotations into memory...
Done (t=0.38s)
creating index...
Done (t=0.41s)
creating index...
index created!
loading annotations into memory...
index created!
/home/siyuan/anaconda3/envs/wedetect_official/lib/python3.10/site-packages/albumentations/core/composition.py:331: UserWarning: Got processor for bboxes, but no transform to process it.
  self._set_keys()
07/05 03:05:08 - mmengine - INFO - paramwise_options -- neck.reduce_layer0.block.conv.weight:num of params=262144
07/05 03:05:08 - mmengine - INFO - paramwise_options -- neck.reduce_layer0.block.bn.weight:num of params=256
07/05 03:05:08 - mmengine - INFO - paramwise_options -- neck.reduce_layer0.block.bn.bias:num of params=256
07/05 03:05:08 - mmengine - INFO - paramwise_options -- neck.Bifusion0.cv1.block.conv.weight:num of params=131072
07/05 03:05:08 - mmengine - INFO - paramwise_options -- neck.Bifusion0.cv1.block.bn.weight:num of params=256
07/05 03:05:08 - mmengine - INFO - paramwise_options -- neck.Bifusion0.cv1.block.bn.bias:num of params=256
07/05 03:05:08 - mmengine - INFO - paramwise_options -- neck.Bifusion0.cv2.block.conv.weight:num of params=65536
07/05 03:05:08 - mmengine - INFO - paramwise_options -- neck.Bifusion0.cv2.block.bn.weight:num of params=256
07/05 03:05:08 - mmengine - INFO - paramwise_options -- neck.Bifusion0.cv2.block.bn.bias:num of params=256
07/05 03:05:08 - mmengine - INFO - paramwise_options -- neck.Bifusion0.cv3.block.conv.weight:num of params=196608
07/05 03:05:08 - mmengine - INFO - paramwise_options -- neck.Bifusion0.cv3.block.bn.weight:num of params=256
07/05 03:05:08 - mmengine - INFO - paramwise_options -- neck.Bifusion0.cv3.block.bn.bias:num of params=256
07/05 03:05:08 - mmengine - INFO - paramwise_options -- neck.Bifusion0.upsample.upsample_transpose.weight:num of params=262144
07/05 03:05:08 - mmengine - INFO - paramwise_options -- neck.Bifusion0.upsample.upsample_transpose.bias:num of params=256
07/05 03:05:08 - mmengine - INFO - paramwise_options -- neck.Bifusion0.downsample.block.conv.weight:num of params=589824
07/05 03:05:08 - mmengine - INFO - paramwise_options -- neck.Bifusion0.downsample.block.bn.weight:num of params=256
07/05 03:05:08 - mmengine - INFO - paramwise_options -- neck.Bifusion0.downsample.block.bn.bias:num of params=256
07/05 03:05:08 - mmengine - INFO - paramwise_options -- neck.Rep_p4.cv1.block.conv.weight:num of params=32768
07/05 03:05:08 - mmengine - INFO - paramwise_options -- neck.Rep_p4.cv1.block.bn.weight:num of params=128
07/05 03:05:08 - mmengine - INFO - paramwise_options -- neck.Rep_p4.cv1.block.bn.bias:num of params=128
07/05 03:05:08 - mmengine - INFO - paramwise_options -- neck.Rep_p4.cv2.block.conv.weight:num of params=32768
07/05 03:05:08 - mmengine - INFO - paramwise_options -- neck.Rep_p4.cv2.block.bn.weight:num of params=128
07/05 03:05:08 - mmengine - INFO - paramwise_options -- neck.Rep_p4.cv2.block.bn.bias:num of params=128
07/05 03:05:08 - mmengine - INFO - paramwise_options -- neck.Rep_p4.cv3.block.conv.weight:num of params=65536
07/05 03:05:08 - mmengine - INFO - paramwise_options -- neck.Rep_p4.cv3.block.bn.weight:num of params=256
07/05 03:05:08 - mmengine - INFO - paramwise_options -- neck.Rep_p4.cv3.block.bn.bias:num of params=256
07/05 03:05:08 - mmengine - INFO - paramwise_options -- neck.Rep_p4.m.conv1.alpha:num of params=1
07/05 03:05:08 - mmengine - INFO - paramwise_options -- neck.Rep_p4.m.conv1.conv1.block.conv.weight:num of params=147456
07/05 03:05:08 - mmengine - INFO - paramwise_options -- neck.Rep_p4.m.conv1.conv1.block.bn.weight:num of params=128
07/05 03:05:08 - mmengine - INFO - paramwise_options -- neck.Rep_p4.m.conv1.conv1.block.bn.bias:num of params=128
07/05 03:05:08 - mmengine - INFO - paramwise_options -- neck.Rep_p4.m.conv1.conv2.block.conv.weight:num of params=147456
07/05 03:05:08 - mmengine - INFO - paramwise_options -- neck.Rep_p4.m.conv1.conv2.block.bn.weight:num of params=128
07/05 03:05:08 - mmengine - INFO - paramwise_options -- neck.Rep_p4.m.conv1.conv2.block.bn.bias:num of params=128
07/05 03:05:08 - mmengine - INFO - paramwise_options -- neck.Rep_p4.m.block.0.alpha:num of params=1
07/05 03:05:08 - mmengine - INFO - paramwise_options -- neck.Rep_p4.m.block.0.conv1.block.conv.weight:num of params=147456
07/05 03:05:08 - mmengine - INFO - paramwise_options -- neck.Rep_p4.m.block.0.conv1.block.bn.weight:num of params=128
07/05 03:05:08 - mmengine - INFO - paramwise_options -- neck.Rep_p4.m.block.0.conv1.block.bn.bias:num of params=128
07/05 03:05:08 - mmengine - INFO - paramwise_options -- neck.Rep_p4.m.block.0.conv2.block.conv.weight:num of params=147456
07/05 03:05:08 - mmengine - INFO - paramwise_options -- neck.Rep_p4.m.block.0.conv2.block.bn.weight:num of params=128
07/05 03:05:08 - mmengine - INFO - paramwise_options -- neck.Rep_p4.m.block.0.conv2.block.bn.bias:num of params=128
07/05 03:05:08 - mmengine - INFO - paramwise_options -- neck.Rep_p4.m.block.1.alpha:num of params=1
07/05 03:05:08 - mmengine - INFO - paramwise_options -- neck.Rep_p4.m.block.1.conv1.block.conv.weight:num of params=147456
07/05 03:05:08 - mmengine - INFO - paramwise_options -- neck.Rep_p4.m.block.1.conv1.block.bn.weight:num of params=128
07/05 03:05:08 - mmengine - INFO - paramwise_options -- neck.Rep_p4.m.block.1.conv1.block.bn.bias:num of params=128
07/05 03:05:08 - mmengine - INFO - paramwise_options -- neck.Rep_p4.m.block.1.conv2.block.conv.weight:num of params=147456
07/05 03:05:08 - mmengine - INFO - paramwise_options -- neck.Rep_p4.m.block.1.conv2.block.bn.weight:num of params=128
07/05 03:05:08 - mmengine - INFO - paramwise_options -- neck.Rep_p4.m.block.1.conv2.block.bn.bias:num of params=128
07/05 03:05:08 - mmengine - INFO - paramwise_options -- neck.Rep_p4.m.block.2.alpha:num of params=1
07/05 03:05:08 - mmengine - INFO - paramwise_options -- neck.Rep_p4.m.block.2.conv1.block.conv.weight:num of params=147456
07/05 03:05:08 - mmengine - INFO - paramwise_options -- neck.Rep_p4.m.block.2.conv1.block.bn.weight:num of params=128
07/05 03:05:08 - mmengine - INFO - paramwise_options -- neck.Rep_p4.m.block.2.conv1.block.bn.bias:num of params=128
07/05 03:05:08 - mmengine - INFO - paramwise_options -- neck.Rep_p4.m.block.2.conv2.block.conv.weight:num of params=147456
07/05 03:05:08 - mmengine - INFO - paramwise_options -- neck.Rep_p4.m.block.2.conv2.block.bn.weight:num of params=128
07/05 03:05:08 - mmengine - INFO - paramwise_options -- neck.Rep_p4.m.block.2.conv2.block.bn.bias:num of params=128
07/05 03:05:08 - mmengine - INFO - paramwise_options -- neck.Rep_p4.m.block.3.alpha:num of params=1
07/05 03:05:08 - mmengine - INFO - paramwise_options -- neck.Rep_p4.m.block.3.conv1.block.conv.weight:num of params=147456
07/05 03:05:08 - mmengine - INFO - paramwise_options -- neck.Rep_p4.m.block.3.conv1.block.bn.weight:num of params=128
07/05 03:05:08 - mmengine - INFO - paramwise_options -- neck.Rep_p4.m.block.3.conv1.block.bn.bias:num of params=128
07/05 03:05:08 - mmengine - INFO - paramwise_options -- neck.Rep_p4.m.block.3.conv2.block.conv.weight:num of params=147456
07/05 03:05:08 - mmengine - INFO - paramwise_options -- neck.Rep_p4.m.block.3.conv2.block.bn.weight:num of params=128
07/05 03:05:08 - mmengine - INFO - paramwise_options -- neck.Rep_p4.m.block.3.conv2.block.bn.bias:num of params=128
07/05 03:05:08 - mmengine - INFO - paramwise_options -- neck.Rep_p4.m.block.4.alpha:num of params=1
07/05 03:05:08 - mmengine - INFO - paramwise_options -- neck.Rep_p4.m.block.4.conv1.block.conv.weight:num of params=147456
07/05 03:05:08 - mmengine - INFO - paramwise_options -- neck.Rep_p4.m.block.4.conv1.block.bn.weight:num of params=128
07/05 03:05:08 - mmengine - INFO - paramwise_options -- neck.Rep_p4.m.block.4.conv1.block.bn.bias:num of params=128
07/05 03:05:08 - mmengine - INFO - paramwise_options -- neck.Rep_p4.m.block.4.conv2.block.conv.weight:num of params=147456
07/05 03:05:08 - mmengine - INFO - paramwise_options -- neck.Rep_p4.m.block.4.conv2.block.bn.weight:num of params=128
07/05 03:05:08 - mmengine - INFO - paramwise_options -- neck.Rep_p4.m.block.4.conv2.block.bn.bias:num of params=128
07/05 03:05:08 - mmengine - INFO - paramwise_options -- neck.reduce_layer1.block.conv.weight:num of params=32768
07/05 03:05:08 - mmengine - INFO - paramwise_options -- neck.reduce_layer1.block.bn.weight:num of params=128
07/05 03:05:08 - mmengine - INFO - paramwise_options -- neck.reduce_layer1.block.bn.bias:num of params=128
07/05 03:05:08 - mmengine - INFO - paramwise_options -- neck.Bifusion1.cv1.block.conv.weight:num of params=32768
07/05 03:05:08 - mmengine - INFO - paramwise_options -- neck.Bifusion1.cv1.block.bn.weight:num of params=128
07/05 03:05:08 - mmengine - INFO - paramwise_options -- neck.Bifusion1.cv1.block.bn.bias:num of params=128
07/05 03:05:08 - mmengine - INFO - paramwise_options -- neck.Bifusion1.cv2.block.conv.weight:num of params=16384
07/05 03:05:08 - mmengine - INFO - paramwise_options -- neck.Bifusion1.cv2.block.bn.weight:num of params=128
07/05 03:05:08 - mmengine - INFO - paramwise_options -- neck.Bifusion1.cv2.block.bn.bias:num of params=128
07/05 03:05:08 - mmengine - INFO - paramwise_options -- neck.Bifusion1.cv3.block.conv.weight:num of params=49152
07/05 03:05:08 - mmengine - INFO - paramwise_options -- neck.Bifusion1.cv3.block.bn.weight:num of params=128
07/05 03:05:08 - mmengine - INFO - paramwise_options -- neck.Bifusion1.cv3.block.bn.bias:num of params=128
07/05 03:05:08 - mmengine - INFO - paramwise_options -- neck.Bifusion1.upsample.upsample_transpose.weight:num of params=65536
07/05 03:05:08 - mmengine - INFO - paramwise_options -- neck.Bifusion1.upsample.upsample_transpose.bias:num of params=128
07/05 03:05:08 - mmengine - INFO - paramwise_options -- neck.Bifusion1.downsample.block.conv.weight:num of params=147456
07/05 03:05:08 - mmengine - INFO - paramwise_options -- neck.Bifusion1.downsample.block.bn.weight:num of params=128
07/05 03:05:08 - mmengine - INFO - paramwise_options -- neck.Bifusion1.downsample.block.bn.bias:num of params=128
07/05 03:05:08 - mmengine - INFO - paramwise_options -- neck.Rep_p3.cv1.block.conv.weight:num of params=8192
07/05 03:05:08 - mmengine - INFO - paramwise_options -- neck.Rep_p3.cv1.block.bn.weight:num of params=64
07/05 03:05:08 - mmengine - INFO - paramwise_options -- neck.Rep_p3.cv1.block.bn.bias:num of params=64
07/05 03:05:08 - mmengine - INFO - paramwise_options -- neck.Rep_p3.cv2.block.conv.weight:num of params=8192
07/05 03:05:08 - mmengine - INFO - paramwise_options -- neck.Rep_p3.cv2.block.bn.weight:num of params=64
07/05 03:05:08 - mmengine - INFO - paramwise_options -- neck.Rep_p3.cv2.block.bn.bias:num of params=64
07/05 03:05:08 - mmengine - INFO - paramwise_options -- neck.Rep_p3.cv3.block.conv.weight:num of params=16384
07/05 03:05:08 - mmengine - INFO - paramwise_options -- neck.Rep_p3.cv3.block.bn.weight:num of params=128
07/05 03:05:08 - mmengine - INFO - paramwise_options -- neck.Rep_p3.cv3.block.bn.bias:num of params=128
07/05 03:05:08 - mmengine - INFO - paramwise_options -- neck.Rep_p3.m.conv1.alpha:num of params=1
07/05 03:05:08 - mmengine - INFO - paramwise_options -- neck.Rep_p3.m.conv1.conv1.block.conv.weight:num of params=36864
07/05 03:05:08 - mmengine - INFO - paramwise_options -- neck.Rep_p3.m.conv1.conv1.block.bn.weight:num of params=64
07/05 03:05:08 - mmengine - INFO - paramwise_options -- neck.Rep_p3.m.conv1.conv1.block.bn.bias:num of params=64
07/05 03:05:08 - mmengine - INFO - paramwise_options -- neck.Rep_p3.m.conv1.conv2.block.conv.weight:num of params=36864
07/05 03:05:08 - mmengine - INFO - paramwise_options -- neck.Rep_p3.m.conv1.conv2.block.bn.weight:num of params=64
07/05 03:05:08 - mmengine - INFO - paramwise_options -- neck.Rep_p3.m.conv1.conv2.block.bn.bias:num of params=64
07/05 03:05:08 - mmengine - INFO - paramwise_options -- neck.Rep_p3.m.block.0.alpha:num of params=1
07/05 03:05:08 - mmengine - INFO - paramwise_options -- neck.Rep_p3.m.block.0.conv1.block.conv.weight:num of params=36864
07/05 03:05:08 - mmengine - INFO - paramwise_options -- neck.Rep_p3.m.block.0.conv1.block.bn.weight:num of params=64
07/05 03:05:08 - mmengine - INFO - paramwise_options -- neck.Rep_p3.m.block.0.conv1.block.bn.bias:num of params=64
07/05 03:05:08 - mmengine - INFO - paramwise_options -- neck.Rep_p3.m.block.0.conv2.block.conv.weight:num of params=36864
07/05 03:05:08 - mmengine - INFO - paramwise_options -- neck.Rep_p3.m.block.0.conv2.block.bn.weight:num of params=64
07/05 03:05:08 - mmengine - INFO - paramwise_options -- neck.Rep_p3.m.block.0.conv2.block.bn.bias:num of params=64
07/05 03:05:08 - mmengine - INFO - paramwise_options -- neck.Rep_p3.m.block.1.alpha:num of params=1
07/05 03:05:08 - mmengine - INFO - paramwise_options -- neck.Rep_p3.m.block.1.conv1.block.conv.weight:num of params=36864
07/05 03:05:08 - mmengine - INFO - paramwise_options -- neck.Rep_p3.m.block.1.conv1.block.bn.weight:num of params=64
07/05 03:05:08 - mmengine - INFO - paramwise_options -- neck.Rep_p3.m.block.1.conv1.block.bn.bias:num of params=64
07/05 03:05:08 - mmengine - INFO - paramwise_options -- neck.Rep_p3.m.block.1.conv2.block.conv.weight:num of params=36864
07/05 03:05:08 - mmengine - INFO - paramwise_options -- neck.Rep_p3.m.block.1.conv2.block.bn.weight:num of params=64
07/05 03:05:08 - mmengine - INFO - paramwise_options -- neck.Rep_p3.m.block.1.conv2.block.bn.bias:num of params=64
07/05 03:05:08 - mmengine - INFO - paramwise_options -- neck.Rep_p3.m.block.2.alpha:num of params=1
07/05 03:05:08 - mmengine - INFO - paramwise_options -- neck.Rep_p3.m.block.2.conv1.block.conv.weight:num of params=36864
07/05 03:05:08 - mmengine - INFO - paramwise_options -- neck.Rep_p3.m.block.2.conv1.block.bn.weight:num of params=64
07/05 03:05:08 - mmengine - INFO - paramwise_options -- neck.Rep_p3.m.block.2.conv1.block.bn.bias:num of params=64
07/05 03:05:08 - mmengine - INFO - paramwise_options -- neck.Rep_p3.m.block.2.conv2.block.conv.weight:num of params=36864
07/05 03:05:08 - mmengine - INFO - paramwise_options -- neck.Rep_p3.m.block.2.conv2.block.bn.weight:num of params=64
07/05 03:05:08 - mmengine - INFO - paramwise_options -- neck.Rep_p3.m.block.2.conv2.block.bn.bias:num of params=64
07/05 03:05:08 - mmengine - INFO - paramwise_options -- neck.Rep_p3.m.block.3.alpha:num of params=1
07/05 03:05:08 - mmengine - INFO - paramwise_options -- neck.Rep_p3.m.block.3.conv1.block.conv.weight:num of params=36864
07/05 03:05:08 - mmengine - INFO - paramwise_options -- neck.Rep_p3.m.block.3.conv1.block.bn.weight:num of params=64
07/05 03:05:08 - mmengine - INFO - paramwise_options -- neck.Rep_p3.m.block.3.conv1.block.bn.bias:num of params=64
07/05 03:05:08 - mmengine - INFO - paramwise_options -- neck.Rep_p3.m.block.3.conv2.block.conv.weight:num of params=36864
07/05 03:05:08 - mmengine - INFO - paramwise_options -- neck.Rep_p3.m.block.3.conv2.block.bn.weight:num of params=64
07/05 03:05:08 - mmengine - INFO - paramwise_options -- neck.Rep_p3.m.block.3.conv2.block.bn.bias:num of params=64
07/05 03:05:08 - mmengine - INFO - paramwise_options -- neck.Rep_p3.m.block.4.alpha:num of params=1
07/05 03:05:08 - mmengine - INFO - paramwise_options -- neck.Rep_p3.m.block.4.conv1.block.conv.weight:num of params=36864
07/05 03:05:08 - mmengine - INFO - paramwise_options -- neck.Rep_p3.m.block.4.conv1.block.bn.weight:num of params=64
07/05 03:05:08 - mmengine - INFO - paramwise_options -- neck.Rep_p3.m.block.4.conv1.block.bn.bias:num of params=64
07/05 03:05:08 - mmengine - INFO - paramwise_options -- neck.Rep_p3.m.block.4.conv2.block.conv.weight:num of params=36864
07/05 03:05:08 - mmengine - INFO - paramwise_options -- neck.Rep_p3.m.block.4.conv2.block.bn.weight:num of params=64
07/05 03:05:08 - mmengine - INFO - paramwise_options -- neck.Rep_p3.m.block.4.conv2.block.bn.bias:num of params=64
07/05 03:05:08 - mmengine - INFO - paramwise_options -- neck.downsample2.block.conv.weight:num of params=147456
07/05 03:05:08 - mmengine - INFO - paramwise_options -- neck.downsample2.block.bn.weight:num of params=128
07/05 03:05:08 - mmengine - INFO - paramwise_options -- neck.downsample2.block.bn.bias:num of params=128
07/05 03:05:08 - mmengine - INFO - paramwise_options -- neck.Rep_n3.cv1.block.conv.weight:num of params=32768
07/05 03:05:08 - mmengine - INFO - paramwise_options -- neck.Rep_n3.cv1.block.bn.weight:num of params=128
07/05 03:05:08 - mmengine - INFO - paramwise_options -- neck.Rep_n3.cv1.block.bn.bias:num of params=128
07/05 03:05:08 - mmengine - INFO - paramwise_options -- neck.Rep_n3.cv2.block.conv.weight:num of params=32768
07/05 03:05:08 - mmengine - INFO - paramwise_options -- neck.Rep_n3.cv2.block.bn.weight:num of params=128
07/05 03:05:08 - mmengine - INFO - paramwise_options -- neck.Rep_n3.cv2.block.bn.bias:num of params=128
07/05 03:05:08 - mmengine - INFO - paramwise_options -- neck.Rep_n3.cv3.block.conv.weight:num of params=65536
07/05 03:05:08 - mmengine - INFO - paramwise_options -- neck.Rep_n3.cv3.block.bn.weight:num of params=256
07/05 03:05:08 - mmengine - INFO - paramwise_options -- neck.Rep_n3.cv3.block.bn.bias:num of params=256
07/05 03:05:08 - mmengine - INFO - paramwise_options -- neck.Rep_n3.m.conv1.alpha:num of params=1
07/05 03:05:08 - mmengine - INFO - paramwise_options -- neck.Rep_n3.m.conv1.conv1.block.conv.weight:num of params=147456
07/05 03:05:08 - mmengine - INFO - paramwise_options -- neck.Rep_n3.m.conv1.conv1.block.bn.weight:num of params=128
07/05 03:05:08 - mmengine - INFO - paramwise_options -- neck.Rep_n3.m.conv1.conv1.block.bn.bias:num of params=128
07/05 03:05:08 - mmengine - INFO - paramwise_options -- neck.Rep_n3.m.conv1.conv2.block.conv.weight:num of params=147456
07/05 03:05:08 - mmengine - INFO - paramwise_options -- neck.Rep_n3.m.conv1.conv2.block.bn.weight:num of params=128
07/05 03:05:08 - mmengine - INFO - paramwise_options -- neck.Rep_n3.m.conv1.conv2.block.bn.bias:num of params=128
07/05 03:05:08 - mmengine - INFO - paramwise_options -- neck.Rep_n3.m.block.0.alpha:num of params=1
07/05 03:05:08 - mmengine - INFO - paramwise_options -- neck.Rep_n3.m.block.0.conv1.block.conv.weight:num of params=147456
07/05 03:05:08 - mmengine - INFO - paramwise_options -- neck.Rep_n3.m.block.0.conv1.block.bn.weight:num of params=128
07/05 03:05:08 - mmengine - INFO - paramwise_options -- neck.Rep_n3.m.block.0.conv1.block.bn.bias:num of params=128
07/05 03:05:08 - mmengine - INFO - paramwise_options -- neck.Rep_n3.m.block.0.conv2.block.conv.weight:num of params=147456
07/05 03:05:08 - mmengine - INFO - paramwise_options -- neck.Rep_n3.m.block.0.conv2.block.bn.weight:num of params=128
07/05 03:05:08 - mmengine - INFO - paramwise_options -- neck.Rep_n3.m.block.0.conv2.block.bn.bias:num of params=128
07/05 03:05:08 - mmengine - INFO - paramwise_options -- neck.Rep_n3.m.block.1.alpha:num of params=1
07/05 03:05:08 - mmengine - INFO - paramwise_options -- neck.Rep_n3.m.block.1.conv1.block.conv.weight:num of params=147456
07/05 03:05:08 - mmengine - INFO - paramwise_options -- neck.Rep_n3.m.block.1.conv1.block.bn.weight:num of params=128
07/05 03:05:08 - mmengine - INFO - paramwise_options -- neck.Rep_n3.m.block.1.conv1.block.bn.bias:num of params=128
07/05 03:05:08 - mmengine - INFO - paramwise_options -- neck.Rep_n3.m.block.1.conv2.block.conv.weight:num of params=147456
07/05 03:05:08 - mmengine - INFO - paramwise_options -- neck.Rep_n3.m.block.1.conv2.block.bn.weight:num of params=128
07/05 03:05:08 - mmengine - INFO - paramwise_options -- neck.Rep_n3.m.block.1.conv2.block.bn.bias:num of params=128
07/05 03:05:08 - mmengine - INFO - paramwise_options -- neck.Rep_n3.m.block.2.alpha:num of params=1
07/05 03:05:08 - mmengine - INFO - paramwise_options -- neck.Rep_n3.m.block.2.conv1.block.conv.weight:num of params=147456
07/05 03:05:08 - mmengine - INFO - paramwise_options -- neck.Rep_n3.m.block.2.conv1.block.bn.weight:num of params=128
07/05 03:05:08 - mmengine - INFO - paramwise_options -- neck.Rep_n3.m.block.2.conv1.block.bn.bias:num of params=128
07/05 03:05:08 - mmengine - INFO - paramwise_options -- neck.Rep_n3.m.block.2.conv2.block.conv.weight:num of params=147456
07/05 03:05:08 - mmengine - INFO - paramwise_options -- neck.Rep_n3.m.block.2.conv2.block.bn.weight:num of params=128
07/05 03:05:08 - mmengine - INFO - paramwise_options -- neck.Rep_n3.m.block.2.conv2.block.bn.bias:num of params=128
07/05 03:05:08 - mmengine - INFO - paramwise_options -- neck.Rep_n3.m.block.3.alpha:num of params=1
07/05 03:05:08 - mmengine - INFO - paramwise_options -- neck.Rep_n3.m.block.3.conv1.block.conv.weight:num of params=147456
07/05 03:05:08 - mmengine - INFO - paramwise_options -- neck.Rep_n3.m.block.3.conv1.block.bn.weight:num of params=128
07/05 03:05:08 - mmengine - INFO - paramwise_options -- neck.Rep_n3.m.block.3.conv1.block.bn.bias:num of params=128
07/05 03:05:08 - mmengine - INFO - paramwise_options -- neck.Rep_n3.m.block.3.conv2.block.conv.weight:num of params=147456
07/05 03:05:08 - mmengine - INFO - paramwise_options -- neck.Rep_n3.m.block.3.conv2.block.bn.weight:num of params=128
07/05 03:05:08 - mmengine - INFO - paramwise_options -- neck.Rep_n3.m.block.3.conv2.block.bn.bias:num of params=128
07/05 03:05:08 - mmengine - INFO - paramwise_options -- neck.Rep_n3.m.block.4.alpha:num of params=1
07/05 03:05:08 - mmengine - INFO - paramwise_options -- neck.Rep_n3.m.block.4.conv1.block.conv.weight:num of params=147456
07/05 03:05:08 - mmengine - INFO - paramwise_options -- neck.Rep_n3.m.block.4.conv1.block.bn.weight:num of params=128
07/05 03:05:08 - mmengine - INFO - paramwise_options -- neck.Rep_n3.m.block.4.conv1.block.bn.bias:num of params=128
07/05 03:05:08 - mmengine - INFO - paramwise_options -- neck.Rep_n3.m.block.4.conv2.block.conv.weight:num of params=147456
07/05 03:05:08 - mmengine - INFO - paramwise_options -- neck.Rep_n3.m.block.4.conv2.block.bn.weight:num of params=128
07/05 03:05:08 - mmengine - INFO - paramwise_options -- neck.Rep_n3.m.block.4.conv2.block.bn.bias:num of params=128
07/05 03:05:08 - mmengine - INFO - paramwise_options -- neck.downsample1.block.conv.weight:num of params=589824
07/05 03:05:08 - mmengine - INFO - paramwise_options -- neck.downsample1.block.bn.weight:num of params=256
07/05 03:05:08 - mmengine - INFO - paramwise_options -- neck.downsample1.block.bn.bias:num of params=256
07/05 03:05:08 - mmengine - INFO - paramwise_options -- neck.Rep_n4.cv1.block.conv.weight:num of params=131072
07/05 03:05:08 - mmengine - INFO - paramwise_options -- neck.Rep_n4.cv1.block.bn.weight:num of params=256
07/05 03:05:08 - mmengine - INFO - paramwise_options -- neck.Rep_n4.cv1.block.bn.bias:num of params=256
07/05 03:05:08 - mmengine - INFO - paramwise_options -- neck.Rep_n4.cv2.block.conv.weight:num of params=131072
07/05 03:05:08 - mmengine - INFO - paramwise_options -- neck.Rep_n4.cv2.block.bn.weight:num of params=256
07/05 03:05:08 - mmengine - INFO - paramwise_options -- neck.Rep_n4.cv2.block.bn.bias:num of params=256
07/05 03:05:08 - mmengine - INFO - paramwise_options -- neck.Rep_n4.cv3.block.conv.weight:num of params=262144
07/05 03:05:08 - mmengine - INFO - paramwise_options -- neck.Rep_n4.cv3.block.bn.weight:num of params=512
07/05 03:05:08 - mmengine - INFO - paramwise_options -- neck.Rep_n4.cv3.block.bn.bias:num of params=512
07/05 03:05:08 - mmengine - INFO - paramwise_options -- neck.Rep_n4.m.conv1.alpha:num of params=1
07/05 03:05:08 - mmengine - INFO - paramwise_options -- neck.Rep_n4.m.conv1.conv1.block.conv.weight:num of params=589824
07/05 03:05:08 - mmengine - INFO - paramwise_options -- neck.Rep_n4.m.conv1.conv1.block.bn.weight:num of params=256
07/05 03:05:08 - mmengine - INFO - paramwise_options -- neck.Rep_n4.m.conv1.conv1.block.bn.bias:num of params=256
07/05 03:05:08 - mmengine - INFO - paramwise_options -- neck.Rep_n4.m.conv1.conv2.block.conv.weight:num of params=589824
07/05 03:05:08 - mmengine - INFO - paramwise_options -- neck.Rep_n4.m.conv1.conv2.block.bn.weight:num of params=256
07/05 03:05:08 - mmengine - INFO - paramwise_options -- neck.Rep_n4.m.conv1.conv2.block.bn.bias:num of params=256
07/05 03:05:08 - mmengine - INFO - paramwise_options -- neck.Rep_n4.m.block.0.alpha:num of params=1
07/05 03:05:08 - mmengine - INFO - paramwise_options -- neck.Rep_n4.m.block.0.conv1.block.conv.weight:num of params=589824
07/05 03:05:08 - mmengine - INFO - paramwise_options -- neck.Rep_n4.m.block.0.conv1.block.bn.weight:num of params=256
07/05 03:05:08 - mmengine - INFO - paramwise_options -- neck.Rep_n4.m.block.0.conv1.block.bn.bias:num of params=256
07/05 03:05:08 - mmengine - INFO - paramwise_options -- neck.Rep_n4.m.block.0.conv2.block.conv.weight:num of params=589824
07/05 03:05:08 - mmengine - INFO - paramwise_options -- neck.Rep_n4.m.block.0.conv2.block.bn.weight:num of params=256
07/05 03:05:08 - mmengine - INFO - paramwise_options -- neck.Rep_n4.m.block.0.conv2.block.bn.bias:num of params=256
07/05 03:05:08 - mmengine - INFO - paramwise_options -- neck.Rep_n4.m.block.1.alpha:num of params=1
07/05 03:05:08 - mmengine - INFO - paramwise_options -- neck.Rep_n4.m.block.1.conv1.block.conv.weight:num of params=589824
07/05 03:05:08 - mmengine - INFO - paramwise_options -- neck.Rep_n4.m.block.1.conv1.block.bn.weight:num of params=256
07/05 03:05:08 - mmengine - INFO - paramwise_options -- neck.Rep_n4.m.block.1.conv1.block.bn.bias:num of params=256
07/05 03:05:08 - mmengine - INFO - paramwise_options -- neck.Rep_n4.m.block.1.conv2.block.conv.weight:num of params=589824
07/05 03:05:08 - mmengine - INFO - paramwise_options -- neck.Rep_n4.m.block.1.conv2.block.bn.weight:num of params=256
07/05 03:05:08 - mmengine - INFO - paramwise_options -- neck.Rep_n4.m.block.1.conv2.block.bn.bias:num of params=256
07/05 03:05:08 - mmengine - INFO - paramwise_options -- neck.Rep_n4.m.block.2.alpha:num of params=1
07/05 03:05:08 - mmengine - INFO - paramwise_options -- neck.Rep_n4.m.block.2.conv1.block.conv.weight:num of params=589824
07/05 03:05:08 - mmengine - INFO - paramwise_options -- neck.Rep_n4.m.block.2.conv1.block.bn.weight:num of params=256
07/05 03:05:08 - mmengine - INFO - paramwise_options -- neck.Rep_n4.m.block.2.conv1.block.bn.bias:num of params=256
07/05 03:05:08 - mmengine - INFO - paramwise_options -- neck.Rep_n4.m.block.2.conv2.block.conv.weight:num of params=589824
07/05 03:05:08 - mmengine - INFO - paramwise_options -- neck.Rep_n4.m.block.2.conv2.block.bn.weight:num of params=256
07/05 03:05:08 - mmengine - INFO - paramwise_options -- neck.Rep_n4.m.block.2.conv2.block.bn.bias:num of params=256
07/05 03:05:08 - mmengine - INFO - paramwise_options -- neck.Rep_n4.m.block.3.alpha:num of params=1
07/05 03:05:08 - mmengine - INFO - paramwise_options -- neck.Rep_n4.m.block.3.conv1.block.conv.weight:num of params=589824
07/05 03:05:08 - mmengine - INFO - paramwise_options -- neck.Rep_n4.m.block.3.conv1.block.bn.weight:num of params=256
07/05 03:05:08 - mmengine - INFO - paramwise_options -- neck.Rep_n4.m.block.3.conv1.block.bn.bias:num of params=256
07/05 03:05:08 - mmengine - INFO - paramwise_options -- neck.Rep_n4.m.block.3.conv2.block.conv.weight:num of params=589824
07/05 03:05:08 - mmengine - INFO - paramwise_options -- neck.Rep_n4.m.block.3.conv2.block.bn.weight:num of params=256
07/05 03:05:08 - mmengine - INFO - paramwise_options -- neck.Rep_n4.m.block.3.conv2.block.bn.bias:num of params=256
07/05 03:05:08 - mmengine - INFO - paramwise_options -- neck.Rep_n4.m.block.4.alpha:num of params=1
07/05 03:05:08 - mmengine - INFO - paramwise_options -- neck.Rep_n4.m.block.4.conv1.block.conv.weight:num of params=589824
07/05 03:05:08 - mmengine - INFO - paramwise_options -- neck.Rep_n4.m.block.4.conv1.block.bn.weight:num of params=256
07/05 03:05:08 - mmengine - INFO - paramwise_options -- neck.Rep_n4.m.block.4.conv1.block.bn.bias:num of params=256
07/05 03:05:08 - mmengine - INFO - paramwise_options -- neck.Rep_n4.m.block.4.conv2.block.conv.weight:num of params=589824
07/05 03:05:08 - mmengine - INFO - paramwise_options -- neck.Rep_n4.m.block.4.conv2.block.bn.weight:num of params=256
07/05 03:05:08 - mmengine - INFO - paramwise_options -- neck.Rep_n4.m.block.4.conv2.block.bn.bias:num of params=256
07/05 03:05:08 - mmengine - INFO - paramwise_options -- bbox_head.head_module.cls_preds.0.0.conv.weight:num of params=294912
07/05 03:05:08 - mmengine - INFO - paramwise_options -- bbox_head.head_module.cls_preds.0.0.bn.weight:num of params=256
07/05 03:05:08 - mmengine - INFO - paramwise_options -- bbox_head.head_module.cls_preds.0.0.bn.bias:num of params=256
07/05 03:05:08 - mmengine - INFO - paramwise_options -- bbox_head.head_module.cls_preds.0.1.conv.weight:num of params=589824
07/05 03:05:08 - mmengine - INFO - paramwise_options -- bbox_head.head_module.cls_preds.0.1.bn.weight:num of params=256
07/05 03:05:08 - mmengine - INFO - paramwise_options -- bbox_head.head_module.cls_preds.0.1.bn.bias:num of params=256
07/05 03:05:08 - mmengine - INFO - paramwise_options -- bbox_head.head_module.cls_preds.0.2.weight:num of params=196608
07/05 03:05:08 - mmengine - INFO - paramwise_options -- bbox_head.head_module.cls_preds.0.2.bias:num of params=768
07/05 03:05:08 - mmengine - INFO - paramwise_options -- bbox_head.head_module.cls_preds.1.0.conv.weight:num of params=589824
07/05 03:05:08 - mmengine - INFO - paramwise_options -- bbox_head.head_module.cls_preds.1.0.bn.weight:num of params=256
07/05 03:05:08 - mmengine - INFO - paramwise_options -- bbox_head.head_module.cls_preds.1.0.bn.bias:num of params=256
07/05 03:05:08 - mmengine - INFO - paramwise_options -- bbox_head.head_module.cls_preds.1.1.conv.weight:num of params=589824
07/05 03:05:08 - mmengine - INFO - paramwise_options -- bbox_head.head_module.cls_preds.1.1.bn.weight:num of params=256
07/05 03:05:08 - mmengine - INFO - paramwise_options -- bbox_head.head_module.cls_preds.1.1.bn.bias:num of params=256
07/05 03:05:08 - mmengine - INFO - paramwise_options -- bbox_head.head_module.cls_preds.1.2.weight:num of params=196608
07/05 03:05:08 - mmengine - INFO - paramwise_options -- bbox_head.head_module.cls_preds.1.2.bias:num of params=768
07/05 03:05:08 - mmengine - INFO - paramwise_options -- bbox_head.head_module.cls_preds.2.0.conv.weight:num of params=1179648
07/05 03:05:08 - mmengine - INFO - paramwise_options -- bbox_head.head_module.cls_preds.2.0.bn.weight:num of params=256
07/05 03:05:08 - mmengine - INFO - paramwise_options -- bbox_head.head_module.cls_preds.2.0.bn.bias:num of params=256
07/05 03:05:08 - mmengine - INFO - paramwise_options -- bbox_head.head_module.cls_preds.2.1.conv.weight:num of params=589824
07/05 03:05:08 - mmengine - INFO - paramwise_options -- bbox_head.head_module.cls_preds.2.1.bn.weight:num of params=256
07/05 03:05:08 - mmengine - INFO - paramwise_options -- bbox_head.head_module.cls_preds.2.1.bn.bias:num of params=256
07/05 03:05:08 - mmengine - INFO - paramwise_options -- bbox_head.head_module.cls_preds.2.2.weight:num of params=196608
07/05 03:05:08 - mmengine - INFO - paramwise_options -- bbox_head.head_module.cls_preds.2.2.bias:num of params=768
07/05 03:05:08 - mmengine - INFO - paramwise_options -- bbox_head.head_module.reg_preds.0.0.conv.weight:num of params=73728
07/05 03:05:08 - mmengine - INFO - paramwise_options -- bbox_head.head_module.reg_preds.0.0.bn.weight:num of params=64
07/05 03:05:08 - mmengine - INFO - paramwise_options -- bbox_head.head_module.reg_preds.0.0.bn.bias:num of params=64
07/05 03:05:08 - mmengine - INFO - paramwise_options -- bbox_head.head_module.reg_preds.0.1.conv.weight:num of params=36864
07/05 03:05:08 - mmengine - INFO - paramwise_options -- bbox_head.head_module.reg_preds.0.1.bn.weight:num of params=64
07/05 03:05:08 - mmengine - INFO - paramwise_options -- bbox_head.head_module.reg_preds.0.1.bn.bias:num of params=64
07/05 03:05:08 - mmengine - INFO - paramwise_options -- bbox_head.head_module.reg_preds.0.2.weight:num of params=4096
07/05 03:05:08 - mmengine - INFO - paramwise_options -- bbox_head.head_module.reg_preds.0.2.bias:num of params=64
07/05 03:05:08 - mmengine - INFO - paramwise_options -- bbox_head.head_module.reg_preds.1.0.conv.weight:num of params=147456
07/05 03:05:08 - mmengine - INFO - paramwise_options -- bbox_head.head_module.reg_preds.1.0.bn.weight:num of params=64
07/05 03:05:08 - mmengine - INFO - paramwise_options -- bbox_head.head_module.reg_preds.1.0.bn.bias:num of params=64
07/05 03:05:08 - mmengine - INFO - paramwise_options -- bbox_head.head_module.reg_preds.1.1.conv.weight:num of params=36864
07/05 03:05:08 - mmengine - INFO - paramwise_options -- bbox_head.head_module.reg_preds.1.1.bn.weight:num of params=64
07/05 03:05:08 - mmengine - INFO - paramwise_options -- bbox_head.head_module.reg_preds.1.1.bn.bias:num of params=64
07/05 03:05:08 - mmengine - INFO - paramwise_options -- bbox_head.head_module.reg_preds.1.2.weight:num of params=4096
07/05 03:05:08 - mmengine - INFO - paramwise_options -- bbox_head.head_module.reg_preds.1.2.bias:num of params=64
07/05 03:05:08 - mmengine - INFO - paramwise_options -- bbox_head.head_module.reg_preds.2.0.conv.weight:num of params=294912
07/05 03:05:08 - mmengine - INFO - paramwise_options -- bbox_head.head_module.reg_preds.2.0.bn.weight:num of params=64
07/05 03:05:08 - mmengine - INFO - paramwise_options -- bbox_head.head_module.reg_preds.2.0.bn.bias:num of params=64
07/05 03:05:08 - mmengine - INFO - paramwise_options -- bbox_head.head_module.reg_preds.2.1.conv.weight:num of params=36864
07/05 03:05:08 - mmengine - INFO - paramwise_options -- bbox_head.head_module.reg_preds.2.1.bn.weight:num of params=64
07/05 03:05:08 - mmengine - INFO - paramwise_options -- bbox_head.head_module.reg_preds.2.1.bn.bias:num of params=64
07/05 03:05:08 - mmengine - INFO - paramwise_options -- bbox_head.head_module.reg_preds.2.2.weight:num of params=4096
07/05 03:05:08 - mmengine - INFO - paramwise_options -- bbox_head.head_module.reg_preds.2.2.bias:num of params=64
07/05 03:05:08 - mmengine - INFO - paramwise_options -- bbox_head.head_module.cls_contrasts.0.bias:num of params=1
07/05 03:05:08 - mmengine - INFO - paramwise_options -- bbox_head.head_module.cls_contrasts.0.logit_scale:num of params=1
07/05 03:05:08 - mmengine - INFO - paramwise_options -- bbox_head.head_module.cls_contrasts.0.logit_scale:lr=0.0001
07/05 03:05:08 - mmengine - INFO - paramwise_options -- bbox_head.head_module.cls_contrasts.0.logit_scale:weight_decay=0.0
07/05 03:05:08 - mmengine - INFO - paramwise_options -- bbox_head.head_module.cls_contrasts.0.norm.weight:num of params=768
07/05 03:05:08 - mmengine - INFO - paramwise_options -- bbox_head.head_module.cls_contrasts.0.norm.bias:num of params=768
07/05 03:05:08 - mmengine - INFO - paramwise_options -- bbox_head.head_module.cls_contrasts.1.bias:num of params=1
07/05 03:05:08 - mmengine - INFO - paramwise_options -- bbox_head.head_module.cls_contrasts.1.logit_scale:num of params=1
07/05 03:05:08 - mmengine - INFO - paramwise_options -- bbox_head.head_module.cls_contrasts.1.logit_scale:lr=0.0001
07/05 03:05:08 - mmengine - INFO - paramwise_options -- bbox_head.head_module.cls_contrasts.1.logit_scale:weight_decay=0.0
07/05 03:05:08 - mmengine - INFO - paramwise_options -- bbox_head.head_module.cls_contrasts.1.norm.weight:num of params=768
07/05 03:05:08 - mmengine - INFO - paramwise_options -- bbox_head.head_module.cls_contrasts.1.norm.bias:num of params=768
07/05 03:05:08 - mmengine - INFO - paramwise_options -- bbox_head.head_module.cls_contrasts.2.bias:num of params=1
07/05 03:05:08 - mmengine - INFO - paramwise_options -- bbox_head.head_module.cls_contrasts.2.logit_scale:num of params=1
07/05 03:05:08 - mmengine - INFO - paramwise_options -- bbox_head.head_module.cls_contrasts.2.logit_scale:lr=0.0001
07/05 03:05:08 - mmengine - INFO - paramwise_options -- bbox_head.head_module.cls_contrasts.2.logit_scale:weight_decay=0.0
07/05 03:05:08 - mmengine - INFO - paramwise_options -- bbox_head.head_module.cls_contrasts.2.norm.weight:num of params=768
07/05 03:05:08 - mmengine - INFO - paramwise_options -- bbox_head.head_module.cls_contrasts.2.norm.bias:num of params=768
loading annotations into memory...
Done (t=0.39s)
creating index...
index created!
Done (t=0.39s)
creating index...
index created!
loading annotations into memory...
Done (t=0.40s)
creating index...
index created!
Loads checkpoint by local backend from path: /home/siyuan/projects/LLMs/OralDetect-Family/OralCLIP/pretrained/wedetect_oralclipv11_dentalbert_init.pth
/home/siyuan/anaconda3/envs/wedetect_official/lib/python3.10/site-packages/mmengine/runner/checkpoint.py:347: FutureWarning: You are using `torch.load` with `weights_only=False` (the current default value), which uses the default pickle module implicitly. It is possible to construct malicious pickle data which will execute arbitrary code during unpickling (See https://github.com/pytorch/pytorch/blob/main/SECURITY.md#untrusted-models for more details). In a future release, the default value for `weights_only` will be flipped to `True`. This limits the functions that could be executed during unpickling. Arbitrary objects will no longer be allowed to be loaded via this mode unless they are explicitly allowlisted by the user via `torch.serialization.add_safe_globals`. We recommend you start setting `weights_only=True` for any use case where you don't have full control of the loaded file. Please open an issue on GitHub for any issues related to this experimental feature.
  checkpoint = torch.load(filename, map_location=map_location)
Loads checkpoint by local backend from path: /home/siyuan/projects/LLMs/OralDetect-Family/OralCLIP/pretrained/wedetect_oralclipv11_dentalbert_init.pth
/home/siyuan/anaconda3/envs/wedetect_official/lib/python3.10/site-packages/mmengine/runner/checkpoint.py:347: FutureWarning: You are using `torch.load` with `weights_only=False` (the current default value), which uses the default pickle module implicitly. It is possible to construct malicious pickle data which will execute arbitrary code during unpickling (See https://github.com/pytorch/pytorch/blob/main/SECURITY.md#untrusted-models for more details). In a future release, the default value for `weights_only` will be flipped to `True`. This limits the functions that could be executed during unpickling. Arbitrary objects will no longer be allowed to be loaded via this mode unless they are explicitly allowlisted by the user via `torch.serialization.add_safe_globals`. We recommend you start setting `weights_only=True` for any use case where you don't have full control of the loaded file. Please open an issue on GitHub for any issues related to this experimental feature.
  checkpoint = torch.load(filename, map_location=map_location)
Loads checkpoint by local backend from path: /home/siyuan/projects/LLMs/OralDetect-Family/OralCLIP/pretrained/wedetect_oralclipv11_dentalbert_init.pth
/home/siyuan/anaconda3/envs/wedetect_official/lib/python3.10/site-packages/mmengine/runner/checkpoint.py:347: FutureWarning: You are using `torch.load` with `weights_only=False` (the current default value), which uses the default pickle module implicitly. It is possible to construct malicious pickle data which will execute arbitrary code during unpickling (See https://github.com/pytorch/pytorch/blob/main/SECURITY.md#untrusted-models for more details). In a future release, the default value for `weights_only` will be flipped to `True`. This limits the functions that could be executed during unpickling. Arbitrary objects will no longer be allowed to be loaded via this mode unless they are explicitly allowlisted by the user via `torch.serialization.add_safe_globals`. We recommend you start setting `weights_only=True` for any use case where you don't have full control of the loaded file. Please open an issue on GitHub for any issues related to this experimental feature.
  checkpoint = torch.load(filename, map_location=map_location)
Loads checkpoint by local backend from path: /home/siyuan/projects/LLMs/OralDetect-Family/OralCLIP/pretrained/wedetect_oralclipv11_dentalbert_init.pth
/home/siyuan/anaconda3/envs/wedetect_official/lib/python3.10/site-packages/mmengine/runner/checkpoint.py:347: FutureWarning: You are using `torch.load` with `weights_only=False` (the current default value), which uses the default pickle module implicitly. It is possible to construct malicious pickle data which will execute arbitrary code during unpickling (See https://github.com/pytorch/pytorch/blob/main/SECURITY.md#untrusted-models for more details). In a future release, the default value for `weights_only` will be flipped to `True`. This limits the functions that could be executed during unpickling. Arbitrary objects will no longer be allowed to be loaded via this mode unless they are explicitly allowlisted by the user via `torch.serialization.add_safe_globals`. We recommend you start setting `weights_only=True` for any use case where you don't have full control of the loaded file. Please open an issue on GitHub for any issues related to this experimental feature.
  checkpoint = torch.load(filename, map_location=map_location)
The model and loaded state dict do not match exactly

missing keys in source state_dict: backbone.text_model.model.embeddings.word_embeddings.weight, backbone.text_model.model.embeddings.position_embeddings.weight, backbone.text_model.model.embeddings.token_type_embeddings.weight, backbone.text_model.model.embeddings.LayerNorm.weight, backbone.text_model.model.embeddings.LayerNorm.bias, backbone.text_model.model.encoder.layer.0.attention.self.query.weight, backbone.text_model.model.encoder.layer.0.attention.self.query.bias, backbone.text_model.model.encoder.layer.0.attention.self.key.weight, backbone.text_model.model.encoder.layer.0.attention.self.key.bias, backbone.text_model.model.encoder.layer.0.attention.self.value.weight, backbone.text_model.model.encoder.layer.0.attention.self.value.bias, backbone.text_model.model.encoder.layer.0.attention.output.dense.weight, backbone.text_model.model.encoder.layer.0.attention.output.dense.bias, backbone.text_model.model.encoder.layer.0.attention.output.LayerNorm.weight, backbone.text_model.model.encoder.layer.0.attention.output.LayerNorm.bias, backbone.text_model.model.encoder.layer.0.intermediate.dense.weight, backbone.text_model.model.encoder.layer.0.intermediate.dense.bias, backbone.text_model.model.encoder.layer.0.output.dense.weight, backbone.text_model.model.encoder.layer.0.output.dense.bias, backbone.text_model.model.encoder.layer.0.output.LayerNorm.weight, backbone.text_model.model.encoder.layer.0.output.LayerNorm.bias, backbone.text_model.model.encoder.layer.1.attention.self.query.weight, backbone.text_model.model.encoder.layer.1.attention.self.query.bias, backbone.text_model.model.encoder.layer.1.attention.self.key.weight, backbone.text_model.model.encoder.layer.1.attention.self.key.bias, backbone.text_model.model.encoder.layer.1.attention.self.value.weight, backbone.text_model.model.encoder.layer.1.attention.self.value.bias, backbone.text_model.model.encoder.layer.1.attention.output.dense.weight, backbone.text_model.model.encoder.layer.1.attention.output.dense.bias, backbone.text_model.model.encoder.layer.1.attention.output.LayerNorm.weight, backbone.text_model.model.encoder.layer.1.attention.output.LayerNorm.bias, backbone.text_model.model.encoder.layer.1.intermediate.dense.weight, backbone.text_model.model.encoder.layer.1.intermediate.dense.bias, backbone.text_model.model.encoder.layer.1.output.dense.weight, backbone.text_model.model.encoder.layer.1.output.dense.bias, backbone.text_model.model.encoder.layer.1.output.LayerNorm.weight, backbone.text_model.model.encoder.layer.1.output.LayerNorm.bias, backbone.text_model.model.encoder.layer.2.attention.self.query.weight, backbone.text_model.model.encoder.layer.2.attention.self.query.bias, backbone.text_model.model.encoder.layer.2.attention.self.key.weight, backbone.text_model.model.encoder.layer.2.attention.self.key.bias, backbone.text_model.model.encoder.layer.2.attention.self.value.weight, backbone.text_model.model.encoder.layer.2.attention.self.value.bias, backbone.text_model.model.encoder.layer.2.attention.output.dense.weight, backbone.text_model.model.encoder.layer.2.attention.output.dense.bias, backbone.text_model.model.encoder.layer.2.attention.output.LayerNorm.weight, backbone.text_model.model.encoder.layer.2.attention.output.LayerNorm.bias, backbone.text_model.model.encoder.layer.2.intermediate.dense.weight, backbone.text_model.model.encoder.layer.2.intermediate.dense.bias, backbone.text_model.model.encoder.layer.2.output.dense.weight, backbone.text_model.model.encoder.layer.2.output.dense.bias, backbone.text_model.model.encoder.layer.2.output.LayerNorm.weight, backbone.text_model.model.encoder.layer.2.output.LayerNorm.bias, backbone.text_model.model.encoder.layer.3.attention.self.query.weight, backbone.text_model.model.encoder.layer.3.attention.self.query.bias, backbone.text_model.model.encoder.layer.3.attention.self.key.weight, backbone.text_model.model.encoder.layer.3.attention.self.key.bias, backbone.text_model.model.encoder.layer.3.attention.self.value.weight, backbone.text_model.model.encoder.layer.3.attention.self.value.bias, backbone.text_model.model.encoder.layer.3.attention.output.dense.weight, backbone.text_model.model.encoder.layer.3.attention.output.dense.bias, backbone.text_model.model.encoder.layer.3.attention.output.LayerNorm.weight, backbone.text_model.model.encoder.layer.3.attention.output.LayerNorm.bias, backbone.text_model.model.encoder.layer.3.intermediate.dense.weight, backbone.text_model.model.encoder.layer.3.intermediate.dense.bias, backbone.text_model.model.encoder.layer.3.output.dense.weight, backbone.text_model.model.encoder.layer.3.output.dense.bias, backbone.text_model.model.encoder.layer.3.output.LayerNorm.weight, backbone.text_model.model.encoder.layer.3.output.LayerNorm.bias, backbone.text_model.model.encoder.layer.4.attention.self.query.weight, backbone.text_model.model.encoder.layer.4.attention.self.query.bias, backbone.text_model.model.encoder.layer.4.attention.self.key.weight, backbone.text_model.model.encoder.layer.4.attention.self.key.bias, backbone.text_model.model.encoder.layer.4.attention.self.value.weight, backbone.text_model.model.encoder.layer.4.attention.self.value.bias, backbone.text_model.model.encoder.layer.4.attention.output.dense.weight, backbone.text_model.model.encoder.layer.4.attention.output.dense.bias, backbone.text_model.model.encoder.layer.4.attention.output.LayerNorm.weight, backbone.text_model.model.encoder.layer.4.attention.output.LayerNorm.bias, backbone.text_model.model.encoder.layer.4.intermediate.dense.weight, backbone.text_model.model.encoder.layer.4.intermediate.dense.bias, backbone.text_model.model.encoder.layer.4.output.dense.weight, backbone.text_model.model.encoder.layer.4.output.dense.bias, backbone.text_model.model.encoder.layer.4.output.LayerNorm.weight, backbone.text_model.model.encoder.layer.4.output.LayerNorm.bias, backbone.text_model.model.encoder.layer.5.attention.self.query.weight, backbone.text_model.model.encoder.layer.5.attention.self.query.bias, backbone.text_model.model.encoder.layer.5.attention.self.key.weight, backbone.text_model.model.encoder.layer.5.attention.self.key.bias, backbone.text_model.model.encoder.layer.5.attention.self.value.weight, backbone.text_model.model.encoder.layer.5.attention.self.value.bias, backbone.text_model.model.encoder.layer.5.attention.output.dense.weight, backbone.text_model.model.encoder.layer.5.attention.output.dense.bias, backbone.text_model.model.encoder.layer.5.attention.output.LayerNorm.weight, backbone.text_model.model.encoder.layer.5.attention.output.LayerNorm.bias, backbone.text_model.model.encoder.layer.5.intermediate.dense.weight, backbone.text_model.model.encoder.layer.5.intermediate.dense.bias, backbone.text_model.model.encoder.layer.5.output.dense.weight, backbone.text_model.model.encoder.layer.5.output.dense.bias, backbone.text_model.model.encoder.layer.5.output.LayerNorm.weight, backbone.text_model.model.encoder.layer.5.output.LayerNorm.bias, backbone.text_model.model.encoder.layer.6.attention.self.query.weight, backbone.text_model.model.encoder.layer.6.attention.self.query.bias, backbone.text_model.model.encoder.layer.6.attention.self.key.weight, backbone.text_model.model.encoder.layer.6.attention.self.key.bias, backbone.text_model.model.encoder.layer.6.attention.self.value.weight, backbone.text_model.model.encoder.layer.6.attention.self.value.bias, backbone.text_model.model.encoder.layer.6.attention.output.dense.weight, backbone.text_model.model.encoder.layer.6.attention.output.dense.bias, backbone.text_model.model.encoder.layer.6.attention.output.LayerNorm.weight, backbone.text_model.model.encoder.layer.6.attention.output.LayerNorm.bias, backbone.text_model.model.encoder.layer.6.intermediate.dense.weight, backbone.text_model.model.encoder.layer.6.intermediate.dense.bias, backbone.text_model.model.encoder.layer.6.output.dense.weight, backbone.text_model.model.encoder.layer.6.output.dense.bias, backbone.text_model.model.encoder.layer.6.output.LayerNorm.weight, backbone.text_model.model.encoder.layer.6.output.LayerNorm.bias, backbone.text_model.model.encoder.layer.7.attention.self.query.weight, backbone.text_model.model.encoder.layer.7.attention.self.query.bias, backbone.text_model.model.encoder.layer.7.attention.self.key.weight, backbone.text_model.model.encoder.layer.7.attention.self.key.bias, backbone.text_model.model.encoder.layer.7.attention.self.value.weight, backbone.text_model.model.encoder.layer.7.attention.self.value.bias, backbone.text_model.model.encoder.layer.7.attention.output.dense.weight, backbone.text_model.model.encoder.layer.7.attention.output.dense.bias, backbone.text_model.model.encoder.layer.7.attention.output.LayerNorm.weight, backbone.text_model.model.encoder.layer.7.attention.output.LayerNorm.bias, backbone.text_model.model.encoder.layer.7.intermediate.dense.weight, backbone.text_model.model.encoder.layer.7.intermediate.dense.bias, backbone.text_model.model.encoder.layer.7.output.dense.weight, backbone.text_model.model.encoder.layer.7.output.dense.bias, backbone.text_model.model.encoder.layer.7.output.LayerNorm.weight, backbone.text_model.model.encoder.layer.7.output.LayerNorm.bias, backbone.text_model.model.encoder.layer.8.attention.self.query.weight, backbone.text_model.model.encoder.layer.8.attention.self.query.bias, backbone.text_model.model.encoder.layer.8.attention.self.key.weight, backbone.text_model.model.encoder.layer.8.attention.self.key.bias, backbone.text_model.model.encoder.layer.8.attention.self.value.weight, backbone.text_model.model.encoder.layer.8.attention.self.value.bias, backbone.text_model.model.encoder.layer.8.attention.output.dense.weight, backbone.text_model.model.encoder.layer.8.attention.output.dense.bias, backbone.text_model.model.encoder.layer.8.attention.output.LayerNorm.weight, backbone.text_model.model.encoder.layer.8.attention.output.LayerNorm.bias, backbone.text_model.model.encoder.layer.8.intermediate.dense.weight, backbone.text_model.model.encoder.layer.8.intermediate.dense.bias, backbone.text_model.model.encoder.layer.8.output.dense.weight, backbone.text_model.model.encoder.layer.8.output.dense.bias, backbone.text_model.model.encoder.layer.8.output.LayerNorm.weight, backbone.text_model.model.encoder.layer.8.output.LayerNorm.bias, backbone.text_model.model.encoder.layer.9.attention.self.query.weight, backbone.text_model.model.encoder.layer.9.attention.self.query.bias, backbone.text_model.model.encoder.layer.9.attention.self.key.weight, backbone.text_model.model.encoder.layer.9.attention.self.key.bias, backbone.text_model.model.encoder.layer.9.attention.self.value.weight, backbone.text_model.model.encoder.layer.9.attention.self.value.bias, backbone.text_model.model.encoder.layer.9.attention.output.dense.weight, backbone.text_model.model.encoder.layer.9.attention.output.dense.bias, backbone.text_model.model.encoder.layer.9.attention.output.LayerNorm.weight, backbone.text_model.model.encoder.layer.9.attention.output.LayerNorm.bias, backbone.text_model.model.encoder.layer.9.intermediate.dense.weight, backbone.text_model.model.encoder.layer.9.intermediate.dense.bias, backbone.text_model.model.encoder.layer.9.output.dense.weight, backbone.text_model.model.encoder.layer.9.output.dense.bias, backbone.text_model.model.encoder.layer.9.output.LayerNorm.weight, backbone.text_model.model.encoder.layer.9.output.LayerNorm.bias, backbone.text_model.model.encoder.layer.10.attention.self.query.weight, backbone.text_model.model.encoder.layer.10.attention.self.query.bias, backbone.text_model.model.encoder.layer.10.attention.self.key.weight, backbone.text_model.model.encoder.layer.10.attention.self.key.bias, backbone.text_model.model.encoder.layer.10.attention.self.value.weight, backbone.text_model.model.encoder.layer.10.attention.self.value.bias, backbone.text_model.model.encoder.layer.10.attention.output.dense.weight, backbone.text_model.model.encoder.layer.10.attention.output.dense.bias, backbone.text_model.model.encoder.layer.10.attention.output.LayerNorm.weight, backbone.text_model.model.encoder.layer.10.attention.output.LayerNorm.bias, backbone.text_model.model.encoder.layer.10.intermediate.dense.weight, backbone.text_model.model.encoder.layer.10.intermediate.dense.bias, backbone.text_model.model.encoder.layer.10.output.dense.weight, backbone.text_model.model.encoder.layer.10.output.dense.bias, backbone.text_model.model.encoder.layer.10.output.LayerNorm.weight, backbone.text_model.model.encoder.layer.10.output.LayerNorm.bias, backbone.text_model.model.encoder.layer.11.attention.self.query.weight, backbone.text_model.model.encoder.layer.11.attention.self.query.bias, backbone.text_model.model.encoder.layer.11.attention.self.key.weight, backbone.text_model.model.encoder.layer.11.attention.self.key.bias, backbone.text_model.model.encoder.layer.11.attention.self.value.weight, backbone.text_model.model.encoder.layer.11.attention.self.value.bias, backbone.text_model.model.encoder.layer.11.attention.output.dense.weight, backbone.text_model.model.encoder.layer.11.attention.output.dense.bias, backbone.text_model.model.encoder.layer.11.attention.output.LayerNorm.weight, backbone.text_model.model.encoder.layer.11.attention.output.LayerNorm.bias, backbone.text_model.model.encoder.layer.11.intermediate.dense.weight, backbone.text_model.model.encoder.layer.11.intermediate.dense.bias, backbone.text_model.model.encoder.layer.11.output.dense.weight, backbone.text_model.model.encoder.layer.11.output.dense.bias, backbone.text_model.model.encoder.layer.11.output.LayerNorm.weight, backbone.text_model.model.encoder.layer.11.output.LayerNorm.bias, backbone.text_model.model.pooler.dense.weight, backbone.text_model.model.pooler.dense.bias

07/05 03:05:12 - mmengine - INFO - Load checkpoint from /home/siyuan/projects/LLMs/OralDetect-Family/OralCLIP/pretrained/wedetect_oralclipv11_dentalbert_init.pth
07/05 03:05:12 - mmengine - WARNING - "FileClient" will be deprecated in future. Please use io functions in https://mmengine.readthedocs.io/en/latest/api/fileio.html#file-io
07/05 03:05:12 - mmengine - WARNING - "HardDiskBackend" is the alias of "LocalBackend" and the former will be deprecated in future.
07/05 03:05:12 - mmengine - INFO - Checkpoints will be saved to /home/siyuan/projects/LLMs/OralDetect-Family/WeDetect_repro/WeDetect/work_dirs/v11dt3stage_s1.
/home/siyuan/anaconda3/envs/wedetect_official/lib/python3.10/site-packages/torch/functional.py:534: UserWarning: torch.meshgrid: in an upcoming release, it will be required to pass the indexing argument. (Triggered internally at ../aten/src/ATen/native/TensorShape.cpp:3595.)
  return _VF.meshgrid(tensors, **kwargs)  # type: ignore[attr-defined]
/home/siyuan/anaconda3/envs/wedetect_official/lib/python3.10/site-packages/torch/functional.py:534: UserWarning: torch.meshgrid: in an upcoming release, it will be required to pass the indexing argument. (Triggered internally at ../aten/src/ATen/native/TensorShape.cpp:3595.)
  return _VF.meshgrid(tensors, **kwargs)  # type: ignore[attr-defined]
/home/siyuan/anaconda3/envs/wedetect_official/lib/python3.10/site-packages/torch/functional.py:534: UserWarning: torch.meshgrid: in an upcoming release, it will be required to pass the indexing argument. (Triggered internally at ../aten/src/ATen/native/TensorShape.cpp:3595.)
  return _VF.meshgrid(tensors, **kwargs)  # type: ignore[attr-defined]
/home/siyuan/anaconda3/envs/wedetect_official/lib/python3.10/site-packages/torch/functional.py:534: UserWarning: torch.meshgrid: in an upcoming release, it will be required to pass the indexing argument. (Triggered internally at ../aten/src/ATen/native/TensorShape.cpp:3595.)
  return _VF.meshgrid(tensors, **kwargs)  # type: ignore[attr-defined]
[rank3]:[W705 03:05:30.338768433 reducer.cpp:1400] Warning: find_unused_parameters=True was specified in DDP constructor, but did not find any unused parameters in the forward pass. This flag results in an extra traversal of the autograd graph every iteration,  which can adversely affect performance. If your model indeed never has any unused parameters in the forward pass, consider turning this flag off. Note that this warning may be a false positive if your model has flow control causing later iterations to have unused parameters. (function operator())
[rank0]:[W705 03:05:30.354843186 reducer.cpp:1400] Warning: find_unused_parameters=True was specified in DDP constructor, but did not find any unused parameters in the forward pass. This flag results in an extra traversal of the autograd graph every iteration,  which can adversely affect performance. If your model indeed never has any unused parameters in the forward pass, consider turning this flag off. Note that this warning may be a false positive if your model has flow control causing later iterations to have unused parameters. (function operator())
[rank1]:[W705 03:05:30.360279189 reducer.cpp:1400] Warning: find_unused_parameters=True was specified in DDP constructor, but did not find any unused parameters in the forward pass. This flag results in an extra traversal of the autograd graph every iteration,  which can adversely affect performance. If your model indeed never has any unused parameters in the forward pass, consider turning this flag off. Note that this warning may be a false positive if your model has flow control causing later iterations to have unused parameters. (function operator())
[rank2]:[W705 03:05:30.361782449 reducer.cpp:1400] Warning: find_unused_parameters=True was specified in DDP constructor, but did not find any unused parameters in the forward pass. This flag results in an extra traversal of the autograd graph every iteration,  which can adversely affect performance. If your model indeed never has any unused parameters in the forward pass, consider turning this flag off. Note that this warning may be a false positive if your model has flow control causing later iterations to have unused parameters. (function operator())
07/05 03:07:34 - mmengine - INFO - Epoch(train) [1][  50/1294]  base_lr: 4.9766e-06 lr: 4.9766e-06  eta: 8:07:10  time: 2.8373  data_time: 0.3800  memory: 4765  grad_norm: 12620.1668  loss: 462.3140  loss_cls: 338.4080  loss_bbox: 66.8259  loss_dfl: 57.0801
07/05 03:09:33 - mmengine - INFO - Epoch(train) [1][ 100/1294]  base_lr: 9.9053e-06 lr: 9.9053e-06  eta: 7:24:42  time: 2.3680  data_time: 0.0093  memory: 4703  grad_norm: 1077.5014  loss: 258.4342  loss_cls: 146.7068  loss_bbox: 59.5290  loss_dfl: 52.1984
07/05 03:11:06 - mmengine - INFO - Epoch(train) [1][ 150/1294]  base_lr: 1.4786e-05 lr: 1.4786e-05  eta: 6:40:58  time: 1.8694  data_time: 0.0045  memory: 4863  grad_norm: 773.4686  loss: 224.6587  loss_cls: 121.1478  loss_bbox: 55.9409  loss_dfl: 47.5700
07/05 03:12:29 - mmengine - INFO - Epoch(train) [1][ 200/1294]  base_lr: 1.9619e-05 lr: 1.9619e-05  eta: 6:09:02  time: 1.6494  data_time: 0.9961  memory: 4796  grad_norm: 748.5610  loss: 205.8799  loss_cls: 104.1270  loss_bbox: 55.2442  loss_dfl: 46.5086
07/05 03:13:37 - mmengine - INFO - Epoch(train) [1][ 250/1294]  base_lr: 2.4405e-05 lr: 2.4405e-05  eta: 5:40:07  time: 1.3767  data_time: 0.3764  memory: 4696  grad_norm: 788.8112  loss: 191.4110  loss_cls: 95.2549  loss_bbox: 51.7291  loss_dfl: 44.4270
07/05 03:14:33 - mmengine - INFO - Epoch(train) [1][ 300/1294]  base_lr: 2.9142e-05 lr: 2.9142e-05  eta: 5:13:04  time: 1.1113  data_time: 0.5903  memory: 4723  grad_norm: 804.2357  loss: 186.1573  loss_cls: 88.6592  loss_bbox: 53.0337  loss_dfl: 44.4644
07/05 03:15:23 - mmengine - INFO - Epoch(train) [1][ 350/1294]  base_lr: 3.3832e-05 lr: 3.3832e-05  eta: 4:50:57  time: 1.0054  data_time: 0.1632  memory: 4977  grad_norm: 802.4271  loss: 179.4392  loss_cls: 85.9179  loss_bbox: 50.1416  loss_dfl: 43.3797
07/05 03:16:06 - mmengine - INFO - Epoch(train) [1][ 400/1294]  base_lr: 3.8474e-05 lr: 3.8474e-05  eta: 4:31:08  time: 0.8603  data_time: 0.1145  memory: 4777  grad_norm: 804.5342  loss: 178.7289  loss_cls: 84.7624  loss_bbox: 50.3838  loss_dfl: 43.5826
07/05 03:16:42 - mmengine - INFO - Epoch(train) [1][ 450/1294]  base_lr: 4.3068e-05 lr: 4.3068e-05  eta: 4:12:44  time: 0.7056  data_time: 0.0793  memory: 5010  grad_norm: 803.7983  loss: 169.5591  loss_cls: 76.8157  loss_bbox: 49.5526  loss_dfl: 43.1908
07/05 03:17:12 - mmengine - INFO - Epoch(train) [1][ 500/1294]  base_lr: 4.7614e-05 lr: 4.7614e-05  eta: 3:56:15  time: 0.6052  data_time: 0.1050  memory: 5016  grad_norm: 832.3226  loss: 166.9135  loss_cls: 75.6446  loss_bbox: 49.0339  loss_dfl: 42.2351
07/05 03:17:38 - mmengine - INFO - Epoch(train) [1][ 550/1294]  base_lr: 5.2112e-05 lr: 5.2112e-05  eta: 3:41:36  time: 0.5325  data_time: 0.0077  memory: 4803  grad_norm: 725.8918  loss: 163.1512  loss_cls: 72.6696  loss_bbox: 48.2803  loss_dfl: 42.2014
07/05 03:18:02 - mmengine - INFO - Epoch(train) [1][ 600/1294]  base_lr: 5.6563e-05 lr: 5.6563e-05  eta: 3:28:27  time: 0.4690  data_time: 0.0149  memory: 4716  grad_norm: 732.9903  loss: 159.2936  loss_cls: 69.9794  loss_bbox: 47.8771  loss_dfl: 41.4371
07/05 03:18:24 - mmengine - INFO - Epoch(train) [1][ 650/1294]  base_lr: 6.0965e-05 lr: 6.0965e-05  eta: 3:17:03  time: 0.4522  data_time: 0.0058  memory: 4810  grad_norm: 720.8659  loss: 159.8908  loss_cls: 69.5731  loss_bbox: 48.4235  loss_dfl: 41.8941
07/05 03:18:47 - mmengine - INFO - Epoch(train) [1][ 700/1294]  base_lr: 6.5320e-05 lr: 6.5320e-05  eta: 3:07:16  time: 0.4558  data_time: 0.0055  memory: 4923  grad_norm: 713.3740  loss: 158.4589  loss_cls: 68.5823  loss_bbox: 48.1575  loss_dfl: 41.7190
07/05 03:19:10 - mmengine - INFO - Epoch(train) [1][ 750/1294]  base_lr: 6.9627e-05 lr: 6.9627e-05  eta: 2:58:39  time: 0.4471  data_time: 0.0053  memory: 4757  grad_norm: 708.9128  loss: 160.6497  loss_cls: 70.7792  loss_bbox: 48.5016  loss_dfl: 41.3689
07/05 03:19:32 - mmengine - INFO - Epoch(train) [1][ 800/1294]  base_lr: 7.3887e-05 lr: 7.3887e-05  eta: 2:51:09  time: 0.4562  data_time: 0.0052  memory: 4956  grad_norm: 775.5276  loss: 157.5521  loss_cls: 69.3554  loss_bbox: 47.2368  loss_dfl: 40.9600
07/05 03:19:55 - mmengine - INFO - Epoch(train) [1][ 850/1294]  base_lr: 7.8098e-05 lr: 7.8098e-05  eta: 2:44:27  time: 0.4525  data_time: 0.0051  memory: 4616  grad_norm: 667.7338  loss: 153.1637  loss_cls: 64.2913  loss_bbox: 47.5151  loss_dfl: 41.3574
07/05 03:20:18 - mmengine - INFO - Epoch(train) [1][ 900/1294]  base_lr: 8.2262e-05 lr: 8.2262e-05  eta: 2:38:27  time: 0.4512  data_time: 0.0049  memory: 4757  grad_norm: 680.7820  loss: 152.2715  loss_cls: 65.1629  loss_bbox: 46.2518  loss_dfl: 40.8569
07/05 03:20:40 - mmengine - INFO - Epoch(train) [1][ 950/1294]  base_lr: 8.6377e-05 lr: 8.6377e-05  eta: 2:33:04  time: 0.4560  data_time: 0.0054  memory: 4856  grad_norm: 654.7448  loss: 148.7548  loss_cls: 62.2319  loss_bbox: 46.5772  loss_dfl: 39.9457
07/05 03:21:03 - mmengine - INFO - Exp name: wedetect_v11dt_3stage_s1_20260705_030456
07/05 03:21:03 - mmengine - INFO - Epoch(train) [1][1000/1294]  base_lr: 9.0445e-05 lr: 9.0445e-05  eta: 2:28:08  time: 0.4482  data_time: 0.0051  memory: 4936  grad_norm: 659.7224  loss: 149.9171  loss_cls: 63.8884  loss_bbox: 46.0304  loss_dfl: 39.9983
07/05 03:21:26 - mmengine - INFO - Epoch(train) [1][1050/1294]  base_lr: 8.9967e-05 lr: 8.9967e-05  eta: 2:23:41  time: 0.4553  data_time: 0.0044  memory: 4950  grad_norm: 633.4998  loss: 147.6543  loss_cls: 61.7474  loss_bbox: 45.5955  loss_dfl: 40.3114
07/05 03:21:48 - mmengine - INFO - Epoch(train) [1][1100/1294]  base_lr: 8.9489e-05 lr: 8.9489e-05  eta: 2:19:33  time: 0.4459  data_time: 0.0044  memory: 4790  grad_norm: 652.4948  loss: 149.7496  loss_cls: 62.2691  loss_bbox: 46.3623  loss_dfl: 41.1182
07/05 03:22:11 - mmengine - INFO - Epoch(train) [1][1150/1294]  base_lr: 8.9011e-05 lr: 8.9011e-05  eta: 2:15:48  time: 0.4563  data_time: 0.0044  memory: 4696  grad_norm: 581.9740  loss: 146.0776  loss_cls: 59.7386  loss_bbox: 45.9757  loss_dfl: 40.3633
07/05 03:22:33 - mmengine - INFO - Epoch(train) [1][1200/1294]  base_lr: 8.8532e-05 lr: 8.8532e-05  eta: 2:12:18  time: 0.4511  data_time: 0.0042  memory: 4897  grad_norm: 658.7373  loss: 145.4597  loss_cls: 60.8070  loss_bbox: 44.7838  loss_dfl: 39.8688
07/05 03:22:56 - mmengine - INFO - Epoch(train) [1][1250/1294]  base_lr: 8.8054e-05 lr: 8.8054e-05  eta: 2:09:03  time: 0.4496  data_time: 0.0046  memory: 4910  grad_norm: 595.3012  loss: 141.7961  loss_cls: 59.4939  loss_bbox: 43.5438  loss_dfl: 38.7585
07/05 03:23:16 - mmengine - INFO - Exp name: wedetect_v11dt_3stage_s1_20260705_030456
07/05 03:23:16 - mmengine - INFO - Saving checkpoint at 1 epochs
07/05 03:23:42 - mmengine - INFO - Epoch(train) [2][  50/1294]  base_lr: 8.7155e-05 lr: 8.7155e-05  eta: 2:03:33  time: 0.4559  data_time: 0.0122  memory: 4830  grad_norm: 538.5051  loss: 143.9022  loss_cls: 57.9302  loss_bbox: 45.6429  loss_dfl: 40.3291
07/05 03:24:05 - mmengine - INFO - Epoch(train) [2][ 100/1294]  base_lr: 8.6677e-05 lr: 8.6677e-05  eta: 2:00:54  time: 0.4574  data_time: 0.0044  memory: 4716  grad_norm: 592.8977  loss: 143.1983  loss_cls: 58.6540  loss_bbox: 44.6127  loss_dfl: 39.9316
07/05 03:24:28 - mmengine - INFO - Epoch(train) [2][ 150/1294]  base_lr: 8.6199e-05 lr: 8.6199e-05  eta: 1:58:23  time: 0.4503  data_time: 0.0044  memory: 5203  grad_norm: 558.4463  loss: 144.5649  loss_cls: 59.5226  loss_bbox: 44.8014  loss_dfl: 40.2409
07/05 03:24:50 - mmengine - INFO - Epoch(train) [2][ 200/1294]  base_lr: 8.5721e-05 lr: 8.5721e-05  eta: 1:56:00  time: 0.4496  data_time: 0.0043  memory: 4703  grad_norm: 547.2584  loss: 138.2637  loss_cls: 54.7373  loss_bbox: 44.2993  loss_dfl: 39.2270
07/05 03:25:13 - mmengine - INFO - Epoch(train) [2][ 250/1294]  base_lr: 8.5242e-05 lr: 8.5242e-05  eta: 1:53:47  time: 0.4583  data_time: 0.0046  memory: 4710  grad_norm: 527.0023  loss: 137.8260  loss_cls: 54.8239  loss_bbox: 43.7776  loss_dfl: 39.2245
07/05 03:25:35 - mmengine - INFO - Epoch(train) [2][ 300/1294]  base_lr: 8.4764e-05 lr: 8.4764e-05  eta: 1:51:39  time: 0.4501  data_time: 0.0043  memory: 4923  grad_norm: 506.0539  loss: 135.8158  loss_cls: 52.9639  loss_bbox: 43.9547  loss_dfl: 38.8971
07/05 03:25:58 - mmengine - INFO - Epoch(train) [2][ 350/1294]  base_lr: 8.4286e-05 lr: 8.4286e-05  eta: 1:49:38  time: 0.4529  data_time: 0.0045  memory: 4783  grad_norm: 542.1711  loss: 140.8441  loss_cls: 55.3696  loss_bbox: 45.2065  loss_dfl: 40.2680
07/05 03:26:21 - mmengine - INFO - Epoch(train) [2][ 400/1294]  base_lr: 8.3808e-05 lr: 8.3808e-05  eta: 1:47:43  time: 0.4531  data_time: 0.0044  memory: 4856  grad_norm: 518.0704  loss: 137.9830  loss_cls: 54.2679  loss_bbox: 44.2775  loss_dfl: 39.4376
07/05 03:26:44 - mmengine - INFO - Epoch(train) [2][ 450/1294]  base_lr: 8.3329e-05 lr: 8.3329e-05  eta: 1:45:54  time: 0.4571  data_time: 0.0045  memory: 4816  grad_norm: 547.2200  loss: 136.7886  loss_cls: 54.4248  loss_bbox: 43.1396  loss_dfl: 39.2243
07/05 03:27:06 - mmengine - INFO - Epoch(train) [2][ 500/1294]  base_lr: 8.2851e-05 lr: 8.2851e-05  eta: 1:44:09  time: 0.4505  data_time: 0.0046  memory: 4765  grad_norm: 511.4382  loss: 138.3267  loss_cls: 54.4369  loss_bbox: 44.3325  loss_dfl: 39.5573
07/05 03:27:29 - mmengine - INFO - Epoch(train) [2][ 550/1294]  base_lr: 8.2373e-05 lr: 8.2373e-05  eta: 1:42:28  time: 0.4497  data_time: 0.0047  memory: 4823  grad_norm: 504.5985  loss: 140.2183  loss_cls: 54.6940  loss_bbox: 45.3919  loss_dfl: 40.1324
07/05 03:27:52 - mmengine - INFO - Epoch(train) [2][ 600/1294]  base_lr: 8.1895e-05 lr: 8.1895e-05  eta: 1:40:53  time: 0.4585  data_time: 0.0045  memory: 4783  grad_norm: 486.4398  loss: 136.6190  loss_cls: 53.9385  loss_bbox: 43.1949  loss_dfl: 39.4856
07/05 03:28:14 - mmengine - INFO - Epoch(train) [2][ 650/1294]  base_lr: 8.1417e-05 lr: 8.1417e-05  eta: 1:39:19  time: 0.4500  data_time: 0.0045  memory: 4816  grad_norm: 502.9926  loss: 137.9127  loss_cls: 54.0109  loss_bbox: 44.5490  loss_dfl: 39.3527
07/05 03:28:37 - mmengine - INFO - Epoch(train) [2][ 700/1294]  base_lr: 8.0938e-05 lr: 8.0938e-05  eta: 1:37:50  time: 0.4531  data_time: 0.0044  memory: 4650  grad_norm: 526.0333  loss: 132.2408  loss_cls: 51.2321  loss_bbox: 42.7855  loss_dfl: 38.2232
07/05 03:28:39 - mmengine - INFO - Exp name: wedetect_v11dt_3stage_s1_20260705_030456
07/05 03:28:59 - mmengine - INFO - Epoch(train) [2][ 750/1294]  base_lr: 8.0460e-05 lr: 8.0460e-05  eta: 1:36:24  time: 0.4519  data_time: 0.0044  memory: 4956  grad_norm: 479.7635  loss: 134.7599  loss_cls: 51.8120  loss_bbox: 43.9894  loss_dfl: 38.9585
07/05 03:29:22 - mmengine - INFO - Epoch(train) [2][ 800/1294]  base_lr: 7.9982e-05 lr: 7.9982e-05  eta: 1:35:02  time: 0.4558  data_time: 0.0042  memory: 4736  grad_norm: 505.8026  loss: 133.8332  loss_cls: 51.2120  loss_bbox: 43.7109  loss_dfl: 38.9103
07/05 03:29:45 - mmengine - INFO - Epoch(train) [2][ 850/1294]  base_lr: 7.9504e-05 lr: 7.9504e-05  eta: 1:33:41  time: 0.4497  data_time: 0.0041  memory: 5190  grad_norm: 501.2826  loss: 132.7787  loss_cls: 50.5211  loss_bbox: 43.4595  loss_dfl: 38.7982
07/05 03:30:07 - mmengine - INFO - Epoch(train) [2][ 900/1294]  base_lr: 7.9026e-05 lr: 7.9026e-05  eta: 1:32:24  time: 0.4504  data_time: 0.0045  memory: 4656  grad_norm: 468.1654  loss: 138.0613  loss_cls: 54.3810  loss_bbox: 44.2823  loss_dfl: 39.3980
07/05 03:30:30 - mmengine - INFO - Epoch(train) [2][ 950/1294]  base_lr: 7.8547e-05 lr: 7.8547e-05  eta: 1:31:09  time: 0.4556  data_time: 0.0044  memory: 4676  grad_norm: 478.2427  loss: 129.4497  loss_cls: 49.7545  loss_bbox: 41.8769  loss_dfl: 37.8183
07/05 03:30:52 - mmengine - INFO - Epoch(train) [2][1000/1294]  base_lr: 7.8069e-05 lr: 7.8069e-05  eta: 1:29:56  time: 0.4501  data_time: 0.0042  memory: 4696  grad_norm: 480.2011  loss: 133.7688  loss_cls: 51.7487  loss_bbox: 43.2152  loss_dfl: 38.8050
07/05 03:31:15 - mmengine - INFO - Epoch(train) [2][1050/1294]  base_lr: 7.7591e-05 lr: 7.7591e-05  eta: 1:28:45  time: 0.4517  data_time: 0.0042  memory: 4670  grad_norm: 476.4969  loss: 133.4111  loss_cls: 51.2645  loss_bbox: 43.0458  loss_dfl: 39.1008
07/05 03:31:37 - mmengine - INFO - Epoch(train) [2][1100/1294]  base_lr: 7.7113e-05 lr: 7.7113e-05  eta: 1:27:36  time: 0.4500  data_time: 0.0044  memory: 4670  grad_norm: 505.1098  loss: 135.0773  loss_cls: 51.5747  loss_bbox: 43.6129  loss_dfl: 39.8897
07/05 03:32:00 - mmengine - INFO - Epoch(train) [2][1150/1294]  base_lr: 7.6634e-05 lr: 7.6634e-05  eta: 1:26:30  time: 0.4565  data_time: 0.0044  memory: 4790  grad_norm: 488.4698  loss: 134.2027  loss_cls: 51.9787  loss_bbox: 43.4875  loss_dfl: 38.7365
07/05 03:32:23 - mmengine - INFO - Epoch(train) [2][1200/1294]  base_lr: 7.6156e-05 lr: 7.6156e-05  eta: 1:25:25  time: 0.4506  data_time: 0.0044  memory: 4856  grad_norm: 465.2030  loss: 133.9647  loss_cls: 51.3203  loss_bbox: 43.2776  loss_dfl: 39.3668
07/05 03:32:45 - mmengine - INFO - Epoch(train) [2][1250/1294]  base_lr: 7.5678e-05 lr: 7.5678e-05  eta: 1:24:21  time: 0.4496  data_time: 0.0040  memory: 4850  grad_norm: 469.2700  loss: 132.9609  loss_cls: 51.1117  loss_bbox: 43.1947  loss_dfl: 38.6545
07/05 03:33:05 - mmengine - INFO - Exp name: wedetect_v11dt_3stage_s1_20260705_030456
07/05 03:33:05 - mmengine - INFO - Saving checkpoint at 2 epochs
07/05 03:33:19 - mmengine - INFO - Epoch(val) [2][  50/2587]    eta: 0:08:44  time: 0.2066  data_time: 0.1614  memory: 4916  
07/05 03:33:24 - mmengine - INFO - Epoch(val) [2][ 100/2587]    eta: 0:06:25  time: 0.1032  data_time: 0.0593  memory: 1207  
07/05 03:33:30 - mmengine - INFO - Epoch(val) [2][ 150/2587]    eta: 0:05:45  time: 0.1155  data_time: 0.0716  memory: 1207  
07/05 03:33:39 - mmengine - INFO - Epoch(val) [2][ 200/2587]    eta: 0:06:01  time: 0.1809  data_time: 0.1372  memory: 1207  
07/05 03:33:42 - mmengine - INFO - Epoch(val) [2][ 250/2587]    eta: 0:05:07  time: 0.0513  data_time: 0.0003  memory: 1207  
07/05 03:33:44 - mmengine - INFO - Epoch(val) [2][ 300/2587]    eta: 0:04:27  time: 0.0448  data_time: 0.0002  memory: 1207  
07/05 03:33:46 - mmengine - INFO - Epoch(val) [2][ 350/2587]    eta: 0:03:58  time: 0.0455  data_time: 0.0002  memory: 1207  
07/05 03:33:48 - mmengine - INFO - Epoch(val) [2][ 400/2587]    eta: 0:03:36  time: 0.0449  data_time: 0.0002  memory: 1207  
07/05 03:33:51 - mmengine - INFO - Epoch(val) [2][ 450/2587]    eta: 0:03:18  time: 0.0450  data_time: 0.0002  memory: 1207  
07/05 03:33:53 - mmengine - INFO - Epoch(val) [2][ 500/2587]    eta: 0:03:04  time: 0.0451  data_time: 0.0002  memory: 1207  
07/05 03:33:55 - mmengine - INFO - Epoch(val) [2][ 550/2587]    eta: 0:02:51  time: 0.0451  data_time: 0.0003  memory: 1207  
07/05 03:33:57 - mmengine - INFO - Epoch(val) [2][ 600/2587]    eta: 0:02:41  time: 0.0451  data_time: 0.0002  memory: 1207  
07/05 03:34:00 - mmengine - INFO - Epoch(val) [2][ 650/2587]    eta: 0:02:31  time: 0.0451  data_time: 0.0002  memory: 1207  
07/05 03:34:02 - mmengine - INFO - Epoch(val) [2][ 700/2587]    eta: 0:02:23  time: 0.0453  data_time: 0.0003  memory: 1207  
07/05 03:34:04 - mmengine - INFO - Epoch(val) [2][ 750/2587]    eta: 0:02:15  time: 0.0450  data_time: 0.0002  memory: 1207  
07/05 03:34:06 - mmengine - INFO - Epoch(val) [2][ 800/2587]    eta: 0:02:08  time: 0.0450  data_time: 0.0002  memory: 1207  
07/05 03:34:09 - mmengine - INFO - Epoch(val) [2][ 850/2587]    eta: 0:02:02  time: 0.0450  data_time: 0.0002  memory: 1207  
07/05 03:34:11 - mmengine - INFO - Epoch(val) [2][ 900/2587]    eta: 0:01:56  time: 0.0451  data_time: 0.0003  memory: 1207  
07/05 03:34:13 - mmengine - INFO - Epoch(val) [2][ 950/2587]    eta: 0:01:51  time: 0.0452  data_time: 0.0003  memory: 1207  
07/05 03:34:15 - mmengine - INFO - Epoch(val) [2][1000/2587]    eta: 0:01:45  time: 0.0451  data_time: 0.0003  memory: 1207  
07/05 03:34:18 - mmengine - INFO - Epoch(val) [2][1050/2587]    eta: 0:01:40  time: 0.0461  data_time: 0.0003  memory: 1207  
07/05 03:34:20 - mmengine - INFO - Epoch(val) [2][1100/2587]    eta: 0:01:36  time: 0.0451  data_time: 0.0003  memory: 1207  
07/05 03:34:22 - mmengine - INFO - Epoch(val) [2][1150/2587]    eta: 0:01:31  time: 0.0453  data_time: 0.0003  memory: 1207  
07/05 03:34:24 - mmengine - INFO - Epoch(val) [2][1200/2587]    eta: 0:01:27  time: 0.0452  data_time: 0.0003  memory: 1207  
07/05 03:34:27 - mmengine - INFO - Epoch(val) [2][1250/2587]    eta: 0:01:23  time: 0.0466  data_time: 0.0010  memory: 1207  
07/05 03:34:29 - mmengine - INFO - Epoch(val) [2][1300/2587]    eta: 0:01:19  time: 0.0453  data_time: 0.0002  memory: 1207  
07/05 03:34:31 - mmengine - INFO - Epoch(val) [2][1350/2587]    eta: 0:01:15  time: 0.0472  data_time: 0.0022  memory: 1207  
07/05 03:34:34 - mmengine - INFO - Epoch(val) [2][1400/2587]    eta: 0:01:12  time: 0.0535  data_time: 0.0086  memory: 1207  
07/05 03:34:38 - mmengine - INFO - Epoch(val) [2][1450/2587]    eta: 0:01:09  time: 0.0700  data_time: 0.0253  memory: 1207  
07/05 03:34:43 - mmengine - INFO - Epoch(val) [2][1500/2587]    eta: 0:01:08  time: 0.1075  data_time: 0.0634  memory: 1207  
07/05 03:34:48 - mmengine - INFO - Epoch(val) [2][1550/2587]    eta: 0:01:06  time: 0.1077  data_time: 0.0630  memory: 1207  
07/05 03:35:01 - mmengine - INFO - Epoch(val) [2][1600/2587]    eta: 0:01:09  time: 0.2583  data_time: 0.2137  memory: 1207  
07/05 03:35:09 - mmengine - INFO - Epoch(val) [2][1650/2587]    eta: 0:01:08  time: 0.1593  data_time: 0.1150  memory: 1207  
07/05 03:35:11 - mmengine - INFO - Epoch(val) [2][1700/2587]    eta: 0:01:04  time: 0.0448  data_time: 0.0002  memory: 1207  
07/05 03:35:17 - mmengine - INFO - Epoch(val) [2][1750/2587]    eta: 0:01:01  time: 0.1034  data_time: 0.0587  memory: 1207  
07/05 03:35:21 - mmengine - INFO - Epoch(val) [2][1800/2587]    eta: 0:00:57  time: 0.0883  data_time: 0.0437  memory: 1207  
07/05 03:35:24 - mmengine - INFO - Epoch(val) [2][1850/2587]    eta: 0:00:53  time: 0.0516  data_time: 0.0068  memory: 1207  
07/05 03:35:27 - mmengine - INFO - Epoch(val) [2][1900/2587]    eta: 0:00:50  time: 0.0744  data_time: 0.0303  memory: 1207  
07/05 03:35:32 - mmengine - INFO - Epoch(val) [2][1950/2587]    eta: 0:00:46  time: 0.0972  data_time: 0.0535  memory: 1207  
07/05 03:35:36 - mmengine - INFO - Epoch(val) [2][2000/2587]    eta: 0:00:43  time: 0.0771  data_time: 0.0328  memory: 1207  
07/05 03:35:39 - mmengine - INFO - Epoch(val) [2][2050/2587]    eta: 0:00:39  time: 0.0596  data_time: 0.0147  memory: 1207  
07/05 03:35:43 - mmengine - INFO - Epoch(val) [2][2100/2587]    eta: 0:00:35  time: 0.0820  data_time: 0.0372  memory: 1207  
07/05 03:35:48 - mmengine - INFO - Epoch(val) [2][2150/2587]    eta: 0:00:32  time: 0.1061  data_time: 0.0617  memory: 1207  
07/05 03:35:53 - mmengine - INFO - Epoch(val) [2][2200/2587]    eta: 0:00:28  time: 0.0959  data_time: 0.0521  memory: 1207  
07/05 03:35:58 - mmengine - INFO - Epoch(val) [2][2250/2587]    eta: 0:00:25  time: 0.0904  data_time: 0.0455  memory: 1207  
07/05 03:36:01 - mmengine - INFO - Epoch(val) [2][2300/2587]    eta: 0:00:21  time: 0.0557  data_time: 0.0114  memory: 1207  
07/05 03:36:03 - mmengine - INFO - Epoch(val) [2][2350/2587]    eta: 0:00:17  time: 0.0475  data_time: 0.0026  memory: 1207  
07/05 03:36:07 - mmengine - INFO - Epoch(val) [2][2400/2587]    eta: 0:00:13  time: 0.0722  data_time: 0.0277  memory: 1207  
07/05 03:36:09 - mmengine - INFO - Epoch(val) [2][2450/2587]    eta: 0:00:10  time: 0.0452  data_time: 0.0003  memory: 1207  
07/05 03:36:11 - mmengine - INFO - Epoch(val) [2][2500/2587]    eta: 0:00:06  time: 0.0482  data_time: 0.0034  memory: 1207  
07/05 03:36:14 - mmengine - INFO - Epoch(val) [2][2550/2587]    eta: 0:00:02  time: 0.0592  data_time: 0.0089  memory: 1207  
07/05 03:36:39 - mmengine - INFO - Evaluating bbox...
Loading and preparing results...
DONE (t=4.19s)
creating index...
index created!
Running per image evaluation...
Evaluate annotation type *bbox*
DONE (t=83.51s).
Accumulating evaluation results...
DONE (t=32.02s).
 Average Precision  (AP) @[ IoU=0.50:0.95 | area=   all | maxDets=100 ] = 0.247
 Average Precision  (AP) @[ IoU=0.50      | area=   all | maxDets=1000 ] = 0.358
 Average Precision  (AP) @[ IoU=0.75      | area=   all | maxDets=1000 ] = 0.283
 Average Precision  (AP) @[ IoU=0.50:0.95 | area= small | maxDets=1000 ] = 0.090
 Average Precision  (AP) @[ IoU=0.50:0.95 | area=medium | maxDets=1000 ] = 0.233
 Average Precision  (AP) @[ IoU=0.50:0.95 | area= large | maxDets=1000 ] = 0.265
 Average Recall     (AR) @[ IoU=0.50:0.95 | area=   all | maxDets=100 ] = 0.658
 Average Recall     (AR) @[ IoU=0.50:0.95 | area=   all | maxDets=300 ] = 0.658
 Average Recall     (AR) @[ IoU=0.50:0.95 | area=   all | maxDets=1000 ] = 0.658
 Average Recall     (AR) @[ IoU=0.50:0.95 | area= small | maxDets=1000 ] = 0.245
 Average Recall     (AR) @[ IoU=0.50:0.95 | area=medium | maxDets=1000 ] = 0.609
 Average Recall     (AR) @[ IoU=0.50:0.95 | area= large | maxDets=1000 ] = 0.718
07/05 03:38:49 - mmengine - INFO - bbox_mAP_copypaste: 0.247 0.358 0.283 0.090 0.233 0.265
07/05 03:38:52 - mmengine - INFO - Epoch(val) [2][2587/2587]    coco/bbox_mAP: 0.2470  coco/bbox_mAP_50: 0.3580  coco/bbox_mAP_75: 0.2830  coco/bbox_mAP_s: 0.0900  coco/bbox_mAP_m: 0.2330  coco/bbox_mAP_l: 0.2650  data_time: 0.0275  time: 0.0724
07/05 03:38:55 - mmengine - INFO - The best checkpoint with 0.2470 coco/bbox_mAP at 2 epoch is saved to best_coco_bbox_mAP_epoch_2.pth.
07/05 03:39:21 - mmengine - INFO - Epoch(train) [3][  50/1294]  base_lr: 7.4779e-05 lr: 7.4779e-05  eta: 1:22:27  time: 0.4637  data_time: 0.0180  memory: 4683  grad_norm: 459.5750  loss: 133.5390  loss_cls: 51.8656  loss_bbox: 42.6668  loss_dfl: 39.0066
07/05 03:39:43 - mmengine - INFO - Epoch(train) [3][ 100/1294]  base_lr: 7.4301e-05 lr: 7.4301e-05  eta: 1:21:27  time: 0.4447  data_time: 0.0049  memory: 4816  grad_norm: 466.1300  loss: 130.2994  loss_cls: 49.3384  loss_bbox: 42.5513  loss_dfl: 38.4097
07/05 03:40:06 - mmengine - INFO - Epoch(train) [3][ 150/1294]  base_lr: 7.3823e-05 lr: 7.3823e-05  eta: 1:20:29  time: 0.4507  data_time: 0.0046  memory: 4796  grad_norm: 488.6084  loss: 130.0091  loss_cls: 48.8839  loss_bbox: 42.5366  loss_dfl: 38.5886
07/05 03:40:28 - mmengine - INFO - Epoch(train) [3][ 200/1294]  base_lr: 7.3344e-05 lr: 7.3344e-05  eta: 1:19:33  time: 0.4496  data_time: 0.0047  memory: 4650  grad_norm: 492.7173  loss: 128.8210  loss_cls: 48.6350  loss_bbox: 42.0337  loss_dfl: 38.1524
07/05 03:40:50 - mmengine - INFO - Epoch(train) [3][ 250/1294]  base_lr: 7.2866e-05 lr: 7.2866e-05  eta: 1:18:37  time: 0.4469  data_time: 0.0043  memory: 4716  grad_norm: 443.8607  loss: 132.1381  loss_cls: 50.5905  loss_bbox: 42.8833  loss_dfl: 38.6643
07/05 03:41:13 - mmengine - INFO - Epoch(train) [3][ 300/1294]  base_lr: 7.2388e-05 lr: 7.2388e-05  eta: 1:17:43  time: 0.4532  data_time: 0.0045  memory: 4843  grad_norm: 450.9025  loss: 125.8769  loss_cls: 47.6201  loss_bbox: 40.9304  loss_dfl: 37.3264
07/05 03:41:35 - mmengine - INFO - Epoch(train) [3][ 350/1294]  base_lr: 7.1910e-05 lr: 7.1910e-05  eta: 1:16:49  time: 0.4465  data_time: 0.0043  memory: 4876  grad_norm: 435.3894  loss: 126.8297  loss_cls: 46.7689  loss_bbox: 41.9649  loss_dfl: 38.0959
07/05 03:41:58 - mmengine - INFO - Epoch(train) [3][ 400/1294]  base_lr: 7.1431e-05 lr: 7.1431e-05  eta: 1:15:57  time: 0.4503  data_time: 0.0045  memory: 4850  grad_norm: 493.9575  loss: 129.1346  loss_cls: 48.2887  loss_bbox: 42.3644  loss_dfl: 38.4815
07/05 03:42:03 - mmengine - INFO - Exp name: wedetect_v11dt_3stage_s1_20260705_030456
07/05 03:42:20 - mmengine - INFO - Epoch(train) [3][ 450/1294]  base_lr: 7.0953e-05 lr: 7.0953e-05  eta: 1:15:05  time: 0.4480  data_time: 0.0045  memory: 4736  grad_norm: 450.0761  loss: 127.5703  loss_cls: 47.9900  loss_bbox: 42.0091  loss_dfl: 37.5711
07/05 03:42:43 - mmengine - INFO - Epoch(train) [3][ 500/1294]  base_lr: 7.0475e-05 lr: 7.0475e-05  eta: 1:14:15  time: 0.4519  data_time: 0.0042  memory: 4943  grad_norm: 460.8693  loss: 129.4046  loss_cls: 47.9736  loss_bbox: 42.9828  loss_dfl: 38.4482
07/05 03:43:05 - mmengine - INFO - Epoch(train) [3][ 550/1294]  base_lr: 6.9997e-05 lr: 6.9997e-05  eta: 1:13:26  time: 0.4510  data_time: 0.0042  memory: 4730  grad_norm: 459.3483  loss: 128.0092  loss_cls: 48.6517  loss_bbox: 41.4547  loss_dfl: 37.9028
07/05 03:43:28 - mmengine - INFO - Epoch(train) [3][ 600/1294]  base_lr: 6.9519e-05 lr: 6.9519e-05  eta: 1:12:37  time: 0.4482  data_time: 0.0040  memory: 4970  grad_norm: 459.6477  loss: 131.0905  loss_cls: 49.1269  loss_bbox: 43.5202  loss_dfl: 38.4434
07/05 03:43:51 - mmengine - INFO - Epoch(train) [3][ 650/1294]  base_lr: 6.9040e-05 lr: 6.9040e-05  eta: 1:11:50  time: 0.4535  data_time: 0.0041  memory: 4790  grad_norm: 448.1279  loss: 128.7574  loss_cls: 47.5323  loss_bbox: 42.8521  loss_dfl: 38.3730
07/05 03:44:13 - mmengine - INFO - Epoch(train) [3][ 700/1294]  base_lr: 6.8562e-05 lr: 6.8562e-05  eta: 1:11:02  time: 0.4465  data_time: 0.0042  memory: 4843  grad_norm: 432.1056  loss: 127.5310  loss_cls: 47.9276  loss_bbox: 41.8888  loss_dfl: 37.7146
07/05 03:44:36 - mmengine - INFO - Epoch(train) [3][ 750/1294]  base_lr: 6.8084e-05 lr: 6.8084e-05  eta: 1:10:16  time: 0.4552  data_time: 0.0042  memory: 4683  grad_norm: 441.4661  loss: 126.1990  loss_cls: 47.1043  loss_bbox: 41.4005  loss_dfl: 37.6942
07/05 03:44:58 - mmengine - INFO - Epoch(train) [3][ 800/1294]  base_lr: 6.7606e-05 lr: 6.7606e-05  eta: 1:09:31  time: 0.4465  data_time: 0.0040  memory: 4743  grad_norm: 446.0483  loss: 127.9164  loss_cls: 47.5900  loss_bbox: 42.5260  loss_dfl: 37.8005
07/05 03:45:21 - mmengine - INFO - Epoch(train) [3][ 850/1294]  base_lr: 6.7128e-05 lr: 6.7128e-05  eta: 1:08:46  time: 0.4578  data_time: 0.0040  memory: 4716  grad_norm: 439.9486  loss: 125.7407  loss_cls: 46.4140  loss_bbox: 41.7242  loss_dfl: 37.6025
07/05 03:45:44 - mmengine - INFO - Epoch(train) [3][ 900/1294]  base_lr: 6.6649e-05 lr: 6.6649e-05  eta: 1:08:03  time: 0.4565  data_time: 0.0043  memory: 4730  grad_norm: 434.9638  loss: 128.7055  loss_cls: 48.2299  loss_bbox: 42.3028  loss_dfl: 38.1728
07/05 03:46:06 - mmengine - INFO - Epoch(train) [3][ 950/1294]  base_lr: 6.6171e-05 lr: 6.6171e-05  eta: 1:07:19  time: 0.4470  data_time: 0.0040  memory: 5203  grad_norm: 476.4364  loss: 130.8937  loss_cls: 49.4483  loss_bbox: 43.3740  loss_dfl: 38.0713
07/05 03:46:29 - mmengine - INFO - Epoch(train) [3][1000/1294]  base_lr: 6.5693e-05 lr: 6.5693e-05  eta: 1:06:36  time: 0.4572  data_time: 0.0043  memory: 4777  grad_norm: 434.4438  loss: 125.0035  loss_cls: 46.1321  loss_bbox: 41.6145  loss_dfl: 37.2569
07/05 03:46:51 - mmengine - INFO - Epoch(train) [3][1050/1294]  base_lr: 6.5215e-05 lr: 6.5215e-05  eta: 1:05:54  time: 0.4472  data_time: 0.0040  memory: 4750  grad_norm: 453.4773  loss: 124.7255  loss_cls: 45.3070  loss_bbox: 41.4452  loss_dfl: 37.9733
07/05 03:47:14 - mmengine - INFO - Epoch(train) [3][1100/1294]  base_lr: 6.4736e-05 lr: 6.4736e-05  eta: 1:05:12  time: 0.4534  data_time: 0.0040  memory: 4676  grad_norm: 434.1499  loss: 128.4879  loss_cls: 47.7631  loss_bbox: 42.7198  loss_dfl: 38.0050
07/05 03:47:36 - mmengine - INFO - Epoch(train) [3][1150/1294]  base_lr: 6.4258e-05 lr: 6.4258e-05  eta: 1:04:30  time: 0.4467  data_time: 0.0040  memory: 4803  grad_norm: 453.4321  loss: 125.8154  loss_cls: 46.8114  loss_bbox: 41.7278  loss_dfl: 37.2762
07/05 03:47:59 - mmengine - INFO - Epoch(train) [3][1200/1294]  base_lr: 6.3780e-05 lr: 6.3780e-05  eta: 1:03:50  time: 0.4561  data_time: 0.0041  memory: 4796  grad_norm: 438.7165  loss: 122.1318  loss_cls: 44.5639  loss_bbox: 40.7289  loss_dfl: 36.8390
07/05 03:48:22 - mmengine - INFO - Epoch(train) [3][1250/1294]  base_lr: 6.3302e-05 lr: 6.3302e-05  eta: 1:03:10  time: 0.4563  data_time: 0.0040  memory: 4703  grad_norm: 426.9529  loss: 125.6371  loss_cls: 46.2766  loss_bbox: 41.6623  loss_dfl: 37.6982
07/05 03:48:41 - mmengine - INFO - Exp name: wedetect_v11dt_3stage_s1_20260705_030456
07/05 03:48:41 - mmengine - INFO - Saving checkpoint at 3 epochs
07/05 03:49:09 - mmengine - INFO - Epoch(train) [4][  50/1294]  base_lr: 6.2403e-05 lr: 6.2403e-05  eta: 1:01:56  time: 0.4774  data_time: 0.0179  memory: 4816  grad_norm: 447.9096  loss: 126.0609  loss_cls: 45.8920  loss_bbox: 42.2975  loss_dfl: 37.8714
07/05 03:49:31 - mmengine - INFO - Epoch(train) [4][ 100/1294]  base_lr: 6.1925e-05 lr: 6.1925e-05  eta: 1:01:17  time: 0.4492  data_time: 0.0038  memory: 4690  grad_norm: 447.0536  loss: 125.8461  loss_cls: 45.8991  loss_bbox: 42.0010  loss_dfl: 37.9460
07/05 03:49:39 - mmengine - INFO - Exp name: wedetect_v11dt_3stage_s1_20260705_030456
07/05 03:49:54 - mmengine - INFO - Epoch(train) [4][ 150/1294]  base_lr: 6.1446e-05 lr: 6.1446e-05  eta: 1:00:39  time: 0.4549  data_time: 0.0039  memory: 4730  grad_norm: 405.4991  loss: 123.9223  loss_cls: 45.0938  loss_bbox: 41.6741  loss_dfl: 37.1543
07/05 03:50:16 - mmengine - INFO - Epoch(train) [4][ 200/1294]  base_lr: 6.0968e-05 lr: 6.0968e-05  eta: 1:00:00  time: 0.4498  data_time: 0.0040  memory: 4736  grad_norm: 418.5098  loss: 123.8298  loss_cls: 44.6676  loss_bbox: 41.8610  loss_dfl: 37.3013
07/05 03:50:39 - mmengine - INFO - Epoch(train) [4][ 250/1294]  base_lr: 6.0490e-05 lr: 6.0490e-05  eta: 0:59:22  time: 0.4511  data_time: 0.0041  memory: 4765  grad_norm: 436.7065  loss: 125.7663  loss_cls: 44.8570  loss_bbox: 42.6890  loss_dfl: 38.2203
07/05 03:51:01 - mmengine - INFO - Epoch(train) [4][ 300/1294]  base_lr: 6.0012e-05 lr: 6.0012e-05  eta: 0:58:44  time: 0.4464  data_time: 0.0042  memory: 4796  grad_norm: 434.1797  loss: 125.3702  loss_cls: 46.4818  loss_bbox: 41.3003  loss_dfl: 37.5881
07/05 03:51:24 - mmengine - INFO - Epoch(train) [4][ 350/1294]  base_lr: 5.9533e-05 lr: 5.9533e-05  eta: 0:58:07  time: 0.4538  data_time: 0.0041  memory: 4783  grad_norm: 419.1778  loss: 126.6147  loss_cls: 46.3373  loss_bbox: 42.1752  loss_dfl: 38.1022
07/05 03:51:47 - mmengine - INFO - Epoch(train) [4][ 400/1294]  base_lr: 5.9055e-05 lr: 5.9055e-05  eta: 0:57:30  time: 0.4539  data_time: 0.0040  memory: 4850  grad_norm: 446.7008  loss: 123.8172  loss_cls: 44.6824  loss_bbox: 41.4211  loss_dfl: 37.7137
07/05 03:52:09 - mmengine - INFO - Epoch(train) [4][ 450/1294]  base_lr: 5.8577e-05 lr: 5.8577e-05  eta: 0:56:54  time: 0.4512  data_time: 0.0040  memory: 4977  grad_norm: 443.5918  loss: 121.5013  loss_cls: 43.7033  loss_bbox: 40.5548  loss_dfl: 37.2432
07/05 03:52:32 - mmengine - INFO - Epoch(train) [4][ 500/1294]  base_lr: 5.8099e-05 lr: 5.8099e-05  eta: 0:56:18  time: 0.4540  data_time: 0.0040  memory: 4696  grad_norm: 443.6884  loss: 122.8995  loss_cls: 45.4379  loss_bbox: 40.6448  loss_dfl: 36.8169
07/05 03:52:54 - mmengine - INFO - Epoch(train) [4][ 550/1294]  base_lr: 5.7621e-05 lr: 5.7621e-05  eta: 0:55:42  time: 0.4504  data_time: 0.0043  memory: 4897  grad_norm: 400.0961  loss: 120.8419  loss_cls: 43.1430  loss_bbox: 40.4736  loss_dfl: 37.2253
07/05 03:53:17 - mmengine - INFO - Epoch(train) [4][ 600/1294]  base_lr: 5.7142e-05 lr: 5.7142e-05  eta: 0:55:06  time: 0.4515  data_time: 0.0041  memory: 4750  grad_norm: 411.8301  loss: 122.6248  loss_cls: 44.7507  loss_bbox: 40.7631  loss_dfl: 37.1111
07/05 03:53:39 - mmengine - INFO - Epoch(train) [4][ 650/1294]  base_lr: 5.6664e-05 lr: 5.6664e-05  eta: 0:54:30  time: 0.4463  data_time: 0.0041  memory: 4803  grad_norm: 434.8729  loss: 123.6386  loss_cls: 45.2281  loss_bbox: 41.4760  loss_dfl: 36.9345
07/05 03:54:02 - mmengine - INFO - Epoch(train) [4][ 700/1294]  base_lr: 5.6186e-05 lr: 5.6186e-05  eta: 0:53:56  time: 0.4545  data_time: 0.0040  memory: 4765  grad_norm: 427.9015  loss: 123.4515  loss_cls: 44.5609  loss_bbox: 40.9309  loss_dfl: 37.9596
07/05 03:54:25 - mmengine - INFO - Epoch(train) [4][ 750/1294]  base_lr: 5.5708e-05 lr: 5.5708e-05  eta: 0:53:21  time: 0.4506  data_time: 0.0041  memory: 4670  grad_norm: 418.9509  loss: 121.7837  loss_cls: 43.8671  loss_bbox: 40.5407  loss_dfl: 37.3760
07/05 03:54:47 - mmengine - INFO - Epoch(train) [4][ 800/1294]  base_lr: 5.5230e-05 lr: 5.5230e-05  eta: 0:52:46  time: 0.4538  data_time: 0.0039  memory: 4723  grad_norm: 448.0612  loss: 122.1741  loss_cls: 44.5110  loss_bbox: 40.3068  loss_dfl: 37.3563
07/05 03:55:10 - mmengine - INFO - Epoch(train) [4][ 850/1294]  base_lr: 5.4751e-05 lr: 5.4751e-05  eta: 0:52:12  time: 0.4550  data_time: 0.0039  memory: 5230  grad_norm: 409.8157  loss: 126.7963  loss_cls: 46.1080  loss_bbox: 42.6882  loss_dfl: 38.0001
07/05 03:55:33 - mmengine - INFO - Epoch(train) [4][ 900/1294]  base_lr: 5.4273e-05 lr: 5.4273e-05  eta: 0:51:38  time: 0.4500  data_time: 0.0040  memory: 4676  grad_norm: 421.0450  loss: 120.4293  loss_cls: 43.3314  loss_bbox: 40.3001  loss_dfl: 36.7978
07/05 03:55:55 - mmengine - INFO - Epoch(train) [4][ 950/1294]  base_lr: 5.3795e-05 lr: 5.3795e-05  eta: 0:51:04  time: 0.4516  data_time: 0.0041  memory: 4850  grad_norm: 415.3511  loss: 122.3801  loss_cls: 43.6504  loss_bbox: 41.3061  loss_dfl: 37.4236
07/05 03:56:18 - mmengine - INFO - Epoch(train) [4][1000/1294]  base_lr: 5.3317e-05 lr: 5.3317e-05  eta: 0:50:31  time: 0.4482  data_time: 0.0042  memory: 4743  grad_norm: 427.3987  loss: 120.8307  loss_cls: 43.3360  loss_bbox: 40.4135  loss_dfl: 37.0813
07/05 03:56:40 - mmengine - INFO - Epoch(train) [4][1050/1294]  base_lr: 5.2838e-05 lr: 5.2838e-05  eta: 0:49:57  time: 0.4545  data_time: 0.0041  memory: 4843  grad_norm: 418.0126  loss: 124.9442  loss_cls: 45.4758  loss_bbox: 41.7161  loss_dfl: 37.7524
07/05 03:57:03 - mmengine - INFO - Epoch(train) [4][1100/1294]  base_lr: 5.2360e-05 lr: 5.2360e-05  eta: 0:49:24  time: 0.4501  data_time: 0.0042  memory: 4890  grad_norm: 454.1309  loss: 122.1243  loss_cls: 44.1942  loss_bbox: 40.4936  loss_dfl: 37.4365
07/05 03:57:11 - mmengine - INFO - Exp name: wedetect_v11dt_3stage_s1_20260705_030456
07/05 03:57:26 - mmengine - INFO - Epoch(train) [4][1150/1294]  base_lr: 5.1882e-05 lr: 5.1882e-05  eta: 0:48:51  time: 0.4554  data_time: 0.0044  memory: 4970  grad_norm: 420.6958  loss: 119.3102  loss_cls: 41.9383  loss_bbox: 40.1194  loss_dfl: 37.2526
07/05 03:57:48 - mmengine - INFO - Epoch(train) [4][1200/1294]  base_lr: 5.1404e-05 lr: 5.1404e-05  eta: 0:48:19  time: 0.4534  data_time: 0.0043  memory: 4683  grad_norm: 456.4974  loss: 125.8120  loss_cls: 45.4900  loss_bbox: 41.7113  loss_dfl: 38.6107
07/05 03:58:11 - mmengine - INFO - Epoch(train) [4][1250/1294]  base_lr: 5.0926e-05 lr: 5.0926e-05  eta: 0:47:46  time: 0.4511  data_time: 0.0044  memory: 4903  grad_norm: 424.2112  loss: 124.9608  loss_cls: 44.7295  loss_bbox: 41.7818  loss_dfl: 38.4495
07/05 03:58:30 - mmengine - INFO - Exp name: wedetect_v11dt_3stage_s1_20260705_030456
07/05 03:58:30 - mmengine - INFO - Saving checkpoint at 4 epochs
07/05 03:58:37 - mmengine - INFO - Epoch(val) [4][  50/2587]    eta: 0:02:46  time: 0.0656  data_time: 0.0191  memory: 4836  
07/05 03:58:40 - mmengine - INFO - Epoch(val) [4][ 100/2587]    eta: 0:02:22  time: 0.0488  data_time: 0.0037  memory: 1207  
07/05 03:58:42 - mmengine - INFO - Epoch(val) [4][ 150/2587]    eta: 0:02:09  time: 0.0454  data_time: 0.0003  memory: 1207  
07/05 03:58:47 - mmengine - INFO - Epoch(val) [4][ 200/2587]    eta: 0:02:31  time: 0.0934  data_time: 0.0497  memory: 1207  
07/05 03:58:49 - mmengine - INFO - Epoch(val) [4][ 250/2587]    eta: 0:02:19  time: 0.0448  data_time: 0.0002  memory: 1207  
07/05 03:58:51 - mmengine - INFO - Epoch(val) [4][ 300/2587]    eta: 0:02:10  time: 0.0448  data_time: 0.0002  memory: 1207  
07/05 03:58:53 - mmengine - INFO - Epoch(val) [4][ 350/2587]    eta: 0:02:03  time: 0.0450  data_time: 0.0002  memory: 1207  
07/05 03:58:56 - mmengine - INFO - Epoch(val) [4][ 400/2587]    eta: 0:01:58  time: 0.0450  data_time: 0.0002  memory: 1207  
07/05 03:58:58 - mmengine - INFO - Epoch(val) [4][ 450/2587]    eta: 0:01:53  time: 0.0450  data_time: 0.0002  memory: 1207  
07/05 03:59:00 - mmengine - INFO - Epoch(val) [4][ 500/2587]    eta: 0:01:49  time: 0.0450  data_time: 0.0002  memory: 1207  
07/05 03:59:02 - mmengine - INFO - Epoch(val) [4][ 550/2587]    eta: 0:01:45  time: 0.0451  data_time: 0.0003  memory: 1207  
07/05 03:59:05 - mmengine - INFO - Epoch(val) [4][ 600/2587]    eta: 0:01:41  time: 0.0451  data_time: 0.0002  memory: 1207  
07/05 03:59:07 - mmengine - INFO - Epoch(val) [4][ 650/2587]    eta: 0:01:38  time: 0.0451  data_time: 0.0002  memory: 1207  
07/05 03:59:09 - mmengine - INFO - Epoch(val) [4][ 700/2587]    eta: 0:01:34  time: 0.0450  data_time: 0.0002  memory: 1207  
07/05 03:59:11 - mmengine - INFO - Epoch(val) [4][ 750/2587]    eta: 0:01:31  time: 0.0456  data_time: 0.0002  memory: 1207  
07/05 03:59:14 - mmengine - INFO - Epoch(val) [4][ 800/2587]    eta: 0:01:28  time: 0.0451  data_time: 0.0002  memory: 1207  
07/05 03:59:16 - mmengine - INFO - Epoch(val) [4][ 850/2587]    eta: 0:01:25  time: 0.0451  data_time: 0.0002  memory: 1207  
07/05 03:59:18 - mmengine - INFO - Epoch(val) [4][ 900/2587]    eta: 0:01:22  time: 0.0450  data_time: 0.0002  memory: 1207  
07/05 03:59:20 - mmengine - INFO - Epoch(val) [4][ 950/2587]    eta: 0:01:20  time: 0.0450  data_time: 0.0002  memory: 1207  
07/05 03:59:23 - mmengine - INFO - Epoch(val) [4][1000/2587]    eta: 0:01:17  time: 0.0451  data_time: 0.0002  memory: 1207  
07/05 03:59:25 - mmengine - INFO - Epoch(val) [4][1050/2587]    eta: 0:01:14  time: 0.0451  data_time: 0.0002  memory: 1207  
07/05 03:59:27 - mmengine - INFO - Epoch(val) [4][1100/2587]    eta: 0:01:11  time: 0.0450  data_time: 0.0002  memory: 1207  
07/05 03:59:29 - mmengine - INFO - Epoch(val) [4][1150/2587]    eta: 0:01:09  time: 0.0451  data_time: 0.0002  memory: 1207  
07/05 03:59:32 - mmengine - INFO - Epoch(val) [4][1200/2587]    eta: 0:01:06  time: 0.0451  data_time: 0.0002  memory: 1207  
07/05 03:59:34 - mmengine - INFO - Epoch(val) [4][1250/2587]    eta: 0:01:04  time: 0.0451  data_time: 0.0002  memory: 1207  
07/05 03:59:36 - mmengine - INFO - Epoch(val) [4][1300/2587]    eta: 0:01:01  time: 0.0451  data_time: 0.0002  memory: 1207  
07/05 03:59:38 - mmengine - INFO - Epoch(val) [4][1350/2587]    eta: 0:00:59  time: 0.0456  data_time: 0.0003  memory: 1207  
07/05 03:59:41 - mmengine - INFO - Epoch(val) [4][1400/2587]    eta: 0:00:56  time: 0.0452  data_time: 0.0003  memory: 1207  
07/05 03:59:43 - mmengine - INFO - Epoch(val) [4][1450/2587]    eta: 0:00:54  time: 0.0456  data_time: 0.0003  memory: 1207  
07/05 03:59:45 - mmengine - INFO - Epoch(val) [4][1500/2587]    eta: 0:00:51  time: 0.0463  data_time: 0.0003  memory: 1207  
07/05 03:59:48 - mmengine - INFO - Epoch(val) [4][1550/2587]    eta: 0:00:49  time: 0.0454  data_time: 0.0003  memory: 1207  
07/05 03:59:50 - mmengine - INFO - Epoch(val) [4][1600/2587]    eta: 0:00:46  time: 0.0456  data_time: 0.0003  memory: 1207  
07/05 03:59:52 - mmengine - INFO - Epoch(val) [4][1650/2587]    eta: 0:00:44  time: 0.0454  data_time: 0.0005  memory: 1207  
07/05 03:59:54 - mmengine - INFO - Epoch(val) [4][1700/2587]    eta: 0:00:41  time: 0.0451  data_time: 0.0003  memory: 1207  
07/05 03:59:58 - mmengine - INFO - Epoch(val) [4][1750/2587]    eta: 0:00:40  time: 0.0656  data_time: 0.0204  memory: 1207  
07/05 04:00:00 - mmengine - INFO - Epoch(val) [4][1800/2587]    eta: 0:00:37  time: 0.0548  data_time: 0.0101  memory: 1207  
07/05 04:00:03 - mmengine - INFO - Epoch(val) [4][1850/2587]    eta: 0:00:35  time: 0.0453  data_time: 0.0003  memory: 1207  
07/05 04:00:05 - mmengine - INFO - Epoch(val) [4][1900/2587]    eta: 0:00:32  time: 0.0454  data_time: 0.0003  memory: 1207  
07/05 04:00:07 - mmengine - INFO - Epoch(val) [4][1950/2587]    eta: 0:00:30  time: 0.0454  data_time: 0.0003  memory: 1207  
07/05 04:00:09 - mmengine - INFO - Epoch(val) [4][2000/2587]    eta: 0:00:28  time: 0.0453  data_time: 0.0003  memory: 1207  
07/05 04:00:12 - mmengine - INFO - Epoch(val) [4][2050/2587]    eta: 0:00:25  time: 0.0453  data_time: 0.0002  memory: 1207  
07/05 04:00:14 - mmengine - INFO - Epoch(val) [4][2100/2587]    eta: 0:00:23  time: 0.0456  data_time: 0.0003  memory: 1207  
07/05 04:00:16 - mmengine - INFO - Epoch(val) [4][2150/2587]    eta: 0:00:20  time: 0.0463  data_time: 0.0003  memory: 1207  
07/05 04:00:19 - mmengine - INFO - Epoch(val) [4][2200/2587]    eta: 0:00:18  time: 0.0523  data_time: 0.0003  memory: 1207  
07/05 04:00:22 - mmengine - INFO - Epoch(val) [4][2250/2587]    eta: 0:00:16  time: 0.0515  data_time: 0.0066  memory: 1207  
07/05 04:00:24 - mmengine - INFO - Epoch(val) [4][2300/2587]    eta: 0:00:13  time: 0.0453  data_time: 0.0002  memory: 1207  
07/05 04:00:26 - mmengine - INFO - Epoch(val) [4][2350/2587]    eta: 0:00:11  time: 0.0455  data_time: 0.0003  memory: 1207  
07/05 04:00:28 - mmengine - INFO - Epoch(val) [4][2400/2587]    eta: 0:00:08  time: 0.0457  data_time: 0.0003  memory: 1207  
07/05 04:00:31 - mmengine - INFO - Epoch(val) [4][2450/2587]    eta: 0:00:06  time: 0.0453  data_time: 0.0003  memory: 1207  
07/05 04:00:33 - mmengine - INFO - Epoch(val) [4][2500/2587]    eta: 0:00:04  time: 0.0454  data_time: 0.0003  memory: 1207  
07/05 04:00:35 - mmengine - INFO - Epoch(val) [4][2550/2587]    eta: 0:00:01  time: 0.0453  data_time: 0.0003  memory: 1207  
07/05 04:00:59 - mmengine - INFO - Evaluating bbox...
Loading and preparing results...
DONE (t=3.89s)
creating index...
index created!
Running per image evaluation...
Evaluate annotation type *bbox*
DONE (t=76.42s).
Accumulating evaluation results...
DONE (t=32.22s).
 Average Precision  (AP) @[ IoU=0.50:0.95 | area=   all | maxDets=100 ] = 0.302
 Average Precision  (AP) @[ IoU=0.50      | area=   all | maxDets=1000 ] = 0.434
 Average Precision  (AP) @[ IoU=0.75      | area=   all | maxDets=1000 ] = 0.346
 Average Precision  (AP) @[ IoU=0.50:0.95 | area= small | maxDets=1000 ] = 0.111
 Average Precision  (AP) @[ IoU=0.50:0.95 | area=medium | maxDets=1000 ] = 0.290
 Average Precision  (AP) @[ IoU=0.50:0.95 | area= large | maxDets=1000 ] = 0.312
 Average Recall     (AR) @[ IoU=0.50:0.95 | area=   all | maxDets=100 ] = 0.677
 Average Recall     (AR) @[ IoU=0.50:0.95 | area=   all | maxDets=300 ] = 0.677
 Average Recall     (AR) @[ IoU=0.50:0.95 | area=   all | maxDets=1000 ] = 0.677
 Average Recall     (AR) @[ IoU=0.50:0.95 | area= small | maxDets=1000 ] = 0.268
 Average Recall     (AR) @[ IoU=0.50:0.95 | area=medium | maxDets=1000 ] = 0.641
 Average Recall     (AR) @[ IoU=0.50:0.95 | area= large | maxDets=1000 ] = 0.734
07/05 04:03:00 - mmengine - INFO - bbox_mAP_copypaste: 0.302 0.434 0.346 0.111 0.290 0.312
07/05 04:03:02 - mmengine - INFO - Epoch(val) [4][2587/2587]    coco/bbox_mAP: 0.3020  coco/bbox_mAP_50: 0.4340  coco/bbox_mAP_75: 0.3460  coco/bbox_mAP_s: 0.1110  coco/bbox_mAP_m: 0.2900  coco/bbox_mAP_l: 0.3120  data_time: 0.0023  time: 0.0475
07/05 04:03:03 - mmengine - INFO - The previous best checkpoint /home/siyuan/projects/LLMs/OralDetect-Family/WeDetect_repro/WeDetect/work_dirs/v11dt3stage_s1/best_coco_bbox_mAP_epoch_2.pth is removed
07/05 04:03:05 - mmengine - INFO - The best checkpoint with 0.3020 coco/bbox_mAP at 4 epoch is saved to best_coco_bbox_mAP_epoch_4.pth.
07/05 04:03:31 - mmengine - INFO - Epoch(train) [5][  50/1294]  base_lr: 5.0027e-05 lr: 5.0027e-05  eta: 0:46:46  time: 0.4585  data_time: 0.0145  memory: 4777  grad_norm: 431.6467  loss: 121.8893  loss_cls: 43.2905  loss_bbox: 41.2253  loss_dfl: 37.3734
07/05 04:03:53 - mmengine - INFO - Epoch(train) [5][ 100/1294]  base_lr: 4.9548e-05 lr: 4.9548e-05  eta: 0:46:13  time: 0.4448  data_time: 0.0043  memory: 4790  grad_norm: 447.8732  loss: 121.2741  loss_cls: 43.3586  loss_bbox: 40.9782  loss_dfl: 36.9373
07/05 04:04:15 - mmengine - INFO - Epoch(train) [5][ 150/1294]  base_lr: 4.9070e-05 lr: 4.9070e-05  eta: 0:45:41  time: 0.4446  data_time: 0.0043  memory: 4850  grad_norm: 444.6203  loss: 123.7177  loss_cls: 44.1247  loss_bbox: 41.7287  loss_dfl: 37.8644
07/05 04:04:38 - mmengine - INFO - Epoch(train) [5][ 200/1294]  base_lr: 4.8592e-05 lr: 4.8592e-05  eta: 0:45:10  time: 0.4503  data_time: 0.0042  memory: 4777  grad_norm: 428.6197  loss: 120.4288  loss_cls: 43.4324  loss_bbox: 40.2775  loss_dfl: 36.7188
07/05 04:05:00 - mmengine - INFO - Epoch(train) [5][ 250/1294]  base_lr: 4.8114e-05 lr: 4.8114e-05  eta: 0:44:38  time: 0.4462  data_time: 0.0042  memory: 5050  grad_norm: 394.4236  loss: 121.8886  loss_cls: 43.8612  loss_bbox: 40.6901  loss_dfl: 37.3372
07/05 04:05:23 - mmengine - INFO - Epoch(train) [5][ 300/1294]  base_lr: 4.7635e-05 lr: 4.7635e-05  eta: 0:44:07  time: 0.4525  data_time: 0.0040  memory: 4770  grad_norm: 433.4945  loss: 119.4767  loss_cls: 42.5324  loss_bbox: 40.3226  loss_dfl: 36.6217
07/05 04:05:45 - mmengine - INFO - Epoch(train) [5][ 350/1294]  base_lr: 4.7157e-05 lr: 4.7157e-05  eta: 0:43:35  time: 0.4422  data_time: 0.0041  memory: 4736  grad_norm: 431.2019  loss: 120.6627  loss_cls: 42.9108  loss_bbox: 40.6104  loss_dfl: 37.1415
07/05 04:06:08 - mmengine - INFO - Epoch(train) [5][ 400/1294]  base_lr: 4.6679e-05 lr: 4.6679e-05  eta: 0:43:04  time: 0.4537  data_time: 0.0042  memory: 4923  grad_norm: 411.8803  loss: 119.7779  loss_cls: 41.9464  loss_bbox: 40.8155  loss_dfl: 37.0160
07/05 04:06:30 - mmengine - INFO - Epoch(train) [5][ 450/1294]  base_lr: 4.6201e-05 lr: 4.6201e-05  eta: 0:42:33  time: 0.4448  data_time: 0.0040  memory: 4757  grad_norm: 415.6244  loss: 120.9632  loss_cls: 43.3027  loss_bbox: 40.8991  loss_dfl: 36.7613
07/05 04:06:52 - mmengine - INFO - Epoch(train) [5][ 500/1294]  base_lr: 4.5723e-05 lr: 4.5723e-05  eta: 0:42:02  time: 0.4477  data_time: 0.0043  memory: 4777  grad_norm: 401.7757  loss: 123.3600  loss_cls: 44.7787  loss_bbox: 41.0798  loss_dfl: 37.5015
07/05 04:07:15 - mmengine - INFO - Epoch(train) [5][ 550/1294]  base_lr: 4.5244e-05 lr: 4.5244e-05  eta: 0:41:32  time: 0.4492  data_time: 0.0041  memory: 4810  grad_norm: 404.7986  loss: 120.8184  loss_cls: 43.5634  loss_bbox: 40.5374  loss_dfl: 36.7177
07/05 04:07:37 - mmengine - INFO - Epoch(train) [5][ 600/1294]  base_lr: 4.4766e-05 lr: 4.4766e-05  eta: 0:41:01  time: 0.4459  data_time: 0.0041  memory: 5003  grad_norm: 422.1407  loss: 119.7011  loss_cls: 42.4381  loss_bbox: 40.2405  loss_dfl: 37.0224
07/05 04:08:00 - mmengine - INFO - Epoch(train) [5][ 650/1294]  base_lr: 4.4288e-05 lr: 4.4288e-05  eta: 0:40:31  time: 0.4536  data_time: 0.0044  memory: 4956  grad_norm: 399.3537  loss: 119.7998  loss_cls: 42.1323  loss_bbox: 40.3842  loss_dfl: 37.2833
07/05 04:08:22 - mmengine - INFO - Epoch(train) [5][ 700/1294]  base_lr: 4.3810e-05 lr: 4.3810e-05  eta: 0:40:00  time: 0.4433  data_time: 0.0044  memory: 5036  grad_norm: 426.6155  loss: 118.7424  loss_cls: 41.8592  loss_bbox: 40.4217  loss_dfl: 36.4615
07/05 04:08:45 - mmengine - INFO - Epoch(train) [5][ 750/1294]  base_lr: 4.3332e-05 lr: 4.3332e-05  eta: 0:39:31  time: 0.4540  data_time: 0.0043  memory: 4856  grad_norm: 421.0189  loss: 119.4445  loss_cls: 42.6635  loss_bbox: 40.3977  loss_dfl: 36.3833
07/05 04:09:07 - mmengine - INFO - Epoch(train) [5][ 800/1294]  base_lr: 4.2853e-05 lr: 4.2853e-05  eta: 0:39:01  time: 0.4562  data_time: 0.0049  memory: 4743  grad_norm: 420.0218  loss: 119.7540  loss_cls: 42.0815  loss_bbox: 40.7234  loss_dfl: 36.9491
07/05 04:09:18 - mmengine - INFO - Exp name: wedetect_v11dt_3stage_s1_20260705_030456
07/05 04:09:30 - mmengine - INFO - Epoch(train) [5][ 850/1294]  base_lr: 4.2375e-05 lr: 4.2375e-05  eta: 0:38:31  time: 0.4519  data_time: 0.0047  memory: 4676  grad_norm: 423.1611  loss: 118.6400  loss_cls: 41.6071  loss_bbox: 40.0179  loss_dfl: 37.0150
07/05 04:09:53 - mmengine - INFO - Epoch(train) [5][ 900/1294]  base_lr: 4.1897e-05 lr: 4.1897e-05  eta: 0:38:01  time: 0.4499  data_time: 0.0045  memory: 4643  grad_norm: 425.5988  loss: 119.6388  loss_cls: 41.4836  loss_bbox: 40.8045  loss_dfl: 37.3507
07/05 04:10:15 - mmengine - INFO - Epoch(train) [5][ 950/1294]  base_lr: 4.1419e-05 lr: 4.1419e-05  eta: 0:37:32  time: 0.4510  data_time: 0.0045  memory: 4816  grad_norm: 421.4339  loss: 117.4501  loss_cls: 41.9485  loss_bbox: 39.3847  loss_dfl: 36.1169
07/05 04:10:38 - mmengine - INFO - Epoch(train) [5][1000/1294]  base_lr: 4.0940e-05 lr: 4.0940e-05  eta: 0:37:03  time: 0.4544  data_time: 0.0048  memory: 4850  grad_norm: 388.8558  loss: 120.0824  loss_cls: 41.9074  loss_bbox: 41.0457  loss_dfl: 37.1293
07/05 04:11:00 - mmengine - INFO - Epoch(train) [5][1050/1294]  base_lr: 4.0462e-05 lr: 4.0462e-05  eta: 0:36:33  time: 0.4479  data_time: 0.0045  memory: 4876  grad_norm: 446.7187  loss: 121.8621  loss_cls: 44.4050  loss_bbox: 40.4006  loss_dfl: 37.0565
07/05 04:11:23 - mmengine - INFO - Epoch(train) [5][1100/1294]  base_lr: 3.9984e-05 lr: 3.9984e-05  eta: 0:36:04  time: 0.4534  data_time: 0.0047  memory: 4743  grad_norm: 407.3218  loss: 121.1504  loss_cls: 42.2179  loss_bbox: 41.3635  loss_dfl: 37.5690
07/05 04:11:46 - mmengine - INFO - Epoch(train) [5][1150/1294]  base_lr: 3.9506e-05 lr: 3.9506e-05  eta: 0:35:35  time: 0.4536  data_time: 0.0046  memory: 4870  grad_norm: 393.4551  loss: 117.4027  loss_cls: 41.7728  loss_bbox: 39.2651  loss_dfl: 36.3648
07/05 04:12:08 - mmengine - INFO - Epoch(train) [5][1200/1294]  base_lr: 3.9028e-05 lr: 3.9028e-05  eta: 0:35:06  time: 0.4525  data_time: 0.0047  memory: 4757  grad_norm: 412.6891  loss: 119.1477  loss_cls: 41.5978  loss_bbox: 40.7126  loss_dfl: 36.8373
07/05 04:12:31 - mmengine - INFO - Epoch(train) [5][1250/1294]  base_lr: 3.8549e-05 lr: 3.8549e-05  eta: 0:34:37  time: 0.4500  data_time: 0.0045  memory: 4777  grad_norm: 412.2795  loss: 118.7835  loss_cls: 42.3590  loss_bbox: 39.8965  loss_dfl: 36.5280
07/05 04:12:50 - mmengine - INFO - Exp name: wedetect_v11dt_3stage_s1_20260705_030456
07/05 04:12:50 - mmengine - INFO - Saving checkpoint at 5 epochs
07/05 04:13:17 - mmengine - INFO - Epoch(train) [6][  50/1294]  base_lr: 3.7650e-05 lr: 3.7650e-05  eta: 0:33:43  time: 0.4719  data_time: 0.0207  memory: 4843  grad_norm: 408.4586  loss: 119.0011  loss_cls: 41.3229  loss_bbox: 40.4081  loss_dfl: 37.2701
07/05 04:13:40 - mmengine - INFO - Epoch(train) [6][ 100/1294]  base_lr: 3.7172e-05 lr: 3.7172e-05  eta: 0:33:15  time: 0.4587  data_time: 0.0044  memory: 4736  grad_norm: 461.6350  loss: 117.0150  loss_cls: 41.5340  loss_bbox: 39.1643  loss_dfl: 36.3168
07/05 04:14:03 - mmengine - INFO - Epoch(train) [6][ 150/1294]  base_lr: 3.6694e-05 lr: 3.6694e-05  eta: 0:32:46  time: 0.4495  data_time: 0.0043  memory: 4876  grad_norm: 405.5006  loss: 119.8959  loss_cls: 42.4784  loss_bbox: 40.6025  loss_dfl: 36.8151
07/05 04:14:25 - mmengine - INFO - Epoch(train) [6][ 200/1294]  base_lr: 3.6216e-05 lr: 3.6216e-05  eta: 0:32:18  time: 0.4477  data_time: 0.0044  memory: 4823  grad_norm: 425.8800  loss: 118.6432  loss_cls: 42.0082  loss_bbox: 39.9753  loss_dfl: 36.6596
07/05 04:14:48 - mmengine - INFO - Epoch(train) [6][ 250/1294]  base_lr: 3.5738e-05 lr: 3.5738e-05  eta: 0:31:50  time: 0.4539  data_time: 0.0047  memory: 4750  grad_norm: 392.3886  loss: 117.3343  loss_cls: 41.1437  loss_bbox: 39.7625  loss_dfl: 36.4280
07/05 04:15:11 - mmengine - INFO - Epoch(train) [6][ 300/1294]  base_lr: 3.5259e-05 lr: 3.5259e-05  eta: 0:31:21  time: 0.4546  data_time: 0.0043  memory: 4757  grad_norm: 415.7825  loss: 119.3965  loss_cls: 41.8361  loss_bbox: 40.4539  loss_dfl: 37.1065
07/05 04:15:33 - mmengine - INFO - Epoch(train) [6][ 350/1294]  base_lr: 3.4781e-05 lr: 3.4781e-05  eta: 0:30:53  time: 0.4476  data_time: 0.0045  memory: 4716  grad_norm: 412.2044  loss: 116.8285  loss_cls: 40.7908  loss_bbox: 39.4131  loss_dfl: 36.6246
07/05 04:15:56 - mmengine - INFO - Epoch(train) [6][ 400/1294]  base_lr: 3.4303e-05 lr: 3.4303e-05  eta: 0:30:25  time: 0.4543  data_time: 0.0045  memory: 5030  grad_norm: 403.1492  loss: 118.0624  loss_cls: 41.1103  loss_bbox: 39.9151  loss_dfl: 37.0369
07/05 04:16:18 - mmengine - INFO - Epoch(train) [6][ 450/1294]  base_lr: 3.3825e-05 lr: 3.3825e-05  eta: 0:29:57  time: 0.4538  data_time: 0.0044  memory: 4703  grad_norm: 442.2809  loss: 123.6199  loss_cls: 43.8765  loss_bbox: 41.6453  loss_dfl: 38.0982
07/05 04:16:41 - mmengine - INFO - Epoch(train) [6][ 500/1294]  base_lr: 3.3346e-05 lr: 3.3346e-05  eta: 0:29:29  time: 0.4495  data_time: 0.0044  memory: 5090  grad_norm: 410.5372  loss: 118.5931  loss_cls: 41.4957  loss_bbox: 39.9713  loss_dfl: 37.1261
07/05 04:16:54 - mmengine - INFO - Exp name: wedetect_v11dt_3stage_s1_20260705_030456
07/05 04:17:03 - mmengine - INFO - Epoch(train) [6][ 550/1294]  base_lr: 3.2868e-05 lr: 3.2868e-05  eta: 0:29:01  time: 0.4468  data_time: 0.0042  memory: 4863  grad_norm: 403.7185  loss: 116.8216  loss_cls: 41.3971  loss_bbox: 39.2981  loss_dfl: 36.1264
07/05 04:17:26 - mmengine - INFO - Epoch(train) [6][ 600/1294]  base_lr: 3.2390e-05 lr: 3.2390e-05  eta: 0:28:33  time: 0.4525  data_time: 0.0041  memory: 4790  grad_norm: 424.2869  loss: 117.1353  loss_cls: 41.1223  loss_bbox: 39.6609  loss_dfl: 36.3520
07/05 04:17:49 - mmengine - INFO - Epoch(train) [6][ 650/1294]  base_lr: 3.1912e-05 lr: 3.1912e-05  eta: 0:28:06  time: 0.4552  data_time: 0.0040  memory: 4723  grad_norm: 405.3985  loss: 115.3033  loss_cls: 40.2891  loss_bbox: 38.8598  loss_dfl: 36.1545
07/05 04:18:11 - mmengine - INFO - Epoch(train) [6][ 700/1294]  base_lr: 3.1434e-05 lr: 3.1434e-05  eta: 0:27:38  time: 0.4480  data_time: 0.0046  memory: 4770  grad_norm: 413.9946  loss: 118.3820  loss_cls: 41.4571  loss_bbox: 39.9522  loss_dfl: 36.9726
07/05 04:18:34 - mmengine - INFO - Epoch(train) [6][ 750/1294]  base_lr: 3.0955e-05 lr: 3.0955e-05  eta: 0:27:11  time: 0.4560  data_time: 0.0051  memory: 4790  grad_norm: 421.6991  loss: 117.9269  loss_cls: 40.8359  loss_bbox: 40.0423  loss_dfl: 37.0486
07/05 04:18:57 - mmengine - INFO - Epoch(train) [6][ 800/1294]  base_lr: 3.0477e-05 lr: 3.0477e-05  eta: 0:26:43  time: 0.4562  data_time: 0.0048  memory: 4750  grad_norm: 397.1701  loss: 118.5094  loss_cls: 41.2672  loss_bbox: 39.5772  loss_dfl: 37.6650
07/05 04:19:19 - mmengine - INFO - Epoch(train) [6][ 850/1294]  base_lr: 2.9999e-05 lr: 2.9999e-05  eta: 0:26:16  time: 0.4499  data_time: 0.0049  memory: 4770  grad_norm: 419.5446  loss: 120.1690  loss_cls: 42.5112  loss_bbox: 40.7489  loss_dfl: 36.9089
07/05 04:19:41 - mmengine - INFO - Epoch(train) [6][ 900/1294]  base_lr: 2.9521e-05 lr: 2.9521e-05  eta: 0:25:48  time: 0.4476  data_time: 0.0047  memory: 4803  grad_norm: 407.4028  loss: 119.5666  loss_cls: 42.2698  loss_bbox: 40.2915  loss_dfl: 37.0052
07/05 04:20:04 - mmengine - INFO - Epoch(train) [6][ 950/1294]  base_lr: 2.9043e-05 lr: 2.9043e-05  eta: 0:25:21  time: 0.4539  data_time: 0.0047  memory: 4796  grad_norm: 413.8227  loss: 115.2280  loss_cls: 40.7470  loss_bbox: 38.4370  loss_dfl: 36.0440
07/05 04:20:27 - mmengine - INFO - Epoch(train) [6][1000/1294]  base_lr: 2.8564e-05 lr: 2.8564e-05  eta: 0:24:54  time: 0.4549  data_time: 0.0046  memory: 4770  grad_norm: 404.4457  loss: 117.7989  loss_cls: 41.9073  loss_bbox: 39.5035  loss_dfl: 36.3881
07/05 04:20:49 - mmengine - INFO - Epoch(train) [6][1050/1294]  base_lr: 2.8086e-05 lr: 2.8086e-05  eta: 0:24:27  time: 0.4461  data_time: 0.0047  memory: 4770  grad_norm: 407.8434  loss: 117.5961  loss_cls: 40.9198  loss_bbox: 39.9164  loss_dfl: 36.7600
07/05 04:21:12 - mmengine - INFO - Epoch(train) [6][1100/1294]  base_lr: 2.7608e-05 lr: 2.7608e-05  eta: 0:23:59  time: 0.4559  data_time: 0.0046  memory: 4670  grad_norm: 426.3580  loss: 117.6114  loss_cls: 41.2145  loss_bbox: 39.7878  loss_dfl: 36.6091
07/05 04:21:35 - mmengine - INFO - Epoch(train) [6][1150/1294]  base_lr: 2.7130e-05 lr: 2.7130e-05  eta: 0:23:33  time: 0.4560  data_time: 0.0047  memory: 4783  grad_norm: 414.2763  loss: 114.5154  loss_cls: 39.5115  loss_bbox: 38.6238  loss_dfl: 36.3802
07/05 04:21:57 - mmengine - INFO - Epoch(train) [6][1200/1294]  base_lr: 2.6651e-05 lr: 2.6651e-05  eta: 0:23:05  time: 0.4507  data_time: 0.0048  memory: 4743  grad_norm: 420.4792  loss: 119.0511  loss_cls: 41.2337  loss_bbox: 40.3785  loss_dfl: 37.4389
07/05 04:22:20 - mmengine - INFO - Epoch(train) [6][1250/1294]  base_lr: 2.6173e-05 lr: 2.6173e-05  eta: 0:22:38  time: 0.4473  data_time: 0.0047  memory: 4783  grad_norm: 420.5527  loss: 119.6358  loss_cls: 43.0217  loss_bbox: 39.9716  loss_dfl: 36.6426
07/05 04:22:39 - mmengine - INFO - Exp name: wedetect_v11dt_3stage_s1_20260705_030456
07/05 04:22:39 - mmengine - INFO - Saving checkpoint at 6 epochs
07/05 04:22:46 - mmengine - INFO - Epoch(val) [6][  50/2587]    eta: 0:02:39  time: 0.0629  data_time: 0.0191  memory: 4716  
07/05 04:22:49 - mmengine - INFO - Epoch(val) [6][ 100/2587]    eta: 0:02:18  time: 0.0481  data_time: 0.0034  memory: 1207  
07/05 04:22:51 - mmengine - INFO - Epoch(val) [6][ 150/2587]    eta: 0:02:06  time: 0.0451  data_time: 0.0003  memory: 1207  
07/05 04:22:55 - mmengine - INFO - Epoch(val) [6][ 200/2587]    eta: 0:02:22  time: 0.0820  data_time: 0.0377  memory: 1207  
07/05 04:22:57 - mmengine - INFO - Epoch(val) [6][ 250/2587]    eta: 0:02:12  time: 0.0449  data_time: 0.0002  memory: 1207  
07/05 04:23:00 - mmengine - INFO - Epoch(val) [6][ 300/2587]    eta: 0:02:05  time: 0.0450  data_time: 0.0002  memory: 1207  
07/05 04:23:02 - mmengine - INFO - Epoch(val) [6][ 350/2587]    eta: 0:01:59  time: 0.0449  data_time: 0.0002  memory: 1207  
07/05 04:23:04 - mmengine - INFO - Epoch(val) [6][ 400/2587]    eta: 0:01:54  time: 0.0458  data_time: 0.0003  memory: 1207  
07/05 04:23:06 - mmengine - INFO - Epoch(val) [6][ 450/2587]    eta: 0:01:50  time: 0.0450  data_time: 0.0002  memory: 1207  
07/05 04:23:09 - mmengine - INFO - Epoch(val) [6][ 500/2587]    eta: 0:01:46  time: 0.0452  data_time: 0.0002  memory: 1207  
07/05 04:23:11 - mmengine - INFO - Epoch(val) [6][ 550/2587]    eta: 0:01:42  time: 0.0451  data_time: 0.0002  memory: 1207  
07/05 04:23:13 - mmengine - INFO - Epoch(val) [6][ 600/2587]    eta: 0:01:40  time: 0.0508  data_time: 0.0002  memory: 1207  
07/05 04:23:16 - mmengine - INFO - Epoch(val) [6][ 650/2587]    eta: 0:01:36  time: 0.0451  data_time: 0.0002  memory: 1207  
07/05 04:23:18 - mmengine - INFO - Epoch(val) [6][ 700/2587]    eta: 0:01:33  time: 0.0451  data_time: 0.0002  memory: 1207  
07/05 04:23:20 - mmengine - INFO - Epoch(val) [6][ 750/2587]    eta: 0:01:30  time: 0.0452  data_time: 0.0002  memory: 1207  
07/05 04:23:22 - mmengine - INFO - Epoch(val) [6][ 800/2587]    eta: 0:01:27  time: 0.0452  data_time: 0.0002  memory: 1207  
07/05 04:23:25 - mmengine - INFO - Epoch(val) [6][ 850/2587]    eta: 0:01:24  time: 0.0451  data_time: 0.0002  memory: 1207  
07/05 04:23:27 - mmengine - INFO - Epoch(val) [6][ 900/2587]    eta: 0:01:22  time: 0.0451  data_time: 0.0002  memory: 1207  
07/05 04:23:29 - mmengine - INFO - Epoch(val) [6][ 950/2587]    eta: 0:01:19  time: 0.0451  data_time: 0.0002  memory: 1207  
07/05 04:23:31 - mmengine - INFO - Epoch(val) [6][1000/2587]    eta: 0:01:16  time: 0.0452  data_time: 0.0002  memory: 1207  
07/05 04:23:34 - mmengine - INFO - Epoch(val) [6][1050/2587]    eta: 0:01:13  time: 0.0452  data_time: 0.0002  memory: 1207  
07/05 04:23:36 - mmengine - INFO - Epoch(val) [6][1100/2587]    eta: 0:01:11  time: 0.0451  data_time: 0.0002  memory: 1207  
07/05 04:23:38 - mmengine - INFO - Epoch(val) [6][1150/2587]    eta: 0:01:08  time: 0.0462  data_time: 0.0002  memory: 1207  
07/05 04:23:41 - mmengine - INFO - Epoch(val) [6][1200/2587]    eta: 0:01:06  time: 0.0453  data_time: 0.0002  memory: 1207  
07/05 04:23:43 - mmengine - INFO - Epoch(val) [6][1250/2587]    eta: 0:01:03  time: 0.0452  data_time: 0.0002  memory: 1207  
07/05 04:23:45 - mmengine - INFO - Epoch(val) [6][1300/2587]    eta: 0:01:01  time: 0.0453  data_time: 0.0002  memory: 1207  
07/05 04:23:47 - mmengine - INFO - Epoch(val) [6][1350/2587]    eta: 0:00:58  time: 0.0458  data_time: 0.0003  memory: 1207  
07/05 04:23:50 - mmengine - INFO - Epoch(val) [6][1400/2587]    eta: 0:00:56  time: 0.0457  data_time: 0.0003  memory: 1207  
07/05 04:23:52 - mmengine - INFO - Epoch(val) [6][1450/2587]    eta: 0:00:53  time: 0.0458  data_time: 0.0004  memory: 1207  
07/05 04:23:54 - mmengine - INFO - Epoch(val) [6][1500/2587]    eta: 0:00:51  time: 0.0455  data_time: 0.0003  memory: 1207  
07/05 04:23:56 - mmengine - INFO - Epoch(val) [6][1550/2587]    eta: 0:00:49  time: 0.0457  data_time: 0.0003  memory: 1207  
07/05 04:23:59 - mmengine - INFO - Epoch(val) [6][1600/2587]    eta: 0:00:46  time: 0.0455  data_time: 0.0003  memory: 1207  
07/05 04:24:01 - mmengine - INFO - Epoch(val) [6][1650/2587]    eta: 0:00:44  time: 0.0453  data_time: 0.0003  memory: 1207  
07/05 04:24:03 - mmengine - INFO - Epoch(val) [6][1700/2587]    eta: 0:00:41  time: 0.0453  data_time: 0.0003  memory: 1207  
07/05 04:24:06 - mmengine - INFO - Epoch(val) [6][1750/2587]    eta: 0:00:39  time: 0.0479  data_time: 0.0028  memory: 1207  
07/05 04:24:08 - mmengine - INFO - Epoch(val) [6][1800/2587]    eta: 0:00:37  time: 0.0485  data_time: 0.0038  memory: 1207  
07/05 04:24:10 - mmengine - INFO - Epoch(val) [6][1850/2587]    eta: 0:00:34  time: 0.0460  data_time: 0.0003  memory: 1207  
07/05 04:24:13 - mmengine - INFO - Epoch(val) [6][1900/2587]    eta: 0:00:32  time: 0.0453  data_time: 0.0003  memory: 1207  
07/05 04:24:15 - mmengine - INFO - Epoch(val) [6][1950/2587]    eta: 0:00:29  time: 0.0452  data_time: 0.0003  memory: 1207  
07/05 04:24:17 - mmengine - INFO - Epoch(val) [6][2000/2587]    eta: 0:00:27  time: 0.0452  data_time: 0.0003  memory: 1207  
07/05 04:24:19 - mmengine - INFO - Epoch(val) [6][2050/2587]    eta: 0:00:25  time: 0.0453  data_time: 0.0003  memory: 1207  
07/05 04:24:22 - mmengine - INFO - Epoch(val) [6][2100/2587]    eta: 0:00:22  time: 0.0456  data_time: 0.0003  memory: 1207  
07/05 04:24:24 - mmengine - INFO - Epoch(val) [6][2150/2587]    eta: 0:00:20  time: 0.0454  data_time: 0.0003  memory: 1207  
07/05 04:24:26 - mmengine - INFO - Epoch(val) [6][2200/2587]    eta: 0:00:18  time: 0.0455  data_time: 0.0003  memory: 1207  
07/05 04:24:29 - mmengine - INFO - Epoch(val) [6][2250/2587]    eta: 0:00:15  time: 0.0515  data_time: 0.0068  memory: 1207  
07/05 04:24:31 - mmengine - INFO - Epoch(val) [6][2300/2587]    eta: 0:00:13  time: 0.0450  data_time: 0.0002  memory: 1207  
07/05 04:24:33 - mmengine - INFO - Epoch(val) [6][2350/2587]    eta: 0:00:11  time: 0.0454  data_time: 0.0003  memory: 1207  
07/05 04:24:36 - mmengine - INFO - Epoch(val) [6][2400/2587]    eta: 0:00:08  time: 0.0455  data_time: 0.0003  memory: 1207  
07/05 04:24:38 - mmengine - INFO - Epoch(val) [6][2450/2587]    eta: 0:00:06  time: 0.0452  data_time: 0.0002  memory: 1207  
07/05 04:24:40 - mmengine - INFO - Epoch(val) [6][2500/2587]    eta: 0:00:04  time: 0.0453  data_time: 0.0003  memory: 1207  
07/05 04:24:43 - mmengine - INFO - Epoch(val) [6][2550/2587]    eta: 0:00:01  time: 0.0465  data_time: 0.0003  memory: 1207  
07/05 04:25:03 - mmengine - INFO - Evaluating bbox...
Loading and preparing results...
DONE (t=4.72s)
creating index...
index created!
Running per image evaluation...
Evaluate annotation type *bbox*
DONE (t=69.75s).
Accumulating evaluation results...
DONE (t=26.11s).
 Average Precision  (AP) @[ IoU=0.50:0.95 | area=   all | maxDets=100 ] = 0.331
 Average Precision  (AP) @[ IoU=0.50      | area=   all | maxDets=1000 ] = 0.471
 Average Precision  (AP) @[ IoU=0.75      | area=   all | maxDets=1000 ] = 0.382
 Average Precision  (AP) @[ IoU=0.50:0.95 | area= small | maxDets=1000 ] = 0.123
 Average Precision  (AP) @[ IoU=0.50:0.95 | area=medium | maxDets=1000 ] = 0.310
 Average Precision  (AP) @[ IoU=0.50:0.95 | area= large | maxDets=1000 ] = 0.365
 Average Recall     (AR) @[ IoU=0.50:0.95 | area=   all | maxDets=100 ] = 0.687
 Average Recall     (AR) @[ IoU=0.50:0.95 | area=   all | maxDets=300 ] = 0.687
 Average Recall     (AR) @[ IoU=0.50:0.95 | area=   all | maxDets=1000 ] = 0.687
 Average Recall     (AR) @[ IoU=0.50:0.95 | area= small | maxDets=1000 ] = 0.275
 Average Recall     (AR) @[ IoU=0.50:0.95 | area=medium | maxDets=1000 ] = 0.648
 Average Recall     (AR) @[ IoU=0.50:0.95 | area= large | maxDets=1000 ] = 0.752
07/05 04:26:51 - mmengine - INFO - bbox_mAP_copypaste: 0.331 0.471 0.382 0.123 0.310 0.365
07/05 04:26:53 - mmengine - INFO - Epoch(val) [6][2587/2587]    coco/bbox_mAP: 0.3310  coco/bbox_mAP_50: 0.4710  coco/bbox_mAP_75: 0.3820  coco/bbox_mAP_s: 0.1230  coco/bbox_mAP_m: 0.3100  coco/bbox_mAP_l: 0.3650  data_time: 0.0016  time: 0.0468
07/05 04:26:53 - mmengine - INFO - The previous best checkpoint /home/siyuan/projects/LLMs/OralDetect-Family/WeDetect_repro/WeDetect/work_dirs/v11dt3stage_s1/best_coco_bbox_mAP_epoch_4.pth is removed
07/05 04:26:55 - mmengine - INFO - The best checkpoint with 0.3310 coco/bbox_mAP at 6 epoch is saved to best_coco_bbox_mAP_epoch_6.pth.
07/05 04:27:22 - mmengine - INFO - Epoch(train) [7][  50/1294]  base_lr: 2.5274e-05 lr: 2.5274e-05  eta: 0:21:48  time: 0.4607  data_time: 0.0138  memory: 4910  grad_norm: 410.6561  loss: 116.7103  loss_cls: 40.6667  loss_bbox: 39.3834  loss_dfl: 36.6602
07/05 04:27:45 - mmengine - INFO - Epoch(train) [7][ 100/1294]  base_lr: 2.4796e-05 lr: 2.4796e-05  eta: 0:21:21  time: 0.4463  data_time: 0.0042  memory: 4790  grad_norm: 436.3844  loss: 119.7218  loss_cls: 42.0456  loss_bbox: 40.3726  loss_dfl: 37.3035
07/05 04:28:07 - mmengine - INFO - Epoch(train) [7][ 150/1294]  base_lr: 2.4318e-05 lr: 2.4318e-05  eta: 0:20:54  time: 0.4509  data_time: 0.0044  memory: 4823  grad_norm: 415.0883  loss: 115.4813  loss_cls: 39.9889  loss_bbox: 38.8495  loss_dfl: 36.6429
07/05 04:28:30 - mmengine - INFO - Epoch(train) [7][ 200/1294]  base_lr: 2.3840e-05 lr: 2.3840e-05  eta: 0:20:28  time: 0.4488  data_time: 0.0044  memory: 4963  grad_norm: 397.6789  loss: 116.9520  loss_cls: 40.8701  loss_bbox: 39.3444  loss_dfl: 36.7376
07/05 04:28:46 - mmengine - INFO - Exp name: wedetect_v11dt_3stage_s1_20260705_030456
07/05 04:28:52 - mmengine - INFO - Epoch(train) [7][ 250/1294]  base_lr: 2.3361e-05 lr: 2.3361e-05  eta: 0:20:01  time: 0.4473  data_time: 0.0045  memory: 4750  grad_norm: 435.5640  loss: 118.2128  loss_cls: 41.8973  loss_bbox: 39.7057  loss_dfl: 36.6098
07/05 04:29:14 - mmengine - INFO - Epoch(train) [7][ 300/1294]  base_lr: 2.2883e-05 lr: 2.2883e-05  eta: 0:19:34  time: 0.4439  data_time: 0.0042  memory: 4663  grad_norm: 410.2769  loss: 115.4300  loss_cls: 39.4282  loss_bbox: 39.2095  loss_dfl: 36.7923
07/05 04:29:37 - mmengine - INFO - Epoch(train) [7][ 350/1294]  base_lr: 2.2405e-05 lr: 2.2405e-05  eta: 0:19:08  time: 0.4517  data_time: 0.0045  memory: 4863  grad_norm: 408.0412  loss: 116.5753  loss_cls: 40.4336  loss_bbox: 39.5628  loss_dfl: 36.5789
07/05 04:29:59 - mmengine - INFO - Epoch(train) [7][ 400/1294]  base_lr: 2.1927e-05 lr: 2.1927e-05  eta: 0:18:41  time: 0.4479  data_time: 0.0042  memory: 4743  grad_norm: 426.3688  loss: 118.2689  loss_cls: 40.9502  loss_bbox: 40.3653  loss_dfl: 36.9534
07/05 04:30:22 - mmengine - INFO - Epoch(train) [7][ 450/1294]  base_lr: 2.1448e-05 lr: 2.1448e-05  eta: 0:18:15  time: 0.4480  data_time: 0.0043  memory: 4883  grad_norm: 420.1114  loss: 113.4099  loss_cls: 38.6113  loss_bbox: 38.2315  loss_dfl: 36.5671
07/05 04:30:44 - mmengine - INFO - Epoch(train) [7][ 500/1294]  base_lr: 2.0970e-05 lr: 2.0970e-05  eta: 0:17:48  time: 0.4526  data_time: 0.0043  memory: 4783  grad_norm: 398.8895  loss: 114.9634  loss_cls: 40.0302  loss_bbox: 38.8320  loss_dfl: 36.1011
07/05 04:31:07 - mmengine - INFO - Epoch(train) [7][ 550/1294]  base_lr: 2.0492e-05 lr: 2.0492e-05  eta: 0:17:22  time: 0.4483  data_time: 0.0045  memory: 4676  grad_norm: 408.0948  loss: 115.7610  loss_cls: 39.6898  loss_bbox: 39.1840  loss_dfl: 36.8872
07/05 04:31:29 - mmengine - INFO - Epoch(train) [7][ 600/1294]  base_lr: 2.0014e-05 lr: 2.0014e-05  eta: 0:16:56  time: 0.4484  data_time: 0.0045  memory: 4810  grad_norm: 420.3297  loss: 119.7458  loss_cls: 42.0010  loss_bbox: 40.5801  loss_dfl: 37.1647
07/05 04:31:51 - mmengine - INFO - Epoch(train) [7][ 650/1294]  base_lr: 1.9536e-05 lr: 1.9536e-05  eta: 0:16:29  time: 0.4457  data_time: 0.0043  memory: 5023  grad_norm: 394.7397  loss: 114.0741  loss_cls: 39.1897  loss_bbox: 38.8118  loss_dfl: 36.0726
07/05 04:32:14 - mmengine - INFO - Epoch(train) [7][ 700/1294]  base_lr: 1.9057e-05 lr: 1.9057e-05  eta: 0:16:03  time: 0.4491  data_time: 0.0044  memory: 4830  grad_norm: 451.1544  loss: 115.1227  loss_cls: 39.5669  loss_bbox: 38.8803  loss_dfl: 36.6755
07/05 04:32:36 - mmengine - INFO - Epoch(train) [7][ 750/1294]  base_lr: 1.8579e-05 lr: 1.8579e-05  eta: 0:15:37  time: 0.4531  data_time: 0.0043  memory: 4765  grad_norm: 418.5781  loss: 116.7756  loss_cls: 40.6374  loss_bbox: 39.5139  loss_dfl: 36.6243
07/05 04:32:59 - mmengine - INFO - Epoch(train) [7][ 800/1294]  base_lr: 1.8101e-05 lr: 1.8101e-05  eta: 0:15:11  time: 0.4480  data_time: 0.0045  memory: 4856  grad_norm: 393.4226  loss: 116.0824  loss_cls: 39.5154  loss_bbox: 39.8169  loss_dfl: 36.7501
07/05 04:33:22 - mmengine - INFO - Epoch(train) [7][ 850/1294]  base_lr: 1.7623e-05 lr: 1.7623e-05  eta: 0:14:45  time: 0.4537  data_time: 0.0046  memory: 4783  grad_norm: 441.5890  loss: 113.4336  loss_cls: 38.9607  loss_bbox: 38.4554  loss_dfl: 36.0176
07/05 04:33:44 - mmengine - INFO - Epoch(train) [7][ 900/1294]  base_lr: 1.7145e-05 lr: 1.7145e-05  eta: 0:14:19  time: 0.4491  data_time: 0.0045  memory: 4743  grad_norm: 452.1128  loss: 117.3491  loss_cls: 40.4430  loss_bbox: 40.1984  loss_dfl: 36.7077
07/05 04:34:06 - mmengine - INFO - Epoch(train) [7][ 950/1294]  base_lr: 1.6666e-05 lr: 1.6666e-05  eta: 0:13:53  time: 0.4494  data_time: 0.0045  memory: 4777  grad_norm: 414.3076  loss: 116.0736  loss_cls: 40.1154  loss_bbox: 39.6177  loss_dfl: 36.3405
07/05 04:34:29 - mmengine - INFO - Epoch(train) [7][1000/1294]  base_lr: 1.6188e-05 lr: 1.6188e-05  eta: 0:13:27  time: 0.4446  data_time: 0.0040  memory: 4617  grad_norm: 440.1242  loss: 116.5625  loss_cls: 40.3784  loss_bbox: 39.2189  loss_dfl: 36.9652
07/05 04:34:51 - mmengine - INFO - Epoch(train) [7][1050/1294]  base_lr: 1.5710e-05 lr: 1.5710e-05  eta: 0:13:01  time: 0.4479  data_time: 0.0041  memory: 4783  grad_norm: 401.8354  loss: 113.9843  loss_cls: 39.2072  loss_bbox: 38.5534  loss_dfl: 36.2237
07/05 04:35:14 - mmengine - INFO - Epoch(train) [7][1100/1294]  base_lr: 1.5232e-05 lr: 1.5232e-05  eta: 0:12:35  time: 0.4526  data_time: 0.0046  memory: 4683  grad_norm: 412.0760  loss: 115.5951  loss_cls: 39.1937  loss_bbox: 39.5719  loss_dfl: 36.8296
07/05 04:35:36 - mmengine - INFO - Epoch(train) [7][1150/1294]  base_lr: 1.4753e-05 lr: 1.4753e-05  eta: 0:12:09  time: 0.4487  data_time: 0.0041  memory: 4930  grad_norm: 434.7757  loss: 115.4283  loss_cls: 39.2112  loss_bbox: 39.7113  loss_dfl: 36.5058
07/05 04:35:59 - mmengine - INFO - Epoch(train) [7][1200/1294]  base_lr: 1.4275e-05 lr: 1.4275e-05  eta: 0:11:43  time: 0.4528  data_time: 0.0044  memory: 4757  grad_norm: 394.1842  loss: 115.4896  loss_cls: 40.1673  loss_bbox: 39.3730  loss_dfl: 35.9492
07/05 04:36:15 - mmengine - INFO - Exp name: wedetect_v11dt_3stage_s1_20260705_030456
07/05 04:36:21 - mmengine - INFO - Epoch(train) [7][1250/1294]  base_lr: 1.3797e-05 lr: 1.3797e-05  eta: 0:11:18  time: 0.4491  data_time: 0.0045  memory: 4743  grad_norm: 409.4276  loss: 115.1585  loss_cls: 40.1226  loss_bbox: 38.5582  loss_dfl: 36.4777
07/05 04:36:41 - mmengine - INFO - Exp name: wedetect_v11dt_3stage_s1_20260705_030456
07/05 04:36:41 - mmengine - INFO - Saving checkpoint at 7 epochs
07/05 04:36:47 - mmengine - INFO - Epoch(val) [7][  50/2587]    eta: 0:02:39  time: 0.0627  data_time: 0.0186  memory: 5050  
07/05 04:36:50 - mmengine - INFO - Epoch(val) [7][ 100/2587]    eta: 0:02:17  time: 0.0481  data_time: 0.0032  memory: 1207  
07/05 04:36:52 - mmengine - INFO - Epoch(val) [7][ 150/2587]    eta: 0:02:06  time: 0.0452  data_time: 0.0003  memory: 1207  
07/05 04:36:56 - mmengine - INFO - Epoch(val) [7][ 200/2587]    eta: 0:02:21  time: 0.0814  data_time: 0.0378  memory: 1207  
07/05 04:36:58 - mmengine - INFO - Epoch(val) [7][ 250/2587]    eta: 0:02:11  time: 0.0450  data_time: 0.0002  memory: 1207  
07/05 04:37:01 - mmengine - INFO - Epoch(val) [7][ 300/2587]    eta: 0:02:04  time: 0.0449  data_time: 0.0002  memory: 1207  
07/05 04:37:03 - mmengine - INFO - Epoch(val) [7][ 350/2587]    eta: 0:01:58  time: 0.0450  data_time: 0.0002  memory: 1207  
07/05 04:37:05 - mmengine - INFO - Epoch(val) [7][ 400/2587]    eta: 0:01:54  time: 0.0451  data_time: 0.0002  memory: 1207  
07/05 04:37:07 - mmengine - INFO - Epoch(val) [7][ 450/2587]    eta: 0:01:49  time: 0.0450  data_time: 0.0002  memory: 1207  
07/05 04:37:10 - mmengine - INFO - Epoch(val) [7][ 500/2587]    eta: 0:01:45  time: 0.0451  data_time: 0.0002  memory: 1207  
07/05 04:37:12 - mmengine - INFO - Epoch(val) [7][ 550/2587]    eta: 0:01:42  time: 0.0450  data_time: 0.0002  memory: 1207  
07/05 04:37:14 - mmengine - INFO - Epoch(val) [7][ 600/2587]    eta: 0:01:38  time: 0.0451  data_time: 0.0002  memory: 1207  
07/05 04:37:16 - mmengine - INFO - Epoch(val) [7][ 650/2587]    eta: 0:01:35  time: 0.0451  data_time: 0.0002  memory: 1207  
07/05 04:37:19 - mmengine - INFO - Epoch(val) [7][ 700/2587]    eta: 0:01:32  time: 0.0451  data_time: 0.0002  memory: 1207  
07/05 04:37:21 - mmengine - INFO - Epoch(val) [7][ 750/2587]    eta: 0:01:29  time: 0.0451  data_time: 0.0002  memory: 1207  
07/05 04:37:23 - mmengine - INFO - Epoch(val) [7][ 800/2587]    eta: 0:01:26  time: 0.0452  data_time: 0.0002  memory: 1207  
07/05 04:37:25 - mmengine - INFO - Epoch(val) [7][ 850/2587]    eta: 0:01:24  time: 0.0452  data_time: 0.0002  memory: 1207  
07/05 04:37:28 - mmengine - INFO - Epoch(val) [7][ 900/2587]    eta: 0:01:21  time: 0.0451  data_time: 0.0002  memory: 1207  
07/05 04:37:30 - mmengine - INFO - Epoch(val) [7][ 950/2587]    eta: 0:01:18  time: 0.0451  data_time: 0.0002  memory: 1207  
07/05 04:37:32 - mmengine - INFO - Epoch(val) [7][1000/2587]    eta: 0:01:16  time: 0.0451  data_time: 0.0002  memory: 1207  
07/05 04:37:34 - mmengine - INFO - Epoch(val) [7][1050/2587]    eta: 0:01:13  time: 0.0452  data_time: 0.0002  memory: 1207  
07/05 04:37:37 - mmengine - INFO - Epoch(val) [7][1100/2587]    eta: 0:01:10  time: 0.0452  data_time: 0.0002  memory: 1207  
07/05 04:37:39 - mmengine - INFO - Epoch(val) [7][1150/2587]    eta: 0:01:08  time: 0.0451  data_time: 0.0002  memory: 1207  
07/05 04:37:41 - mmengine - INFO - Epoch(val) [7][1200/2587]    eta: 0:01:05  time: 0.0451  data_time: 0.0002  memory: 1207  
07/05 04:37:44 - mmengine - INFO - Epoch(val) [7][1250/2587]    eta: 0:01:03  time: 0.0451  data_time: 0.0002  memory: 1207  
07/05 04:37:46 - mmengine - INFO - Epoch(val) [7][1300/2587]    eta: 0:01:00  time: 0.0454  data_time: 0.0003  memory: 1207  
07/05 04:37:48 - mmengine - INFO - Epoch(val) [7][1350/2587]    eta: 0:00:58  time: 0.0517  data_time: 0.0003  memory: 1207  
07/05 04:37:51 - mmengine - INFO - Epoch(val) [7][1400/2587]    eta: 0:00:56  time: 0.0458  data_time: 0.0003  memory: 1207  
07/05 04:37:53 - mmengine - INFO - Epoch(val) [7][1450/2587]    eta: 0:00:53  time: 0.0454  data_time: 0.0003  memory: 1207  
07/05 04:37:55 - mmengine - INFO - Epoch(val) [7][1500/2587]    eta: 0:00:51  time: 0.0454  data_time: 0.0003  memory: 1207  
07/05 04:37:58 - mmengine - INFO - Epoch(val) [7][1550/2587]    eta: 0:00:48  time: 0.0454  data_time: 0.0003  memory: 1207  
07/05 04:38:00 - mmengine - INFO - Epoch(val) [7][1600/2587]    eta: 0:00:46  time: 0.0454  data_time: 0.0003  memory: 1207  
07/05 04:38:02 - mmengine - INFO - Epoch(val) [7][1650/2587]    eta: 0:00:44  time: 0.0453  data_time: 0.0003  memory: 1207  
07/05 04:38:04 - mmengine - INFO - Epoch(val) [7][1700/2587]    eta: 0:00:41  time: 0.0452  data_time: 0.0003  memory: 1207  
07/05 04:38:07 - mmengine - INFO - Epoch(val) [7][1750/2587]    eta: 0:00:39  time: 0.0476  data_time: 0.0026  memory: 1207  
07/05 04:38:09 - mmengine - INFO - Epoch(val) [7][1800/2587]    eta: 0:00:37  time: 0.0483  data_time: 0.0035  memory: 1207  
07/05 04:38:11 - mmengine - INFO - Epoch(val) [7][1850/2587]    eta: 0:00:34  time: 0.0453  data_time: 0.0003  memory: 1207  
07/05 04:38:14 - mmengine - INFO - Epoch(val) [7][1900/2587]    eta: 0:00:32  time: 0.0453  data_time: 0.0003  memory: 1207  
07/05 04:38:16 - mmengine - INFO - Epoch(val) [7][1950/2587]    eta: 0:00:29  time: 0.0454  data_time: 0.0003  memory: 1207  
07/05 04:38:18 - mmengine - INFO - Epoch(val) [7][2000/2587]    eta: 0:00:27  time: 0.0452  data_time: 0.0002  memory: 1207  
07/05 04:38:20 - mmengine - INFO - Epoch(val) [7][2050/2587]    eta: 0:00:25  time: 0.0451  data_time: 0.0002  memory: 1207  
07/05 04:38:23 - mmengine - INFO - Epoch(val) [7][2100/2587]    eta: 0:00:22  time: 0.0452  data_time: 0.0002  memory: 1207  
07/05 04:38:25 - mmengine - INFO - Epoch(val) [7][2150/2587]    eta: 0:00:20  time: 0.0452  data_time: 0.0003  memory: 1207  
07/05 04:38:27 - mmengine - INFO - Epoch(val) [7][2200/2587]    eta: 0:00:18  time: 0.0453  data_time: 0.0003  memory: 1207  
07/05 04:38:30 - mmengine - INFO - Epoch(val) [7][2250/2587]    eta: 0:00:15  time: 0.0504  data_time: 0.0056  memory: 1207  
07/05 04:38:32 - mmengine - INFO - Epoch(val) [7][2300/2587]    eta: 0:00:13  time: 0.0453  data_time: 0.0003  memory: 1207  
07/05 04:38:34 - mmengine - INFO - Epoch(val) [7][2350/2587]    eta: 0:00:11  time: 0.0453  data_time: 0.0002  memory: 1207  
07/05 04:38:37 - mmengine - INFO - Epoch(val) [7][2400/2587]    eta: 0:00:08  time: 0.0454  data_time: 0.0003  memory: 1207  
07/05 04:38:39 - mmengine - INFO - Epoch(val) [7][2450/2587]    eta: 0:00:06  time: 0.0454  data_time: 0.0003  memory: 1207  
07/05 04:38:41 - mmengine - INFO - Epoch(val) [7][2500/2587]    eta: 0:00:04  time: 0.0452  data_time: 0.0002  memory: 1207  
07/05 04:38:43 - mmengine - INFO - Epoch(val) [7][2550/2587]    eta: 0:00:01  time: 0.0453  data_time: 0.0003  memory: 1207  
07/05 04:39:03 - mmengine - INFO - Evaluating bbox...
Loading and preparing results...
DONE (t=4.49s)
creating index...
index created!
Running per image evaluation...
Evaluate annotation type *bbox*
DONE (t=67.93s).
Accumulating evaluation results...
DONE (t=24.57s).
 Average Precision  (AP) @[ IoU=0.50:0.95 | area=   all | maxDets=100 ] = 0.344
 Average Precision  (AP) @[ IoU=0.50      | area=   all | maxDets=1000 ] = 0.488
 Average Precision  (AP) @[ IoU=0.75      | area=   all | maxDets=1000 ] = 0.396
 Average Precision  (AP) @[ IoU=0.50:0.95 | area= small | maxDets=1000 ] = 0.131
 Average Precision  (AP) @[ IoU=0.50:0.95 | area=medium | maxDets=1000 ] = 0.326
 Average Precision  (AP) @[ IoU=0.50:0.95 | area= large | maxDets=1000 ] = 0.374
 Average Recall     (AR) @[ IoU=0.50:0.95 | area=   all | maxDets=100 ] = 0.691
 Average Recall     (AR) @[ IoU=0.50:0.95 | area=   all | maxDets=300 ] = 0.691
 Average Recall     (AR) @[ IoU=0.50:0.95 | area=   all | maxDets=1000 ] = 0.691
 Average Recall     (AR) @[ IoU=0.50:0.95 | area= small | maxDets=1000 ] = 0.279
 Average Recall     (AR) @[ IoU=0.50:0.95 | area=medium | maxDets=1000 ] = 0.657
 Average Recall     (AR) @[ IoU=0.50:0.95 | area= large | maxDets=1000 ] = 0.752
07/05 04:40:47 - mmengine - INFO - bbox_mAP_copypaste: 0.344 0.488 0.396 0.131 0.326 0.374
07/05 04:40:49 - mmengine - INFO - Epoch(val) [7][2587/2587]    coco/bbox_mAP: 0.3440  coco/bbox_mAP_50: 0.4880  coco/bbox_mAP_75: 0.3960  coco/bbox_mAP_s: 0.1310  coco/bbox_mAP_m: 0.3260  coco/bbox_mAP_l: 0.3740  data_time: 0.0016  time: 0.0466
07/05 04:40:49 - mmengine - INFO - The previous best checkpoint /home/siyuan/projects/LLMs/OralDetect-Family/WeDetect_repro/WeDetect/work_dirs/v11dt3stage_s1/best_coco_bbox_mAP_epoch_6.pth is removed
07/05 04:40:52 - mmengine - INFO - The best checkpoint with 0.3440 coco/bbox_mAP at 7 epoch is saved to best_coco_bbox_mAP_epoch_7.pth.
07/05 04:41:17 - mmengine - INFO - Epoch(train) [8][  50/1294]  base_lr: 1.2898e-05 lr: 1.2898e-05  eta: 0:10:29  time: 0.4519  data_time: 0.0136  memory: 4836  grad_norm: 414.1473  loss: 113.6497  loss_cls: 38.1100  loss_bbox: 39.0525  loss_dfl: 36.4872
07/05 04:41:40 - mmengine - INFO - Epoch(train) [8][ 100/1294]  base_lr: 1.2420e-05 lr: 1.2420e-05  eta: 0:10:03  time: 0.4467  data_time: 0.0042  memory: 4823  grad_norm: 421.8183  loss: 116.0393  loss_cls: 39.6164  loss_bbox: 39.8719  loss_dfl: 36.5509
07/05 04:42:02 - mmengine - INFO - Epoch(train) [8][ 150/1294]  base_lr: 1.1942e-05 lr: 1.1942e-05  eta: 0:09:38  time: 0.4530  data_time: 0.0041  memory: 4710  grad_norm: 460.6193  loss: 115.9513  loss_cls: 40.5540  loss_bbox: 38.9236  loss_dfl: 36.4737
07/05 04:42:25 - mmengine - INFO - Epoch(train) [8][ 200/1294]  base_lr: 1.1463e-05 lr: 1.1463e-05  eta: 0:09:12  time: 0.4473  data_time: 0.0041  memory: 4670  grad_norm: 426.6921  loss: 117.6213  loss_cls: 41.1346  loss_bbox: 39.4781  loss_dfl: 37.0086
07/05 04:42:47 - mmengine - INFO - Epoch(train) [8][ 250/1294]  base_lr: 1.0985e-05 lr: 1.0985e-05  eta: 0:08:47  time: 0.4471  data_time: 0.0042  memory: 4757  grad_norm: 419.7373  loss: 117.4088  loss_cls: 40.0271  loss_bbox: 40.2504  loss_dfl: 37.1313
07/05 04:43:09 - mmengine - INFO - Epoch(train) [8][ 300/1294]  base_lr: 1.0507e-05 lr: 1.0507e-05  eta: 0:08:21  time: 0.4509  data_time: 0.0043  memory: 4765  grad_norm: 422.1559  loss: 114.0939  loss_cls: 39.0507  loss_bbox: 38.7955  loss_dfl: 36.2477
07/05 04:43:32 - mmengine - INFO - Epoch(train) [8][ 350/1294]  base_lr: 1.0029e-05 lr: 1.0029e-05  eta: 0:07:56  time: 0.4434  data_time: 0.0042  memory: 5016  grad_norm: 415.7773  loss: 113.0200  loss_cls: 38.7037  loss_bbox: 38.0997  loss_dfl: 36.2166
07/05 04:43:54 - mmengine - INFO - Epoch(train) [8][ 400/1294]  base_lr: 9.5505e-06 lr: 9.5505e-06  eta: 0:07:30  time: 0.4511  data_time: 0.0040  memory: 4810  grad_norm: 401.5842  loss: 114.1237  loss_cls: 38.6205  loss_bbox: 38.5447  loss_dfl: 36.9584
07/05 04:44:16 - mmengine - INFO - Epoch(train) [8][ 450/1294]  base_lr: 9.0723e-06 lr: 9.0723e-06  eta: 0:07:05  time: 0.4441  data_time: 0.0041  memory: 4783  grad_norm: 404.8482  loss: 110.9612  loss_cls: 37.2879  loss_bbox: 37.8952  loss_dfl: 35.7780
07/05 04:44:39 - mmengine - INFO - Epoch(train) [8][ 500/1294]  base_lr: 8.5940e-06 lr: 8.5940e-06  eta: 0:06:39  time: 0.4527  data_time: 0.0041  memory: 4810  grad_norm: 443.0927  loss: 114.9203  loss_cls: 39.3966  loss_bbox: 38.8515  loss_dfl: 36.6722
07/05 04:45:01 - mmengine - INFO - Epoch(train) [8][ 550/1294]  base_lr: 8.1158e-06 lr: 8.1158e-06  eta: 0:06:14  time: 0.4480  data_time: 0.0042  memory: 4716  grad_norm: 426.0336  loss: 116.3233  loss_cls: 39.0006  loss_bbox: 40.1499  loss_dfl: 37.1728
07/05 04:45:24 - mmengine - INFO - Epoch(train) [8][ 600/1294]  base_lr: 7.6376e-06 lr: 7.6376e-06  eta: 0:05:48  time: 0.4486  data_time: 0.0041  memory: 4810  grad_norm: 427.1380  loss: 114.3018  loss_cls: 39.6262  loss_bbox: 38.7629  loss_dfl: 35.9128
07/05 04:45:46 - mmengine - INFO - Epoch(train) [8][ 650/1294]  base_lr: 7.1594e-06 lr: 7.1594e-06  eta: 0:05:23  time: 0.4517  data_time: 0.0042  memory: 4856  grad_norm: 432.0529  loss: 116.0700  loss_cls: 39.9047  loss_bbox: 39.8129  loss_dfl: 36.3524
07/05 04:46:09 - mmengine - INFO - Epoch(train) [8][ 700/1294]  base_lr: 6.6812e-06 lr: 6.6812e-06  eta: 0:04:58  time: 0.4442  data_time: 0.0040  memory: 4723  grad_norm: 402.3532  loss: 113.4663  loss_cls: 38.4307  loss_bbox: 38.5659  loss_dfl: 36.4697
07/05 04:46:31 - mmengine - INFO - Epoch(train) [8][ 750/1294]  base_lr: 6.2030e-06 lr: 6.2030e-06  eta: 0:04:33  time: 0.4534  data_time: 0.0040  memory: 4676  grad_norm: 402.8586  loss: 112.9627  loss_cls: 38.2539  loss_bbox: 38.2652  loss_dfl: 36.4435
07/05 04:46:54 - mmengine - INFO - Epoch(train) [8][ 800/1294]  base_lr: 5.7248e-06 lr: 5.7248e-06  eta: 0:04:07  time: 0.4443  data_time: 0.0044  memory: 4723  grad_norm: 392.4951  loss: 113.2311  loss_cls: 37.9335  loss_bbox: 39.1270  loss_dfl: 36.1707
07/05 04:47:16 - mmengine - INFO - Epoch(train) [8][ 850/1294]  base_lr: 5.2465e-06 lr: 5.2465e-06  eta: 0:03:42  time: 0.4546  data_time: 0.0041  memory: 4963  grad_norm: 455.5370  loss: 115.2747  loss_cls: 39.5178  loss_bbox: 39.4583  loss_dfl: 36.2986
07/05 04:47:39 - mmengine - INFO - Epoch(train) [8][ 900/1294]  base_lr: 4.7683e-06 lr: 4.7683e-06  eta: 0:03:17  time: 0.4480  data_time: 0.0040  memory: 4730  grad_norm: 427.6722  loss: 116.7364  loss_cls: 40.2832  loss_bbox: 39.7013  loss_dfl: 36.7519
07/05 04:47:58 - mmengine - INFO - Exp name: wedetect_v11dt_3stage_s1_20260705_030456
07/05 04:48:01 - mmengine - INFO - Epoch(train) [8][ 950/1294]  base_lr: 4.2901e-06 lr: 4.2901e-06  eta: 0:02:52  time: 0.4514  data_time: 0.0043  memory: 4736  grad_norm: 413.1091  loss: 110.9780  loss_cls: 35.8368  loss_bbox: 38.7009  loss_dfl: 36.4404
07/05 04:48:24 - mmengine - INFO - Epoch(train) [8][1000/1294]  base_lr: 3.8119e-06 lr: 3.8119e-06  eta: 0:02:27  time: 0.4528  data_time: 0.0044  memory: 4690  grad_norm: 399.0628  loss: 117.0480  loss_cls: 39.9467  loss_bbox: 40.3207  loss_dfl: 36.7806
07/05 04:48:46 - mmengine - INFO - Epoch(train) [8][1050/1294]  base_lr: 3.3337e-06 lr: 3.3337e-06  eta: 0:02:02  time: 0.4450  data_time: 0.0042  memory: 4710  grad_norm: 394.6416  loss: 113.7318  loss_cls: 38.1424  loss_bbox: 39.2151  loss_dfl: 36.3743
07/05 04:49:09 - mmengine - INFO - Epoch(train) [8][1100/1294]  base_lr: 2.8555e-06 lr: 2.8555e-06  eta: 0:01:37  time: 0.4516  data_time: 0.0041  memory: 4810  grad_norm: 403.9545  loss: 112.2720  loss_cls: 38.0562  loss_bbox: 38.1960  loss_dfl: 36.0198
07/05 04:49:31 - mmengine - INFO - Epoch(train) [8][1150/1294]  base_lr: 2.3773e-06 lr: 2.3773e-06  eta: 0:01:11  time: 0.4448  data_time: 0.0042  memory: 4916  grad_norm: 414.7696  loss: 113.0113  loss_cls: 38.9924  loss_bbox: 38.0629  loss_dfl: 35.9560
07/05 04:49:54 - mmengine - INFO - Epoch(train) [8][1200/1294]  base_lr: 1.8990e-06 lr: 1.8990e-06  eta: 0:00:46  time: 0.4522  data_time: 0.0040  memory: 4757  grad_norm: 422.8767  loss: 116.0002  loss_cls: 39.6837  loss_bbox: 39.3380  loss_dfl: 36.9785
07/05 04:50:16 - mmengine - INFO - Epoch(train) [8][1250/1294]  base_lr: 1.4208e-06 lr: 1.4208e-06  eta: 0:00:21  time: 0.4488  data_time: 0.0041  memory: 4790  grad_norm: 401.2850  loss: 114.1551  loss_cls: 38.4026  loss_bbox: 39.2821  loss_dfl: 36.4704
07/05 04:50:36 - mmengine - INFO - Exp name: wedetect_v11dt_3stage_s1_20260705_030456
07/05 04:50:36 - mmengine - INFO - Saving checkpoint at 8 epochs
07/05 04:50:42 - mmengine - INFO - Epoch(val) [8][  50/2587]    eta: 0:02:38  time: 0.0627  data_time: 0.0188  memory: 4850  
07/05 04:50:45 - mmengine - INFO - Epoch(val) [8][ 100/2587]    eta: 0:02:17  time: 0.0476  data_time: 0.0030  memory: 1207  
07/05 04:50:47 - mmengine - INFO - Epoch(val) [8][ 150/2587]    eta: 0:02:06  time: 0.0452  data_time: 0.0003  memory: 1207  
07/05 04:50:51 - mmengine - INFO - Epoch(val) [8][ 200/2587]    eta: 0:02:21  time: 0.0811  data_time: 0.0370  memory: 1207  
07/05 04:50:53 - mmengine - INFO - Epoch(val) [8][ 250/2587]    eta: 0:02:11  time: 0.0450  data_time: 0.0002  memory: 1207  
07/05 04:50:55 - mmengine - INFO - Epoch(val) [8][ 300/2587]    eta: 0:02:04  time: 0.0450  data_time: 0.0002  memory: 1207  
07/05 04:50:58 - mmengine - INFO - Epoch(val) [8][ 350/2587]    eta: 0:01:58  time: 0.0450  data_time: 0.0002  memory: 1207  
07/05 04:51:00 - mmengine - INFO - Epoch(val) [8][ 400/2587]    eta: 0:01:53  time: 0.0451  data_time: 0.0002  memory: 1207  
07/05 04:51:02 - mmengine - INFO - Epoch(val) [8][ 450/2587]    eta: 0:01:49  time: 0.0452  data_time: 0.0002  memory: 1207  
07/05 04:51:04 - mmengine - INFO - Epoch(val) [8][ 500/2587]    eta: 0:01:45  time: 0.0452  data_time: 0.0002  memory: 1207  
07/05 04:51:07 - mmengine - INFO - Epoch(val) [8][ 550/2587]    eta: 0:01:42  time: 0.0451  data_time: 0.0002  memory: 1207  
07/05 04:51:09 - mmengine - INFO - Epoch(val) [8][ 600/2587]    eta: 0:01:38  time: 0.0451  data_time: 0.0002  memory: 1207  
07/05 04:51:11 - mmengine - INFO - Epoch(val) [8][ 650/2587]    eta: 0:01:35  time: 0.0451  data_time: 0.0002  memory: 1207  
07/05 04:51:13 - mmengine - INFO - Epoch(val) [8][ 700/2587]    eta: 0:01:32  time: 0.0451  data_time: 0.0002  memory: 1207  
07/05 04:51:16 - mmengine - INFO - Epoch(val) [8][ 750/2587]    eta: 0:01:29  time: 0.0451  data_time: 0.0002  memory: 1207  
07/05 04:51:18 - mmengine - INFO - Epoch(val) [8][ 800/2587]    eta: 0:01:26  time: 0.0452  data_time: 0.0002  memory: 1207  
07/05 04:51:20 - mmengine - INFO - Epoch(val) [8][ 850/2587]    eta: 0:01:24  time: 0.0451  data_time: 0.0002  memory: 1207  
07/05 04:51:22 - mmengine - INFO - Epoch(val) [8][ 900/2587]    eta: 0:01:21  time: 0.0451  data_time: 0.0002  memory: 1207  
07/05 04:51:25 - mmengine - INFO - Epoch(val) [8][ 950/2587]    eta: 0:01:18  time: 0.0453  data_time: 0.0002  memory: 1207  
07/05 04:51:27 - mmengine - INFO - Epoch(val) [8][1000/2587]    eta: 0:01:16  time: 0.0452  data_time: 0.0002  memory: 1207  
07/05 04:51:29 - mmengine - INFO - Epoch(val) [8][1050/2587]    eta: 0:01:13  time: 0.0452  data_time: 0.0003  memory: 1207  
07/05 04:51:32 - mmengine - INFO - Epoch(val) [8][1100/2587]    eta: 0:01:10  time: 0.0451  data_time: 0.0002  memory: 1207  
07/05 04:51:34 - mmengine - INFO - Epoch(val) [8][1150/2587]    eta: 0:01:08  time: 0.0451  data_time: 0.0002  memory: 1207  
07/05 04:51:36 - mmengine - INFO - Epoch(val) [8][1200/2587]    eta: 0:01:05  time: 0.0452  data_time: 0.0002  memory: 1207  
07/05 04:51:38 - mmengine - INFO - Epoch(val) [8][1250/2587]    eta: 0:01:03  time: 0.0452  data_time: 0.0002  memory: 1207  
07/05 04:51:41 - mmengine - INFO - Epoch(val) [8][1300/2587]    eta: 0:01:00  time: 0.0453  data_time: 0.0002  memory: 1207  
07/05 04:51:43 - mmengine - INFO - Epoch(val) [8][1350/2587]    eta: 0:00:58  time: 0.0457  data_time: 0.0003  memory: 1207  
07/05 04:51:45 - mmengine - INFO - Epoch(val) [8][1400/2587]    eta: 0:00:55  time: 0.0455  data_time: 0.0003  memory: 1207  
07/05 04:51:47 - mmengine - INFO - Epoch(val) [8][1450/2587]    eta: 0:00:53  time: 0.0456  data_time: 0.0003  memory: 1207  
07/05 04:51:50 - mmengine - INFO - Epoch(val) [8][1500/2587]    eta: 0:00:51  time: 0.0455  data_time: 0.0003  memory: 1207  
07/05 04:51:52 - mmengine - INFO - Epoch(val) [8][1550/2587]    eta: 0:00:48  time: 0.0456  data_time: 0.0003  memory: 1207  
07/05 04:51:55 - mmengine - INFO - Epoch(val) [8][1600/2587]    eta: 0:00:46  time: 0.0517  data_time: 0.0003  memory: 1207  
07/05 04:51:57 - mmengine - INFO - Epoch(val) [8][1650/2587]    eta: 0:00:44  time: 0.0451  data_time: 0.0003  memory: 1207  
07/05 04:51:59 - mmengine - INFO - Epoch(val) [8][1700/2587]    eta: 0:00:41  time: 0.0449  data_time: 0.0002  memory: 1207  
07/05 04:52:01 - mmengine - INFO - Epoch(val) [8][1750/2587]    eta: 0:00:39  time: 0.0474  data_time: 0.0027  memory: 1207  
07/05 04:52:04 - mmengine - INFO - Epoch(val) [8][1800/2587]    eta: 0:00:37  time: 0.0485  data_time: 0.0041  memory: 1207  
07/05 04:52:06 - mmengine - INFO - Epoch(val) [8][1850/2587]    eta: 0:00:34  time: 0.0451  data_time: 0.0003  memory: 1207  
07/05 04:52:08 - mmengine - INFO - Epoch(val) [8][1900/2587]    eta: 0:00:32  time: 0.0451  data_time: 0.0002  memory: 1207  
07/05 04:52:11 - mmengine - INFO - Epoch(val) [8][1950/2587]    eta: 0:00:29  time: 0.0451  data_time: 0.0002  memory: 1207  
07/05 04:52:13 - mmengine - INFO - Epoch(val) [8][2000/2587]    eta: 0:00:27  time: 0.0452  data_time: 0.0003  memory: 1207  
07/05 04:52:15 - mmengine - INFO - Epoch(val) [8][2050/2587]    eta: 0:00:25  time: 0.0453  data_time: 0.0003  memory: 1207  
07/05 04:52:17 - mmengine - INFO - Epoch(val) [8][2100/2587]    eta: 0:00:22  time: 0.0452  data_time: 0.0003  memory: 1207  
07/05 04:52:20 - mmengine - INFO - Epoch(val) [8][2150/2587]    eta: 0:00:20  time: 0.0453  data_time: 0.0003  memory: 1207  
07/05 04:52:22 - mmengine - INFO - Epoch(val) [8][2200/2587]    eta: 0:00:18  time: 0.0452  data_time: 0.0003  memory: 1207  
07/05 04:52:25 - mmengine - INFO - Epoch(val) [8][2250/2587]    eta: 0:00:15  time: 0.0504  data_time: 0.0057  memory: 1207  
07/05 04:52:27 - mmengine - INFO - Epoch(val) [8][2300/2587]    eta: 0:00:13  time: 0.0452  data_time: 0.0002  memory: 1207  
07/05 04:52:29 - mmengine - INFO - Epoch(val) [8][2350/2587]    eta: 0:00:11  time: 0.0453  data_time: 0.0002  memory: 1207  
07/05 04:52:31 - mmengine - INFO - Epoch(val) [8][2400/2587]    eta: 0:00:08  time: 0.0455  data_time: 0.0003  memory: 1207  
07/05 04:52:34 - mmengine - INFO - Epoch(val) [8][2450/2587]    eta: 0:00:06  time: 0.0452  data_time: 0.0003  memory: 1207  
07/05 04:52:36 - mmengine - INFO - Epoch(val) [8][2500/2587]    eta: 0:00:04  time: 0.0452  data_time: 0.0003  memory: 1207  
07/05 04:52:38 - mmengine - INFO - Epoch(val) [8][2550/2587]    eta: 0:00:01  time: 0.0453  data_time: 0.0003  memory: 1207  
07/05 04:52:58 - mmengine - INFO - Evaluating bbox...
Loading and preparing results...
DONE (t=4.28s)
creating index...
index created!
Running per image evaluation...
Evaluate annotation type *bbox*
DONE (t=68.19s).
Accumulating evaluation results...
DONE (t=24.98s).
 Average Precision  (AP) @[ IoU=0.50:0.95 | area=   all | maxDets=100 ] = 0.346
 Average Precision  (AP) @[ IoU=0.50      | area=   all | maxDets=1000 ] = 0.490
 Average Precision  (AP) @[ IoU=0.75      | area=   all | maxDets=1000 ] = 0.397
 Average Precision  (AP) @[ IoU=0.50:0.95 | area= small | maxDets=1000 ] = 0.134
 Average Precision  (AP) @[ IoU=0.50:0.95 | area=medium | maxDets=1000 ] = 0.325
 Average Precision  (AP) @[ IoU=0.50:0.95 | area= large | maxDets=1000 ] = 0.381
 Average Recall     (AR) @[ IoU=0.50:0.95 | area=   all | maxDets=100 ] = 0.692
 Average Recall     (AR) @[ IoU=0.50:0.95 | area=   all | maxDets=300 ] = 0.693
 Average Recall     (AR) @[ IoU=0.50:0.95 | area=   all | maxDets=1000 ] = 0.693
 Average Recall     (AR) @[ IoU=0.50:0.95 | area= small | maxDets=1000 ] = 0.282
 Average Recall     (AR) @[ IoU=0.50:0.95 | area=medium | maxDets=1000 ] = 0.653
 Average Recall     (AR) @[ IoU=0.50:0.95 | area= large | maxDets=1000 ] = 0.758
07/05 04:54:43 - mmengine - INFO - bbox_mAP_copypaste: 0.346 0.490 0.397 0.134 0.325 0.381
07/05 04:54:45 - mmengine - INFO - Epoch(val) [8][2587/2587]    coco/bbox_mAP: 0.3460  coco/bbox_mAP_50: 0.4900  coco/bbox_mAP_75: 0.3970  coco/bbox_mAP_s: 0.1340  coco/bbox_mAP_m: 0.3250  coco/bbox_mAP_l: 0.3810  data_time: 0.0016  time: 0.0466
07/05 04:54:45 - mmengine - INFO - The previous best checkpoint /home/siyuan/projects/LLMs/OralDetect-Family/WeDetect_repro/WeDetect/work_dirs/v11dt3stage_s1/best_coco_bbox_mAP_epoch_7.pth is removed
07/05 04:54:47 - mmengine - INFO - The best checkpoint with 0.3460 coco/bbox_mAP at 8 epoch is saved to best_coco_bbox_mAP_epoch_8.pth.
[rank0]:[W705 04:55:01.749417177 ProcessGroupNCCL.cpp:1250] Warning: WARNING: process group has NOT been destroyed before we destruct ProcessGroupNCCL. On normal program exit, the application should call destroy_process_group to ensure that any pending NCCL operations have finished in this process. In rare cases this process can exit before this point and block the progress of another member of the process group. This constraint has always been present,  but this warning has only been added since PyTorch 2.4 (function operator())
########## STAGE 2 (freeze towers, consolidate, lr 3e-5, 4ep) ##########
W0705 04:55:04.538000 3860038 site-packages/torch/distributed/run.py:793] 
W0705 04:55:04.538000 3860038 site-packages/torch/distributed/run.py:793] *****************************************
W0705 04:55:04.538000 3860038 site-packages/torch/distributed/run.py:793] Setting OMP_NUM_THREADS environment variable for each process to be 1 in default, to avoid your system being overloaded, please further tune the variable for optimal performance in your application as needed. 
W0705 04:55:04.538000 3860038 site-packages/torch/distributed/run.py:793] *****************************************
/home/siyuan/anaconda3/envs/wedetect_official/lib/python3.10/site-packages/mmengine/optim/optimizer/zero_optimizer.py:11: DeprecationWarning: `TorchScript` support for functional optimizers is deprecated and will be removed in a future PyTorch release. Consider using the `torch.compile` optimizer instead.
  from torch.distributed.optim import \
/home/siyuan/anaconda3/envs/wedetect_official/lib/python3.10/site-packages/mmengine/optim/optimizer/zero_optimizer.py:11: DeprecationWarning: `TorchScript` support for functional optimizers is deprecated and will be removed in a future PyTorch release. Consider using the `torch.compile` optimizer instead.
  from torch.distributed.optim import \
/home/siyuan/anaconda3/envs/wedetect_official/lib/python3.10/site-packages/mmengine/optim/optimizer/zero_optimizer.py:11: DeprecationWarning: `TorchScript` support for functional optimizers is deprecated and will be removed in a future PyTorch release. Consider using the `torch.compile` optimizer instead.
  from torch.distributed.optim import \
/home/siyuan/anaconda3/envs/wedetect_official/lib/python3.10/site-packages/mmengine/optim/optimizer/zero_optimizer.py:11: DeprecationWarning: `TorchScript` support for functional optimizers is deprecated and will be removed in a future PyTorch release. Consider using the `torch.compile` optimizer instead.
  from torch.distributed.optim import \
/home/siyuan/.local/lib/python3.10/site-packages/fairscale/experimental/nn/offload.py:19: FutureWarning: `torch.cuda.amp.custom_fwd(args...)` is deprecated. Please use `torch.amp.custom_fwd(args..., device_type='cuda')` instead.
  return torch.cuda.amp.custom_fwd(orig_func)  # type: ignore
/home/siyuan/.local/lib/python3.10/site-packages/fairscale/experimental/nn/offload.py:19: FutureWarning: `torch.cuda.amp.custom_fwd(args...)` is deprecated. Please use `torch.amp.custom_fwd(args..., device_type='cuda')` instead.
  return torch.cuda.amp.custom_fwd(orig_func)  # type: ignore
/home/siyuan/.local/lib/python3.10/site-packages/fairscale/experimental/nn/offload.py:30: FutureWarning: `torch.cuda.amp.custom_bwd(args...)` is deprecated. Please use `torch.amp.custom_bwd(args..., device_type='cuda')` instead.
  return torch.cuda.amp.custom_bwd(orig_func)  # type: ignore
/home/siyuan/.local/lib/python3.10/site-packages/fairscale/experimental/nn/offload.py:30: FutureWarning: `torch.cuda.amp.custom_bwd(args...)` is deprecated. Please use `torch.amp.custom_bwd(args..., device_type='cuda')` instead.
  return torch.cuda.amp.custom_bwd(orig_func)  # type: ignore
/home/siyuan/.local/lib/python3.10/site-packages/fairscale/experimental/nn/offload.py:19: FutureWarning: `torch.cuda.amp.custom_fwd(args...)` is deprecated. Please use `torch.amp.custom_fwd(args..., device_type='cuda')` instead.
  return torch.cuda.amp.custom_fwd(orig_func)  # type: ignore
/home/siyuan/.local/lib/python3.10/site-packages/fairscale/experimental/nn/offload.py:30: FutureWarning: `torch.cuda.amp.custom_bwd(args...)` is deprecated. Please use `torch.amp.custom_bwd(args..., device_type='cuda')` instead.
  return torch.cuda.amp.custom_bwd(orig_func)  # type: ignore
/home/siyuan/.local/lib/python3.10/site-packages/fairscale/experimental/nn/offload.py:19: FutureWarning: `torch.cuda.amp.custom_fwd(args...)` is deprecated. Please use `torch.amp.custom_fwd(args..., device_type='cuda')` instead.
  return torch.cuda.amp.custom_fwd(orig_func)  # type: ignore
/home/siyuan/.local/lib/python3.10/site-packages/fairscale/experimental/nn/offload.py:30: FutureWarning: `torch.cuda.amp.custom_bwd(args...)` is deprecated. Please use `torch.amp.custom_bwd(args..., device_type='cuda')` instead.
  return torch.cuda.amp.custom_bwd(orig_func)  # type: ignore
/home/siyuan/anaconda3/envs/wedetect_official/lib/python3.10/site-packages/mmengine/utils/dl_utils/setup_env.py:56: UserWarning: Setting MKL_NUM_THREADS environment variable for each process to be 1 in default, to avoid your system being overloaded, please further tune the variable for optimal performance in your application as needed.
  warnings.warn(
/home/siyuan/anaconda3/envs/wedetect_official/lib/python3.10/site-packages/mmengine/utils/dl_utils/setup_env.py:56: UserWarning: Setting MKL_NUM_THREADS environment variable for each process to be 1 in default, to avoid your system being overloaded, please further tune the variable for optimal performance in your application as needed.
  warnings.warn(
/home/siyuan/anaconda3/envs/wedetect_official/lib/python3.10/site-packages/mmengine/utils/dl_utils/setup_env.py:56: UserWarning: Setting MKL_NUM_THREADS environment variable for each process to be 1 in default, to avoid your system being overloaded, please further tune the variable for optimal performance in your application as needed.
  warnings.warn(
/home/siyuan/anaconda3/envs/wedetect_official/lib/python3.10/site-packages/mmengine/utils/dl_utils/setup_env.py:56: UserWarning: Setting MKL_NUM_THREADS environment variable for each process to be 1 in default, to avoid your system being overloaded, please further tune the variable for optimal performance in your application as needed.
  warnings.warn(
07/05 04:55:09 - mmengine - INFO - 
------------------------------------------------------------
System environment:
    sys.platform: linux
    Python: 3.10.20 (main, Jun 11 2026, 15:17:37) [GCC 14.3.0]
    CUDA available: True
    MUSA available: False
    numpy_random_seed: 2089061631
    GPU 0,1,2,3: NVIDIA RTX A6000
    CUDA_HOME: /usr/local/cuda-11.3
    NVCC: Cuda compilation tools, release 11.3, V11.3.109
    GCC: gcc (Ubuntu 9.5.0-1ubuntu1~22.04) 9.5.0
    PyTorch: 2.5.1+cu124
    PyTorch compiling details: PyTorch built with:
  - GCC 9.3
  - C++ Version: 201703
  - Intel(R) oneAPI Math Kernel Library Version 2024.2-Product Build 20240605 for Intel(R) 64 architecture applications
  - Intel(R) MKL-DNN v3.5.3 (Git Hash 66f0cb9eb66affd2da3bf5f8d897376f04aae6af)
  - OpenMP 201511 (a.k.a. OpenMP 4.5)
  - LAPACK is enabled (usually provided by MKL)
  - NNPACK is enabled
  - CPU capability usage: AVX2
  - CUDA Runtime 12.4
  - NVCC architecture flags: -gencode;arch=compute_50,code=sm_50;-gencode;arch=compute_60,code=sm_60;-gencode;arch=compute_70,code=sm_70;-gencode;arch=compute_75,code=sm_75;-gencode;arch=compute_80,code=sm_80;-gencode;arch=compute_86,code=sm_86;-gencode;arch=compute_90,code=sm_90
  - CuDNN 90.1
  - Magma 2.6.1
  - Build settings: BLAS_INFO=mkl, BUILD_TYPE=Release, CUDA_VERSION=12.4, CUDNN_VERSION=9.1.0, CXX_COMPILER=/opt/rh/devtoolset-9/root/usr/bin/c++, CXX_FLAGS= -D_GLIBCXX_USE_CXX11_ABI=0 -fabi-version=11 -fvisibility-inlines-hidden -DUSE_PTHREADPOOL -DNDEBUG -DUSE_KINETO -DLIBKINETO_NOROCTRACER -DLIBKINETO_NOXPUPTI=ON -DUSE_FBGEMM -DUSE_PYTORCH_QNNPACK -DUSE_XNNPACK -DSYMBOLICATE_MOBILE_DEBUG_HANDLE -O2 -fPIC -Wall -Wextra -Werror=return-type -Werror=non-virtual-dtor -Werror=bool-operation -Wnarrowing -Wno-missing-field-initializers -Wno-type-limits -Wno-array-bounds -Wno-unknown-pragmas -Wno-unused-parameter -Wno-strict-overflow -Wno-strict-aliasing -Wno-stringop-overflow -Wsuggest-override -Wno-psabi -Wno-error=old-style-cast -Wno-missing-braces -fdiagnostics-color=always -faligned-new -Wno-unused-but-set-variable -Wno-maybe-uninitialized -fno-math-errno -fno-trapping-math -Werror=format -Wno-stringop-overflow, LAPACK_INFO=mkl, PERF_WITH_AVX=1, PERF_WITH_AVX2=1, TORCH_VERSION=2.5.1, USE_CUDA=ON, USE_CUDNN=ON, USE_CUSPARSELT=1, USE_EXCEPTION_PTR=1, USE_GFLAGS=OFF, USE_GLOG=OFF, USE_GLOO=ON, USE_MKL=ON, USE_MKLDNN=ON, USE_MPI=OFF, USE_NCCL=1, USE_NNPACK=ON, USE_OPENMP=ON, USE_ROCM=OFF, USE_ROCM_KERNEL_ASSERT=OFF, 

    TorchVision: 0.20.1+cu124
    OpenCV: 4.10.0
    MMEngine: 0.10.7

Runtime environment:
    cudnn_benchmark: False
    mp_cfg: {'mp_start_method': 'fork', 'opencv_num_threads': 0}
    dist_cfg: {'backend': 'nccl'}
    seed: 2089061631
    Distributed launcher: pytorch
    Distributed training: True
    GPU number: 4
------------------------------------------------------------

07/05 04:55:11 - mmengine - INFO - Config:
CLASS_NAMES = '/home/siyuan/projects/LLMs/OralDetect-Family/OralDetect/datas/class_names_en.json'
CLASS_TEXT = '/home/siyuan/projects/LLMs/OralDetect-Family/OralDetect/datas/class_texts_en.json'
DATAS = '/home/siyuan/projects/LLMs/OralDetect-Family/OralDetect/datas'
DATA_ROOT = '/nfs_share/public/OralGPT/oralgpt-detect-all/coco_format/'
DENTALBERT = '/home/siyuan/projects/LLMs/OralDetect-Family/OralCLIP/Bert_tuning/checkpoints/BiomedNLP-BiomedBERT-base-uncased-abstract-fulltext_dental_mlm/final'
TEST_ANN = '/home/siyuan/projects/LLMs/OralDetect-Family/OralDetect/datas/instances_test.json'
TRAIN_ANN = '/home/siyuan/projects/LLMs/OralDetect-Family/OralDetect/datas/instances_train.json'
affine_scale = 0.5
albu_train_transforms = [
    dict(p=0.01, type='Blur'),
    dict(p=0.01, type='MedianBlur'),
    dict(p=0.01, type='ToGray'),
    dict(p=0.01, type='CLAHE'),
]
backend_args = None
base_lr = 3e-05
close_mosaic_epochs = 4
coco_evaluator = dict(
    ann_file='data/coco/annotations/instances_val2017.json',
    metric='bbox',
    type='CocoMetric')
coco_val_dataset = dict(
    class_text_path='data/texts/coco_zh_class_texts.json',
    dataset=dict(
        ann_file='data/coco/annotations/instances_val2017.json',
        batch_shapes_cfg=None,
        data_prefix=dict(img='val2017'),
        data_root='data/coco/',
        test_mode=True,
        type='WeCocoDataset'),
    pipeline=[
        dict(backend_args=None, type='LoadImageFromFile'),
        dict(scale=(
            640,
            640,
        ), type='WeDetectKeepRatioResize'),
        dict(
            allow_scale_up=False,
            pad_val=dict(img=114),
            scale=(
                640,
                640,
            ),
            type='WeDetectLetterResize'),
        dict(_scope_='mmdet', type='LoadAnnotations', with_bbox=True),
        dict(type='LoadText'),
        dict(
            meta_keys=(
                'img_id',
                'img_path',
                'ori_shape',
                'img_shape',
                'scale_factor',
                'pad_param',
                'texts',
            ),
            type='PackDetInputs'),
    ],
    type='MultiModalDataset')
custom_hooks = []
custom_imports = dict(
    allow_failed_imports=False, imports=[
        'wedetect',
    ])
default_hooks = dict(
    checkpoint=dict(
        interval=1,
        max_keep_ckpts=3,
        save_best='coco/bbox_mAP',
        type='CheckpointHook'),
    logger=dict(interval=50, type='LoggerHook'),
    param_scheduler=dict(type='ParamSchedulerHook'),
    sampler_seed=dict(type='DistSamplerSeedHook'),
    timer=dict(type='IterTimerHook'),
    visualization=dict(type='mmdet.DetVisualizationHook'))
default_scope = 'mmdet'
dist_cfg = dict(backend='nccl', timeout=10800)
env_cfg = dict(
    cudnn_benchmark=False,
    dist_cfg=dict(backend='nccl'),
    mp_cfg=dict(mp_start_method='fork', opencv_num_threads=0))
find_unused_parameters = True
img_scale = (
    640,
    640,
)
launcher = 'pytorch'
load_from = 'work_dirs/v11dt3stage_s1/epoch_8.pth'
log_level = 'INFO'
log_processor = dict(by_epoch=True, type='LogProcessor', window_size=50)
loss_bbox_weight = 7.5
loss_cls_weight = 0.5
loss_dfl_weight = 0.375
lvis_minival_dataset = dict(
    class_text_path='data/texts/lvis_v1_zh_class_texts.json',
    dataset=dict(
        ann_file='data/lvis/lvis_v1_minival_inserted_image_name.json',
        batch_shapes_cfg=None,
        data_prefix=dict(img=''),
        data_root='data/coco/',
        test_mode=True,
        type='YOLOv5LVISV1Dataset'),
    pipeline=[
        dict(backend_args=None, type='LoadImageFromFile'),
        dict(scale=(
            640,
            640,
        ), type='WeDetectKeepRatioResize'),
        dict(
            allow_scale_up=False,
            pad_val=dict(img=114),
            scale=(
                640,
                640,
            ),
            type='WeDetectLetterResize'),
        dict(_scope_='mmdet', type='LoadAnnotations', with_bbox=True),
        dict(type='LoadText'),
        dict(
            meta_keys=(
                'img_id',
                'img_path',
                'ori_shape',
                'img_shape',
                'scale_factor',
                'pad_param',
                'texts',
            ),
            type='PackDetInputs'),
    ],
    type='MultiModalDataset')
lvis_minival_evaluator = dict(
    ann_file='data/lvis/lvis_v1_minival_inserted_image_name.json',
    metric='bbox',
    type='LVISMetric')
lvis_od_val_dataset = dict(
    class_text_path='data/texts/lvis_v1_zh_class_texts.json',
    dataset=dict(
        ann_file='data/lvis/lvis_od_val.json',
        batch_shapes_cfg=None,
        data_prefix=dict(img=''),
        data_root='data/coco/',
        test_mode=True,
        type='YOLOv5LVISV1Dataset'),
    pipeline=[
        dict(backend_args=None, type='LoadImageFromFile'),
        dict(scale=(
            640,
            640,
        ), type='WeDetectKeepRatioResize'),
        dict(
            allow_scale_up=False,
            pad_val=dict(img=114),
            scale=(
                640,
                640,
            ),
            type='WeDetectLetterResize'),
        dict(_scope_='mmdet', type='LoadAnnotations', with_bbox=True),
        dict(type='LoadText'),
        dict(
            meta_keys=(
                'img_id',
                'img_path',
                'ori_shape',
                'img_shape',
                'scale_factor',
                'pad_param',
                'texts',
            ),
            type='PackDetInputs'),
    ],
    type='MultiModalDataset')
lvis_od_val_evaluator = dict(
    ann_file='data/lvis/lvis_od_val.json', metric='bbox', type='LVISMetric')
max_epochs = 4
metainfo = dict(
    classes=(
        'abnormal oral epithelial cell',
        'alveolar bone loss',
        'anterior teeth with fluorosis',
        'anterior teeth without fluorosis',
        'blood cell',
        'canine',
        'central incisor',
        'craniofacial or oral anomaly',
        'deep dental caries',
        'dental abrasion',
        'dental caries',
        'dental crown restoration',
        'dental filling',
        'dental implant',
        'dental opacity',
        'dental restoration',
        'dividing oral cell',
        'first molar',
        'first premolar',
        'foreign object or debris',
        'grade I oral cytology (normal)',
        'grade II oral cytology (atypical)',
        'grade III oral cytology (suspicious)',
        'grade IV oral cytology (malignant)',
        'impacted tooth',
        'impacted wisdom tooth',
        'intraoral appliance',
        'lateral incisor',
        'malaligned tooth',
        'mandibular canal',
        'maxillary sinus',
        'missing or residual root',
        'missing teeth',
        'normal oral mucosa',
        'normal oral tissue',
        'oral squamous cell carcinoma tumor',
        'orthodontic bracket',
        'out-of-focus cell',
        'periapical abscess',
        'periapical cyst',
        'periapical granuloma',
        'periapical lesion',
        'quadrant 1 (upper right)',
        'quadrant 2 (upper left)',
        'quadrant 3 (lower left)',
        'quadrant 4 (lower right)',
        'reactive oral cell',
        'restoration with secondary caries',
        'retained root',
        'root canal treatment',
        'root piece',
        'second molar',
        'second premolar',
        'severe gingivitis',
        'tooth',
        'tooth 11 (upper right central incisor)',
        'tooth 12 (upper right lateral incisor)',
        'tooth 13 (upper right canine)',
        'tooth 14 (upper right first premolar)',
        'tooth 15 (upper right second premolar)',
        'tooth 16 (upper right first molar)',
        'tooth 17 (upper right second molar)',
        'tooth 18 (upper right third molar)',
        'tooth 21 (upper left central incisor)',
        'tooth 22 (upper left lateral incisor)',
        'tooth 23 (upper left canine)',
        'tooth 24 (upper left first premolar)',
        'tooth 25 (upper left second premolar)',
        'tooth 26 (upper left first molar)',
        'tooth 27 (upper left second molar)',
        'tooth 28 (upper left third molar)',
        'tooth 31 (lower left central incisor)',
        'tooth 32 (lower left lateral incisor)',
        'tooth 33 (lower left canine)',
        'tooth 34 (lower left first premolar)',
        'tooth 35 (lower left second premolar)',
        'tooth 36 (lower left first molar)',
        'tooth 37 (lower left second molar)',
        'tooth 38 (lower left third molar)',
        'tooth 41 (lower right central incisor)',
        'tooth 42 (lower right lateral incisor)',
        'tooth 43 (lower right canine)',
        'tooth 44 (lower right first premolar)',
        'tooth 45 (lower right second premolar)',
        'tooth 46 (lower right first molar)',
        'tooth 47 (lower right second molar)',
        'tooth 48 (lower right third molar)',
        'tooth erosion',
        'tooth malformation',
        'treated tooth',
        'unclassified cell',
    ))
mixup_prob = 0.15
model = dict(
    backbone=dict(
        image_model=dict(
            frozen_modules=[
                'all',
            ],
            model_name='base',
            type='ConvNextVisionBackbone'),
        text_model=dict(
            frozen_modules=[
                'all',
            ],
            model_name=
            '/home/siyuan/projects/LLMs/OralDetect-Family/OralCLIP/Bert_tuning/checkpoints/BiomedNLP-BiomedBERT-base-uncased-abstract-fulltext_dental_mlm/final',
            model_size='base',
            type='DentalBertLanguageBackbone'),
        type='MultiModalYOLOBackbone'),
    bbox_head=dict(
        bbox_coder=dict(type='WeDetectDistancePointBBoxCoder'),
        head_module=dict(
            embed_dims=768,
            in_channels=[
                256,
                512,
                1024,
            ],
            model_size='base',
            num_classes=91,
            type='YOLOWorldHeadModule',
            use_bn_head=True),
        loss_bbox=dict(
            bbox_format='xyxy',
            iou_mode='ciou',
            loss_weight=7.5,
            reduction='sum',
            return_iou=False,
            type='mmyoloIoULoss'),
        loss_cls=dict(
            loss_weight=0.5,
            reduction='none',
            type='CrossEntropyLoss',
            use_sigmoid=True),
        loss_dfl=dict(
            loss_weight=0.375, reduction='mean', type='DistributionFocalLoss'),
        prior_generator=dict(
            offset=0.5, strides=[
                8,
                16,
                32,
            ], type='MlvlPointGenerator'),
        type='YOLOWorldHead'),
    data_preprocessor=dict(
        bgr_to_rgb=True,
        mean=[
            0.0,
            0.0,
            0.0,
        ],
        std=[
            255.0,
            255.0,
            255.0,
        ],
        type='YOLOWDetDataPreprocessor'),
    mm_neck=False,
    neck=dict(model_size='base', scale_factor=1.0, type='CSPRepBiFPANNeck'),
    num_test_classes=91,
    num_train_classes=91,
    test_cfg=dict(
        max_per_img=300,
        multi_label=True,
        nms=dict(iou_threshold=0.7, type='nms'),
        nms_pre=30000,
        score_thr=0.001),
    train_cfg=dict(
        assigner=dict(
            alpha=0.5,
            beta=6.0,
            eps=1e-09,
            num_classes=91,
            topk=10,
            type='BatchTaskAlignedAssigner',
            use_ciou=True)),
    type='YOLOWorldDetector')
model_test_cfg = dict(
    max_per_img=300,
    multi_label=True,
    nms=dict(iou_threshold=0.7, type='nms'),
    nms_pre=30000,
    score_thr=0.001)
mosaic_affine_transform = [
    dict(
        img_scale=(
            640,
            640,
        ),
        pad_val=114.0,
        pre_transform=[
            dict(backend_args=None, type='LoadImageFromFile'),
            dict(type='LoadAnnotations', with_bbox=True),
        ],
        type='MultiModalMosaic'),
    dict(
        border=(
            -320,
            -320,
        ),
        border_val=(
            114,
            114,
            114,
        ),
        max_aspect_ratio=100.0,
        max_rotate_degree=0.0,
        max_shear_degree=0.0,
        scaling_ratio_range=(
            0.5,
            1.5,
        ),
        type='WeDetectRandomAffine'),
]
neck_embed_channels = [
    128,
    256,
    512,
]
neck_num_heads = [
    4,
    8,
    16,
]
num_classes = 91
num_training_classes = 91
optim_wrapper = dict(
    clip_grad=dict(max_norm=10.0),
    constructor='YOLOWv5OptimizerConstructor',
    optimizer=dict(
        batch_size_per_gpu=8, lr=3e-05, type='AdamW', weight_decay=0.05),
    paramwise_cfg=dict(
        custom_keys=dict({
            'backbone.text_model': dict(lr_mult=0.1),
            'logit_scale': dict(weight_decay=0.0)
        })),
    type='OptimWrapper')
param_scheduler = [
    dict(
        begin=0,
        by_epoch=True,
        convert_to_iter_based=True,
        end=4,
        end_factor=0.01,
        start_factor=1.0,
        type='LinearLR'),
]
persistent_workers = True
pre_transform = [
    dict(backend_args=None, type='LoadImageFromFile'),
    dict(type='LoadAnnotations', with_bbox=True),
]
resume = False
save_epoch_intervals = 1
tal_alpha = 0.5
tal_beta = 6.0
tal_topk = 10
test_cfg = dict(type='TestLoop')
test_dataloader = dict(
    batch_size=1,
    dataset=dict(
        class_text_path=
        '/home/siyuan/projects/LLMs/OralDetect-Family/OralDetect/datas/class_texts_en.json',
        dataset=dict(
            ann_file=
            '/home/siyuan/projects/LLMs/OralDetect-Family/OralDetect/datas/instances_test.json',
            batch_shapes_cfg=None,
            data_prefix=dict(img='all2017/'),
            data_root=
            '/nfs_share/public/OralGPT/oralgpt-detect-all/coco_format/',
            metainfo=dict(
                classes=(
                    'abnormal oral epithelial cell',
                    'alveolar bone loss',
                    'anterior teeth with fluorosis',
                    'anterior teeth without fluorosis',
                    'blood cell',
                    'canine',
                    'central incisor',
                    'craniofacial or oral anomaly',
                    'deep dental caries',
                    'dental abrasion',
                    'dental caries',
                    'dental crown restoration',
                    'dental filling',
                    'dental implant',
                    'dental opacity',
                    'dental restoration',
                    'dividing oral cell',
                    'first molar',
                    'first premolar',
                    'foreign object or debris',
                    'grade I oral cytology (normal)',
                    'grade II oral cytology (atypical)',
                    'grade III oral cytology (suspicious)',
                    'grade IV oral cytology (malignant)',
                    'impacted tooth',
                    'impacted wisdom tooth',
                    'intraoral appliance',
                    'lateral incisor',
                    'malaligned tooth',
                    'mandibular canal',
                    'maxillary sinus',
                    'missing or residual root',
                    'missing teeth',
                    'normal oral mucosa',
                    'normal oral tissue',
                    'oral squamous cell carcinoma tumor',
                    'orthodontic bracket',
                    'out-of-focus cell',
                    'periapical abscess',
                    'periapical cyst',
                    'periapical granuloma',
                    'periapical lesion',
                    'quadrant 1 (upper right)',
                    'quadrant 2 (upper left)',
                    'quadrant 3 (lower left)',
                    'quadrant 4 (lower right)',
                    'reactive oral cell',
                    'restoration with secondary caries',
                    'retained root',
                    'root canal treatment',
                    'root piece',
                    'second molar',
                    'second premolar',
                    'severe gingivitis',
                    'tooth',
                    'tooth 11 (upper right central incisor)',
                    'tooth 12 (upper right lateral incisor)',
                    'tooth 13 (upper right canine)',
                    'tooth 14 (upper right first premolar)',
                    'tooth 15 (upper right second premolar)',
                    'tooth 16 (upper right first molar)',
                    'tooth 17 (upper right second molar)',
                    'tooth 18 (upper right third molar)',
                    'tooth 21 (upper left central incisor)',
                    'tooth 22 (upper left lateral incisor)',
                    'tooth 23 (upper left canine)',
                    'tooth 24 (upper left first premolar)',
                    'tooth 25 (upper left second premolar)',
                    'tooth 26 (upper left first molar)',
                    'tooth 27 (upper left second molar)',
                    'tooth 28 (upper left third molar)',
                    'tooth 31 (lower left central incisor)',
                    'tooth 32 (lower left lateral incisor)',
                    'tooth 33 (lower left canine)',
                    'tooth 34 (lower left first premolar)',
                    'tooth 35 (lower left second premolar)',
                    'tooth 36 (lower left first molar)',
                    'tooth 37 (lower left second molar)',
                    'tooth 38 (lower left third molar)',
                    'tooth 41 (lower right central incisor)',
                    'tooth 42 (lower right lateral incisor)',
                    'tooth 43 (lower right canine)',
                    'tooth 44 (lower right first premolar)',
                    'tooth 45 (lower right second premolar)',
                    'tooth 46 (lower right first molar)',
                    'tooth 47 (lower right second molar)',
                    'tooth 48 (lower right third molar)',
                    'tooth erosion',
                    'tooth malformation',
                    'treated tooth',
                    'unclassified cell',
                )),
            test_mode=True,
            type='WeCocoDataset'),
        pipeline=[
            dict(backend_args=None, type='LoadImageFromFile'),
            dict(scale=(
                640,
                640,
            ), type='WeDetectKeepRatioResize'),
            dict(
                allow_scale_up=False,
                pad_val=dict(img=114),
                scale=(
                    640,
                    640,
                ),
                type='WeDetectLetterResize'),
            dict(_scope_='mmdet', type='LoadAnnotations', with_bbox=True),
            dict(type='LoadText'),
            dict(
                meta_keys=(
                    'img_id',
                    'img_path',
                    'ori_shape',
                    'img_shape',
                    'scale_factor',
                    'pad_param',
                    'texts',
                ),
                type='PackDetInputs'),
        ],
        type='MultiModalDataset'),
    drop_last=False,
    num_workers=2,
    persistent_workers=True,
    pin_memory=True,
    sampler=dict(shuffle=False, type='DefaultSampler'))
test_evaluator = dict(
    ann_file=
    '/home/siyuan/projects/LLMs/OralDetect-Family/OralDetect/datas/instances_test.json',
    metric='bbox',
    type='CocoMetric')
test_pipeline = [
    dict(backend_args=None, type='LoadImageFromFile'),
    dict(scale=(
        640,
        640,
    ), type='WeDetectKeepRatioResize'),
    dict(
        allow_scale_up=False,
        pad_val=dict(img=114),
        scale=(
            640,
            640,
        ),
        type='WeDetectLetterResize'),
    dict(_scope_='mmdet', type='LoadAnnotations', with_bbox=True),
    dict(type='LoadText'),
    dict(
        meta_keys=(
            'img_id',
            'img_path',
            'ori_shape',
            'img_shape',
            'scale_factor',
            'pad_param',
            'texts',
        ),
        type='PackDetInputs'),
]
text_channels = 768
text_transform = [
    dict(
        max_num_samples=91,
        num_neg_samples=(
            91,
            91,
        ),
        padding_to_max=True,
        padding_value='',
        type='RandomLoadText'),
    dict(
        meta_keys=(
            'img_id',
            'img_path',
            'ori_shape',
            'img_shape',
            'flip',
            'flip_direction',
            'texts',
        ),
        type='mmdet.PackDetInputs'),
]
train_batch_size_per_gpu = 8
train_cfg = dict(
    dynamic_intervals=[
        (
            8,
            1,
        ),
    ],
    max_epochs=4,
    type='EpochBasedTrainLoop',
    val_interval=2)
train_dataloader = dict(
    batch_size=8,
    collate_fn=dict(type='yolow_collate'),
    dataset=dict(
        class_text_path=
        '/home/siyuan/projects/LLMs/OralDetect-Family/OralDetect/datas/class_texts_en.json',
        dataset=dict(
            ann_file=
            '/home/siyuan/projects/LLMs/OralDetect-Family/OralDetect/datas/instances_train.json',
            data_prefix=dict(img='all2017/'),
            data_root=
            '/nfs_share/public/OralGPT/oralgpt-detect-all/coco_format/',
            filter_cfg=dict(filter_empty_gt=False, min_size=32),
            metainfo=dict(
                classes=(
                    'abnormal oral epithelial cell',
                    'alveolar bone loss',
                    'anterior teeth with fluorosis',
                    'anterior teeth without fluorosis',
                    'blood cell',
                    'canine',
                    'central incisor',
                    'craniofacial or oral anomaly',
                    'deep dental caries',
                    'dental abrasion',
                    'dental caries',
                    'dental crown restoration',
                    'dental filling',
                    'dental implant',
                    'dental opacity',
                    'dental restoration',
                    'dividing oral cell',
                    'first molar',
                    'first premolar',
                    'foreign object or debris',
                    'grade I oral cytology (normal)',
                    'grade II oral cytology (atypical)',
                    'grade III oral cytology (suspicious)',
                    'grade IV oral cytology (malignant)',
                    'impacted tooth',
                    'impacted wisdom tooth',
                    'intraoral appliance',
                    'lateral incisor',
                    'malaligned tooth',
                    'mandibular canal',
                    'maxillary sinus',
                    'missing or residual root',
                    'missing teeth',
                    'normal oral mucosa',
                    'normal oral tissue',
                    'oral squamous cell carcinoma tumor',
                    'orthodontic bracket',
                    'out-of-focus cell',
                    'periapical abscess',
                    'periapical cyst',
                    'periapical granuloma',
                    'periapical lesion',
                    'quadrant 1 (upper right)',
                    'quadrant 2 (upper left)',
                    'quadrant 3 (lower left)',
                    'quadrant 4 (lower right)',
                    'reactive oral cell',
                    'restoration with secondary caries',
                    'retained root',
                    'root canal treatment',
                    'root piece',
                    'second molar',
                    'second premolar',
                    'severe gingivitis',
                    'tooth',
                    'tooth 11 (upper right central incisor)',
                    'tooth 12 (upper right lateral incisor)',
                    'tooth 13 (upper right canine)',
                    'tooth 14 (upper right first premolar)',
                    'tooth 15 (upper right second premolar)',
                    'tooth 16 (upper right first molar)',
                    'tooth 17 (upper right second molar)',
                    'tooth 18 (upper right third molar)',
                    'tooth 21 (upper left central incisor)',
                    'tooth 22 (upper left lateral incisor)',
                    'tooth 23 (upper left canine)',
                    'tooth 24 (upper left first premolar)',
                    'tooth 25 (upper left second premolar)',
                    'tooth 26 (upper left first molar)',
                    'tooth 27 (upper left second molar)',
                    'tooth 28 (upper left third molar)',
                    'tooth 31 (lower left central incisor)',
                    'tooth 32 (lower left lateral incisor)',
                    'tooth 33 (lower left canine)',
                    'tooth 34 (lower left first premolar)',
                    'tooth 35 (lower left second premolar)',
                    'tooth 36 (lower left first molar)',
                    'tooth 37 (lower left second molar)',
                    'tooth 38 (lower left third molar)',
                    'tooth 41 (lower right central incisor)',
                    'tooth 42 (lower right lateral incisor)',
                    'tooth 43 (lower right canine)',
                    'tooth 44 (lower right first premolar)',
                    'tooth 45 (lower right second premolar)',
                    'tooth 46 (lower right first molar)',
                    'tooth 47 (lower right second molar)',
                    'tooth 48 (lower right third molar)',
                    'tooth erosion',
                    'tooth malformation',
                    'treated tooth',
                    'unclassified cell',
                )),
            type='WeCocoDataset'),
        pipeline=[
            dict(backend_args=None, type='LoadImageFromFile'),
            dict(type='LoadAnnotations', with_bbox=True),
            dict(
                img_scale=(
                    640,
                    640,
                ),
                pad_val=114.0,
                pre_transform=[
                    dict(backend_args=None, type='LoadImageFromFile'),
                    dict(type='LoadAnnotations', with_bbox=True),
                ],
                type='MultiModalMosaic'),
            dict(
                border=(
                    -320,
                    -320,
                ),
                border_val=(
                    114,
                    114,
                    114,
                ),
                max_aspect_ratio=100.0,
                max_rotate_degree=0.0,
                max_shear_degree=0.0,
                scaling_ratio_range=(
                    0.5,
                    1.5,
                ),
                type='WeDetectRandomAffine'),
            dict(
                pre_transform=[
                    dict(backend_args=None, type='LoadImageFromFile'),
                    dict(type='LoadAnnotations', with_bbox=True),
                    dict(
                        img_scale=(
                            640,
                            640,
                        ),
                        pad_val=114.0,
                        pre_transform=[
                            dict(backend_args=None, type='LoadImageFromFile'),
                            dict(type='LoadAnnotations', with_bbox=True),
                        ],
                        type='MultiModalMosaic'),
                    dict(
                        border=(
                            -320,
                            -320,
                        ),
                        border_val=(
                            114,
                            114,
                            114,
                        ),
                        max_aspect_ratio=100.0,
                        max_rotate_degree=0.0,
                        max_shear_degree=0.0,
                        scaling_ratio_range=(
                            0.5,
                            1.5,
                        ),
                        type='WeDetectRandomAffine'),
                ],
                prob=0.15,
                type='YOLOv5MultiModalMixUp'),
            dict(
                bbox_params=dict(
                    format='pascal_voc',
                    label_fields=[
                        'gt_bboxes_labels',
                        'gt_ignore_flags',
                    ],
                    type='BboxParams'),
                keymap=dict(gt_bboxes='bboxes', img='image'),
                transforms=[
                    dict(p=0.01, type='Blur'),
                    dict(p=0.01, type='MedianBlur'),
                    dict(p=0.01, type='ToGray'),
                    dict(p=0.01, type='CLAHE'),
                ],
                type='mmdet.Albu'),
            dict(type='WeDetectHSVRandomAug'),
            dict(prob=0.5, type='mmdet.RandomFlip'),
            dict(
                max_num_samples=91,
                num_neg_samples=(
                    91,
                    91,
                ),
                padding_to_max=True,
                padding_value='',
                type='RandomLoadText'),
            dict(
                meta_keys=(
                    'img_id',
                    'img_path',
                    'ori_shape',
                    'img_shape',
                    'flip',
                    'flip_direction',
                    'texts',
                ),
                type='mmdet.PackDetInputs'),
        ],
        type='MultiModalDataset'),
    num_workers=4,
    persistent_workers=True,
    sampler=dict(shuffle=True, type='DefaultSampler'))
train_dataset = dict(
    class_text_path=
    '/home/siyuan/projects/LLMs/OralDetect-Family/OralDetect/datas/class_texts_en.json',
    dataset=dict(
        ann_file=
        '/home/siyuan/projects/LLMs/OralDetect-Family/OralDetect/datas/instances_train.json',
        data_prefix=dict(img='all2017/'),
        data_root='/nfs_share/public/OralGPT/oralgpt-detect-all/coco_format/',
        filter_cfg=dict(filter_empty_gt=False, min_size=32),
        metainfo=dict(
            classes=(
                'abnormal oral epithelial cell',
                'alveolar bone loss',
                'anterior teeth with fluorosis',
                'anterior teeth without fluorosis',
                'blood cell',
                'canine',
                'central incisor',
                'craniofacial or oral anomaly',
                'deep dental caries',
                'dental abrasion',
                'dental caries',
                'dental crown restoration',
                'dental filling',
                'dental implant',
                'dental opacity',
                'dental restoration',
                'dividing oral cell',
                'first molar',
                'first premolar',
                'foreign object or debris',
                'grade I oral cytology (normal)',
                'grade II oral cytology (atypical)',
                'grade III oral cytology (suspicious)',
                'grade IV oral cytology (malignant)',
                'impacted tooth',
                'impacted wisdom tooth',
                'intraoral appliance',
                'lateral incisor',
                'malaligned tooth',
                'mandibular canal',
                'maxillary sinus',
                'missing or residual root',
                'missing teeth',
                'normal oral mucosa',
                'normal oral tissue',
                'oral squamous cell carcinoma tumor',
                'orthodontic bracket',
                'out-of-focus cell',
                'periapical abscess',
                'periapical cyst',
                'periapical granuloma',
                'periapical lesion',
                'quadrant 1 (upper right)',
                'quadrant 2 (upper left)',
                'quadrant 3 (lower left)',
                'quadrant 4 (lower right)',
                'reactive oral cell',
                'restoration with secondary caries',
                'retained root',
                'root canal treatment',
                'root piece',
                'second molar',
                'second premolar',
                'severe gingivitis',
                'tooth',
                'tooth 11 (upper right central incisor)',
                'tooth 12 (upper right lateral incisor)',
                'tooth 13 (upper right canine)',
                'tooth 14 (upper right first premolar)',
                'tooth 15 (upper right second premolar)',
                'tooth 16 (upper right first molar)',
                'tooth 17 (upper right second molar)',
                'tooth 18 (upper right third molar)',
                'tooth 21 (upper left central incisor)',
                'tooth 22 (upper left lateral incisor)',
                'tooth 23 (upper left canine)',
                'tooth 24 (upper left first premolar)',
                'tooth 25 (upper left second premolar)',
                'tooth 26 (upper left first molar)',
                'tooth 27 (upper left second molar)',
                'tooth 28 (upper left third molar)',
                'tooth 31 (lower left central incisor)',
                'tooth 32 (lower left lateral incisor)',
                'tooth 33 (lower left canine)',
                'tooth 34 (lower left first premolar)',
                'tooth 35 (lower left second premolar)',
                'tooth 36 (lower left first molar)',
                'tooth 37 (lower left second molar)',
                'tooth 38 (lower left third molar)',
                'tooth 41 (lower right central incisor)',
                'tooth 42 (lower right lateral incisor)',
                'tooth 43 (lower right canine)',
                'tooth 44 (lower right first premolar)',
                'tooth 45 (lower right second premolar)',
                'tooth 46 (lower right first molar)',
                'tooth 47 (lower right second molar)',
                'tooth 48 (lower right third molar)',
                'tooth erosion',
                'tooth malformation',
                'treated tooth',
                'unclassified cell',
            )),
        type='WeCocoDataset'),
    pipeline=[
        dict(backend_args=None, type='LoadImageFromFile'),
        dict(type='LoadAnnotations', with_bbox=True),
        dict(
            img_scale=(
                640,
                640,
            ),
            pad_val=114.0,
            pre_transform=[
                dict(backend_args=None, type='LoadImageFromFile'),
                dict(type='LoadAnnotations', with_bbox=True),
            ],
            type='MultiModalMosaic'),
        dict(
            border=(
                -320,
                -320,
            ),
            border_val=(
                114,
                114,
                114,
            ),
            max_aspect_ratio=100.0,
            max_rotate_degree=0.0,
            max_shear_degree=0.0,
            scaling_ratio_range=(
                0.5,
                1.5,
            ),
            type='WeDetectRandomAffine'),
        dict(
            pre_transform=[
                dict(backend_args=None, type='LoadImageFromFile'),
                dict(type='LoadAnnotations', with_bbox=True),
                dict(
                    img_scale=(
                        640,
                        640,
                    ),
                    pad_val=114.0,
                    pre_transform=[
                        dict(backend_args=None, type='LoadImageFromFile'),
                        dict(type='LoadAnnotations', with_bbox=True),
                    ],
                    type='MultiModalMosaic'),
                dict(
                    border=(
                        -320,
                        -320,
                    ),
                    border_val=(
                        114,
                        114,
                        114,
                    ),
                    max_aspect_ratio=100.0,
                    max_rotate_degree=0.0,
                    max_shear_degree=0.0,
                    scaling_ratio_range=(
                        0.5,
                        1.5,
                    ),
                    type='WeDetectRandomAffine'),
            ],
            prob=0.15,
            type='YOLOv5MultiModalMixUp'),
        dict(
            bbox_params=dict(
                format='pascal_voc',
                label_fields=[
                    'gt_bboxes_labels',
                    'gt_ignore_flags',
                ],
                type='BboxParams'),
            keymap=dict(gt_bboxes='bboxes', img='image'),
            transforms=[
                dict(p=0.01, type='Blur'),
                dict(p=0.01, type='MedianBlur'),
                dict(p=0.01, type='ToGray'),
                dict(p=0.01, type='CLAHE'),
            ],
            type='mmdet.Albu'),
        dict(type='WeDetectHSVRandomAug'),
        dict(prob=0.5, type='mmdet.RandomFlip'),
        dict(
            max_num_samples=91,
            num_neg_samples=(
                91,
                91,
            ),
            padding_to_max=True,
            padding_value='',
            type='RandomLoadText'),
        dict(
            meta_keys=(
                'img_id',
                'img_path',
                'ori_shape',
                'img_shape',
                'flip',
                'flip_direction',
                'texts',
            ),
            type='mmdet.PackDetInputs'),
    ],
    type='MultiModalDataset')
train_pipeline = [
    dict(backend_args=None, type='LoadImageFromFile'),
    dict(type='LoadAnnotations', with_bbox=True),
    dict(
        img_scale=(
            640,
            640,
        ),
        pad_val=114.0,
        pre_transform=[
            dict(backend_args=None, type='LoadImageFromFile'),
            dict(type='LoadAnnotations', with_bbox=True),
        ],
        type='MultiModalMosaic'),
    dict(
        border=(
            -320,
            -320,
        ),
        border_val=(
            114,
            114,
            114,
        ),
        max_aspect_ratio=100.0,
        max_rotate_degree=0.0,
        max_shear_degree=0.0,
        scaling_ratio_range=(
            0.5,
            1.5,
        ),
        type='WeDetectRandomAffine'),
    dict(
        pre_transform=[
            dict(backend_args=None, type='LoadImageFromFile'),
            dict(type='LoadAnnotations', with_bbox=True),
            dict(
                img_scale=(
                    640,
                    640,
                ),
                pad_val=114.0,
                pre_transform=[
                    dict(backend_args=None, type='LoadImageFromFile'),
                    dict(type='LoadAnnotations', with_bbox=True),
                ],
                type='MultiModalMosaic'),
            dict(
                border=(
                    -320,
                    -320,
                ),
                border_val=(
                    114,
                    114,
                    114,
                ),
                max_aspect_ratio=100.0,
                max_rotate_degree=0.0,
                max_shear_degree=0.0,
                scaling_ratio_range=(
                    0.5,
                    1.5,
                ),
                type='WeDetectRandomAffine'),
        ],
        prob=0.15,
        type='YOLOv5MultiModalMixUp'),
    dict(
        bbox_params=dict(
            format='pascal_voc',
            label_fields=[
                'gt_bboxes_labels',
                'gt_ignore_flags',
            ],
            type='BboxParams'),
        keymap=dict(gt_bboxes='bboxes', img='image'),
        transforms=[
            dict(p=0.01, type='Blur'),
            dict(p=0.01, type='MedianBlur'),
            dict(p=0.01, type='ToGray'),
            dict(p=0.01, type='CLAHE'),
        ],
        type='mmdet.Albu'),
    dict(type='WeDetectHSVRandomAug'),
    dict(prob=0.5, type='mmdet.RandomFlip'),
    dict(
        max_num_samples=91,
        num_neg_samples=(
            91,
            91,
        ),
        padding_to_max=True,
        padding_value='',
        type='RandomLoadText'),
    dict(
        meta_keys=(
            'img_id',
            'img_path',
            'ori_shape',
            'img_shape',
            'flip',
            'flip_direction',
            'texts',
        ),
        type='mmdet.PackDetInputs'),
]
train_pipeline_stage2 = [
    dict(backend_args=None, type='LoadImageFromFile'),
    dict(type='LoadAnnotations', with_bbox=True),
    dict(scale=(
        640,
        640,
    ), type='WeDetectKeepRatioResize'),
    dict(
        allow_scale_up=True,
        pad_val=dict(img=114.0),
        scale=(
            640,
            640,
        ),
        type='WeDetectLetterResize'),
    dict(
        border_val=(
            114,
            114,
            114,
        ),
        max_aspect_ratio=100,
        max_rotate_degree=0.0,
        max_shear_degree=0.0,
        scaling_ratio_range=(
            0.5,
            1.5,
        ),
        type='WeDetectRandomAffine'),
    dict(
        bbox_params=dict(
            format='pascal_voc',
            label_fields=[
                'gt_bboxes_labels',
                'gt_ignore_flags',
            ],
            type='BboxParams'),
        keymap=dict(gt_bboxes='bboxes', img='image'),
        transforms=[
            dict(p=0.01, type='Blur'),
            dict(p=0.01, type='MedianBlur'),
            dict(p=0.01, type='ToGray'),
            dict(p=0.01, type='CLAHE'),
        ],
        type='mmdet.Albu'),
    dict(type='WeDetectHSVRandomAug'),
    dict(prob=0.5, type='mmdet.RandomFlip'),
    dict(
        max_num_samples=91,
        num_neg_samples=(
            91,
            91,
        ),
        padding_to_max=True,
        padding_value='',
        type='RandomLoadText'),
    dict(
        meta_keys=(
            'img_id',
            'img_path',
            'ori_shape',
            'img_shape',
            'flip',
            'flip_direction',
            'texts',
        ),
        type='mmdet.PackDetInputs'),
]
val_cfg = dict(type='ValLoop')
val_dataloader = dict(
    batch_size=1,
    dataset=dict(
        class_text_path=
        '/home/siyuan/projects/LLMs/OralDetect-Family/OralDetect/datas/class_texts_en.json',
        dataset=dict(
            ann_file=
            '/home/siyuan/projects/LLMs/OralDetect-Family/OralDetect/datas/instances_test.json',
            batch_shapes_cfg=None,
            data_prefix=dict(img='all2017/'),
            data_root=
            '/nfs_share/public/OralGPT/oralgpt-detect-all/coco_format/',
            metainfo=dict(
                classes=(
                    'abnormal oral epithelial cell',
                    'alveolar bone loss',
                    'anterior teeth with fluorosis',
                    'anterior teeth without fluorosis',
                    'blood cell',
                    'canine',
                    'central incisor',
                    'craniofacial or oral anomaly',
                    'deep dental caries',
                    'dental abrasion',
                    'dental caries',
                    'dental crown restoration',
                    'dental filling',
                    'dental implant',
                    'dental opacity',
                    'dental restoration',
                    'dividing oral cell',
                    'first molar',
                    'first premolar',
                    'foreign object or debris',
                    'grade I oral cytology (normal)',
                    'grade II oral cytology (atypical)',
                    'grade III oral cytology (suspicious)',
                    'grade IV oral cytology (malignant)',
                    'impacted tooth',
                    'impacted wisdom tooth',
                    'intraoral appliance',
                    'lateral incisor',
                    'malaligned tooth',
                    'mandibular canal',
                    'maxillary sinus',
                    'missing or residual root',
                    'missing teeth',
                    'normal oral mucosa',
                    'normal oral tissue',
                    'oral squamous cell carcinoma tumor',
                    'orthodontic bracket',
                    'out-of-focus cell',
                    'periapical abscess',
                    'periapical cyst',
                    'periapical granuloma',
                    'periapical lesion',
                    'quadrant 1 (upper right)',
                    'quadrant 2 (upper left)',
                    'quadrant 3 (lower left)',
                    'quadrant 4 (lower right)',
                    'reactive oral cell',
                    'restoration with secondary caries',
                    'retained root',
                    'root canal treatment',
                    'root piece',
                    'second molar',
                    'second premolar',
                    'severe gingivitis',
                    'tooth',
                    'tooth 11 (upper right central incisor)',
                    'tooth 12 (upper right lateral incisor)',
                    'tooth 13 (upper right canine)',
                    'tooth 14 (upper right first premolar)',
                    'tooth 15 (upper right second premolar)',
                    'tooth 16 (upper right first molar)',
                    'tooth 17 (upper right second molar)',
                    'tooth 18 (upper right third molar)',
                    'tooth 21 (upper left central incisor)',
                    'tooth 22 (upper left lateral incisor)',
                    'tooth 23 (upper left canine)',
                    'tooth 24 (upper left first premolar)',
                    'tooth 25 (upper left second premolar)',
                    'tooth 26 (upper left first molar)',
                    'tooth 27 (upper left second molar)',
                    'tooth 28 (upper left third molar)',
                    'tooth 31 (lower left central incisor)',
                    'tooth 32 (lower left lateral incisor)',
                    'tooth 33 (lower left canine)',
                    'tooth 34 (lower left first premolar)',
                    'tooth 35 (lower left second premolar)',
                    'tooth 36 (lower left first molar)',
                    'tooth 37 (lower left second molar)',
                    'tooth 38 (lower left third molar)',
                    'tooth 41 (lower right central incisor)',
                    'tooth 42 (lower right lateral incisor)',
                    'tooth 43 (lower right canine)',
                    'tooth 44 (lower right first premolar)',
                    'tooth 45 (lower right second premolar)',
                    'tooth 46 (lower right first molar)',
                    'tooth 47 (lower right second molar)',
                    'tooth 48 (lower right third molar)',
                    'tooth erosion',
                    'tooth malformation',
                    'treated tooth',
                    'unclassified cell',
                )),
            test_mode=True,
            type='WeCocoDataset'),
        pipeline=[
            dict(backend_args=None, type='LoadImageFromFile'),
            dict(scale=(
                640,
                640,
            ), type='WeDetectKeepRatioResize'),
            dict(
                allow_scale_up=False,
                pad_val=dict(img=114),
                scale=(
                    640,
                    640,
                ),
                type='WeDetectLetterResize'),
            dict(_scope_='mmdet', type='LoadAnnotations', with_bbox=True),
            dict(type='LoadText'),
            dict(
                meta_keys=(
                    'img_id',
                    'img_path',
                    'ori_shape',
                    'img_shape',
                    'scale_factor',
                    'pad_param',
                    'texts',
                ),
                type='PackDetInputs'),
        ],
        type='MultiModalDataset'),
    drop_last=False,
    num_workers=2,
    persistent_workers=True,
    pin_memory=True,
    sampler=dict(shuffle=False, type='DefaultSampler'))
val_dataset = dict(
    class_text_path=
    '/home/siyuan/projects/LLMs/OralDetect-Family/OralDetect/datas/class_texts_en.json',
    dataset=dict(
        ann_file=
        '/home/siyuan/projects/LLMs/OralDetect-Family/OralDetect/datas/instances_test.json',
        batch_shapes_cfg=None,
        data_prefix=dict(img='all2017/'),
        data_root='/nfs_share/public/OralGPT/oralgpt-detect-all/coco_format/',
        metainfo=dict(
            classes=(
                'abnormal oral epithelial cell',
                'alveolar bone loss',
                'anterior teeth with fluorosis',
                'anterior teeth without fluorosis',
                'blood cell',
                'canine',
                'central incisor',
                'craniofacial or oral anomaly',
                'deep dental caries',
                'dental abrasion',
                'dental caries',
                'dental crown restoration',
                'dental filling',
                'dental implant',
                'dental opacity',
                'dental restoration',
                'dividing oral cell',
                'first molar',
                'first premolar',
                'foreign object or debris',
                'grade I oral cytology (normal)',
                'grade II oral cytology (atypical)',
                'grade III oral cytology (suspicious)',
                'grade IV oral cytology (malignant)',
                'impacted tooth',
                'impacted wisdom tooth',
                'intraoral appliance',
                'lateral incisor',
                'malaligned tooth',
                'mandibular canal',
                'maxillary sinus',
                'missing or residual root',
                'missing teeth',
                'normal oral mucosa',
                'normal oral tissue',
                'oral squamous cell carcinoma tumor',
                'orthodontic bracket',
                'out-of-focus cell',
                'periapical abscess',
                'periapical cyst',
                'periapical granuloma',
                'periapical lesion',
                'quadrant 1 (upper right)',
                'quadrant 2 (upper left)',
                'quadrant 3 (lower left)',
                'quadrant 4 (lower right)',
                'reactive oral cell',
                'restoration with secondary caries',
                'retained root',
                'root canal treatment',
                'root piece',
                'second molar',
                'second premolar',
                'severe gingivitis',
                'tooth',
                'tooth 11 (upper right central incisor)',
                'tooth 12 (upper right lateral incisor)',
                'tooth 13 (upper right canine)',
                'tooth 14 (upper right first premolar)',
                'tooth 15 (upper right second premolar)',
                'tooth 16 (upper right first molar)',
                'tooth 17 (upper right second molar)',
                'tooth 18 (upper right third molar)',
                'tooth 21 (upper left central incisor)',
                'tooth 22 (upper left lateral incisor)',
                'tooth 23 (upper left canine)',
                'tooth 24 (upper left first premolar)',
                'tooth 25 (upper left second premolar)',
                'tooth 26 (upper left first molar)',
                'tooth 27 (upper left second molar)',
                'tooth 28 (upper left third molar)',
                'tooth 31 (lower left central incisor)',
                'tooth 32 (lower left lateral incisor)',
                'tooth 33 (lower left canine)',
                'tooth 34 (lower left first premolar)',
                'tooth 35 (lower left second premolar)',
                'tooth 36 (lower left first molar)',
                'tooth 37 (lower left second molar)',
                'tooth 38 (lower left third molar)',
                'tooth 41 (lower right central incisor)',
                'tooth 42 (lower right lateral incisor)',
                'tooth 43 (lower right canine)',
                'tooth 44 (lower right first premolar)',
                'tooth 45 (lower right second premolar)',
                'tooth 46 (lower right first molar)',
                'tooth 47 (lower right second molar)',
                'tooth 48 (lower right third molar)',
                'tooth erosion',
                'tooth malformation',
                'treated tooth',
                'unclassified cell',
            )),
        test_mode=True,
        type='WeCocoDataset'),
    pipeline=[
        dict(backend_args=None, type='LoadImageFromFile'),
        dict(scale=(
            640,
            640,
        ), type='WeDetectKeepRatioResize'),
        dict(
            allow_scale_up=False,
            pad_val=dict(img=114),
            scale=(
                640,
                640,
            ),
            type='WeDetectLetterResize'),
        dict(_scope_='mmdet', type='LoadAnnotations', with_bbox=True),
        dict(type='LoadText'),
        dict(
            meta_keys=(
                'img_id',
                'img_path',
                'ori_shape',
                'img_shape',
                'scale_factor',
                'pad_param',
                'texts',
            ),
            type='PackDetInputs'),
    ],
    type='MultiModalDataset')
val_evaluator = dict(
    ann_file=
    '/home/siyuan/projects/LLMs/OralDetect-Family/OralDetect/datas/instances_test.json',
    metric='bbox',
    type='CocoMetric')
vis_backends = [
    dict(type='LocalVisBackend'),
]
visualizer = dict(
    name='visualizer',
    type='mmdet.DetLocalVisualizer',
    vis_backends=[
        dict(type='LocalVisBackend'),
    ])
weight_decay = 0.05
work_dir = 'work_dirs/v11dt3stage_s2'

Some weights of BertModel were not initialized from the model checkpoint at /home/siyuan/projects/LLMs/OralDetect-Family/OralCLIP/Bert_tuning/checkpoints/BiomedNLP-BiomedBERT-base-uncased-abstract-fulltext_dental_mlm/final and are newly initialized: ['pooler.dense.bias', 'pooler.dense.weight']
You should probably TRAIN this model on a down-stream task to be able to use it for predictions and inference.
Some weights of BertModel were not initialized from the model checkpoint at /home/siyuan/projects/LLMs/OralDetect-Family/OralCLIP/Bert_tuning/checkpoints/BiomedNLP-BiomedBERT-base-uncased-abstract-fulltext_dental_mlm/final and are newly initialized: ['pooler.dense.bias', 'pooler.dense.weight']
You should probably TRAIN this model on a down-stream task to be able to use it for predictions and inference.
Some weights of BertModel were not initialized from the model checkpoint at /home/siyuan/projects/LLMs/OralDetect-Family/OralCLIP/Bert_tuning/checkpoints/BiomedNLP-BiomedBERT-base-uncased-abstract-fulltext_dental_mlm/final and are newly initialized: ['pooler.dense.bias', 'pooler.dense.weight']
You should probably TRAIN this model on a down-stream task to be able to use it for predictions and inference.
Some weights of BertModel were not initialized from the model checkpoint at /home/siyuan/projects/LLMs/OralDetect-Family/OralCLIP/Bert_tuning/checkpoints/BiomedNLP-BiomedBERT-base-uncased-abstract-fulltext_dental_mlm/final and are newly initialized: ['pooler.dense.bias', 'pooler.dense.weight']
You should probably TRAIN this model on a down-stream task to be able to use it for predictions and inference.
07/05 04:55:14 - mmengine - INFO - Using SyncBatchNorm()
07/05 04:55:14 - mmengine - INFO - Hooks will be executed in the following order:
before_run:
(VERY_HIGH   ) RuntimeInfoHook                    
(BELOW_NORMAL) LoggerHook                         
 -------------------- 
before_train:
(VERY_HIGH   ) RuntimeInfoHook                    
(NORMAL      ) IterTimerHook                      
(VERY_LOW    ) CheckpointHook                     
 -------------------- 
before_train_epoch:
(VERY_HIGH   ) RuntimeInfoHook                    
(NORMAL      ) IterTimerHook                      
(NORMAL      ) DistSamplerSeedHook                
 -------------------- 
before_train_iter:
(VERY_HIGH   ) RuntimeInfoHook                    
(NORMAL      ) IterTimerHook                      
 -------------------- 
after_train_iter:
(VERY_HIGH   ) RuntimeInfoHook                    
(NORMAL      ) IterTimerHook                      
(BELOW_NORMAL) LoggerHook                         
(LOW         ) ParamSchedulerHook                 
(VERY_LOW    ) CheckpointHook                     
 -------------------- 
after_train_epoch:
(NORMAL      ) IterTimerHook                      
(LOW         ) ParamSchedulerHook                 
(VERY_LOW    ) CheckpointHook                     
 -------------------- 
before_val:
(VERY_HIGH   ) RuntimeInfoHook                    
 -------------------- 
before_val_epoch:
(NORMAL      ) IterTimerHook                      
 -------------------- 
before_val_iter:
(NORMAL      ) IterTimerHook                      
 -------------------- 
after_val_iter:
(NORMAL      ) IterTimerHook                      
(NORMAL      ) DetVisualizationHook               
(BELOW_NORMAL) LoggerHook                         
 -------------------- 
after_val_epoch:
(VERY_HIGH   ) RuntimeInfoHook                    
(NORMAL      ) IterTimerHook                      
(BELOW_NORMAL) LoggerHook                         
(LOW         ) ParamSchedulerHook                 
(VERY_LOW    ) CheckpointHook                     
 -------------------- 
after_val:
(VERY_HIGH   ) RuntimeInfoHook                    
 -------------------- 
after_train:
(VERY_HIGH   ) RuntimeInfoHook                    
(VERY_LOW    ) CheckpointHook                     
 -------------------- 
before_test:
(VERY_HIGH   ) RuntimeInfoHook                    
 -------------------- 
before_test_epoch:
(NORMAL      ) IterTimerHook                      
 -------------------- 
before_test_iter:
(NORMAL      ) IterTimerHook                      
 -------------------- 
after_test_iter:
(NORMAL      ) IterTimerHook                      
(NORMAL      ) DetVisualizationHook               
(BELOW_NORMAL) LoggerHook                         
 -------------------- 
after_test_epoch:
(VERY_HIGH   ) RuntimeInfoHook                    
(NORMAL      ) IterTimerHook                      
(BELOW_NORMAL) LoggerHook                         
 -------------------- 
after_test:
(VERY_HIGH   ) RuntimeInfoHook                    
 -------------------- 
after_run:
(BELOW_NORMAL) LoggerHook                         
 -------------------- 
loading annotations into memory...
loading annotations into memory...
loading annotations into memory...
Done (t=1.35s)
creating index...
Done (t=1.39s)
creating index...
Done (t=1.41s)
creating index...
index created!
index created!
index created!
loading annotations into memory...
Done (t=1.43s)
creating index...
index created!
/home/siyuan/anaconda3/envs/wedetect_official/lib/python3.10/site-packages/albumentations/core/composition.py:331: UserWarning: Got processor for bboxes, but no transform to process it.
  self._set_keys()
/home/siyuan/anaconda3/envs/wedetect_official/lib/python3.10/site-packages/albumentations/core/composition.py:331: UserWarning: Got processor for bboxes, but no transform to process it.
  self._set_keys()
loading annotations into memory...
/home/siyuan/anaconda3/envs/wedetect_official/lib/python3.10/site-packages/albumentations/core/composition.py:331: UserWarning: Got processor for bboxes, but no transform to process it.
  self._set_keys()
loading annotations into memory...
loading annotations into memory...
Done (t=0.38s)
creating index...
Done (t=0.37s)
creating index...
index created!
index created!
Done (t=0.39s)
creating index...
index created!
loading annotations into memory...
loading annotations into memory...
loading annotations into memory...
Done (t=0.37s)
creating index...
index created!
Done (t=0.41s)
creating index...
/home/siyuan/anaconda3/envs/wedetect_official/lib/python3.10/site-packages/albumentations/core/composition.py:331: UserWarning: Got processor for bboxes, but no transform to process it.
  self._set_keys()
07/05 04:55:20 - mmengine - INFO - paramwise_options -- neck.reduce_layer0.block.conv.weight:num of params=262144
07/05 04:55:20 - mmengine - INFO - paramwise_options -- neck.reduce_layer0.block.bn.weight:num of params=256
07/05 04:55:20 - mmengine - INFO - paramwise_options -- neck.reduce_layer0.block.bn.bias:num of params=256
07/05 04:55:20 - mmengine - INFO - paramwise_options -- neck.Bifusion0.cv1.block.conv.weight:num of params=131072
07/05 04:55:20 - mmengine - INFO - paramwise_options -- neck.Bifusion0.cv1.block.bn.weight:num of params=256
07/05 04:55:20 - mmengine - INFO - paramwise_options -- neck.Bifusion0.cv1.block.bn.bias:num of params=256
07/05 04:55:20 - mmengine - INFO - paramwise_options -- neck.Bifusion0.cv2.block.conv.weight:num of params=65536
07/05 04:55:20 - mmengine - INFO - paramwise_options -- neck.Bifusion0.cv2.block.bn.weight:num of params=256
07/05 04:55:20 - mmengine - INFO - paramwise_options -- neck.Bifusion0.cv2.block.bn.bias:num of params=256
07/05 04:55:20 - mmengine - INFO - paramwise_options -- neck.Bifusion0.cv3.block.conv.weight:num of params=196608
07/05 04:55:20 - mmengine - INFO - paramwise_options -- neck.Bifusion0.cv3.block.bn.weight:num of params=256
07/05 04:55:20 - mmengine - INFO - paramwise_options -- neck.Bifusion0.cv3.block.bn.bias:num of params=256
07/05 04:55:20 - mmengine - INFO - paramwise_options -- neck.Bifusion0.upsample.upsample_transpose.weight:num of params=262144
07/05 04:55:20 - mmengine - INFO - paramwise_options -- neck.Bifusion0.upsample.upsample_transpose.bias:num of params=256
07/05 04:55:20 - mmengine - INFO - paramwise_options -- neck.Bifusion0.downsample.block.conv.weight:num of params=589824
07/05 04:55:20 - mmengine - INFO - paramwise_options -- neck.Bifusion0.downsample.block.bn.weight:num of params=256
07/05 04:55:20 - mmengine - INFO - paramwise_options -- neck.Bifusion0.downsample.block.bn.bias:num of params=256
07/05 04:55:20 - mmengine - INFO - paramwise_options -- neck.Rep_p4.cv1.block.conv.weight:num of params=32768
07/05 04:55:20 - mmengine - INFO - paramwise_options -- neck.Rep_p4.cv1.block.bn.weight:num of params=128
07/05 04:55:20 - mmengine - INFO - paramwise_options -- neck.Rep_p4.cv1.block.bn.bias:num of params=128
07/05 04:55:20 - mmengine - INFO - paramwise_options -- neck.Rep_p4.cv2.block.conv.weight:num of params=32768
07/05 04:55:20 - mmengine - INFO - paramwise_options -- neck.Rep_p4.cv2.block.bn.weight:num of params=128
07/05 04:55:20 - mmengine - INFO - paramwise_options -- neck.Rep_p4.cv2.block.bn.bias:num of params=128
07/05 04:55:20 - mmengine - INFO - paramwise_options -- neck.Rep_p4.cv3.block.conv.weight:num of params=65536
07/05 04:55:20 - mmengine - INFO - paramwise_options -- neck.Rep_p4.cv3.block.bn.weight:num of params=256
07/05 04:55:20 - mmengine - INFO - paramwise_options -- neck.Rep_p4.cv3.block.bn.bias:num of params=256
07/05 04:55:20 - mmengine - INFO - paramwise_options -- neck.Rep_p4.m.conv1.alpha:num of params=1
07/05 04:55:20 - mmengine - INFO - paramwise_options -- neck.Rep_p4.m.conv1.conv1.block.conv.weight:num of params=147456
07/05 04:55:20 - mmengine - INFO - paramwise_options -- neck.Rep_p4.m.conv1.conv1.block.bn.weight:num of params=128
07/05 04:55:20 - mmengine - INFO - paramwise_options -- neck.Rep_p4.m.conv1.conv1.block.bn.bias:num of params=128
07/05 04:55:20 - mmengine - INFO - paramwise_options -- neck.Rep_p4.m.conv1.conv2.block.conv.weight:num of params=147456
07/05 04:55:20 - mmengine - INFO - paramwise_options -- neck.Rep_p4.m.conv1.conv2.block.bn.weight:num of params=128
07/05 04:55:20 - mmengine - INFO - paramwise_options -- neck.Rep_p4.m.conv1.conv2.block.bn.bias:num of params=128
07/05 04:55:20 - mmengine - INFO - paramwise_options -- neck.Rep_p4.m.block.0.alpha:num of params=1
07/05 04:55:20 - mmengine - INFO - paramwise_options -- neck.Rep_p4.m.block.0.conv1.block.conv.weight:num of params=147456
07/05 04:55:20 - mmengine - INFO - paramwise_options -- neck.Rep_p4.m.block.0.conv1.block.bn.weight:num of params=128
07/05 04:55:20 - mmengine - INFO - paramwise_options -- neck.Rep_p4.m.block.0.conv1.block.bn.bias:num of params=128
07/05 04:55:20 - mmengine - INFO - paramwise_options -- neck.Rep_p4.m.block.0.conv2.block.conv.weight:num of params=147456
07/05 04:55:20 - mmengine - INFO - paramwise_options -- neck.Rep_p4.m.block.0.conv2.block.bn.weight:num of params=128
07/05 04:55:20 - mmengine - INFO - paramwise_options -- neck.Rep_p4.m.block.0.conv2.block.bn.bias:num of params=128
07/05 04:55:20 - mmengine - INFO - paramwise_options -- neck.Rep_p4.m.block.1.alpha:num of params=1
07/05 04:55:20 - mmengine - INFO - paramwise_options -- neck.Rep_p4.m.block.1.conv1.block.conv.weight:num of params=147456
07/05 04:55:20 - mmengine - INFO - paramwise_options -- neck.Rep_p4.m.block.1.conv1.block.bn.weight:num of params=128
07/05 04:55:20 - mmengine - INFO - paramwise_options -- neck.Rep_p4.m.block.1.conv1.block.bn.bias:num of params=128
07/05 04:55:20 - mmengine - INFO - paramwise_options -- neck.Rep_p4.m.block.1.conv2.block.conv.weight:num of params=147456
07/05 04:55:20 - mmengine - INFO - paramwise_options -- neck.Rep_p4.m.block.1.conv2.block.bn.weight:num of params=128
07/05 04:55:20 - mmengine - INFO - paramwise_options -- neck.Rep_p4.m.block.1.conv2.block.bn.bias:num of params=128
07/05 04:55:20 - mmengine - INFO - paramwise_options -- neck.Rep_p4.m.block.2.alpha:num of params=1
07/05 04:55:20 - mmengine - INFO - paramwise_options -- neck.Rep_p4.m.block.2.conv1.block.conv.weight:num of params=147456
07/05 04:55:20 - mmengine - INFO - paramwise_options -- neck.Rep_p4.m.block.2.conv1.block.bn.weight:num of params=128
07/05 04:55:20 - mmengine - INFO - paramwise_options -- neck.Rep_p4.m.block.2.conv1.block.bn.bias:num of params=128
07/05 04:55:20 - mmengine - INFO - paramwise_options -- neck.Rep_p4.m.block.2.conv2.block.conv.weight:num of params=147456
07/05 04:55:20 - mmengine - INFO - paramwise_options -- neck.Rep_p4.m.block.2.conv2.block.bn.weight:num of params=128
07/05 04:55:20 - mmengine - INFO - paramwise_options -- neck.Rep_p4.m.block.2.conv2.block.bn.bias:num of params=128
07/05 04:55:20 - mmengine - INFO - paramwise_options -- neck.Rep_p4.m.block.3.alpha:num of params=1
07/05 04:55:20 - mmengine - INFO - paramwise_options -- neck.Rep_p4.m.block.3.conv1.block.conv.weight:num of params=147456
07/05 04:55:20 - mmengine - INFO - paramwise_options -- neck.Rep_p4.m.block.3.conv1.block.bn.weight:num of params=128
07/05 04:55:20 - mmengine - INFO - paramwise_options -- neck.Rep_p4.m.block.3.conv1.block.bn.bias:num of params=128
07/05 04:55:20 - mmengine - INFO - paramwise_options -- neck.Rep_p4.m.block.3.conv2.block.conv.weight:num of params=147456
07/05 04:55:20 - mmengine - INFO - paramwise_options -- neck.Rep_p4.m.block.3.conv2.block.bn.weight:num of params=128
07/05 04:55:20 - mmengine - INFO - paramwise_options -- neck.Rep_p4.m.block.3.conv2.block.bn.bias:num of params=128
07/05 04:55:20 - mmengine - INFO - paramwise_options -- neck.Rep_p4.m.block.4.alpha:num of params=1
07/05 04:55:20 - mmengine - INFO - paramwise_options -- neck.Rep_p4.m.block.4.conv1.block.conv.weight:num of params=147456
07/05 04:55:20 - mmengine - INFO - paramwise_options -- neck.Rep_p4.m.block.4.conv1.block.bn.weight:num of params=128
07/05 04:55:20 - mmengine - INFO - paramwise_options -- neck.Rep_p4.m.block.4.conv1.block.bn.bias:num of params=128
07/05 04:55:20 - mmengine - INFO - paramwise_options -- neck.Rep_p4.m.block.4.conv2.block.conv.weight:num of params=147456
07/05 04:55:20 - mmengine - INFO - paramwise_options -- neck.Rep_p4.m.block.4.conv2.block.bn.weight:num of params=128
07/05 04:55:20 - mmengine - INFO - paramwise_options -- neck.Rep_p4.m.block.4.conv2.block.bn.bias:num of params=128
07/05 04:55:20 - mmengine - INFO - paramwise_options -- neck.reduce_layer1.block.conv.weight:num of params=32768
07/05 04:55:20 - mmengine - INFO - paramwise_options -- neck.reduce_layer1.block.bn.weight:num of params=128
07/05 04:55:20 - mmengine - INFO - paramwise_options -- neck.reduce_layer1.block.bn.bias:num of params=128
07/05 04:55:20 - mmengine - INFO - paramwise_options -- neck.Bifusion1.cv1.block.conv.weight:num of params=32768
07/05 04:55:20 - mmengine - INFO - paramwise_options -- neck.Bifusion1.cv1.block.bn.weight:num of params=128
07/05 04:55:20 - mmengine - INFO - paramwise_options -- neck.Bifusion1.cv1.block.bn.bias:num of params=128
07/05 04:55:20 - mmengine - INFO - paramwise_options -- neck.Bifusion1.cv2.block.conv.weight:num of params=16384
07/05 04:55:20 - mmengine - INFO - paramwise_options -- neck.Bifusion1.cv2.block.bn.weight:num of params=128
07/05 04:55:20 - mmengine - INFO - paramwise_options -- neck.Bifusion1.cv2.block.bn.bias:num of params=128
07/05 04:55:20 - mmengine - INFO - paramwise_options -- neck.Bifusion1.cv3.block.conv.weight:num of params=49152
07/05 04:55:20 - mmengine - INFO - paramwise_options -- neck.Bifusion1.cv3.block.bn.weight:num of params=128
07/05 04:55:20 - mmengine - INFO - paramwise_options -- neck.Bifusion1.cv3.block.bn.bias:num of params=128
07/05 04:55:20 - mmengine - INFO - paramwise_options -- neck.Bifusion1.upsample.upsample_transpose.weight:num of params=65536
07/05 04:55:20 - mmengine - INFO - paramwise_options -- neck.Bifusion1.upsample.upsample_transpose.bias:num of params=128
07/05 04:55:20 - mmengine - INFO - paramwise_options -- neck.Bifusion1.downsample.block.conv.weight:num of params=147456
07/05 04:55:20 - mmengine - INFO - paramwise_options -- neck.Bifusion1.downsample.block.bn.weight:num of params=128
07/05 04:55:20 - mmengine - INFO - paramwise_options -- neck.Bifusion1.downsample.block.bn.bias:num of params=128
07/05 04:55:20 - mmengine - INFO - paramwise_options -- neck.Rep_p3.cv1.block.conv.weight:num of params=8192
07/05 04:55:20 - mmengine - INFO - paramwise_options -- neck.Rep_p3.cv1.block.bn.weight:num of params=64
07/05 04:55:20 - mmengine - INFO - paramwise_options -- neck.Rep_p3.cv1.block.bn.bias:num of params=64
07/05 04:55:20 - mmengine - INFO - paramwise_options -- neck.Rep_p3.cv2.block.conv.weight:num of params=8192
07/05 04:55:20 - mmengine - INFO - paramwise_options -- neck.Rep_p3.cv2.block.bn.weight:num of params=64
07/05 04:55:20 - mmengine - INFO - paramwise_options -- neck.Rep_p3.cv2.block.bn.bias:num of params=64
07/05 04:55:20 - mmengine - INFO - paramwise_options -- neck.Rep_p3.cv3.block.conv.weight:num of params=16384
07/05 04:55:20 - mmengine - INFO - paramwise_options -- neck.Rep_p3.cv3.block.bn.weight:num of params=128
07/05 04:55:20 - mmengine - INFO - paramwise_options -- neck.Rep_p3.cv3.block.bn.bias:num of params=128
07/05 04:55:20 - mmengine - INFO - paramwise_options -- neck.Rep_p3.m.conv1.alpha:num of params=1
07/05 04:55:20 - mmengine - INFO - paramwise_options -- neck.Rep_p3.m.conv1.conv1.block.conv.weight:num of params=36864
07/05 04:55:20 - mmengine - INFO - paramwise_options -- neck.Rep_p3.m.conv1.conv1.block.bn.weight:num of params=64
07/05 04:55:20 - mmengine - INFO - paramwise_options -- neck.Rep_p3.m.conv1.conv1.block.bn.bias:num of params=64
07/05 04:55:20 - mmengine - INFO - paramwise_options -- neck.Rep_p3.m.conv1.conv2.block.conv.weight:num of params=36864
07/05 04:55:20 - mmengine - INFO - paramwise_options -- neck.Rep_p3.m.conv1.conv2.block.bn.weight:num of params=64
07/05 04:55:20 - mmengine - INFO - paramwise_options -- neck.Rep_p3.m.conv1.conv2.block.bn.bias:num of params=64
07/05 04:55:20 - mmengine - INFO - paramwise_options -- neck.Rep_p3.m.block.0.alpha:num of params=1
07/05 04:55:20 - mmengine - INFO - paramwise_options -- neck.Rep_p3.m.block.0.conv1.block.conv.weight:num of params=36864
07/05 04:55:20 - mmengine - INFO - paramwise_options -- neck.Rep_p3.m.block.0.conv1.block.bn.weight:num of params=64
07/05 04:55:20 - mmengine - INFO - paramwise_options -- neck.Rep_p3.m.block.0.conv1.block.bn.bias:num of params=64
07/05 04:55:20 - mmengine - INFO - paramwise_options -- neck.Rep_p3.m.block.0.conv2.block.conv.weight:num of params=36864
07/05 04:55:20 - mmengine - INFO - paramwise_options -- neck.Rep_p3.m.block.0.conv2.block.bn.weight:num of params=64
07/05 04:55:20 - mmengine - INFO - paramwise_options -- neck.Rep_p3.m.block.0.conv2.block.bn.bias:num of params=64
07/05 04:55:20 - mmengine - INFO - paramwise_options -- neck.Rep_p3.m.block.1.alpha:num of params=1
07/05 04:55:20 - mmengine - INFO - paramwise_options -- neck.Rep_p3.m.block.1.conv1.block.conv.weight:num of params=36864
07/05 04:55:20 - mmengine - INFO - paramwise_options -- neck.Rep_p3.m.block.1.conv1.block.bn.weight:num of params=64
07/05 04:55:20 - mmengine - INFO - paramwise_options -- neck.Rep_p3.m.block.1.conv1.block.bn.bias:num of params=64
07/05 04:55:20 - mmengine - INFO - paramwise_options -- neck.Rep_p3.m.block.1.conv2.block.conv.weight:num of params=36864
07/05 04:55:20 - mmengine - INFO - paramwise_options -- neck.Rep_p3.m.block.1.conv2.block.bn.weight:num of params=64
07/05 04:55:20 - mmengine - INFO - paramwise_options -- neck.Rep_p3.m.block.1.conv2.block.bn.bias:num of params=64
07/05 04:55:20 - mmengine - INFO - paramwise_options -- neck.Rep_p3.m.block.2.alpha:num of params=1
07/05 04:55:20 - mmengine - INFO - paramwise_options -- neck.Rep_p3.m.block.2.conv1.block.conv.weight:num of params=36864
07/05 04:55:20 - mmengine - INFO - paramwise_options -- neck.Rep_p3.m.block.2.conv1.block.bn.weight:num of params=64
07/05 04:55:20 - mmengine - INFO - paramwise_options -- neck.Rep_p3.m.block.2.conv1.block.bn.bias:num of params=64
07/05 04:55:20 - mmengine - INFO - paramwise_options -- neck.Rep_p3.m.block.2.conv2.block.conv.weight:num of params=36864
07/05 04:55:20 - mmengine - INFO - paramwise_options -- neck.Rep_p3.m.block.2.conv2.block.bn.weight:num of params=64
07/05 04:55:20 - mmengine - INFO - paramwise_options -- neck.Rep_p3.m.block.2.conv2.block.bn.bias:num of params=64
07/05 04:55:20 - mmengine - INFO - paramwise_options -- neck.Rep_p3.m.block.3.alpha:num of params=1
07/05 04:55:20 - mmengine - INFO - paramwise_options -- neck.Rep_p3.m.block.3.conv1.block.conv.weight:num of params=36864
07/05 04:55:20 - mmengine - INFO - paramwise_options -- neck.Rep_p3.m.block.3.conv1.block.bn.weight:num of params=64
07/05 04:55:20 - mmengine - INFO - paramwise_options -- neck.Rep_p3.m.block.3.conv1.block.bn.bias:num of params=64
07/05 04:55:20 - mmengine - INFO - paramwise_options -- neck.Rep_p3.m.block.3.conv2.block.conv.weight:num of params=36864
07/05 04:55:20 - mmengine - INFO - paramwise_options -- neck.Rep_p3.m.block.3.conv2.block.bn.weight:num of params=64
07/05 04:55:20 - mmengine - INFO - paramwise_options -- neck.Rep_p3.m.block.3.conv2.block.bn.bias:num of params=64
07/05 04:55:20 - mmengine - INFO - paramwise_options -- neck.Rep_p3.m.block.4.alpha:num of params=1
07/05 04:55:20 - mmengine - INFO - paramwise_options -- neck.Rep_p3.m.block.4.conv1.block.conv.weight:num of params=36864
07/05 04:55:20 - mmengine - INFO - paramwise_options -- neck.Rep_p3.m.block.4.conv1.block.bn.weight:num of params=64
07/05 04:55:20 - mmengine - INFO - paramwise_options -- neck.Rep_p3.m.block.4.conv1.block.bn.bias:num of params=64
07/05 04:55:20 - mmengine - INFO - paramwise_options -- neck.Rep_p3.m.block.4.conv2.block.conv.weight:num of params=36864
07/05 04:55:20 - mmengine - INFO - paramwise_options -- neck.Rep_p3.m.block.4.conv2.block.bn.weight:num of params=64
07/05 04:55:20 - mmengine - INFO - paramwise_options -- neck.Rep_p3.m.block.4.conv2.block.bn.bias:num of params=64
07/05 04:55:20 - mmengine - INFO - paramwise_options -- neck.downsample2.block.conv.weight:num of params=147456
07/05 04:55:20 - mmengine - INFO - paramwise_options -- neck.downsample2.block.bn.weight:num of params=128
07/05 04:55:20 - mmengine - INFO - paramwise_options -- neck.downsample2.block.bn.bias:num of params=128
07/05 04:55:20 - mmengine - INFO - paramwise_options -- neck.Rep_n3.cv1.block.conv.weight:num of params=32768
07/05 04:55:20 - mmengine - INFO - paramwise_options -- neck.Rep_n3.cv1.block.bn.weight:num of params=128
07/05 04:55:20 - mmengine - INFO - paramwise_options -- neck.Rep_n3.cv1.block.bn.bias:num of params=128
07/05 04:55:20 - mmengine - INFO - paramwise_options -- neck.Rep_n3.cv2.block.conv.weight:num of params=32768
07/05 04:55:20 - mmengine - INFO - paramwise_options -- neck.Rep_n3.cv2.block.bn.weight:num of params=128
07/05 04:55:20 - mmengine - INFO - paramwise_options -- neck.Rep_n3.cv2.block.bn.bias:num of params=128
07/05 04:55:20 - mmengine - INFO - paramwise_options -- neck.Rep_n3.cv3.block.conv.weight:num of params=65536
07/05 04:55:20 - mmengine - INFO - paramwise_options -- neck.Rep_n3.cv3.block.bn.weight:num of params=256
07/05 04:55:20 - mmengine - INFO - paramwise_options -- neck.Rep_n3.cv3.block.bn.bias:num of params=256
07/05 04:55:20 - mmengine - INFO - paramwise_options -- neck.Rep_n3.m.conv1.alpha:num of params=1
07/05 04:55:20 - mmengine - INFO - paramwise_options -- neck.Rep_n3.m.conv1.conv1.block.conv.weight:num of params=147456
07/05 04:55:20 - mmengine - INFO - paramwise_options -- neck.Rep_n3.m.conv1.conv1.block.bn.weight:num of params=128
07/05 04:55:20 - mmengine - INFO - paramwise_options -- neck.Rep_n3.m.conv1.conv1.block.bn.bias:num of params=128
07/05 04:55:20 - mmengine - INFO - paramwise_options -- neck.Rep_n3.m.conv1.conv2.block.conv.weight:num of params=147456
07/05 04:55:20 - mmengine - INFO - paramwise_options -- neck.Rep_n3.m.conv1.conv2.block.bn.weight:num of params=128
07/05 04:55:20 - mmengine - INFO - paramwise_options -- neck.Rep_n3.m.conv1.conv2.block.bn.bias:num of params=128
07/05 04:55:20 - mmengine - INFO - paramwise_options -- neck.Rep_n3.m.block.0.alpha:num of params=1
07/05 04:55:20 - mmengine - INFO - paramwise_options -- neck.Rep_n3.m.block.0.conv1.block.conv.weight:num of params=147456
07/05 04:55:20 - mmengine - INFO - paramwise_options -- neck.Rep_n3.m.block.0.conv1.block.bn.weight:num of params=128
07/05 04:55:20 - mmengine - INFO - paramwise_options -- neck.Rep_n3.m.block.0.conv1.block.bn.bias:num of params=128
07/05 04:55:20 - mmengine - INFO - paramwise_options -- neck.Rep_n3.m.block.0.conv2.block.conv.weight:num of params=147456
07/05 04:55:20 - mmengine - INFO - paramwise_options -- neck.Rep_n3.m.block.0.conv2.block.bn.weight:num of params=128
07/05 04:55:20 - mmengine - INFO - paramwise_options -- neck.Rep_n3.m.block.0.conv2.block.bn.bias:num of params=128
07/05 04:55:20 - mmengine - INFO - paramwise_options -- neck.Rep_n3.m.block.1.alpha:num of params=1
07/05 04:55:20 - mmengine - INFO - paramwise_options -- neck.Rep_n3.m.block.1.conv1.block.conv.weight:num of params=147456
07/05 04:55:20 - mmengine - INFO - paramwise_options -- neck.Rep_n3.m.block.1.conv1.block.bn.weight:num of params=128
07/05 04:55:20 - mmengine - INFO - paramwise_options -- neck.Rep_n3.m.block.1.conv1.block.bn.bias:num of params=128
07/05 04:55:20 - mmengine - INFO - paramwise_options -- neck.Rep_n3.m.block.1.conv2.block.conv.weight:num of params=147456
07/05 04:55:20 - mmengine - INFO - paramwise_options -- neck.Rep_n3.m.block.1.conv2.block.bn.weight:num of params=128
07/05 04:55:20 - mmengine - INFO - paramwise_options -- neck.Rep_n3.m.block.1.conv2.block.bn.bias:num of params=128
07/05 04:55:20 - mmengine - INFO - paramwise_options -- neck.Rep_n3.m.block.2.alpha:num of params=1
07/05 04:55:20 - mmengine - INFO - paramwise_options -- neck.Rep_n3.m.block.2.conv1.block.conv.weight:num of params=147456
07/05 04:55:20 - mmengine - INFO - paramwise_options -- neck.Rep_n3.m.block.2.conv1.block.bn.weight:num of params=128
07/05 04:55:20 - mmengine - INFO - paramwise_options -- neck.Rep_n3.m.block.2.conv1.block.bn.bias:num of params=128
07/05 04:55:20 - mmengine - INFO - paramwise_options -- neck.Rep_n3.m.block.2.conv2.block.conv.weight:num of params=147456
07/05 04:55:20 - mmengine - INFO - paramwise_options -- neck.Rep_n3.m.block.2.conv2.block.bn.weight:num of params=128
07/05 04:55:20 - mmengine - INFO - paramwise_options -- neck.Rep_n3.m.block.2.conv2.block.bn.bias:num of params=128
07/05 04:55:20 - mmengine - INFO - paramwise_options -- neck.Rep_n3.m.block.3.alpha:num of params=1
07/05 04:55:20 - mmengine - INFO - paramwise_options -- neck.Rep_n3.m.block.3.conv1.block.conv.weight:num of params=147456
07/05 04:55:20 - mmengine - INFO - paramwise_options -- neck.Rep_n3.m.block.3.conv1.block.bn.weight:num of params=128
07/05 04:55:20 - mmengine - INFO - paramwise_options -- neck.Rep_n3.m.block.3.conv1.block.bn.bias:num of params=128
07/05 04:55:20 - mmengine - INFO - paramwise_options -- neck.Rep_n3.m.block.3.conv2.block.conv.weight:num of params=147456
07/05 04:55:20 - mmengine - INFO - paramwise_options -- neck.Rep_n3.m.block.3.conv2.block.bn.weight:num of params=128
07/05 04:55:20 - mmengine - INFO - paramwise_options -- neck.Rep_n3.m.block.3.conv2.block.bn.bias:num of params=128
07/05 04:55:20 - mmengine - INFO - paramwise_options -- neck.Rep_n3.m.block.4.alpha:num of params=1
07/05 04:55:20 - mmengine - INFO - paramwise_options -- neck.Rep_n3.m.block.4.conv1.block.conv.weight:num of params=147456
07/05 04:55:20 - mmengine - INFO - paramwise_options -- neck.Rep_n3.m.block.4.conv1.block.bn.weight:num of params=128
07/05 04:55:20 - mmengine - INFO - paramwise_options -- neck.Rep_n3.m.block.4.conv1.block.bn.bias:num of params=128
07/05 04:55:20 - mmengine - INFO - paramwise_options -- neck.Rep_n3.m.block.4.conv2.block.conv.weight:num of params=147456
07/05 04:55:20 - mmengine - INFO - paramwise_options -- neck.Rep_n3.m.block.4.conv2.block.bn.weight:num of params=128
07/05 04:55:20 - mmengine - INFO - paramwise_options -- neck.Rep_n3.m.block.4.conv2.block.bn.bias:num of params=128
07/05 04:55:20 - mmengine - INFO - paramwise_options -- neck.downsample1.block.conv.weight:num of params=589824
07/05 04:55:20 - mmengine - INFO - paramwise_options -- neck.downsample1.block.bn.weight:num of params=256
07/05 04:55:20 - mmengine - INFO - paramwise_options -- neck.downsample1.block.bn.bias:num of params=256
07/05 04:55:20 - mmengine - INFO - paramwise_options -- neck.Rep_n4.cv1.block.conv.weight:num of params=131072
07/05 04:55:20 - mmengine - INFO - paramwise_options -- neck.Rep_n4.cv1.block.bn.weight:num of params=256
07/05 04:55:20 - mmengine - INFO - paramwise_options -- neck.Rep_n4.cv1.block.bn.bias:num of params=256
07/05 04:55:20 - mmengine - INFO - paramwise_options -- neck.Rep_n4.cv2.block.conv.weight:num of params=131072
07/05 04:55:20 - mmengine - INFO - paramwise_options -- neck.Rep_n4.cv2.block.bn.weight:num of params=256
07/05 04:55:20 - mmengine - INFO - paramwise_options -- neck.Rep_n4.cv2.block.bn.bias:num of params=256
07/05 04:55:20 - mmengine - INFO - paramwise_options -- neck.Rep_n4.cv3.block.conv.weight:num of params=262144
07/05 04:55:20 - mmengine - INFO - paramwise_options -- neck.Rep_n4.cv3.block.bn.weight:num of params=512
07/05 04:55:20 - mmengine - INFO - paramwise_options -- neck.Rep_n4.cv3.block.bn.bias:num of params=512
07/05 04:55:20 - mmengine - INFO - paramwise_options -- neck.Rep_n4.m.conv1.alpha:num of params=1
07/05 04:55:20 - mmengine - INFO - paramwise_options -- neck.Rep_n4.m.conv1.conv1.block.conv.weight:num of params=589824
07/05 04:55:20 - mmengine - INFO - paramwise_options -- neck.Rep_n4.m.conv1.conv1.block.bn.weight:num of params=256
07/05 04:55:20 - mmengine - INFO - paramwise_options -- neck.Rep_n4.m.conv1.conv1.block.bn.bias:num of params=256
07/05 04:55:20 - mmengine - INFO - paramwise_options -- neck.Rep_n4.m.conv1.conv2.block.conv.weight:num of params=589824
07/05 04:55:20 - mmengine - INFO - paramwise_options -- neck.Rep_n4.m.conv1.conv2.block.bn.weight:num of params=256
07/05 04:55:20 - mmengine - INFO - paramwise_options -- neck.Rep_n4.m.conv1.conv2.block.bn.bias:num of params=256
07/05 04:55:20 - mmengine - INFO - paramwise_options -- neck.Rep_n4.m.block.0.alpha:num of params=1
07/05 04:55:20 - mmengine - INFO - paramwise_options -- neck.Rep_n4.m.block.0.conv1.block.conv.weight:num of params=589824
07/05 04:55:20 - mmengine - INFO - paramwise_options -- neck.Rep_n4.m.block.0.conv1.block.bn.weight:num of params=256
07/05 04:55:20 - mmengine - INFO - paramwise_options -- neck.Rep_n4.m.block.0.conv1.block.bn.bias:num of params=256
07/05 04:55:20 - mmengine - INFO - paramwise_options -- neck.Rep_n4.m.block.0.conv2.block.conv.weight:num of params=589824
07/05 04:55:20 - mmengine - INFO - paramwise_options -- neck.Rep_n4.m.block.0.conv2.block.bn.weight:num of params=256
07/05 04:55:20 - mmengine - INFO - paramwise_options -- neck.Rep_n4.m.block.0.conv2.block.bn.bias:num of params=256
07/05 04:55:20 - mmengine - INFO - paramwise_options -- neck.Rep_n4.m.block.1.alpha:num of params=1
07/05 04:55:20 - mmengine - INFO - paramwise_options -- neck.Rep_n4.m.block.1.conv1.block.conv.weight:num of params=589824
07/05 04:55:20 - mmengine - INFO - paramwise_options -- neck.Rep_n4.m.block.1.conv1.block.bn.weight:num of params=256
07/05 04:55:20 - mmengine - INFO - paramwise_options -- neck.Rep_n4.m.block.1.conv1.block.bn.bias:num of params=256
07/05 04:55:20 - mmengine - INFO - paramwise_options -- neck.Rep_n4.m.block.1.conv2.block.conv.weight:num of params=589824
07/05 04:55:20 - mmengine - INFO - paramwise_options -- neck.Rep_n4.m.block.1.conv2.block.bn.weight:num of params=256
07/05 04:55:20 - mmengine - INFO - paramwise_options -- neck.Rep_n4.m.block.1.conv2.block.bn.bias:num of params=256
07/05 04:55:20 - mmengine - INFO - paramwise_options -- neck.Rep_n4.m.block.2.alpha:num of params=1
07/05 04:55:20 - mmengine - INFO - paramwise_options -- neck.Rep_n4.m.block.2.conv1.block.conv.weight:num of params=589824
07/05 04:55:20 - mmengine - INFO - paramwise_options -- neck.Rep_n4.m.block.2.conv1.block.bn.weight:num of params=256
07/05 04:55:20 - mmengine - INFO - paramwise_options -- neck.Rep_n4.m.block.2.conv1.block.bn.bias:num of params=256
07/05 04:55:20 - mmengine - INFO - paramwise_options -- neck.Rep_n4.m.block.2.conv2.block.conv.weight:num of params=589824
07/05 04:55:20 - mmengine - INFO - paramwise_options -- neck.Rep_n4.m.block.2.conv2.block.bn.weight:num of params=256
07/05 04:55:20 - mmengine - INFO - paramwise_options -- neck.Rep_n4.m.block.2.conv2.block.bn.bias:num of params=256
07/05 04:55:20 - mmengine - INFO - paramwise_options -- neck.Rep_n4.m.block.3.alpha:num of params=1
07/05 04:55:20 - mmengine - INFO - paramwise_options -- neck.Rep_n4.m.block.3.conv1.block.conv.weight:num of params=589824
07/05 04:55:20 - mmengine - INFO - paramwise_options -- neck.Rep_n4.m.block.3.conv1.block.bn.weight:num of params=256
07/05 04:55:20 - mmengine - INFO - paramwise_options -- neck.Rep_n4.m.block.3.conv1.block.bn.bias:num of params=256
07/05 04:55:20 - mmengine - INFO - paramwise_options -- neck.Rep_n4.m.block.3.conv2.block.conv.weight:num of params=589824
07/05 04:55:20 - mmengine - INFO - paramwise_options -- neck.Rep_n4.m.block.3.conv2.block.bn.weight:num of params=256
07/05 04:55:20 - mmengine - INFO - paramwise_options -- neck.Rep_n4.m.block.3.conv2.block.bn.bias:num of params=256
07/05 04:55:20 - mmengine - INFO - paramwise_options -- neck.Rep_n4.m.block.4.alpha:num of params=1
07/05 04:55:20 - mmengine - INFO - paramwise_options -- neck.Rep_n4.m.block.4.conv1.block.conv.weight:num of params=589824
07/05 04:55:20 - mmengine - INFO - paramwise_options -- neck.Rep_n4.m.block.4.conv1.block.bn.weight:num of params=256
07/05 04:55:20 - mmengine - INFO - paramwise_options -- neck.Rep_n4.m.block.4.conv1.block.bn.bias:num of params=256
07/05 04:55:20 - mmengine - INFO - paramwise_options -- neck.Rep_n4.m.block.4.conv2.block.conv.weight:num of params=589824
07/05 04:55:20 - mmengine - INFO - paramwise_options -- neck.Rep_n4.m.block.4.conv2.block.bn.weight:num of params=256
07/05 04:55:20 - mmengine - INFO - paramwise_options -- neck.Rep_n4.m.block.4.conv2.block.bn.bias:num of params=256
07/05 04:55:20 - mmengine - INFO - paramwise_options -- bbox_head.head_module.cls_preds.0.0.conv.weight:num of params=294912
07/05 04:55:20 - mmengine - INFO - paramwise_options -- bbox_head.head_module.cls_preds.0.0.bn.weight:num of params=256
07/05 04:55:20 - mmengine - INFO - paramwise_options -- bbox_head.head_module.cls_preds.0.0.bn.bias:num of params=256
07/05 04:55:20 - mmengine - INFO - paramwise_options -- bbox_head.head_module.cls_preds.0.1.conv.weight:num of params=589824
07/05 04:55:20 - mmengine - INFO - paramwise_options -- bbox_head.head_module.cls_preds.0.1.bn.weight:num of params=256
07/05 04:55:20 - mmengine - INFO - paramwise_options -- bbox_head.head_module.cls_preds.0.1.bn.bias:num of params=256
07/05 04:55:20 - mmengine - INFO - paramwise_options -- bbox_head.head_module.cls_preds.0.2.weight:num of params=196608
07/05 04:55:20 - mmengine - INFO - paramwise_options -- bbox_head.head_module.cls_preds.0.2.bias:num of params=768
07/05 04:55:20 - mmengine - INFO - paramwise_options -- bbox_head.head_module.cls_preds.1.0.conv.weight:num of params=589824
07/05 04:55:20 - mmengine - INFO - paramwise_options -- bbox_head.head_module.cls_preds.1.0.bn.weight:num of params=256
07/05 04:55:20 - mmengine - INFO - paramwise_options -- bbox_head.head_module.cls_preds.1.0.bn.bias:num of params=256
07/05 04:55:20 - mmengine - INFO - paramwise_options -- bbox_head.head_module.cls_preds.1.1.conv.weight:num of params=589824
07/05 04:55:20 - mmengine - INFO - paramwise_options -- bbox_head.head_module.cls_preds.1.1.bn.weight:num of params=256
07/05 04:55:20 - mmengine - INFO - paramwise_options -- bbox_head.head_module.cls_preds.1.1.bn.bias:num of params=256
07/05 04:55:20 - mmengine - INFO - paramwise_options -- bbox_head.head_module.cls_preds.1.2.weight:num of params=196608
07/05 04:55:20 - mmengine - INFO - paramwise_options -- bbox_head.head_module.cls_preds.1.2.bias:num of params=768
07/05 04:55:20 - mmengine - INFO - paramwise_options -- bbox_head.head_module.cls_preds.2.0.conv.weight:num of params=1179648
07/05 04:55:20 - mmengine - INFO - paramwise_options -- bbox_head.head_module.cls_preds.2.0.bn.weight:num of params=256
07/05 04:55:20 - mmengine - INFO - paramwise_options -- bbox_head.head_module.cls_preds.2.0.bn.bias:num of params=256
07/05 04:55:20 - mmengine - INFO - paramwise_options -- bbox_head.head_module.cls_preds.2.1.conv.weight:num of params=589824
07/05 04:55:20 - mmengine - INFO - paramwise_options -- bbox_head.head_module.cls_preds.2.1.bn.weight:num of params=256
07/05 04:55:20 - mmengine - INFO - paramwise_options -- bbox_head.head_module.cls_preds.2.1.bn.bias:num of params=256
07/05 04:55:20 - mmengine - INFO - paramwise_options -- bbox_head.head_module.cls_preds.2.2.weight:num of params=196608
07/05 04:55:20 - mmengine - INFO - paramwise_options -- bbox_head.head_module.cls_preds.2.2.bias:num of params=768
07/05 04:55:20 - mmengine - INFO - paramwise_options -- bbox_head.head_module.reg_preds.0.0.conv.weight:num of params=73728
07/05 04:55:20 - mmengine - INFO - paramwise_options -- bbox_head.head_module.reg_preds.0.0.bn.weight:num of params=64
07/05 04:55:20 - mmengine - INFO - paramwise_options -- bbox_head.head_module.reg_preds.0.0.bn.bias:num of params=64
07/05 04:55:20 - mmengine - INFO - paramwise_options -- bbox_head.head_module.reg_preds.0.1.conv.weight:num of params=36864
07/05 04:55:20 - mmengine - INFO - paramwise_options -- bbox_head.head_module.reg_preds.0.1.bn.weight:num of params=64
07/05 04:55:20 - mmengine - INFO - paramwise_options -- bbox_head.head_module.reg_preds.0.1.bn.bias:num of params=64
07/05 04:55:20 - mmengine - INFO - paramwise_options -- bbox_head.head_module.reg_preds.0.2.weight:num of params=4096
07/05 04:55:20 - mmengine - INFO - paramwise_options -- bbox_head.head_module.reg_preds.0.2.bias:num of params=64
07/05 04:55:20 - mmengine - INFO - paramwise_options -- bbox_head.head_module.reg_preds.1.0.conv.weight:num of params=147456
07/05 04:55:20 - mmengine - INFO - paramwise_options -- bbox_head.head_module.reg_preds.1.0.bn.weight:num of params=64
07/05 04:55:20 - mmengine - INFO - paramwise_options -- bbox_head.head_module.reg_preds.1.0.bn.bias:num of params=64
07/05 04:55:20 - mmengine - INFO - paramwise_options -- bbox_head.head_module.reg_preds.1.1.conv.weight:num of params=36864
07/05 04:55:20 - mmengine - INFO - paramwise_options -- bbox_head.head_module.reg_preds.1.1.bn.weight:num of params=64
07/05 04:55:20 - mmengine - INFO - paramwise_options -- bbox_head.head_module.reg_preds.1.1.bn.bias:num of params=64
07/05 04:55:20 - mmengine - INFO - paramwise_options -- bbox_head.head_module.reg_preds.1.2.weight:num of params=4096
07/05 04:55:20 - mmengine - INFO - paramwise_options -- bbox_head.head_module.reg_preds.1.2.bias:num of params=64
07/05 04:55:20 - mmengine - INFO - paramwise_options -- bbox_head.head_module.reg_preds.2.0.conv.weight:num of params=294912
07/05 04:55:20 - mmengine - INFO - paramwise_options -- bbox_head.head_module.reg_preds.2.0.bn.weight:num of params=64
07/05 04:55:20 - mmengine - INFO - paramwise_options -- bbox_head.head_module.reg_preds.2.0.bn.bias:num of params=64
07/05 04:55:20 - mmengine - INFO - paramwise_options -- bbox_head.head_module.reg_preds.2.1.conv.weight:num of params=36864
07/05 04:55:20 - mmengine - INFO - paramwise_options -- bbox_head.head_module.reg_preds.2.1.bn.weight:num of params=64
07/05 04:55:20 - mmengine - INFO - paramwise_options -- bbox_head.head_module.reg_preds.2.1.bn.bias:num of params=64
07/05 04:55:20 - mmengine - INFO - paramwise_options -- bbox_head.head_module.reg_preds.2.2.weight:num of params=4096
07/05 04:55:20 - mmengine - INFO - paramwise_options -- bbox_head.head_module.reg_preds.2.2.bias:num of params=64
07/05 04:55:20 - mmengine - INFO - paramwise_options -- bbox_head.head_module.cls_contrasts.0.bias:num of params=1
07/05 04:55:20 - mmengine - INFO - paramwise_options -- bbox_head.head_module.cls_contrasts.0.logit_scale:num of params=1
07/05 04:55:20 - mmengine - INFO - paramwise_options -- bbox_head.head_module.cls_contrasts.0.logit_scale:lr=3e-05
07/05 04:55:20 - mmengine - INFO - paramwise_options -- bbox_head.head_module.cls_contrasts.0.logit_scale:weight_decay=0.0
07/05 04:55:20 - mmengine - INFO - paramwise_options -- bbox_head.head_module.cls_contrasts.0.norm.weight:num of params=768
07/05 04:55:20 - mmengine - INFO - paramwise_options -- bbox_head.head_module.cls_contrasts.0.norm.bias:num of params=768
07/05 04:55:20 - mmengine - INFO - paramwise_options -- bbox_head.head_module.cls_contrasts.1.bias:num of params=1
07/05 04:55:20 - mmengine - INFO - paramwise_options -- bbox_head.head_module.cls_contrasts.1.logit_scale:num of params=1
07/05 04:55:20 - mmengine - INFO - paramwise_options -- bbox_head.head_module.cls_contrasts.1.logit_scale:lr=3e-05
07/05 04:55:20 - mmengine - INFO - paramwise_options -- bbox_head.head_module.cls_contrasts.1.logit_scale:weight_decay=0.0
07/05 04:55:20 - mmengine - INFO - paramwise_options -- bbox_head.head_module.cls_contrasts.1.norm.weight:num of params=768
07/05 04:55:20 - mmengine - INFO - paramwise_options -- bbox_head.head_module.cls_contrasts.1.norm.bias:num of params=768
07/05 04:55:20 - mmengine - INFO - paramwise_options -- bbox_head.head_module.cls_contrasts.2.bias:num of params=1
07/05 04:55:20 - mmengine - INFO - paramwise_options -- bbox_head.head_module.cls_contrasts.2.logit_scale:num of params=1
07/05 04:55:20 - mmengine - INFO - paramwise_options -- bbox_head.head_module.cls_contrasts.2.logit_scale:lr=3e-05
07/05 04:55:20 - mmengine - INFO - paramwise_options -- bbox_head.head_module.cls_contrasts.2.logit_scale:weight_decay=0.0
07/05 04:55:20 - mmengine - INFO - paramwise_options -- bbox_head.head_module.cls_contrasts.2.norm.weight:num of params=768
07/05 04:55:20 - mmengine - INFO - paramwise_options -- bbox_head.head_module.cls_contrasts.2.norm.bias:num of params=768
index created!
Done (t=0.39s)
creating index...
loading annotations into memory...
index created!
Done (t=0.39s)
creating index...
index created!
loading annotations into memory...
Done (t=0.39s)
creating index...
index created!
Loads checkpoint by local backend from path: work_dirs/v11dt3stage_s1/epoch_8.pth
Loads checkpoint by local backend from path: work_dirs/v11dt3stage_s1/epoch_8.pth
/home/siyuan/anaconda3/envs/wedetect_official/lib/python3.10/site-packages/mmengine/runner/checkpoint.py:347: FutureWarning: You are using `torch.load` with `weights_only=False` (the current default value), which uses the default pickle module implicitly. It is possible to construct malicious pickle data which will execute arbitrary code during unpickling (See https://github.com/pytorch/pytorch/blob/main/SECURITY.md#untrusted-models for more details). In a future release, the default value for `weights_only` will be flipped to `True`. This limits the functions that could be executed during unpickling. Arbitrary objects will no longer be allowed to be loaded via this mode unless they are explicitly allowlisted by the user via `torch.serialization.add_safe_globals`. We recommend you start setting `weights_only=True` for any use case where you don't have full control of the loaded file. Please open an issue on GitHub for any issues related to this experimental feature.
  checkpoint = torch.load(filename, map_location=map_location)
/home/siyuan/anaconda3/envs/wedetect_official/lib/python3.10/site-packages/mmengine/runner/checkpoint.py:347: FutureWarning: You are using `torch.load` with `weights_only=False` (the current default value), which uses the default pickle module implicitly. It is possible to construct malicious pickle data which will execute arbitrary code during unpickling (See https://github.com/pytorch/pytorch/blob/main/SECURITY.md#untrusted-models for more details). In a future release, the default value for `weights_only` will be flipped to `True`. This limits the functions that could be executed during unpickling. Arbitrary objects will no longer be allowed to be loaded via this mode unless they are explicitly allowlisted by the user via `torch.serialization.add_safe_globals`. We recommend you start setting `weights_only=True` for any use case where you don't have full control of the loaded file. Please open an issue on GitHub for any issues related to this experimental feature.
  checkpoint = torch.load(filename, map_location=map_location)
Loads checkpoint by local backend from path: work_dirs/v11dt3stage_s1/epoch_8.pth
/home/siyuan/anaconda3/envs/wedetect_official/lib/python3.10/site-packages/mmengine/runner/checkpoint.py:347: FutureWarning: You are using `torch.load` with `weights_only=False` (the current default value), which uses the default pickle module implicitly. It is possible to construct malicious pickle data which will execute arbitrary code during unpickling (See https://github.com/pytorch/pytorch/blob/main/SECURITY.md#untrusted-models for more details). In a future release, the default value for `weights_only` will be flipped to `True`. This limits the functions that could be executed during unpickling. Arbitrary objects will no longer be allowed to be loaded via this mode unless they are explicitly allowlisted by the user via `torch.serialization.add_safe_globals`. We recommend you start setting `weights_only=True` for any use case where you don't have full control of the loaded file. Please open an issue on GitHub for any issues related to this experimental feature.
  checkpoint = torch.load(filename, map_location=map_location)
Loads checkpoint by local backend from path: work_dirs/v11dt3stage_s1/epoch_8.pth
/home/siyuan/anaconda3/envs/wedetect_official/lib/python3.10/site-packages/mmengine/runner/checkpoint.py:347: FutureWarning: You are using `torch.load` with `weights_only=False` (the current default value), which uses the default pickle module implicitly. It is possible to construct malicious pickle data which will execute arbitrary code during unpickling (See https://github.com/pytorch/pytorch/blob/main/SECURITY.md#untrusted-models for more details). In a future release, the default value for `weights_only` will be flipped to `True`. This limits the functions that could be executed during unpickling. Arbitrary objects will no longer be allowed to be loaded via this mode unless they are explicitly allowlisted by the user via `torch.serialization.add_safe_globals`. We recommend you start setting `weights_only=True` for any use case where you don't have full control of the loaded file. Please open an issue on GitHub for any issues related to this experimental feature.
  checkpoint = torch.load(filename, map_location=map_location)
07/05 04:55:24 - mmengine - INFO - Load checkpoint from work_dirs/v11dt3stage_s1/epoch_8.pth
07/05 04:55:24 - mmengine - WARNING - "FileClient" will be deprecated in future. Please use io functions in https://mmengine.readthedocs.io/en/latest/api/fileio.html#file-io
07/05 04:55:24 - mmengine - WARNING - "HardDiskBackend" is the alias of "LocalBackend" and the former will be deprecated in future.
07/05 04:55:24 - mmengine - INFO - Checkpoints will be saved to /home/siyuan/projects/LLMs/OralDetect-Family/WeDetect_repro/WeDetect/work_dirs/v11dt3stage_s2.
/home/siyuan/anaconda3/envs/wedetect_official/lib/python3.10/site-packages/torch/functional.py:534: UserWarning: torch.meshgrid: in an upcoming release, it will be required to pass the indexing argument. (Triggered internally at ../aten/src/ATen/native/TensorShape.cpp:3595.)
  return _VF.meshgrid(tensors, **kwargs)  # type: ignore[attr-defined]
/home/siyuan/anaconda3/envs/wedetect_official/lib/python3.10/site-packages/torch/functional.py:534: UserWarning: torch.meshgrid: in an upcoming release, it will be required to pass the indexing argument. (Triggered internally at ../aten/src/ATen/native/TensorShape.cpp:3595.)
  return _VF.meshgrid(tensors, **kwargs)  # type: ignore[attr-defined]
/home/siyuan/anaconda3/envs/wedetect_official/lib/python3.10/site-packages/torch/functional.py:534: UserWarning: torch.meshgrid: in an upcoming release, it will be required to pass the indexing argument. (Triggered internally at ../aten/src/ATen/native/TensorShape.cpp:3595.)
  return _VF.meshgrid(tensors, **kwargs)  # type: ignore[attr-defined]
/home/siyuan/anaconda3/envs/wedetect_official/lib/python3.10/site-packages/torch/functional.py:534: UserWarning: torch.meshgrid: in an upcoming release, it will be required to pass the indexing argument. (Triggered internally at ../aten/src/ATen/native/TensorShape.cpp:3595.)
  return _VF.meshgrid(tensors, **kwargs)  # type: ignore[attr-defined]
[rank2]:[W705 04:55:27.220509020 reducer.cpp:1400] Warning: find_unused_parameters=True was specified in DDP constructor, but did not find any unused parameters in the forward pass. This flag results in an extra traversal of the autograd graph every iteration,  which can adversely affect performance. If your model indeed never has any unused parameters in the forward pass, consider turning this flag off. Note that this warning may be a false positive if your model has flow control causing later iterations to have unused parameters. (function operator())
[rank0]:[W705 04:55:27.221424716 reducer.cpp:1400] Warning: find_unused_parameters=True was specified in DDP constructor, but did not find any unused parameters in the forward pass. This flag results in an extra traversal of the autograd graph every iteration,  which can adversely affect performance. If your model indeed never has any unused parameters in the forward pass, consider turning this flag off. Note that this warning may be a false positive if your model has flow control causing later iterations to have unused parameters. (function operator())
[rank1]:[W705 04:55:27.223149080 reducer.cpp:1400] Warning: find_unused_parameters=True was specified in DDP constructor, but did not find any unused parameters in the forward pass. This flag results in an extra traversal of the autograd graph every iteration,  which can adversely affect performance. If your model indeed never has any unused parameters in the forward pass, consider turning this flag off. Note that this warning may be a false positive if your model has flow control causing later iterations to have unused parameters. (function operator())
[rank3]:[W705 04:55:27.243596528 reducer.cpp:1400] Warning: find_unused_parameters=True was specified in DDP constructor, but did not find any unused parameters in the forward pass. This flag results in an extra traversal of the autograd graph every iteration,  which can adversely affect performance. If your model indeed never has any unused parameters in the forward pass, consider turning this flag off. Note that this warning may be a false positive if your model has flow control causing later iterations to have unused parameters. (function operator())
07/05 04:55:48 - mmengine - INFO - Epoch(train) [1][  50/1294]  base_lr: 2.9719e-05 lr: 2.9719e-05  eta: 0:41:20  time: 0.4840  data_time: 0.0270  memory: 4788  grad_norm: 463.2130  loss: 113.5859  loss_cls: 39.2747  loss_bbox: 38.5928  loss_dfl: 35.7185
07/05 04:56:11 - mmengine - INFO - Epoch(train) [1][ 100/1294]  base_lr: 2.9432e-05 lr: 2.9432e-05  eta: 0:39:18  time: 0.4452  data_time: 0.0038  memory: 4828  grad_norm: 438.1960  loss: 113.2284  loss_cls: 38.9375  loss_bbox: 38.4119  loss_dfl: 35.8791
07/05 04:56:33 - mmengine - INFO - Epoch(train) [1][ 150/1294]  base_lr: 2.9145e-05 lr: 2.9145e-05  eta: 0:38:16  time: 0.4418  data_time: 0.0040  memory: 4961  grad_norm: 449.4095  loss: 117.1349  loss_cls: 40.9373  loss_bbox: 39.3123  loss_dfl: 36.8853
07/05 04:56:55 - mmengine - INFO - Epoch(train) [1][ 200/1294]  base_lr: 2.8858e-05 lr: 2.8858e-05  eta: 0:37:39  time: 0.4454  data_time: 0.0037  memory: 4735  grad_norm: 449.9902  loss: 116.8279  loss_cls: 40.8704  loss_bbox: 39.4098  loss_dfl: 36.5477
07/05 04:57:17 - mmengine - INFO - Epoch(train) [1][ 250/1294]  base_lr: 2.8571e-05 lr: 2.8571e-05  eta: 0:37:05  time: 0.4423  data_time: 0.0038  memory: 4854  grad_norm: 461.7313  loss: 113.3221  loss_cls: 38.7870  loss_bbox: 38.5166  loss_dfl: 36.0185
07/05 04:57:39 - mmengine - INFO - Epoch(train) [1][ 300/1294]  base_lr: 2.8284e-05 lr: 2.8284e-05  eta: 0:36:38  time: 0.4464  data_time: 0.0038  memory: 4781  grad_norm: 418.2870  loss: 117.2950  loss_cls: 41.0001  loss_bbox: 39.6103  loss_dfl: 36.6846
07/05 04:58:02 - mmengine - INFO - Epoch(train) [1][ 350/1294]  base_lr: 2.7997e-05 lr: 2.7997e-05  eta: 0:36:12  time: 0.4454  data_time: 0.0034  memory: 4841  grad_norm: 408.4656  loss: 113.2777  loss_cls: 38.1375  loss_bbox: 38.7633  loss_dfl: 36.3768
07/05 04:58:24 - mmengine - INFO - Epoch(train) [1][ 400/1294]  base_lr: 2.7710e-05 lr: 2.7710e-05  eta: 0:35:44  time: 0.4423  data_time: 0.0037  memory: 4861  grad_norm: 462.8943  loss: 116.8529  loss_cls: 40.3214  loss_bbox: 39.4979  loss_dfl: 37.0336
07/05 04:58:46 - mmengine - INFO - Epoch(train) [1][ 450/1294]  base_lr: 2.7423e-05 lr: 2.7423e-05  eta: 0:35:20  time: 0.4461  data_time: 0.0037  memory: 4841  grad_norm: 448.1690  loss: 113.3348  loss_cls: 39.2570  loss_bbox: 38.6980  loss_dfl: 35.3797
07/05 04:59:08 - mmengine - INFO - Epoch(train) [1][ 500/1294]  base_lr: 2.7136e-05 lr: 2.7136e-05  eta: 0:34:55  time: 0.4424  data_time: 0.0037  memory: 4868  grad_norm: 443.2899  loss: 116.7818  loss_cls: 40.8218  loss_bbox: 39.6640  loss_dfl: 36.2960
07/05 04:59:31 - mmengine - INFO - Epoch(train) [1][ 550/1294]  base_lr: 2.6849e-05 lr: 2.6849e-05  eta: 0:34:32  time: 0.4461  data_time: 0.0034  memory: 4795  grad_norm: 466.9353  loss: 114.8401  loss_cls: 39.6567  loss_bbox: 38.9200  loss_dfl: 36.2634
07/05 04:59:53 - mmengine - INFO - Epoch(train) [1][ 600/1294]  base_lr: 2.6562e-05 lr: 2.6562e-05  eta: 0:34:07  time: 0.4426  data_time: 0.0035  memory: 4888  grad_norm: 410.0649  loss: 114.3418  loss_cls: 38.9065  loss_bbox: 39.0090  loss_dfl: 36.4263
07/05 05:00:15 - mmengine - INFO - Epoch(train) [1][ 650/1294]  base_lr: 2.6275e-05 lr: 2.6275e-05  eta: 0:33:44  time: 0.4462  data_time: 0.0037  memory: 4675  grad_norm: 418.4503  loss: 115.6501  loss_cls: 40.2483  loss_bbox: 39.2645  loss_dfl: 36.1373
07/05 05:00:37 - mmengine - INFO - Epoch(train) [1][ 700/1294]  base_lr: 2.5988e-05 lr: 2.5988e-05  eta: 0:33:21  time: 0.4456  data_time: 0.0036  memory: 4735  grad_norm: 420.7070  loss: 115.4046  loss_cls: 40.2982  loss_bbox: 39.0673  loss_dfl: 36.0391
07/05 05:00:59 - mmengine - INFO - Epoch(train) [1][ 750/1294]  base_lr: 2.5701e-05 lr: 2.5701e-05  eta: 0:32:58  time: 0.4430  data_time: 0.0036  memory: 4821  grad_norm: 453.4749  loss: 114.3623  loss_cls: 39.0644  loss_bbox: 39.1970  loss_dfl: 36.1008
07/05 05:01:22 - mmengine - INFO - Epoch(train) [1][ 800/1294]  base_lr: 2.5414e-05 lr: 2.5414e-05  eta: 0:32:35  time: 0.4469  data_time: 0.0036  memory: 5181  grad_norm: 444.1166  loss: 114.0296  loss_cls: 39.2483  loss_bbox: 38.9886  loss_dfl: 35.7927
07/05 05:01:44 - mmengine - INFO - Epoch(train) [1][ 850/1294]  base_lr: 2.5127e-05 lr: 2.5127e-05  eta: 0:32:12  time: 0.4422  data_time: 0.0037  memory: 4795  grad_norm: 444.4427  loss: 115.3001  loss_cls: 39.2130  loss_bbox: 39.5204  loss_dfl: 36.5668
07/05 05:02:06 - mmengine - INFO - Epoch(train) [1][ 900/1294]  base_lr: 2.4841e-05 lr: 2.4841e-05  eta: 0:31:50  time: 0.4471  data_time: 0.0038  memory: 5021  grad_norm: 436.5301  loss: 114.6257  loss_cls: 38.7225  loss_bbox: 39.0264  loss_dfl: 36.8768
07/05 05:02:28 - mmengine - INFO - Epoch(train) [1][ 950/1294]  base_lr: 2.4554e-05 lr: 2.4554e-05  eta: 0:31:26  time: 0.4425  data_time: 0.0035  memory: 4748  grad_norm: 444.8938  loss: 115.5002  loss_cls: 40.6773  loss_bbox: 38.7672  loss_dfl: 36.0557
07/05 05:02:51 - mmengine - INFO - Exp name: wedetect_v11dt_3stage_s2_20260705_045508
07/05 05:02:51 - mmengine - INFO - Epoch(train) [1][1000/1294]  base_lr: 2.4267e-05 lr: 2.4267e-05  eta: 0:31:04  time: 0.4465  data_time: 0.0037  memory: 4908  grad_norm: 425.8815  loss: 116.6718  loss_cls: 40.0770  loss_bbox: 39.5363  loss_dfl: 37.0585
07/05 05:03:13 - mmengine - INFO - Epoch(train) [1][1050/1294]  base_lr: 2.3980e-05 lr: 2.3980e-05  eta: 0:30:42  time: 0.4461  data_time: 0.0036  memory: 4781  grad_norm: 413.1645  loss: 113.4706  loss_cls: 38.8676  loss_bbox: 38.5933  loss_dfl: 36.0097
07/05 05:03:35 - mmengine - INFO - Epoch(train) [1][1100/1294]  base_lr: 2.3693e-05 lr: 2.3693e-05  eta: 0:30:19  time: 0.4428  data_time: 0.0036  memory: 4728  grad_norm: 434.8543  loss: 115.8502  loss_cls: 40.1194  loss_bbox: 39.2278  loss_dfl: 36.5029
07/05 05:03:57 - mmengine - INFO - Epoch(train) [1][1150/1294]  base_lr: 2.3406e-05 lr: 2.3406e-05  eta: 0:29:56  time: 0.4451  data_time: 0.0036  memory: 4748  grad_norm: 444.1400  loss: 117.3601  loss_cls: 41.4004  loss_bbox: 39.3875  loss_dfl: 36.5721
07/05 05:04:19 - mmengine - INFO - Epoch(train) [1][1200/1294]  base_lr: 2.3119e-05 lr: 2.3119e-05  eta: 0:29:33  time: 0.4425  data_time: 0.0038  memory: 4795  grad_norm: 423.9274  loss: 114.9774  loss_cls: 39.0583  loss_bbox: 39.4396  loss_dfl: 36.4795
07/05 05:04:42 - mmengine - INFO - Epoch(train) [1][1250/1294]  base_lr: 2.2832e-05 lr: 2.2832e-05  eta: 0:29:11  time: 0.4457  data_time: 0.0036  memory: 4815  grad_norm: 451.3446  loss: 120.5686  loss_cls: 42.9062  loss_bbox: 40.5417  loss_dfl: 37.1207
07/05 05:05:01 - mmengine - INFO - Exp name: wedetect_v11dt_3stage_s2_20260705_045508
07/05 05:05:01 - mmengine - INFO - Saving checkpoint at 1 epochs
07/05 05:05:27 - mmengine - INFO - Epoch(train) [2][  50/1294]  base_lr: 2.2292e-05 lr: 2.2292e-05  eta: 0:28:30  time: 0.4576  data_time: 0.0124  memory: 4961  grad_norm: 430.3704  loss: 116.8939  loss_cls: 40.2999  loss_bbox: 39.6746  loss_dfl: 36.9193
07/05 05:05:50 - mmengine - INFO - Epoch(train) [2][ 100/1294]  base_lr: 2.2005e-05 lr: 2.2005e-05  eta: 0:28:07  time: 0.4461  data_time: 0.0036  memory: 4854  grad_norm: 450.2594  loss: 114.7698  loss_cls: 39.5010  loss_bbox: 39.1642  loss_dfl: 36.1046
07/05 05:06:12 - mmengine - INFO - Epoch(train) [2][ 150/1294]  base_lr: 2.1718e-05 lr: 2.1718e-05  eta: 0:27:45  time: 0.4460  data_time: 0.0038  memory: 4948  grad_norm: 458.1845  loss: 113.2875  loss_cls: 39.2035  loss_bbox: 38.3863  loss_dfl: 35.6976
07/05 05:06:34 - mmengine - INFO - Epoch(train) [2][ 200/1294]  base_lr: 2.1431e-05 lr: 2.1431e-05  eta: 0:27:23  time: 0.4468  data_time: 0.0038  memory: 4741  grad_norm: 423.6134  loss: 116.0973  loss_cls: 39.8538  loss_bbox: 39.7905  loss_dfl: 36.4529
07/05 05:06:57 - mmengine - INFO - Epoch(train) [2][ 250/1294]  base_lr: 2.1145e-05 lr: 2.1145e-05  eta: 0:27:00  time: 0.4466  data_time: 0.0038  memory: 4968  grad_norm: 414.9481  loss: 114.4330  loss_cls: 39.6213  loss_bbox: 39.1880  loss_dfl: 35.6237
07/05 05:07:19 - mmengine - INFO - Epoch(train) [2][ 300/1294]  base_lr: 2.0858e-05 lr: 2.0858e-05  eta: 0:26:38  time: 0.4496  data_time: 0.0037  memory: 4874  grad_norm: 445.1135  loss: 116.4704  loss_cls: 40.6387  loss_bbox: 39.1964  loss_dfl: 36.6353
07/05 05:07:41 - mmengine - INFO - Epoch(train) [2][ 350/1294]  base_lr: 2.0571e-05 lr: 2.0571e-05  eta: 0:26:16  time: 0.4421  data_time: 0.0037  memory: 4795  grad_norm: 420.4579  loss: 117.3433  loss_cls: 40.3696  loss_bbox: 39.8414  loss_dfl: 37.1323
07/05 05:08:04 - mmengine - INFO - Epoch(train) [2][ 400/1294]  base_lr: 2.0284e-05 lr: 2.0284e-05  eta: 0:25:54  time: 0.4499  data_time: 0.0037  memory: 4808  grad_norm: 430.6967  loss: 116.0770  loss_cls: 39.9450  loss_bbox: 39.4288  loss_dfl: 36.7032
07/05 05:08:26 - mmengine - INFO - Epoch(train) [2][ 450/1294]  base_lr: 1.9997e-05 lr: 1.9997e-05  eta: 0:25:31  time: 0.4456  data_time: 0.0037  memory: 4695  grad_norm: 403.5823  loss: 112.3248  loss_cls: 37.5636  loss_bbox: 38.8799  loss_dfl: 35.8812
07/05 05:08:48 - mmengine - INFO - Epoch(train) [2][ 500/1294]  base_lr: 1.9710e-05 lr: 1.9710e-05  eta: 0:25:09  time: 0.4456  data_time: 0.0035  memory: 4781  grad_norm: 441.5221  loss: 114.4451  loss_cls: 39.2779  loss_bbox: 38.8015  loss_dfl: 36.3656
07/05 05:09:11 - mmengine - INFO - Epoch(train) [2][ 550/1294]  base_lr: 1.9423e-05 lr: 1.9423e-05  eta: 0:24:47  time: 0.4458  data_time: 0.0037  memory: 4755  grad_norm: 419.0939  loss: 111.6474  loss_cls: 38.0111  loss_bbox: 37.8191  loss_dfl: 35.8173
07/05 05:09:33 - mmengine - INFO - Epoch(train) [2][ 600/1294]  base_lr: 1.9136e-05 lr: 1.9136e-05  eta: 0:24:24  time: 0.4452  data_time: 0.0036  memory: 4688  grad_norm: 425.8895  loss: 115.2265  loss_cls: 39.2912  loss_bbox: 39.2065  loss_dfl: 36.7288
07/05 05:09:55 - mmengine - INFO - Epoch(train) [2][ 650/1294]  base_lr: 1.8849e-05 lr: 1.8849e-05  eta: 0:24:02  time: 0.4483  data_time: 0.0035  memory: 4768  grad_norm: 429.3754  loss: 116.1924  loss_cls: 39.9406  loss_bbox: 39.3798  loss_dfl: 36.8720
07/05 05:10:18 - mmengine - INFO - Epoch(train) [2][ 700/1294]  base_lr: 1.8562e-05 lr: 1.8562e-05  eta: 0:23:39  time: 0.4428  data_time: 0.0037  memory: 4741  grad_norm: 436.9466  loss: 115.8155  loss_cls: 40.5290  loss_bbox: 39.2320  loss_dfl: 36.0545
07/05 05:10:20 - mmengine - INFO - Exp name: wedetect_v11dt_3stage_s2_20260705_045508
07/05 05:10:40 - mmengine - INFO - Epoch(train) [2][ 750/1294]  base_lr: 1.8275e-05 lr: 1.8275e-05  eta: 0:23:17  time: 0.4496  data_time: 0.0037  memory: 4755  grad_norm: 420.6016  loss: 114.8405  loss_cls: 39.9715  loss_bbox: 38.6180  loss_dfl: 36.2510
07/05 05:11:02 - mmengine - INFO - Epoch(train) [2][ 800/1294]  base_lr: 1.7988e-05 lr: 1.7988e-05  eta: 0:22:55  time: 0.4461  data_time: 0.0036  memory: 4808  grad_norm: 425.4787  loss: 115.7745  loss_cls: 40.1155  loss_bbox: 39.0533  loss_dfl: 36.6057
07/05 05:11:25 - mmengine - INFO - Epoch(train) [2][ 850/1294]  base_lr: 1.7701e-05 lr: 1.7701e-05  eta: 0:22:33  time: 0.4459  data_time: 0.0035  memory: 4748  grad_norm: 447.5820  loss: 113.9140  loss_cls: 38.4110  loss_bbox: 38.9446  loss_dfl: 36.5585
07/05 05:11:47 - mmengine - INFO - Epoch(train) [2][ 900/1294]  base_lr: 1.7414e-05 lr: 1.7414e-05  eta: 0:22:10  time: 0.4457  data_time: 0.0035  memory: 4668  grad_norm: 444.2723  loss: 115.7532  loss_cls: 40.1168  loss_bbox: 39.2535  loss_dfl: 36.3829
07/05 05:12:09 - mmengine - INFO - Epoch(train) [2][ 950/1294]  base_lr: 1.7127e-05 lr: 1.7127e-05  eta: 0:21:48  time: 0.4463  data_time: 0.0036  memory: 4668  grad_norm: 418.8779  loss: 111.8931  loss_cls: 37.3454  loss_bbox: 38.3414  loss_dfl: 36.2063
07/05 05:12:32 - mmengine - INFO - Epoch(train) [2][1000/1294]  base_lr: 1.6840e-05 lr: 1.6840e-05  eta: 0:21:26  time: 0.4495  data_time: 0.0035  memory: 4861  grad_norm: 425.2835  loss: 115.8548  loss_cls: 40.2559  loss_bbox: 39.1503  loss_dfl: 36.4486
07/05 05:12:54 - mmengine - INFO - Epoch(train) [2][1050/1294]  base_lr: 1.6553e-05 lr: 1.6553e-05  eta: 0:21:03  time: 0.4428  data_time: 0.0036  memory: 4841  grad_norm: 446.8125  loss: 113.5536  loss_cls: 38.1562  loss_bbox: 39.3066  loss_dfl: 36.0908
07/05 05:13:16 - mmengine - INFO - Epoch(train) [2][1100/1294]  base_lr: 1.6266e-05 lr: 1.6266e-05  eta: 0:20:41  time: 0.4498  data_time: 0.0036  memory: 4921  grad_norm: 434.2945  loss: 114.2197  loss_cls: 38.9449  loss_bbox: 38.6130  loss_dfl: 36.6618
07/05 05:13:39 - mmengine - INFO - Epoch(train) [2][1150/1294]  base_lr: 1.5979e-05 lr: 1.5979e-05  eta: 0:20:19  time: 0.4464  data_time: 0.0036  memory: 4848  grad_norm: 439.6504  loss: 114.7304  loss_cls: 39.7658  loss_bbox: 38.6283  loss_dfl: 36.3363
07/05 05:14:01 - mmengine - INFO - Epoch(train) [2][1200/1294]  base_lr: 1.5692e-05 lr: 1.5692e-05  eta: 0:19:57  time: 0.4457  data_time: 0.0035  memory: 4934  grad_norm: 453.9857  loss: 111.1865  loss_cls: 37.8645  loss_bbox: 37.8060  loss_dfl: 35.5160
07/05 05:14:23 - mmengine - INFO - Epoch(train) [2][1250/1294]  base_lr: 1.5405e-05 lr: 1.5405e-05  eta: 0:19:34  time: 0.4459  data_time: 0.0035  memory: 4848  grad_norm: 435.0842  loss: 116.1324  loss_cls: 39.3160  loss_bbox: 39.8568  loss_dfl: 36.9597
07/05 05:14:43 - mmengine - INFO - Exp name: wedetect_v11dt_3stage_s2_20260705_045508
07/05 05:14:43 - mmengine - INFO - Saving checkpoint at 2 epochs
07/05 05:14:49 - mmengine - INFO - Epoch(val) [2][  50/2587]    eta: 0:02:46  time: 0.0658  data_time: 0.0206  memory: 4781  
07/05 05:14:52 - mmengine - INFO - Epoch(val) [2][ 100/2587]    eta: 0:02:21  time: 0.0478  data_time: 0.0031  memory: 1216  
07/05 05:14:54 - mmengine - INFO - Epoch(val) [2][ 150/2587]    eta: 0:02:08  time: 0.0452  data_time: 0.0003  memory: 1216  
07/05 05:14:58 - mmengine - INFO - Epoch(val) [2][ 200/2587]    eta: 0:02:26  time: 0.0867  data_time: 0.0424  memory: 1216  
07/05 05:15:01 - mmengine - INFO - Epoch(val) [2][ 250/2587]    eta: 0:02:15  time: 0.0449  data_time: 0.0002  memory: 1216  
07/05 05:15:03 - mmengine - INFO - Epoch(val) [2][ 300/2587]    eta: 0:02:07  time: 0.0450  data_time: 0.0002  memory: 1216  
07/05 05:15:05 - mmengine - INFO - Epoch(val) [2][ 350/2587]    eta: 0:02:01  time: 0.0450  data_time: 0.0002  memory: 1216  
07/05 05:15:07 - mmengine - INFO - Epoch(val) [2][ 400/2587]    eta: 0:01:56  time: 0.0450  data_time: 0.0002  memory: 1216  
07/05 05:15:10 - mmengine - INFO - Epoch(val) [2][ 450/2587]    eta: 0:01:51  time: 0.0451  data_time: 0.0002  memory: 1216  
07/05 05:15:12 - mmengine - INFO - Epoch(val) [2][ 500/2587]    eta: 0:01:47  time: 0.0451  data_time: 0.0002  memory: 1216  
07/05 05:15:14 - mmengine - INFO - Epoch(val) [2][ 550/2587]    eta: 0:01:43  time: 0.0452  data_time: 0.0002  memory: 1216  
07/05 05:15:16 - mmengine - INFO - Epoch(val) [2][ 600/2587]    eta: 0:01:40  time: 0.0451  data_time: 0.0002  memory: 1216  
07/05 05:15:19 - mmengine - INFO - Epoch(val) [2][ 650/2587]    eta: 0:01:36  time: 0.0451  data_time: 0.0002  memory: 1216  
07/05 05:15:21 - mmengine - INFO - Epoch(val) [2][ 700/2587]    eta: 0:01:33  time: 0.0451  data_time: 0.0002  memory: 1216  
07/05 05:15:23 - mmengine - INFO - Epoch(val) [2][ 750/2587]    eta: 0:01:30  time: 0.0451  data_time: 0.0002  memory: 1216  
07/05 05:15:25 - mmengine - INFO - Epoch(val) [2][ 800/2587]    eta: 0:01:27  time: 0.0452  data_time: 0.0002  memory: 1216  
07/05 05:15:28 - mmengine - INFO - Epoch(val) [2][ 850/2587]    eta: 0:01:24  time: 0.0451  data_time: 0.0002  memory: 1216  
07/05 05:15:30 - mmengine - INFO - Epoch(val) [2][ 900/2587]    eta: 0:01:22  time: 0.0451  data_time: 0.0002  memory: 1216  
07/05 05:15:32 - mmengine - INFO - Epoch(val) [2][ 950/2587]    eta: 0:01:19  time: 0.0451  data_time: 0.0002  memory: 1216  
07/05 05:15:34 - mmengine - INFO - Epoch(val) [2][1000/2587]    eta: 0:01:16  time: 0.0451  data_time: 0.0002  memory: 1216  
07/05 05:15:37 - mmengine - INFO - Epoch(val) [2][1050/2587]    eta: 0:01:14  time: 0.0451  data_time: 0.0002  memory: 1216  
07/05 05:15:39 - mmengine - INFO - Epoch(val) [2][1100/2587]    eta: 0:01:11  time: 0.0452  data_time: 0.0002  memory: 1216  
07/05 05:15:41 - mmengine - INFO - Epoch(val) [2][1150/2587]    eta: 0:01:08  time: 0.0452  data_time: 0.0002  memory: 1216  
07/05 05:15:43 - mmengine - INFO - Epoch(val) [2][1200/2587]    eta: 0:01:06  time: 0.0452  data_time: 0.0002  memory: 1216  
07/05 05:15:46 - mmengine - INFO - Epoch(val) [2][1250/2587]    eta: 0:01:03  time: 0.0454  data_time: 0.0002  memory: 1216  
07/05 05:15:48 - mmengine - INFO - Epoch(val) [2][1300/2587]    eta: 0:01:01  time: 0.0512  data_time: 0.0002  memory: 1216  
07/05 05:15:51 - mmengine - INFO - Epoch(val) [2][1350/2587]    eta: 0:00:59  time: 0.0455  data_time: 0.0003  memory: 1216  
07/05 05:15:53 - mmengine - INFO - Epoch(val) [2][1400/2587]    eta: 0:00:56  time: 0.0456  data_time: 0.0003  memory: 1216  
07/05 05:15:55 - mmengine - INFO - Epoch(val) [2][1450/2587]    eta: 0:00:54  time: 0.0456  data_time: 0.0003  memory: 1216  
07/05 05:15:57 - mmengine - INFO - Epoch(val) [2][1500/2587]    eta: 0:00:51  time: 0.0455  data_time: 0.0003  memory: 1216  
07/05 05:16:00 - mmengine - INFO - Epoch(val) [2][1550/2587]    eta: 0:00:49  time: 0.0454  data_time: 0.0003  memory: 1216  
07/05 05:16:02 - mmengine - INFO - Epoch(val) [2][1600/2587]    eta: 0:00:46  time: 0.0454  data_time: 0.0003  memory: 1216  
07/05 05:16:04 - mmengine - INFO - Epoch(val) [2][1650/2587]    eta: 0:00:44  time: 0.0453  data_time: 0.0003  memory: 1216  
07/05 05:16:06 - mmengine - INFO - Epoch(val) [2][1700/2587]    eta: 0:00:41  time: 0.0451  data_time: 0.0002  memory: 1216  
07/05 05:16:09 - mmengine - INFO - Epoch(val) [2][1750/2587]    eta: 0:00:39  time: 0.0474  data_time: 0.0023  memory: 1216  
07/05 05:16:11 - mmengine - INFO - Epoch(val) [2][1800/2587]    eta: 0:00:37  time: 0.0484  data_time: 0.0037  memory: 1216  
07/05 05:16:13 - mmengine - INFO - Epoch(val) [2][1850/2587]    eta: 0:00:34  time: 0.0452  data_time: 0.0002  memory: 1216  
07/05 05:16:16 - mmengine - INFO - Epoch(val) [2][1900/2587]    eta: 0:00:32  time: 0.0453  data_time: 0.0003  memory: 1216  
07/05 05:16:18 - mmengine - INFO - Epoch(val) [2][1950/2587]    eta: 0:00:30  time: 0.0452  data_time: 0.0002  memory: 1216  
07/05 05:16:20 - mmengine - INFO - Epoch(val) [2][2000/2587]    eta: 0:00:27  time: 0.0452  data_time: 0.0002  memory: 1216  
07/05 05:16:23 - mmengine - INFO - Epoch(val) [2][2050/2587]    eta: 0:00:25  time: 0.0453  data_time: 0.0003  memory: 1216  
07/05 05:16:25 - mmengine - INFO - Epoch(val) [2][2100/2587]    eta: 0:00:22  time: 0.0452  data_time: 0.0002  memory: 1216  
07/05 05:16:27 - mmengine - INFO - Epoch(val) [2][2150/2587]    eta: 0:00:20  time: 0.0454  data_time: 0.0003  memory: 1216  
07/05 05:16:29 - mmengine - INFO - Epoch(val) [2][2200/2587]    eta: 0:00:18  time: 0.0453  data_time: 0.0003  memory: 1216  
07/05 05:16:32 - mmengine - INFO - Epoch(val) [2][2250/2587]    eta: 0:00:15  time: 0.0529  data_time: 0.0081  memory: 1216  
07/05 05:16:34 - mmengine - INFO - Epoch(val) [2][2300/2587]    eta: 0:00:13  time: 0.0450  data_time: 0.0002  memory: 1216  
07/05 05:16:37 - mmengine - INFO - Epoch(val) [2][2350/2587]    eta: 0:00:11  time: 0.0452  data_time: 0.0002  memory: 1216  
07/05 05:16:39 - mmengine - INFO - Epoch(val) [2][2400/2587]    eta: 0:00:08  time: 0.0454  data_time: 0.0003  memory: 1216  
07/05 05:16:41 - mmengine - INFO - Epoch(val) [2][2450/2587]    eta: 0:00:06  time: 0.0452  data_time: 0.0003  memory: 1216  
07/05 05:16:43 - mmengine - INFO - Epoch(val) [2][2500/2587]    eta: 0:00:04  time: 0.0451  data_time: 0.0002  memory: 1216  
07/05 05:16:46 - mmengine - INFO - Epoch(val) [2][2550/2587]    eta: 0:00:01  time: 0.0451  data_time: 0.0002  memory: 1216  
07/05 05:17:05 - mmengine - INFO - Evaluating bbox...
Loading and preparing results...
DONE (t=4.17s)
creating index...
index created!
Running per image evaluation...
Evaluate annotation type *bbox*
DONE (t=67.34s).
Accumulating evaluation results...
DONE (t=24.89s).
 Average Precision  (AP) @[ IoU=0.50:0.95 | area=   all | maxDets=100 ] = 0.354
 Average Precision  (AP) @[ IoU=0.50      | area=   all | maxDets=1000 ] = 0.501
 Average Precision  (AP) @[ IoU=0.75      | area=   all | maxDets=1000 ] = 0.407
 Average Precision  (AP) @[ IoU=0.50:0.95 | area= small | maxDets=1000 ] = 0.133
 Average Precision  (AP) @[ IoU=0.50:0.95 | area=medium | maxDets=1000 ] = 0.334
 Average Precision  (AP) @[ IoU=0.50:0.95 | area= large | maxDets=1000 ] = 0.393
 Average Recall     (AR) @[ IoU=0.50:0.95 | area=   all | maxDets=100 ] = 0.694
 Average Recall     (AR) @[ IoU=0.50:0.95 | area=   all | maxDets=300 ] = 0.695
 Average Recall     (AR) @[ IoU=0.50:0.95 | area=   all | maxDets=1000 ] = 0.695
 Average Recall     (AR) @[ IoU=0.50:0.95 | area= small | maxDets=1000 ] = 0.281
 Average Recall     (AR) @[ IoU=0.50:0.95 | area=medium | maxDets=1000 ] = 0.661
 Average Recall     (AR) @[ IoU=0.50:0.95 | area= large | maxDets=1000 ] = 0.756
07/05 05:18:48 - mmengine - INFO - bbox_mAP_copypaste: 0.354 0.501 0.407 0.133 0.334 0.393
07/05 05:18:50 - mmengine - INFO - Epoch(val) [2][2587/2587]    coco/bbox_mAP: 0.3540  coco/bbox_mAP_50: 0.5010  coco/bbox_mAP_75: 0.4070  coco/bbox_mAP_s: 0.1330  coco/bbox_mAP_m: 0.3340  coco/bbox_mAP_l: 0.3930  data_time: 0.0018  time: 0.0468
07/05 05:18:53 - mmengine - INFO - The best checkpoint with 0.3540 coco/bbox_mAP at 2 epoch is saved to best_coco_bbox_mAP_epoch_2.pth.
07/05 05:19:19 - mmengine - INFO - Epoch(train) [3][  50/1294]  base_lr: 1.4866e-05 lr: 1.4866e-05  eta: 0:18:53  time: 0.4646  data_time: 0.0132  memory: 4635  grad_norm: 419.6389  loss: 113.6639  loss_cls: 38.5298  loss_bbox: 38.8611  loss_dfl: 36.2729
07/05 05:19:41 - mmengine - INFO - Epoch(train) [3][ 100/1294]  base_lr: 1.4579e-05 lr: 1.4579e-05  eta: 0:18:31  time: 0.4454  data_time: 0.0038  memory: 4741  grad_norm: 432.7914  loss: 113.0788  loss_cls: 37.8382  loss_bbox: 39.1302  loss_dfl: 36.1105
07/05 05:20:04 - mmengine - INFO - Epoch(train) [3][ 150/1294]  base_lr: 1.4292e-05 lr: 1.4292e-05  eta: 0:18:08  time: 0.4461  data_time: 0.0038  memory: 4675  grad_norm: 416.0724  loss: 115.5387  loss_cls: 38.7125  loss_bbox: 39.9075  loss_dfl: 36.9187
07/05 05:20:26 - mmengine - INFO - Epoch(train) [3][ 200/1294]  base_lr: 1.4005e-05 lr: 1.4005e-05  eta: 0:17:46  time: 0.4432  data_time: 0.0038  memory: 5175  grad_norm: 435.8882  loss: 111.6340  loss_cls: 37.0459  loss_bbox: 38.6649  loss_dfl: 35.9232
07/05 05:20:48 - mmengine - INFO - Epoch(train) [3][ 250/1294]  base_lr: 1.3718e-05 lr: 1.3718e-05  eta: 0:17:24  time: 0.4485  data_time: 0.0037  memory: 4701  grad_norm: 443.1512  loss: 114.3943  loss_cls: 38.9316  loss_bbox: 39.1737  loss_dfl: 36.2890
07/05 05:21:11 - mmengine - INFO - Epoch(train) [3][ 300/1294]  base_lr: 1.3431e-05 lr: 1.3431e-05  eta: 0:17:01  time: 0.4482  data_time: 0.0038  memory: 4801  grad_norm: 436.8640  loss: 113.8752  loss_cls: 38.3348  loss_bbox: 39.1467  loss_dfl: 36.3937
07/05 05:21:33 - mmengine - INFO - Epoch(train) [3][ 350/1294]  base_lr: 1.3144e-05 lr: 1.3144e-05  eta: 0:16:39  time: 0.4434  data_time: 0.0037  memory: 4888  grad_norm: 442.2964  loss: 114.2845  loss_cls: 38.1300  loss_bbox: 39.5966  loss_dfl: 36.5579
07/05 05:21:56 - mmengine - INFO - Epoch(train) [3][ 400/1294]  base_lr: 1.2857e-05 lr: 1.2857e-05  eta: 0:16:17  time: 0.4532  data_time: 0.0037  memory: 4888  grad_norm: 454.6528  loss: 116.0836  loss_cls: 39.3848  loss_bbox: 40.1018  loss_dfl: 36.5971
07/05 05:22:01 - mmengine - INFO - Exp name: wedetect_v11dt_3stage_s2_20260705_045508
07/05 05:22:18 - mmengine - INFO - Epoch(train) [3][ 450/1294]  base_lr: 1.2570e-05 lr: 1.2570e-05  eta: 0:15:54  time: 0.4477  data_time: 0.0038  memory: 4841  grad_norm: 456.0134  loss: 116.3690  loss_cls: 40.4547  loss_bbox: 39.0468  loss_dfl: 36.8675
07/05 05:22:40 - mmengine - INFO - Epoch(train) [3][ 500/1294]  base_lr: 1.2283e-05 lr: 1.2283e-05  eta: 0:15:32  time: 0.4486  data_time: 0.0037  memory: 5088  grad_norm: 427.3747  loss: 111.6630  loss_cls: 37.7961  loss_bbox: 38.0449  loss_dfl: 35.8221
07/05 05:23:03 - mmengine - INFO - Epoch(train) [3][ 550/1294]  base_lr: 1.1996e-05 lr: 1.1996e-05  eta: 0:15:10  time: 0.4442  data_time: 0.0038  memory: 4821  grad_norm: 431.8084  loss: 112.6905  loss_cls: 37.6178  loss_bbox: 38.8520  loss_dfl: 36.2207
07/05 05:23:25 - mmengine - INFO - Epoch(train) [3][ 600/1294]  base_lr: 1.1709e-05 lr: 1.1709e-05  eta: 0:14:48  time: 0.4501  data_time: 0.0040  memory: 4775  grad_norm: 442.2344  loss: 116.5886  loss_cls: 39.9063  loss_bbox: 39.6341  loss_dfl: 37.0482
07/05 05:23:47 - mmengine - INFO - Epoch(train) [3][ 650/1294]  base_lr: 1.1422e-05 lr: 1.1422e-05  eta: 0:14:25  time: 0.4473  data_time: 0.0036  memory: 4715  grad_norm: 441.2005  loss: 112.2998  loss_cls: 37.7835  loss_bbox: 37.8905  loss_dfl: 36.6259
07/05 05:24:10 - mmengine - INFO - Epoch(train) [3][ 700/1294]  base_lr: 1.1135e-05 lr: 1.1135e-05  eta: 0:14:03  time: 0.4490  data_time: 0.0038  memory: 4721  grad_norm: 429.9328  loss: 109.6395  loss_cls: 37.2347  loss_bbox: 37.0831  loss_dfl: 35.3216
07/05 05:24:33 - mmengine - INFO - Epoch(train) [3][ 750/1294]  base_lr: 1.0849e-05 lr: 1.0849e-05  eta: 0:13:41  time: 0.4531  data_time: 0.0037  memory: 5115  grad_norm: 418.5104  loss: 113.6514  loss_cls: 38.4134  loss_bbox: 39.3967  loss_dfl: 35.8412
07/05 05:24:55 - mmengine - INFO - Epoch(train) [3][ 800/1294]  base_lr: 1.0562e-05 lr: 1.0562e-05  eta: 0:13:18  time: 0.4406  data_time: 0.0037  memory: 4728  grad_norm: 419.5471  loss: 113.0742  loss_cls: 37.8886  loss_bbox: 38.9061  loss_dfl: 36.2795
07/05 05:25:17 - mmengine - INFO - Epoch(train) [3][ 850/1294]  base_lr: 1.0275e-05 lr: 1.0275e-05  eta: 0:12:56  time: 0.4528  data_time: 0.0037  memory: 4748  grad_norm: 428.4586  loss: 118.2940  loss_cls: 40.9368  loss_bbox: 40.3401  loss_dfl: 37.0172
07/05 05:25:39 - mmengine - INFO - Epoch(train) [3][ 900/1294]  base_lr: 9.9877e-06 lr: 9.9877e-06  eta: 0:12:34  time: 0.4410  data_time: 0.0038  memory: 4828  grad_norm: 413.6812  loss: 113.2049  loss_cls: 38.1962  loss_bbox: 38.7619  loss_dfl: 36.2468
07/05 05:26:02 - mmengine - INFO - Epoch(train) [3][ 950/1294]  base_lr: 9.7007e-06 lr: 9.7007e-06  eta: 0:12:11  time: 0.4534  data_time: 0.0036  memory: 4808  grad_norm: 430.1331  loss: 112.1252  loss_cls: 38.6030  loss_bbox: 37.9003  loss_dfl: 35.6220
07/05 05:26:24 - mmengine - INFO - Epoch(train) [3][1000/1294]  base_lr: 9.4137e-06 lr: 9.4137e-06  eta: 0:11:49  time: 0.4442  data_time: 0.0037  memory: 4695  grad_norm: 407.3304  loss: 112.8887  loss_cls: 38.0135  loss_bbox: 38.8818  loss_dfl: 35.9934
07/05 05:26:47 - mmengine - INFO - Epoch(train) [3][1050/1294]  base_lr: 9.1268e-06 lr: 9.1268e-06  eta: 0:11:27  time: 0.4503  data_time: 0.0037  memory: 4735  grad_norm: 431.5039  loss: 110.7352  loss_cls: 36.0700  loss_bbox: 38.2597  loss_dfl: 36.4055
07/05 05:27:09 - mmengine - INFO - Epoch(train) [3][1100/1294]  base_lr: 8.8398e-06 lr: 8.8398e-06  eta: 0:11:04  time: 0.4498  data_time: 0.0036  memory: 4728  grad_norm: 431.9946  loss: 116.4910  loss_cls: 40.3168  loss_bbox: 39.8377  loss_dfl: 36.3365
07/05 05:27:31 - mmengine - INFO - Epoch(train) [3][1150/1294]  base_lr: 8.5529e-06 lr: 8.5529e-06  eta: 0:10:42  time: 0.4444  data_time: 0.0037  memory: 4821  grad_norm: 443.2321  loss: 110.1727  loss_cls: 37.2833  loss_bbox: 37.3975  loss_dfl: 35.4919
07/05 05:27:54 - mmengine - INFO - Epoch(train) [3][1200/1294]  base_lr: 8.2659e-06 lr: 8.2659e-06  eta: 0:10:20  time: 0.4549  data_time: 0.0038  memory: 4895  grad_norm: 419.8601  loss: 113.0015  loss_cls: 38.8052  loss_bbox: 37.9810  loss_dfl: 36.2152
07/05 05:28:16 - mmengine - INFO - Epoch(train) [3][1250/1294]  base_lr: 7.9790e-06 lr: 7.9790e-06  eta: 0:09:57  time: 0.4412  data_time: 0.0039  memory: 4881  grad_norm: 428.4328  loss: 111.8736  loss_cls: 37.6614  loss_bbox: 38.4032  loss_dfl: 35.8090
07/05 05:28:36 - mmengine - INFO - Exp name: wedetect_v11dt_3stage_s2_20260705_045508
07/05 05:28:36 - mmengine - INFO - Saving checkpoint at 3 epochs
07/05 05:29:02 - mmengine - INFO - Epoch(train) [4][  50/1294]  base_lr: 7.4395e-06 lr: 7.4395e-06  eta: 0:09:15  time: 0.4478  data_time: 0.0104  memory: 5021  grad_norm: 440.4760  loss: 112.3180  loss_cls: 37.0840  loss_bbox: 38.7224  loss_dfl: 36.5116
07/05 05:29:24 - mmengine - INFO - Epoch(train) [4][ 100/1294]  base_lr: 7.1525e-06 lr: 7.1525e-06  eta: 0:08:53  time: 0.4542  data_time: 0.0038  memory: 4895  grad_norm: 427.8471  loss: 112.7510  loss_cls: 38.5151  loss_bbox: 38.0205  loss_dfl: 36.2155
07/05 05:29:32 - mmengine - INFO - Exp name: wedetect_v11dt_3stage_s2_20260705_045508
07/05 05:29:47 - mmengine - INFO - Epoch(train) [4][ 150/1294]  base_lr: 6.8656e-06 lr: 6.8656e-06  eta: 0:08:31  time: 0.4488  data_time: 0.0037  memory: 4688  grad_norm: 464.5611  loss: 113.5306  loss_cls: 38.2265  loss_bbox: 38.8382  loss_dfl: 36.4658
07/05 05:30:09 - mmengine - INFO - Epoch(train) [4][ 200/1294]  base_lr: 6.5786e-06 lr: 6.5786e-06  eta: 0:08:09  time: 0.4449  data_time: 0.0038  memory: 4835  grad_norm: 437.2903  loss: 114.9994  loss_cls: 38.1734  loss_bbox: 39.7562  loss_dfl: 37.0698
07/05 05:30:32 - mmengine - INFO - Epoch(train) [4][ 250/1294]  base_lr: 6.2917e-06 lr: 6.2917e-06  eta: 0:07:46  time: 0.4525  data_time: 0.0036  memory: 4668  grad_norm: 431.1997  loss: 111.9063  loss_cls: 38.2316  loss_bbox: 37.7133  loss_dfl: 35.9614
07/05 05:30:54 - mmengine - INFO - Epoch(train) [4][ 300/1294]  base_lr: 6.0047e-06 lr: 6.0047e-06  eta: 0:07:24  time: 0.4446  data_time: 0.0038  memory: 4841  grad_norm: 428.0737  loss: 113.6774  loss_cls: 37.9869  loss_bbox: 38.9167  loss_dfl: 36.7738
07/05 05:31:17 - mmengine - INFO - Epoch(train) [4][ 350/1294]  base_lr: 5.7177e-06 lr: 5.7177e-06  eta: 0:07:02  time: 0.4549  data_time: 0.0037  memory: 4748  grad_norm: 442.9207  loss: 112.2673  loss_cls: 37.5226  loss_bbox: 38.5862  loss_dfl: 36.1586
07/05 05:31:39 - mmengine - INFO - Epoch(train) [4][ 400/1294]  base_lr: 5.4308e-06 lr: 5.4308e-06  eta: 0:06:39  time: 0.4413  data_time: 0.0037  memory: 4801  grad_norm: 420.1251  loss: 111.3186  loss_cls: 37.6982  loss_bbox: 38.0223  loss_dfl: 35.5981
07/05 05:32:02 - mmengine - INFO - Epoch(train) [4][ 450/1294]  base_lr: 5.1438e-06 lr: 5.1438e-06  eta: 0:06:17  time: 0.4551  data_time: 0.0041  memory: 4641  grad_norm: 430.8271  loss: 114.3865  loss_cls: 39.8297  loss_bbox: 38.4311  loss_dfl: 36.1257
07/05 05:32:24 - mmengine - INFO - Epoch(train) [4][ 500/1294]  base_lr: 4.8569e-06 lr: 4.8569e-06  eta: 0:05:55  time: 0.4519  data_time: 0.0039  memory: 4841  grad_norm: 439.9711  loss: 113.9846  loss_cls: 38.6239  loss_bbox: 38.8897  loss_dfl: 36.4709
07/05 05:32:46 - mmengine - INFO - Epoch(train) [4][ 550/1294]  base_lr: 4.5699e-06 lr: 4.5699e-06  eta: 0:05:32  time: 0.4460  data_time: 0.0038  memory: 4995  grad_norm: 423.2343  loss: 114.4966  loss_cls: 39.3974  loss_bbox: 38.6875  loss_dfl: 36.4117
07/05 05:33:09 - mmengine - INFO - Epoch(train) [4][ 600/1294]  base_lr: 4.2830e-06 lr: 4.2830e-06  eta: 0:05:10  time: 0.4508  data_time: 0.0036  memory: 5108  grad_norm: 430.6008  loss: 109.6066  loss_cls: 37.0232  loss_bbox: 37.3617  loss_dfl: 35.2217
07/05 05:33:31 - mmengine - INFO - Epoch(train) [4][ 650/1294]  base_lr: 3.9960e-06 lr: 3.9960e-06  eta: 0:04:48  time: 0.4457  data_time: 0.0042  memory: 4721  grad_norm: 444.8123  loss: 115.0523  loss_cls: 38.6367  loss_bbox: 39.4252  loss_dfl: 36.9904
07/05 05:33:54 - mmengine - INFO - Epoch(train) [4][ 700/1294]  base_lr: 3.7090e-06 lr: 3.7090e-06  eta: 0:04:25  time: 0.4543  data_time: 0.0037  memory: 4855  grad_norm: 449.2319  loss: 112.4309  loss_cls: 36.8702  loss_bbox: 39.3669  loss_dfl: 36.1938
07/05 05:34:16 - mmengine - INFO - Epoch(train) [4][ 750/1294]  base_lr: 3.4221e-06 lr: 3.4221e-06  eta: 0:04:03  time: 0.4427  data_time: 0.0039  memory: 4901  grad_norm: 435.7110  loss: 115.9215  loss_cls: 40.1265  loss_bbox: 39.4258  loss_dfl: 36.3692
07/05 05:34:39 - mmengine - INFO - Epoch(train) [4][ 800/1294]  base_lr: 3.1351e-06 lr: 3.1351e-06  eta: 0:03:41  time: 0.4573  data_time: 0.0037  memory: 4808  grad_norm: 443.0166  loss: 113.2992  loss_cls: 36.9977  loss_bbox: 39.6925  loss_dfl: 36.6091
07/05 05:35:02 - mmengine - INFO - Epoch(train) [4][ 850/1294]  base_lr: 2.8482e-06 lr: 2.8482e-06  eta: 0:03:18  time: 0.4532  data_time: 0.0037  memory: 5075  grad_norm: 415.9598  loss: 112.8200  loss_cls: 37.7504  loss_bbox: 39.0623  loss_dfl: 36.0073
07/05 05:35:24 - mmengine - INFO - Epoch(train) [4][ 900/1294]  base_lr: 2.5612e-06 lr: 2.5612e-06  eta: 0:02:56  time: 0.4448  data_time: 0.0038  memory: 4981  grad_norm: 425.4372  loss: 110.7770  loss_cls: 36.8048  loss_bbox: 37.8198  loss_dfl: 36.1524
07/05 05:35:46 - mmengine - INFO - Epoch(train) [4][ 950/1294]  base_lr: 2.2743e-06 lr: 2.2743e-06  eta: 0:02:33  time: 0.4518  data_time: 0.0037  memory: 5041  grad_norm: 420.9034  loss: 112.8536  loss_cls: 38.9243  loss_bbox: 38.1751  loss_dfl: 35.7542
07/05 05:36:09 - mmengine - INFO - Epoch(train) [4][1000/1294]  base_lr: 1.9873e-06 lr: 1.9873e-06  eta: 0:02:11  time: 0.4450  data_time: 0.0038  memory: 4828  grad_norm: 417.4856  loss: 111.4059  loss_cls: 36.9452  loss_bbox: 38.4757  loss_dfl: 35.9850
07/05 05:36:31 - mmengine - INFO - Epoch(train) [4][1050/1294]  base_lr: 1.7003e-06 lr: 1.7003e-06  eta: 0:01:49  time: 0.4543  data_time: 0.0038  memory: 4961  grad_norm: 435.5345  loss: 113.8953  loss_cls: 38.5413  loss_bbox: 38.5557  loss_dfl: 36.7983
07/05 05:36:53 - mmengine - INFO - Epoch(train) [4][1100/1294]  base_lr: 1.4134e-06 lr: 1.4134e-06  eta: 0:01:26  time: 0.4409  data_time: 0.0039  memory: 4781  grad_norm: 427.6251  loss: 113.9885  loss_cls: 38.8573  loss_bbox: 38.4534  loss_dfl: 36.6778
07/05 05:37:02 - mmengine - INFO - Exp name: wedetect_v11dt_3stage_s2_20260705_045508
07/05 05:37:16 - mmengine - INFO - Epoch(train) [4][1150/1294]  base_lr: 1.1264e-06 lr: 1.1264e-06  eta: 0:01:04  time: 0.4537  data_time: 0.0040  memory: 4741  grad_norm: 436.2291  loss: 114.6295  loss_cls: 39.2212  loss_bbox: 39.2458  loss_dfl: 36.1625
07/05 05:37:39 - mmengine - INFO - Epoch(train) [4][1200/1294]  base_lr: 8.3948e-07 lr: 8.3948e-07  eta: 0:00:42  time: 0.4471  data_time: 0.0039  memory: 4788  grad_norm: 465.3939  loss: 109.5943  loss_cls: 36.0493  loss_bbox: 37.8805  loss_dfl: 35.6645
07/05 05:38:01 - mmengine - INFO - Epoch(train) [4][1250/1294]  base_lr: 5.5252e-07 lr: 5.5252e-07  eta: 0:00:19  time: 0.4474  data_time: 0.0038  memory: 4735  grad_norm: 431.2052  loss: 114.1120  loss_cls: 38.8007  loss_bbox: 38.9096  loss_dfl: 36.4017
07/05 05:38:20 - mmengine - INFO - Exp name: wedetect_v11dt_3stage_s2_20260705_045508
07/05 05:38:20 - mmengine - INFO - Saving checkpoint at 4 epochs
07/05 05:38:27 - mmengine - INFO - Epoch(val) [4][  50/2587]    eta: 0:02:39  time: 0.0629  data_time: 0.0189  memory: 4821  
07/05 05:38:30 - mmengine - INFO - Epoch(val) [4][ 100/2587]    eta: 0:02:17  time: 0.0477  data_time: 0.0031  memory: 1216  
07/05 05:38:32 - mmengine - INFO - Epoch(val) [4][ 150/2587]    eta: 0:02:06  time: 0.0452  data_time: 0.0003  memory: 1216  
07/05 05:38:36 - mmengine - INFO - Epoch(val) [4][ 200/2587]    eta: 0:02:23  time: 0.0843  data_time: 0.0401  memory: 1216  
07/05 05:38:38 - mmengine - INFO - Epoch(val) [4][ 250/2587]    eta: 0:02:13  time: 0.0450  data_time: 0.0002  memory: 1216  
07/05 05:38:41 - mmengine - INFO - Epoch(val) [4][ 300/2587]    eta: 0:02:05  time: 0.0450  data_time: 0.0002  memory: 1216  
07/05 05:38:43 - mmengine - INFO - Epoch(val) [4][ 350/2587]    eta: 0:01:59  time: 0.0449  data_time: 0.0002  memory: 1216  
07/05 05:38:45 - mmengine - INFO - Epoch(val) [4][ 400/2587]    eta: 0:01:54  time: 0.0450  data_time: 0.0002  memory: 1216  
07/05 05:38:47 - mmengine - INFO - Epoch(val) [4][ 450/2587]    eta: 0:01:50  time: 0.0451  data_time: 0.0002  memory: 1216  
07/05 05:38:50 - mmengine - INFO - Epoch(val) [4][ 500/2587]    eta: 0:01:46  time: 0.0451  data_time: 0.0002  memory: 1216  
07/05 05:38:52 - mmengine - INFO - Epoch(val) [4][ 550/2587]    eta: 0:01:42  time: 0.0451  data_time: 0.0002  memory: 1216  
07/05 05:38:54 - mmengine - INFO - Epoch(val) [4][ 600/2587]    eta: 0:01:39  time: 0.0451  data_time: 0.0002  memory: 1216  
07/05 05:38:56 - mmengine - INFO - Epoch(val) [4][ 650/2587]    eta: 0:01:36  time: 0.0452  data_time: 0.0002  memory: 1216  
07/05 05:38:59 - mmengine - INFO - Epoch(val) [4][ 700/2587]    eta: 0:01:33  time: 0.0451  data_time: 0.0002  memory: 1216  
07/05 05:39:01 - mmengine - INFO - Epoch(val) [4][ 750/2587]    eta: 0:01:30  time: 0.0451  data_time: 0.0002  memory: 1216  
07/05 05:39:03 - mmengine - INFO - Epoch(val) [4][ 800/2587]    eta: 0:01:27  time: 0.0451  data_time: 0.0002  memory: 1216  
07/05 05:39:05 - mmengine - INFO - Epoch(val) [4][ 850/2587]    eta: 0:01:24  time: 0.0452  data_time: 0.0002  memory: 1216  
07/05 05:39:08 - mmengine - INFO - Epoch(val) [4][ 900/2587]    eta: 0:01:21  time: 0.0451  data_time: 0.0002  memory: 1216  
07/05 05:39:10 - mmengine - INFO - Epoch(val) [4][ 950/2587]    eta: 0:01:18  time: 0.0451  data_time: 0.0002  memory: 1216  
07/05 05:39:12 - mmengine - INFO - Epoch(val) [4][1000/2587]    eta: 0:01:16  time: 0.0451  data_time: 0.0002  memory: 1216  
07/05 05:39:14 - mmengine - INFO - Epoch(val) [4][1050/2587]    eta: 0:01:13  time: 0.0451  data_time: 0.0002  memory: 1216  
07/05 05:39:17 - mmengine - INFO - Epoch(val) [4][1100/2587]    eta: 0:01:11  time: 0.0453  data_time: 0.0002  memory: 1216  
07/05 05:39:19 - mmengine - INFO - Epoch(val) [4][1150/2587]    eta: 0:01:08  time: 0.0450  data_time: 0.0002  memory: 1216  
07/05 05:39:21 - mmengine - INFO - Epoch(val) [4][1200/2587]    eta: 0:01:06  time: 0.0451  data_time: 0.0002  memory: 1216  
07/05 05:39:23 - mmengine - INFO - Epoch(val) [4][1250/2587]    eta: 0:01:03  time: 0.0452  data_time: 0.0002  memory: 1216  
07/05 05:39:26 - mmengine - INFO - Epoch(val) [4][1300/2587]    eta: 0:01:01  time: 0.0453  data_time: 0.0002  memory: 1216  
07/05 05:39:28 - mmengine - INFO - Epoch(val) [4][1350/2587]    eta: 0:00:58  time: 0.0456  data_time: 0.0003  memory: 1216  
07/05 05:39:30 - mmengine - INFO - Epoch(val) [4][1400/2587]    eta: 0:00:56  time: 0.0457  data_time: 0.0003  memory: 1216  
07/05 05:39:33 - mmengine - INFO - Epoch(val) [4][1450/2587]    eta: 0:00:53  time: 0.0456  data_time: 0.0003  memory: 1216  
07/05 05:39:35 - mmengine - INFO - Epoch(val) [4][1500/2587]    eta: 0:00:51  time: 0.0455  data_time: 0.0003  memory: 1216  
07/05 05:39:37 - mmengine - INFO - Epoch(val) [4][1550/2587]    eta: 0:00:48  time: 0.0455  data_time: 0.0003  memory: 1216  
07/05 05:39:39 - mmengine - INFO - Epoch(val) [4][1600/2587]    eta: 0:00:46  time: 0.0454  data_time: 0.0003  memory: 1216  
07/05 05:39:42 - mmengine - INFO - Epoch(val) [4][1650/2587]    eta: 0:00:44  time: 0.0454  data_time: 0.0003  memory: 1216  
07/05 05:39:44 - mmengine - INFO - Epoch(val) [4][1700/2587]    eta: 0:00:41  time: 0.0453  data_time: 0.0002  memory: 1216  
07/05 05:39:46 - mmengine - INFO - Epoch(val) [4][1750/2587]    eta: 0:00:39  time: 0.0476  data_time: 0.0025  memory: 1216  
07/05 05:39:49 - mmengine - INFO - Epoch(val) [4][1800/2587]    eta: 0:00:37  time: 0.0483  data_time: 0.0033  memory: 1216  
07/05 05:39:51 - mmengine - INFO - Epoch(val) [4][1850/2587]    eta: 0:00:34  time: 0.0454  data_time: 0.0003  memory: 1216  
07/05 05:39:53 - mmengine - INFO - Epoch(val) [4][1900/2587]    eta: 0:00:32  time: 0.0453  data_time: 0.0002  memory: 1216  
07/05 05:39:56 - mmengine - INFO - Epoch(val) [4][1950/2587]    eta: 0:00:29  time: 0.0454  data_time: 0.0002  memory: 1216  
07/05 05:39:58 - mmengine - INFO - Epoch(val) [4][2000/2587]    eta: 0:00:27  time: 0.0453  data_time: 0.0002  memory: 1216  
07/05 05:40:00 - mmengine - INFO - Epoch(val) [4][2050/2587]    eta: 0:00:25  time: 0.0452  data_time: 0.0002  memory: 1216  
07/05 05:40:02 - mmengine - INFO - Epoch(val) [4][2100/2587]    eta: 0:00:22  time: 0.0454  data_time: 0.0003  memory: 1216  
07/05 05:40:05 - mmengine - INFO - Epoch(val) [4][2150/2587]    eta: 0:00:20  time: 0.0528  data_time: 0.0002  memory: 1216  
07/05 05:40:07 - mmengine - INFO - Epoch(val) [4][2200/2587]    eta: 0:00:18  time: 0.0452  data_time: 0.0002  memory: 1216  
07/05 05:40:10 - mmengine - INFO - Epoch(val) [4][2250/2587]    eta: 0:00:15  time: 0.0516  data_time: 0.0069  memory: 1216  
07/05 05:40:12 - mmengine - INFO - Epoch(val) [4][2300/2587]    eta: 0:00:13  time: 0.0451  data_time: 0.0002  memory: 1216  
07/05 05:40:14 - mmengine - INFO - Epoch(val) [4][2350/2587]    eta: 0:00:11  time: 0.0452  data_time: 0.0002  memory: 1216  
07/05 05:40:17 - mmengine - INFO - Epoch(val) [4][2400/2587]    eta: 0:00:08  time: 0.0454  data_time: 0.0003  memory: 1216  
07/05 05:40:19 - mmengine - INFO - Epoch(val) [4][2450/2587]    eta: 0:00:06  time: 0.0453  data_time: 0.0002  memory: 1216  
07/05 05:40:21 - mmengine - INFO - Epoch(val) [4][2500/2587]    eta: 0:00:04  time: 0.0452  data_time: 0.0002  memory: 1216  
07/05 05:40:23 - mmengine - INFO - Epoch(val) [4][2550/2587]    eta: 0:00:01  time: 0.0452  data_time: 0.0002  memory: 1216  
07/05 05:40:43 - mmengine - INFO - Evaluating bbox...
Loading and preparing results...
DONE (t=4.41s)
creating index...
index created!
Running per image evaluation...
Evaluate annotation type *bbox*
DONE (t=67.45s).
Accumulating evaluation results...
DONE (t=24.40s).
 Average Precision  (AP) @[ IoU=0.50:0.95 | area=   all | maxDets=100 ] = 0.360
 Average Precision  (AP) @[ IoU=0.50      | area=   all | maxDets=1000 ] = 0.508
 Average Precision  (AP) @[ IoU=0.75      | area=   all | maxDets=1000 ] = 0.415
 Average Precision  (AP) @[ IoU=0.50:0.95 | area= small | maxDets=1000 ] = 0.135
 Average Precision  (AP) @[ IoU=0.50:0.95 | area=medium | maxDets=1000 ] = 0.337
 Average Precision  (AP) @[ IoU=0.50:0.95 | area= large | maxDets=1000 ] = 0.404
 Average Recall     (AR) @[ IoU=0.50:0.95 | area=   all | maxDets=100 ] = 0.696
 Average Recall     (AR) @[ IoU=0.50:0.95 | area=   all | maxDets=300 ] = 0.696
 Average Recall     (AR) @[ IoU=0.50:0.95 | area=   all | maxDets=1000 ] = 0.696
 Average Recall     (AR) @[ IoU=0.50:0.95 | area= small | maxDets=1000 ] = 0.284
 Average Recall     (AR) @[ IoU=0.50:0.95 | area=medium | maxDets=1000 ] = 0.653
 Average Recall     (AR) @[ IoU=0.50:0.95 | area= large | maxDets=1000 ] = 0.765
07/05 05:42:26 - mmengine - INFO - bbox_mAP_copypaste: 0.360 0.508 0.415 0.135 0.337 0.404
07/05 05:42:28 - mmengine - INFO - Epoch(val) [4][2587/2587]    coco/bbox_mAP: 0.3600  coco/bbox_mAP_50: 0.5080  coco/bbox_mAP_75: 0.4150  coco/bbox_mAP_s: 0.1350  coco/bbox_mAP_m: 0.3370  coco/bbox_mAP_l: 0.4040  data_time: 0.0017  time: 0.0468
07/05 05:42:28 - mmengine - INFO - The previous best checkpoint /home/siyuan/projects/LLMs/OralDetect-Family/WeDetect_repro/WeDetect/work_dirs/v11dt3stage_s2/best_coco_bbox_mAP_epoch_2.pth is removed
07/05 05:42:30 - mmengine - INFO - The best checkpoint with 0.3600 coco/bbox_mAP at 4 epoch is saved to best_coco_bbox_mAP_epoch_4.pth.
[rank0]:[W705 05:42:44.590718822 ProcessGroupNCCL.cpp:1250] Warning: WARNING: process group has NOT been destroyed before we destruct ProcessGroupNCCL. On normal program exit, the application should call destroy_process_group to ensure that any pending NCCL operations have finished in this process. In rare cases this process can exit before this point and block the progress of another member of the process group. This constraint has always been present,  but this warning has only been added since PyTorch 2.4 (function operator())
########## STAGE 3 (unfreeze all, e2e, lr 2e-5, 12ep) ##########
W0705 05:42:47.054000 3875557 site-packages/torch/distributed/run.py:793] 
W0705 05:42:47.054000 3875557 site-packages/torch/distributed/run.py:793] *****************************************
W0705 05:42:47.054000 3875557 site-packages/torch/distributed/run.py:793] Setting OMP_NUM_THREADS environment variable for each process to be 1 in default, to avoid your system being overloaded, please further tune the variable for optimal performance in your application as needed. 
W0705 05:42:47.054000 3875557 site-packages/torch/distributed/run.py:793] *****************************************
/home/siyuan/anaconda3/envs/wedetect_official/lib/python3.10/site-packages/mmengine/optim/optimizer/zero_optimizer.py:11: DeprecationWarning: `TorchScript` support for functional optimizers is deprecated and will be removed in a future PyTorch release. Consider using the `torch.compile` optimizer instead.
  from torch.distributed.optim import \
/home/siyuan/anaconda3/envs/wedetect_official/lib/python3.10/site-packages/mmengine/optim/optimizer/zero_optimizer.py:11: DeprecationWarning: `TorchScript` support for functional optimizers is deprecated and will be removed in a future PyTorch release. Consider using the `torch.compile` optimizer instead.
  from torch.distributed.optim import \
/home/siyuan/anaconda3/envs/wedetect_official/lib/python3.10/site-packages/mmengine/optim/optimizer/zero_optimizer.py:11: DeprecationWarning: `TorchScript` support for functional optimizers is deprecated and will be removed in a future PyTorch release. Consider using the `torch.compile` optimizer instead.
  from torch.distributed.optim import \
/home/siyuan/anaconda3/envs/wedetect_official/lib/python3.10/site-packages/mmengine/optim/optimizer/zero_optimizer.py:11: DeprecationWarning: `TorchScript` support for functional optimizers is deprecated and will be removed in a future PyTorch release. Consider using the `torch.compile` optimizer instead.
  from torch.distributed.optim import \
/home/siyuan/.local/lib/python3.10/site-packages/fairscale/experimental/nn/offload.py:19: FutureWarning: `torch.cuda.amp.custom_fwd(args...)` is deprecated. Please use `torch.amp.custom_fwd(args..., device_type='cuda')` instead.
  return torch.cuda.amp.custom_fwd(orig_func)  # type: ignore
/home/siyuan/.local/lib/python3.10/site-packages/fairscale/experimental/nn/offload.py:30: FutureWarning: `torch.cuda.amp.custom_bwd(args...)` is deprecated. Please use `torch.amp.custom_bwd(args..., device_type='cuda')` instead.
  return torch.cuda.amp.custom_bwd(orig_func)  # type: ignore
/home/siyuan/.local/lib/python3.10/site-packages/fairscale/experimental/nn/offload.py:19: FutureWarning: `torch.cuda.amp.custom_fwd(args...)` is deprecated. Please use `torch.amp.custom_fwd(args..., device_type='cuda')` instead.
  return torch.cuda.amp.custom_fwd(orig_func)  # type: ignore
/home/siyuan/.local/lib/python3.10/site-packages/fairscale/experimental/nn/offload.py:30: FutureWarning: `torch.cuda.amp.custom_bwd(args...)` is deprecated. Please use `torch.amp.custom_bwd(args..., device_type='cuda')` instead.
  return torch.cuda.amp.custom_bwd(orig_func)  # type: ignore
/home/siyuan/.local/lib/python3.10/site-packages/fairscale/experimental/nn/offload.py:19: FutureWarning: `torch.cuda.amp.custom_fwd(args...)` is deprecated. Please use `torch.amp.custom_fwd(args..., device_type='cuda')` instead.
  return torch.cuda.amp.custom_fwd(orig_func)  # type: ignore
/home/siyuan/.local/lib/python3.10/site-packages/fairscale/experimental/nn/offload.py:30: FutureWarning: `torch.cuda.amp.custom_bwd(args...)` is deprecated. Please use `torch.amp.custom_bwd(args..., device_type='cuda')` instead.
  return torch.cuda.amp.custom_bwd(orig_func)  # type: ignore
/home/siyuan/.local/lib/python3.10/site-packages/fairscale/experimental/nn/offload.py:19: FutureWarning: `torch.cuda.amp.custom_fwd(args...)` is deprecated. Please use `torch.amp.custom_fwd(args..., device_type='cuda')` instead.
  return torch.cuda.amp.custom_fwd(orig_func)  # type: ignore
/home/siyuan/.local/lib/python3.10/site-packages/fairscale/experimental/nn/offload.py:30: FutureWarning: `torch.cuda.amp.custom_bwd(args...)` is deprecated. Please use `torch.amp.custom_bwd(args..., device_type='cuda')` instead.
  return torch.cuda.amp.custom_bwd(orig_func)  # type: ignore
/home/siyuan/anaconda3/envs/wedetect_official/lib/python3.10/site-packages/mmengine/utils/dl_utils/setup_env.py:56: UserWarning: Setting MKL_NUM_THREADS environment variable for each process to be 1 in default, to avoid your system being overloaded, please further tune the variable for optimal performance in your application as needed.
  warnings.warn(
/home/siyuan/anaconda3/envs/wedetect_official/lib/python3.10/site-packages/mmengine/utils/dl_utils/setup_env.py:56: UserWarning: Setting MKL_NUM_THREADS environment variable for each process to be 1 in default, to avoid your system being overloaded, please further tune the variable for optimal performance in your application as needed.
  warnings.warn(
/home/siyuan/anaconda3/envs/wedetect_official/lib/python3.10/site-packages/mmengine/utils/dl_utils/setup_env.py:56: UserWarning: Setting MKL_NUM_THREADS environment variable for each process to be 1 in default, to avoid your system being overloaded, please further tune the variable for optimal performance in your application as needed.
  warnings.warn(
/home/siyuan/anaconda3/envs/wedetect_official/lib/python3.10/site-packages/mmengine/utils/dl_utils/setup_env.py:56: UserWarning: Setting MKL_NUM_THREADS environment variable for each process to be 1 in default, to avoid your system being overloaded, please further tune the variable for optimal performance in your application as needed.
  warnings.warn(
07/05 05:42:52 - mmengine - INFO - 
------------------------------------------------------------
System environment:
    sys.platform: linux
    Python: 3.10.20 (main, Jun 11 2026, 15:17:37) [GCC 14.3.0]
    CUDA available: True
    MUSA available: False
    numpy_random_seed: 115523380
    GPU 0,1,2,3: NVIDIA RTX A6000
    CUDA_HOME: /usr/local/cuda-11.3
    NVCC: Cuda compilation tools, release 11.3, V11.3.109
    GCC: gcc (Ubuntu 9.5.0-1ubuntu1~22.04) 9.5.0
    PyTorch: 2.5.1+cu124
    PyTorch compiling details: PyTorch built with:
  - GCC 9.3
  - C++ Version: 201703
  - Intel(R) oneAPI Math Kernel Library Version 2024.2-Product Build 20240605 for Intel(R) 64 architecture applications
  - Intel(R) MKL-DNN v3.5.3 (Git Hash 66f0cb9eb66affd2da3bf5f8d897376f04aae6af)
  - OpenMP 201511 (a.k.a. OpenMP 4.5)
  - LAPACK is enabled (usually provided by MKL)
  - NNPACK is enabled
  - CPU capability usage: AVX2
  - CUDA Runtime 12.4
  - NVCC architecture flags: -gencode;arch=compute_50,code=sm_50;-gencode;arch=compute_60,code=sm_60;-gencode;arch=compute_70,code=sm_70;-gencode;arch=compute_75,code=sm_75;-gencode;arch=compute_80,code=sm_80;-gencode;arch=compute_86,code=sm_86;-gencode;arch=compute_90,code=sm_90
  - CuDNN 90.1
  - Magma 2.6.1
  - Build settings: BLAS_INFO=mkl, BUILD_TYPE=Release, CUDA_VERSION=12.4, CUDNN_VERSION=9.1.0, CXX_COMPILER=/opt/rh/devtoolset-9/root/usr/bin/c++, CXX_FLAGS= -D_GLIBCXX_USE_CXX11_ABI=0 -fabi-version=11 -fvisibility-inlines-hidden -DUSE_PTHREADPOOL -DNDEBUG -DUSE_KINETO -DLIBKINETO_NOROCTRACER -DLIBKINETO_NOXPUPTI=ON -DUSE_FBGEMM -DUSE_PYTORCH_QNNPACK -DUSE_XNNPACK -DSYMBOLICATE_MOBILE_DEBUG_HANDLE -O2 -fPIC -Wall -Wextra -Werror=return-type -Werror=non-virtual-dtor -Werror=bool-operation -Wnarrowing -Wno-missing-field-initializers -Wno-type-limits -Wno-array-bounds -Wno-unknown-pragmas -Wno-unused-parameter -Wno-strict-overflow -Wno-strict-aliasing -Wno-stringop-overflow -Wsuggest-override -Wno-psabi -Wno-error=old-style-cast -Wno-missing-braces -fdiagnostics-color=always -faligned-new -Wno-unused-but-set-variable -Wno-maybe-uninitialized -fno-math-errno -fno-trapping-math -Werror=format -Wno-stringop-overflow, LAPACK_INFO=mkl, PERF_WITH_AVX=1, PERF_WITH_AVX2=1, TORCH_VERSION=2.5.1, USE_CUDA=ON, USE_CUDNN=ON, USE_CUSPARSELT=1, USE_EXCEPTION_PTR=1, USE_GFLAGS=OFF, USE_GLOG=OFF, USE_GLOO=ON, USE_MKL=ON, USE_MKLDNN=ON, USE_MPI=OFF, USE_NCCL=1, USE_NNPACK=ON, USE_OPENMP=ON, USE_ROCM=OFF, USE_ROCM_KERNEL_ASSERT=OFF, 

    TorchVision: 0.20.1+cu124
    OpenCV: 4.10.0
    MMEngine: 0.10.7

Runtime environment:
    cudnn_benchmark: False
    mp_cfg: {'mp_start_method': 'fork', 'opencv_num_threads': 0}
    dist_cfg: {'backend': 'nccl'}
    seed: 115523380
    Distributed launcher: pytorch
    Distributed training: True
    GPU number: 4
------------------------------------------------------------

07/05 05:42:53 - mmengine - INFO - Config:
CLASS_NAMES = '/home/siyuan/projects/LLMs/OralDetect-Family/OralDetect/datas/class_names_en.json'
CLASS_TEXT = '/home/siyuan/projects/LLMs/OralDetect-Family/OralDetect/datas/class_texts_en.json'
DATAS = '/home/siyuan/projects/LLMs/OralDetect-Family/OralDetect/datas'
DATA_ROOT = '/nfs_share/public/OralGPT/oralgpt-detect-all/coco_format/'
DENTALBERT = '/home/siyuan/projects/LLMs/OralDetect-Family/OralCLIP/Bert_tuning/checkpoints/BiomedNLP-BiomedBERT-base-uncased-abstract-fulltext_dental_mlm/final'
TEST_ANN = '/home/siyuan/projects/LLMs/OralDetect-Family/OralDetect/datas/instances_test.json'
TRAIN_ANN = '/home/siyuan/projects/LLMs/OralDetect-Family/OralDetect/datas/instances_train.json'
affine_scale = 0.5
albu_train_transforms = [
    dict(p=0.01, type='Blur'),
    dict(p=0.01, type='MedianBlur'),
    dict(p=0.01, type='ToGray'),
    dict(p=0.01, type='CLAHE'),
]
backend_args = None
base_lr = 2e-05
close_mosaic_epochs = 4
coco_evaluator = dict(
    ann_file='data/coco/annotations/instances_val2017.json',
    metric='bbox',
    type='CocoMetric')
coco_val_dataset = dict(
    class_text_path='data/texts/coco_zh_class_texts.json',
    dataset=dict(
        ann_file='data/coco/annotations/instances_val2017.json',
        batch_shapes_cfg=None,
        data_prefix=dict(img='val2017'),
        data_root='data/coco/',
        test_mode=True,
        type='WeCocoDataset'),
    pipeline=[
        dict(backend_args=None, type='LoadImageFromFile'),
        dict(scale=(
            640,
            640,
        ), type='WeDetectKeepRatioResize'),
        dict(
            allow_scale_up=False,
            pad_val=dict(img=114),
            scale=(
                640,
                640,
            ),
            type='WeDetectLetterResize'),
        dict(_scope_='mmdet', type='LoadAnnotations', with_bbox=True),
        dict(type='LoadText'),
        dict(
            meta_keys=(
                'img_id',
                'img_path',
                'ori_shape',
                'img_shape',
                'scale_factor',
                'pad_param',
                'texts',
            ),
            type='PackDetInputs'),
    ],
    type='MultiModalDataset')
custom_hooks = [
    dict(
        switch_epoch=8,
        switch_pipeline=[
            dict(backend_args=None, type='LoadImageFromFile'),
            dict(type='LoadAnnotations', with_bbox=True),
            dict(scale=(
                640,
                640,
            ), type='WeDetectKeepRatioResize'),
            dict(
                allow_scale_up=True,
                pad_val=dict(img=114.0),
                scale=(
                    640,
                    640,
                ),
                type='WeDetectLetterResize'),
            dict(
                border_val=(
                    114,
                    114,
                    114,
                ),
                max_aspect_ratio=100,
                max_rotate_degree=0.0,
                max_shear_degree=0.0,
                scaling_ratio_range=(
                    0.5,
                    1.5,
                ),
                type='WeDetectRandomAffine'),
            dict(
                bbox_params=dict(
                    format='pascal_voc',
                    label_fields=[
                        'gt_bboxes_labels',
                        'gt_ignore_flags',
                    ],
                    type='BboxParams'),
                keymap=dict(gt_bboxes='bboxes', img='image'),
                transforms=[
                    dict(p=0.01, type='Blur'),
                    dict(p=0.01, type='MedianBlur'),
                    dict(p=0.01, type='ToGray'),
                    dict(p=0.01, type='CLAHE'),
                ],
                type='mmdet.Albu'),
            dict(type='WeDetectHSVRandomAug'),
            dict(prob=0.5, type='mmdet.RandomFlip'),
            dict(
                max_num_samples=91,
                num_neg_samples=(
                    91,
                    91,
                ),
                padding_to_max=True,
                padding_value='',
                type='RandomLoadText'),
            dict(
                meta_keys=(
                    'img_id',
                    'img_path',
                    'ori_shape',
                    'img_shape',
                    'flip',
                    'flip_direction',
                    'texts',
                ),
                type='mmdet.PackDetInputs'),
        ],
        type='mmdet.PipelineSwitchHook'),
]
custom_imports = dict(
    allow_failed_imports=False, imports=[
        'wedetect',
    ])
default_hooks = dict(
    checkpoint=dict(
        interval=1,
        max_keep_ckpts=3,
        save_best='coco/bbox_mAP',
        type='CheckpointHook'),
    logger=dict(interval=50, type='LoggerHook'),
    param_scheduler=dict(type='ParamSchedulerHook'),
    sampler_seed=dict(type='DistSamplerSeedHook'),
    timer=dict(type='IterTimerHook'),
    visualization=dict(type='mmdet.DetVisualizationHook'))
default_scope = 'mmdet'
dist_cfg = dict(backend='nccl', timeout=10800)
env_cfg = dict(
    cudnn_benchmark=False,
    dist_cfg=dict(backend='nccl'),
    mp_cfg=dict(mp_start_method='fork', opencv_num_threads=0))
find_unused_parameters = True
img_scale = (
    640,
    640,
)
launcher = 'pytorch'
load_from = 'work_dirs/v11dt3stage_s2/epoch_4.pth'
log_level = 'INFO'
log_processor = dict(by_epoch=True, type='LogProcessor', window_size=50)
loss_bbox_weight = 7.5
loss_cls_weight = 0.5
loss_dfl_weight = 0.375
lvis_minival_dataset = dict(
    class_text_path='data/texts/lvis_v1_zh_class_texts.json',
    dataset=dict(
        ann_file='data/lvis/lvis_v1_minival_inserted_image_name.json',
        batch_shapes_cfg=None,
        data_prefix=dict(img=''),
        data_root='data/coco/',
        test_mode=True,
        type='YOLOv5LVISV1Dataset'),
    pipeline=[
        dict(backend_args=None, type='LoadImageFromFile'),
        dict(scale=(
            640,
            640,
        ), type='WeDetectKeepRatioResize'),
        dict(
            allow_scale_up=False,
            pad_val=dict(img=114),
            scale=(
                640,
                640,
            ),
            type='WeDetectLetterResize'),
        dict(_scope_='mmdet', type='LoadAnnotations', with_bbox=True),
        dict(type='LoadText'),
        dict(
            meta_keys=(
                'img_id',
                'img_path',
                'ori_shape',
                'img_shape',
                'scale_factor',
                'pad_param',
                'texts',
            ),
            type='PackDetInputs'),
    ],
    type='MultiModalDataset')
lvis_minival_evaluator = dict(
    ann_file='data/lvis/lvis_v1_minival_inserted_image_name.json',
    metric='bbox',
    type='LVISMetric')
lvis_od_val_dataset = dict(
    class_text_path='data/texts/lvis_v1_zh_class_texts.json',
    dataset=dict(
        ann_file='data/lvis/lvis_od_val.json',
        batch_shapes_cfg=None,
        data_prefix=dict(img=''),
        data_root='data/coco/',
        test_mode=True,
        type='YOLOv5LVISV1Dataset'),
    pipeline=[
        dict(backend_args=None, type='LoadImageFromFile'),
        dict(scale=(
            640,
            640,
        ), type='WeDetectKeepRatioResize'),
        dict(
            allow_scale_up=False,
            pad_val=dict(img=114),
            scale=(
                640,
                640,
            ),
            type='WeDetectLetterResize'),
        dict(_scope_='mmdet', type='LoadAnnotations', with_bbox=True),
        dict(type='LoadText'),
        dict(
            meta_keys=(
                'img_id',
                'img_path',
                'ori_shape',
                'img_shape',
                'scale_factor',
                'pad_param',
                'texts',
            ),
            type='PackDetInputs'),
    ],
    type='MultiModalDataset')
lvis_od_val_evaluator = dict(
    ann_file='data/lvis/lvis_od_val.json', metric='bbox', type='LVISMetric')
max_epochs = 12
metainfo = dict(
    classes=(
        'abnormal oral epithelial cell',
        'alveolar bone loss',
        'anterior teeth with fluorosis',
        'anterior teeth without fluorosis',
        'blood cell',
        'canine',
        'central incisor',
        'craniofacial or oral anomaly',
        'deep dental caries',
        'dental abrasion',
        'dental caries',
        'dental crown restoration',
        'dental filling',
        'dental implant',
        'dental opacity',
        'dental restoration',
        'dividing oral cell',
        'first molar',
        'first premolar',
        'foreign object or debris',
        'grade I oral cytology (normal)',
        'grade II oral cytology (atypical)',
        'grade III oral cytology (suspicious)',
        'grade IV oral cytology (malignant)',
        'impacted tooth',
        'impacted wisdom tooth',
        'intraoral appliance',
        'lateral incisor',
        'malaligned tooth',
        'mandibular canal',
        'maxillary sinus',
        'missing or residual root',
        'missing teeth',
        'normal oral mucosa',
        'normal oral tissue',
        'oral squamous cell carcinoma tumor',
        'orthodontic bracket',
        'out-of-focus cell',
        'periapical abscess',
        'periapical cyst',
        'periapical granuloma',
        'periapical lesion',
        'quadrant 1 (upper right)',
        'quadrant 2 (upper left)',
        'quadrant 3 (lower left)',
        'quadrant 4 (lower right)',
        'reactive oral cell',
        'restoration with secondary caries',
        'retained root',
        'root canal treatment',
        'root piece',
        'second molar',
        'second premolar',
        'severe gingivitis',
        'tooth',
        'tooth 11 (upper right central incisor)',
        'tooth 12 (upper right lateral incisor)',
        'tooth 13 (upper right canine)',
        'tooth 14 (upper right first premolar)',
        'tooth 15 (upper right second premolar)',
        'tooth 16 (upper right first molar)',
        'tooth 17 (upper right second molar)',
        'tooth 18 (upper right third molar)',
        'tooth 21 (upper left central incisor)',
        'tooth 22 (upper left lateral incisor)',
        'tooth 23 (upper left canine)',
        'tooth 24 (upper left first premolar)',
        'tooth 25 (upper left second premolar)',
        'tooth 26 (upper left first molar)',
        'tooth 27 (upper left second molar)',
        'tooth 28 (upper left third molar)',
        'tooth 31 (lower left central incisor)',
        'tooth 32 (lower left lateral incisor)',
        'tooth 33 (lower left canine)',
        'tooth 34 (lower left first premolar)',
        'tooth 35 (lower left second premolar)',
        'tooth 36 (lower left first molar)',
        'tooth 37 (lower left second molar)',
        'tooth 38 (lower left third molar)',
        'tooth 41 (lower right central incisor)',
        'tooth 42 (lower right lateral incisor)',
        'tooth 43 (lower right canine)',
        'tooth 44 (lower right first premolar)',
        'tooth 45 (lower right second premolar)',
        'tooth 46 (lower right first molar)',
        'tooth 47 (lower right second molar)',
        'tooth 48 (lower right third molar)',
        'tooth erosion',
        'tooth malformation',
        'treated tooth',
        'unclassified cell',
    ))
mixup_prob = 0.15
model = dict(
    backbone=dict(
        image_model=dict(
            frozen_modules=[],
            model_name='base',
            type='ConvNextVisionBackbone'),
        text_model=dict(
            frozen_modules=[],
            model_name=
            '/home/siyuan/projects/LLMs/OralDetect-Family/OralCLIP/Bert_tuning/checkpoints/BiomedNLP-BiomedBERT-base-uncased-abstract-fulltext_dental_mlm/final',
            model_size='base',
            type='DentalBertLanguageBackbone'),
        type='MultiModalYOLOBackbone'),
    bbox_head=dict(
        bbox_coder=dict(type='WeDetectDistancePointBBoxCoder'),
        head_module=dict(
            embed_dims=768,
            in_channels=[
                256,
                512,
                1024,
            ],
            model_size='base',
            num_classes=91,
            type='YOLOWorldHeadModule',
            use_bn_head=True),
        loss_bbox=dict(
            bbox_format='xyxy',
            iou_mode='ciou',
            loss_weight=7.5,
            reduction='sum',
            return_iou=False,
            type='mmyoloIoULoss'),
        loss_cls=dict(
            loss_weight=0.5,
            reduction='none',
            type='CrossEntropyLoss',
            use_sigmoid=True),
        loss_dfl=dict(
            loss_weight=0.375, reduction='mean', type='DistributionFocalLoss'),
        prior_generator=dict(
            offset=0.5, strides=[
                8,
                16,
                32,
            ], type='MlvlPointGenerator'),
        type='YOLOWorldHead'),
    data_preprocessor=dict(
        bgr_to_rgb=True,
        mean=[
            0.0,
            0.0,
            0.0,
        ],
        std=[
            255.0,
            255.0,
            255.0,
        ],
        type='YOLOWDetDataPreprocessor'),
    mm_neck=False,
    neck=dict(model_size='base', scale_factor=1.0, type='CSPRepBiFPANNeck'),
    num_test_classes=91,
    num_train_classes=91,
    test_cfg=dict(
        max_per_img=300,
        multi_label=True,
        nms=dict(iou_threshold=0.7, type='nms'),
        nms_pre=30000,
        score_thr=0.001),
    train_cfg=dict(
        assigner=dict(
            alpha=0.5,
            beta=6.0,
            eps=1e-09,
            num_classes=91,
            topk=10,
            type='BatchTaskAlignedAssigner',
            use_ciou=True)),
    type='YOLOWorldDetector')
model_test_cfg = dict(
    max_per_img=300,
    multi_label=True,
    nms=dict(iou_threshold=0.7, type='nms'),
    nms_pre=30000,
    score_thr=0.001)
mosaic_affine_transform = [
    dict(
        img_scale=(
            640,
            640,
        ),
        pad_val=114.0,
        pre_transform=[
            dict(backend_args=None, type='LoadImageFromFile'),
            dict(type='LoadAnnotations', with_bbox=True),
        ],
        type='MultiModalMosaic'),
    dict(
        border=(
            -320,
            -320,
        ),
        border_val=(
            114,
            114,
            114,
        ),
        max_aspect_ratio=100.0,
        max_rotate_degree=0.0,
        max_shear_degree=0.0,
        scaling_ratio_range=(
            0.5,
            1.5,
        ),
        type='WeDetectRandomAffine'),
]
neck_embed_channels = [
    128,
    256,
    512,
]
neck_num_heads = [
    4,
    8,
    16,
]
num_classes = 91
num_training_classes = 91
optim_wrapper = dict(
    clip_grad=dict(max_norm=10.0),
    constructor='YOLOWv5OptimizerConstructor',
    optimizer=dict(
        batch_size_per_gpu=8, lr=2e-05, type='AdamW', weight_decay=0.05),
    paramwise_cfg=dict(
        custom_keys=dict({
            'backbone.text_model': dict(lr_mult=0.1),
            'logit_scale': dict(weight_decay=0.0)
        })),
    type='OptimWrapper')
param_scheduler = [
    dict(
        begin=0,
        by_epoch=False,
        end=1000,
        end_factor=1.0,
        start_factor=0.001,
        type='LinearLR'),
    dict(
        begin=0,
        by_epoch=True,
        convert_to_iter_based=True,
        end=12,
        end_factor=0.001,
        start_factor=1.0,
        type='LinearLR'),
]
persistent_workers = True
pre_transform = [
    dict(backend_args=None, type='LoadImageFromFile'),
    dict(type='LoadAnnotations', with_bbox=True),
]
resume = False
save_epoch_intervals = 1
tal_alpha = 0.5
tal_beta = 6.0
tal_topk = 10
test_cfg = dict(type='TestLoop')
test_dataloader = dict(
    batch_size=1,
    dataset=dict(
        class_text_path=
        '/home/siyuan/projects/LLMs/OralDetect-Family/OralDetect/datas/class_texts_en.json',
        dataset=dict(
            ann_file=
            '/home/siyuan/projects/LLMs/OralDetect-Family/OralDetect/datas/instances_test.json',
            batch_shapes_cfg=None,
            data_prefix=dict(img='all2017/'),
            data_root=
            '/nfs_share/public/OralGPT/oralgpt-detect-all/coco_format/',
            metainfo=dict(
                classes=(
                    'abnormal oral epithelial cell',
                    'alveolar bone loss',
                    'anterior teeth with fluorosis',
                    'anterior teeth without fluorosis',
                    'blood cell',
                    'canine',
                    'central incisor',
                    'craniofacial or oral anomaly',
                    'deep dental caries',
                    'dental abrasion',
                    'dental caries',
                    'dental crown restoration',
                    'dental filling',
                    'dental implant',
                    'dental opacity',
                    'dental restoration',
                    'dividing oral cell',
                    'first molar',
                    'first premolar',
                    'foreign object or debris',
                    'grade I oral cytology (normal)',
                    'grade II oral cytology (atypical)',
                    'grade III oral cytology (suspicious)',
                    'grade IV oral cytology (malignant)',
                    'impacted tooth',
                    'impacted wisdom tooth',
                    'intraoral appliance',
                    'lateral incisor',
                    'malaligned tooth',
                    'mandibular canal',
                    'maxillary sinus',
                    'missing or residual root',
                    'missing teeth',
                    'normal oral mucosa',
                    'normal oral tissue',
                    'oral squamous cell carcinoma tumor',
                    'orthodontic bracket',
                    'out-of-focus cell',
                    'periapical abscess',
                    'periapical cyst',
                    'periapical granuloma',
                    'periapical lesion',
                    'quadrant 1 (upper right)',
                    'quadrant 2 (upper left)',
                    'quadrant 3 (lower left)',
                    'quadrant 4 (lower right)',
                    'reactive oral cell',
                    'restoration with secondary caries',
                    'retained root',
                    'root canal treatment',
                    'root piece',
                    'second molar',
                    'second premolar',
                    'severe gingivitis',
                    'tooth',
                    'tooth 11 (upper right central incisor)',
                    'tooth 12 (upper right lateral incisor)',
                    'tooth 13 (upper right canine)',
                    'tooth 14 (upper right first premolar)',
                    'tooth 15 (upper right second premolar)',
                    'tooth 16 (upper right first molar)',
                    'tooth 17 (upper right second molar)',
                    'tooth 18 (upper right third molar)',
                    'tooth 21 (upper left central incisor)',
                    'tooth 22 (upper left lateral incisor)',
                    'tooth 23 (upper left canine)',
                    'tooth 24 (upper left first premolar)',
                    'tooth 25 (upper left second premolar)',
                    'tooth 26 (upper left first molar)',
                    'tooth 27 (upper left second molar)',
                    'tooth 28 (upper left third molar)',
                    'tooth 31 (lower left central incisor)',
                    'tooth 32 (lower left lateral incisor)',
                    'tooth 33 (lower left canine)',
                    'tooth 34 (lower left first premolar)',
                    'tooth 35 (lower left second premolar)',
                    'tooth 36 (lower left first molar)',
                    'tooth 37 (lower left second molar)',
                    'tooth 38 (lower left third molar)',
                    'tooth 41 (lower right central incisor)',
                    'tooth 42 (lower right lateral incisor)',
                    'tooth 43 (lower right canine)',
                    'tooth 44 (lower right first premolar)',
                    'tooth 45 (lower right second premolar)',
                    'tooth 46 (lower right first molar)',
                    'tooth 47 (lower right second molar)',
                    'tooth 48 (lower right third molar)',
                    'tooth erosion',
                    'tooth malformation',
                    'treated tooth',
                    'unclassified cell',
                )),
            test_mode=True,
            type='WeCocoDataset'),
        pipeline=[
            dict(backend_args=None, type='LoadImageFromFile'),
            dict(scale=(
                640,
                640,
            ), type='WeDetectKeepRatioResize'),
            dict(
                allow_scale_up=False,
                pad_val=dict(img=114),
                scale=(
                    640,
                    640,
                ),
                type='WeDetectLetterResize'),
            dict(_scope_='mmdet', type='LoadAnnotations', with_bbox=True),
            dict(type='LoadText'),
            dict(
                meta_keys=(
                    'img_id',
                    'img_path',
                    'ori_shape',
                    'img_shape',
                    'scale_factor',
                    'pad_param',
                    'texts',
                ),
                type='PackDetInputs'),
        ],
        type='MultiModalDataset'),
    drop_last=False,
    num_workers=2,
    persistent_workers=True,
    pin_memory=True,
    sampler=dict(shuffle=False, type='DefaultSampler'))
test_evaluator = dict(
    ann_file=
    '/home/siyuan/projects/LLMs/OralDetect-Family/OralDetect/datas/instances_test.json',
    metric='bbox',
    type='CocoMetric')
test_pipeline = [
    dict(backend_args=None, type='LoadImageFromFile'),
    dict(scale=(
        640,
        640,
    ), type='WeDetectKeepRatioResize'),
    dict(
        allow_scale_up=False,
        pad_val=dict(img=114),
        scale=(
            640,
            640,
        ),
        type='WeDetectLetterResize'),
    dict(_scope_='mmdet', type='LoadAnnotations', with_bbox=True),
    dict(type='LoadText'),
    dict(
        meta_keys=(
            'img_id',
            'img_path',
            'ori_shape',
            'img_shape',
            'scale_factor',
            'pad_param',
            'texts',
        ),
        type='PackDetInputs'),
]
text_channels = 768
text_transform = [
    dict(
        max_num_samples=91,
        num_neg_samples=(
            91,
            91,
        ),
        padding_to_max=True,
        padding_value='',
        type='RandomLoadText'),
    dict(
        meta_keys=(
            'img_id',
            'img_path',
            'ori_shape',
            'img_shape',
            'flip',
            'flip_direction',
            'texts',
        ),
        type='mmdet.PackDetInputs'),
]
train_batch_size_per_gpu = 8
train_cfg = dict(
    dynamic_intervals=[
        (
            8,
            1,
        ),
    ],
    max_epochs=12,
    type='EpochBasedTrainLoop',
    val_interval=2)
train_dataloader = dict(
    batch_size=8,
    collate_fn=dict(type='yolow_collate'),
    dataset=dict(
        class_text_path=
        '/home/siyuan/projects/LLMs/OralDetect-Family/OralDetect/datas/class_texts_en.json',
        dataset=dict(
            ann_file=
            '/home/siyuan/projects/LLMs/OralDetect-Family/OralDetect/datas/instances_train.json',
            data_prefix=dict(img='all2017/'),
            data_root=
            '/nfs_share/public/OralGPT/oralgpt-detect-all/coco_format/',
            filter_cfg=dict(filter_empty_gt=False, min_size=32),
            metainfo=dict(
                classes=(
                    'abnormal oral epithelial cell',
                    'alveolar bone loss',
                    'anterior teeth with fluorosis',
                    'anterior teeth without fluorosis',
                    'blood cell',
                    'canine',
                    'central incisor',
                    'craniofacial or oral anomaly',
                    'deep dental caries',
                    'dental abrasion',
                    'dental caries',
                    'dental crown restoration',
                    'dental filling',
                    'dental implant',
                    'dental opacity',
                    'dental restoration',
                    'dividing oral cell',
                    'first molar',
                    'first premolar',
                    'foreign object or debris',
                    'grade I oral cytology (normal)',
                    'grade II oral cytology (atypical)',
                    'grade III oral cytology (suspicious)',
                    'grade IV oral cytology (malignant)',
                    'impacted tooth',
                    'impacted wisdom tooth',
                    'intraoral appliance',
                    'lateral incisor',
                    'malaligned tooth',
                    'mandibular canal',
                    'maxillary sinus',
                    'missing or residual root',
                    'missing teeth',
                    'normal oral mucosa',
                    'normal oral tissue',
                    'oral squamous cell carcinoma tumor',
                    'orthodontic bracket',
                    'out-of-focus cell',
                    'periapical abscess',
                    'periapical cyst',
                    'periapical granuloma',
                    'periapical lesion',
                    'quadrant 1 (upper right)',
                    'quadrant 2 (upper left)',
                    'quadrant 3 (lower left)',
                    'quadrant 4 (lower right)',
                    'reactive oral cell',
                    'restoration with secondary caries',
                    'retained root',
                    'root canal treatment',
                    'root piece',
                    'second molar',
                    'second premolar',
                    'severe gingivitis',
                    'tooth',
                    'tooth 11 (upper right central incisor)',
                    'tooth 12 (upper right lateral incisor)',
                    'tooth 13 (upper right canine)',
                    'tooth 14 (upper right first premolar)',
                    'tooth 15 (upper right second premolar)',
                    'tooth 16 (upper right first molar)',
                    'tooth 17 (upper right second molar)',
                    'tooth 18 (upper right third molar)',
                    'tooth 21 (upper left central incisor)',
                    'tooth 22 (upper left lateral incisor)',
                    'tooth 23 (upper left canine)',
                    'tooth 24 (upper left first premolar)',
                    'tooth 25 (upper left second premolar)',
                    'tooth 26 (upper left first molar)',
                    'tooth 27 (upper left second molar)',
                    'tooth 28 (upper left third molar)',
                    'tooth 31 (lower left central incisor)',
                    'tooth 32 (lower left lateral incisor)',
                    'tooth 33 (lower left canine)',
                    'tooth 34 (lower left first premolar)',
                    'tooth 35 (lower left second premolar)',
                    'tooth 36 (lower left first molar)',
                    'tooth 37 (lower left second molar)',
                    'tooth 38 (lower left third molar)',
                    'tooth 41 (lower right central incisor)',
                    'tooth 42 (lower right lateral incisor)',
                    'tooth 43 (lower right canine)',
                    'tooth 44 (lower right first premolar)',
                    'tooth 45 (lower right second premolar)',
                    'tooth 46 (lower right first molar)',
                    'tooth 47 (lower right second molar)',
                    'tooth 48 (lower right third molar)',
                    'tooth erosion',
                    'tooth malformation',
                    'treated tooth',
                    'unclassified cell',
                )),
            type='WeCocoDataset'),
        pipeline=[
            dict(backend_args=None, type='LoadImageFromFile'),
            dict(type='LoadAnnotations', with_bbox=True),
            dict(
                img_scale=(
                    640,
                    640,
                ),
                pad_val=114.0,
                pre_transform=[
                    dict(backend_args=None, type='LoadImageFromFile'),
                    dict(type='LoadAnnotations', with_bbox=True),
                ],
                type='MultiModalMosaic'),
            dict(
                border=(
                    -320,
                    -320,
                ),
                border_val=(
                    114,
                    114,
                    114,
                ),
                max_aspect_ratio=100.0,
                max_rotate_degree=0.0,
                max_shear_degree=0.0,
                scaling_ratio_range=(
                    0.5,
                    1.5,
                ),
                type='WeDetectRandomAffine'),
            dict(
                pre_transform=[
                    dict(backend_args=None, type='LoadImageFromFile'),
                    dict(type='LoadAnnotations', with_bbox=True),
                    dict(
                        img_scale=(
                            640,
                            640,
                        ),
                        pad_val=114.0,
                        pre_transform=[
                            dict(backend_args=None, type='LoadImageFromFile'),
                            dict(type='LoadAnnotations', with_bbox=True),
                        ],
                        type='MultiModalMosaic'),
                    dict(
                        border=(
                            -320,
                            -320,
                        ),
                        border_val=(
                            114,
                            114,
                            114,
                        ),
                        max_aspect_ratio=100.0,
                        max_rotate_degree=0.0,
                        max_shear_degree=0.0,
                        scaling_ratio_range=(
                            0.5,
                            1.5,
                        ),
                        type='WeDetectRandomAffine'),
                ],
                prob=0.15,
                type='YOLOv5MultiModalMixUp'),
            dict(
                bbox_params=dict(
                    format='pascal_voc',
                    label_fields=[
                        'gt_bboxes_labels',
                        'gt_ignore_flags',
                    ],
                    type='BboxParams'),
                keymap=dict(gt_bboxes='bboxes', img='image'),
                transforms=[
                    dict(p=0.01, type='Blur'),
                    dict(p=0.01, type='MedianBlur'),
                    dict(p=0.01, type='ToGray'),
                    dict(p=0.01, type='CLAHE'),
                ],
                type='mmdet.Albu'),
            dict(type='WeDetectHSVRandomAug'),
            dict(prob=0.5, type='mmdet.RandomFlip'),
            dict(
                max_num_samples=91,
                num_neg_samples=(
                    91,
                    91,
                ),
                padding_to_max=True,
                padding_value='',
                type='RandomLoadText'),
            dict(
                meta_keys=(
                    'img_id',
                    'img_path',
                    'ori_shape',
                    'img_shape',
                    'flip',
                    'flip_direction',
                    'texts',
                ),
                type='mmdet.PackDetInputs'),
        ],
        type='MultiModalDataset'),
    num_workers=4,
    persistent_workers=True,
    sampler=dict(shuffle=True, type='DefaultSampler'))
train_dataset = dict(
    class_text_path=
    '/home/siyuan/projects/LLMs/OralDetect-Family/OralDetect/datas/class_texts_en.json',
    dataset=dict(
        ann_file=
        '/home/siyuan/projects/LLMs/OralDetect-Family/OralDetect/datas/instances_train.json',
        data_prefix=dict(img='all2017/'),
        data_root='/nfs_share/public/OralGPT/oralgpt-detect-all/coco_format/',
        filter_cfg=dict(filter_empty_gt=False, min_size=32),
        metainfo=dict(
            classes=(
                'abnormal oral epithelial cell',
                'alveolar bone loss',
                'anterior teeth with fluorosis',
                'anterior teeth without fluorosis',
                'blood cell',
                'canine',
                'central incisor',
                'craniofacial or oral anomaly',
                'deep dental caries',
                'dental abrasion',
                'dental caries',
                'dental crown restoration',
                'dental filling',
                'dental implant',
                'dental opacity',
                'dental restoration',
                'dividing oral cell',
                'first molar',
                'first premolar',
                'foreign object or debris',
                'grade I oral cytology (normal)',
                'grade II oral cytology (atypical)',
                'grade III oral cytology (suspicious)',
                'grade IV oral cytology (malignant)',
                'impacted tooth',
                'impacted wisdom tooth',
                'intraoral appliance',
                'lateral incisor',
                'malaligned tooth',
                'mandibular canal',
                'maxillary sinus',
                'missing or residual root',
                'missing teeth',
                'normal oral mucosa',
                'normal oral tissue',
                'oral squamous cell carcinoma tumor',
                'orthodontic bracket',
                'out-of-focus cell',
                'periapical abscess',
                'periapical cyst',
                'periapical granuloma',
                'periapical lesion',
                'quadrant 1 (upper right)',
                'quadrant 2 (upper left)',
                'quadrant 3 (lower left)',
                'quadrant 4 (lower right)',
                'reactive oral cell',
                'restoration with secondary caries',
                'retained root',
                'root canal treatment',
                'root piece',
                'second molar',
                'second premolar',
                'severe gingivitis',
                'tooth',
                'tooth 11 (upper right central incisor)',
                'tooth 12 (upper right lateral incisor)',
                'tooth 13 (upper right canine)',
                'tooth 14 (upper right first premolar)',
                'tooth 15 (upper right second premolar)',
                'tooth 16 (upper right first molar)',
                'tooth 17 (upper right second molar)',
                'tooth 18 (upper right third molar)',
                'tooth 21 (upper left central incisor)',
                'tooth 22 (upper left lateral incisor)',
                'tooth 23 (upper left canine)',
                'tooth 24 (upper left first premolar)',
                'tooth 25 (upper left second premolar)',
                'tooth 26 (upper left first molar)',
                'tooth 27 (upper left second molar)',
                'tooth 28 (upper left third molar)',
                'tooth 31 (lower left central incisor)',
                'tooth 32 (lower left lateral incisor)',
                'tooth 33 (lower left canine)',
                'tooth 34 (lower left first premolar)',
                'tooth 35 (lower left second premolar)',
                'tooth 36 (lower left first molar)',
                'tooth 37 (lower left second molar)',
                'tooth 38 (lower left third molar)',
                'tooth 41 (lower right central incisor)',
                'tooth 42 (lower right lateral incisor)',
                'tooth 43 (lower right canine)',
                'tooth 44 (lower right first premolar)',
                'tooth 45 (lower right second premolar)',
                'tooth 46 (lower right first molar)',
                'tooth 47 (lower right second molar)',
                'tooth 48 (lower right third molar)',
                'tooth erosion',
                'tooth malformation',
                'treated tooth',
                'unclassified cell',
            )),
        type='WeCocoDataset'),
    pipeline=[
        dict(backend_args=None, type='LoadImageFromFile'),
        dict(type='LoadAnnotations', with_bbox=True),
        dict(
            img_scale=(
                640,
                640,
            ),
            pad_val=114.0,
            pre_transform=[
                dict(backend_args=None, type='LoadImageFromFile'),
                dict(type='LoadAnnotations', with_bbox=True),
            ],
            type='MultiModalMosaic'),
        dict(
            border=(
                -320,
                -320,
            ),
            border_val=(
                114,
                114,
                114,
            ),
            max_aspect_ratio=100.0,
            max_rotate_degree=0.0,
            max_shear_degree=0.0,
            scaling_ratio_range=(
                0.5,
                1.5,
            ),
            type='WeDetectRandomAffine'),
        dict(
            pre_transform=[
                dict(backend_args=None, type='LoadImageFromFile'),
                dict(type='LoadAnnotations', with_bbox=True),
                dict(
                    img_scale=(
                        640,
                        640,
                    ),
                    pad_val=114.0,
                    pre_transform=[
                        dict(backend_args=None, type='LoadImageFromFile'),
                        dict(type='LoadAnnotations', with_bbox=True),
                    ],
                    type='MultiModalMosaic'),
                dict(
                    border=(
                        -320,
                        -320,
                    ),
                    border_val=(
                        114,
                        114,
                        114,
                    ),
                    max_aspect_ratio=100.0,
                    max_rotate_degree=0.0,
                    max_shear_degree=0.0,
                    scaling_ratio_range=(
                        0.5,
                        1.5,
                    ),
                    type='WeDetectRandomAffine'),
            ],
            prob=0.15,
            type='YOLOv5MultiModalMixUp'),
        dict(
            bbox_params=dict(
                format='pascal_voc',
                label_fields=[
                    'gt_bboxes_labels',
                    'gt_ignore_flags',
                ],
                type='BboxParams'),
            keymap=dict(gt_bboxes='bboxes', img='image'),
            transforms=[
                dict(p=0.01, type='Blur'),
                dict(p=0.01, type='MedianBlur'),
                dict(p=0.01, type='ToGray'),
                dict(p=0.01, type='CLAHE'),
            ],
            type='mmdet.Albu'),
        dict(type='WeDetectHSVRandomAug'),
        dict(prob=0.5, type='mmdet.RandomFlip'),
        dict(
            max_num_samples=91,
            num_neg_samples=(
                91,
                91,
            ),
            padding_to_max=True,
            padding_value='',
            type='RandomLoadText'),
        dict(
            meta_keys=(
                'img_id',
                'img_path',
                'ori_shape',
                'img_shape',
                'flip',
                'flip_direction',
                'texts',
            ),
            type='mmdet.PackDetInputs'),
    ],
    type='MultiModalDataset')
train_pipeline = [
    dict(backend_args=None, type='LoadImageFromFile'),
    dict(type='LoadAnnotations', with_bbox=True),
    dict(
        img_scale=(
            640,
            640,
        ),
        pad_val=114.0,
        pre_transform=[
            dict(backend_args=None, type='LoadImageFromFile'),
            dict(type='LoadAnnotations', with_bbox=True),
        ],
        type='MultiModalMosaic'),
    dict(
        border=(
            -320,
            -320,
        ),
        border_val=(
            114,
            114,
            114,
        ),
        max_aspect_ratio=100.0,
        max_rotate_degree=0.0,
        max_shear_degree=0.0,
        scaling_ratio_range=(
            0.5,
            1.5,
        ),
        type='WeDetectRandomAffine'),
    dict(
        pre_transform=[
            dict(backend_args=None, type='LoadImageFromFile'),
            dict(type='LoadAnnotations', with_bbox=True),
            dict(
                img_scale=(
                    640,
                    640,
                ),
                pad_val=114.0,
                pre_transform=[
                    dict(backend_args=None, type='LoadImageFromFile'),
                    dict(type='LoadAnnotations', with_bbox=True),
                ],
                type='MultiModalMosaic'),
            dict(
                border=(
                    -320,
                    -320,
                ),
                border_val=(
                    114,
                    114,
                    114,
                ),
                max_aspect_ratio=100.0,
                max_rotate_degree=0.0,
                max_shear_degree=0.0,
                scaling_ratio_range=(
                    0.5,
                    1.5,
                ),
                type='WeDetectRandomAffine'),
        ],
        prob=0.15,
        type='YOLOv5MultiModalMixUp'),
    dict(
        bbox_params=dict(
            format='pascal_voc',
            label_fields=[
                'gt_bboxes_labels',
                'gt_ignore_flags',
            ],
            type='BboxParams'),
        keymap=dict(gt_bboxes='bboxes', img='image'),
        transforms=[
            dict(p=0.01, type='Blur'),
            dict(p=0.01, type='MedianBlur'),
            dict(p=0.01, type='ToGray'),
            dict(p=0.01, type='CLAHE'),
        ],
        type='mmdet.Albu'),
    dict(type='WeDetectHSVRandomAug'),
    dict(prob=0.5, type='mmdet.RandomFlip'),
    dict(
        max_num_samples=91,
        num_neg_samples=(
            91,
            91,
        ),
        padding_to_max=True,
        padding_value='',
        type='RandomLoadText'),
    dict(
        meta_keys=(
            'img_id',
            'img_path',
            'ori_shape',
            'img_shape',
            'flip',
            'flip_direction',
            'texts',
        ),
        type='mmdet.PackDetInputs'),
]
train_pipeline_stage2 = [
    dict(backend_args=None, type='LoadImageFromFile'),
    dict(type='LoadAnnotations', with_bbox=True),
    dict(scale=(
        640,
        640,
    ), type='WeDetectKeepRatioResize'),
    dict(
        allow_scale_up=True,
        pad_val=dict(img=114.0),
        scale=(
            640,
            640,
        ),
        type='WeDetectLetterResize'),
    dict(
        border_val=(
            114,
            114,
            114,
        ),
        max_aspect_ratio=100,
        max_rotate_degree=0.0,
        max_shear_degree=0.0,
        scaling_ratio_range=(
            0.5,
            1.5,
        ),
        type='WeDetectRandomAffine'),
    dict(
        bbox_params=dict(
            format='pascal_voc',
            label_fields=[
                'gt_bboxes_labels',
                'gt_ignore_flags',
            ],
            type='BboxParams'),
        keymap=dict(gt_bboxes='bboxes', img='image'),
        transforms=[
            dict(p=0.01, type='Blur'),
            dict(p=0.01, type='MedianBlur'),
            dict(p=0.01, type='ToGray'),
            dict(p=0.01, type='CLAHE'),
        ],
        type='mmdet.Albu'),
    dict(type='WeDetectHSVRandomAug'),
    dict(prob=0.5, type='mmdet.RandomFlip'),
    dict(
        max_num_samples=91,
        num_neg_samples=(
            91,
            91,
        ),
        padding_to_max=True,
        padding_value='',
        type='RandomLoadText'),
    dict(
        meta_keys=(
            'img_id',
            'img_path',
            'ori_shape',
            'img_shape',
            'flip',
            'flip_direction',
            'texts',
        ),
        type='mmdet.PackDetInputs'),
]
val_cfg = dict(type='ValLoop')
val_dataloader = dict(
    batch_size=1,
    dataset=dict(
        class_text_path=
        '/home/siyuan/projects/LLMs/OralDetect-Family/OralDetect/datas/class_texts_en.json',
        dataset=dict(
            ann_file=
            '/home/siyuan/projects/LLMs/OralDetect-Family/OralDetect/datas/instances_test.json',
            batch_shapes_cfg=None,
            data_prefix=dict(img='all2017/'),
            data_root=
            '/nfs_share/public/OralGPT/oralgpt-detect-all/coco_format/',
            metainfo=dict(
                classes=(
                    'abnormal oral epithelial cell',
                    'alveolar bone loss',
                    'anterior teeth with fluorosis',
                    'anterior teeth without fluorosis',
                    'blood cell',
                    'canine',
                    'central incisor',
                    'craniofacial or oral anomaly',
                    'deep dental caries',
                    'dental abrasion',
                    'dental caries',
                    'dental crown restoration',
                    'dental filling',
                    'dental implant',
                    'dental opacity',
                    'dental restoration',
                    'dividing oral cell',
                    'first molar',
                    'first premolar',
                    'foreign object or debris',
                    'grade I oral cytology (normal)',
                    'grade II oral cytology (atypical)',
                    'grade III oral cytology (suspicious)',
                    'grade IV oral cytology (malignant)',
                    'impacted tooth',
                    'impacted wisdom tooth',
                    'intraoral appliance',
                    'lateral incisor',
                    'malaligned tooth',
                    'mandibular canal',
                    'maxillary sinus',
                    'missing or residual root',
                    'missing teeth',
                    'normal oral mucosa',
                    'normal oral tissue',
                    'oral squamous cell carcinoma tumor',
                    'orthodontic bracket',
                    'out-of-focus cell',
                    'periapical abscess',
                    'periapical cyst',
                    'periapical granuloma',
                    'periapical lesion',
                    'quadrant 1 (upper right)',
                    'quadrant 2 (upper left)',
                    'quadrant 3 (lower left)',
                    'quadrant 4 (lower right)',
                    'reactive oral cell',
                    'restoration with secondary caries',
                    'retained root',
                    'root canal treatment',
                    'root piece',
                    'second molar',
                    'second premolar',
                    'severe gingivitis',
                    'tooth',
                    'tooth 11 (upper right central incisor)',
                    'tooth 12 (upper right lateral incisor)',
                    'tooth 13 (upper right canine)',
                    'tooth 14 (upper right first premolar)',
                    'tooth 15 (upper right second premolar)',
                    'tooth 16 (upper right first molar)',
                    'tooth 17 (upper right second molar)',
                    'tooth 18 (upper right third molar)',
                    'tooth 21 (upper left central incisor)',
                    'tooth 22 (upper left lateral incisor)',
                    'tooth 23 (upper left canine)',
                    'tooth 24 (upper left first premolar)',
                    'tooth 25 (upper left second premolar)',
                    'tooth 26 (upper left first molar)',
                    'tooth 27 (upper left second molar)',
                    'tooth 28 (upper left third molar)',
                    'tooth 31 (lower left central incisor)',
                    'tooth 32 (lower left lateral incisor)',
                    'tooth 33 (lower left canine)',
                    'tooth 34 (lower left first premolar)',
                    'tooth 35 (lower left second premolar)',
                    'tooth 36 (lower left first molar)',
                    'tooth 37 (lower left second molar)',
                    'tooth 38 (lower left third molar)',
                    'tooth 41 (lower right central incisor)',
                    'tooth 42 (lower right lateral incisor)',
                    'tooth 43 (lower right canine)',
                    'tooth 44 (lower right first premolar)',
                    'tooth 45 (lower right second premolar)',
                    'tooth 46 (lower right first molar)',
                    'tooth 47 (lower right second molar)',
                    'tooth 48 (lower right third molar)',
                    'tooth erosion',
                    'tooth malformation',
                    'treated tooth',
                    'unclassified cell',
                )),
            test_mode=True,
            type='WeCocoDataset'),
        pipeline=[
            dict(backend_args=None, type='LoadImageFromFile'),
            dict(scale=(
                640,
                640,
            ), type='WeDetectKeepRatioResize'),
            dict(
                allow_scale_up=False,
                pad_val=dict(img=114),
                scale=(
                    640,
                    640,
                ),
                type='WeDetectLetterResize'),
            dict(_scope_='mmdet', type='LoadAnnotations', with_bbox=True),
            dict(type='LoadText'),
            dict(
                meta_keys=(
                    'img_id',
                    'img_path',
                    'ori_shape',
                    'img_shape',
                    'scale_factor',
                    'pad_param',
                    'texts',
                ),
                type='PackDetInputs'),
        ],
        type='MultiModalDataset'),
    drop_last=False,
    num_workers=2,
    persistent_workers=True,
    pin_memory=True,
    sampler=dict(shuffle=False, type='DefaultSampler'))
val_dataset = dict(
    class_text_path=
    '/home/siyuan/projects/LLMs/OralDetect-Family/OralDetect/datas/class_texts_en.json',
    dataset=dict(
        ann_file=
        '/home/siyuan/projects/LLMs/OralDetect-Family/OralDetect/datas/instances_test.json',
        batch_shapes_cfg=None,
        data_prefix=dict(img='all2017/'),
        data_root='/nfs_share/public/OralGPT/oralgpt-detect-all/coco_format/',
        metainfo=dict(
            classes=(
                'abnormal oral epithelial cell',
                'alveolar bone loss',
                'anterior teeth with fluorosis',
                'anterior teeth without fluorosis',
                'blood cell',
                'canine',
                'central incisor',
                'craniofacial or oral anomaly',
                'deep dental caries',
                'dental abrasion',
                'dental caries',
                'dental crown restoration',
                'dental filling',
                'dental implant',
                'dental opacity',
                'dental restoration',
                'dividing oral cell',
                'first molar',
                'first premolar',
                'foreign object or debris',
                'grade I oral cytology (normal)',
                'grade II oral cytology (atypical)',
                'grade III oral cytology (suspicious)',
                'grade IV oral cytology (malignant)',
                'impacted tooth',
                'impacted wisdom tooth',
                'intraoral appliance',
                'lateral incisor',
                'malaligned tooth',
                'mandibular canal',
                'maxillary sinus',
                'missing or residual root',
                'missing teeth',
                'normal oral mucosa',
                'normal oral tissue',
                'oral squamous cell carcinoma tumor',
                'orthodontic bracket',
                'out-of-focus cell',
                'periapical abscess',
                'periapical cyst',
                'periapical granuloma',
                'periapical lesion',
                'quadrant 1 (upper right)',
                'quadrant 2 (upper left)',
                'quadrant 3 (lower left)',
                'quadrant 4 (lower right)',
                'reactive oral cell',
                'restoration with secondary caries',
                'retained root',
                'root canal treatment',
                'root piece',
                'second molar',
                'second premolar',
                'severe gingivitis',
                'tooth',
                'tooth 11 (upper right central incisor)',
                'tooth 12 (upper right lateral incisor)',
                'tooth 13 (upper right canine)',
                'tooth 14 (upper right first premolar)',
                'tooth 15 (upper right second premolar)',
                'tooth 16 (upper right first molar)',
                'tooth 17 (upper right second molar)',
                'tooth 18 (upper right third molar)',
                'tooth 21 (upper left central incisor)',
                'tooth 22 (upper left lateral incisor)',
                'tooth 23 (upper left canine)',
                'tooth 24 (upper left first premolar)',
                'tooth 25 (upper left second premolar)',
                'tooth 26 (upper left first molar)',
                'tooth 27 (upper left second molar)',
                'tooth 28 (upper left third molar)',
                'tooth 31 (lower left central incisor)',
                'tooth 32 (lower left lateral incisor)',
                'tooth 33 (lower left canine)',
                'tooth 34 (lower left first premolar)',
                'tooth 35 (lower left second premolar)',
                'tooth 36 (lower left first molar)',
                'tooth 37 (lower left second molar)',
                'tooth 38 (lower left third molar)',
                'tooth 41 (lower right central incisor)',
                'tooth 42 (lower right lateral incisor)',
                'tooth 43 (lower right canine)',
                'tooth 44 (lower right first premolar)',
                'tooth 45 (lower right second premolar)',
                'tooth 46 (lower right first molar)',
                'tooth 47 (lower right second molar)',
                'tooth 48 (lower right third molar)',
                'tooth erosion',
                'tooth malformation',
                'treated tooth',
                'unclassified cell',
            )),
        test_mode=True,
        type='WeCocoDataset'),
    pipeline=[
        dict(backend_args=None, type='LoadImageFromFile'),
        dict(scale=(
            640,
            640,
        ), type='WeDetectKeepRatioResize'),
        dict(
            allow_scale_up=False,
            pad_val=dict(img=114),
            scale=(
                640,
                640,
            ),
            type='WeDetectLetterResize'),
        dict(_scope_='mmdet', type='LoadAnnotations', with_bbox=True),
        dict(type='LoadText'),
        dict(
            meta_keys=(
                'img_id',
                'img_path',
                'ori_shape',
                'img_shape',
                'scale_factor',
                'pad_param',
                'texts',
            ),
            type='PackDetInputs'),
    ],
    type='MultiModalDataset')
val_evaluator = dict(
    ann_file=
    '/home/siyuan/projects/LLMs/OralDetect-Family/OralDetect/datas/instances_test.json',
    metric='bbox',
    type='CocoMetric')
vis_backends = [
    dict(type='LocalVisBackend'),
]
visualizer = dict(
    name='visualizer',
    type='mmdet.DetLocalVisualizer',
    vis_backends=[
        dict(type='LocalVisBackend'),
    ])
weight_decay = 0.05
work_dir = 'work_dirs/v11dt3stage_s3'

Some weights of BertModel were not initialized from the model checkpoint at /home/siyuan/projects/LLMs/OralDetect-Family/OralCLIP/Bert_tuning/checkpoints/BiomedNLP-BiomedBERT-base-uncased-abstract-fulltext_dental_mlm/final and are newly initialized: ['pooler.dense.bias', 'pooler.dense.weight']
You should probably TRAIN this model on a down-stream task to be able to use it for predictions and inference.
Some weights of BertModel were not initialized from the model checkpoint at /home/siyuan/projects/LLMs/OralDetect-Family/OralCLIP/Bert_tuning/checkpoints/BiomedNLP-BiomedBERT-base-uncased-abstract-fulltext_dental_mlm/final and are newly initialized: ['pooler.dense.bias', 'pooler.dense.weight']
You should probably TRAIN this model on a down-stream task to be able to use it for predictions and inference.
Some weights of BertModel were not initialized from the model checkpoint at /home/siyuan/projects/LLMs/OralDetect-Family/OralCLIP/Bert_tuning/checkpoints/BiomedNLP-BiomedBERT-base-uncased-abstract-fulltext_dental_mlm/final and are newly initialized: ['pooler.dense.bias', 'pooler.dense.weight']
You should probably TRAIN this model on a down-stream task to be able to use it for predictions and inference.
Some weights of BertModel were not initialized from the model checkpoint at /home/siyuan/projects/LLMs/OralDetect-Family/OralCLIP/Bert_tuning/checkpoints/BiomedNLP-BiomedBERT-base-uncased-abstract-fulltext_dental_mlm/final and are newly initialized: ['pooler.dense.bias', 'pooler.dense.weight']
You should probably TRAIN this model on a down-stream task to be able to use it for predictions and inference.
07/05 05:42:56 - mmengine - INFO - Using SyncBatchNorm()
07/05 05:42:56 - mmengine - INFO - Hooks will be executed in the following order:
before_run:
(VERY_HIGH   ) RuntimeInfoHook                    
(BELOW_NORMAL) LoggerHook                         
 -------------------- 
before_train:
(VERY_HIGH   ) RuntimeInfoHook                    
(NORMAL      ) IterTimerHook                      
(VERY_LOW    ) CheckpointHook                     
 -------------------- 
before_train_epoch:
(VERY_HIGH   ) RuntimeInfoHook                    
(NORMAL      ) IterTimerHook                      
(NORMAL      ) DistSamplerSeedHook                
(NORMAL      ) PipelineSwitchHook                 
 -------------------- 
before_train_iter:
(VERY_HIGH   ) RuntimeInfoHook                    
(NORMAL      ) IterTimerHook                      
 -------------------- 
after_train_iter:
(VERY_HIGH   ) RuntimeInfoHook                    
(NORMAL      ) IterTimerHook                      
(BELOW_NORMAL) LoggerHook                         
(LOW         ) ParamSchedulerHook                 
(VERY_LOW    ) CheckpointHook                     
 -------------------- 
after_train_epoch:
(NORMAL      ) IterTimerHook                      
(LOW         ) ParamSchedulerHook                 
(VERY_LOW    ) CheckpointHook                     
 -------------------- 
before_val:
(VERY_HIGH   ) RuntimeInfoHook                    
 -------------------- 
before_val_epoch:
(NORMAL      ) IterTimerHook                      
 -------------------- 
before_val_iter:
(NORMAL      ) IterTimerHook                      
 -------------------- 
after_val_iter:
(NORMAL      ) IterTimerHook                      
(NORMAL      ) DetVisualizationHook               
(BELOW_NORMAL) LoggerHook                         
 -------------------- 
after_val_epoch:
(VERY_HIGH   ) RuntimeInfoHook                    
(NORMAL      ) IterTimerHook                      
(BELOW_NORMAL) LoggerHook                         
(LOW         ) ParamSchedulerHook                 
(VERY_LOW    ) CheckpointHook                     
 -------------------- 
after_val:
(VERY_HIGH   ) RuntimeInfoHook                    
 -------------------- 
after_train:
(VERY_HIGH   ) RuntimeInfoHook                    
(VERY_LOW    ) CheckpointHook                     
 -------------------- 
before_test:
(VERY_HIGH   ) RuntimeInfoHook                    
 -------------------- 
before_test_epoch:
(NORMAL      ) IterTimerHook                      
 -------------------- 
before_test_iter:
(NORMAL      ) IterTimerHook                      
 -------------------- 
after_test_iter:
(NORMAL      ) IterTimerHook                      
(NORMAL      ) DetVisualizationHook               
(BELOW_NORMAL) LoggerHook                         
 -------------------- 
after_test_epoch:
(VERY_HIGH   ) RuntimeInfoHook                    
(NORMAL      ) IterTimerHook                      
(BELOW_NORMAL) LoggerHook                         
 -------------------- 
after_test:
(VERY_HIGH   ) RuntimeInfoHook                    
 -------------------- 
after_run:
(BELOW_NORMAL) LoggerHook                         
 -------------------- 
loading annotations into memory...
loading annotations into memory...
loading annotations into memory...
Done (t=1.37s)
creating index...
Done (t=1.39s)
creating index...
Done (t=1.40s)
creating index...
index created!
index created!
index created!
loading annotations into memory...
Done (t=1.39s)
creating index...
index created!
/home/siyuan/anaconda3/envs/wedetect_official/lib/python3.10/site-packages/albumentations/core/composition.py:331: UserWarning: Got processor for bboxes, but no transform to process it.
  self._set_keys()
/home/siyuan/anaconda3/envs/wedetect_official/lib/python3.10/site-packages/albumentations/core/composition.py:331: UserWarning: Got processor for bboxes, but no transform to process it.
  self._set_keys()
/home/siyuan/anaconda3/envs/wedetect_official/lib/python3.10/site-packages/albumentations/core/composition.py:331: UserWarning: Got processor for bboxes, but no transform to process it.
  self._set_keys()
loading annotations into memory...
loading annotations into memory...
loading annotations into memory...
Done (t=0.39s)
creating index...
Done (t=0.37s)
creating index...
index created!
index created!
Done (t=0.42s)
creating index...
index created!
loading annotations into memory...
loading annotations into memory...
loading annotations into memory...
/home/siyuan/anaconda3/envs/wedetect_official/lib/python3.10/site-packages/albumentations/core/composition.py:331: UserWarning: Got processor for bboxes, but no transform to process it.
  self._set_keys()
07/05 05:43:02 - mmengine - INFO - paramwise_options -- backbone.image_model.model.downsample_layers.0.0.weight:num of params=6144
07/05 05:43:02 - mmengine - INFO - paramwise_options -- backbone.image_model.model.downsample_layers.0.0.bias:num of params=128
07/05 05:43:02 - mmengine - INFO - paramwise_options -- backbone.image_model.model.downsample_layers.0.1.weight:num of params=128
07/05 05:43:02 - mmengine - INFO - paramwise_options -- backbone.image_model.model.downsample_layers.0.1.bias:num of params=128
07/05 05:43:02 - mmengine - INFO - paramwise_options -- backbone.image_model.model.downsample_layers.1.0.weight:num of params=128
07/05 05:43:02 - mmengine - INFO - paramwise_options -- backbone.image_model.model.downsample_layers.1.0.bias:num of params=128
07/05 05:43:02 - mmengine - INFO - paramwise_options -- backbone.image_model.model.downsample_layers.1.1.weight:num of params=131072
07/05 05:43:02 - mmengine - INFO - paramwise_options -- backbone.image_model.model.downsample_layers.1.1.bias:num of params=256
07/05 05:43:02 - mmengine - INFO - paramwise_options -- backbone.image_model.model.downsample_layers.2.0.weight:num of params=256
07/05 05:43:02 - mmengine - INFO - paramwise_options -- backbone.image_model.model.downsample_layers.2.0.bias:num of params=256
07/05 05:43:02 - mmengine - INFO - paramwise_options -- backbone.image_model.model.downsample_layers.2.1.weight:num of params=524288
07/05 05:43:02 - mmengine - INFO - paramwise_options -- backbone.image_model.model.downsample_layers.2.1.bias:num of params=512
07/05 05:43:02 - mmengine - INFO - paramwise_options -- backbone.image_model.model.downsample_layers.3.0.weight:num of params=512
07/05 05:43:02 - mmengine - INFO - paramwise_options -- backbone.image_model.model.downsample_layers.3.0.bias:num of params=512
07/05 05:43:02 - mmengine - INFO - paramwise_options -- backbone.image_model.model.downsample_layers.3.1.weight:num of params=2097152
07/05 05:43:02 - mmengine - INFO - paramwise_options -- backbone.image_model.model.downsample_layers.3.1.bias:num of params=1024
07/05 05:43:02 - mmengine - INFO - paramwise_options -- backbone.image_model.model.stages.0.0.gamma:num of params=128
07/05 05:43:02 - mmengine - INFO - paramwise_options -- backbone.image_model.model.stages.0.0.dwconv.weight:num of params=6272
07/05 05:43:02 - mmengine - INFO - paramwise_options -- backbone.image_model.model.stages.0.0.dwconv.bias:num of params=128
07/05 05:43:02 - mmengine - INFO - paramwise_options -- backbone.image_model.model.stages.0.0.norm.weight:num of params=128
07/05 05:43:02 - mmengine - INFO - paramwise_options -- backbone.image_model.model.stages.0.0.norm.bias:num of params=128
07/05 05:43:02 - mmengine - INFO - paramwise_options -- backbone.image_model.model.stages.0.0.pwconv1.weight:num of params=65536
07/05 05:43:02 - mmengine - INFO - paramwise_options -- backbone.image_model.model.stages.0.0.pwconv1.bias:num of params=512
07/05 05:43:02 - mmengine - INFO - paramwise_options -- backbone.image_model.model.stages.0.0.pwconv2.weight:num of params=65536
07/05 05:43:02 - mmengine - INFO - paramwise_options -- backbone.image_model.model.stages.0.0.pwconv2.bias:num of params=128
07/05 05:43:02 - mmengine - INFO - paramwise_options -- backbone.image_model.model.stages.0.1.gamma:num of params=128
07/05 05:43:02 - mmengine - INFO - paramwise_options -- backbone.image_model.model.stages.0.1.dwconv.weight:num of params=6272
07/05 05:43:02 - mmengine - INFO - paramwise_options -- backbone.image_model.model.stages.0.1.dwconv.bias:num of params=128
07/05 05:43:02 - mmengine - INFO - paramwise_options -- backbone.image_model.model.stages.0.1.norm.weight:num of params=128
07/05 05:43:02 - mmengine - INFO - paramwise_options -- backbone.image_model.model.stages.0.1.norm.bias:num of params=128
07/05 05:43:02 - mmengine - INFO - paramwise_options -- backbone.image_model.model.stages.0.1.pwconv1.weight:num of params=65536
07/05 05:43:02 - mmengine - INFO - paramwise_options -- backbone.image_model.model.stages.0.1.pwconv1.bias:num of params=512
07/05 05:43:02 - mmengine - INFO - paramwise_options -- backbone.image_model.model.stages.0.1.pwconv2.weight:num of params=65536
07/05 05:43:02 - mmengine - INFO - paramwise_options -- backbone.image_model.model.stages.0.1.pwconv2.bias:num of params=128
07/05 05:43:02 - mmengine - INFO - paramwise_options -- backbone.image_model.model.stages.0.2.gamma:num of params=128
07/05 05:43:02 - mmengine - INFO - paramwise_options -- backbone.image_model.model.stages.0.2.dwconv.weight:num of params=6272
07/05 05:43:02 - mmengine - INFO - paramwise_options -- backbone.image_model.model.stages.0.2.dwconv.bias:num of params=128
07/05 05:43:02 - mmengine - INFO - paramwise_options -- backbone.image_model.model.stages.0.2.norm.weight:num of params=128
07/05 05:43:02 - mmengine - INFO - paramwise_options -- backbone.image_model.model.stages.0.2.norm.bias:num of params=128
07/05 05:43:02 - mmengine - INFO - paramwise_options -- backbone.image_model.model.stages.0.2.pwconv1.weight:num of params=65536
07/05 05:43:02 - mmengine - INFO - paramwise_options -- backbone.image_model.model.stages.0.2.pwconv1.bias:num of params=512
07/05 05:43:02 - mmengine - INFO - paramwise_options -- backbone.image_model.model.stages.0.2.pwconv2.weight:num of params=65536
07/05 05:43:02 - mmengine - INFO - paramwise_options -- backbone.image_model.model.stages.0.2.pwconv2.bias:num of params=128
07/05 05:43:02 - mmengine - INFO - paramwise_options -- backbone.image_model.model.stages.1.0.gamma:num of params=256
07/05 05:43:02 - mmengine - INFO - paramwise_options -- backbone.image_model.model.stages.1.0.dwconv.weight:num of params=12544
07/05 05:43:02 - mmengine - INFO - paramwise_options -- backbone.image_model.model.stages.1.0.dwconv.bias:num of params=256
07/05 05:43:02 - mmengine - INFO - paramwise_options -- backbone.image_model.model.stages.1.0.norm.weight:num of params=256
07/05 05:43:02 - mmengine - INFO - paramwise_options -- backbone.image_model.model.stages.1.0.norm.bias:num of params=256
07/05 05:43:02 - mmengine - INFO - paramwise_options -- backbone.image_model.model.stages.1.0.pwconv1.weight:num of params=262144
07/05 05:43:02 - mmengine - INFO - paramwise_options -- backbone.image_model.model.stages.1.0.pwconv1.bias:num of params=1024
07/05 05:43:02 - mmengine - INFO - paramwise_options -- backbone.image_model.model.stages.1.0.pwconv2.weight:num of params=262144
07/05 05:43:02 - mmengine - INFO - paramwise_options -- backbone.image_model.model.stages.1.0.pwconv2.bias:num of params=256
07/05 05:43:02 - mmengine - INFO - paramwise_options -- backbone.image_model.model.stages.1.1.gamma:num of params=256
07/05 05:43:02 - mmengine - INFO - paramwise_options -- backbone.image_model.model.stages.1.1.dwconv.weight:num of params=12544
07/05 05:43:02 - mmengine - INFO - paramwise_options -- backbone.image_model.model.stages.1.1.dwconv.bias:num of params=256
07/05 05:43:02 - mmengine - INFO - paramwise_options -- backbone.image_model.model.stages.1.1.norm.weight:num of params=256
07/05 05:43:02 - mmengine - INFO - paramwise_options -- backbone.image_model.model.stages.1.1.norm.bias:num of params=256
07/05 05:43:02 - mmengine - INFO - paramwise_options -- backbone.image_model.model.stages.1.1.pwconv1.weight:num of params=262144
07/05 05:43:02 - mmengine - INFO - paramwise_options -- backbone.image_model.model.stages.1.1.pwconv1.bias:num of params=1024
07/05 05:43:02 - mmengine - INFO - paramwise_options -- backbone.image_model.model.stages.1.1.pwconv2.weight:num of params=262144
07/05 05:43:02 - mmengine - INFO - paramwise_options -- backbone.image_model.model.stages.1.1.pwconv2.bias:num of params=256
07/05 05:43:02 - mmengine - INFO - paramwise_options -- backbone.image_model.model.stages.1.2.gamma:num of params=256
07/05 05:43:02 - mmengine - INFO - paramwise_options -- backbone.image_model.model.stages.1.2.dwconv.weight:num of params=12544
07/05 05:43:02 - mmengine - INFO - paramwise_options -- backbone.image_model.model.stages.1.2.dwconv.bias:num of params=256
07/05 05:43:02 - mmengine - INFO - paramwise_options -- backbone.image_model.model.stages.1.2.norm.weight:num of params=256
07/05 05:43:02 - mmengine - INFO - paramwise_options -- backbone.image_model.model.stages.1.2.norm.bias:num of params=256
07/05 05:43:02 - mmengine - INFO - paramwise_options -- backbone.image_model.model.stages.1.2.pwconv1.weight:num of params=262144
07/05 05:43:02 - mmengine - INFO - paramwise_options -- backbone.image_model.model.stages.1.2.pwconv1.bias:num of params=1024
07/05 05:43:02 - mmengine - INFO - paramwise_options -- backbone.image_model.model.stages.1.2.pwconv2.weight:num of params=262144
07/05 05:43:02 - mmengine - INFO - paramwise_options -- backbone.image_model.model.stages.1.2.pwconv2.bias:num of params=256
07/05 05:43:02 - mmengine - INFO - paramwise_options -- backbone.image_model.model.stages.2.0.gamma:num of params=512
07/05 05:43:02 - mmengine - INFO - paramwise_options -- backbone.image_model.model.stages.2.0.dwconv.weight:num of params=25088
07/05 05:43:02 - mmengine - INFO - paramwise_options -- backbone.image_model.model.stages.2.0.dwconv.bias:num of params=512
07/05 05:43:02 - mmengine - INFO - paramwise_options -- backbone.image_model.model.stages.2.0.norm.weight:num of params=512
07/05 05:43:02 - mmengine - INFO - paramwise_options -- backbone.image_model.model.stages.2.0.norm.bias:num of params=512
07/05 05:43:02 - mmengine - INFO - paramwise_options -- backbone.image_model.model.stages.2.0.pwconv1.weight:num of params=1048576
07/05 05:43:02 - mmengine - INFO - paramwise_options -- backbone.image_model.model.stages.2.0.pwconv1.bias:num of params=2048
07/05 05:43:02 - mmengine - INFO - paramwise_options -- backbone.image_model.model.stages.2.0.pwconv2.weight:num of params=1048576
07/05 05:43:02 - mmengine - INFO - paramwise_options -- backbone.image_model.model.stages.2.0.pwconv2.bias:num of params=512
07/05 05:43:02 - mmengine - INFO - paramwise_options -- backbone.image_model.model.stages.2.1.gamma:num of params=512
07/05 05:43:02 - mmengine - INFO - paramwise_options -- backbone.image_model.model.stages.2.1.dwconv.weight:num of params=25088
07/05 05:43:02 - mmengine - INFO - paramwise_options -- backbone.image_model.model.stages.2.1.dwconv.bias:num of params=512
07/05 05:43:02 - mmengine - INFO - paramwise_options -- backbone.image_model.model.stages.2.1.norm.weight:num of params=512
07/05 05:43:02 - mmengine - INFO - paramwise_options -- backbone.image_model.model.stages.2.1.norm.bias:num of params=512
07/05 05:43:02 - mmengine - INFO - paramwise_options -- backbone.image_model.model.stages.2.1.pwconv1.weight:num of params=1048576
07/05 05:43:02 - mmengine - INFO - paramwise_options -- backbone.image_model.model.stages.2.1.pwconv1.bias:num of params=2048
07/05 05:43:02 - mmengine - INFO - paramwise_options -- backbone.image_model.model.stages.2.1.pwconv2.weight:num of params=1048576
07/05 05:43:02 - mmengine - INFO - paramwise_options -- backbone.image_model.model.stages.2.1.pwconv2.bias:num of params=512
07/05 05:43:02 - mmengine - INFO - paramwise_options -- backbone.image_model.model.stages.2.2.gamma:num of params=512
07/05 05:43:02 - mmengine - INFO - paramwise_options -- backbone.image_model.model.stages.2.2.dwconv.weight:num of params=25088
07/05 05:43:02 - mmengine - INFO - paramwise_options -- backbone.image_model.model.stages.2.2.dwconv.bias:num of params=512
07/05 05:43:02 - mmengine - INFO - paramwise_options -- backbone.image_model.model.stages.2.2.norm.weight:num of params=512
07/05 05:43:02 - mmengine - INFO - paramwise_options -- backbone.image_model.model.stages.2.2.norm.bias:num of params=512
07/05 05:43:02 - mmengine - INFO - paramwise_options -- backbone.image_model.model.stages.2.2.pwconv1.weight:num of params=1048576
07/05 05:43:02 - mmengine - INFO - paramwise_options -- backbone.image_model.model.stages.2.2.pwconv1.bias:num of params=2048
07/05 05:43:02 - mmengine - INFO - paramwise_options -- backbone.image_model.model.stages.2.2.pwconv2.weight:num of params=1048576
07/05 05:43:02 - mmengine - INFO - paramwise_options -- backbone.image_model.model.stages.2.2.pwconv2.bias:num of params=512
07/05 05:43:02 - mmengine - INFO - paramwise_options -- backbone.image_model.model.stages.2.3.gamma:num of params=512
07/05 05:43:02 - mmengine - INFO - paramwise_options -- backbone.image_model.model.stages.2.3.dwconv.weight:num of params=25088
07/05 05:43:02 - mmengine - INFO - paramwise_options -- backbone.image_model.model.stages.2.3.dwconv.bias:num of params=512
07/05 05:43:02 - mmengine - INFO - paramwise_options -- backbone.image_model.model.stages.2.3.norm.weight:num of params=512
07/05 05:43:02 - mmengine - INFO - paramwise_options -- backbone.image_model.model.stages.2.3.norm.bias:num of params=512
07/05 05:43:02 - mmengine - INFO - paramwise_options -- backbone.image_model.model.stages.2.3.pwconv1.weight:num of params=1048576
07/05 05:43:02 - mmengine - INFO - paramwise_options -- backbone.image_model.model.stages.2.3.pwconv1.bias:num of params=2048
07/05 05:43:02 - mmengine - INFO - paramwise_options -- backbone.image_model.model.stages.2.3.pwconv2.weight:num of params=1048576
07/05 05:43:02 - mmengine - INFO - paramwise_options -- backbone.image_model.model.stages.2.3.pwconv2.bias:num of params=512
07/05 05:43:02 - mmengine - INFO - paramwise_options -- backbone.image_model.model.stages.2.4.gamma:num of params=512
07/05 05:43:02 - mmengine - INFO - paramwise_options -- backbone.image_model.model.stages.2.4.dwconv.weight:num of params=25088
07/05 05:43:02 - mmengine - INFO - paramwise_options -- backbone.image_model.model.stages.2.4.dwconv.bias:num of params=512
07/05 05:43:02 - mmengine - INFO - paramwise_options -- backbone.image_model.model.stages.2.4.norm.weight:num of params=512
07/05 05:43:02 - mmengine - INFO - paramwise_options -- backbone.image_model.model.stages.2.4.norm.bias:num of params=512
07/05 05:43:02 - mmengine - INFO - paramwise_options -- backbone.image_model.model.stages.2.4.pwconv1.weight:num of params=1048576
07/05 05:43:02 - mmengine - INFO - paramwise_options -- backbone.image_model.model.stages.2.4.pwconv1.bias:num of params=2048
07/05 05:43:02 - mmengine - INFO - paramwise_options -- backbone.image_model.model.stages.2.4.pwconv2.weight:num of params=1048576
07/05 05:43:02 - mmengine - INFO - paramwise_options -- backbone.image_model.model.stages.2.4.pwconv2.bias:num of params=512
07/05 05:43:02 - mmengine - INFO - paramwise_options -- backbone.image_model.model.stages.2.5.gamma:num of params=512
07/05 05:43:02 - mmengine - INFO - paramwise_options -- backbone.image_model.model.stages.2.5.dwconv.weight:num of params=25088
07/05 05:43:02 - mmengine - INFO - paramwise_options -- backbone.image_model.model.stages.2.5.dwconv.bias:num of params=512
07/05 05:43:02 - mmengine - INFO - paramwise_options -- backbone.image_model.model.stages.2.5.norm.weight:num of params=512
07/05 05:43:02 - mmengine - INFO - paramwise_options -- backbone.image_model.model.stages.2.5.norm.bias:num of params=512
07/05 05:43:02 - mmengine - INFO - paramwise_options -- backbone.image_model.model.stages.2.5.pwconv1.weight:num of params=1048576
07/05 05:43:02 - mmengine - INFO - paramwise_options -- backbone.image_model.model.stages.2.5.pwconv1.bias:num of params=2048
07/05 05:43:02 - mmengine - INFO - paramwise_options -- backbone.image_model.model.stages.2.5.pwconv2.weight:num of params=1048576
07/05 05:43:02 - mmengine - INFO - paramwise_options -- backbone.image_model.model.stages.2.5.pwconv2.bias:num of params=512
07/05 05:43:02 - mmengine - INFO - paramwise_options -- backbone.image_model.model.stages.2.6.gamma:num of params=512
07/05 05:43:02 - mmengine - INFO - paramwise_options -- backbone.image_model.model.stages.2.6.dwconv.weight:num of params=25088
07/05 05:43:02 - mmengine - INFO - paramwise_options -- backbone.image_model.model.stages.2.6.dwconv.bias:num of params=512
07/05 05:43:02 - mmengine - INFO - paramwise_options -- backbone.image_model.model.stages.2.6.norm.weight:num of params=512
07/05 05:43:02 - mmengine - INFO - paramwise_options -- backbone.image_model.model.stages.2.6.norm.bias:num of params=512
07/05 05:43:02 - mmengine - INFO - paramwise_options -- backbone.image_model.model.stages.2.6.pwconv1.weight:num of params=1048576
07/05 05:43:02 - mmengine - INFO - paramwise_options -- backbone.image_model.model.stages.2.6.pwconv1.bias:num of params=2048
07/05 05:43:02 - mmengine - INFO - paramwise_options -- backbone.image_model.model.stages.2.6.pwconv2.weight:num of params=1048576
07/05 05:43:02 - mmengine - INFO - paramwise_options -- backbone.image_model.model.stages.2.6.pwconv2.bias:num of params=512
07/05 05:43:02 - mmengine - INFO - paramwise_options -- backbone.image_model.model.stages.2.7.gamma:num of params=512
07/05 05:43:02 - mmengine - INFO - paramwise_options -- backbone.image_model.model.stages.2.7.dwconv.weight:num of params=25088
07/05 05:43:02 - mmengine - INFO - paramwise_options -- backbone.image_model.model.stages.2.7.dwconv.bias:num of params=512
07/05 05:43:02 - mmengine - INFO - paramwise_options -- backbone.image_model.model.stages.2.7.norm.weight:num of params=512
07/05 05:43:02 - mmengine - INFO - paramwise_options -- backbone.image_model.model.stages.2.7.norm.bias:num of params=512
07/05 05:43:02 - mmengine - INFO - paramwise_options -- backbone.image_model.model.stages.2.7.pwconv1.weight:num of params=1048576
07/05 05:43:02 - mmengine - INFO - paramwise_options -- backbone.image_model.model.stages.2.7.pwconv1.bias:num of params=2048
07/05 05:43:02 - mmengine - INFO - paramwise_options -- backbone.image_model.model.stages.2.7.pwconv2.weight:num of params=1048576
07/05 05:43:02 - mmengine - INFO - paramwise_options -- backbone.image_model.model.stages.2.7.pwconv2.bias:num of params=512
07/05 05:43:02 - mmengine - INFO - paramwise_options -- backbone.image_model.model.stages.2.8.gamma:num of params=512
07/05 05:43:02 - mmengine - INFO - paramwise_options -- backbone.image_model.model.stages.2.8.dwconv.weight:num of params=25088
07/05 05:43:02 - mmengine - INFO - paramwise_options -- backbone.image_model.model.stages.2.8.dwconv.bias:num of params=512
07/05 05:43:02 - mmengine - INFO - paramwise_options -- backbone.image_model.model.stages.2.8.norm.weight:num of params=512
07/05 05:43:02 - mmengine - INFO - paramwise_options -- backbone.image_model.model.stages.2.8.norm.bias:num of params=512
07/05 05:43:02 - mmengine - INFO - paramwise_options -- backbone.image_model.model.stages.2.8.pwconv1.weight:num of params=1048576
07/05 05:43:02 - mmengine - INFO - paramwise_options -- backbone.image_model.model.stages.2.8.pwconv1.bias:num of params=2048
07/05 05:43:02 - mmengine - INFO - paramwise_options -- backbone.image_model.model.stages.2.8.pwconv2.weight:num of params=1048576
07/05 05:43:02 - mmengine - INFO - paramwise_options -- backbone.image_model.model.stages.2.8.pwconv2.bias:num of params=512
07/05 05:43:02 - mmengine - INFO - paramwise_options -- backbone.image_model.model.stages.2.9.gamma:num of params=512
07/05 05:43:02 - mmengine - INFO - paramwise_options -- backbone.image_model.model.stages.2.9.dwconv.weight:num of params=25088
07/05 05:43:02 - mmengine - INFO - paramwise_options -- backbone.image_model.model.stages.2.9.dwconv.bias:num of params=512
07/05 05:43:02 - mmengine - INFO - paramwise_options -- backbone.image_model.model.stages.2.9.norm.weight:num of params=512
07/05 05:43:02 - mmengine - INFO - paramwise_options -- backbone.image_model.model.stages.2.9.norm.bias:num of params=512
07/05 05:43:02 - mmengine - INFO - paramwise_options -- backbone.image_model.model.stages.2.9.pwconv1.weight:num of params=1048576
07/05 05:43:02 - mmengine - INFO - paramwise_options -- backbone.image_model.model.stages.2.9.pwconv1.bias:num of params=2048
07/05 05:43:02 - mmengine - INFO - paramwise_options -- backbone.image_model.model.stages.2.9.pwconv2.weight:num of params=1048576
07/05 05:43:02 - mmengine - INFO - paramwise_options -- backbone.image_model.model.stages.2.9.pwconv2.bias:num of params=512
07/05 05:43:02 - mmengine - INFO - paramwise_options -- backbone.image_model.model.stages.2.10.gamma:num of params=512
07/05 05:43:02 - mmengine - INFO - paramwise_options -- backbone.image_model.model.stages.2.10.dwconv.weight:num of params=25088
07/05 05:43:02 - mmengine - INFO - paramwise_options -- backbone.image_model.model.stages.2.10.dwconv.bias:num of params=512
07/05 05:43:02 - mmengine - INFO - paramwise_options -- backbone.image_model.model.stages.2.10.norm.weight:num of params=512
07/05 05:43:02 - mmengine - INFO - paramwise_options -- backbone.image_model.model.stages.2.10.norm.bias:num of params=512
07/05 05:43:02 - mmengine - INFO - paramwise_options -- backbone.image_model.model.stages.2.10.pwconv1.weight:num of params=1048576
07/05 05:43:02 - mmengine - INFO - paramwise_options -- backbone.image_model.model.stages.2.10.pwconv1.bias:num of params=2048
07/05 05:43:02 - mmengine - INFO - paramwise_options -- backbone.image_model.model.stages.2.10.pwconv2.weight:num of params=1048576
07/05 05:43:02 - mmengine - INFO - paramwise_options -- backbone.image_model.model.stages.2.10.pwconv2.bias:num of params=512
07/05 05:43:02 - mmengine - INFO - paramwise_options -- backbone.image_model.model.stages.2.11.gamma:num of params=512
07/05 05:43:02 - mmengine - INFO - paramwise_options -- backbone.image_model.model.stages.2.11.dwconv.weight:num of params=25088
07/05 05:43:02 - mmengine - INFO - paramwise_options -- backbone.image_model.model.stages.2.11.dwconv.bias:num of params=512
07/05 05:43:02 - mmengine - INFO - paramwise_options -- backbone.image_model.model.stages.2.11.norm.weight:num of params=512
07/05 05:43:02 - mmengine - INFO - paramwise_options -- backbone.image_model.model.stages.2.11.norm.bias:num of params=512
07/05 05:43:02 - mmengine - INFO - paramwise_options -- backbone.image_model.model.stages.2.11.pwconv1.weight:num of params=1048576
07/05 05:43:02 - mmengine - INFO - paramwise_options -- backbone.image_model.model.stages.2.11.pwconv1.bias:num of params=2048
07/05 05:43:02 - mmengine - INFO - paramwise_options -- backbone.image_model.model.stages.2.11.pwconv2.weight:num of params=1048576
07/05 05:43:02 - mmengine - INFO - paramwise_options -- backbone.image_model.model.stages.2.11.pwconv2.bias:num of params=512
07/05 05:43:02 - mmengine - INFO - paramwise_options -- backbone.image_model.model.stages.2.12.gamma:num of params=512
07/05 05:43:02 - mmengine - INFO - paramwise_options -- backbone.image_model.model.stages.2.12.dwconv.weight:num of params=25088
07/05 05:43:02 - mmengine - INFO - paramwise_options -- backbone.image_model.model.stages.2.12.dwconv.bias:num of params=512
07/05 05:43:02 - mmengine - INFO - paramwise_options -- backbone.image_model.model.stages.2.12.norm.weight:num of params=512
07/05 05:43:02 - mmengine - INFO - paramwise_options -- backbone.image_model.model.stages.2.12.norm.bias:num of params=512
07/05 05:43:02 - mmengine - INFO - paramwise_options -- backbone.image_model.model.stages.2.12.pwconv1.weight:num of params=1048576
07/05 05:43:02 - mmengine - INFO - paramwise_options -- backbone.image_model.model.stages.2.12.pwconv1.bias:num of params=2048
07/05 05:43:02 - mmengine - INFO - paramwise_options -- backbone.image_model.model.stages.2.12.pwconv2.weight:num of params=1048576
07/05 05:43:02 - mmengine - INFO - paramwise_options -- backbone.image_model.model.stages.2.12.pwconv2.bias:num of params=512
07/05 05:43:02 - mmengine - INFO - paramwise_options -- backbone.image_model.model.stages.2.13.gamma:num of params=512
07/05 05:43:02 - mmengine - INFO - paramwise_options -- backbone.image_model.model.stages.2.13.dwconv.weight:num of params=25088
07/05 05:43:02 - mmengine - INFO - paramwise_options -- backbone.image_model.model.stages.2.13.dwconv.bias:num of params=512
07/05 05:43:02 - mmengine - INFO - paramwise_options -- backbone.image_model.model.stages.2.13.norm.weight:num of params=512
07/05 05:43:02 - mmengine - INFO - paramwise_options -- backbone.image_model.model.stages.2.13.norm.bias:num of params=512
07/05 05:43:02 - mmengine - INFO - paramwise_options -- backbone.image_model.model.stages.2.13.pwconv1.weight:num of params=1048576
07/05 05:43:02 - mmengine - INFO - paramwise_options -- backbone.image_model.model.stages.2.13.pwconv1.bias:num of params=2048
07/05 05:43:02 - mmengine - INFO - paramwise_options -- backbone.image_model.model.stages.2.13.pwconv2.weight:num of params=1048576
07/05 05:43:02 - mmengine - INFO - paramwise_options -- backbone.image_model.model.stages.2.13.pwconv2.bias:num of params=512
07/05 05:43:02 - mmengine - INFO - paramwise_options -- backbone.image_model.model.stages.2.14.gamma:num of params=512
07/05 05:43:02 - mmengine - INFO - paramwise_options -- backbone.image_model.model.stages.2.14.dwconv.weight:num of params=25088
07/05 05:43:02 - mmengine - INFO - paramwise_options -- backbone.image_model.model.stages.2.14.dwconv.bias:num of params=512
07/05 05:43:02 - mmengine - INFO - paramwise_options -- backbone.image_model.model.stages.2.14.norm.weight:num of params=512
07/05 05:43:02 - mmengine - INFO - paramwise_options -- backbone.image_model.model.stages.2.14.norm.bias:num of params=512
07/05 05:43:02 - mmengine - INFO - paramwise_options -- backbone.image_model.model.stages.2.14.pwconv1.weight:num of params=1048576
07/05 05:43:02 - mmengine - INFO - paramwise_options -- backbone.image_model.model.stages.2.14.pwconv1.bias:num of params=2048
07/05 05:43:02 - mmengine - INFO - paramwise_options -- backbone.image_model.model.stages.2.14.pwconv2.weight:num of params=1048576
07/05 05:43:02 - mmengine - INFO - paramwise_options -- backbone.image_model.model.stages.2.14.pwconv2.bias:num of params=512
07/05 05:43:02 - mmengine - INFO - paramwise_options -- backbone.image_model.model.stages.2.15.gamma:num of params=512
07/05 05:43:02 - mmengine - INFO - paramwise_options -- backbone.image_model.model.stages.2.15.dwconv.weight:num of params=25088
07/05 05:43:02 - mmengine - INFO - paramwise_options -- backbone.image_model.model.stages.2.15.dwconv.bias:num of params=512
07/05 05:43:02 - mmengine - INFO - paramwise_options -- backbone.image_model.model.stages.2.15.norm.weight:num of params=512
07/05 05:43:02 - mmengine - INFO - paramwise_options -- backbone.image_model.model.stages.2.15.norm.bias:num of params=512
07/05 05:43:02 - mmengine - INFO - paramwise_options -- backbone.image_model.model.stages.2.15.pwconv1.weight:num of params=1048576
07/05 05:43:02 - mmengine - INFO - paramwise_options -- backbone.image_model.model.stages.2.15.pwconv1.bias:num of params=2048
07/05 05:43:02 - mmengine - INFO - paramwise_options -- backbone.image_model.model.stages.2.15.pwconv2.weight:num of params=1048576
07/05 05:43:02 - mmengine - INFO - paramwise_options -- backbone.image_model.model.stages.2.15.pwconv2.bias:num of params=512
07/05 05:43:02 - mmengine - INFO - paramwise_options -- backbone.image_model.model.stages.2.16.gamma:num of params=512
07/05 05:43:02 - mmengine - INFO - paramwise_options -- backbone.image_model.model.stages.2.16.dwconv.weight:num of params=25088
07/05 05:43:02 - mmengine - INFO - paramwise_options -- backbone.image_model.model.stages.2.16.dwconv.bias:num of params=512
07/05 05:43:02 - mmengine - INFO - paramwise_options -- backbone.image_model.model.stages.2.16.norm.weight:num of params=512
07/05 05:43:02 - mmengine - INFO - paramwise_options -- backbone.image_model.model.stages.2.16.norm.bias:num of params=512
07/05 05:43:02 - mmengine - INFO - paramwise_options -- backbone.image_model.model.stages.2.16.pwconv1.weight:num of params=1048576
07/05 05:43:02 - mmengine - INFO - paramwise_options -- backbone.image_model.model.stages.2.16.pwconv1.bias:num of params=2048
07/05 05:43:02 - mmengine - INFO - paramwise_options -- backbone.image_model.model.stages.2.16.pwconv2.weight:num of params=1048576
07/05 05:43:02 - mmengine - INFO - paramwise_options -- backbone.image_model.model.stages.2.16.pwconv2.bias:num of params=512
07/05 05:43:02 - mmengine - INFO - paramwise_options -- backbone.image_model.model.stages.2.17.gamma:num of params=512
07/05 05:43:02 - mmengine - INFO - paramwise_options -- backbone.image_model.model.stages.2.17.dwconv.weight:num of params=25088
07/05 05:43:02 - mmengine - INFO - paramwise_options -- backbone.image_model.model.stages.2.17.dwconv.bias:num of params=512
07/05 05:43:02 - mmengine - INFO - paramwise_options -- backbone.image_model.model.stages.2.17.norm.weight:num of params=512
07/05 05:43:02 - mmengine - INFO - paramwise_options -- backbone.image_model.model.stages.2.17.norm.bias:num of params=512
07/05 05:43:02 - mmengine - INFO - paramwise_options -- backbone.image_model.model.stages.2.17.pwconv1.weight:num of params=1048576
07/05 05:43:02 - mmengine - INFO - paramwise_options -- backbone.image_model.model.stages.2.17.pwconv1.bias:num of params=2048
07/05 05:43:02 - mmengine - INFO - paramwise_options -- backbone.image_model.model.stages.2.17.pwconv2.weight:num of params=1048576
07/05 05:43:02 - mmengine - INFO - paramwise_options -- backbone.image_model.model.stages.2.17.pwconv2.bias:num of params=512
07/05 05:43:02 - mmengine - INFO - paramwise_options -- backbone.image_model.model.stages.2.18.gamma:num of params=512
07/05 05:43:02 - mmengine - INFO - paramwise_options -- backbone.image_model.model.stages.2.18.dwconv.weight:num of params=25088
07/05 05:43:02 - mmengine - INFO - paramwise_options -- backbone.image_model.model.stages.2.18.dwconv.bias:num of params=512
07/05 05:43:02 - mmengine - INFO - paramwise_options -- backbone.image_model.model.stages.2.18.norm.weight:num of params=512
07/05 05:43:02 - mmengine - INFO - paramwise_options -- backbone.image_model.model.stages.2.18.norm.bias:num of params=512
07/05 05:43:02 - mmengine - INFO - paramwise_options -- backbone.image_model.model.stages.2.18.pwconv1.weight:num of params=1048576
07/05 05:43:02 - mmengine - INFO - paramwise_options -- backbone.image_model.model.stages.2.18.pwconv1.bias:num of params=2048
07/05 05:43:02 - mmengine - INFO - paramwise_options -- backbone.image_model.model.stages.2.18.pwconv2.weight:num of params=1048576
07/05 05:43:02 - mmengine - INFO - paramwise_options -- backbone.image_model.model.stages.2.18.pwconv2.bias:num of params=512
07/05 05:43:02 - mmengine - INFO - paramwise_options -- backbone.image_model.model.stages.2.19.gamma:num of params=512
07/05 05:43:02 - mmengine - INFO - paramwise_options -- backbone.image_model.model.stages.2.19.dwconv.weight:num of params=25088
07/05 05:43:02 - mmengine - INFO - paramwise_options -- backbone.image_model.model.stages.2.19.dwconv.bias:num of params=512
07/05 05:43:02 - mmengine - INFO - paramwise_options -- backbone.image_model.model.stages.2.19.norm.weight:num of params=512
07/05 05:43:02 - mmengine - INFO - paramwise_options -- backbone.image_model.model.stages.2.19.norm.bias:num of params=512
07/05 05:43:02 - mmengine - INFO - paramwise_options -- backbone.image_model.model.stages.2.19.pwconv1.weight:num of params=1048576
07/05 05:43:02 - mmengine - INFO - paramwise_options -- backbone.image_model.model.stages.2.19.pwconv1.bias:num of params=2048
07/05 05:43:02 - mmengine - INFO - paramwise_options -- backbone.image_model.model.stages.2.19.pwconv2.weight:num of params=1048576
07/05 05:43:02 - mmengine - INFO - paramwise_options -- backbone.image_model.model.stages.2.19.pwconv2.bias:num of params=512
07/05 05:43:02 - mmengine - INFO - paramwise_options -- backbone.image_model.model.stages.2.20.gamma:num of params=512
07/05 05:43:02 - mmengine - INFO - paramwise_options -- backbone.image_model.model.stages.2.20.dwconv.weight:num of params=25088
07/05 05:43:02 - mmengine - INFO - paramwise_options -- backbone.image_model.model.stages.2.20.dwconv.bias:num of params=512
07/05 05:43:02 - mmengine - INFO - paramwise_options -- backbone.image_model.model.stages.2.20.norm.weight:num of params=512
07/05 05:43:02 - mmengine - INFO - paramwise_options -- backbone.image_model.model.stages.2.20.norm.bias:num of params=512
07/05 05:43:02 - mmengine - INFO - paramwise_options -- backbone.image_model.model.stages.2.20.pwconv1.weight:num of params=1048576
07/05 05:43:02 - mmengine - INFO - paramwise_options -- backbone.image_model.model.stages.2.20.pwconv1.bias:num of params=2048
07/05 05:43:02 - mmengine - INFO - paramwise_options -- backbone.image_model.model.stages.2.20.pwconv2.weight:num of params=1048576
07/05 05:43:02 - mmengine - INFO - paramwise_options -- backbone.image_model.model.stages.2.20.pwconv2.bias:num of params=512
07/05 05:43:02 - mmengine - INFO - paramwise_options -- backbone.image_model.model.stages.2.21.gamma:num of params=512
07/05 05:43:02 - mmengine - INFO - paramwise_options -- backbone.image_model.model.stages.2.21.dwconv.weight:num of params=25088
07/05 05:43:02 - mmengine - INFO - paramwise_options -- backbone.image_model.model.stages.2.21.dwconv.bias:num of params=512
07/05 05:43:02 - mmengine - INFO - paramwise_options -- backbone.image_model.model.stages.2.21.norm.weight:num of params=512
07/05 05:43:02 - mmengine - INFO - paramwise_options -- backbone.image_model.model.stages.2.21.norm.bias:num of params=512
07/05 05:43:02 - mmengine - INFO - paramwise_options -- backbone.image_model.model.stages.2.21.pwconv1.weight:num of params=1048576
07/05 05:43:02 - mmengine - INFO - paramwise_options -- backbone.image_model.model.stages.2.21.pwconv1.bias:num of params=2048
07/05 05:43:02 - mmengine - INFO - paramwise_options -- backbone.image_model.model.stages.2.21.pwconv2.weight:num of params=1048576
07/05 05:43:02 - mmengine - INFO - paramwise_options -- backbone.image_model.model.stages.2.21.pwconv2.bias:num of params=512
07/05 05:43:02 - mmengine - INFO - paramwise_options -- backbone.image_model.model.stages.2.22.gamma:num of params=512
07/05 05:43:02 - mmengine - INFO - paramwise_options -- backbone.image_model.model.stages.2.22.dwconv.weight:num of params=25088
07/05 05:43:02 - mmengine - INFO - paramwise_options -- backbone.image_model.model.stages.2.22.dwconv.bias:num of params=512
07/05 05:43:02 - mmengine - INFO - paramwise_options -- backbone.image_model.model.stages.2.22.norm.weight:num of params=512
07/05 05:43:02 - mmengine - INFO - paramwise_options -- backbone.image_model.model.stages.2.22.norm.bias:num of params=512
07/05 05:43:02 - mmengine - INFO - paramwise_options -- backbone.image_model.model.stages.2.22.pwconv1.weight:num of params=1048576
07/05 05:43:02 - mmengine - INFO - paramwise_options -- backbone.image_model.model.stages.2.22.pwconv1.bias:num of params=2048
07/05 05:43:02 - mmengine - INFO - paramwise_options -- backbone.image_model.model.stages.2.22.pwconv2.weight:num of params=1048576
07/05 05:43:02 - mmengine - INFO - paramwise_options -- backbone.image_model.model.stages.2.22.pwconv2.bias:num of params=512
07/05 05:43:02 - mmengine - INFO - paramwise_options -- backbone.image_model.model.stages.2.23.gamma:num of params=512
07/05 05:43:02 - mmengine - INFO - paramwise_options -- backbone.image_model.model.stages.2.23.dwconv.weight:num of params=25088
07/05 05:43:02 - mmengine - INFO - paramwise_options -- backbone.image_model.model.stages.2.23.dwconv.bias:num of params=512
07/05 05:43:02 - mmengine - INFO - paramwise_options -- backbone.image_model.model.stages.2.23.norm.weight:num of params=512
07/05 05:43:02 - mmengine - INFO - paramwise_options -- backbone.image_model.model.stages.2.23.norm.bias:num of params=512
07/05 05:43:02 - mmengine - INFO - paramwise_options -- backbone.image_model.model.stages.2.23.pwconv1.weight:num of params=1048576
07/05 05:43:02 - mmengine - INFO - paramwise_options -- backbone.image_model.model.stages.2.23.pwconv1.bias:num of params=2048
07/05 05:43:02 - mmengine - INFO - paramwise_options -- backbone.image_model.model.stages.2.23.pwconv2.weight:num of params=1048576
07/05 05:43:02 - mmengine - INFO - paramwise_options -- backbone.image_model.model.stages.2.23.pwconv2.bias:num of params=512
07/05 05:43:02 - mmengine - INFO - paramwise_options -- backbone.image_model.model.stages.2.24.gamma:num of params=512
07/05 05:43:02 - mmengine - INFO - paramwise_options -- backbone.image_model.model.stages.2.24.dwconv.weight:num of params=25088
07/05 05:43:02 - mmengine - INFO - paramwise_options -- backbone.image_model.model.stages.2.24.dwconv.bias:num of params=512
07/05 05:43:02 - mmengine - INFO - paramwise_options -- backbone.image_model.model.stages.2.24.norm.weight:num of params=512
07/05 05:43:02 - mmengine - INFO - paramwise_options -- backbone.image_model.model.stages.2.24.norm.bias:num of params=512
07/05 05:43:02 - mmengine - INFO - paramwise_options -- backbone.image_model.model.stages.2.24.pwconv1.weight:num of params=1048576
07/05 05:43:02 - mmengine - INFO - paramwise_options -- backbone.image_model.model.stages.2.24.pwconv1.bias:num of params=2048
07/05 05:43:02 - mmengine - INFO - paramwise_options -- backbone.image_model.model.stages.2.24.pwconv2.weight:num of params=1048576
07/05 05:43:02 - mmengine - INFO - paramwise_options -- backbone.image_model.model.stages.2.24.pwconv2.bias:num of params=512
07/05 05:43:02 - mmengine - INFO - paramwise_options -- backbone.image_model.model.stages.2.25.gamma:num of params=512
07/05 05:43:02 - mmengine - INFO - paramwise_options -- backbone.image_model.model.stages.2.25.dwconv.weight:num of params=25088
07/05 05:43:02 - mmengine - INFO - paramwise_options -- backbone.image_model.model.stages.2.25.dwconv.bias:num of params=512
07/05 05:43:02 - mmengine - INFO - paramwise_options -- backbone.image_model.model.stages.2.25.norm.weight:num of params=512
07/05 05:43:02 - mmengine - INFO - paramwise_options -- backbone.image_model.model.stages.2.25.norm.bias:num of params=512
07/05 05:43:02 - mmengine - INFO - paramwise_options -- backbone.image_model.model.stages.2.25.pwconv1.weight:num of params=1048576
07/05 05:43:02 - mmengine - INFO - paramwise_options -- backbone.image_model.model.stages.2.25.pwconv1.bias:num of params=2048
07/05 05:43:02 - mmengine - INFO - paramwise_options -- backbone.image_model.model.stages.2.25.pwconv2.weight:num of params=1048576
07/05 05:43:02 - mmengine - INFO - paramwise_options -- backbone.image_model.model.stages.2.25.pwconv2.bias:num of params=512
07/05 05:43:02 - mmengine - INFO - paramwise_options -- backbone.image_model.model.stages.2.26.gamma:num of params=512
07/05 05:43:02 - mmengine - INFO - paramwise_options -- backbone.image_model.model.stages.2.26.dwconv.weight:num of params=25088
07/05 05:43:02 - mmengine - INFO - paramwise_options -- backbone.image_model.model.stages.2.26.dwconv.bias:num of params=512
07/05 05:43:02 - mmengine - INFO - paramwise_options -- backbone.image_model.model.stages.2.26.norm.weight:num of params=512
07/05 05:43:02 - mmengine - INFO - paramwise_options -- backbone.image_model.model.stages.2.26.norm.bias:num of params=512
07/05 05:43:02 - mmengine - INFO - paramwise_options -- backbone.image_model.model.stages.2.26.pwconv1.weight:num of params=1048576
07/05 05:43:02 - mmengine - INFO - paramwise_options -- backbone.image_model.model.stages.2.26.pwconv1.bias:num of params=2048
07/05 05:43:02 - mmengine - INFO - paramwise_options -- backbone.image_model.model.stages.2.26.pwconv2.weight:num of params=1048576
07/05 05:43:02 - mmengine - INFO - paramwise_options -- backbone.image_model.model.stages.2.26.pwconv2.bias:num of params=512
07/05 05:43:02 - mmengine - INFO - paramwise_options -- backbone.image_model.model.stages.3.0.gamma:num of params=1024
07/05 05:43:02 - mmengine - INFO - paramwise_options -- backbone.image_model.model.stages.3.0.dwconv.weight:num of params=50176
07/05 05:43:02 - mmengine - INFO - paramwise_options -- backbone.image_model.model.stages.3.0.dwconv.bias:num of params=1024
07/05 05:43:02 - mmengine - INFO - paramwise_options -- backbone.image_model.model.stages.3.0.norm.weight:num of params=1024
07/05 05:43:02 - mmengine - INFO - paramwise_options -- backbone.image_model.model.stages.3.0.norm.bias:num of params=1024
07/05 05:43:02 - mmengine - INFO - paramwise_options -- backbone.image_model.model.stages.3.0.pwconv1.weight:num of params=4194304
07/05 05:43:02 - mmengine - INFO - paramwise_options -- backbone.image_model.model.stages.3.0.pwconv1.bias:num of params=4096
07/05 05:43:02 - mmengine - INFO - paramwise_options -- backbone.image_model.model.stages.3.0.pwconv2.weight:num of params=4194304
07/05 05:43:02 - mmengine - INFO - paramwise_options -- backbone.image_model.model.stages.3.0.pwconv2.bias:num of params=1024
07/05 05:43:02 - mmengine - INFO - paramwise_options -- backbone.image_model.model.stages.3.1.gamma:num of params=1024
07/05 05:43:02 - mmengine - INFO - paramwise_options -- backbone.image_model.model.stages.3.1.dwconv.weight:num of params=50176
07/05 05:43:02 - mmengine - INFO - paramwise_options -- backbone.image_model.model.stages.3.1.dwconv.bias:num of params=1024
07/05 05:43:02 - mmengine - INFO - paramwise_options -- backbone.image_model.model.stages.3.1.norm.weight:num of params=1024
07/05 05:43:02 - mmengine - INFO - paramwise_options -- backbone.image_model.model.stages.3.1.norm.bias:num of params=1024
07/05 05:43:02 - mmengine - INFO - paramwise_options -- backbone.image_model.model.stages.3.1.pwconv1.weight:num of params=4194304
07/05 05:43:02 - mmengine - INFO - paramwise_options -- backbone.image_model.model.stages.3.1.pwconv1.bias:num of params=4096
07/05 05:43:02 - mmengine - INFO - paramwise_options -- backbone.image_model.model.stages.3.1.pwconv2.weight:num of params=4194304
07/05 05:43:02 - mmengine - INFO - paramwise_options -- backbone.image_model.model.stages.3.1.pwconv2.bias:num of params=1024
07/05 05:43:02 - mmengine - INFO - paramwise_options -- backbone.image_model.model.stages.3.2.gamma:num of params=1024
07/05 05:43:02 - mmengine - INFO - paramwise_options -- backbone.image_model.model.stages.3.2.dwconv.weight:num of params=50176
07/05 05:43:02 - mmengine - INFO - paramwise_options -- backbone.image_model.model.stages.3.2.dwconv.bias:num of params=1024
07/05 05:43:02 - mmengine - INFO - paramwise_options -- backbone.image_model.model.stages.3.2.norm.weight:num of params=1024
07/05 05:43:02 - mmengine - INFO - paramwise_options -- backbone.image_model.model.stages.3.2.norm.bias:num of params=1024
07/05 05:43:02 - mmengine - INFO - paramwise_options -- backbone.image_model.model.stages.3.2.pwconv1.weight:num of params=4194304
07/05 05:43:02 - mmengine - INFO - paramwise_options -- backbone.image_model.model.stages.3.2.pwconv1.bias:num of params=4096
07/05 05:43:02 - mmengine - INFO - paramwise_options -- backbone.image_model.model.stages.3.2.pwconv2.weight:num of params=4194304
07/05 05:43:02 - mmengine - INFO - paramwise_options -- backbone.image_model.model.stages.3.2.pwconv2.bias:num of params=1024
07/05 05:43:02 - mmengine - INFO - paramwise_options -- backbone.image_model.model.norm.weight:num of params=1024
07/05 05:43:02 - mmengine - INFO - paramwise_options -- backbone.image_model.model.norm.bias:num of params=1024
07/05 05:43:02 - mmengine - INFO - paramwise_options -- backbone.image_model.model.head.weight:num of params=1024000
07/05 05:43:02 - mmengine - INFO - paramwise_options -- backbone.image_model.model.head.bias:num of params=1000
07/05 05:43:02 - mmengine - INFO - paramwise_options -- backbone.text_model.model.embeddings.word_embeddings.weight:num of params=23440896
07/05 05:43:02 - mmengine - INFO - paramwise_options -- backbone.text_model.model.embeddings.word_embeddings.weight:lr=2.0000000000000003e-06
07/05 05:43:02 - mmengine - INFO - paramwise_options -- backbone.text_model.model.embeddings.word_embeddings.weight:weight_decay=0.05
07/05 05:43:02 - mmengine - INFO - paramwise_options -- backbone.text_model.model.embeddings.word_embeddings.weight:lr_mult=0.1
07/05 05:43:02 - mmengine - INFO - paramwise_options -- backbone.text_model.model.embeddings.position_embeddings.weight:num of params=393216
07/05 05:43:02 - mmengine - INFO - paramwise_options -- backbone.text_model.model.embeddings.position_embeddings.weight:lr=2.0000000000000003e-06
07/05 05:43:02 - mmengine - INFO - paramwise_options -- backbone.text_model.model.embeddings.position_embeddings.weight:weight_decay=0.05
07/05 05:43:02 - mmengine - INFO - paramwise_options -- backbone.text_model.model.embeddings.position_embeddings.weight:lr_mult=0.1
07/05 05:43:02 - mmengine - INFO - paramwise_options -- backbone.text_model.model.embeddings.token_type_embeddings.weight:num of params=1536
07/05 05:43:02 - mmengine - INFO - paramwise_options -- backbone.text_model.model.embeddings.token_type_embeddings.weight:lr=2.0000000000000003e-06
07/05 05:43:02 - mmengine - INFO - paramwise_options -- backbone.text_model.model.embeddings.token_type_embeddings.weight:weight_decay=0.05
07/05 05:43:02 - mmengine - INFO - paramwise_options -- backbone.text_model.model.embeddings.token_type_embeddings.weight:lr_mult=0.1
07/05 05:43:02 - mmengine - INFO - paramwise_options -- backbone.text_model.model.embeddings.LayerNorm.weight:num of params=768
07/05 05:43:02 - mmengine - INFO - paramwise_options -- backbone.text_model.model.embeddings.LayerNorm.weight:lr=2.0000000000000003e-06
07/05 05:43:02 - mmengine - INFO - paramwise_options -- backbone.text_model.model.embeddings.LayerNorm.weight:weight_decay=0.05
07/05 05:43:02 - mmengine - INFO - paramwise_options -- backbone.text_model.model.embeddings.LayerNorm.weight:lr_mult=0.1
07/05 05:43:02 - mmengine - INFO - paramwise_options -- backbone.text_model.model.embeddings.LayerNorm.bias:num of params=768
07/05 05:43:02 - mmengine - INFO - paramwise_options -- backbone.text_model.model.embeddings.LayerNorm.bias:lr=2.0000000000000003e-06
07/05 05:43:02 - mmengine - INFO - paramwise_options -- backbone.text_model.model.embeddings.LayerNorm.bias:weight_decay=0.05
07/05 05:43:02 - mmengine - INFO - paramwise_options -- backbone.text_model.model.embeddings.LayerNorm.bias:lr_mult=0.1
07/05 05:43:02 - mmengine - INFO - paramwise_options -- backbone.text_model.model.encoder.layer.0.attention.self.query.weight:num of params=589824
07/05 05:43:02 - mmengine - INFO - paramwise_options -- backbone.text_model.model.encoder.layer.0.attention.self.query.weight:lr=2.0000000000000003e-06
07/05 05:43:02 - mmengine - INFO - paramwise_options -- backbone.text_model.model.encoder.layer.0.attention.self.query.weight:weight_decay=0.05
07/05 05:43:02 - mmengine - INFO - paramwise_options -- backbone.text_model.model.encoder.layer.0.attention.self.query.weight:lr_mult=0.1
07/05 05:43:02 - mmengine - INFO - paramwise_options -- backbone.text_model.model.encoder.layer.0.attention.self.query.bias:num of params=768
07/05 05:43:02 - mmengine - INFO - paramwise_options -- backbone.text_model.model.encoder.layer.0.attention.self.query.bias:lr=2.0000000000000003e-06
07/05 05:43:02 - mmengine - INFO - paramwise_options -- backbone.text_model.model.encoder.layer.0.attention.self.query.bias:weight_decay=0.05
07/05 05:43:02 - mmengine - INFO - paramwise_options -- backbone.text_model.model.encoder.layer.0.attention.self.query.bias:lr_mult=0.1
07/05 05:43:02 - mmengine - INFO - paramwise_options -- backbone.text_model.model.encoder.layer.0.attention.self.key.weight:num of params=589824
07/05 05:43:02 - mmengine - INFO - paramwise_options -- backbone.text_model.model.encoder.layer.0.attention.self.key.weight:lr=2.0000000000000003e-06
07/05 05:43:02 - mmengine - INFO - paramwise_options -- backbone.text_model.model.encoder.layer.0.attention.self.key.weight:weight_decay=0.05
07/05 05:43:02 - mmengine - INFO - paramwise_options -- backbone.text_model.model.encoder.layer.0.attention.self.key.weight:lr_mult=0.1
07/05 05:43:02 - mmengine - INFO - paramwise_options -- backbone.text_model.model.encoder.layer.0.attention.self.key.bias:num of params=768
07/05 05:43:02 - mmengine - INFO - paramwise_options -- backbone.text_model.model.encoder.layer.0.attention.self.key.bias:lr=2.0000000000000003e-06
07/05 05:43:02 - mmengine - INFO - paramwise_options -- backbone.text_model.model.encoder.layer.0.attention.self.key.bias:weight_decay=0.05
07/05 05:43:02 - mmengine - INFO - paramwise_options -- backbone.text_model.model.encoder.layer.0.attention.self.key.bias:lr_mult=0.1
07/05 05:43:02 - mmengine - INFO - paramwise_options -- backbone.text_model.model.encoder.layer.0.attention.self.value.weight:num of params=589824
07/05 05:43:02 - mmengine - INFO - paramwise_options -- backbone.text_model.model.encoder.layer.0.attention.self.value.weight:lr=2.0000000000000003e-06
07/05 05:43:02 - mmengine - INFO - paramwise_options -- backbone.text_model.model.encoder.layer.0.attention.self.value.weight:weight_decay=0.05
07/05 05:43:02 - mmengine - INFO - paramwise_options -- backbone.text_model.model.encoder.layer.0.attention.self.value.weight:lr_mult=0.1
07/05 05:43:02 - mmengine - INFO - paramwise_options -- backbone.text_model.model.encoder.layer.0.attention.self.value.bias:num of params=768
07/05 05:43:02 - mmengine - INFO - paramwise_options -- backbone.text_model.model.encoder.layer.0.attention.self.value.bias:lr=2.0000000000000003e-06
07/05 05:43:02 - mmengine - INFO - paramwise_options -- backbone.text_model.model.encoder.layer.0.attention.self.value.bias:weight_decay=0.05
07/05 05:43:02 - mmengine - INFO - paramwise_options -- backbone.text_model.model.encoder.layer.0.attention.self.value.bias:lr_mult=0.1
07/05 05:43:02 - mmengine - INFO - paramwise_options -- backbone.text_model.model.encoder.layer.0.attention.output.dense.weight:num of params=589824
07/05 05:43:02 - mmengine - INFO - paramwise_options -- backbone.text_model.model.encoder.layer.0.attention.output.dense.weight:lr=2.0000000000000003e-06
07/05 05:43:02 - mmengine - INFO - paramwise_options -- backbone.text_model.model.encoder.layer.0.attention.output.dense.weight:weight_decay=0.05
07/05 05:43:02 - mmengine - INFO - paramwise_options -- backbone.text_model.model.encoder.layer.0.attention.output.dense.weight:lr_mult=0.1
07/05 05:43:02 - mmengine - INFO - paramwise_options -- backbone.text_model.model.encoder.layer.0.attention.output.dense.bias:num of params=768
07/05 05:43:02 - mmengine - INFO - paramwise_options -- backbone.text_model.model.encoder.layer.0.attention.output.dense.bias:lr=2.0000000000000003e-06
07/05 05:43:02 - mmengine - INFO - paramwise_options -- backbone.text_model.model.encoder.layer.0.attention.output.dense.bias:weight_decay=0.05
07/05 05:43:02 - mmengine - INFO - paramwise_options -- backbone.text_model.model.encoder.layer.0.attention.output.dense.bias:lr_mult=0.1
07/05 05:43:02 - mmengine - INFO - paramwise_options -- backbone.text_model.model.encoder.layer.0.attention.output.LayerNorm.weight:num of params=768
07/05 05:43:02 - mmengine - INFO - paramwise_options -- backbone.text_model.model.encoder.layer.0.attention.output.LayerNorm.weight:lr=2.0000000000000003e-06
07/05 05:43:02 - mmengine - INFO - paramwise_options -- backbone.text_model.model.encoder.layer.0.attention.output.LayerNorm.weight:weight_decay=0.05
07/05 05:43:02 - mmengine - INFO - paramwise_options -- backbone.text_model.model.encoder.layer.0.attention.output.LayerNorm.weight:lr_mult=0.1
07/05 05:43:02 - mmengine - INFO - paramwise_options -- backbone.text_model.model.encoder.layer.0.attention.output.LayerNorm.bias:num of params=768
07/05 05:43:02 - mmengine - INFO - paramwise_options -- backbone.text_model.model.encoder.layer.0.attention.output.LayerNorm.bias:lr=2.0000000000000003e-06
07/05 05:43:02 - mmengine - INFO - paramwise_options -- backbone.text_model.model.encoder.layer.0.attention.output.LayerNorm.bias:weight_decay=0.05
07/05 05:43:02 - mmengine - INFO - paramwise_options -- backbone.text_model.model.encoder.layer.0.attention.output.LayerNorm.bias:lr_mult=0.1
07/05 05:43:02 - mmengine - INFO - paramwise_options -- backbone.text_model.model.encoder.layer.0.intermediate.dense.weight:num of params=2359296
07/05 05:43:02 - mmengine - INFO - paramwise_options -- backbone.text_model.model.encoder.layer.0.intermediate.dense.weight:lr=2.0000000000000003e-06
07/05 05:43:02 - mmengine - INFO - paramwise_options -- backbone.text_model.model.encoder.layer.0.intermediate.dense.weight:weight_decay=0.05
07/05 05:43:02 - mmengine - INFO - paramwise_options -- backbone.text_model.model.encoder.layer.0.intermediate.dense.weight:lr_mult=0.1
07/05 05:43:02 - mmengine - INFO - paramwise_options -- backbone.text_model.model.encoder.layer.0.intermediate.dense.bias:num of params=3072
07/05 05:43:02 - mmengine - INFO - paramwise_options -- backbone.text_model.model.encoder.layer.0.intermediate.dense.bias:lr=2.0000000000000003e-06
07/05 05:43:02 - mmengine - INFO - paramwise_options -- backbone.text_model.model.encoder.layer.0.intermediate.dense.bias:weight_decay=0.05
07/05 05:43:02 - mmengine - INFO - paramwise_options -- backbone.text_model.model.encoder.layer.0.intermediate.dense.bias:lr_mult=0.1
07/05 05:43:02 - mmengine - INFO - paramwise_options -- backbone.text_model.model.encoder.layer.0.output.dense.weight:num of params=2359296
07/05 05:43:02 - mmengine - INFO - paramwise_options -- backbone.text_model.model.encoder.layer.0.output.dense.weight:lr=2.0000000000000003e-06
07/05 05:43:02 - mmengine - INFO - paramwise_options -- backbone.text_model.model.encoder.layer.0.output.dense.weight:weight_decay=0.05
07/05 05:43:02 - mmengine - INFO - paramwise_options -- backbone.text_model.model.encoder.layer.0.output.dense.weight:lr_mult=0.1
07/05 05:43:02 - mmengine - INFO - paramwise_options -- backbone.text_model.model.encoder.layer.0.output.dense.bias:num of params=768
07/05 05:43:02 - mmengine - INFO - paramwise_options -- backbone.text_model.model.encoder.layer.0.output.dense.bias:lr=2.0000000000000003e-06
07/05 05:43:02 - mmengine - INFO - paramwise_options -- backbone.text_model.model.encoder.layer.0.output.dense.bias:weight_decay=0.05
07/05 05:43:02 - mmengine - INFO - paramwise_options -- backbone.text_model.model.encoder.layer.0.output.dense.bias:lr_mult=0.1
07/05 05:43:02 - mmengine - INFO - paramwise_options -- backbone.text_model.model.encoder.layer.0.output.LayerNorm.weight:num of params=768
07/05 05:43:02 - mmengine - INFO - paramwise_options -- backbone.text_model.model.encoder.layer.0.output.LayerNorm.weight:lr=2.0000000000000003e-06
07/05 05:43:02 - mmengine - INFO - paramwise_options -- backbone.text_model.model.encoder.layer.0.output.LayerNorm.weight:weight_decay=0.05
07/05 05:43:02 - mmengine - INFO - paramwise_options -- backbone.text_model.model.encoder.layer.0.output.LayerNorm.weight:lr_mult=0.1
07/05 05:43:02 - mmengine - INFO - paramwise_options -- backbone.text_model.model.encoder.layer.0.output.LayerNorm.bias:num of params=768
07/05 05:43:02 - mmengine - INFO - paramwise_options -- backbone.text_model.model.encoder.layer.0.output.LayerNorm.bias:lr=2.0000000000000003e-06
07/05 05:43:02 - mmengine - INFO - paramwise_options -- backbone.text_model.model.encoder.layer.0.output.LayerNorm.bias:weight_decay=0.05
07/05 05:43:02 - mmengine - INFO - paramwise_options -- backbone.text_model.model.encoder.layer.0.output.LayerNorm.bias:lr_mult=0.1
07/05 05:43:02 - mmengine - INFO - paramwise_options -- backbone.text_model.model.encoder.layer.1.attention.self.query.weight:num of params=589824
07/05 05:43:02 - mmengine - INFO - paramwise_options -- backbone.text_model.model.encoder.layer.1.attention.self.query.weight:lr=2.0000000000000003e-06
07/05 05:43:02 - mmengine - INFO - paramwise_options -- backbone.text_model.model.encoder.layer.1.attention.self.query.weight:weight_decay=0.05
07/05 05:43:02 - mmengine - INFO - paramwise_options -- backbone.text_model.model.encoder.layer.1.attention.self.query.weight:lr_mult=0.1
07/05 05:43:02 - mmengine - INFO - paramwise_options -- backbone.text_model.model.encoder.layer.1.attention.self.query.bias:num of params=768
07/05 05:43:02 - mmengine - INFO - paramwise_options -- backbone.text_model.model.encoder.layer.1.attention.self.query.bias:lr=2.0000000000000003e-06
07/05 05:43:02 - mmengine - INFO - paramwise_options -- backbone.text_model.model.encoder.layer.1.attention.self.query.bias:weight_decay=0.05
07/05 05:43:02 - mmengine - INFO - paramwise_options -- backbone.text_model.model.encoder.layer.1.attention.self.query.bias:lr_mult=0.1
07/05 05:43:02 - mmengine - INFO - paramwise_options -- backbone.text_model.model.encoder.layer.1.attention.self.key.weight:num of params=589824
07/05 05:43:02 - mmengine - INFO - paramwise_options -- backbone.text_model.model.encoder.layer.1.attention.self.key.weight:lr=2.0000000000000003e-06
07/05 05:43:02 - mmengine - INFO - paramwise_options -- backbone.text_model.model.encoder.layer.1.attention.self.key.weight:weight_decay=0.05
07/05 05:43:02 - mmengine - INFO - paramwise_options -- backbone.text_model.model.encoder.layer.1.attention.self.key.weight:lr_mult=0.1
07/05 05:43:02 - mmengine - INFO - paramwise_options -- backbone.text_model.model.encoder.layer.1.attention.self.key.bias:num of params=768
07/05 05:43:02 - mmengine - INFO - paramwise_options -- backbone.text_model.model.encoder.layer.1.attention.self.key.bias:lr=2.0000000000000003e-06
07/05 05:43:02 - mmengine - INFO - paramwise_options -- backbone.text_model.model.encoder.layer.1.attention.self.key.bias:weight_decay=0.05
07/05 05:43:02 - mmengine - INFO - paramwise_options -- backbone.text_model.model.encoder.layer.1.attention.self.key.bias:lr_mult=0.1
07/05 05:43:02 - mmengine - INFO - paramwise_options -- backbone.text_model.model.encoder.layer.1.attention.self.value.weight:num of params=589824
07/05 05:43:02 - mmengine - INFO - paramwise_options -- backbone.text_model.model.encoder.layer.1.attention.self.value.weight:lr=2.0000000000000003e-06
07/05 05:43:02 - mmengine - INFO - paramwise_options -- backbone.text_model.model.encoder.layer.1.attention.self.value.weight:weight_decay=0.05
07/05 05:43:02 - mmengine - INFO - paramwise_options -- backbone.text_model.model.encoder.layer.1.attention.self.value.weight:lr_mult=0.1
07/05 05:43:02 - mmengine - INFO - paramwise_options -- backbone.text_model.model.encoder.layer.1.attention.self.value.bias:num of params=768
07/05 05:43:02 - mmengine - INFO - paramwise_options -- backbone.text_model.model.encoder.layer.1.attention.self.value.bias:lr=2.0000000000000003e-06
07/05 05:43:02 - mmengine - INFO - paramwise_options -- backbone.text_model.model.encoder.layer.1.attention.self.value.bias:weight_decay=0.05
07/05 05:43:02 - mmengine - INFO - paramwise_options -- backbone.text_model.model.encoder.layer.1.attention.self.value.bias:lr_mult=0.1
07/05 05:43:02 - mmengine - INFO - paramwise_options -- backbone.text_model.model.encoder.layer.1.attention.output.dense.weight:num of params=589824
07/05 05:43:02 - mmengine - INFO - paramwise_options -- backbone.text_model.model.encoder.layer.1.attention.output.dense.weight:lr=2.0000000000000003e-06
07/05 05:43:02 - mmengine - INFO - paramwise_options -- backbone.text_model.model.encoder.layer.1.attention.output.dense.weight:weight_decay=0.05
07/05 05:43:02 - mmengine - INFO - paramwise_options -- backbone.text_model.model.encoder.layer.1.attention.output.dense.weight:lr_mult=0.1
07/05 05:43:02 - mmengine - INFO - paramwise_options -- backbone.text_model.model.encoder.layer.1.attention.output.dense.bias:num of params=768
07/05 05:43:02 - mmengine - INFO - paramwise_options -- backbone.text_model.model.encoder.layer.1.attention.output.dense.bias:lr=2.0000000000000003e-06
07/05 05:43:02 - mmengine - INFO - paramwise_options -- backbone.text_model.model.encoder.layer.1.attention.output.dense.bias:weight_decay=0.05
07/05 05:43:02 - mmengine - INFO - paramwise_options -- backbone.text_model.model.encoder.layer.1.attention.output.dense.bias:lr_mult=0.1
07/05 05:43:02 - mmengine - INFO - paramwise_options -- backbone.text_model.model.encoder.layer.1.attention.output.LayerNorm.weight:num of params=768
07/05 05:43:02 - mmengine - INFO - paramwise_options -- backbone.text_model.model.encoder.layer.1.attention.output.LayerNorm.weight:lr=2.0000000000000003e-06
07/05 05:43:02 - mmengine - INFO - paramwise_options -- backbone.text_model.model.encoder.layer.1.attention.output.LayerNorm.weight:weight_decay=0.05
07/05 05:43:02 - mmengine - INFO - paramwise_options -- backbone.text_model.model.encoder.layer.1.attention.output.LayerNorm.weight:lr_mult=0.1
07/05 05:43:02 - mmengine - INFO - paramwise_options -- backbone.text_model.model.encoder.layer.1.attention.output.LayerNorm.bias:num of params=768
07/05 05:43:02 - mmengine - INFO - paramwise_options -- backbone.text_model.model.encoder.layer.1.attention.output.LayerNorm.bias:lr=2.0000000000000003e-06
07/05 05:43:02 - mmengine - INFO - paramwise_options -- backbone.text_model.model.encoder.layer.1.attention.output.LayerNorm.bias:weight_decay=0.05
07/05 05:43:02 - mmengine - INFO - paramwise_options -- backbone.text_model.model.encoder.layer.1.attention.output.LayerNorm.bias:lr_mult=0.1
07/05 05:43:02 - mmengine - INFO - paramwise_options -- backbone.text_model.model.encoder.layer.1.intermediate.dense.weight:num of params=2359296
07/05 05:43:02 - mmengine - INFO - paramwise_options -- backbone.text_model.model.encoder.layer.1.intermediate.dense.weight:lr=2.0000000000000003e-06
07/05 05:43:02 - mmengine - INFO - paramwise_options -- backbone.text_model.model.encoder.layer.1.intermediate.dense.weight:weight_decay=0.05
07/05 05:43:02 - mmengine - INFO - paramwise_options -- backbone.text_model.model.encoder.layer.1.intermediate.dense.weight:lr_mult=0.1
07/05 05:43:02 - mmengine - INFO - paramwise_options -- backbone.text_model.model.encoder.layer.1.intermediate.dense.bias:num of params=3072
07/05 05:43:02 - mmengine - INFO - paramwise_options -- backbone.text_model.model.encoder.layer.1.intermediate.dense.bias:lr=2.0000000000000003e-06
07/05 05:43:02 - mmengine - INFO - paramwise_options -- backbone.text_model.model.encoder.layer.1.intermediate.dense.bias:weight_decay=0.05
07/05 05:43:02 - mmengine - INFO - paramwise_options -- backbone.text_model.model.encoder.layer.1.intermediate.dense.bias:lr_mult=0.1
07/05 05:43:02 - mmengine - INFO - paramwise_options -- backbone.text_model.model.encoder.layer.1.output.dense.weight:num of params=2359296
07/05 05:43:02 - mmengine - INFO - paramwise_options -- backbone.text_model.model.encoder.layer.1.output.dense.weight:lr=2.0000000000000003e-06
07/05 05:43:02 - mmengine - INFO - paramwise_options -- backbone.text_model.model.encoder.layer.1.output.dense.weight:weight_decay=0.05
07/05 05:43:02 - mmengine - INFO - paramwise_options -- backbone.text_model.model.encoder.layer.1.output.dense.weight:lr_mult=0.1
07/05 05:43:02 - mmengine - INFO - paramwise_options -- backbone.text_model.model.encoder.layer.1.output.dense.bias:num of params=768
07/05 05:43:02 - mmengine - INFO - paramwise_options -- backbone.text_model.model.encoder.layer.1.output.dense.bias:lr=2.0000000000000003e-06
07/05 05:43:02 - mmengine - INFO - paramwise_options -- backbone.text_model.model.encoder.layer.1.output.dense.bias:weight_decay=0.05
07/05 05:43:02 - mmengine - INFO - paramwise_options -- backbone.text_model.model.encoder.layer.1.output.dense.bias:lr_mult=0.1
07/05 05:43:02 - mmengine - INFO - paramwise_options -- backbone.text_model.model.encoder.layer.1.output.LayerNorm.weight:num of params=768
07/05 05:43:02 - mmengine - INFO - paramwise_options -- backbone.text_model.model.encoder.layer.1.output.LayerNorm.weight:lr=2.0000000000000003e-06
07/05 05:43:02 - mmengine - INFO - paramwise_options -- backbone.text_model.model.encoder.layer.1.output.LayerNorm.weight:weight_decay=0.05
07/05 05:43:02 - mmengine - INFO - paramwise_options -- backbone.text_model.model.encoder.layer.1.output.LayerNorm.weight:lr_mult=0.1
07/05 05:43:02 - mmengine - INFO - paramwise_options -- backbone.text_model.model.encoder.layer.1.output.LayerNorm.bias:num of params=768
07/05 05:43:02 - mmengine - INFO - paramwise_options -- backbone.text_model.model.encoder.layer.1.output.LayerNorm.bias:lr=2.0000000000000003e-06
07/05 05:43:02 - mmengine - INFO - paramwise_options -- backbone.text_model.model.encoder.layer.1.output.LayerNorm.bias:weight_decay=0.05
07/05 05:43:02 - mmengine - INFO - paramwise_options -- backbone.text_model.model.encoder.layer.1.output.LayerNorm.bias:lr_mult=0.1
07/05 05:43:02 - mmengine - INFO - paramwise_options -- backbone.text_model.model.encoder.layer.2.attention.self.query.weight:num of params=589824
07/05 05:43:02 - mmengine - INFO - paramwise_options -- backbone.text_model.model.encoder.layer.2.attention.self.query.weight:lr=2.0000000000000003e-06
07/05 05:43:02 - mmengine - INFO - paramwise_options -- backbone.text_model.model.encoder.layer.2.attention.self.query.weight:weight_decay=0.05
07/05 05:43:02 - mmengine - INFO - paramwise_options -- backbone.text_model.model.encoder.layer.2.attention.self.query.weight:lr_mult=0.1
07/05 05:43:02 - mmengine - INFO - paramwise_options -- backbone.text_model.model.encoder.layer.2.attention.self.query.bias:num of params=768
07/05 05:43:02 - mmengine - INFO - paramwise_options -- backbone.text_model.model.encoder.layer.2.attention.self.query.bias:lr=2.0000000000000003e-06
07/05 05:43:02 - mmengine - INFO - paramwise_options -- backbone.text_model.model.encoder.layer.2.attention.self.query.bias:weight_decay=0.05
07/05 05:43:02 - mmengine - INFO - paramwise_options -- backbone.text_model.model.encoder.layer.2.attention.self.query.bias:lr_mult=0.1
07/05 05:43:02 - mmengine - INFO - paramwise_options -- backbone.text_model.model.encoder.layer.2.attention.self.key.weight:num of params=589824
07/05 05:43:02 - mmengine - INFO - paramwise_options -- backbone.text_model.model.encoder.layer.2.attention.self.key.weight:lr=2.0000000000000003e-06
07/05 05:43:02 - mmengine - INFO - paramwise_options -- backbone.text_model.model.encoder.layer.2.attention.self.key.weight:weight_decay=0.05
07/05 05:43:02 - mmengine - INFO - paramwise_options -- backbone.text_model.model.encoder.layer.2.attention.self.key.weight:lr_mult=0.1
07/05 05:43:02 - mmengine - INFO - paramwise_options -- backbone.text_model.model.encoder.layer.2.attention.self.key.bias:num of params=768
07/05 05:43:02 - mmengine - INFO - paramwise_options -- backbone.text_model.model.encoder.layer.2.attention.self.key.bias:lr=2.0000000000000003e-06
07/05 05:43:02 - mmengine - INFO - paramwise_options -- backbone.text_model.model.encoder.layer.2.attention.self.key.bias:weight_decay=0.05
07/05 05:43:02 - mmengine - INFO - paramwise_options -- backbone.text_model.model.encoder.layer.2.attention.self.key.bias:lr_mult=0.1
07/05 05:43:02 - mmengine - INFO - paramwise_options -- backbone.text_model.model.encoder.layer.2.attention.self.value.weight:num of params=589824
07/05 05:43:02 - mmengine - INFO - paramwise_options -- backbone.text_model.model.encoder.layer.2.attention.self.value.weight:lr=2.0000000000000003e-06
07/05 05:43:02 - mmengine - INFO - paramwise_options -- backbone.text_model.model.encoder.layer.2.attention.self.value.weight:weight_decay=0.05
07/05 05:43:02 - mmengine - INFO - paramwise_options -- backbone.text_model.model.encoder.layer.2.attention.self.value.weight:lr_mult=0.1
07/05 05:43:02 - mmengine - INFO - paramwise_options -- backbone.text_model.model.encoder.layer.2.attention.self.value.bias:num of params=768
07/05 05:43:02 - mmengine - INFO - paramwise_options -- backbone.text_model.model.encoder.layer.2.attention.self.value.bias:lr=2.0000000000000003e-06
07/05 05:43:02 - mmengine - INFO - paramwise_options -- backbone.text_model.model.encoder.layer.2.attention.self.value.bias:weight_decay=0.05
07/05 05:43:02 - mmengine - INFO - paramwise_options -- backbone.text_model.model.encoder.layer.2.attention.self.value.bias:lr_mult=0.1
07/05 05:43:02 - mmengine - INFO - paramwise_options -- backbone.text_model.model.encoder.layer.2.attention.output.dense.weight:num of params=589824
07/05 05:43:02 - mmengine - INFO - paramwise_options -- backbone.text_model.model.encoder.layer.2.attention.output.dense.weight:lr=2.0000000000000003e-06
07/05 05:43:02 - mmengine - INFO - paramwise_options -- backbone.text_model.model.encoder.layer.2.attention.output.dense.weight:weight_decay=0.05
07/05 05:43:02 - mmengine - INFO - paramwise_options -- backbone.text_model.model.encoder.layer.2.attention.output.dense.weight:lr_mult=0.1
07/05 05:43:02 - mmengine - INFO - paramwise_options -- backbone.text_model.model.encoder.layer.2.attention.output.dense.bias:num of params=768
07/05 05:43:02 - mmengine - INFO - paramwise_options -- backbone.text_model.model.encoder.layer.2.attention.output.dense.bias:lr=2.0000000000000003e-06
07/05 05:43:02 - mmengine - INFO - paramwise_options -- backbone.text_model.model.encoder.layer.2.attention.output.dense.bias:weight_decay=0.05
07/05 05:43:02 - mmengine - INFO - paramwise_options -- backbone.text_model.model.encoder.layer.2.attention.output.dense.bias:lr_mult=0.1
07/05 05:43:02 - mmengine - INFO - paramwise_options -- backbone.text_model.model.encoder.layer.2.attention.output.LayerNorm.weight:num of params=768
07/05 05:43:02 - mmengine - INFO - paramwise_options -- backbone.text_model.model.encoder.layer.2.attention.output.LayerNorm.weight:lr=2.0000000000000003e-06
07/05 05:43:02 - mmengine - INFO - paramwise_options -- backbone.text_model.model.encoder.layer.2.attention.output.LayerNorm.weight:weight_decay=0.05
07/05 05:43:02 - mmengine - INFO - paramwise_options -- backbone.text_model.model.encoder.layer.2.attention.output.LayerNorm.weight:lr_mult=0.1
07/05 05:43:02 - mmengine - INFO - paramwise_options -- backbone.text_model.model.encoder.layer.2.attention.output.LayerNorm.bias:num of params=768
07/05 05:43:02 - mmengine - INFO - paramwise_options -- backbone.text_model.model.encoder.layer.2.attention.output.LayerNorm.bias:lr=2.0000000000000003e-06
07/05 05:43:02 - mmengine - INFO - paramwise_options -- backbone.text_model.model.encoder.layer.2.attention.output.LayerNorm.bias:weight_decay=0.05
07/05 05:43:02 - mmengine - INFO - paramwise_options -- backbone.text_model.model.encoder.layer.2.attention.output.LayerNorm.bias:lr_mult=0.1
07/05 05:43:02 - mmengine - INFO - paramwise_options -- backbone.text_model.model.encoder.layer.2.intermediate.dense.weight:num of params=2359296
07/05 05:43:02 - mmengine - INFO - paramwise_options -- backbone.text_model.model.encoder.layer.2.intermediate.dense.weight:lr=2.0000000000000003e-06
07/05 05:43:02 - mmengine - INFO - paramwise_options -- backbone.text_model.model.encoder.layer.2.intermediate.dense.weight:weight_decay=0.05
07/05 05:43:02 - mmengine - INFO - paramwise_options -- backbone.text_model.model.encoder.layer.2.intermediate.dense.weight:lr_mult=0.1
07/05 05:43:02 - mmengine - INFO - paramwise_options -- backbone.text_model.model.encoder.layer.2.intermediate.dense.bias:num of params=3072
07/05 05:43:02 - mmengine - INFO - paramwise_options -- backbone.text_model.model.encoder.layer.2.intermediate.dense.bias:lr=2.0000000000000003e-06
07/05 05:43:02 - mmengine - INFO - paramwise_options -- backbone.text_model.model.encoder.layer.2.intermediate.dense.bias:weight_decay=0.05
07/05 05:43:02 - mmengine - INFO - paramwise_options -- backbone.text_model.model.encoder.layer.2.intermediate.dense.bias:lr_mult=0.1
07/05 05:43:02 - mmengine - INFO - paramwise_options -- backbone.text_model.model.encoder.layer.2.output.dense.weight:num of params=2359296
07/05 05:43:02 - mmengine - INFO - paramwise_options -- backbone.text_model.model.encoder.layer.2.output.dense.weight:lr=2.0000000000000003e-06
07/05 05:43:02 - mmengine - INFO - paramwise_options -- backbone.text_model.model.encoder.layer.2.output.dense.weight:weight_decay=0.05
07/05 05:43:02 - mmengine - INFO - paramwise_options -- backbone.text_model.model.encoder.layer.2.output.dense.weight:lr_mult=0.1
07/05 05:43:02 - mmengine - INFO - paramwise_options -- backbone.text_model.model.encoder.layer.2.output.dense.bias:num of params=768
07/05 05:43:02 - mmengine - INFO - paramwise_options -- backbone.text_model.model.encoder.layer.2.output.dense.bias:lr=2.0000000000000003e-06
07/05 05:43:02 - mmengine - INFO - paramwise_options -- backbone.text_model.model.encoder.layer.2.output.dense.bias:weight_decay=0.05
07/05 05:43:02 - mmengine - INFO - paramwise_options -- backbone.text_model.model.encoder.layer.2.output.dense.bias:lr_mult=0.1
07/05 05:43:02 - mmengine - INFO - paramwise_options -- backbone.text_model.model.encoder.layer.2.output.LayerNorm.weight:num of params=768
07/05 05:43:02 - mmengine - INFO - paramwise_options -- backbone.text_model.model.encoder.layer.2.output.LayerNorm.weight:lr=2.0000000000000003e-06
07/05 05:43:02 - mmengine - INFO - paramwise_options -- backbone.text_model.model.encoder.layer.2.output.LayerNorm.weight:weight_decay=0.05
07/05 05:43:02 - mmengine - INFO - paramwise_options -- backbone.text_model.model.encoder.layer.2.output.LayerNorm.weight:lr_mult=0.1
07/05 05:43:02 - mmengine - INFO - paramwise_options -- backbone.text_model.model.encoder.layer.2.output.LayerNorm.bias:num of params=768
07/05 05:43:02 - mmengine - INFO - paramwise_options -- backbone.text_model.model.encoder.layer.2.output.LayerNorm.bias:lr=2.0000000000000003e-06
07/05 05:43:02 - mmengine - INFO - paramwise_options -- backbone.text_model.model.encoder.layer.2.output.LayerNorm.bias:weight_decay=0.05
07/05 05:43:02 - mmengine - INFO - paramwise_options -- backbone.text_model.model.encoder.layer.2.output.LayerNorm.bias:lr_mult=0.1
07/05 05:43:02 - mmengine - INFO - paramwise_options -- backbone.text_model.model.encoder.layer.3.attention.self.query.weight:num of params=589824
07/05 05:43:02 - mmengine - INFO - paramwise_options -- backbone.text_model.model.encoder.layer.3.attention.self.query.weight:lr=2.0000000000000003e-06
07/05 05:43:02 - mmengine - INFO - paramwise_options -- backbone.text_model.model.encoder.layer.3.attention.self.query.weight:weight_decay=0.05
07/05 05:43:02 - mmengine - INFO - paramwise_options -- backbone.text_model.model.encoder.layer.3.attention.self.query.weight:lr_mult=0.1
07/05 05:43:02 - mmengine - INFO - paramwise_options -- backbone.text_model.model.encoder.layer.3.attention.self.query.bias:num of params=768
07/05 05:43:02 - mmengine - INFO - paramwise_options -- backbone.text_model.model.encoder.layer.3.attention.self.query.bias:lr=2.0000000000000003e-06
07/05 05:43:02 - mmengine - INFO - paramwise_options -- backbone.text_model.model.encoder.layer.3.attention.self.query.bias:weight_decay=0.05
07/05 05:43:02 - mmengine - INFO - paramwise_options -- backbone.text_model.model.encoder.layer.3.attention.self.query.bias:lr_mult=0.1
07/05 05:43:02 - mmengine - INFO - paramwise_options -- backbone.text_model.model.encoder.layer.3.attention.self.key.weight:num of params=589824
07/05 05:43:02 - mmengine - INFO - paramwise_options -- backbone.text_model.model.encoder.layer.3.attention.self.key.weight:lr=2.0000000000000003e-06
07/05 05:43:02 - mmengine - INFO - paramwise_options -- backbone.text_model.model.encoder.layer.3.attention.self.key.weight:weight_decay=0.05
07/05 05:43:02 - mmengine - INFO - paramwise_options -- backbone.text_model.model.encoder.layer.3.attention.self.key.weight:lr_mult=0.1
07/05 05:43:02 - mmengine - INFO - paramwise_options -- backbone.text_model.model.encoder.layer.3.attention.self.key.bias:num of params=768
07/05 05:43:02 - mmengine - INFO - paramwise_options -- backbone.text_model.model.encoder.layer.3.attention.self.key.bias:lr=2.0000000000000003e-06
07/05 05:43:02 - mmengine - INFO - paramwise_options -- backbone.text_model.model.encoder.layer.3.attention.self.key.bias:weight_decay=0.05
07/05 05:43:02 - mmengine - INFO - paramwise_options -- backbone.text_model.model.encoder.layer.3.attention.self.key.bias:lr_mult=0.1
07/05 05:43:02 - mmengine - INFO - paramwise_options -- backbone.text_model.model.encoder.layer.3.attention.self.value.weight:num of params=589824
07/05 05:43:02 - mmengine - INFO - paramwise_options -- backbone.text_model.model.encoder.layer.3.attention.self.value.weight:lr=2.0000000000000003e-06
07/05 05:43:02 - mmengine - INFO - paramwise_options -- backbone.text_model.model.encoder.layer.3.attention.self.value.weight:weight_decay=0.05
07/05 05:43:02 - mmengine - INFO - paramwise_options -- backbone.text_model.model.encoder.layer.3.attention.self.value.weight:lr_mult=0.1
07/05 05:43:02 - mmengine - INFO - paramwise_options -- backbone.text_model.model.encoder.layer.3.attention.self.value.bias:num of params=768
07/05 05:43:02 - mmengine - INFO - paramwise_options -- backbone.text_model.model.encoder.layer.3.attention.self.value.bias:lr=2.0000000000000003e-06
07/05 05:43:02 - mmengine - INFO - paramwise_options -- backbone.text_model.model.encoder.layer.3.attention.self.value.bias:weight_decay=0.05
07/05 05:43:02 - mmengine - INFO - paramwise_options -- backbone.text_model.model.encoder.layer.3.attention.self.value.bias:lr_mult=0.1
07/05 05:43:02 - mmengine - INFO - paramwise_options -- backbone.text_model.model.encoder.layer.3.attention.output.dense.weight:num of params=589824
07/05 05:43:02 - mmengine - INFO - paramwise_options -- backbone.text_model.model.encoder.layer.3.attention.output.dense.weight:lr=2.0000000000000003e-06
07/05 05:43:02 - mmengine - INFO - paramwise_options -- backbone.text_model.model.encoder.layer.3.attention.output.dense.weight:weight_decay=0.05
07/05 05:43:02 - mmengine - INFO - paramwise_options -- backbone.text_model.model.encoder.layer.3.attention.output.dense.weight:lr_mult=0.1
07/05 05:43:02 - mmengine - INFO - paramwise_options -- backbone.text_model.model.encoder.layer.3.attention.output.dense.bias:num of params=768
07/05 05:43:02 - mmengine - INFO - paramwise_options -- backbone.text_model.model.encoder.layer.3.attention.output.dense.bias:lr=2.0000000000000003e-06
07/05 05:43:02 - mmengine - INFO - paramwise_options -- backbone.text_model.model.encoder.layer.3.attention.output.dense.bias:weight_decay=0.05
07/05 05:43:02 - mmengine - INFO - paramwise_options -- backbone.text_model.model.encoder.layer.3.attention.output.dense.bias:lr_mult=0.1
07/05 05:43:02 - mmengine - INFO - paramwise_options -- backbone.text_model.model.encoder.layer.3.attention.output.LayerNorm.weight:num of params=768
07/05 05:43:02 - mmengine - INFO - paramwise_options -- backbone.text_model.model.encoder.layer.3.attention.output.LayerNorm.weight:lr=2.0000000000000003e-06
07/05 05:43:02 - mmengine - INFO - paramwise_options -- backbone.text_model.model.encoder.layer.3.attention.output.LayerNorm.weight:weight_decay=0.05
07/05 05:43:02 - mmengine - INFO - paramwise_options -- backbone.text_model.model.encoder.layer.3.attention.output.LayerNorm.weight:lr_mult=0.1
07/05 05:43:02 - mmengine - INFO - paramwise_options -- backbone.text_model.model.encoder.layer.3.attention.output.LayerNorm.bias:num of params=768
07/05 05:43:02 - mmengine - INFO - paramwise_options -- backbone.text_model.model.encoder.layer.3.attention.output.LayerNorm.bias:lr=2.0000000000000003e-06
07/05 05:43:02 - mmengine - INFO - paramwise_options -- backbone.text_model.model.encoder.layer.3.attention.output.LayerNorm.bias:weight_decay=0.05
07/05 05:43:02 - mmengine - INFO - paramwise_options -- backbone.text_model.model.encoder.layer.3.attention.output.LayerNorm.bias:lr_mult=0.1
07/05 05:43:02 - mmengine - INFO - paramwise_options -- backbone.text_model.model.encoder.layer.3.intermediate.dense.weight:num of params=2359296
07/05 05:43:02 - mmengine - INFO - paramwise_options -- backbone.text_model.model.encoder.layer.3.intermediate.dense.weight:lr=2.0000000000000003e-06
07/05 05:43:02 - mmengine - INFO - paramwise_options -- backbone.text_model.model.encoder.layer.3.intermediate.dense.weight:weight_decay=0.05
07/05 05:43:02 - mmengine - INFO - paramwise_options -- backbone.text_model.model.encoder.layer.3.intermediate.dense.weight:lr_mult=0.1
07/05 05:43:02 - mmengine - INFO - paramwise_options -- backbone.text_model.model.encoder.layer.3.intermediate.dense.bias:num of params=3072
07/05 05:43:02 - mmengine - INFO - paramwise_options -- backbone.text_model.model.encoder.layer.3.intermediate.dense.bias:lr=2.0000000000000003e-06
07/05 05:43:02 - mmengine - INFO - paramwise_options -- backbone.text_model.model.encoder.layer.3.intermediate.dense.bias:weight_decay=0.05
07/05 05:43:02 - mmengine - INFO - paramwise_options -- backbone.text_model.model.encoder.layer.3.intermediate.dense.bias:lr_mult=0.1
07/05 05:43:02 - mmengine - INFO - paramwise_options -- backbone.text_model.model.encoder.layer.3.output.dense.weight:num of params=2359296
07/05 05:43:02 - mmengine - INFO - paramwise_options -- backbone.text_model.model.encoder.layer.3.output.dense.weight:lr=2.0000000000000003e-06
07/05 05:43:02 - mmengine - INFO - paramwise_options -- backbone.text_model.model.encoder.layer.3.output.dense.weight:weight_decay=0.05
07/05 05:43:02 - mmengine - INFO - paramwise_options -- backbone.text_model.model.encoder.layer.3.output.dense.weight:lr_mult=0.1
07/05 05:43:02 - mmengine - INFO - paramwise_options -- backbone.text_model.model.encoder.layer.3.output.dense.bias:num of params=768
07/05 05:43:02 - mmengine - INFO - paramwise_options -- backbone.text_model.model.encoder.layer.3.output.dense.bias:lr=2.0000000000000003e-06
07/05 05:43:02 - mmengine - INFO - paramwise_options -- backbone.text_model.model.encoder.layer.3.output.dense.bias:weight_decay=0.05
07/05 05:43:02 - mmengine - INFO - paramwise_options -- backbone.text_model.model.encoder.layer.3.output.dense.bias:lr_mult=0.1
07/05 05:43:02 - mmengine - INFO - paramwise_options -- backbone.text_model.model.encoder.layer.3.output.LayerNorm.weight:num of params=768
07/05 05:43:02 - mmengine - INFO - paramwise_options -- backbone.text_model.model.encoder.layer.3.output.LayerNorm.weight:lr=2.0000000000000003e-06
07/05 05:43:02 - mmengine - INFO - paramwise_options -- backbone.text_model.model.encoder.layer.3.output.LayerNorm.weight:weight_decay=0.05
07/05 05:43:02 - mmengine - INFO - paramwise_options -- backbone.text_model.model.encoder.layer.3.output.LayerNorm.weight:lr_mult=0.1
07/05 05:43:02 - mmengine - INFO - paramwise_options -- backbone.text_model.model.encoder.layer.3.output.LayerNorm.bias:num of params=768
07/05 05:43:02 - mmengine - INFO - paramwise_options -- backbone.text_model.model.encoder.layer.3.output.LayerNorm.bias:lr=2.0000000000000003e-06
07/05 05:43:02 - mmengine - INFO - paramwise_options -- backbone.text_model.model.encoder.layer.3.output.LayerNorm.bias:weight_decay=0.05
07/05 05:43:02 - mmengine - INFO - paramwise_options -- backbone.text_model.model.encoder.layer.3.output.LayerNorm.bias:lr_mult=0.1
07/05 05:43:02 - mmengine - INFO - paramwise_options -- backbone.text_model.model.encoder.layer.4.attention.self.query.weight:num of params=589824
07/05 05:43:02 - mmengine - INFO - paramwise_options -- backbone.text_model.model.encoder.layer.4.attention.self.query.weight:lr=2.0000000000000003e-06
07/05 05:43:02 - mmengine - INFO - paramwise_options -- backbone.text_model.model.encoder.layer.4.attention.self.query.weight:weight_decay=0.05
07/05 05:43:02 - mmengine - INFO - paramwise_options -- backbone.text_model.model.encoder.layer.4.attention.self.query.weight:lr_mult=0.1
07/05 05:43:02 - mmengine - INFO - paramwise_options -- backbone.text_model.model.encoder.layer.4.attention.self.query.bias:num of params=768
07/05 05:43:02 - mmengine - INFO - paramwise_options -- backbone.text_model.model.encoder.layer.4.attention.self.query.bias:lr=2.0000000000000003e-06
07/05 05:43:02 - mmengine - INFO - paramwise_options -- backbone.text_model.model.encoder.layer.4.attention.self.query.bias:weight_decay=0.05
07/05 05:43:02 - mmengine - INFO - paramwise_options -- backbone.text_model.model.encoder.layer.4.attention.self.query.bias:lr_mult=0.1
07/05 05:43:02 - mmengine - INFO - paramwise_options -- backbone.text_model.model.encoder.layer.4.attention.self.key.weight:num of params=589824
07/05 05:43:02 - mmengine - INFO - paramwise_options -- backbone.text_model.model.encoder.layer.4.attention.self.key.weight:lr=2.0000000000000003e-06
07/05 05:43:02 - mmengine - INFO - paramwise_options -- backbone.text_model.model.encoder.layer.4.attention.self.key.weight:weight_decay=0.05
07/05 05:43:02 - mmengine - INFO - paramwise_options -- backbone.text_model.model.encoder.layer.4.attention.self.key.weight:lr_mult=0.1
07/05 05:43:02 - mmengine - INFO - paramwise_options -- backbone.text_model.model.encoder.layer.4.attention.self.key.bias:num of params=768
07/05 05:43:02 - mmengine - INFO - paramwise_options -- backbone.text_model.model.encoder.layer.4.attention.self.key.bias:lr=2.0000000000000003e-06
07/05 05:43:02 - mmengine - INFO - paramwise_options -- backbone.text_model.model.encoder.layer.4.attention.self.key.bias:weight_decay=0.05
07/05 05:43:02 - mmengine - INFO - paramwise_options -- backbone.text_model.model.encoder.layer.4.attention.self.key.bias:lr_mult=0.1
07/05 05:43:02 - mmengine - INFO - paramwise_options -- backbone.text_model.model.encoder.layer.4.attention.self.value.weight:num of params=589824
07/05 05:43:02 - mmengine - INFO - paramwise_options -- backbone.text_model.model.encoder.layer.4.attention.self.value.weight:lr=2.0000000000000003e-06
07/05 05:43:02 - mmengine - INFO - paramwise_options -- backbone.text_model.model.encoder.layer.4.attention.self.value.weight:weight_decay=0.05
07/05 05:43:02 - mmengine - INFO - paramwise_options -- backbone.text_model.model.encoder.layer.4.attention.self.value.weight:lr_mult=0.1
07/05 05:43:02 - mmengine - INFO - paramwise_options -- backbone.text_model.model.encoder.layer.4.attention.self.value.bias:num of params=768
07/05 05:43:02 - mmengine - INFO - paramwise_options -- backbone.text_model.model.encoder.layer.4.attention.self.value.bias:lr=2.0000000000000003e-06
07/05 05:43:02 - mmengine - INFO - paramwise_options -- backbone.text_model.model.encoder.layer.4.attention.self.value.bias:weight_decay=0.05
07/05 05:43:02 - mmengine - INFO - paramwise_options -- backbone.text_model.model.encoder.layer.4.attention.self.value.bias:lr_mult=0.1
07/05 05:43:02 - mmengine - INFO - paramwise_options -- backbone.text_model.model.encoder.layer.4.attention.output.dense.weight:num of params=589824
07/05 05:43:02 - mmengine - INFO - paramwise_options -- backbone.text_model.model.encoder.layer.4.attention.output.dense.weight:lr=2.0000000000000003e-06
07/05 05:43:02 - mmengine - INFO - paramwise_options -- backbone.text_model.model.encoder.layer.4.attention.output.dense.weight:weight_decay=0.05
07/05 05:43:02 - mmengine - INFO - paramwise_options -- backbone.text_model.model.encoder.layer.4.attention.output.dense.weight:lr_mult=0.1
07/05 05:43:02 - mmengine - INFO - paramwise_options -- backbone.text_model.model.encoder.layer.4.attention.output.dense.bias:num of params=768
07/05 05:43:02 - mmengine - INFO - paramwise_options -- backbone.text_model.model.encoder.layer.4.attention.output.dense.bias:lr=2.0000000000000003e-06
07/05 05:43:02 - mmengine - INFO - paramwise_options -- backbone.text_model.model.encoder.layer.4.attention.output.dense.bias:weight_decay=0.05
07/05 05:43:02 - mmengine - INFO - paramwise_options -- backbone.text_model.model.encoder.layer.4.attention.output.dense.bias:lr_mult=0.1
07/05 05:43:02 - mmengine - INFO - paramwise_options -- backbone.text_model.model.encoder.layer.4.attention.output.LayerNorm.weight:num of params=768
07/05 05:43:02 - mmengine - INFO - paramwise_options -- backbone.text_model.model.encoder.layer.4.attention.output.LayerNorm.weight:lr=2.0000000000000003e-06
07/05 05:43:02 - mmengine - INFO - paramwise_options -- backbone.text_model.model.encoder.layer.4.attention.output.LayerNorm.weight:weight_decay=0.05
07/05 05:43:02 - mmengine - INFO - paramwise_options -- backbone.text_model.model.encoder.layer.4.attention.output.LayerNorm.weight:lr_mult=0.1
07/05 05:43:02 - mmengine - INFO - paramwise_options -- backbone.text_model.model.encoder.layer.4.attention.output.LayerNorm.bias:num of params=768
07/05 05:43:02 - mmengine - INFO - paramwise_options -- backbone.text_model.model.encoder.layer.4.attention.output.LayerNorm.bias:lr=2.0000000000000003e-06
07/05 05:43:02 - mmengine - INFO - paramwise_options -- backbone.text_model.model.encoder.layer.4.attention.output.LayerNorm.bias:weight_decay=0.05
07/05 05:43:02 - mmengine - INFO - paramwise_options -- backbone.text_model.model.encoder.layer.4.attention.output.LayerNorm.bias:lr_mult=0.1
07/05 05:43:02 - mmengine - INFO - paramwise_options -- backbone.text_model.model.encoder.layer.4.intermediate.dense.weight:num of params=2359296
07/05 05:43:02 - mmengine - INFO - paramwise_options -- backbone.text_model.model.encoder.layer.4.intermediate.dense.weight:lr=2.0000000000000003e-06
07/05 05:43:02 - mmengine - INFO - paramwise_options -- backbone.text_model.model.encoder.layer.4.intermediate.dense.weight:weight_decay=0.05
07/05 05:43:02 - mmengine - INFO - paramwise_options -- backbone.text_model.model.encoder.layer.4.intermediate.dense.weight:lr_mult=0.1
07/05 05:43:02 - mmengine - INFO - paramwise_options -- backbone.text_model.model.encoder.layer.4.intermediate.dense.bias:num of params=3072
07/05 05:43:02 - mmengine - INFO - paramwise_options -- backbone.text_model.model.encoder.layer.4.intermediate.dense.bias:lr=2.0000000000000003e-06
07/05 05:43:02 - mmengine - INFO - paramwise_options -- backbone.text_model.model.encoder.layer.4.intermediate.dense.bias:weight_decay=0.05
07/05 05:43:02 - mmengine - INFO - paramwise_options -- backbone.text_model.model.encoder.layer.4.intermediate.dense.bias:lr_mult=0.1
07/05 05:43:02 - mmengine - INFO - paramwise_options -- backbone.text_model.model.encoder.layer.4.output.dense.weight:num of params=2359296
07/05 05:43:02 - mmengine - INFO - paramwise_options -- backbone.text_model.model.encoder.layer.4.output.dense.weight:lr=2.0000000000000003e-06
07/05 05:43:02 - mmengine - INFO - paramwise_options -- backbone.text_model.model.encoder.layer.4.output.dense.weight:weight_decay=0.05
07/05 05:43:02 - mmengine - INFO - paramwise_options -- backbone.text_model.model.encoder.layer.4.output.dense.weight:lr_mult=0.1
07/05 05:43:02 - mmengine - INFO - paramwise_options -- backbone.text_model.model.encoder.layer.4.output.dense.bias:num of params=768
07/05 05:43:02 - mmengine - INFO - paramwise_options -- backbone.text_model.model.encoder.layer.4.output.dense.bias:lr=2.0000000000000003e-06
07/05 05:43:02 - mmengine - INFO - paramwise_options -- backbone.text_model.model.encoder.layer.4.output.dense.bias:weight_decay=0.05
07/05 05:43:02 - mmengine - INFO - paramwise_options -- backbone.text_model.model.encoder.layer.4.output.dense.bias:lr_mult=0.1
07/05 05:43:02 - mmengine - INFO - paramwise_options -- backbone.text_model.model.encoder.layer.4.output.LayerNorm.weight:num of params=768
07/05 05:43:02 - mmengine - INFO - paramwise_options -- backbone.text_model.model.encoder.layer.4.output.LayerNorm.weight:lr=2.0000000000000003e-06
07/05 05:43:02 - mmengine - INFO - paramwise_options -- backbone.text_model.model.encoder.layer.4.output.LayerNorm.weight:weight_decay=0.05
07/05 05:43:02 - mmengine - INFO - paramwise_options -- backbone.text_model.model.encoder.layer.4.output.LayerNorm.weight:lr_mult=0.1
07/05 05:43:02 - mmengine - INFO - paramwise_options -- backbone.text_model.model.encoder.layer.4.output.LayerNorm.bias:num of params=768
07/05 05:43:02 - mmengine - INFO - paramwise_options -- backbone.text_model.model.encoder.layer.4.output.LayerNorm.bias:lr=2.0000000000000003e-06
07/05 05:43:02 - mmengine - INFO - paramwise_options -- backbone.text_model.model.encoder.layer.4.output.LayerNorm.bias:weight_decay=0.05
07/05 05:43:02 - mmengine - INFO - paramwise_options -- backbone.text_model.model.encoder.layer.4.output.LayerNorm.bias:lr_mult=0.1
07/05 05:43:02 - mmengine - INFO - paramwise_options -- backbone.text_model.model.encoder.layer.5.attention.self.query.weight:num of params=589824
07/05 05:43:02 - mmengine - INFO - paramwise_options -- backbone.text_model.model.encoder.layer.5.attention.self.query.weight:lr=2.0000000000000003e-06
07/05 05:43:02 - mmengine - INFO - paramwise_options -- backbone.text_model.model.encoder.layer.5.attention.self.query.weight:weight_decay=0.05
07/05 05:43:02 - mmengine - INFO - paramwise_options -- backbone.text_model.model.encoder.layer.5.attention.self.query.weight:lr_mult=0.1
07/05 05:43:02 - mmengine - INFO - paramwise_options -- backbone.text_model.model.encoder.layer.5.attention.self.query.bias:num of params=768
07/05 05:43:02 - mmengine - INFO - paramwise_options -- backbone.text_model.model.encoder.layer.5.attention.self.query.bias:lr=2.0000000000000003e-06
07/05 05:43:02 - mmengine - INFO - paramwise_options -- backbone.text_model.model.encoder.layer.5.attention.self.query.bias:weight_decay=0.05
07/05 05:43:02 - mmengine - INFO - paramwise_options -- backbone.text_model.model.encoder.layer.5.attention.self.query.bias:lr_mult=0.1
07/05 05:43:02 - mmengine - INFO - paramwise_options -- backbone.text_model.model.encoder.layer.5.attention.self.key.weight:num of params=589824
07/05 05:43:02 - mmengine - INFO - paramwise_options -- backbone.text_model.model.encoder.layer.5.attention.self.key.weight:lr=2.0000000000000003e-06
07/05 05:43:02 - mmengine - INFO - paramwise_options -- backbone.text_model.model.encoder.layer.5.attention.self.key.weight:weight_decay=0.05
07/05 05:43:02 - mmengine - INFO - paramwise_options -- backbone.text_model.model.encoder.layer.5.attention.self.key.weight:lr_mult=0.1
07/05 05:43:02 - mmengine - INFO - paramwise_options -- backbone.text_model.model.encoder.layer.5.attention.self.key.bias:num of params=768
07/05 05:43:02 - mmengine - INFO - paramwise_options -- backbone.text_model.model.encoder.layer.5.attention.self.key.bias:lr=2.0000000000000003e-06
07/05 05:43:02 - mmengine - INFO - paramwise_options -- backbone.text_model.model.encoder.layer.5.attention.self.key.bias:weight_decay=0.05
07/05 05:43:02 - mmengine - INFO - paramwise_options -- backbone.text_model.model.encoder.layer.5.attention.self.key.bias:lr_mult=0.1
07/05 05:43:02 - mmengine - INFO - paramwise_options -- backbone.text_model.model.encoder.layer.5.attention.self.value.weight:num of params=589824
07/05 05:43:02 - mmengine - INFO - paramwise_options -- backbone.text_model.model.encoder.layer.5.attention.self.value.weight:lr=2.0000000000000003e-06
07/05 05:43:02 - mmengine - INFO - paramwise_options -- backbone.text_model.model.encoder.layer.5.attention.self.value.weight:weight_decay=0.05
07/05 05:43:02 - mmengine - INFO - paramwise_options -- backbone.text_model.model.encoder.layer.5.attention.self.value.weight:lr_mult=0.1
07/05 05:43:02 - mmengine - INFO - paramwise_options -- backbone.text_model.model.encoder.layer.5.attention.self.value.bias:num of params=768
07/05 05:43:02 - mmengine - INFO - paramwise_options -- backbone.text_model.model.encoder.layer.5.attention.self.value.bias:lr=2.0000000000000003e-06
07/05 05:43:02 - mmengine - INFO - paramwise_options -- backbone.text_model.model.encoder.layer.5.attention.self.value.bias:weight_decay=0.05
07/05 05:43:02 - mmengine - INFO - paramwise_options -- backbone.text_model.model.encoder.layer.5.attention.self.value.bias:lr_mult=0.1
07/05 05:43:02 - mmengine - INFO - paramwise_options -- backbone.text_model.model.encoder.layer.5.attention.output.dense.weight:num of params=589824
07/05 05:43:02 - mmengine - INFO - paramwise_options -- backbone.text_model.model.encoder.layer.5.attention.output.dense.weight:lr=2.0000000000000003e-06
07/05 05:43:02 - mmengine - INFO - paramwise_options -- backbone.text_model.model.encoder.layer.5.attention.output.dense.weight:weight_decay=0.05
07/05 05:43:02 - mmengine - INFO - paramwise_options -- backbone.text_model.model.encoder.layer.5.attention.output.dense.weight:lr_mult=0.1
07/05 05:43:02 - mmengine - INFO - paramwise_options -- backbone.text_model.model.encoder.layer.5.attention.output.dense.bias:num of params=768
07/05 05:43:02 - mmengine - INFO - paramwise_options -- backbone.text_model.model.encoder.layer.5.attention.output.dense.bias:lr=2.0000000000000003e-06
07/05 05:43:02 - mmengine - INFO - paramwise_options -- backbone.text_model.model.encoder.layer.5.attention.output.dense.bias:weight_decay=0.05
07/05 05:43:02 - mmengine - INFO - paramwise_options -- backbone.text_model.model.encoder.layer.5.attention.output.dense.bias:lr_mult=0.1
07/05 05:43:02 - mmengine - INFO - paramwise_options -- backbone.text_model.model.encoder.layer.5.attention.output.LayerNorm.weight:num of params=768
07/05 05:43:02 - mmengine - INFO - paramwise_options -- backbone.text_model.model.encoder.layer.5.attention.output.LayerNorm.weight:lr=2.0000000000000003e-06
07/05 05:43:02 - mmengine - INFO - paramwise_options -- backbone.text_model.model.encoder.layer.5.attention.output.LayerNorm.weight:weight_decay=0.05
07/05 05:43:02 - mmengine - INFO - paramwise_options -- backbone.text_model.model.encoder.layer.5.attention.output.LayerNorm.weight:lr_mult=0.1
07/05 05:43:02 - mmengine - INFO - paramwise_options -- backbone.text_model.model.encoder.layer.5.attention.output.LayerNorm.bias:num of params=768
07/05 05:43:02 - mmengine - INFO - paramwise_options -- backbone.text_model.model.encoder.layer.5.attention.output.LayerNorm.bias:lr=2.0000000000000003e-06
07/05 05:43:02 - mmengine - INFO - paramwise_options -- backbone.text_model.model.encoder.layer.5.attention.output.LayerNorm.bias:weight_decay=0.05
07/05 05:43:02 - mmengine - INFO - paramwise_options -- backbone.text_model.model.encoder.layer.5.attention.output.LayerNorm.bias:lr_mult=0.1
07/05 05:43:02 - mmengine - INFO - paramwise_options -- backbone.text_model.model.encoder.layer.5.intermediate.dense.weight:num of params=2359296
07/05 05:43:02 - mmengine - INFO - paramwise_options -- backbone.text_model.model.encoder.layer.5.intermediate.dense.weight:lr=2.0000000000000003e-06
07/05 05:43:02 - mmengine - INFO - paramwise_options -- backbone.text_model.model.encoder.layer.5.intermediate.dense.weight:weight_decay=0.05
07/05 05:43:02 - mmengine - INFO - paramwise_options -- backbone.text_model.model.encoder.layer.5.intermediate.dense.weight:lr_mult=0.1
07/05 05:43:02 - mmengine - INFO - paramwise_options -- backbone.text_model.model.encoder.layer.5.intermediate.dense.bias:num of params=3072
07/05 05:43:02 - mmengine - INFO - paramwise_options -- backbone.text_model.model.encoder.layer.5.intermediate.dense.bias:lr=2.0000000000000003e-06
07/05 05:43:02 - mmengine - INFO - paramwise_options -- backbone.text_model.model.encoder.layer.5.intermediate.dense.bias:weight_decay=0.05
07/05 05:43:02 - mmengine - INFO - paramwise_options -- backbone.text_model.model.encoder.layer.5.intermediate.dense.bias:lr_mult=0.1
07/05 05:43:02 - mmengine - INFO - paramwise_options -- backbone.text_model.model.encoder.layer.5.output.dense.weight:num of params=2359296
07/05 05:43:02 - mmengine - INFO - paramwise_options -- backbone.text_model.model.encoder.layer.5.output.dense.weight:lr=2.0000000000000003e-06
07/05 05:43:02 - mmengine - INFO - paramwise_options -- backbone.text_model.model.encoder.layer.5.output.dense.weight:weight_decay=0.05
07/05 05:43:02 - mmengine - INFO - paramwise_options -- backbone.text_model.model.encoder.layer.5.output.dense.weight:lr_mult=0.1
07/05 05:43:02 - mmengine - INFO - paramwise_options -- backbone.text_model.model.encoder.layer.5.output.dense.bias:num of params=768
07/05 05:43:02 - mmengine - INFO - paramwise_options -- backbone.text_model.model.encoder.layer.5.output.dense.bias:lr=2.0000000000000003e-06
07/05 05:43:02 - mmengine - INFO - paramwise_options -- backbone.text_model.model.encoder.layer.5.output.dense.bias:weight_decay=0.05
07/05 05:43:02 - mmengine - INFO - paramwise_options -- backbone.text_model.model.encoder.layer.5.output.dense.bias:lr_mult=0.1
07/05 05:43:02 - mmengine - INFO - paramwise_options -- backbone.text_model.model.encoder.layer.5.output.LayerNorm.weight:num of params=768
07/05 05:43:02 - mmengine - INFO - paramwise_options -- backbone.text_model.model.encoder.layer.5.output.LayerNorm.weight:lr=2.0000000000000003e-06
07/05 05:43:02 - mmengine - INFO - paramwise_options -- backbone.text_model.model.encoder.layer.5.output.LayerNorm.weight:weight_decay=0.05
07/05 05:43:02 - mmengine - INFO - paramwise_options -- backbone.text_model.model.encoder.layer.5.output.LayerNorm.weight:lr_mult=0.1
07/05 05:43:02 - mmengine - INFO - paramwise_options -- backbone.text_model.model.encoder.layer.5.output.LayerNorm.bias:num of params=768
07/05 05:43:02 - mmengine - INFO - paramwise_options -- backbone.text_model.model.encoder.layer.5.output.LayerNorm.bias:lr=2.0000000000000003e-06
07/05 05:43:02 - mmengine - INFO - paramwise_options -- backbone.text_model.model.encoder.layer.5.output.LayerNorm.bias:weight_decay=0.05
07/05 05:43:02 - mmengine - INFO - paramwise_options -- backbone.text_model.model.encoder.layer.5.output.LayerNorm.bias:lr_mult=0.1
07/05 05:43:02 - mmengine - INFO - paramwise_options -- backbone.text_model.model.encoder.layer.6.attention.self.query.weight:num of params=589824
07/05 05:43:02 - mmengine - INFO - paramwise_options -- backbone.text_model.model.encoder.layer.6.attention.self.query.weight:lr=2.0000000000000003e-06
07/05 05:43:02 - mmengine - INFO - paramwise_options -- backbone.text_model.model.encoder.layer.6.attention.self.query.weight:weight_decay=0.05
07/05 05:43:02 - mmengine - INFO - paramwise_options -- backbone.text_model.model.encoder.layer.6.attention.self.query.weight:lr_mult=0.1
07/05 05:43:02 - mmengine - INFO - paramwise_options -- backbone.text_model.model.encoder.layer.6.attention.self.query.bias:num of params=768
07/05 05:43:02 - mmengine - INFO - paramwise_options -- backbone.text_model.model.encoder.layer.6.attention.self.query.bias:lr=2.0000000000000003e-06
07/05 05:43:02 - mmengine - INFO - paramwise_options -- backbone.text_model.model.encoder.layer.6.attention.self.query.bias:weight_decay=0.05
07/05 05:43:02 - mmengine - INFO - paramwise_options -- backbone.text_model.model.encoder.layer.6.attention.self.query.bias:lr_mult=0.1
07/05 05:43:02 - mmengine - INFO - paramwise_options -- backbone.text_model.model.encoder.layer.6.attention.self.key.weight:num of params=589824
07/05 05:43:02 - mmengine - INFO - paramwise_options -- backbone.text_model.model.encoder.layer.6.attention.self.key.weight:lr=2.0000000000000003e-06
07/05 05:43:02 - mmengine - INFO - paramwise_options -- backbone.text_model.model.encoder.layer.6.attention.self.key.weight:weight_decay=0.05
07/05 05:43:02 - mmengine - INFO - paramwise_options -- backbone.text_model.model.encoder.layer.6.attention.self.key.weight:lr_mult=0.1
07/05 05:43:02 - mmengine - INFO - paramwise_options -- backbone.text_model.model.encoder.layer.6.attention.self.key.bias:num of params=768
07/05 05:43:02 - mmengine - INFO - paramwise_options -- backbone.text_model.model.encoder.layer.6.attention.self.key.bias:lr=2.0000000000000003e-06
07/05 05:43:02 - mmengine - INFO - paramwise_options -- backbone.text_model.model.encoder.layer.6.attention.self.key.bias:weight_decay=0.05
07/05 05:43:02 - mmengine - INFO - paramwise_options -- backbone.text_model.model.encoder.layer.6.attention.self.key.bias:lr_mult=0.1
07/05 05:43:02 - mmengine - INFO - paramwise_options -- backbone.text_model.model.encoder.layer.6.attention.self.value.weight:num of params=589824
07/05 05:43:02 - mmengine - INFO - paramwise_options -- backbone.text_model.model.encoder.layer.6.attention.self.value.weight:lr=2.0000000000000003e-06
07/05 05:43:02 - mmengine - INFO - paramwise_options -- backbone.text_model.model.encoder.layer.6.attention.self.value.weight:weight_decay=0.05
07/05 05:43:02 - mmengine - INFO - paramwise_options -- backbone.text_model.model.encoder.layer.6.attention.self.value.weight:lr_mult=0.1
07/05 05:43:02 - mmengine - INFO - paramwise_options -- backbone.text_model.model.encoder.layer.6.attention.self.value.bias:num of params=768
07/05 05:43:02 - mmengine - INFO - paramwise_options -- backbone.text_model.model.encoder.layer.6.attention.self.value.bias:lr=2.0000000000000003e-06
07/05 05:43:02 - mmengine - INFO - paramwise_options -- backbone.text_model.model.encoder.layer.6.attention.self.value.bias:weight_decay=0.05
07/05 05:43:02 - mmengine - INFO - paramwise_options -- backbone.text_model.model.encoder.layer.6.attention.self.value.bias:lr_mult=0.1
07/05 05:43:02 - mmengine - INFO - paramwise_options -- backbone.text_model.model.encoder.layer.6.attention.output.dense.weight:num of params=589824
07/05 05:43:02 - mmengine - INFO - paramwise_options -- backbone.text_model.model.encoder.layer.6.attention.output.dense.weight:lr=2.0000000000000003e-06
07/05 05:43:02 - mmengine - INFO - paramwise_options -- backbone.text_model.model.encoder.layer.6.attention.output.dense.weight:weight_decay=0.05
07/05 05:43:02 - mmengine - INFO - paramwise_options -- backbone.text_model.model.encoder.layer.6.attention.output.dense.weight:lr_mult=0.1
07/05 05:43:02 - mmengine - INFO - paramwise_options -- backbone.text_model.model.encoder.layer.6.attention.output.dense.bias:num of params=768
07/05 05:43:02 - mmengine - INFO - paramwise_options -- backbone.text_model.model.encoder.layer.6.attention.output.dense.bias:lr=2.0000000000000003e-06
07/05 05:43:02 - mmengine - INFO - paramwise_options -- backbone.text_model.model.encoder.layer.6.attention.output.dense.bias:weight_decay=0.05
07/05 05:43:02 - mmengine - INFO - paramwise_options -- backbone.text_model.model.encoder.layer.6.attention.output.dense.bias:lr_mult=0.1
07/05 05:43:02 - mmengine - INFO - paramwise_options -- backbone.text_model.model.encoder.layer.6.attention.output.LayerNorm.weight:num of params=768
07/05 05:43:02 - mmengine - INFO - paramwise_options -- backbone.text_model.model.encoder.layer.6.attention.output.LayerNorm.weight:lr=2.0000000000000003e-06
07/05 05:43:02 - mmengine - INFO - paramwise_options -- backbone.text_model.model.encoder.layer.6.attention.output.LayerNorm.weight:weight_decay=0.05
07/05 05:43:02 - mmengine - INFO - paramwise_options -- backbone.text_model.model.encoder.layer.6.attention.output.LayerNorm.weight:lr_mult=0.1
07/05 05:43:02 - mmengine - INFO - paramwise_options -- backbone.text_model.model.encoder.layer.6.attention.output.LayerNorm.bias:num of params=768
07/05 05:43:02 - mmengine - INFO - paramwise_options -- backbone.text_model.model.encoder.layer.6.attention.output.LayerNorm.bias:lr=2.0000000000000003e-06
07/05 05:43:02 - mmengine - INFO - paramwise_options -- backbone.text_model.model.encoder.layer.6.attention.output.LayerNorm.bias:weight_decay=0.05
07/05 05:43:02 - mmengine - INFO - paramwise_options -- backbone.text_model.model.encoder.layer.6.attention.output.LayerNorm.bias:lr_mult=0.1
07/05 05:43:02 - mmengine - INFO - paramwise_options -- backbone.text_model.model.encoder.layer.6.intermediate.dense.weight:num of params=2359296
07/05 05:43:02 - mmengine - INFO - paramwise_options -- backbone.text_model.model.encoder.layer.6.intermediate.dense.weight:lr=2.0000000000000003e-06
07/05 05:43:02 - mmengine - INFO - paramwise_options -- backbone.text_model.model.encoder.layer.6.intermediate.dense.weight:weight_decay=0.05
07/05 05:43:02 - mmengine - INFO - paramwise_options -- backbone.text_model.model.encoder.layer.6.intermediate.dense.weight:lr_mult=0.1
07/05 05:43:02 - mmengine - INFO - paramwise_options -- backbone.text_model.model.encoder.layer.6.intermediate.dense.bias:num of params=3072
07/05 05:43:02 - mmengine - INFO - paramwise_options -- backbone.text_model.model.encoder.layer.6.intermediate.dense.bias:lr=2.0000000000000003e-06
07/05 05:43:02 - mmengine - INFO - paramwise_options -- backbone.text_model.model.encoder.layer.6.intermediate.dense.bias:weight_decay=0.05
07/05 05:43:02 - mmengine - INFO - paramwise_options -- backbone.text_model.model.encoder.layer.6.intermediate.dense.bias:lr_mult=0.1
07/05 05:43:02 - mmengine - INFO - paramwise_options -- backbone.text_model.model.encoder.layer.6.output.dense.weight:num of params=2359296
07/05 05:43:02 - mmengine - INFO - paramwise_options -- backbone.text_model.model.encoder.layer.6.output.dense.weight:lr=2.0000000000000003e-06
07/05 05:43:02 - mmengine - INFO - paramwise_options -- backbone.text_model.model.encoder.layer.6.output.dense.weight:weight_decay=0.05
07/05 05:43:02 - mmengine - INFO - paramwise_options -- backbone.text_model.model.encoder.layer.6.output.dense.weight:lr_mult=0.1
07/05 05:43:02 - mmengine - INFO - paramwise_options -- backbone.text_model.model.encoder.layer.6.output.dense.bias:num of params=768
07/05 05:43:02 - mmengine - INFO - paramwise_options -- backbone.text_model.model.encoder.layer.6.output.dense.bias:lr=2.0000000000000003e-06
07/05 05:43:02 - mmengine - INFO - paramwise_options -- backbone.text_model.model.encoder.layer.6.output.dense.bias:weight_decay=0.05
07/05 05:43:02 - mmengine - INFO - paramwise_options -- backbone.text_model.model.encoder.layer.6.output.dense.bias:lr_mult=0.1
07/05 05:43:02 - mmengine - INFO - paramwise_options -- backbone.text_model.model.encoder.layer.6.output.LayerNorm.weight:num of params=768
07/05 05:43:02 - mmengine - INFO - paramwise_options -- backbone.text_model.model.encoder.layer.6.output.LayerNorm.weight:lr=2.0000000000000003e-06
07/05 05:43:02 - mmengine - INFO - paramwise_options -- backbone.text_model.model.encoder.layer.6.output.LayerNorm.weight:weight_decay=0.05
07/05 05:43:02 - mmengine - INFO - paramwise_options -- backbone.text_model.model.encoder.layer.6.output.LayerNorm.weight:lr_mult=0.1
07/05 05:43:02 - mmengine - INFO - paramwise_options -- backbone.text_model.model.encoder.layer.6.output.LayerNorm.bias:num of params=768
07/05 05:43:02 - mmengine - INFO - paramwise_options -- backbone.text_model.model.encoder.layer.6.output.LayerNorm.bias:lr=2.0000000000000003e-06
07/05 05:43:02 - mmengine - INFO - paramwise_options -- backbone.text_model.model.encoder.layer.6.output.LayerNorm.bias:weight_decay=0.05
07/05 05:43:02 - mmengine - INFO - paramwise_options -- backbone.text_model.model.encoder.layer.6.output.LayerNorm.bias:lr_mult=0.1
07/05 05:43:02 - mmengine - INFO - paramwise_options -- backbone.text_model.model.encoder.layer.7.attention.self.query.weight:num of params=589824
07/05 05:43:02 - mmengine - INFO - paramwise_options -- backbone.text_model.model.encoder.layer.7.attention.self.query.weight:lr=2.0000000000000003e-06
07/05 05:43:02 - mmengine - INFO - paramwise_options -- backbone.text_model.model.encoder.layer.7.attention.self.query.weight:weight_decay=0.05
07/05 05:43:02 - mmengine - INFO - paramwise_options -- backbone.text_model.model.encoder.layer.7.attention.self.query.weight:lr_mult=0.1
07/05 05:43:02 - mmengine - INFO - paramwise_options -- backbone.text_model.model.encoder.layer.7.attention.self.query.bias:num of params=768
07/05 05:43:02 - mmengine - INFO - paramwise_options -- backbone.text_model.model.encoder.layer.7.attention.self.query.bias:lr=2.0000000000000003e-06
07/05 05:43:02 - mmengine - INFO - paramwise_options -- backbone.text_model.model.encoder.layer.7.attention.self.query.bias:weight_decay=0.05
07/05 05:43:02 - mmengine - INFO - paramwise_options -- backbone.text_model.model.encoder.layer.7.attention.self.query.bias:lr_mult=0.1
07/05 05:43:02 - mmengine - INFO - paramwise_options -- backbone.text_model.model.encoder.layer.7.attention.self.key.weight:num of params=589824
07/05 05:43:02 - mmengine - INFO - paramwise_options -- backbone.text_model.model.encoder.layer.7.attention.self.key.weight:lr=2.0000000000000003e-06
07/05 05:43:02 - mmengine - INFO - paramwise_options -- backbone.text_model.model.encoder.layer.7.attention.self.key.weight:weight_decay=0.05
07/05 05:43:02 - mmengine - INFO - paramwise_options -- backbone.text_model.model.encoder.layer.7.attention.self.key.weight:lr_mult=0.1
07/05 05:43:02 - mmengine - INFO - paramwise_options -- backbone.text_model.model.encoder.layer.7.attention.self.key.bias:num of params=768
07/05 05:43:02 - mmengine - INFO - paramwise_options -- backbone.text_model.model.encoder.layer.7.attention.self.key.bias:lr=2.0000000000000003e-06
07/05 05:43:02 - mmengine - INFO - paramwise_options -- backbone.text_model.model.encoder.layer.7.attention.self.key.bias:weight_decay=0.05
07/05 05:43:02 - mmengine - INFO - paramwise_options -- backbone.text_model.model.encoder.layer.7.attention.self.key.bias:lr_mult=0.1
07/05 05:43:02 - mmengine - INFO - paramwise_options -- backbone.text_model.model.encoder.layer.7.attention.self.value.weight:num of params=589824
07/05 05:43:02 - mmengine - INFO - paramwise_options -- backbone.text_model.model.encoder.layer.7.attention.self.value.weight:lr=2.0000000000000003e-06
07/05 05:43:02 - mmengine - INFO - paramwise_options -- backbone.text_model.model.encoder.layer.7.attention.self.value.weight:weight_decay=0.05
07/05 05:43:02 - mmengine - INFO - paramwise_options -- backbone.text_model.model.encoder.layer.7.attention.self.value.weight:lr_mult=0.1
07/05 05:43:02 - mmengine - INFO - paramwise_options -- backbone.text_model.model.encoder.layer.7.attention.self.value.bias:num of params=768
07/05 05:43:02 - mmengine - INFO - paramwise_options -- backbone.text_model.model.encoder.layer.7.attention.self.value.bias:lr=2.0000000000000003e-06
07/05 05:43:02 - mmengine - INFO - paramwise_options -- backbone.text_model.model.encoder.layer.7.attention.self.value.bias:weight_decay=0.05
07/05 05:43:02 - mmengine - INFO - paramwise_options -- backbone.text_model.model.encoder.layer.7.attention.self.value.bias:lr_mult=0.1
07/05 05:43:02 - mmengine - INFO - paramwise_options -- backbone.text_model.model.encoder.layer.7.attention.output.dense.weight:num of params=589824
07/05 05:43:02 - mmengine - INFO - paramwise_options -- backbone.text_model.model.encoder.layer.7.attention.output.dense.weight:lr=2.0000000000000003e-06
07/05 05:43:02 - mmengine - INFO - paramwise_options -- backbone.text_model.model.encoder.layer.7.attention.output.dense.weight:weight_decay=0.05
07/05 05:43:02 - mmengine - INFO - paramwise_options -- backbone.text_model.model.encoder.layer.7.attention.output.dense.weight:lr_mult=0.1
07/05 05:43:02 - mmengine - INFO - paramwise_options -- backbone.text_model.model.encoder.layer.7.attention.output.dense.bias:num of params=768
07/05 05:43:02 - mmengine - INFO - paramwise_options -- backbone.text_model.model.encoder.layer.7.attention.output.dense.bias:lr=2.0000000000000003e-06
07/05 05:43:02 - mmengine - INFO - paramwise_options -- backbone.text_model.model.encoder.layer.7.attention.output.dense.bias:weight_decay=0.05
07/05 05:43:02 - mmengine - INFO - paramwise_options -- backbone.text_model.model.encoder.layer.7.attention.output.dense.bias:lr_mult=0.1
07/05 05:43:02 - mmengine - INFO - paramwise_options -- backbone.text_model.model.encoder.layer.7.attention.output.LayerNorm.weight:num of params=768
07/05 05:43:02 - mmengine - INFO - paramwise_options -- backbone.text_model.model.encoder.layer.7.attention.output.LayerNorm.weight:lr=2.0000000000000003e-06
07/05 05:43:02 - mmengine - INFO - paramwise_options -- backbone.text_model.model.encoder.layer.7.attention.output.LayerNorm.weight:weight_decay=0.05
07/05 05:43:02 - mmengine - INFO - paramwise_options -- backbone.text_model.model.encoder.layer.7.attention.output.LayerNorm.weight:lr_mult=0.1
07/05 05:43:02 - mmengine - INFO - paramwise_options -- backbone.text_model.model.encoder.layer.7.attention.output.LayerNorm.bias:num of params=768
07/05 05:43:02 - mmengine - INFO - paramwise_options -- backbone.text_model.model.encoder.layer.7.attention.output.LayerNorm.bias:lr=2.0000000000000003e-06
07/05 05:43:02 - mmengine - INFO - paramwise_options -- backbone.text_model.model.encoder.layer.7.attention.output.LayerNorm.bias:weight_decay=0.05
07/05 05:43:02 - mmengine - INFO - paramwise_options -- backbone.text_model.model.encoder.layer.7.attention.output.LayerNorm.bias:lr_mult=0.1
07/05 05:43:02 - mmengine - INFO - paramwise_options -- backbone.text_model.model.encoder.layer.7.intermediate.dense.weight:num of params=2359296
07/05 05:43:02 - mmengine - INFO - paramwise_options -- backbone.text_model.model.encoder.layer.7.intermediate.dense.weight:lr=2.0000000000000003e-06
07/05 05:43:02 - mmengine - INFO - paramwise_options -- backbone.text_model.model.encoder.layer.7.intermediate.dense.weight:weight_decay=0.05
07/05 05:43:02 - mmengine - INFO - paramwise_options -- backbone.text_model.model.encoder.layer.7.intermediate.dense.weight:lr_mult=0.1
07/05 05:43:02 - mmengine - INFO - paramwise_options -- backbone.text_model.model.encoder.layer.7.intermediate.dense.bias:num of params=3072
07/05 05:43:02 - mmengine - INFO - paramwise_options -- backbone.text_model.model.encoder.layer.7.intermediate.dense.bias:lr=2.0000000000000003e-06
07/05 05:43:02 - mmengine - INFO - paramwise_options -- backbone.text_model.model.encoder.layer.7.intermediate.dense.bias:weight_decay=0.05
07/05 05:43:02 - mmengine - INFO - paramwise_options -- backbone.text_model.model.encoder.layer.7.intermediate.dense.bias:lr_mult=0.1
07/05 05:43:02 - mmengine - INFO - paramwise_options -- backbone.text_model.model.encoder.layer.7.output.dense.weight:num of params=2359296
07/05 05:43:02 - mmengine - INFO - paramwise_options -- backbone.text_model.model.encoder.layer.7.output.dense.weight:lr=2.0000000000000003e-06
07/05 05:43:02 - mmengine - INFO - paramwise_options -- backbone.text_model.model.encoder.layer.7.output.dense.weight:weight_decay=0.05
07/05 05:43:02 - mmengine - INFO - paramwise_options -- backbone.text_model.model.encoder.layer.7.output.dense.weight:lr_mult=0.1
07/05 05:43:02 - mmengine - INFO - paramwise_options -- backbone.text_model.model.encoder.layer.7.output.dense.bias:num of params=768
07/05 05:43:02 - mmengine - INFO - paramwise_options -- backbone.text_model.model.encoder.layer.7.output.dense.bias:lr=2.0000000000000003e-06
07/05 05:43:02 - mmengine - INFO - paramwise_options -- backbone.text_model.model.encoder.layer.7.output.dense.bias:weight_decay=0.05
07/05 05:43:02 - mmengine - INFO - paramwise_options -- backbone.text_model.model.encoder.layer.7.output.dense.bias:lr_mult=0.1
07/05 05:43:02 - mmengine - INFO - paramwise_options -- backbone.text_model.model.encoder.layer.7.output.LayerNorm.weight:num of params=768
07/05 05:43:02 - mmengine - INFO - paramwise_options -- backbone.text_model.model.encoder.layer.7.output.LayerNorm.weight:lr=2.0000000000000003e-06
07/05 05:43:02 - mmengine - INFO - paramwise_options -- backbone.text_model.model.encoder.layer.7.output.LayerNorm.weight:weight_decay=0.05
07/05 05:43:02 - mmengine - INFO - paramwise_options -- backbone.text_model.model.encoder.layer.7.output.LayerNorm.weight:lr_mult=0.1
07/05 05:43:02 - mmengine - INFO - paramwise_options -- backbone.text_model.model.encoder.layer.7.output.LayerNorm.bias:num of params=768
07/05 05:43:02 - mmengine - INFO - paramwise_options -- backbone.text_model.model.encoder.layer.7.output.LayerNorm.bias:lr=2.0000000000000003e-06
07/05 05:43:02 - mmengine - INFO - paramwise_options -- backbone.text_model.model.encoder.layer.7.output.LayerNorm.bias:weight_decay=0.05
07/05 05:43:02 - mmengine - INFO - paramwise_options -- backbone.text_model.model.encoder.layer.7.output.LayerNorm.bias:lr_mult=0.1
07/05 05:43:02 - mmengine - INFO - paramwise_options -- backbone.text_model.model.encoder.layer.8.attention.self.query.weight:num of params=589824
07/05 05:43:02 - mmengine - INFO - paramwise_options -- backbone.text_model.model.encoder.layer.8.attention.self.query.weight:lr=2.0000000000000003e-06
07/05 05:43:02 - mmengine - INFO - paramwise_options -- backbone.text_model.model.encoder.layer.8.attention.self.query.weight:weight_decay=0.05
07/05 05:43:02 - mmengine - INFO - paramwise_options -- backbone.text_model.model.encoder.layer.8.attention.self.query.weight:lr_mult=0.1
07/05 05:43:02 - mmengine - INFO - paramwise_options -- backbone.text_model.model.encoder.layer.8.attention.self.query.bias:num of params=768
07/05 05:43:02 - mmengine - INFO - paramwise_options -- backbone.text_model.model.encoder.layer.8.attention.self.query.bias:lr=2.0000000000000003e-06
07/05 05:43:02 - mmengine - INFO - paramwise_options -- backbone.text_model.model.encoder.layer.8.attention.self.query.bias:weight_decay=0.05
07/05 05:43:02 - mmengine - INFO - paramwise_options -- backbone.text_model.model.encoder.layer.8.attention.self.query.bias:lr_mult=0.1
07/05 05:43:02 - mmengine - INFO - paramwise_options -- backbone.text_model.model.encoder.layer.8.attention.self.key.weight:num of params=589824
07/05 05:43:02 - mmengine - INFO - paramwise_options -- backbone.text_model.model.encoder.layer.8.attention.self.key.weight:lr=2.0000000000000003e-06
07/05 05:43:02 - mmengine - INFO - paramwise_options -- backbone.text_model.model.encoder.layer.8.attention.self.key.weight:weight_decay=0.05
07/05 05:43:02 - mmengine - INFO - paramwise_options -- backbone.text_model.model.encoder.layer.8.attention.self.key.weight:lr_mult=0.1
07/05 05:43:02 - mmengine - INFO - paramwise_options -- backbone.text_model.model.encoder.layer.8.attention.self.key.bias:num of params=768
07/05 05:43:02 - mmengine - INFO - paramwise_options -- backbone.text_model.model.encoder.layer.8.attention.self.key.bias:lr=2.0000000000000003e-06
07/05 05:43:02 - mmengine - INFO - paramwise_options -- backbone.text_model.model.encoder.layer.8.attention.self.key.bias:weight_decay=0.05
07/05 05:43:02 - mmengine - INFO - paramwise_options -- backbone.text_model.model.encoder.layer.8.attention.self.key.bias:lr_mult=0.1
07/05 05:43:02 - mmengine - INFO - paramwise_options -- backbone.text_model.model.encoder.layer.8.attention.self.value.weight:num of params=589824
07/05 05:43:02 - mmengine - INFO - paramwise_options -- backbone.text_model.model.encoder.layer.8.attention.self.value.weight:lr=2.0000000000000003e-06
07/05 05:43:02 - mmengine - INFO - paramwise_options -- backbone.text_model.model.encoder.layer.8.attention.self.value.weight:weight_decay=0.05
07/05 05:43:02 - mmengine - INFO - paramwise_options -- backbone.text_model.model.encoder.layer.8.attention.self.value.weight:lr_mult=0.1
07/05 05:43:02 - mmengine - INFO - paramwise_options -- backbone.text_model.model.encoder.layer.8.attention.self.value.bias:num of params=768
07/05 05:43:02 - mmengine - INFO - paramwise_options -- backbone.text_model.model.encoder.layer.8.attention.self.value.bias:lr=2.0000000000000003e-06
07/05 05:43:02 - mmengine - INFO - paramwise_options -- backbone.text_model.model.encoder.layer.8.attention.self.value.bias:weight_decay=0.05
07/05 05:43:02 - mmengine - INFO - paramwise_options -- backbone.text_model.model.encoder.layer.8.attention.self.value.bias:lr_mult=0.1
07/05 05:43:02 - mmengine - INFO - paramwise_options -- backbone.text_model.model.encoder.layer.8.attention.output.dense.weight:num of params=589824
07/05 05:43:02 - mmengine - INFO - paramwise_options -- backbone.text_model.model.encoder.layer.8.attention.output.dense.weight:lr=2.0000000000000003e-06
07/05 05:43:02 - mmengine - INFO - paramwise_options -- backbone.text_model.model.encoder.layer.8.attention.output.dense.weight:weight_decay=0.05
07/05 05:43:02 - mmengine - INFO - paramwise_options -- backbone.text_model.model.encoder.layer.8.attention.output.dense.weight:lr_mult=0.1
07/05 05:43:02 - mmengine - INFO - paramwise_options -- backbone.text_model.model.encoder.layer.8.attention.output.dense.bias:num of params=768
07/05 05:43:02 - mmengine - INFO - paramwise_options -- backbone.text_model.model.encoder.layer.8.attention.output.dense.bias:lr=2.0000000000000003e-06
07/05 05:43:02 - mmengine - INFO - paramwise_options -- backbone.text_model.model.encoder.layer.8.attention.output.dense.bias:weight_decay=0.05
07/05 05:43:02 - mmengine - INFO - paramwise_options -- backbone.text_model.model.encoder.layer.8.attention.output.dense.bias:lr_mult=0.1
07/05 05:43:02 - mmengine - INFO - paramwise_options -- backbone.text_model.model.encoder.layer.8.attention.output.LayerNorm.weight:num of params=768
07/05 05:43:02 - mmengine - INFO - paramwise_options -- backbone.text_model.model.encoder.layer.8.attention.output.LayerNorm.weight:lr=2.0000000000000003e-06
07/05 05:43:02 - mmengine - INFO - paramwise_options -- backbone.text_model.model.encoder.layer.8.attention.output.LayerNorm.weight:weight_decay=0.05
07/05 05:43:02 - mmengine - INFO - paramwise_options -- backbone.text_model.model.encoder.layer.8.attention.output.LayerNorm.weight:lr_mult=0.1
07/05 05:43:02 - mmengine - INFO - paramwise_options -- backbone.text_model.model.encoder.layer.8.attention.output.LayerNorm.bias:num of params=768
07/05 05:43:02 - mmengine - INFO - paramwise_options -- backbone.text_model.model.encoder.layer.8.attention.output.LayerNorm.bias:lr=2.0000000000000003e-06
07/05 05:43:02 - mmengine - INFO - paramwise_options -- backbone.text_model.model.encoder.layer.8.attention.output.LayerNorm.bias:weight_decay=0.05
07/05 05:43:02 - mmengine - INFO - paramwise_options -- backbone.text_model.model.encoder.layer.8.attention.output.LayerNorm.bias:lr_mult=0.1
07/05 05:43:02 - mmengine - INFO - paramwise_options -- backbone.text_model.model.encoder.layer.8.intermediate.dense.weight:num of params=2359296
07/05 05:43:02 - mmengine - INFO - paramwise_options -- backbone.text_model.model.encoder.layer.8.intermediate.dense.weight:lr=2.0000000000000003e-06
07/05 05:43:02 - mmengine - INFO - paramwise_options -- backbone.text_model.model.encoder.layer.8.intermediate.dense.weight:weight_decay=0.05
07/05 05:43:02 - mmengine - INFO - paramwise_options -- backbone.text_model.model.encoder.layer.8.intermediate.dense.weight:lr_mult=0.1
07/05 05:43:02 - mmengine - INFO - paramwise_options -- backbone.text_model.model.encoder.layer.8.intermediate.dense.bias:num of params=3072
07/05 05:43:02 - mmengine - INFO - paramwise_options -- backbone.text_model.model.encoder.layer.8.intermediate.dense.bias:lr=2.0000000000000003e-06
07/05 05:43:02 - mmengine - INFO - paramwise_options -- backbone.text_model.model.encoder.layer.8.intermediate.dense.bias:weight_decay=0.05
07/05 05:43:02 - mmengine - INFO - paramwise_options -- backbone.text_model.model.encoder.layer.8.intermediate.dense.bias:lr_mult=0.1
07/05 05:43:02 - mmengine - INFO - paramwise_options -- backbone.text_model.model.encoder.layer.8.output.dense.weight:num of params=2359296
07/05 05:43:02 - mmengine - INFO - paramwise_options -- backbone.text_model.model.encoder.layer.8.output.dense.weight:lr=2.0000000000000003e-06
07/05 05:43:02 - mmengine - INFO - paramwise_options -- backbone.text_model.model.encoder.layer.8.output.dense.weight:weight_decay=0.05
07/05 05:43:02 - mmengine - INFO - paramwise_options -- backbone.text_model.model.encoder.layer.8.output.dense.weight:lr_mult=0.1
07/05 05:43:02 - mmengine - INFO - paramwise_options -- backbone.text_model.model.encoder.layer.8.output.dense.bias:num of params=768
07/05 05:43:02 - mmengine - INFO - paramwise_options -- backbone.text_model.model.encoder.layer.8.output.dense.bias:lr=2.0000000000000003e-06
07/05 05:43:02 - mmengine - INFO - paramwise_options -- backbone.text_model.model.encoder.layer.8.output.dense.bias:weight_decay=0.05
07/05 05:43:02 - mmengine - INFO - paramwise_options -- backbone.text_model.model.encoder.layer.8.output.dense.bias:lr_mult=0.1
07/05 05:43:02 - mmengine - INFO - paramwise_options -- backbone.text_model.model.encoder.layer.8.output.LayerNorm.weight:num of params=768
07/05 05:43:02 - mmengine - INFO - paramwise_options -- backbone.text_model.model.encoder.layer.8.output.LayerNorm.weight:lr=2.0000000000000003e-06
07/05 05:43:02 - mmengine - INFO - paramwise_options -- backbone.text_model.model.encoder.layer.8.output.LayerNorm.weight:weight_decay=0.05
07/05 05:43:02 - mmengine - INFO - paramwise_options -- backbone.text_model.model.encoder.layer.8.output.LayerNorm.weight:lr_mult=0.1
07/05 05:43:02 - mmengine - INFO - paramwise_options -- backbone.text_model.model.encoder.layer.8.output.LayerNorm.bias:num of params=768
07/05 05:43:02 - mmengine - INFO - paramwise_options -- backbone.text_model.model.encoder.layer.8.output.LayerNorm.bias:lr=2.0000000000000003e-06
07/05 05:43:02 - mmengine - INFO - paramwise_options -- backbone.text_model.model.encoder.layer.8.output.LayerNorm.bias:weight_decay=0.05
07/05 05:43:02 - mmengine - INFO - paramwise_options -- backbone.text_model.model.encoder.layer.8.output.LayerNorm.bias:lr_mult=0.1
07/05 05:43:02 - mmengine - INFO - paramwise_options -- backbone.text_model.model.encoder.layer.9.attention.self.query.weight:num of params=589824
07/05 05:43:02 - mmengine - INFO - paramwise_options -- backbone.text_model.model.encoder.layer.9.attention.self.query.weight:lr=2.0000000000000003e-06
07/05 05:43:02 - mmengine - INFO - paramwise_options -- backbone.text_model.model.encoder.layer.9.attention.self.query.weight:weight_decay=0.05
07/05 05:43:02 - mmengine - INFO - paramwise_options -- backbone.text_model.model.encoder.layer.9.attention.self.query.weight:lr_mult=0.1
07/05 05:43:02 - mmengine - INFO - paramwise_options -- backbone.text_model.model.encoder.layer.9.attention.self.query.bias:num of params=768
07/05 05:43:02 - mmengine - INFO - paramwise_options -- backbone.text_model.model.encoder.layer.9.attention.self.query.bias:lr=2.0000000000000003e-06
07/05 05:43:02 - mmengine - INFO - paramwise_options -- backbone.text_model.model.encoder.layer.9.attention.self.query.bias:weight_decay=0.05
07/05 05:43:02 - mmengine - INFO - paramwise_options -- backbone.text_model.model.encoder.layer.9.attention.self.query.bias:lr_mult=0.1
07/05 05:43:02 - mmengine - INFO - paramwise_options -- backbone.text_model.model.encoder.layer.9.attention.self.key.weight:num of params=589824
07/05 05:43:02 - mmengine - INFO - paramwise_options -- backbone.text_model.model.encoder.layer.9.attention.self.key.weight:lr=2.0000000000000003e-06
07/05 05:43:02 - mmengine - INFO - paramwise_options -- backbone.text_model.model.encoder.layer.9.attention.self.key.weight:weight_decay=0.05
07/05 05:43:02 - mmengine - INFO - paramwise_options -- backbone.text_model.model.encoder.layer.9.attention.self.key.weight:lr_mult=0.1
07/05 05:43:02 - mmengine - INFO - paramwise_options -- backbone.text_model.model.encoder.layer.9.attention.self.key.bias:num of params=768
07/05 05:43:02 - mmengine - INFO - paramwise_options -- backbone.text_model.model.encoder.layer.9.attention.self.key.bias:lr=2.0000000000000003e-06
07/05 05:43:02 - mmengine - INFO - paramwise_options -- backbone.text_model.model.encoder.layer.9.attention.self.key.bias:weight_decay=0.05
07/05 05:43:02 - mmengine - INFO - paramwise_options -- backbone.text_model.model.encoder.layer.9.attention.self.key.bias:lr_mult=0.1
07/05 05:43:02 - mmengine - INFO - paramwise_options -- backbone.text_model.model.encoder.layer.9.attention.self.value.weight:num of params=589824
07/05 05:43:02 - mmengine - INFO - paramwise_options -- backbone.text_model.model.encoder.layer.9.attention.self.value.weight:lr=2.0000000000000003e-06
07/05 05:43:02 - mmengine - INFO - paramwise_options -- backbone.text_model.model.encoder.layer.9.attention.self.value.weight:weight_decay=0.05
07/05 05:43:02 - mmengine - INFO - paramwise_options -- backbone.text_model.model.encoder.layer.9.attention.self.value.weight:lr_mult=0.1
07/05 05:43:02 - mmengine - INFO - paramwise_options -- backbone.text_model.model.encoder.layer.9.attention.self.value.bias:num of params=768
07/05 05:43:02 - mmengine - INFO - paramwise_options -- backbone.text_model.model.encoder.layer.9.attention.self.value.bias:lr=2.0000000000000003e-06
07/05 05:43:02 - mmengine - INFO - paramwise_options -- backbone.text_model.model.encoder.layer.9.attention.self.value.bias:weight_decay=0.05
07/05 05:43:02 - mmengine - INFO - paramwise_options -- backbone.text_model.model.encoder.layer.9.attention.self.value.bias:lr_mult=0.1
07/05 05:43:02 - mmengine - INFO - paramwise_options -- backbone.text_model.model.encoder.layer.9.attention.output.dense.weight:num of params=589824
07/05 05:43:02 - mmengine - INFO - paramwise_options -- backbone.text_model.model.encoder.layer.9.attention.output.dense.weight:lr=2.0000000000000003e-06
07/05 05:43:02 - mmengine - INFO - paramwise_options -- backbone.text_model.model.encoder.layer.9.attention.output.dense.weight:weight_decay=0.05
07/05 05:43:02 - mmengine - INFO - paramwise_options -- backbone.text_model.model.encoder.layer.9.attention.output.dense.weight:lr_mult=0.1
07/05 05:43:02 - mmengine - INFO - paramwise_options -- backbone.text_model.model.encoder.layer.9.attention.output.dense.bias:num of params=768
07/05 05:43:02 - mmengine - INFO - paramwise_options -- backbone.text_model.model.encoder.layer.9.attention.output.dense.bias:lr=2.0000000000000003e-06
07/05 05:43:02 - mmengine - INFO - paramwise_options -- backbone.text_model.model.encoder.layer.9.attention.output.dense.bias:weight_decay=0.05
07/05 05:43:02 - mmengine - INFO - paramwise_options -- backbone.text_model.model.encoder.layer.9.attention.output.dense.bias:lr_mult=0.1
07/05 05:43:02 - mmengine - INFO - paramwise_options -- backbone.text_model.model.encoder.layer.9.attention.output.LayerNorm.weight:num of params=768
07/05 05:43:02 - mmengine - INFO - paramwise_options -- backbone.text_model.model.encoder.layer.9.attention.output.LayerNorm.weight:lr=2.0000000000000003e-06
07/05 05:43:02 - mmengine - INFO - paramwise_options -- backbone.text_model.model.encoder.layer.9.attention.output.LayerNorm.weight:weight_decay=0.05
07/05 05:43:02 - mmengine - INFO - paramwise_options -- backbone.text_model.model.encoder.layer.9.attention.output.LayerNorm.weight:lr_mult=0.1
07/05 05:43:02 - mmengine - INFO - paramwise_options -- backbone.text_model.model.encoder.layer.9.attention.output.LayerNorm.bias:num of params=768
07/05 05:43:02 - mmengine - INFO - paramwise_options -- backbone.text_model.model.encoder.layer.9.attention.output.LayerNorm.bias:lr=2.0000000000000003e-06
07/05 05:43:02 - mmengine - INFO - paramwise_options -- backbone.text_model.model.encoder.layer.9.attention.output.LayerNorm.bias:weight_decay=0.05
07/05 05:43:02 - mmengine - INFO - paramwise_options -- backbone.text_model.model.encoder.layer.9.attention.output.LayerNorm.bias:lr_mult=0.1
07/05 05:43:02 - mmengine - INFO - paramwise_options -- backbone.text_model.model.encoder.layer.9.intermediate.dense.weight:num of params=2359296
07/05 05:43:02 - mmengine - INFO - paramwise_options -- backbone.text_model.model.encoder.layer.9.intermediate.dense.weight:lr=2.0000000000000003e-06
07/05 05:43:02 - mmengine - INFO - paramwise_options -- backbone.text_model.model.encoder.layer.9.intermediate.dense.weight:weight_decay=0.05
07/05 05:43:02 - mmengine - INFO - paramwise_options -- backbone.text_model.model.encoder.layer.9.intermediate.dense.weight:lr_mult=0.1
07/05 05:43:02 - mmengine - INFO - paramwise_options -- backbone.text_model.model.encoder.layer.9.intermediate.dense.bias:num of params=3072
07/05 05:43:02 - mmengine - INFO - paramwise_options -- backbone.text_model.model.encoder.layer.9.intermediate.dense.bias:lr=2.0000000000000003e-06
07/05 05:43:02 - mmengine - INFO - paramwise_options -- backbone.text_model.model.encoder.layer.9.intermediate.dense.bias:weight_decay=0.05
07/05 05:43:02 - mmengine - INFO - paramwise_options -- backbone.text_model.model.encoder.layer.9.intermediate.dense.bias:lr_mult=0.1
07/05 05:43:02 - mmengine - INFO - paramwise_options -- backbone.text_model.model.encoder.layer.9.output.dense.weight:num of params=2359296
07/05 05:43:02 - mmengine - INFO - paramwise_options -- backbone.text_model.model.encoder.layer.9.output.dense.weight:lr=2.0000000000000003e-06
07/05 05:43:02 - mmengine - INFO - paramwise_options -- backbone.text_model.model.encoder.layer.9.output.dense.weight:weight_decay=0.05
07/05 05:43:02 - mmengine - INFO - paramwise_options -- backbone.text_model.model.encoder.layer.9.output.dense.weight:lr_mult=0.1
07/05 05:43:02 - mmengine - INFO - paramwise_options -- backbone.text_model.model.encoder.layer.9.output.dense.bias:num of params=768
07/05 05:43:02 - mmengine - INFO - paramwise_options -- backbone.text_model.model.encoder.layer.9.output.dense.bias:lr=2.0000000000000003e-06
07/05 05:43:02 - mmengine - INFO - paramwise_options -- backbone.text_model.model.encoder.layer.9.output.dense.bias:weight_decay=0.05
07/05 05:43:02 - mmengine - INFO - paramwise_options -- backbone.text_model.model.encoder.layer.9.output.dense.bias:lr_mult=0.1
07/05 05:43:02 - mmengine - INFO - paramwise_options -- backbone.text_model.model.encoder.layer.9.output.LayerNorm.weight:num of params=768
07/05 05:43:02 - mmengine - INFO - paramwise_options -- backbone.text_model.model.encoder.layer.9.output.LayerNorm.weight:lr=2.0000000000000003e-06
07/05 05:43:02 - mmengine - INFO - paramwise_options -- backbone.text_model.model.encoder.layer.9.output.LayerNorm.weight:weight_decay=0.05
07/05 05:43:02 - mmengine - INFO - paramwise_options -- backbone.text_model.model.encoder.layer.9.output.LayerNorm.weight:lr_mult=0.1
07/05 05:43:02 - mmengine - INFO - paramwise_options -- backbone.text_model.model.encoder.layer.9.output.LayerNorm.bias:num of params=768
07/05 05:43:02 - mmengine - INFO - paramwise_options -- backbone.text_model.model.encoder.layer.9.output.LayerNorm.bias:lr=2.0000000000000003e-06
07/05 05:43:02 - mmengine - INFO - paramwise_options -- backbone.text_model.model.encoder.layer.9.output.LayerNorm.bias:weight_decay=0.05
07/05 05:43:02 - mmengine - INFO - paramwise_options -- backbone.text_model.model.encoder.layer.9.output.LayerNorm.bias:lr_mult=0.1
07/05 05:43:02 - mmengine - INFO - paramwise_options -- backbone.text_model.model.encoder.layer.10.attention.self.query.weight:num of params=589824
07/05 05:43:02 - mmengine - INFO - paramwise_options -- backbone.text_model.model.encoder.layer.10.attention.self.query.weight:lr=2.0000000000000003e-06
07/05 05:43:02 - mmengine - INFO - paramwise_options -- backbone.text_model.model.encoder.layer.10.attention.self.query.weight:weight_decay=0.05
07/05 05:43:02 - mmengine - INFO - paramwise_options -- backbone.text_model.model.encoder.layer.10.attention.self.query.weight:lr_mult=0.1
07/05 05:43:02 - mmengine - INFO - paramwise_options -- backbone.text_model.model.encoder.layer.10.attention.self.query.bias:num of params=768
07/05 05:43:02 - mmengine - INFO - paramwise_options -- backbone.text_model.model.encoder.layer.10.attention.self.query.bias:lr=2.0000000000000003e-06
07/05 05:43:02 - mmengine - INFO - paramwise_options -- backbone.text_model.model.encoder.layer.10.attention.self.query.bias:weight_decay=0.05
07/05 05:43:02 - mmengine - INFO - paramwise_options -- backbone.text_model.model.encoder.layer.10.attention.self.query.bias:lr_mult=0.1
07/05 05:43:02 - mmengine - INFO - paramwise_options -- backbone.text_model.model.encoder.layer.10.attention.self.key.weight:num of params=589824
07/05 05:43:02 - mmengine - INFO - paramwise_options -- backbone.text_model.model.encoder.layer.10.attention.self.key.weight:lr=2.0000000000000003e-06
07/05 05:43:02 - mmengine - INFO - paramwise_options -- backbone.text_model.model.encoder.layer.10.attention.self.key.weight:weight_decay=0.05
07/05 05:43:02 - mmengine - INFO - paramwise_options -- backbone.text_model.model.encoder.layer.10.attention.self.key.weight:lr_mult=0.1
07/05 05:43:02 - mmengine - INFO - paramwise_options -- backbone.text_model.model.encoder.layer.10.attention.self.key.bias:num of params=768
07/05 05:43:02 - mmengine - INFO - paramwise_options -- backbone.text_model.model.encoder.layer.10.attention.self.key.bias:lr=2.0000000000000003e-06
07/05 05:43:02 - mmengine - INFO - paramwise_options -- backbone.text_model.model.encoder.layer.10.attention.self.key.bias:weight_decay=0.05
07/05 05:43:02 - mmengine - INFO - paramwise_options -- backbone.text_model.model.encoder.layer.10.attention.self.key.bias:lr_mult=0.1
07/05 05:43:02 - mmengine - INFO - paramwise_options -- backbone.text_model.model.encoder.layer.10.attention.self.value.weight:num of params=589824
07/05 05:43:02 - mmengine - INFO - paramwise_options -- backbone.text_model.model.encoder.layer.10.attention.self.value.weight:lr=2.0000000000000003e-06
07/05 05:43:02 - mmengine - INFO - paramwise_options -- backbone.text_model.model.encoder.layer.10.attention.self.value.weight:weight_decay=0.05
07/05 05:43:02 - mmengine - INFO - paramwise_options -- backbone.text_model.model.encoder.layer.10.attention.self.value.weight:lr_mult=0.1
07/05 05:43:02 - mmengine - INFO - paramwise_options -- backbone.text_model.model.encoder.layer.10.attention.self.value.bias:num of params=768
07/05 05:43:02 - mmengine - INFO - paramwise_options -- backbone.text_model.model.encoder.layer.10.attention.self.value.bias:lr=2.0000000000000003e-06
07/05 05:43:02 - mmengine - INFO - paramwise_options -- backbone.text_model.model.encoder.layer.10.attention.self.value.bias:weight_decay=0.05
07/05 05:43:02 - mmengine - INFO - paramwise_options -- backbone.text_model.model.encoder.layer.10.attention.self.value.bias:lr_mult=0.1
07/05 05:43:02 - mmengine - INFO - paramwise_options -- backbone.text_model.model.encoder.layer.10.attention.output.dense.weight:num of params=589824
07/05 05:43:02 - mmengine - INFO - paramwise_options -- backbone.text_model.model.encoder.layer.10.attention.output.dense.weight:lr=2.0000000000000003e-06
07/05 05:43:02 - mmengine - INFO - paramwise_options -- backbone.text_model.model.encoder.layer.10.attention.output.dense.weight:weight_decay=0.05
07/05 05:43:02 - mmengine - INFO - paramwise_options -- backbone.text_model.model.encoder.layer.10.attention.output.dense.weight:lr_mult=0.1
07/05 05:43:02 - mmengine - INFO - paramwise_options -- backbone.text_model.model.encoder.layer.10.attention.output.dense.bias:num of params=768
07/05 05:43:02 - mmengine - INFO - paramwise_options -- backbone.text_model.model.encoder.layer.10.attention.output.dense.bias:lr=2.0000000000000003e-06
07/05 05:43:02 - mmengine - INFO - paramwise_options -- backbone.text_model.model.encoder.layer.10.attention.output.dense.bias:weight_decay=0.05
07/05 05:43:02 - mmengine - INFO - paramwise_options -- backbone.text_model.model.encoder.layer.10.attention.output.dense.bias:lr_mult=0.1
07/05 05:43:02 - mmengine - INFO - paramwise_options -- backbone.text_model.model.encoder.layer.10.attention.output.LayerNorm.weight:num of params=768
07/05 05:43:02 - mmengine - INFO - paramwise_options -- backbone.text_model.model.encoder.layer.10.attention.output.LayerNorm.weight:lr=2.0000000000000003e-06
07/05 05:43:02 - mmengine - INFO - paramwise_options -- backbone.text_model.model.encoder.layer.10.attention.output.LayerNorm.weight:weight_decay=0.05
07/05 05:43:02 - mmengine - INFO - paramwise_options -- backbone.text_model.model.encoder.layer.10.attention.output.LayerNorm.weight:lr_mult=0.1
07/05 05:43:02 - mmengine - INFO - paramwise_options -- backbone.text_model.model.encoder.layer.10.attention.output.LayerNorm.bias:num of params=768
07/05 05:43:02 - mmengine - INFO - paramwise_options -- backbone.text_model.model.encoder.layer.10.attention.output.LayerNorm.bias:lr=2.0000000000000003e-06
07/05 05:43:02 - mmengine - INFO - paramwise_options -- backbone.text_model.model.encoder.layer.10.attention.output.LayerNorm.bias:weight_decay=0.05
07/05 05:43:02 - mmengine - INFO - paramwise_options -- backbone.text_model.model.encoder.layer.10.attention.output.LayerNorm.bias:lr_mult=0.1
07/05 05:43:02 - mmengine - INFO - paramwise_options -- backbone.text_model.model.encoder.layer.10.intermediate.dense.weight:num of params=2359296
07/05 05:43:02 - mmengine - INFO - paramwise_options -- backbone.text_model.model.encoder.layer.10.intermediate.dense.weight:lr=2.0000000000000003e-06
07/05 05:43:02 - mmengine - INFO - paramwise_options -- backbone.text_model.model.encoder.layer.10.intermediate.dense.weight:weight_decay=0.05
07/05 05:43:02 - mmengine - INFO - paramwise_options -- backbone.text_model.model.encoder.layer.10.intermediate.dense.weight:lr_mult=0.1
07/05 05:43:02 - mmengine - INFO - paramwise_options -- backbone.text_model.model.encoder.layer.10.intermediate.dense.bias:num of params=3072
07/05 05:43:02 - mmengine - INFO - paramwise_options -- backbone.text_model.model.encoder.layer.10.intermediate.dense.bias:lr=2.0000000000000003e-06
07/05 05:43:02 - mmengine - INFO - paramwise_options -- backbone.text_model.model.encoder.layer.10.intermediate.dense.bias:weight_decay=0.05
07/05 05:43:02 - mmengine - INFO - paramwise_options -- backbone.text_model.model.encoder.layer.10.intermediate.dense.bias:lr_mult=0.1
07/05 05:43:02 - mmengine - INFO - paramwise_options -- backbone.text_model.model.encoder.layer.10.output.dense.weight:num of params=2359296
07/05 05:43:02 - mmengine - INFO - paramwise_options -- backbone.text_model.model.encoder.layer.10.output.dense.weight:lr=2.0000000000000003e-06
07/05 05:43:02 - mmengine - INFO - paramwise_options -- backbone.text_model.model.encoder.layer.10.output.dense.weight:weight_decay=0.05
07/05 05:43:02 - mmengine - INFO - paramwise_options -- backbone.text_model.model.encoder.layer.10.output.dense.weight:lr_mult=0.1
07/05 05:43:02 - mmengine - INFO - paramwise_options -- backbone.text_model.model.encoder.layer.10.output.dense.bias:num of params=768
07/05 05:43:02 - mmengine - INFO - paramwise_options -- backbone.text_model.model.encoder.layer.10.output.dense.bias:lr=2.0000000000000003e-06
07/05 05:43:02 - mmengine - INFO - paramwise_options -- backbone.text_model.model.encoder.layer.10.output.dense.bias:weight_decay=0.05
07/05 05:43:02 - mmengine - INFO - paramwise_options -- backbone.text_model.model.encoder.layer.10.output.dense.bias:lr_mult=0.1
07/05 05:43:02 - mmengine - INFO - paramwise_options -- backbone.text_model.model.encoder.layer.10.output.LayerNorm.weight:num of params=768
07/05 05:43:02 - mmengine - INFO - paramwise_options -- backbone.text_model.model.encoder.layer.10.output.LayerNorm.weight:lr=2.0000000000000003e-06
07/05 05:43:02 - mmengine - INFO - paramwise_options -- backbone.text_model.model.encoder.layer.10.output.LayerNorm.weight:weight_decay=0.05
07/05 05:43:02 - mmengine - INFO - paramwise_options -- backbone.text_model.model.encoder.layer.10.output.LayerNorm.weight:lr_mult=0.1
07/05 05:43:02 - mmengine - INFO - paramwise_options -- backbone.text_model.model.encoder.layer.10.output.LayerNorm.bias:num of params=768
07/05 05:43:02 - mmengine - INFO - paramwise_options -- backbone.text_model.model.encoder.layer.10.output.LayerNorm.bias:lr=2.0000000000000003e-06
07/05 05:43:02 - mmengine - INFO - paramwise_options -- backbone.text_model.model.encoder.layer.10.output.LayerNorm.bias:weight_decay=0.05
07/05 05:43:02 - mmengine - INFO - paramwise_options -- backbone.text_model.model.encoder.layer.10.output.LayerNorm.bias:lr_mult=0.1
07/05 05:43:02 - mmengine - INFO - paramwise_options -- backbone.text_model.model.encoder.layer.11.attention.self.query.weight:num of params=589824
07/05 05:43:02 - mmengine - INFO - paramwise_options -- backbone.text_model.model.encoder.layer.11.attention.self.query.weight:lr=2.0000000000000003e-06
07/05 05:43:02 - mmengine - INFO - paramwise_options -- backbone.text_model.model.encoder.layer.11.attention.self.query.weight:weight_decay=0.05
07/05 05:43:02 - mmengine - INFO - paramwise_options -- backbone.text_model.model.encoder.layer.11.attention.self.query.weight:lr_mult=0.1
07/05 05:43:02 - mmengine - INFO - paramwise_options -- backbone.text_model.model.encoder.layer.11.attention.self.query.bias:num of params=768
07/05 05:43:02 - mmengine - INFO - paramwise_options -- backbone.text_model.model.encoder.layer.11.attention.self.query.bias:lr=2.0000000000000003e-06
07/05 05:43:02 - mmengine - INFO - paramwise_options -- backbone.text_model.model.encoder.layer.11.attention.self.query.bias:weight_decay=0.05
07/05 05:43:02 - mmengine - INFO - paramwise_options -- backbone.text_model.model.encoder.layer.11.attention.self.query.bias:lr_mult=0.1
07/05 05:43:02 - mmengine - INFO - paramwise_options -- backbone.text_model.model.encoder.layer.11.attention.self.key.weight:num of params=589824
07/05 05:43:02 - mmengine - INFO - paramwise_options -- backbone.text_model.model.encoder.layer.11.attention.self.key.weight:lr=2.0000000000000003e-06
07/05 05:43:02 - mmengine - INFO - paramwise_options -- backbone.text_model.model.encoder.layer.11.attention.self.key.weight:weight_decay=0.05
07/05 05:43:02 - mmengine - INFO - paramwise_options -- backbone.text_model.model.encoder.layer.11.attention.self.key.weight:lr_mult=0.1
07/05 05:43:02 - mmengine - INFO - paramwise_options -- backbone.text_model.model.encoder.layer.11.attention.self.key.bias:num of params=768
07/05 05:43:02 - mmengine - INFO - paramwise_options -- backbone.text_model.model.encoder.layer.11.attention.self.key.bias:lr=2.0000000000000003e-06
07/05 05:43:02 - mmengine - INFO - paramwise_options -- backbone.text_model.model.encoder.layer.11.attention.self.key.bias:weight_decay=0.05
07/05 05:43:02 - mmengine - INFO - paramwise_options -- backbone.text_model.model.encoder.layer.11.attention.self.key.bias:lr_mult=0.1
07/05 05:43:02 - mmengine - INFO - paramwise_options -- backbone.text_model.model.encoder.layer.11.attention.self.value.weight:num of params=589824
07/05 05:43:02 - mmengine - INFO - paramwise_options -- backbone.text_model.model.encoder.layer.11.attention.self.value.weight:lr=2.0000000000000003e-06
07/05 05:43:02 - mmengine - INFO - paramwise_options -- backbone.text_model.model.encoder.layer.11.attention.self.value.weight:weight_decay=0.05
07/05 05:43:02 - mmengine - INFO - paramwise_options -- backbone.text_model.model.encoder.layer.11.attention.self.value.weight:lr_mult=0.1
07/05 05:43:02 - mmengine - INFO - paramwise_options -- backbone.text_model.model.encoder.layer.11.attention.self.value.bias:num of params=768
07/05 05:43:02 - mmengine - INFO - paramwise_options -- backbone.text_model.model.encoder.layer.11.attention.self.value.bias:lr=2.0000000000000003e-06
07/05 05:43:02 - mmengine - INFO - paramwise_options -- backbone.text_model.model.encoder.layer.11.attention.self.value.bias:weight_decay=0.05
07/05 05:43:02 - mmengine - INFO - paramwise_options -- backbone.text_model.model.encoder.layer.11.attention.self.value.bias:lr_mult=0.1
07/05 05:43:02 - mmengine - INFO - paramwise_options -- backbone.text_model.model.encoder.layer.11.attention.output.dense.weight:num of params=589824
07/05 05:43:02 - mmengine - INFO - paramwise_options -- backbone.text_model.model.encoder.layer.11.attention.output.dense.weight:lr=2.0000000000000003e-06
07/05 05:43:02 - mmengine - INFO - paramwise_options -- backbone.text_model.model.encoder.layer.11.attention.output.dense.weight:weight_decay=0.05
07/05 05:43:02 - mmengine - INFO - paramwise_options -- backbone.text_model.model.encoder.layer.11.attention.output.dense.weight:lr_mult=0.1
07/05 05:43:02 - mmengine - INFO - paramwise_options -- backbone.text_model.model.encoder.layer.11.attention.output.dense.bias:num of params=768
07/05 05:43:02 - mmengine - INFO - paramwise_options -- backbone.text_model.model.encoder.layer.11.attention.output.dense.bias:lr=2.0000000000000003e-06
07/05 05:43:02 - mmengine - INFO - paramwise_options -- backbone.text_model.model.encoder.layer.11.attention.output.dense.bias:weight_decay=0.05
07/05 05:43:02 - mmengine - INFO - paramwise_options -- backbone.text_model.model.encoder.layer.11.attention.output.dense.bias:lr_mult=0.1
07/05 05:43:02 - mmengine - INFO - paramwise_options -- backbone.text_model.model.encoder.layer.11.attention.output.LayerNorm.weight:num of params=768
07/05 05:43:02 - mmengine - INFO - paramwise_options -- backbone.text_model.model.encoder.layer.11.attention.output.LayerNorm.weight:lr=2.0000000000000003e-06
07/05 05:43:02 - mmengine - INFO - paramwise_options -- backbone.text_model.model.encoder.layer.11.attention.output.LayerNorm.weight:weight_decay=0.05
07/05 05:43:02 - mmengine - INFO - paramwise_options -- backbone.text_model.model.encoder.layer.11.attention.output.LayerNorm.weight:lr_mult=0.1
07/05 05:43:02 - mmengine - INFO - paramwise_options -- backbone.text_model.model.encoder.layer.11.attention.output.LayerNorm.bias:num of params=768
07/05 05:43:02 - mmengine - INFO - paramwise_options -- backbone.text_model.model.encoder.layer.11.attention.output.LayerNorm.bias:lr=2.0000000000000003e-06
07/05 05:43:02 - mmengine - INFO - paramwise_options -- backbone.text_model.model.encoder.layer.11.attention.output.LayerNorm.bias:weight_decay=0.05
07/05 05:43:02 - mmengine - INFO - paramwise_options -- backbone.text_model.model.encoder.layer.11.attention.output.LayerNorm.bias:lr_mult=0.1
07/05 05:43:02 - mmengine - INFO - paramwise_options -- backbone.text_model.model.encoder.layer.11.intermediate.dense.weight:num of params=2359296
07/05 05:43:02 - mmengine - INFO - paramwise_options -- backbone.text_model.model.encoder.layer.11.intermediate.dense.weight:lr=2.0000000000000003e-06
07/05 05:43:02 - mmengine - INFO - paramwise_options -- backbone.text_model.model.encoder.layer.11.intermediate.dense.weight:weight_decay=0.05
07/05 05:43:02 - mmengine - INFO - paramwise_options -- backbone.text_model.model.encoder.layer.11.intermediate.dense.weight:lr_mult=0.1
07/05 05:43:02 - mmengine - INFO - paramwise_options -- backbone.text_model.model.encoder.layer.11.intermediate.dense.bias:num of params=3072
07/05 05:43:02 - mmengine - INFO - paramwise_options -- backbone.text_model.model.encoder.layer.11.intermediate.dense.bias:lr=2.0000000000000003e-06
07/05 05:43:02 - mmengine - INFO - paramwise_options -- backbone.text_model.model.encoder.layer.11.intermediate.dense.bias:weight_decay=0.05
07/05 05:43:02 - mmengine - INFO - paramwise_options -- backbone.text_model.model.encoder.layer.11.intermediate.dense.bias:lr_mult=0.1
07/05 05:43:02 - mmengine - INFO - paramwise_options -- backbone.text_model.model.encoder.layer.11.output.dense.weight:num of params=2359296
07/05 05:43:02 - mmengine - INFO - paramwise_options -- backbone.text_model.model.encoder.layer.11.output.dense.weight:lr=2.0000000000000003e-06
07/05 05:43:02 - mmengine - INFO - paramwise_options -- backbone.text_model.model.encoder.layer.11.output.dense.weight:weight_decay=0.05
07/05 05:43:02 - mmengine - INFO - paramwise_options -- backbone.text_model.model.encoder.layer.11.output.dense.weight:lr_mult=0.1
07/05 05:43:02 - mmengine - INFO - paramwise_options -- backbone.text_model.model.encoder.layer.11.output.dense.bias:num of params=768
07/05 05:43:02 - mmengine - INFO - paramwise_options -- backbone.text_model.model.encoder.layer.11.output.dense.bias:lr=2.0000000000000003e-06
07/05 05:43:02 - mmengine - INFO - paramwise_options -- backbone.text_model.model.encoder.layer.11.output.dense.bias:weight_decay=0.05
07/05 05:43:02 - mmengine - INFO - paramwise_options -- backbone.text_model.model.encoder.layer.11.output.dense.bias:lr_mult=0.1
07/05 05:43:02 - mmengine - INFO - paramwise_options -- backbone.text_model.model.encoder.layer.11.output.LayerNorm.weight:num of params=768
07/05 05:43:02 - mmengine - INFO - paramwise_options -- backbone.text_model.model.encoder.layer.11.output.LayerNorm.weight:lr=2.0000000000000003e-06
07/05 05:43:02 - mmengine - INFO - paramwise_options -- backbone.text_model.model.encoder.layer.11.output.LayerNorm.weight:weight_decay=0.05
07/05 05:43:02 - mmengine - INFO - paramwise_options -- backbone.text_model.model.encoder.layer.11.output.LayerNorm.weight:lr_mult=0.1
07/05 05:43:02 - mmengine - INFO - paramwise_options -- backbone.text_model.model.encoder.layer.11.output.LayerNorm.bias:num of params=768
07/05 05:43:02 - mmengine - INFO - paramwise_options -- backbone.text_model.model.encoder.layer.11.output.LayerNorm.bias:lr=2.0000000000000003e-06
07/05 05:43:02 - mmengine - INFO - paramwise_options -- backbone.text_model.model.encoder.layer.11.output.LayerNorm.bias:weight_decay=0.05
07/05 05:43:02 - mmengine - INFO - paramwise_options -- backbone.text_model.model.encoder.layer.11.output.LayerNorm.bias:lr_mult=0.1
07/05 05:43:02 - mmengine - INFO - paramwise_options -- backbone.text_model.model.pooler.dense.weight:num of params=589824
07/05 05:43:02 - mmengine - INFO - paramwise_options -- backbone.text_model.model.pooler.dense.weight:lr=2.0000000000000003e-06
07/05 05:43:02 - mmengine - INFO - paramwise_options -- backbone.text_model.model.pooler.dense.weight:weight_decay=0.05
07/05 05:43:02 - mmengine - INFO - paramwise_options -- backbone.text_model.model.pooler.dense.weight:lr_mult=0.1
07/05 05:43:02 - mmengine - INFO - paramwise_options -- backbone.text_model.model.pooler.dense.bias:num of params=768
07/05 05:43:02 - mmengine - INFO - paramwise_options -- backbone.text_model.model.pooler.dense.bias:lr=2.0000000000000003e-06
07/05 05:43:02 - mmengine - INFO - paramwise_options -- backbone.text_model.model.pooler.dense.bias:weight_decay=0.05
07/05 05:43:02 - mmengine - INFO - paramwise_options -- backbone.text_model.model.pooler.dense.bias:lr_mult=0.1
07/05 05:43:02 - mmengine - INFO - paramwise_options -- backbone.text_model.head.weight:num of params=589824
07/05 05:43:02 - mmengine - INFO - paramwise_options -- backbone.text_model.head.weight:lr=2.0000000000000003e-06
07/05 05:43:02 - mmengine - INFO - paramwise_options -- backbone.text_model.head.weight:weight_decay=0.05
07/05 05:43:02 - mmengine - INFO - paramwise_options -- backbone.text_model.head.weight:lr_mult=0.1
07/05 05:43:02 - mmengine - INFO - paramwise_options -- backbone.text_model.head.bias:num of params=768
07/05 05:43:02 - mmengine - INFO - paramwise_options -- backbone.text_model.head.bias:lr=2.0000000000000003e-06
07/05 05:43:02 - mmengine - INFO - paramwise_options -- backbone.text_model.head.bias:weight_decay=0.05
07/05 05:43:02 - mmengine - INFO - paramwise_options -- backbone.text_model.head.bias:lr_mult=0.1
07/05 05:43:02 - mmengine - INFO - paramwise_options -- neck.reduce_layer0.block.conv.weight:num of params=262144
07/05 05:43:02 - mmengine - INFO - paramwise_options -- neck.reduce_layer0.block.bn.weight:num of params=256
07/05 05:43:02 - mmengine - INFO - paramwise_options -- neck.reduce_layer0.block.bn.bias:num of params=256
07/05 05:43:02 - mmengine - INFO - paramwise_options -- neck.Bifusion0.cv1.block.conv.weight:num of params=131072
07/05 05:43:02 - mmengine - INFO - paramwise_options -- neck.Bifusion0.cv1.block.bn.weight:num of params=256
07/05 05:43:02 - mmengine - INFO - paramwise_options -- neck.Bifusion0.cv1.block.bn.bias:num of params=256
07/05 05:43:02 - mmengine - INFO - paramwise_options -- neck.Bifusion0.cv2.block.conv.weight:num of params=65536
07/05 05:43:02 - mmengine - INFO - paramwise_options -- neck.Bifusion0.cv2.block.bn.weight:num of params=256
07/05 05:43:02 - mmengine - INFO - paramwise_options -- neck.Bifusion0.cv2.block.bn.bias:num of params=256
07/05 05:43:02 - mmengine - INFO - paramwise_options -- neck.Bifusion0.cv3.block.conv.weight:num of params=196608
07/05 05:43:02 - mmengine - INFO - paramwise_options -- neck.Bifusion0.cv3.block.bn.weight:num of params=256
07/05 05:43:02 - mmengine - INFO - paramwise_options -- neck.Bifusion0.cv3.block.bn.bias:num of params=256
07/05 05:43:02 - mmengine - INFO - paramwise_options -- neck.Bifusion0.upsample.upsample_transpose.weight:num of params=262144
07/05 05:43:02 - mmengine - INFO - paramwise_options -- neck.Bifusion0.upsample.upsample_transpose.bias:num of params=256
07/05 05:43:02 - mmengine - INFO - paramwise_options -- neck.Bifusion0.downsample.block.conv.weight:num of params=589824
07/05 05:43:02 - mmengine - INFO - paramwise_options -- neck.Bifusion0.downsample.block.bn.weight:num of params=256
07/05 05:43:02 - mmengine - INFO - paramwise_options -- neck.Bifusion0.downsample.block.bn.bias:num of params=256
07/05 05:43:02 - mmengine - INFO - paramwise_options -- neck.Rep_p4.cv1.block.conv.weight:num of params=32768
07/05 05:43:02 - mmengine - INFO - paramwise_options -- neck.Rep_p4.cv1.block.bn.weight:num of params=128
07/05 05:43:02 - mmengine - INFO - paramwise_options -- neck.Rep_p4.cv1.block.bn.bias:num of params=128
07/05 05:43:02 - mmengine - INFO - paramwise_options -- neck.Rep_p4.cv2.block.conv.weight:num of params=32768
07/05 05:43:02 - mmengine - INFO - paramwise_options -- neck.Rep_p4.cv2.block.bn.weight:num of params=128
07/05 05:43:02 - mmengine - INFO - paramwise_options -- neck.Rep_p4.cv2.block.bn.bias:num of params=128
07/05 05:43:02 - mmengine - INFO - paramwise_options -- neck.Rep_p4.cv3.block.conv.weight:num of params=65536
07/05 05:43:02 - mmengine - INFO - paramwise_options -- neck.Rep_p4.cv3.block.bn.weight:num of params=256
07/05 05:43:02 - mmengine - INFO - paramwise_options -- neck.Rep_p4.cv3.block.bn.bias:num of params=256
07/05 05:43:02 - mmengine - INFO - paramwise_options -- neck.Rep_p4.m.conv1.alpha:num of params=1
07/05 05:43:02 - mmengine - INFO - paramwise_options -- neck.Rep_p4.m.conv1.conv1.block.conv.weight:num of params=147456
07/05 05:43:02 - mmengine - INFO - paramwise_options -- neck.Rep_p4.m.conv1.conv1.block.bn.weight:num of params=128
07/05 05:43:02 - mmengine - INFO - paramwise_options -- neck.Rep_p4.m.conv1.conv1.block.bn.bias:num of params=128
07/05 05:43:02 - mmengine - INFO - paramwise_options -- neck.Rep_p4.m.conv1.conv2.block.conv.weight:num of params=147456
07/05 05:43:02 - mmengine - INFO - paramwise_options -- neck.Rep_p4.m.conv1.conv2.block.bn.weight:num of params=128
07/05 05:43:02 - mmengine - INFO - paramwise_options -- neck.Rep_p4.m.conv1.conv2.block.bn.bias:num of params=128
07/05 05:43:02 - mmengine - INFO - paramwise_options -- neck.Rep_p4.m.block.0.alpha:num of params=1
07/05 05:43:02 - mmengine - INFO - paramwise_options -- neck.Rep_p4.m.block.0.conv1.block.conv.weight:num of params=147456
07/05 05:43:02 - mmengine - INFO - paramwise_options -- neck.Rep_p4.m.block.0.conv1.block.bn.weight:num of params=128
07/05 05:43:02 - mmengine - INFO - paramwise_options -- neck.Rep_p4.m.block.0.conv1.block.bn.bias:num of params=128
07/05 05:43:02 - mmengine - INFO - paramwise_options -- neck.Rep_p4.m.block.0.conv2.block.conv.weight:num of params=147456
07/05 05:43:02 - mmengine - INFO - paramwise_options -- neck.Rep_p4.m.block.0.conv2.block.bn.weight:num of params=128
07/05 05:43:02 - mmengine - INFO - paramwise_options -- neck.Rep_p4.m.block.0.conv2.block.bn.bias:num of params=128
07/05 05:43:02 - mmengine - INFO - paramwise_options -- neck.Rep_p4.m.block.1.alpha:num of params=1
07/05 05:43:02 - mmengine - INFO - paramwise_options -- neck.Rep_p4.m.block.1.conv1.block.conv.weight:num of params=147456
07/05 05:43:02 - mmengine - INFO - paramwise_options -- neck.Rep_p4.m.block.1.conv1.block.bn.weight:num of params=128
07/05 05:43:02 - mmengine - INFO - paramwise_options -- neck.Rep_p4.m.block.1.conv1.block.bn.bias:num of params=128
07/05 05:43:02 - mmengine - INFO - paramwise_options -- neck.Rep_p4.m.block.1.conv2.block.conv.weight:num of params=147456
07/05 05:43:02 - mmengine - INFO - paramwise_options -- neck.Rep_p4.m.block.1.conv2.block.bn.weight:num of params=128
07/05 05:43:02 - mmengine - INFO - paramwise_options -- neck.Rep_p4.m.block.1.conv2.block.bn.bias:num of params=128
07/05 05:43:02 - mmengine - INFO - paramwise_options -- neck.Rep_p4.m.block.2.alpha:num of params=1
07/05 05:43:02 - mmengine - INFO - paramwise_options -- neck.Rep_p4.m.block.2.conv1.block.conv.weight:num of params=147456
07/05 05:43:02 - mmengine - INFO - paramwise_options -- neck.Rep_p4.m.block.2.conv1.block.bn.weight:num of params=128
07/05 05:43:02 - mmengine - INFO - paramwise_options -- neck.Rep_p4.m.block.2.conv1.block.bn.bias:num of params=128
07/05 05:43:02 - mmengine - INFO - paramwise_options -- neck.Rep_p4.m.block.2.conv2.block.conv.weight:num of params=147456
07/05 05:43:02 - mmengine - INFO - paramwise_options -- neck.Rep_p4.m.block.2.conv2.block.bn.weight:num of params=128
07/05 05:43:02 - mmengine - INFO - paramwise_options -- neck.Rep_p4.m.block.2.conv2.block.bn.bias:num of params=128
07/05 05:43:02 - mmengine - INFO - paramwise_options -- neck.Rep_p4.m.block.3.alpha:num of params=1
07/05 05:43:02 - mmengine - INFO - paramwise_options -- neck.Rep_p4.m.block.3.conv1.block.conv.weight:num of params=147456
07/05 05:43:02 - mmengine - INFO - paramwise_options -- neck.Rep_p4.m.block.3.conv1.block.bn.weight:num of params=128
07/05 05:43:02 - mmengine - INFO - paramwise_options -- neck.Rep_p4.m.block.3.conv1.block.bn.bias:num of params=128
07/05 05:43:02 - mmengine - INFO - paramwise_options -- neck.Rep_p4.m.block.3.conv2.block.conv.weight:num of params=147456
07/05 05:43:02 - mmengine - INFO - paramwise_options -- neck.Rep_p4.m.block.3.conv2.block.bn.weight:num of params=128
07/05 05:43:02 - mmengine - INFO - paramwise_options -- neck.Rep_p4.m.block.3.conv2.block.bn.bias:num of params=128
07/05 05:43:02 - mmengine - INFO - paramwise_options -- neck.Rep_p4.m.block.4.alpha:num of params=1
07/05 05:43:02 - mmengine - INFO - paramwise_options -- neck.Rep_p4.m.block.4.conv1.block.conv.weight:num of params=147456
07/05 05:43:02 - mmengine - INFO - paramwise_options -- neck.Rep_p4.m.block.4.conv1.block.bn.weight:num of params=128
07/05 05:43:02 - mmengine - INFO - paramwise_options -- neck.Rep_p4.m.block.4.conv1.block.bn.bias:num of params=128
07/05 05:43:02 - mmengine - INFO - paramwise_options -- neck.Rep_p4.m.block.4.conv2.block.conv.weight:num of params=147456
07/05 05:43:02 - mmengine - INFO - paramwise_options -- neck.Rep_p4.m.block.4.conv2.block.bn.weight:num of params=128
07/05 05:43:02 - mmengine - INFO - paramwise_options -- neck.Rep_p4.m.block.4.conv2.block.bn.bias:num of params=128
07/05 05:43:02 - mmengine - INFO - paramwise_options -- neck.reduce_layer1.block.conv.weight:num of params=32768
07/05 05:43:02 - mmengine - INFO - paramwise_options -- neck.reduce_layer1.block.bn.weight:num of params=128
07/05 05:43:02 - mmengine - INFO - paramwise_options -- neck.reduce_layer1.block.bn.bias:num of params=128
07/05 05:43:02 - mmengine - INFO - paramwise_options -- neck.Bifusion1.cv1.block.conv.weight:num of params=32768
07/05 05:43:02 - mmengine - INFO - paramwise_options -- neck.Bifusion1.cv1.block.bn.weight:num of params=128
07/05 05:43:02 - mmengine - INFO - paramwise_options -- neck.Bifusion1.cv1.block.bn.bias:num of params=128
07/05 05:43:02 - mmengine - INFO - paramwise_options -- neck.Bifusion1.cv2.block.conv.weight:num of params=16384
07/05 05:43:02 - mmengine - INFO - paramwise_options -- neck.Bifusion1.cv2.block.bn.weight:num of params=128
07/05 05:43:02 - mmengine - INFO - paramwise_options -- neck.Bifusion1.cv2.block.bn.bias:num of params=128
07/05 05:43:02 - mmengine - INFO - paramwise_options -- neck.Bifusion1.cv3.block.conv.weight:num of params=49152
07/05 05:43:02 - mmengine - INFO - paramwise_options -- neck.Bifusion1.cv3.block.bn.weight:num of params=128
07/05 05:43:02 - mmengine - INFO - paramwise_options -- neck.Bifusion1.cv3.block.bn.bias:num of params=128
07/05 05:43:02 - mmengine - INFO - paramwise_options -- neck.Bifusion1.upsample.upsample_transpose.weight:num of params=65536
07/05 05:43:02 - mmengine - INFO - paramwise_options -- neck.Bifusion1.upsample.upsample_transpose.bias:num of params=128
07/05 05:43:02 - mmengine - INFO - paramwise_options -- neck.Bifusion1.downsample.block.conv.weight:num of params=147456
07/05 05:43:02 - mmengine - INFO - paramwise_options -- neck.Bifusion1.downsample.block.bn.weight:num of params=128
07/05 05:43:02 - mmengine - INFO - paramwise_options -- neck.Bifusion1.downsample.block.bn.bias:num of params=128
07/05 05:43:02 - mmengine - INFO - paramwise_options -- neck.Rep_p3.cv1.block.conv.weight:num of params=8192
07/05 05:43:02 - mmengine - INFO - paramwise_options -- neck.Rep_p3.cv1.block.bn.weight:num of params=64
07/05 05:43:02 - mmengine - INFO - paramwise_options -- neck.Rep_p3.cv1.block.bn.bias:num of params=64
07/05 05:43:02 - mmengine - INFO - paramwise_options -- neck.Rep_p3.cv2.block.conv.weight:num of params=8192
07/05 05:43:02 - mmengine - INFO - paramwise_options -- neck.Rep_p3.cv2.block.bn.weight:num of params=64
07/05 05:43:02 - mmengine - INFO - paramwise_options -- neck.Rep_p3.cv2.block.bn.bias:num of params=64
07/05 05:43:02 - mmengine - INFO - paramwise_options -- neck.Rep_p3.cv3.block.conv.weight:num of params=16384
07/05 05:43:02 - mmengine - INFO - paramwise_options -- neck.Rep_p3.cv3.block.bn.weight:num of params=128
07/05 05:43:02 - mmengine - INFO - paramwise_options -- neck.Rep_p3.cv3.block.bn.bias:num of params=128
07/05 05:43:02 - mmengine - INFO - paramwise_options -- neck.Rep_p3.m.conv1.alpha:num of params=1
07/05 05:43:02 - mmengine - INFO - paramwise_options -- neck.Rep_p3.m.conv1.conv1.block.conv.weight:num of params=36864
07/05 05:43:02 - mmengine - INFO - paramwise_options -- neck.Rep_p3.m.conv1.conv1.block.bn.weight:num of params=64
07/05 05:43:02 - mmengine - INFO - paramwise_options -- neck.Rep_p3.m.conv1.conv1.block.bn.bias:num of params=64
07/05 05:43:02 - mmengine - INFO - paramwise_options -- neck.Rep_p3.m.conv1.conv2.block.conv.weight:num of params=36864
07/05 05:43:02 - mmengine - INFO - paramwise_options -- neck.Rep_p3.m.conv1.conv2.block.bn.weight:num of params=64
07/05 05:43:02 - mmengine - INFO - paramwise_options -- neck.Rep_p3.m.conv1.conv2.block.bn.bias:num of params=64
07/05 05:43:02 - mmengine - INFO - paramwise_options -- neck.Rep_p3.m.block.0.alpha:num of params=1
07/05 05:43:02 - mmengine - INFO - paramwise_options -- neck.Rep_p3.m.block.0.conv1.block.conv.weight:num of params=36864
07/05 05:43:02 - mmengine - INFO - paramwise_options -- neck.Rep_p3.m.block.0.conv1.block.bn.weight:num of params=64
07/05 05:43:02 - mmengine - INFO - paramwise_options -- neck.Rep_p3.m.block.0.conv1.block.bn.bias:num of params=64
07/05 05:43:02 - mmengine - INFO - paramwise_options -- neck.Rep_p3.m.block.0.conv2.block.conv.weight:num of params=36864
07/05 05:43:02 - mmengine - INFO - paramwise_options -- neck.Rep_p3.m.block.0.conv2.block.bn.weight:num of params=64
07/05 05:43:02 - mmengine - INFO - paramwise_options -- neck.Rep_p3.m.block.0.conv2.block.bn.bias:num of params=64
07/05 05:43:02 - mmengine - INFO - paramwise_options -- neck.Rep_p3.m.block.1.alpha:num of params=1
07/05 05:43:02 - mmengine - INFO - paramwise_options -- neck.Rep_p3.m.block.1.conv1.block.conv.weight:num of params=36864
07/05 05:43:02 - mmengine - INFO - paramwise_options -- neck.Rep_p3.m.block.1.conv1.block.bn.weight:num of params=64
07/05 05:43:02 - mmengine - INFO - paramwise_options -- neck.Rep_p3.m.block.1.conv1.block.bn.bias:num of params=64
07/05 05:43:02 - mmengine - INFO - paramwise_options -- neck.Rep_p3.m.block.1.conv2.block.conv.weight:num of params=36864
07/05 05:43:02 - mmengine - INFO - paramwise_options -- neck.Rep_p3.m.block.1.conv2.block.bn.weight:num of params=64
07/05 05:43:02 - mmengine - INFO - paramwise_options -- neck.Rep_p3.m.block.1.conv2.block.bn.bias:num of params=64
07/05 05:43:02 - mmengine - INFO - paramwise_options -- neck.Rep_p3.m.block.2.alpha:num of params=1
07/05 05:43:02 - mmengine - INFO - paramwise_options -- neck.Rep_p3.m.block.2.conv1.block.conv.weight:num of params=36864
07/05 05:43:02 - mmengine - INFO - paramwise_options -- neck.Rep_p3.m.block.2.conv1.block.bn.weight:num of params=64
07/05 05:43:02 - mmengine - INFO - paramwise_options -- neck.Rep_p3.m.block.2.conv1.block.bn.bias:num of params=64
07/05 05:43:02 - mmengine - INFO - paramwise_options -- neck.Rep_p3.m.block.2.conv2.block.conv.weight:num of params=36864
07/05 05:43:02 - mmengine - INFO - paramwise_options -- neck.Rep_p3.m.block.2.conv2.block.bn.weight:num of params=64
07/05 05:43:02 - mmengine - INFO - paramwise_options -- neck.Rep_p3.m.block.2.conv2.block.bn.bias:num of params=64
07/05 05:43:02 - mmengine - INFO - paramwise_options -- neck.Rep_p3.m.block.3.alpha:num of params=1
07/05 05:43:02 - mmengine - INFO - paramwise_options -- neck.Rep_p3.m.block.3.conv1.block.conv.weight:num of params=36864
07/05 05:43:02 - mmengine - INFO - paramwise_options -- neck.Rep_p3.m.block.3.conv1.block.bn.weight:num of params=64
07/05 05:43:02 - mmengine - INFO - paramwise_options -- neck.Rep_p3.m.block.3.conv1.block.bn.bias:num of params=64
07/05 05:43:02 - mmengine - INFO - paramwise_options -- neck.Rep_p3.m.block.3.conv2.block.conv.weight:num of params=36864
07/05 05:43:02 - mmengine - INFO - paramwise_options -- neck.Rep_p3.m.block.3.conv2.block.bn.weight:num of params=64
07/05 05:43:02 - mmengine - INFO - paramwise_options -- neck.Rep_p3.m.block.3.conv2.block.bn.bias:num of params=64
07/05 05:43:02 - mmengine - INFO - paramwise_options -- neck.Rep_p3.m.block.4.alpha:num of params=1
07/05 05:43:02 - mmengine - INFO - paramwise_options -- neck.Rep_p3.m.block.4.conv1.block.conv.weight:num of params=36864
07/05 05:43:02 - mmengine - INFO - paramwise_options -- neck.Rep_p3.m.block.4.conv1.block.bn.weight:num of params=64
07/05 05:43:02 - mmengine - INFO - paramwise_options -- neck.Rep_p3.m.block.4.conv1.block.bn.bias:num of params=64
07/05 05:43:02 - mmengine - INFO - paramwise_options -- neck.Rep_p3.m.block.4.conv2.block.conv.weight:num of params=36864
07/05 05:43:02 - mmengine - INFO - paramwise_options -- neck.Rep_p3.m.block.4.conv2.block.bn.weight:num of params=64
07/05 05:43:02 - mmengine - INFO - paramwise_options -- neck.Rep_p3.m.block.4.conv2.block.bn.bias:num of params=64
07/05 05:43:02 - mmengine - INFO - paramwise_options -- neck.downsample2.block.conv.weight:num of params=147456
07/05 05:43:02 - mmengine - INFO - paramwise_options -- neck.downsample2.block.bn.weight:num of params=128
07/05 05:43:02 - mmengine - INFO - paramwise_options -- neck.downsample2.block.bn.bias:num of params=128
07/05 05:43:02 - mmengine - INFO - paramwise_options -- neck.Rep_n3.cv1.block.conv.weight:num of params=32768
07/05 05:43:02 - mmengine - INFO - paramwise_options -- neck.Rep_n3.cv1.block.bn.weight:num of params=128
07/05 05:43:02 - mmengine - INFO - paramwise_options -- neck.Rep_n3.cv1.block.bn.bias:num of params=128
07/05 05:43:02 - mmengine - INFO - paramwise_options -- neck.Rep_n3.cv2.block.conv.weight:num of params=32768
07/05 05:43:02 - mmengine - INFO - paramwise_options -- neck.Rep_n3.cv2.block.bn.weight:num of params=128
07/05 05:43:02 - mmengine - INFO - paramwise_options -- neck.Rep_n3.cv2.block.bn.bias:num of params=128
07/05 05:43:02 - mmengine - INFO - paramwise_options -- neck.Rep_n3.cv3.block.conv.weight:num of params=65536
07/05 05:43:02 - mmengine - INFO - paramwise_options -- neck.Rep_n3.cv3.block.bn.weight:num of params=256
07/05 05:43:02 - mmengine - INFO - paramwise_options -- neck.Rep_n3.cv3.block.bn.bias:num of params=256
07/05 05:43:02 - mmengine - INFO - paramwise_options -- neck.Rep_n3.m.conv1.alpha:num of params=1
07/05 05:43:02 - mmengine - INFO - paramwise_options -- neck.Rep_n3.m.conv1.conv1.block.conv.weight:num of params=147456
07/05 05:43:02 - mmengine - INFO - paramwise_options -- neck.Rep_n3.m.conv1.conv1.block.bn.weight:num of params=128
07/05 05:43:02 - mmengine - INFO - paramwise_options -- neck.Rep_n3.m.conv1.conv1.block.bn.bias:num of params=128
07/05 05:43:02 - mmengine - INFO - paramwise_options -- neck.Rep_n3.m.conv1.conv2.block.conv.weight:num of params=147456
07/05 05:43:02 - mmengine - INFO - paramwise_options -- neck.Rep_n3.m.conv1.conv2.block.bn.weight:num of params=128
07/05 05:43:02 - mmengine - INFO - paramwise_options -- neck.Rep_n3.m.conv1.conv2.block.bn.bias:num of params=128
07/05 05:43:02 - mmengine - INFO - paramwise_options -- neck.Rep_n3.m.block.0.alpha:num of params=1
07/05 05:43:02 - mmengine - INFO - paramwise_options -- neck.Rep_n3.m.block.0.conv1.block.conv.weight:num of params=147456
07/05 05:43:02 - mmengine - INFO - paramwise_options -- neck.Rep_n3.m.block.0.conv1.block.bn.weight:num of params=128
07/05 05:43:02 - mmengine - INFO - paramwise_options -- neck.Rep_n3.m.block.0.conv1.block.bn.bias:num of params=128
07/05 05:43:02 - mmengine - INFO - paramwise_options -- neck.Rep_n3.m.block.0.conv2.block.conv.weight:num of params=147456
07/05 05:43:02 - mmengine - INFO - paramwise_options -- neck.Rep_n3.m.block.0.conv2.block.bn.weight:num of params=128
07/05 05:43:02 - mmengine - INFO - paramwise_options -- neck.Rep_n3.m.block.0.conv2.block.bn.bias:num of params=128
07/05 05:43:02 - mmengine - INFO - paramwise_options -- neck.Rep_n3.m.block.1.alpha:num of params=1
07/05 05:43:02 - mmengine - INFO - paramwise_options -- neck.Rep_n3.m.block.1.conv1.block.conv.weight:num of params=147456
07/05 05:43:02 - mmengine - INFO - paramwise_options -- neck.Rep_n3.m.block.1.conv1.block.bn.weight:num of params=128
07/05 05:43:02 - mmengine - INFO - paramwise_options -- neck.Rep_n3.m.block.1.conv1.block.bn.bias:num of params=128
07/05 05:43:02 - mmengine - INFO - paramwise_options -- neck.Rep_n3.m.block.1.conv2.block.conv.weight:num of params=147456
07/05 05:43:02 - mmengine - INFO - paramwise_options -- neck.Rep_n3.m.block.1.conv2.block.bn.weight:num of params=128
07/05 05:43:02 - mmengine - INFO - paramwise_options -- neck.Rep_n3.m.block.1.conv2.block.bn.bias:num of params=128
07/05 05:43:02 - mmengine - INFO - paramwise_options -- neck.Rep_n3.m.block.2.alpha:num of params=1
07/05 05:43:02 - mmengine - INFO - paramwise_options -- neck.Rep_n3.m.block.2.conv1.block.conv.weight:num of params=147456
07/05 05:43:02 - mmengine - INFO - paramwise_options -- neck.Rep_n3.m.block.2.conv1.block.bn.weight:num of params=128
07/05 05:43:02 - mmengine - INFO - paramwise_options -- neck.Rep_n3.m.block.2.conv1.block.bn.bias:num of params=128
07/05 05:43:02 - mmengine - INFO - paramwise_options -- neck.Rep_n3.m.block.2.conv2.block.conv.weight:num of params=147456
07/05 05:43:02 - mmengine - INFO - paramwise_options -- neck.Rep_n3.m.block.2.conv2.block.bn.weight:num of params=128
07/05 05:43:02 - mmengine - INFO - paramwise_options -- neck.Rep_n3.m.block.2.conv2.block.bn.bias:num of params=128
07/05 05:43:02 - mmengine - INFO - paramwise_options -- neck.Rep_n3.m.block.3.alpha:num of params=1
07/05 05:43:02 - mmengine - INFO - paramwise_options -- neck.Rep_n3.m.block.3.conv1.block.conv.weight:num of params=147456
07/05 05:43:02 - mmengine - INFO - paramwise_options -- neck.Rep_n3.m.block.3.conv1.block.bn.weight:num of params=128
07/05 05:43:02 - mmengine - INFO - paramwise_options -- neck.Rep_n3.m.block.3.conv1.block.bn.bias:num of params=128
07/05 05:43:02 - mmengine - INFO - paramwise_options -- neck.Rep_n3.m.block.3.conv2.block.conv.weight:num of params=147456
07/05 05:43:02 - mmengine - INFO - paramwise_options -- neck.Rep_n3.m.block.3.conv2.block.bn.weight:num of params=128
07/05 05:43:02 - mmengine - INFO - paramwise_options -- neck.Rep_n3.m.block.3.conv2.block.bn.bias:num of params=128
07/05 05:43:02 - mmengine - INFO - paramwise_options -- neck.Rep_n3.m.block.4.alpha:num of params=1
07/05 05:43:02 - mmengine - INFO - paramwise_options -- neck.Rep_n3.m.block.4.conv1.block.conv.weight:num of params=147456
07/05 05:43:02 - mmengine - INFO - paramwise_options -- neck.Rep_n3.m.block.4.conv1.block.bn.weight:num of params=128
07/05 05:43:02 - mmengine - INFO - paramwise_options -- neck.Rep_n3.m.block.4.conv1.block.bn.bias:num of params=128
07/05 05:43:02 - mmengine - INFO - paramwise_options -- neck.Rep_n3.m.block.4.conv2.block.conv.weight:num of params=147456
07/05 05:43:02 - mmengine - INFO - paramwise_options -- neck.Rep_n3.m.block.4.conv2.block.bn.weight:num of params=128
07/05 05:43:02 - mmengine - INFO - paramwise_options -- neck.Rep_n3.m.block.4.conv2.block.bn.bias:num of params=128
07/05 05:43:02 - mmengine - INFO - paramwise_options -- neck.downsample1.block.conv.weight:num of params=589824
07/05 05:43:02 - mmengine - INFO - paramwise_options -- neck.downsample1.block.bn.weight:num of params=256
07/05 05:43:02 - mmengine - INFO - paramwise_options -- neck.downsample1.block.bn.bias:num of params=256
07/05 05:43:02 - mmengine - INFO - paramwise_options -- neck.Rep_n4.cv1.block.conv.weight:num of params=131072
07/05 05:43:02 - mmengine - INFO - paramwise_options -- neck.Rep_n4.cv1.block.bn.weight:num of params=256
07/05 05:43:02 - mmengine - INFO - paramwise_options -- neck.Rep_n4.cv1.block.bn.bias:num of params=256
07/05 05:43:02 - mmengine - INFO - paramwise_options -- neck.Rep_n4.cv2.block.conv.weight:num of params=131072
07/05 05:43:02 - mmengine - INFO - paramwise_options -- neck.Rep_n4.cv2.block.bn.weight:num of params=256
07/05 05:43:02 - mmengine - INFO - paramwise_options -- neck.Rep_n4.cv2.block.bn.bias:num of params=256
07/05 05:43:02 - mmengine - INFO - paramwise_options -- neck.Rep_n4.cv3.block.conv.weight:num of params=262144
07/05 05:43:02 - mmengine - INFO - paramwise_options -- neck.Rep_n4.cv3.block.bn.weight:num of params=512
07/05 05:43:02 - mmengine - INFO - paramwise_options -- neck.Rep_n4.cv3.block.bn.bias:num of params=512
07/05 05:43:02 - mmengine - INFO - paramwise_options -- neck.Rep_n4.m.conv1.alpha:num of params=1
07/05 05:43:02 - mmengine - INFO - paramwise_options -- neck.Rep_n4.m.conv1.conv1.block.conv.weight:num of params=589824
07/05 05:43:02 - mmengine - INFO - paramwise_options -- neck.Rep_n4.m.conv1.conv1.block.bn.weight:num of params=256
07/05 05:43:02 - mmengine - INFO - paramwise_options -- neck.Rep_n4.m.conv1.conv1.block.bn.bias:num of params=256
07/05 05:43:02 - mmengine - INFO - paramwise_options -- neck.Rep_n4.m.conv1.conv2.block.conv.weight:num of params=589824
07/05 05:43:02 - mmengine - INFO - paramwise_options -- neck.Rep_n4.m.conv1.conv2.block.bn.weight:num of params=256
07/05 05:43:02 - mmengine - INFO - paramwise_options -- neck.Rep_n4.m.conv1.conv2.block.bn.bias:num of params=256
07/05 05:43:02 - mmengine - INFO - paramwise_options -- neck.Rep_n4.m.block.0.alpha:num of params=1
07/05 05:43:02 - mmengine - INFO - paramwise_options -- neck.Rep_n4.m.block.0.conv1.block.conv.weight:num of params=589824
07/05 05:43:02 - mmengine - INFO - paramwise_options -- neck.Rep_n4.m.block.0.conv1.block.bn.weight:num of params=256
07/05 05:43:02 - mmengine - INFO - paramwise_options -- neck.Rep_n4.m.block.0.conv1.block.bn.bias:num of params=256
07/05 05:43:02 - mmengine - INFO - paramwise_options -- neck.Rep_n4.m.block.0.conv2.block.conv.weight:num of params=589824
07/05 05:43:02 - mmengine - INFO - paramwise_options -- neck.Rep_n4.m.block.0.conv2.block.bn.weight:num of params=256
07/05 05:43:02 - mmengine - INFO - paramwise_options -- neck.Rep_n4.m.block.0.conv2.block.bn.bias:num of params=256
07/05 05:43:02 - mmengine - INFO - paramwise_options -- neck.Rep_n4.m.block.1.alpha:num of params=1
07/05 05:43:02 - mmengine - INFO - paramwise_options -- neck.Rep_n4.m.block.1.conv1.block.conv.weight:num of params=589824
07/05 05:43:02 - mmengine - INFO - paramwise_options -- neck.Rep_n4.m.block.1.conv1.block.bn.weight:num of params=256
07/05 05:43:02 - mmengine - INFO - paramwise_options -- neck.Rep_n4.m.block.1.conv1.block.bn.bias:num of params=256
07/05 05:43:02 - mmengine - INFO - paramwise_options -- neck.Rep_n4.m.block.1.conv2.block.conv.weight:num of params=589824
07/05 05:43:02 - mmengine - INFO - paramwise_options -- neck.Rep_n4.m.block.1.conv2.block.bn.weight:num of params=256
07/05 05:43:02 - mmengine - INFO - paramwise_options -- neck.Rep_n4.m.block.1.conv2.block.bn.bias:num of params=256
07/05 05:43:02 - mmengine - INFO - paramwise_options -- neck.Rep_n4.m.block.2.alpha:num of params=1
07/05 05:43:02 - mmengine - INFO - paramwise_options -- neck.Rep_n4.m.block.2.conv1.block.conv.weight:num of params=589824
07/05 05:43:02 - mmengine - INFO - paramwise_options -- neck.Rep_n4.m.block.2.conv1.block.bn.weight:num of params=256
07/05 05:43:02 - mmengine - INFO - paramwise_options -- neck.Rep_n4.m.block.2.conv1.block.bn.bias:num of params=256
07/05 05:43:02 - mmengine - INFO - paramwise_options -- neck.Rep_n4.m.block.2.conv2.block.conv.weight:num of params=589824
07/05 05:43:02 - mmengine - INFO - paramwise_options -- neck.Rep_n4.m.block.2.conv2.block.bn.weight:num of params=256
07/05 05:43:02 - mmengine - INFO - paramwise_options -- neck.Rep_n4.m.block.2.conv2.block.bn.bias:num of params=256
07/05 05:43:02 - mmengine - INFO - paramwise_options -- neck.Rep_n4.m.block.3.alpha:num of params=1
07/05 05:43:02 - mmengine - INFO - paramwise_options -- neck.Rep_n4.m.block.3.conv1.block.conv.weight:num of params=589824
07/05 05:43:02 - mmengine - INFO - paramwise_options -- neck.Rep_n4.m.block.3.conv1.block.bn.weight:num of params=256
07/05 05:43:02 - mmengine - INFO - paramwise_options -- neck.Rep_n4.m.block.3.conv1.block.bn.bias:num of params=256
07/05 05:43:02 - mmengine - INFO - paramwise_options -- neck.Rep_n4.m.block.3.conv2.block.conv.weight:num of params=589824
07/05 05:43:02 - mmengine - INFO - paramwise_options -- neck.Rep_n4.m.block.3.conv2.block.bn.weight:num of params=256
07/05 05:43:02 - mmengine - INFO - paramwise_options -- neck.Rep_n4.m.block.3.conv2.block.bn.bias:num of params=256
07/05 05:43:02 - mmengine - INFO - paramwise_options -- neck.Rep_n4.m.block.4.alpha:num of params=1
07/05 05:43:02 - mmengine - INFO - paramwise_options -- neck.Rep_n4.m.block.4.conv1.block.conv.weight:num of params=589824
07/05 05:43:02 - mmengine - INFO - paramwise_options -- neck.Rep_n4.m.block.4.conv1.block.bn.weight:num of params=256
07/05 05:43:02 - mmengine - INFO - paramwise_options -- neck.Rep_n4.m.block.4.conv1.block.bn.bias:num of params=256
07/05 05:43:02 - mmengine - INFO - paramwise_options -- neck.Rep_n4.m.block.4.conv2.block.conv.weight:num of params=589824
07/05 05:43:02 - mmengine - INFO - paramwise_options -- neck.Rep_n4.m.block.4.conv2.block.bn.weight:num of params=256
07/05 05:43:02 - mmengine - INFO - paramwise_options -- neck.Rep_n4.m.block.4.conv2.block.bn.bias:num of params=256
07/05 05:43:02 - mmengine - INFO - paramwise_options -- bbox_head.head_module.cls_preds.0.0.conv.weight:num of params=294912
07/05 05:43:02 - mmengine - INFO - paramwise_options -- bbox_head.head_module.cls_preds.0.0.bn.weight:num of params=256
07/05 05:43:02 - mmengine - INFO - paramwise_options -- bbox_head.head_module.cls_preds.0.0.bn.bias:num of params=256
07/05 05:43:02 - mmengine - INFO - paramwise_options -- bbox_head.head_module.cls_preds.0.1.conv.weight:num of params=589824
07/05 05:43:02 - mmengine - INFO - paramwise_options -- bbox_head.head_module.cls_preds.0.1.bn.weight:num of params=256
07/05 05:43:02 - mmengine - INFO - paramwise_options -- bbox_head.head_module.cls_preds.0.1.bn.bias:num of params=256
07/05 05:43:02 - mmengine - INFO - paramwise_options -- bbox_head.head_module.cls_preds.0.2.weight:num of params=196608
07/05 05:43:02 - mmengine - INFO - paramwise_options -- bbox_head.head_module.cls_preds.0.2.bias:num of params=768
07/05 05:43:02 - mmengine - INFO - paramwise_options -- bbox_head.head_module.cls_preds.1.0.conv.weight:num of params=589824
07/05 05:43:02 - mmengine - INFO - paramwise_options -- bbox_head.head_module.cls_preds.1.0.bn.weight:num of params=256
07/05 05:43:02 - mmengine - INFO - paramwise_options -- bbox_head.head_module.cls_preds.1.0.bn.bias:num of params=256
07/05 05:43:02 - mmengine - INFO - paramwise_options -- bbox_head.head_module.cls_preds.1.1.conv.weight:num of params=589824
07/05 05:43:02 - mmengine - INFO - paramwise_options -- bbox_head.head_module.cls_preds.1.1.bn.weight:num of params=256
07/05 05:43:02 - mmengine - INFO - paramwise_options -- bbox_head.head_module.cls_preds.1.1.bn.bias:num of params=256
07/05 05:43:02 - mmengine - INFO - paramwise_options -- bbox_head.head_module.cls_preds.1.2.weight:num of params=196608
07/05 05:43:02 - mmengine - INFO - paramwise_options -- bbox_head.head_module.cls_preds.1.2.bias:num of params=768
07/05 05:43:02 - mmengine - INFO - paramwise_options -- bbox_head.head_module.cls_preds.2.0.conv.weight:num of params=1179648
07/05 05:43:02 - mmengine - INFO - paramwise_options -- bbox_head.head_module.cls_preds.2.0.bn.weight:num of params=256
07/05 05:43:02 - mmengine - INFO - paramwise_options -- bbox_head.head_module.cls_preds.2.0.bn.bias:num of params=256
07/05 05:43:02 - mmengine - INFO - paramwise_options -- bbox_head.head_module.cls_preds.2.1.conv.weight:num of params=589824
07/05 05:43:02 - mmengine - INFO - paramwise_options -- bbox_head.head_module.cls_preds.2.1.bn.weight:num of params=256
07/05 05:43:02 - mmengine - INFO - paramwise_options -- bbox_head.head_module.cls_preds.2.1.bn.bias:num of params=256
07/05 05:43:02 - mmengine - INFO - paramwise_options -- bbox_head.head_module.cls_preds.2.2.weight:num of params=196608
07/05 05:43:02 - mmengine - INFO - paramwise_options -- bbox_head.head_module.cls_preds.2.2.bias:num of params=768
07/05 05:43:02 - mmengine - INFO - paramwise_options -- bbox_head.head_module.reg_preds.0.0.conv.weight:num of params=73728
07/05 05:43:02 - mmengine - INFO - paramwise_options -- bbox_head.head_module.reg_preds.0.0.bn.weight:num of params=64
07/05 05:43:02 - mmengine - INFO - paramwise_options -- bbox_head.head_module.reg_preds.0.0.bn.bias:num of params=64
07/05 05:43:02 - mmengine - INFO - paramwise_options -- bbox_head.head_module.reg_preds.0.1.conv.weight:num of params=36864
07/05 05:43:02 - mmengine - INFO - paramwise_options -- bbox_head.head_module.reg_preds.0.1.bn.weight:num of params=64
07/05 05:43:02 - mmengine - INFO - paramwise_options -- bbox_head.head_module.reg_preds.0.1.bn.bias:num of params=64
07/05 05:43:02 - mmengine - INFO - paramwise_options -- bbox_head.head_module.reg_preds.0.2.weight:num of params=4096
07/05 05:43:02 - mmengine - INFO - paramwise_options -- bbox_head.head_module.reg_preds.0.2.bias:num of params=64
07/05 05:43:02 - mmengine - INFO - paramwise_options -- bbox_head.head_module.reg_preds.1.0.conv.weight:num of params=147456
07/05 05:43:02 - mmengine - INFO - paramwise_options -- bbox_head.head_module.reg_preds.1.0.bn.weight:num of params=64
07/05 05:43:02 - mmengine - INFO - paramwise_options -- bbox_head.head_module.reg_preds.1.0.bn.bias:num of params=64
07/05 05:43:02 - mmengine - INFO - paramwise_options -- bbox_head.head_module.reg_preds.1.1.conv.weight:num of params=36864
07/05 05:43:02 - mmengine - INFO - paramwise_options -- bbox_head.head_module.reg_preds.1.1.bn.weight:num of params=64
07/05 05:43:02 - mmengine - INFO - paramwise_options -- bbox_head.head_module.reg_preds.1.1.bn.bias:num of params=64
07/05 05:43:02 - mmengine - INFO - paramwise_options -- bbox_head.head_module.reg_preds.1.2.weight:num of params=4096
07/05 05:43:02 - mmengine - INFO - paramwise_options -- bbox_head.head_module.reg_preds.1.2.bias:num of params=64
07/05 05:43:02 - mmengine - INFO - paramwise_options -- bbox_head.head_module.reg_preds.2.0.conv.weight:num of params=294912
07/05 05:43:02 - mmengine - INFO - paramwise_options -- bbox_head.head_module.reg_preds.2.0.bn.weight:num of params=64
07/05 05:43:02 - mmengine - INFO - paramwise_options -- bbox_head.head_module.reg_preds.2.0.bn.bias:num of params=64
07/05 05:43:02 - mmengine - INFO - paramwise_options -- bbox_head.head_module.reg_preds.2.1.conv.weight:num of params=36864
07/05 05:43:02 - mmengine - INFO - paramwise_options -- bbox_head.head_module.reg_preds.2.1.bn.weight:num of params=64
07/05 05:43:02 - mmengine - INFO - paramwise_options -- bbox_head.head_module.reg_preds.2.1.bn.bias:num of params=64
07/05 05:43:02 - mmengine - INFO - paramwise_options -- bbox_head.head_module.reg_preds.2.2.weight:num of params=4096
07/05 05:43:02 - mmengine - INFO - paramwise_options -- bbox_head.head_module.reg_preds.2.2.bias:num of params=64
07/05 05:43:02 - mmengine - INFO - paramwise_options -- bbox_head.head_module.cls_contrasts.0.bias:num of params=1
07/05 05:43:02 - mmengine - INFO - paramwise_options -- bbox_head.head_module.cls_contrasts.0.logit_scale:num of params=1
07/05 05:43:02 - mmengine - INFO - paramwise_options -- bbox_head.head_module.cls_contrasts.0.logit_scale:lr=2e-05
07/05 05:43:02 - mmengine - INFO - paramwise_options -- bbox_head.head_module.cls_contrasts.0.logit_scale:weight_decay=0.0
07/05 05:43:02 - mmengine - INFO - paramwise_options -- bbox_head.head_module.cls_contrasts.0.norm.weight:num of params=768
07/05 05:43:02 - mmengine - INFO - paramwise_options -- bbox_head.head_module.cls_contrasts.0.norm.bias:num of params=768
07/05 05:43:02 - mmengine - INFO - paramwise_options -- bbox_head.head_module.cls_contrasts.1.bias:num of params=1
07/05 05:43:02 - mmengine - INFO - paramwise_options -- bbox_head.head_module.cls_contrasts.1.logit_scale:num of params=1
07/05 05:43:02 - mmengine - INFO - paramwise_options -- bbox_head.head_module.cls_contrasts.1.logit_scale:lr=2e-05
07/05 05:43:02 - mmengine - INFO - paramwise_options -- bbox_head.head_module.cls_contrasts.1.logit_scale:weight_decay=0.0
07/05 05:43:02 - mmengine - INFO - paramwise_options -- bbox_head.head_module.cls_contrasts.1.norm.weight:num of params=768
07/05 05:43:02 - mmengine - INFO - paramwise_options -- bbox_head.head_module.cls_contrasts.1.norm.bias:num of params=768
07/05 05:43:02 - mmengine - INFO - paramwise_options -- bbox_head.head_module.cls_contrasts.2.bias:num of params=1
07/05 05:43:02 - mmengine - INFO - paramwise_options -- bbox_head.head_module.cls_contrasts.2.logit_scale:num of params=1
07/05 05:43:02 - mmengine - INFO - paramwise_options -- bbox_head.head_module.cls_contrasts.2.logit_scale:lr=2e-05
07/05 05:43:02 - mmengine - INFO - paramwise_options -- bbox_head.head_module.cls_contrasts.2.logit_scale:weight_decay=0.0
07/05 05:43:02 - mmengine - INFO - paramwise_options -- bbox_head.head_module.cls_contrasts.2.norm.weight:num of params=768
07/05 05:43:02 - mmengine - INFO - paramwise_options -- bbox_head.head_module.cls_contrasts.2.norm.bias:num of params=768
Done (t=0.38s)
creating index...
Done (t=0.39s)
creating index...
index created!
index created!
loading annotations into memory...
Done (t=0.41s)
creating index...
index created!
Done (t=0.39s)
creating index...
index created!
loading annotations into memory...
Done (t=0.38s)
creating index...
index created!
Loads checkpoint by local backend from path: work_dirs/v11dt3stage_s2/epoch_4.pth
Loads checkpoint by local backend from path: work_dirs/v11dt3stage_s2/epoch_4.pth
Loads checkpoint by local backend from path: work_dirs/v11dt3stage_s2/epoch_4.pth
/home/siyuan/anaconda3/envs/wedetect_official/lib/python3.10/site-packages/mmengine/runner/checkpoint.py:347: FutureWarning: You are using `torch.load` with `weights_only=False` (the current default value), which uses the default pickle module implicitly. It is possible to construct malicious pickle data which will execute arbitrary code during unpickling (See https://github.com/pytorch/pytorch/blob/main/SECURITY.md#untrusted-models for more details). In a future release, the default value for `weights_only` will be flipped to `True`. This limits the functions that could be executed during unpickling. Arbitrary objects will no longer be allowed to be loaded via this mode unless they are explicitly allowlisted by the user via `torch.serialization.add_safe_globals`. We recommend you start setting `weights_only=True` for any use case where you don't have full control of the loaded file. Please open an issue on GitHub for any issues related to this experimental feature.
  checkpoint = torch.load(filename, map_location=map_location)
/home/siyuan/anaconda3/envs/wedetect_official/lib/python3.10/site-packages/mmengine/runner/checkpoint.py:347: FutureWarning: You are using `torch.load` with `weights_only=False` (the current default value), which uses the default pickle module implicitly. It is possible to construct malicious pickle data which will execute arbitrary code during unpickling (See https://github.com/pytorch/pytorch/blob/main/SECURITY.md#untrusted-models for more details). In a future release, the default value for `weights_only` will be flipped to `True`. This limits the functions that could be executed during unpickling. Arbitrary objects will no longer be allowed to be loaded via this mode unless they are explicitly allowlisted by the user via `torch.serialization.add_safe_globals`. We recommend you start setting `weights_only=True` for any use case where you don't have full control of the loaded file. Please open an issue on GitHub for any issues related to this experimental feature.
  checkpoint = torch.load(filename, map_location=map_location)
/home/siyuan/anaconda3/envs/wedetect_official/lib/python3.10/site-packages/mmengine/runner/checkpoint.py:347: FutureWarning: You are using `torch.load` with `weights_only=False` (the current default value), which uses the default pickle module implicitly. It is possible to construct malicious pickle data which will execute arbitrary code during unpickling (See https://github.com/pytorch/pytorch/blob/main/SECURITY.md#untrusted-models for more details). In a future release, the default value for `weights_only` will be flipped to `True`. This limits the functions that could be executed during unpickling. Arbitrary objects will no longer be allowed to be loaded via this mode unless they are explicitly allowlisted by the user via `torch.serialization.add_safe_globals`. We recommend you start setting `weights_only=True` for any use case where you don't have full control of the loaded file. Please open an issue on GitHub for any issues related to this experimental feature.
  checkpoint = torch.load(filename, map_location=map_location)
Loads checkpoint by local backend from path: work_dirs/v11dt3stage_s2/epoch_4.pth
/home/siyuan/anaconda3/envs/wedetect_official/lib/python3.10/site-packages/mmengine/runner/checkpoint.py:347: FutureWarning: You are using `torch.load` with `weights_only=False` (the current default value), which uses the default pickle module implicitly. It is possible to construct malicious pickle data which will execute arbitrary code during unpickling (See https://github.com/pytorch/pytorch/blob/main/SECURITY.md#untrusted-models for more details). In a future release, the default value for `weights_only` will be flipped to `True`. This limits the functions that could be executed during unpickling. Arbitrary objects will no longer be allowed to be loaded via this mode unless they are explicitly allowlisted by the user via `torch.serialization.add_safe_globals`. We recommend you start setting `weights_only=True` for any use case where you don't have full control of the loaded file. Please open an issue on GitHub for any issues related to this experimental feature.
  checkpoint = torch.load(filename, map_location=map_location)
07/05 05:43:07 - mmengine - INFO - Load checkpoint from work_dirs/v11dt3stage_s2/epoch_4.pth
07/05 05:43:07 - mmengine - WARNING - "FileClient" will be deprecated in future. Please use io functions in https://mmengine.readthedocs.io/en/latest/api/fileio.html#file-io
07/05 05:43:07 - mmengine - WARNING - "HardDiskBackend" is the alias of "LocalBackend" and the former will be deprecated in future.
07/05 05:43:07 - mmengine - INFO - Checkpoints will be saved to /home/siyuan/projects/LLMs/OralDetect-Family/WeDetect_repro/WeDetect/work_dirs/v11dt3stage_s3.
/home/siyuan/anaconda3/envs/wedetect_official/lib/python3.10/site-packages/torch/functional.py:534: UserWarning: torch.meshgrid: in an upcoming release, it will be required to pass the indexing argument. (Triggered internally at ../aten/src/ATen/native/TensorShape.cpp:3595.)
  return _VF.meshgrid(tensors, **kwargs)  # type: ignore[attr-defined]
/home/siyuan/anaconda3/envs/wedetect_official/lib/python3.10/site-packages/torch/functional.py:534: UserWarning: torch.meshgrid: in an upcoming release, it will be required to pass the indexing argument. (Triggered internally at ../aten/src/ATen/native/TensorShape.cpp:3595.)
  return _VF.meshgrid(tensors, **kwargs)  # type: ignore[attr-defined]
/home/siyuan/anaconda3/envs/wedetect_official/lib/python3.10/site-packages/torch/functional.py:534: UserWarning: torch.meshgrid: in an upcoming release, it will be required to pass the indexing argument. (Triggered internally at ../aten/src/ATen/native/TensorShape.cpp:3595.)
  return _VF.meshgrid(tensors, **kwargs)  # type: ignore[attr-defined]
/home/siyuan/anaconda3/envs/wedetect_official/lib/python3.10/site-packages/torch/functional.py:534: UserWarning: torch.meshgrid: in an upcoming release, it will be required to pass the indexing argument. (Triggered internally at ../aten/src/ATen/native/TensorShape.cpp:3595.)
  return _VF.meshgrid(tensors, **kwargs)  # type: ignore[attr-defined]
07/05 05:44:02 - mmengine - INFO - Epoch(train)  [1][  50/1294]  base_lr: 9.9685e-07 lr: 9.9685e-07  eta: 4:44:04  time: 1.1012  data_time: 0.0231  memory: 27117  grad_norm: 4875.4407  loss: 183.3124  loss_cls: 107.1624  loss_bbox: 39.0547  loss_dfl: 37.0953
07/05 05:44:55 - mmengine - INFO - Epoch(train)  [1][ 100/1294]  base_lr: 1.9873e-06 lr: 1.9873e-06  eta: 4:38:30  time: 1.0650  data_time: 0.0073  memory: 26957  grad_norm: 3027.7623  loss: 155.4598  loss_cls: 78.7827  loss_bbox: 39.7205  loss_dfl: 36.9565
07/05 05:45:49 - mmengine - INFO - Epoch(train)  [1][ 150/1294]  base_lr: 2.9712e-06 lr: 2.9712e-06  eta: 4:36:36  time: 1.0714  data_time: 0.0071  memory: 27431  grad_norm: 2220.3093  loss: 143.7133  loss_cls: 66.6340  loss_bbox: 40.2140  loss_dfl: 36.8653
07/05 05:46:42 - mmengine - INFO - Epoch(train)  [1][ 200/1294]  base_lr: 3.9488e-06 lr: 3.9488e-06  eta: 4:34:54  time: 1.0669  data_time: 0.0070  memory: 27091  grad_norm: 1211.9628  loss: 134.9653  loss_cls: 59.7098  loss_bbox: 38.9751  loss_dfl: 36.2804
07/05 05:47:35 - mmengine - INFO - Epoch(train)  [1][ 250/1294]  base_lr: 4.9199e-06 lr: 4.9199e-06  eta: 4:33:45  time: 1.0712  data_time: 0.0070  memory: 27077  grad_norm: 1185.1131  loss: 134.6402  loss_cls: 57.0241  loss_bbox: 40.3105  loss_dfl: 37.3056
07/05 05:48:29 - mmengine - INFO - Epoch(train)  [1][ 300/1294]  base_lr: 5.8846e-06 lr: 5.8846e-06  eta: 4:32:44  time: 1.0719  data_time: 0.0071  memory: 27144  grad_norm: 962.6352  loss: 127.4195  loss_cls: 51.9680  loss_bbox: 39.1881  loss_dfl: 36.2634
07/05 05:49:22 - mmengine - INFO - Epoch(train)  [1][ 350/1294]  base_lr: 6.8428e-06 lr: 6.8428e-06  eta: 4:31:38  time: 1.0689  data_time: 0.0071  memory: 27111  grad_norm: 906.5619  loss: 126.2888  loss_cls: 51.3407  loss_bbox: 38.6160  loss_dfl: 36.3321
07/05 05:50:16 - mmengine - INFO - Epoch(train)  [1][ 400/1294]  base_lr: 7.7946e-06 lr: 7.7946e-06  eta: 4:30:46  time: 1.0747  data_time: 0.0070  memory: 27157  grad_norm: 1210.0606  loss: 123.3717  loss_cls: 48.1468  loss_bbox: 38.8965  loss_dfl: 36.3284
07/05 05:51:10 - mmengine - INFO - Epoch(train)  [1][ 450/1294]  base_lr: 8.7400e-06 lr: 8.7400e-06  eta: 4:29:45  time: 1.0700  data_time: 0.0071  memory: 26997  grad_norm: 892.8152  loss: 121.7727  loss_cls: 48.2914  loss_bbox: 37.9674  loss_dfl: 35.5139
07/05 05:52:03 - mmengine - INFO - Epoch(train)  [1][ 500/1294]  base_lr: 9.6789e-06 lr: 9.6789e-06  eta: 4:28:52  time: 1.0735  data_time: 0.0070  memory: 27044  grad_norm: 946.4281  loss: 123.1790  loss_cls: 48.5079  loss_bbox: 38.0594  loss_dfl: 36.6117
07/05 05:52:57 - mmengine - INFO - Epoch(train)  [1][ 550/1294]  base_lr: 1.0611e-05 lr: 1.0611e-05  eta: 4:27:58  time: 1.0731  data_time: 0.0069  memory: 27317  grad_norm: 828.4636  loss: 121.7708  loss_cls: 46.1717  loss_bbox: 39.2958  loss_dfl: 36.3032
07/05 05:53:51 - mmengine - INFO - Epoch(train)  [1][ 600/1294]  base_lr: 1.1538e-05 lr: 1.1538e-05  eta: 4:26:59  time: 1.0697  data_time: 0.0069  memory: 27191  grad_norm: 1823.5395  loss: 122.1021  loss_cls: 46.4062  loss_bbox: 39.1030  loss_dfl: 36.5930
07/05 05:54:44 - mmengine - INFO - Epoch(train)  [1][ 650/1294]  base_lr: 1.2457e-05 lr: 1.2457e-05  eta: 4:26:09  time: 1.0757  data_time: 0.0070  memory: 26991  grad_norm: 844.7722  loss: 120.1940  loss_cls: 45.4020  loss_bbox: 38.8061  loss_dfl: 35.9860
07/05 05:55:38 - mmengine - INFO - Epoch(train)  [1][ 700/1294]  base_lr: 1.3370e-05 lr: 1.3370e-05  eta: 4:25:15  time: 1.0738  data_time: 0.0070  memory: 27171  grad_norm: 908.9536  loss: 116.2968  loss_cls: 43.3205  loss_bbox: 37.7041  loss_dfl: 35.2723
07/05 05:56:32 - mmengine - INFO - Epoch(train)  [1][ 750/1294]  base_lr: 1.4277e-05 lr: 1.4277e-05  eta: 4:24:19  time: 1.0706  data_time: 0.0070  memory: 27204  grad_norm: 960.8512  loss: 118.4762  loss_cls: 42.8593  loss_bbox: 38.9765  loss_dfl: 36.6404
07/05 05:57:25 - mmengine - INFO - Epoch(train)  [1][ 800/1294]  base_lr: 1.5177e-05 lr: 1.5177e-05  eta: 4:23:25  time: 1.0725  data_time: 0.0069  memory: 26997  grad_norm: 794.9461  loss: 119.7440  loss_cls: 44.8064  loss_bbox: 38.9616  loss_dfl: 35.9760
07/05 05:58:19 - mmengine - INFO - Epoch(train)  [1][ 850/1294]  base_lr: 1.6071e-05 lr: 1.6071e-05  eta: 4:22:28  time: 1.0696  data_time: 0.0069  memory: 27084  grad_norm: 835.3021  loss: 119.4455  loss_cls: 43.6379  loss_bbox: 39.3068  loss_dfl: 36.5008
07/05 05:59:13 - mmengine - INFO - Epoch(train)  [1][ 900/1294]  base_lr: 1.6959e-05 lr: 1.6959e-05  eta: 4:21:39  time: 1.0783  data_time: 0.0069  memory: 27197  grad_norm: 843.9235  loss: 117.2414  loss_cls: 42.1963  loss_bbox: 38.9197  loss_dfl: 36.1253
07/05 06:00:06 - mmengine - INFO - Epoch(train)  [1][ 950/1294]  base_lr: 1.7840e-05 lr: 1.7840e-05  eta: 4:20:46  time: 1.0744  data_time: 0.0069  memory: 26977  grad_norm: 867.3459  loss: 119.0943  loss_cls: 43.8087  loss_bbox: 39.0059  loss_dfl: 36.2797
07/05 06:01:00 - mmengine - INFO - Exp name: wedetect_v11dt_3stage_s3_20260705_054251
07/05 06:01:00 - mmengine - INFO - Epoch(train)  [1][1000/1294]  base_lr: 1.8714e-05 lr: 1.8714e-05  eta: 4:19:51  time: 1.0716  data_time: 0.0070  memory: 27125  grad_norm: 847.2589  loss: 116.2907  loss_cls: 42.0411  loss_bbox: 38.1859  loss_dfl: 36.0637
07/05 06:01:53 - mmengine - INFO - Epoch(train)  [1][1050/1294]  base_lr: 1.8650e-05 lr: 1.8650e-05  eta: 4:18:57  time: 1.0724  data_time: 0.0055  memory: 27004  grad_norm: 843.6981  loss: 117.2660  loss_cls: 42.9560  loss_bbox: 38.2589  loss_dfl: 36.0511
07/05 06:02:47 - mmengine - INFO - Epoch(train)  [1][1100/1294]  base_lr: 1.8586e-05 lr: 1.8586e-05  eta: 4:18:06  time: 1.0767  data_time: 0.0055  memory: 27044  grad_norm: 787.9307  loss: 116.4802  loss_cls: 41.3626  loss_bbox: 39.0600  loss_dfl: 36.0577
07/05 06:03:41 - mmengine - INFO - Epoch(train)  [1][1150/1294]  base_lr: 1.8521e-05 lr: 1.8521e-05  eta: 4:17:10  time: 1.0704  data_time: 0.0055  memory: 27084  grad_norm: 842.1210  loss: 117.0036  loss_cls: 42.3376  loss_bbox: 38.5793  loss_dfl: 36.0867
07/05 06:04:35 - mmengine - INFO - Epoch(train)  [1][1200/1294]  base_lr: 1.8457e-05 lr: 1.8457e-05  eta: 4:16:16  time: 1.0734  data_time: 0.0056  memory: 27064  grad_norm: 760.3114  loss: 116.4287  loss_cls: 41.2739  loss_bbox: 38.8932  loss_dfl: 36.2616
07/05 06:05:28 - mmengine - INFO - Epoch(train)  [1][1250/1294]  base_lr: 1.8393e-05 lr: 1.8393e-05  eta: 4:15:21  time: 1.0706  data_time: 0.0055  memory: 27231  grad_norm: 763.3322  loss: 114.0183  loss_cls: 40.5133  loss_bbox: 38.1985  loss_dfl: 35.3065
07/05 06:06:15 - mmengine - INFO - Exp name: wedetect_v11dt_3stage_s3_20260705_054251
07/05 06:06:15 - mmengine - INFO - Saving checkpoint at 1 epochs
07/05 06:07:15 - mmengine - INFO - Epoch(train)  [2][  50/1294]  base_lr: 1.8272e-05 lr: 1.8272e-05  eta: 4:13:43  time: 1.0875  data_time: 0.0198  memory: 27131  grad_norm: 758.7503  loss: 115.0500  loss_cls: 40.1059  loss_bbox: 38.5371  loss_dfl: 36.4069
07/05 06:08:09 - mmengine - INFO - Epoch(train)  [2][ 100/1294]  base_lr: 1.8208e-05 lr: 1.8208e-05  eta: 4:12:46  time: 1.0678  data_time: 0.0059  memory: 27071  grad_norm: 763.2125  loss: 113.8754  loss_cls: 39.6917  loss_bbox: 38.2141  loss_dfl: 35.9697
07/05 06:09:03 - mmengine - INFO - Epoch(train)  [2][ 150/1294]  base_lr: 1.8143e-05 lr: 1.8143e-05  eta: 4:11:55  time: 1.0772  data_time: 0.0057  memory: 27057  grad_norm: 796.7596  loss: 114.6263  loss_cls: 40.9365  loss_bbox: 38.0238  loss_dfl: 35.6661
07/05 06:09:56 - mmengine - INFO - Epoch(train)  [2][ 200/1294]  base_lr: 1.8079e-05 lr: 1.8079e-05  eta: 4:10:59  time: 1.0681  data_time: 0.0056  memory: 27157  grad_norm: 770.5003  loss: 114.2987  loss_cls: 40.6803  loss_bbox: 38.0117  loss_dfl: 35.6067
07/05 06:10:50 - mmengine - INFO - Epoch(train)  [2][ 250/1294]  base_lr: 1.8014e-05 lr: 1.8014e-05  eta: 4:10:06  time: 1.0746  data_time: 0.0057  memory: 27077  grad_norm: 718.7553  loss: 114.7852  loss_cls: 40.0464  loss_bbox: 38.5442  loss_dfl: 36.1946
07/05 06:11:44 - mmengine - INFO - Epoch(train)  [2][ 300/1294]  base_lr: 1.7950e-05 lr: 1.7950e-05  eta: 4:09:14  time: 1.0776  data_time: 0.0057  memory: 27111  grad_norm: 720.4452  loss: 114.0625  loss_cls: 39.4674  loss_bbox: 38.4669  loss_dfl: 36.1282
07/05 06:12:37 - mmengine - INFO - Epoch(train)  [2][ 350/1294]  base_lr: 1.7886e-05 lr: 1.7886e-05  eta: 4:08:18  time: 1.0677  data_time: 0.0055  memory: 27484  grad_norm: 746.4871  loss: 114.2361  loss_cls: 40.2817  loss_bbox: 38.1350  loss_dfl: 35.8194
07/05 06:13:31 - mmengine - INFO - Epoch(train)  [2][ 400/1294]  base_lr: 1.7821e-05 lr: 1.7821e-05  eta: 4:07:27  time: 1.0790  data_time: 0.0057  memory: 27251  grad_norm: 784.2778  loss: 116.7729  loss_cls: 40.7486  loss_bbox: 39.4729  loss_dfl: 36.5514
07/05 06:14:25 - mmengine - INFO - Epoch(train)  [2][ 450/1294]  base_lr: 1.7757e-05 lr: 1.7757e-05  eta: 4:06:33  time: 1.0739  data_time: 0.0056  memory: 27151  grad_norm: 709.8400  loss: 112.0003  loss_cls: 38.5236  loss_bbox: 37.8171  loss_dfl: 35.6595
07/05 06:15:18 - mmengine - INFO - Epoch(train)  [2][ 500/1294]  base_lr: 1.7693e-05 lr: 1.7693e-05  eta: 4:05:38  time: 1.0683  data_time: 0.0057  memory: 27091  grad_norm: 710.9046  loss: 116.4055  loss_cls: 40.2205  loss_bbox: 39.6507  loss_dfl: 36.5342
07/05 06:16:12 - mmengine - INFO - Epoch(train)  [2][ 550/1294]  base_lr: 1.7628e-05 lr: 1.7628e-05  eta: 4:04:46  time: 1.0790  data_time: 0.0058  memory: 27304  grad_norm: 776.9248  loss: 116.2661  loss_cls: 40.1573  loss_bbox: 39.3213  loss_dfl: 36.7875
07/05 06:17:05 - mmengine - INFO - Epoch(train)  [2][ 600/1294]  base_lr: 1.7564e-05 lr: 1.7564e-05  eta: 4:03:51  time: 1.0680  data_time: 0.0057  memory: 27091  grad_norm: 779.4439  loss: 114.3527  loss_cls: 40.2262  loss_bbox: 38.4319  loss_dfl: 35.6945
07/05 06:17:59 - mmengine - INFO - Epoch(train)  [2][ 650/1294]  base_lr: 1.7500e-05 lr: 1.7500e-05  eta: 4:02:59  time: 1.0786  data_time: 0.0057  memory: 27104  grad_norm: 750.3222  loss: 114.5090  loss_cls: 40.3349  loss_bbox: 38.1644  loss_dfl: 36.0097
07/05 06:18:53 - mmengine - INFO - Epoch(train)  [2][ 700/1294]  base_lr: 1.7435e-05 lr: 1.7435e-05  eta: 4:02:05  time: 1.0737  data_time: 0.0056  memory: 26964  grad_norm: 708.1033  loss: 111.5391  loss_cls: 38.0063  loss_bbox: 37.7578  loss_dfl: 35.7751
07/05 06:18:59 - mmengine - INFO - Exp name: wedetect_v11dt_3stage_s3_20260705_054251
07/05 06:19:46 - mmengine - INFO - Epoch(train)  [2][ 750/1294]  base_lr: 1.7371e-05 lr: 1.7371e-05  eta: 4:01:10  time: 1.0680  data_time: 0.0057  memory: 27111  grad_norm: 728.8252  loss: 113.3169  loss_cls: 38.7833  loss_bbox: 38.2282  loss_dfl: 36.3054
07/05 06:20:40 - mmengine - INFO - Epoch(train)  [2][ 800/1294]  base_lr: 1.7307e-05 lr: 1.7307e-05  eta: 4:00:17  time: 1.0766  data_time: 0.0057  memory: 27037  grad_norm: 704.7442  loss: 114.7313  loss_cls: 39.7426  loss_bbox: 38.3725  loss_dfl: 36.6161
07/05 06:21:34 - mmengine - INFO - Epoch(train)  [2][ 850/1294]  base_lr: 1.7242e-05 lr: 1.7242e-05  eta: 3:59:25  time: 1.0783  data_time: 0.0056  memory: 27197  grad_norm: 695.7436  loss: 116.1608  loss_cls: 40.4633  loss_bbox: 39.4574  loss_dfl: 36.2401
07/05 06:22:28 - mmengine - INFO - Epoch(train)  [2][ 900/1294]  base_lr: 1.7178e-05 lr: 1.7178e-05  eta: 3:58:30  time: 1.0677  data_time: 0.0056  memory: 27017  grad_norm: 695.4790  loss: 113.2302  loss_cls: 38.4149  loss_bbox: 38.2574  loss_dfl: 36.5580
07/05 06:23:21 - mmengine - INFO - Epoch(train)  [2][ 950/1294]  base_lr: 1.7114e-05 lr: 1.7114e-05  eta: 3:57:37  time: 1.0752  data_time: 0.0056  memory: 27177  grad_norm: 770.5320  loss: 113.6393  loss_cls: 38.6484  loss_bbox: 38.8330  loss_dfl: 36.1580
07/05 06:24:15 - mmengine - INFO - Epoch(train)  [2][1000/1294]  base_lr: 1.7049e-05 lr: 1.7049e-05  eta: 3:56:42  time: 1.0694  data_time: 0.0055  memory: 27091  grad_norm: 701.7999  loss: 111.4828  loss_cls: 37.3952  loss_bbox: 38.2041  loss_dfl: 35.8836
07/05 06:25:09 - mmengine - INFO - Epoch(train)  [2][1050/1294]  base_lr: 1.6985e-05 lr: 1.6985e-05  eta: 3:55:50  time: 1.0782  data_time: 0.0055  memory: 27071  grad_norm: 704.0913  loss: 113.8494  loss_cls: 39.2602  loss_bbox: 38.6732  loss_dfl: 35.9160
07/05 06:26:03 - mmengine - INFO - Epoch(train)  [2][1100/1294]  base_lr: 1.6921e-05 lr: 1.6921e-05  eta: 3:54:57  time: 1.0779  data_time: 0.0056  memory: 27084  grad_norm: 712.0544  loss: 112.5654  loss_cls: 37.8505  loss_bbox: 38.7201  loss_dfl: 35.9947
07/05 06:26:56 - mmengine - INFO - Epoch(train)  [2][1150/1294]  base_lr: 1.6856e-05 lr: 1.6856e-05  eta: 3:54:03  time: 1.0701  data_time: 0.0056  memory: 27138  grad_norm: 696.4285  loss: 113.9848  loss_cls: 39.6157  loss_bbox: 38.7445  loss_dfl: 35.6247
07/05 06:27:50 - mmengine - INFO - Epoch(train)  [2][1200/1294]  base_lr: 1.6792e-05 lr: 1.6792e-05  eta: 3:53:10  time: 1.0750  data_time: 0.0055  memory: 27157  grad_norm: 735.3157  loss: 110.7958  loss_cls: 38.5837  loss_bbox: 36.6780  loss_dfl: 35.5341
07/05 06:28:44 - mmengine - INFO - Epoch(train)  [2][1250/1294]  base_lr: 1.6728e-05 lr: 1.6728e-05  eta: 3:52:17  time: 1.0759  data_time: 0.0056  memory: 27051  grad_norm: 686.3467  loss: 113.7396  loss_cls: 38.2039  loss_bbox: 38.8908  loss_dfl: 36.6449
07/05 06:29:30 - mmengine - INFO - Exp name: wedetect_v11dt_3stage_s3_20260705_054251
07/05 06:29:30 - mmengine - INFO - Saving checkpoint at 2 epochs
07/05 06:29:39 - mmengine - INFO - Epoch(val)  [2][  50/2587]    eta: 0:02:49  time: 0.0667  data_time: 0.0210  memory: 27264  
07/05 06:29:42 - mmengine - INFO - Epoch(val)  [2][ 100/2587]    eta: 0:02:22  time: 0.0479  data_time: 0.0033  memory: 3481  
07/05 06:29:44 - mmengine - INFO - Epoch(val)  [2][ 150/2587]    eta: 0:02:09  time: 0.0452  data_time: 0.0003  memory: 3481  
07/05 06:29:48 - mmengine - INFO - Epoch(val)  [2][ 200/2587]    eta: 0:02:25  time: 0.0840  data_time: 0.0398  memory: 3481  
07/05 06:29:50 - mmengine - INFO - Epoch(val)  [2][ 250/2587]    eta: 0:02:14  time: 0.0449  data_time: 0.0002  memory: 3481  
07/05 06:29:53 - mmengine - INFO - Epoch(val)  [2][ 300/2587]    eta: 0:02:07  time: 0.0449  data_time: 0.0002  memory: 3481  
07/05 06:29:55 - mmengine - INFO - Epoch(val)  [2][ 350/2587]    eta: 0:02:00  time: 0.0448  data_time: 0.0002  memory: 3481  
07/05 06:29:57 - mmengine - INFO - Epoch(val)  [2][ 400/2587]    eta: 0:01:55  time: 0.0452  data_time: 0.0003  memory: 3481  
07/05 06:29:59 - mmengine - INFO - Epoch(val)  [2][ 450/2587]    eta: 0:01:51  time: 0.0453  data_time: 0.0003  memory: 3481  
07/05 06:30:02 - mmengine - INFO - Epoch(val)  [2][ 500/2587]    eta: 0:01:47  time: 0.0455  data_time: 0.0003  memory: 3481  
07/05 06:30:04 - mmengine - INFO - Epoch(val)  [2][ 550/2587]    eta: 0:01:43  time: 0.0451  data_time: 0.0003  memory: 3481  
07/05 06:30:06 - mmengine - INFO - Epoch(val)  [2][ 600/2587]    eta: 0:01:40  time: 0.0451  data_time: 0.0002  memory: 3481  
07/05 06:30:08 - mmengine - INFO - Epoch(val)  [2][ 650/2587]    eta: 0:01:36  time: 0.0452  data_time: 0.0002  memory: 3481  
07/05 06:30:11 - mmengine - INFO - Epoch(val)  [2][ 700/2587]    eta: 0:01:33  time: 0.0453  data_time: 0.0002  memory: 3481  
07/05 06:30:13 - mmengine - INFO - Epoch(val)  [2][ 750/2587]    eta: 0:01:30  time: 0.0451  data_time: 0.0002  memory: 3481  
07/05 06:30:15 - mmengine - INFO - Epoch(val)  [2][ 800/2587]    eta: 0:01:28  time: 0.0508  data_time: 0.0002  memory: 3481  
07/05 06:30:18 - mmengine - INFO - Epoch(val)  [2][ 850/2587]    eta: 0:01:25  time: 0.0450  data_time: 0.0002  memory: 3481  
07/05 06:30:20 - mmengine - INFO - Epoch(val)  [2][ 900/2587]    eta: 0:01:22  time: 0.0449  data_time: 0.0002  memory: 3481  
07/05 06:30:22 - mmengine - INFO - Epoch(val)  [2][ 950/2587]    eta: 0:01:19  time: 0.0453  data_time: 0.0002  memory: 3481  
07/05 06:30:24 - mmengine - INFO - Epoch(val)  [2][1000/2587]    eta: 0:01:17  time: 0.0452  data_time: 0.0002  memory: 3481  
07/05 06:30:27 - mmengine - INFO - Epoch(val)  [2][1050/2587]    eta: 0:01:14  time: 0.0450  data_time: 0.0002  memory: 3481  
07/05 06:30:29 - mmengine - INFO - Epoch(val)  [2][1100/2587]    eta: 0:01:11  time: 0.0450  data_time: 0.0002  memory: 3481  
07/05 06:30:31 - mmengine - INFO - Epoch(val)  [2][1150/2587]    eta: 0:01:09  time: 0.0452  data_time: 0.0002  memory: 3481  
07/05 06:30:33 - mmengine - INFO - Epoch(val)  [2][1200/2587]    eta: 0:01:06  time: 0.0450  data_time: 0.0002  memory: 3481  
07/05 06:30:36 - mmengine - INFO - Epoch(val)  [2][1250/2587]    eta: 0:01:03  time: 0.0453  data_time: 0.0002  memory: 3481  
07/05 06:30:38 - mmengine - INFO - Epoch(val)  [2][1300/2587]    eta: 0:01:01  time: 0.0451  data_time: 0.0002  memory: 3481  
07/05 06:30:40 - mmengine - INFO - Epoch(val)  [2][1350/2587]    eta: 0:00:58  time: 0.0456  data_time: 0.0003  memory: 3481  
07/05 06:30:43 - mmengine - INFO - Epoch(val)  [2][1400/2587]    eta: 0:00:56  time: 0.0454  data_time: 0.0003  memory: 3481  
07/05 06:30:45 - mmengine - INFO - Epoch(val)  [2][1450/2587]    eta: 0:00:54  time: 0.0457  data_time: 0.0003  memory: 3481  
07/05 06:30:47 - mmengine - INFO - Epoch(val)  [2][1500/2587]    eta: 0:00:51  time: 0.0454  data_time: 0.0003  memory: 3481  
07/05 06:30:49 - mmengine - INFO - Epoch(val)  [2][1550/2587]    eta: 0:00:49  time: 0.0453  data_time: 0.0002  memory: 3481  
07/05 06:30:52 - mmengine - INFO - Epoch(val)  [2][1600/2587]    eta: 0:00:46  time: 0.0453  data_time: 0.0003  memory: 3481  
07/05 06:30:54 - mmengine - INFO - Epoch(val)  [2][1650/2587]    eta: 0:00:44  time: 0.0454  data_time: 0.0003  memory: 3481  
07/05 06:30:56 - mmengine - INFO - Epoch(val)  [2][1700/2587]    eta: 0:00:41  time: 0.0454  data_time: 0.0003  memory: 3481  
07/05 06:30:59 - mmengine - INFO - Epoch(val)  [2][1750/2587]    eta: 0:00:39  time: 0.0476  data_time: 0.0028  memory: 3481  
07/05 06:31:01 - mmengine - INFO - Epoch(val)  [2][1800/2587]    eta: 0:00:37  time: 0.0485  data_time: 0.0036  memory: 3481  
07/05 06:31:03 - mmengine - INFO - Epoch(val)  [2][1850/2587]    eta: 0:00:34  time: 0.0452  data_time: 0.0003  memory: 3481  
07/05 06:31:05 - mmengine - INFO - Epoch(val)  [2][1900/2587]    eta: 0:00:32  time: 0.0453  data_time: 0.0003  memory: 3481  
07/05 06:31:08 - mmengine - INFO - Epoch(val)  [2][1950/2587]    eta: 0:00:30  time: 0.0452  data_time: 0.0003  memory: 3481  
07/05 06:31:10 - mmengine - INFO - Epoch(val)  [2][2000/2587]    eta: 0:00:27  time: 0.0452  data_time: 0.0003  memory: 3481  
07/05 06:31:12 - mmengine - INFO - Epoch(val)  [2][2050/2587]    eta: 0:00:25  time: 0.0452  data_time: 0.0002  memory: 3481  
07/05 06:31:15 - mmengine - INFO - Epoch(val)  [2][2100/2587]    eta: 0:00:22  time: 0.0450  data_time: 0.0002  memory: 3481  
07/05 06:31:17 - mmengine - INFO - Epoch(val)  [2][2150/2587]    eta: 0:00:20  time: 0.0452  data_time: 0.0003  memory: 3481  
07/05 06:31:19 - mmengine - INFO - Epoch(val)  [2][2200/2587]    eta: 0:00:18  time: 0.0453  data_time: 0.0002  memory: 3481  
07/05 06:31:22 - mmengine - INFO - Epoch(val)  [2][2250/2587]    eta: 0:00:15  time: 0.0506  data_time: 0.0056  memory: 3481  
07/05 06:31:24 - mmengine - INFO - Epoch(val)  [2][2300/2587]    eta: 0:00:13  time: 0.0453  data_time: 0.0002  memory: 3481  
07/05 06:31:26 - mmengine - INFO - Epoch(val)  [2][2350/2587]    eta: 0:00:11  time: 0.0455  data_time: 0.0003  memory: 3481  
07/05 06:31:28 - mmengine - INFO - Epoch(val)  [2][2400/2587]    eta: 0:00:08  time: 0.0455  data_time: 0.0003  memory: 3481  
07/05 06:31:31 - mmengine - INFO - Epoch(val)  [2][2450/2587]    eta: 0:00:06  time: 0.0455  data_time: 0.0003  memory: 3481  
07/05 06:31:33 - mmengine - INFO - Epoch(val)  [2][2500/2587]    eta: 0:00:04  time: 0.0452  data_time: 0.0002  memory: 3481  
07/05 06:31:35 - mmengine - INFO - Epoch(val)  [2][2550/2587]    eta: 0:00:01  time: 0.0452  data_time: 0.0002  memory: 3481  
07/05 06:31:58 - mmengine - INFO - Evaluating bbox...
Loading and preparing results...
DONE (t=3.92s)
creating index...
index created!
Running per image evaluation...
Evaluate annotation type *bbox*
DONE (t=76.61s).
Accumulating evaluation results...
DONE (t=31.34s).
 Average Precision  (AP) @[ IoU=0.50:0.95 | area=   all | maxDets=100 ] = 0.379
 Average Precision  (AP) @[ IoU=0.50      | area=   all | maxDets=1000 ] = 0.537
 Average Precision  (AP) @[ IoU=0.75      | area=   all | maxDets=1000 ] = 0.437
 Average Precision  (AP) @[ IoU=0.50:0.95 | area= small | maxDets=1000 ] = 0.139
 Average Precision  (AP) @[ IoU=0.50:0.95 | area=medium | maxDets=1000 ] = 0.365
 Average Precision  (AP) @[ IoU=0.50:0.95 | area= large | maxDets=1000 ] = 0.413
 Average Recall     (AR) @[ IoU=0.50:0.95 | area=   all | maxDets=100 ] = 0.704
 Average Recall     (AR) @[ IoU=0.50:0.95 | area=   all | maxDets=300 ] = 0.705
 Average Recall     (AR) @[ IoU=0.50:0.95 | area=   all | maxDets=1000 ] = 0.705
 Average Recall     (AR) @[ IoU=0.50:0.95 | area= small | maxDets=1000 ] = 0.294
 Average Recall     (AR) @[ IoU=0.50:0.95 | area=medium | maxDets=1000 ] = 0.677
 Average Recall     (AR) @[ IoU=0.50:0.95 | area= large | maxDets=1000 ] = 0.762
07/05 06:33:59 - mmengine - INFO - bbox_mAP_copypaste: 0.379 0.537 0.437 0.139 0.365 0.413
07/05 06:34:01 - mmengine - INFO - Epoch(val) [2][2587/2587]    coco/bbox_mAP: 0.3790  coco/bbox_mAP_50: 0.5370  coco/bbox_mAP_75: 0.4370  coco/bbox_mAP_s: 0.1390  coco/bbox_mAP_m: 0.3650  coco/bbox_mAP_l: 0.4130  data_time: 0.0017  time: 0.0468
07/05 06:34:05 - mmengine - INFO - The best checkpoint with 0.3790 coco/bbox_mAP at 2 epoch is saved to best_coco_bbox_mAP_epoch_2.pth.
07/05 06:35:05 - mmengine - INFO - Epoch(train)  [3][  50/1294]  base_lr: 1.6607e-05 lr: 1.6607e-05  eta: 3:50:31  time: 1.0696  data_time: 0.0139  memory: 27125  grad_norm: 700.4947  loss: 112.2599  loss_cls: 38.8100  loss_bbox: 37.8650  loss_dfl: 35.5849
07/05 06:35:59 - mmengine - INFO - Epoch(train)  [3][ 100/1294]  base_lr: 1.6542e-05 lr: 1.6542e-05  eta: 3:49:36  time: 1.0693  data_time: 0.0056  memory: 26997  grad_norm: 697.4993  loss: 111.0328  loss_cls: 38.0999  loss_bbox: 37.7845  loss_dfl: 35.1483
07/05 06:36:52 - mmengine - INFO - Epoch(train)  [3][ 150/1294]  base_lr: 1.6478e-05 lr: 1.6478e-05  eta: 3:48:40  time: 1.0613  data_time: 0.0055  memory: 27164  grad_norm: 679.0856  loss: 110.2662  loss_cls: 36.7928  loss_bbox: 37.9865  loss_dfl: 35.4869
07/05 06:37:45 - mmengine - INFO - Epoch(train)  [3][ 200/1294]  base_lr: 1.6414e-05 lr: 1.6414e-05  eta: 3:47:46  time: 1.0724  data_time: 0.0055  memory: 27024  grad_norm: 704.9914  loss: 110.6183  loss_cls: 37.1279  loss_bbox: 38.2169  loss_dfl: 35.2734
07/05 06:38:38 - mmengine - INFO - Epoch(train)  [3][ 250/1294]  base_lr: 1.6349e-05 lr: 1.6349e-05  eta: 3:46:50  time: 1.0601  data_time: 0.0055  memory: 27077  grad_norm: 675.6491  loss: 109.0302  loss_cls: 36.3124  loss_bbox: 37.1764  loss_dfl: 35.5414
07/05 06:39:32 - mmengine - INFO - Epoch(train)  [3][ 300/1294]  base_lr: 1.6285e-05 lr: 1.6285e-05  eta: 3:45:57  time: 1.0773  data_time: 0.0056  memory: 27084  grad_norm: 711.4081  loss: 111.6314  loss_cls: 37.6074  loss_bbox: 38.1040  loss_dfl: 35.9200
07/05 06:40:26 - mmengine - INFO - Epoch(train)  [3][ 350/1294]  base_lr: 1.6221e-05 lr: 1.6221e-05  eta: 3:45:06  time: 1.0830  data_time: 0.0055  memory: 27284  grad_norm: 711.9621  loss: 112.4825  loss_cls: 38.7156  loss_bbox: 38.2460  loss_dfl: 35.5209
07/05 06:41:19 - mmengine - INFO - Epoch(train)  [3][ 400/1294]  base_lr: 1.6156e-05 lr: 1.6156e-05  eta: 3:44:10  time: 1.0623  data_time: 0.0055  memory: 26971  grad_norm: 682.9127  loss: 110.2739  loss_cls: 38.2758  loss_bbox: 36.7267  loss_dfl: 35.2714
07/05 06:41:32 - mmengine - INFO - Exp name: wedetect_v11dt_3stage_s3_20260705_054251
07/05 06:42:13 - mmengine - INFO - Epoch(train)  [3][ 450/1294]  base_lr: 1.6092e-05 lr: 1.6092e-05  eta: 3:43:17  time: 1.0751  data_time: 0.0054  memory: 27384  grad_norm: 702.8955  loss: 113.3312  loss_cls: 38.0103  loss_bbox: 38.7791  loss_dfl: 36.5418
07/05 06:43:07 - mmengine - INFO - Epoch(train)  [3][ 500/1294]  base_lr: 1.6028e-05 lr: 1.6028e-05  eta: 3:42:22  time: 1.0696  data_time: 0.0055  memory: 27091  grad_norm: 668.0315  loss: 111.6595  loss_cls: 37.1120  loss_bbox: 38.4733  loss_dfl: 36.0742
07/05 06:44:00 - mmengine - INFO - Epoch(train)  [3][ 550/1294]  base_lr: 1.5963e-05 lr: 1.5963e-05  eta: 3:41:29  time: 1.0725  data_time: 0.0055  memory: 27257  grad_norm: 715.7623  loss: 113.1840  loss_cls: 38.3106  loss_bbox: 39.0202  loss_dfl: 35.8532
07/05 06:44:54 - mmengine - INFO - Epoch(train)  [3][ 600/1294]  base_lr: 1.5899e-05 lr: 1.5899e-05  eta: 3:40:37  time: 1.0839  data_time: 0.0056  memory: 27244  grad_norm: 692.7938  loss: 110.4919  loss_cls: 37.5677  loss_bbox: 37.1172  loss_dfl: 35.8070
07/05 06:45:48 - mmengine - INFO - Epoch(train)  [3][ 650/1294]  base_lr: 1.5835e-05 lr: 1.5835e-05  eta: 3:39:42  time: 1.0626  data_time: 0.0055  memory: 27118  grad_norm: 682.1079  loss: 110.0272  loss_cls: 36.6808  loss_bbox: 37.1146  loss_dfl: 36.2318
07/05 06:46:41 - mmengine - INFO - Epoch(train)  [3][ 700/1294]  base_lr: 1.5770e-05 lr: 1.5770e-05  eta: 3:38:49  time: 1.0753  data_time: 0.0055  memory: 27064  grad_norm: 701.8845  loss: 112.3270  loss_cls: 37.9173  loss_bbox: 38.0777  loss_dfl: 36.3320
07/05 06:47:35 - mmengine - INFO - Epoch(train)  [3][ 750/1294]  base_lr: 1.5706e-05 lr: 1.5706e-05  eta: 3:37:56  time: 1.0777  data_time: 0.0055  memory: 27091  grad_norm: 800.3848  loss: 114.0536  loss_cls: 38.7432  loss_bbox: 38.5726  loss_dfl: 36.7379
07/05 06:48:28 - mmengine - INFO - Epoch(train)  [3][ 800/1294]  base_lr: 1.5642e-05 lr: 1.5642e-05  eta: 3:37:01  time: 1.0641  data_time: 0.0055  memory: 27184  grad_norm: 715.2621  loss: 113.6861  loss_cls: 38.5943  loss_bbox: 38.4769  loss_dfl: 36.6149
07/05 06:49:23 - mmengine - INFO - Epoch(train)  [3][ 850/1294]  base_lr: 1.5577e-05 lr: 1.5577e-05  eta: 3:36:09  time: 1.0853  data_time: 0.0054  memory: 27084  grad_norm: 672.5493  loss: 110.1797  loss_cls: 36.0556  loss_bbox: 38.3033  loss_dfl: 35.8207
07/05 06:50:16 - mmengine - INFO - Epoch(train)  [3][ 900/1294]  base_lr: 1.5513e-05 lr: 1.5513e-05  eta: 3:35:16  time: 1.0744  data_time: 0.0054  memory: 27037  grad_norm: 671.2946  loss: 111.6883  loss_cls: 36.9416  loss_bbox: 38.0864  loss_dfl: 36.6604
07/05 06:51:10 - mmengine - INFO - Epoch(train)  [3][ 950/1294]  base_lr: 1.5449e-05 lr: 1.5449e-05  eta: 3:34:21  time: 1.0672  data_time: 0.0055  memory: 27131  grad_norm: 702.5353  loss: 112.2692  loss_cls: 38.0597  loss_bbox: 38.1164  loss_dfl: 36.0931
07/05 06:52:04 - mmengine - INFO - Epoch(train)  [3][1000/1294]  base_lr: 1.5384e-05 lr: 1.5384e-05  eta: 3:33:29  time: 1.0802  data_time: 0.0055  memory: 27125  grad_norm: 695.8542  loss: 108.8005  loss_cls: 36.1303  loss_bbox: 36.9522  loss_dfl: 35.7180
07/05 06:52:57 - mmengine - INFO - Epoch(train)  [3][1050/1294]  base_lr: 1.5320e-05 lr: 1.5320e-05  eta: 3:32:35  time: 1.0710  data_time: 0.0055  memory: 27024  grad_norm: 727.8548  loss: 111.4275  loss_cls: 38.6382  loss_bbox: 37.3221  loss_dfl: 35.4672
07/05 06:53:51 - mmengine - INFO - Epoch(train)  [3][1100/1294]  base_lr: 1.5256e-05 lr: 1.5256e-05  eta: 3:31:42  time: 1.0791  data_time: 0.0055  memory: 27138  grad_norm: 706.1475  loss: 112.3708  loss_cls: 37.8129  loss_bbox: 38.5937  loss_dfl: 35.9642
07/05 06:54:45 - mmengine - INFO - Epoch(train)  [3][1150/1294]  base_lr: 1.5191e-05 lr: 1.5191e-05  eta: 3:30:49  time: 1.0762  data_time: 0.0056  memory: 27024  grad_norm: 673.7032  loss: 109.3176  loss_cls: 36.7850  loss_bbox: 37.2419  loss_dfl: 35.2907
07/05 06:55:38 - mmengine - INFO - Epoch(train)  [3][1200/1294]  base_lr: 1.5127e-05 lr: 1.5127e-05  eta: 3:29:54  time: 1.0650  data_time: 0.0055  memory: 27077  grad_norm: 730.8215  loss: 111.9961  loss_cls: 37.4239  loss_bbox: 38.5293  loss_dfl: 36.0429
07/05 06:56:32 - mmengine - INFO - Epoch(train)  [3][1250/1294]  base_lr: 1.5063e-05 lr: 1.5063e-05  eta: 3:29:02  time: 1.0798  data_time: 0.0055  memory: 27138  grad_norm: 697.5211  loss: 111.0892  loss_cls: 37.4271  loss_bbox: 37.9319  loss_dfl: 35.7301
07/05 06:57:19 - mmengine - INFO - Exp name: wedetect_v11dt_3stage_s3_20260705_054251
07/05 06:57:19 - mmengine - INFO - Saving checkpoint at 3 epochs
07/05 06:58:19 - mmengine - INFO - Epoch(train)  [4][  50/1294]  base_lr: 1.4942e-05 lr: 1.4942e-05  eta: 3:27:20  time: 1.0826  data_time: 0.0183  memory: 27217  grad_norm: 672.0782  loss: 109.0014  loss_cls: 35.8539  loss_bbox: 37.7571  loss_dfl: 35.3904
07/05 06:59:12 - mmengine - INFO - Epoch(train)  [4][ 100/1294]  base_lr: 1.4877e-05 lr: 1.4877e-05  eta: 3:26:27  time: 1.0747  data_time: 0.0056  memory: 27011  grad_norm: 670.5741  loss: 109.4135  loss_cls: 36.0672  loss_bbox: 37.9434  loss_dfl: 35.4028
07/05 06:59:32 - mmengine - INFO - Exp name: wedetect_v11dt_3stage_s3_20260705_054251
07/05 07:00:06 - mmengine - INFO - Epoch(train)  [4][ 150/1294]  base_lr: 1.4813e-05 lr: 1.4813e-05  eta: 3:25:32  time: 1.0637  data_time: 0.0056  memory: 27317  grad_norm: 659.0328  loss: 108.5931  loss_cls: 35.1886  loss_bbox: 37.6007  loss_dfl: 35.8037
07/05 07:01:00 - mmengine - INFO - Epoch(train)  [4][ 200/1294]  base_lr: 1.4749e-05 lr: 1.4749e-05  eta: 3:24:40  time: 1.0841  data_time: 0.0056  memory: 27157  grad_norm: 689.9107  loss: 109.3388  loss_cls: 36.6138  loss_bbox: 37.0463  loss_dfl: 35.6787
07/05 07:01:54 - mmengine - INFO - Epoch(train)  [4][ 250/1294]  base_lr: 1.4684e-05 lr: 1.4684e-05  eta: 3:23:47  time: 1.0790  data_time: 0.0056  memory: 27037  grad_norm: 721.8193  loss: 109.1365  loss_cls: 36.0838  loss_bbox: 37.3324  loss_dfl: 35.7203
07/05 07:02:47 - mmengine - INFO - Epoch(train)  [4][ 300/1294]  base_lr: 1.4620e-05 lr: 1.4620e-05  eta: 3:22:52  time: 1.0642  data_time: 0.0058  memory: 27431  grad_norm: 657.5025  loss: 109.7988  loss_cls: 35.6792  loss_bbox: 38.2778  loss_dfl: 35.8419
07/05 07:03:41 - mmengine - INFO - Epoch(train)  [4][ 350/1294]  base_lr: 1.4556e-05 lr: 1.4556e-05  eta: 3:21:59  time: 1.0775  data_time: 0.0055  memory: 27217  grad_norm: 647.9701  loss: 109.0891  loss_cls: 36.3890  loss_bbox: 36.9847  loss_dfl: 35.7155
07/05 07:04:34 - mmengine - INFO - Epoch(train)  [4][ 400/1294]  base_lr: 1.4491e-05 lr: 1.4491e-05  eta: 3:21:05  time: 1.0702  data_time: 0.0056  memory: 27271  grad_norm: 640.8036  loss: 108.7746  loss_cls: 35.6902  loss_bbox: 37.7929  loss_dfl: 35.2915
07/05 07:05:28 - mmengine - INFO - Epoch(train)  [4][ 450/1294]  base_lr: 1.4427e-05 lr: 1.4427e-05  eta: 3:20:12  time: 1.0782  data_time: 0.0055  memory: 27171  grad_norm: 684.4933  loss: 110.0600  loss_cls: 36.1161  loss_bbox: 38.0623  loss_dfl: 35.8816
07/05 07:06:22 - mmengine - INFO - Epoch(train)  [4][ 500/1294]  base_lr: 1.4363e-05 lr: 1.4363e-05  eta: 3:19:20  time: 1.0818  data_time: 0.0056  memory: 27204  grad_norm: 731.6679  loss: 111.2420  loss_cls: 37.0900  loss_bbox: 38.2747  loss_dfl: 35.8773
07/05 07:07:16 - mmengine - INFO - Epoch(train)  [4][ 550/1294]  base_lr: 1.4298e-05 lr: 1.4298e-05  eta: 3:18:25  time: 1.0659  data_time: 0.0055  memory: 27144  grad_norm: 674.7821  loss: 110.3783  loss_cls: 36.1401  loss_bbox: 38.5813  loss_dfl: 35.6569
07/05 07:08:10 - mmengine - INFO - Epoch(train)  [4][ 600/1294]  base_lr: 1.4234e-05 lr: 1.4234e-05  eta: 3:17:32  time: 1.0781  data_time: 0.0054  memory: 27051  grad_norm: 686.3299  loss: 108.6127  loss_cls: 36.1304  loss_bbox: 37.1251  loss_dfl: 35.3573
07/05 07:09:04 - mmengine - INFO - Epoch(train)  [4][ 650/1294]  base_lr: 1.4170e-05 lr: 1.4170e-05  eta: 3:16:40  time: 1.0870  data_time: 0.0055  memory: 27064  grad_norm: 624.3294  loss: 107.3603  loss_cls: 35.4778  loss_bbox: 36.6829  loss_dfl: 35.1995
07/05 07:09:57 - mmengine - INFO - Epoch(train)  [4][ 700/1294]  base_lr: 1.4105e-05 lr: 1.4105e-05  eta: 3:15:46  time: 1.0659  data_time: 0.0054  memory: 27118  grad_norm: 682.9977  loss: 108.4452  loss_cls: 35.2273  loss_bbox: 37.7711  loss_dfl: 35.4468
07/05 07:10:51 - mmengine - INFO - Epoch(train)  [4][ 750/1294]  base_lr: 1.4041e-05 lr: 1.4041e-05  eta: 3:14:53  time: 1.0818  data_time: 0.0055  memory: 27197  grad_norm: 676.1209  loss: 108.0636  loss_cls: 35.2273  loss_bbox: 37.4836  loss_dfl: 35.3527
07/05 07:11:45 - mmengine - INFO - Epoch(train)  [4][ 800/1294]  base_lr: 1.3977e-05 lr: 1.3977e-05  eta: 3:13:59  time: 1.0688  data_time: 0.0055  memory: 27204  grad_norm: 678.0613  loss: 109.3487  loss_cls: 35.5809  loss_bbox: 37.6974  loss_dfl: 36.0704
07/05 07:12:38 - mmengine - INFO - Epoch(train)  [4][ 850/1294]  base_lr: 1.3912e-05 lr: 1.3912e-05  eta: 3:13:06  time: 1.0756  data_time: 0.0056  memory: 27297  grad_norm: 685.1493  loss: 107.9500  loss_cls: 35.0633  loss_bbox: 37.0321  loss_dfl: 35.8546
07/05 07:13:33 - mmengine - INFO - Epoch(train)  [4][ 900/1294]  base_lr: 1.3848e-05 lr: 1.3848e-05  eta: 3:12:13  time: 1.0859  data_time: 0.0055  memory: 27097  grad_norm: 695.3419  loss: 110.0351  loss_cls: 36.5122  loss_bbox: 37.6739  loss_dfl: 35.8490
07/05 07:14:26 - mmengine - INFO - Epoch(train)  [4][ 950/1294]  base_lr: 1.3784e-05 lr: 1.3784e-05  eta: 3:11:19  time: 1.0652  data_time: 0.0055  memory: 27077  grad_norm: 681.5829  loss: 113.1301  loss_cls: 38.1731  loss_bbox: 38.4456  loss_dfl: 36.5114
07/05 07:15:20 - mmengine - INFO - Epoch(train)  [4][1000/1294]  base_lr: 1.3719e-05 lr: 1.3719e-05  eta: 3:10:26  time: 1.0792  data_time: 0.0056  memory: 27057  grad_norm: 613.3299  loss: 108.2296  loss_cls: 35.3605  loss_bbox: 37.1349  loss_dfl: 35.7342
07/05 07:16:14 - mmengine - INFO - Epoch(train)  [4][1050/1294]  base_lr: 1.3655e-05 lr: 1.3655e-05  eta: 3:09:33  time: 1.0794  data_time: 0.0056  memory: 27324  grad_norm: 664.9271  loss: 107.7959  loss_cls: 35.0962  loss_bbox: 37.5099  loss_dfl: 35.1898
07/05 07:17:07 - mmengine - INFO - Epoch(train)  [4][1100/1294]  base_lr: 1.3590e-05 lr: 1.3590e-05  eta: 3:08:38  time: 1.0652  data_time: 0.0054  memory: 27197  grad_norm: 691.6798  loss: 108.1136  loss_cls: 35.6794  loss_bbox: 36.9409  loss_dfl: 35.4934
07/05 07:17:27 - mmengine - INFO - Exp name: wedetect_v11dt_3stage_s3_20260705_054251
07/05 07:18:02 - mmengine - INFO - Epoch(train)  [4][1150/1294]  base_lr: 1.3526e-05 lr: 1.3526e-05  eta: 3:07:46  time: 1.0864  data_time: 0.0056  memory: 27017  grad_norm: 657.8772  loss: 108.5328  loss_cls: 36.1098  loss_bbox: 37.0390  loss_dfl: 35.3840
07/05 07:18:55 - mmengine - INFO - Epoch(train)  [4][1200/1294]  base_lr: 1.3462e-05 lr: 1.3462e-05  eta: 3:06:52  time: 1.0681  data_time: 0.0056  memory: 27157  grad_norm: 639.9114  loss: 107.1562  loss_cls: 34.3764  loss_bbox: 37.3711  loss_dfl: 35.4087
07/05 07:19:49 - mmengine - INFO - Epoch(train)  [4][1250/1294]  base_lr: 1.3397e-05 lr: 1.3397e-05  eta: 3:05:58  time: 1.0750  data_time: 0.0056  memory: 27157  grad_norm: 654.6580  loss: 106.6733  loss_cls: 34.4498  loss_bbox: 37.0434  loss_dfl: 35.1800
07/05 07:20:35 - mmengine - INFO - Exp name: wedetect_v11dt_3stage_s3_20260705_054251
07/05 07:20:35 - mmengine - INFO - Saving checkpoint at 4 epochs
07/05 07:20:44 - mmengine - INFO - Epoch(val)  [4][  50/2587]    eta: 0:02:42  time: 0.0639  data_time: 0.0196  memory: 27151  
07/05 07:20:47 - mmengine - INFO - Epoch(val)  [4][ 100/2587]    eta: 0:02:20  time: 0.0494  data_time: 0.0047  memory: 3481  
07/05 07:20:49 - mmengine - INFO - Epoch(val)  [4][ 150/2587]    eta: 0:02:08  time: 0.0452  data_time: 0.0003  memory: 3481  
07/05 07:20:53 - mmengine - INFO - Epoch(val)  [4][ 200/2587]    eta: 0:02:23  time: 0.0823  data_time: 0.0389  memory: 3481  
07/05 07:20:56 - mmengine - INFO - Epoch(val)  [4][ 250/2587]    eta: 0:02:13  time: 0.0449  data_time: 0.0002  memory: 3481  
07/05 07:20:58 - mmengine - INFO - Epoch(val)  [4][ 300/2587]    eta: 0:02:05  time: 0.0449  data_time: 0.0002  memory: 3481  
07/05 07:21:00 - mmengine - INFO - Epoch(val)  [4][ 350/2587]    eta: 0:01:59  time: 0.0449  data_time: 0.0002  memory: 3481  
07/05 07:21:02 - mmengine - INFO - Epoch(val)  [4][ 400/2587]    eta: 0:01:54  time: 0.0450  data_time: 0.0002  memory: 3481  
07/05 07:21:05 - mmengine - INFO - Epoch(val)  [4][ 450/2587]    eta: 0:01:50  time: 0.0450  data_time: 0.0002  memory: 3481  
07/05 07:21:07 - mmengine - INFO - Epoch(val)  [4][ 500/2587]    eta: 0:01:46  time: 0.0450  data_time: 0.0002  memory: 3481  
07/05 07:21:09 - mmengine - INFO - Epoch(val)  [4][ 550/2587]    eta: 0:01:42  time: 0.0450  data_time: 0.0002  memory: 3481  
07/05 07:21:11 - mmengine - INFO - Epoch(val)  [4][ 600/2587]    eta: 0:01:39  time: 0.0451  data_time: 0.0002  memory: 3481  
07/05 07:21:14 - mmengine - INFO - Epoch(val)  [4][ 650/2587]    eta: 0:01:36  time: 0.0450  data_time: 0.0002  memory: 3481  
07/05 07:21:16 - mmengine - INFO - Epoch(val)  [4][ 700/2587]    eta: 0:01:33  time: 0.0450  data_time: 0.0002  memory: 3481  
07/05 07:21:18 - mmengine - INFO - Epoch(val)  [4][ 750/2587]    eta: 0:01:30  time: 0.0450  data_time: 0.0002  memory: 3481  
07/05 07:21:20 - mmengine - INFO - Epoch(val)  [4][ 800/2587]    eta: 0:01:27  time: 0.0450  data_time: 0.0002  memory: 3481  
07/05 07:21:23 - mmengine - INFO - Epoch(val)  [4][ 850/2587]    eta: 0:01:24  time: 0.0451  data_time: 0.0002  memory: 3481  
07/05 07:21:25 - mmengine - INFO - Epoch(val)  [4][ 900/2587]    eta: 0:01:21  time: 0.0451  data_time: 0.0002  memory: 3481  
07/05 07:21:27 - mmengine - INFO - Epoch(val)  [4][ 950/2587]    eta: 0:01:18  time: 0.0451  data_time: 0.0002  memory: 3481  
07/05 07:21:29 - mmengine - INFO - Epoch(val)  [4][1000/2587]    eta: 0:01:16  time: 0.0451  data_time: 0.0002  memory: 3481  
07/05 07:21:32 - mmengine - INFO - Epoch(val)  [4][1050/2587]    eta: 0:01:13  time: 0.0451  data_time: 0.0002  memory: 3481  
07/05 07:21:34 - mmengine - INFO - Epoch(val)  [4][1100/2587]    eta: 0:01:11  time: 0.0452  data_time: 0.0002  memory: 3481  
07/05 07:21:36 - mmengine - INFO - Epoch(val)  [4][1150/2587]    eta: 0:01:08  time: 0.0452  data_time: 0.0002  memory: 3481  
07/05 07:21:38 - mmengine - INFO - Epoch(val)  [4][1200/2587]    eta: 0:01:05  time: 0.0451  data_time: 0.0002  memory: 3481  
07/05 07:21:41 - mmengine - INFO - Epoch(val)  [4][1250/2587]    eta: 0:01:03  time: 0.0453  data_time: 0.0002  memory: 3481  
07/05 07:21:43 - mmengine - INFO - Epoch(val)  [4][1300/2587]    eta: 0:01:00  time: 0.0452  data_time: 0.0002  memory: 3481  
07/05 07:21:45 - mmengine - INFO - Epoch(val)  [4][1350/2587]    eta: 0:00:58  time: 0.0455  data_time: 0.0003  memory: 3481  
07/05 07:21:47 - mmengine - INFO - Epoch(val)  [4][1400/2587]    eta: 0:00:56  time: 0.0454  data_time: 0.0003  memory: 3481  
07/05 07:21:50 - mmengine - INFO - Epoch(val)  [4][1450/2587]    eta: 0:00:53  time: 0.0455  data_time: 0.0003  memory: 3481  
07/05 07:21:52 - mmengine - INFO - Epoch(val)  [4][1500/2587]    eta: 0:00:51  time: 0.0455  data_time: 0.0003  memory: 3481  
07/05 07:21:55 - mmengine - INFO - Epoch(val)  [4][1550/2587]    eta: 0:00:49  time: 0.0516  data_time: 0.0003  memory: 3481  
07/05 07:21:57 - mmengine - INFO - Epoch(val)  [4][1600/2587]    eta: 0:00:46  time: 0.0458  data_time: 0.0003  memory: 3481  
07/05 07:21:59 - mmengine - INFO - Epoch(val)  [4][1650/2587]    eta: 0:00:44  time: 0.0454  data_time: 0.0003  memory: 3481  
07/05 07:22:01 - mmengine - INFO - Epoch(val)  [4][1700/2587]    eta: 0:00:41  time: 0.0451  data_time: 0.0002  memory: 3481  
07/05 07:22:04 - mmengine - INFO - Epoch(val)  [4][1750/2587]    eta: 0:00:39  time: 0.0474  data_time: 0.0026  memory: 3481  
07/05 07:22:06 - mmengine - INFO - Epoch(val)  [4][1800/2587]    eta: 0:00:37  time: 0.0486  data_time: 0.0040  memory: 3481  
07/05 07:22:08 - mmengine - INFO - Epoch(val)  [4][1850/2587]    eta: 0:00:34  time: 0.0451  data_time: 0.0002  memory: 3481  
07/05 07:22:11 - mmengine - INFO - Epoch(val)  [4][1900/2587]    eta: 0:00:32  time: 0.0452  data_time: 0.0003  memory: 3481  
07/05 07:22:13 - mmengine - INFO - Epoch(val)  [4][1950/2587]    eta: 0:00:29  time: 0.0452  data_time: 0.0003  memory: 3481  
07/05 07:22:15 - mmengine - INFO - Epoch(val)  [4][2000/2587]    eta: 0:00:27  time: 0.0451  data_time: 0.0002  memory: 3481  
07/05 07:22:17 - mmengine - INFO - Epoch(val)  [4][2050/2587]    eta: 0:00:25  time: 0.0451  data_time: 0.0002  memory: 3481  
07/05 07:22:20 - mmengine - INFO - Epoch(val)  [4][2100/2587]    eta: 0:00:22  time: 0.0451  data_time: 0.0002  memory: 3481  
07/05 07:22:22 - mmengine - INFO - Epoch(val)  [4][2150/2587]    eta: 0:00:20  time: 0.0452  data_time: 0.0002  memory: 3481  
07/05 07:22:24 - mmengine - INFO - Epoch(val)  [4][2200/2587]    eta: 0:00:18  time: 0.0452  data_time: 0.0003  memory: 3481  
07/05 07:22:27 - mmengine - INFO - Epoch(val)  [4][2250/2587]    eta: 0:00:15  time: 0.0510  data_time: 0.0063  memory: 3481  
07/05 07:22:29 - mmengine - INFO - Epoch(val)  [4][2300/2587]    eta: 0:00:13  time: 0.0452  data_time: 0.0003  memory: 3481  
07/05 07:22:31 - mmengine - INFO - Epoch(val)  [4][2350/2587]    eta: 0:00:11  time: 0.0452  data_time: 0.0002  memory: 3481  
07/05 07:22:34 - mmengine - INFO - Epoch(val)  [4][2400/2587]    eta: 0:00:08  time: 0.0454  data_time: 0.0003  memory: 3481  
07/05 07:22:36 - mmengine - INFO - Epoch(val)  [4][2450/2587]    eta: 0:00:06  time: 0.0451  data_time: 0.0002  memory: 3481  
07/05 07:22:38 - mmengine - INFO - Epoch(val)  [4][2500/2587]    eta: 0:00:04  time: 0.0453  data_time: 0.0003  memory: 3481  
07/05 07:22:40 - mmengine - INFO - Epoch(val)  [4][2550/2587]    eta: 0:00:01  time: 0.0451  data_time: 0.0002  memory: 3481  
07/05 07:23:00 - mmengine - INFO - Evaluating bbox...
Loading and preparing results...
DONE (t=4.26s)
creating index...
index created!
Running per image evaluation...
Evaluate annotation type *bbox*
DONE (t=67.73s).
Accumulating evaluation results...
DONE (t=25.96s).
 Average Precision  (AP) @[ IoU=0.50:0.95 | area=   all | maxDets=100 ] = 0.402
 Average Precision  (AP) @[ IoU=0.50      | area=   all | maxDets=1000 ] = 0.568
 Average Precision  (AP) @[ IoU=0.75      | area=   all | maxDets=1000 ] = 0.465
 Average Precision  (AP) @[ IoU=0.50:0.95 | area= small | maxDets=1000 ] = 0.155
 Average Precision  (AP) @[ IoU=0.50:0.95 | area=medium | maxDets=1000 ] = 0.380
 Average Precision  (AP) @[ IoU=0.50:0.95 | area= large | maxDets=1000 ] = 0.453
 Average Recall     (AR) @[ IoU=0.50:0.95 | area=   all | maxDets=100 ] = 0.706
 Average Recall     (AR) @[ IoU=0.50:0.95 | area=   all | maxDets=300 ] = 0.707
 Average Recall     (AR) @[ IoU=0.50:0.95 | area=   all | maxDets=1000 ] = 0.707
 Average Recall     (AR) @[ IoU=0.50:0.95 | area= small | maxDets=1000 ] = 0.291
 Average Recall     (AR) @[ IoU=0.50:0.95 | area=medium | maxDets=1000 ] = 0.675
 Average Recall     (AR) @[ IoU=0.50:0.95 | area= large | maxDets=1000 ] = 0.770
07/05 07:24:45 - mmengine - INFO - bbox_mAP_copypaste: 0.402 0.568 0.465 0.155 0.380 0.453
07/05 07:24:47 - mmengine - INFO - Epoch(val) [4][2587/2587]    coco/bbox_mAP: 0.4020  coco/bbox_mAP_50: 0.5680  coco/bbox_mAP_75: 0.4650  coco/bbox_mAP_s: 0.1550  coco/bbox_mAP_m: 0.3800  coco/bbox_mAP_l: 0.4530  data_time: 0.0017  time: 0.0467
07/05 07:24:47 - mmengine - INFO - The previous best checkpoint /home/siyuan/projects/LLMs/OralDetect-Family/WeDetect_repro/WeDetect/work_dirs/v11dt3stage_s3/best_coco_bbox_mAP_epoch_2.pth is removed
07/05 07:24:50 - mmengine - INFO - The best checkpoint with 0.4020 coco/bbox_mAP at 4 epoch is saved to best_coco_bbox_mAP_epoch_4.pth.
07/05 07:25:50 - mmengine - INFO - Epoch(train)  [5][  50/1294]  base_lr: 1.3277e-05 lr: 1.3277e-05  eta: 3:04:16  time: 1.0674  data_time: 0.0244  memory: 27064  grad_norm: 705.6201  loss: 107.5238  loss_cls: 35.2729  loss_bbox: 36.8214  loss_dfl: 35.4295
07/05 07:26:43 - mmengine - INFO - Epoch(train)  [5][ 100/1294]  base_lr: 1.3212e-05 lr: 1.3212e-05  eta: 3:03:22  time: 1.0676  data_time: 0.0055  memory: 27097  grad_norm: 692.2047  loss: 106.4804  loss_cls: 34.1709  loss_bbox: 37.2049  loss_dfl: 35.1046
07/05 07:27:37 - mmengine - INFO - Epoch(train)  [5][ 150/1294]  base_lr: 1.3148e-05 lr: 1.3148e-05  eta: 3:02:28  time: 1.0776  data_time: 0.0057  memory: 27057  grad_norm: 718.8002  loss: 109.2772  loss_cls: 36.0848  loss_bbox: 37.4484  loss_dfl: 35.7440
07/05 07:28:30 - mmengine - INFO - Epoch(train)  [5][ 200/1294]  base_lr: 1.3083e-05 lr: 1.3083e-05  eta: 3:01:33  time: 1.0590  data_time: 0.0057  memory: 27291  grad_norm: 754.5501  loss: 109.1225  loss_cls: 36.3054  loss_bbox: 37.2262  loss_dfl: 35.5909
07/05 07:29:24 - mmengine - INFO - Epoch(train)  [5][ 250/1294]  base_lr: 1.3019e-05 lr: 1.3019e-05  eta: 3:00:40  time: 1.0764  data_time: 0.0055  memory: 27017  grad_norm: 714.2450  loss: 110.2983  loss_cls: 35.7669  loss_bbox: 38.2556  loss_dfl: 36.2759
07/05 07:30:17 - mmengine - INFO - Epoch(train)  [5][ 300/1294]  base_lr: 1.2955e-05 lr: 1.2955e-05  eta: 2:59:45  time: 1.0637  data_time: 0.0055  memory: 27004  grad_norm: 674.5028  loss: 108.2914  loss_cls: 34.1951  loss_bbox: 38.0093  loss_dfl: 36.0871
07/05 07:31:11 - mmengine - INFO - Epoch(train)  [5][ 350/1294]  base_lr: 1.2890e-05 lr: 1.2890e-05  eta: 2:58:52  time: 1.0715  data_time: 0.0055  memory: 27044  grad_norm: 700.1049  loss: 107.4775  loss_cls: 34.5380  loss_bbox: 37.4200  loss_dfl: 35.5196
07/05 07:32:05 - mmengine - INFO - Epoch(train)  [5][ 400/1294]  base_lr: 1.2826e-05 lr: 1.2826e-05  eta: 2:57:59  time: 1.0834  data_time: 0.0056  memory: 27097  grad_norm: 688.2651  loss: 108.6264  loss_cls: 34.9103  loss_bbox: 37.7843  loss_dfl: 35.9318
07/05 07:32:58 - mmengine - INFO - Epoch(train)  [5][ 450/1294]  base_lr: 1.2762e-05 lr: 1.2762e-05  eta: 2:57:04  time: 1.0627  data_time: 0.0054  memory: 27031  grad_norm: 687.2208  loss: 108.0269  loss_cls: 34.2126  loss_bbox: 37.4904  loss_dfl: 36.3239
07/05 07:33:52 - mmengine - INFO - Epoch(train)  [5][ 500/1294]  base_lr: 1.2697e-05 lr: 1.2697e-05  eta: 2:56:11  time: 1.0771  data_time: 0.0055  memory: 27037  grad_norm: 674.0733  loss: 109.1744  loss_cls: 35.8381  loss_bbox: 37.7039  loss_dfl: 35.6324
07/05 07:34:46 - mmengine - INFO - Epoch(train)  [5][ 550/1294]  base_lr: 1.2633e-05 lr: 1.2633e-05  eta: 2:55:18  time: 1.0759  data_time: 0.0056  memory: 27157  grad_norm: 666.2112  loss: 107.1294  loss_cls: 34.7508  loss_bbox: 36.5811  loss_dfl: 35.7975
07/05 07:35:39 - mmengine - INFO - Epoch(train)  [5][ 600/1294]  base_lr: 1.2569e-05 lr: 1.2569e-05  eta: 2:54:23  time: 1.0631  data_time: 0.0055  memory: 26984  grad_norm: 636.3996  loss: 106.8270  loss_cls: 35.0654  loss_bbox: 36.5594  loss_dfl: 35.2021
07/05 07:36:33 - mmengine - INFO - Epoch(train)  [5][ 650/1294]  base_lr: 1.2504e-05 lr: 1.2504e-05  eta: 2:53:31  time: 1.0848  data_time: 0.0055  memory: 27111  grad_norm: 668.9592  loss: 109.8910  loss_cls: 36.2733  loss_bbox: 38.1663  loss_dfl: 35.4514
07/05 07:37:26 - mmengine - INFO - Epoch(train)  [5][ 700/1294]  base_lr: 1.2440e-05 lr: 1.2440e-05  eta: 2:52:36  time: 1.0665  data_time: 0.0055  memory: 27017  grad_norm: 700.8448  loss: 109.9694  loss_cls: 36.6025  loss_bbox: 37.7507  loss_dfl: 35.6162
07/05 07:38:20 - mmengine - INFO - Epoch(train)  [5][ 750/1294]  base_lr: 1.2376e-05 lr: 1.2376e-05  eta: 2:51:43  time: 1.0750  data_time: 0.0055  memory: 27151  grad_norm: 681.3189  loss: 107.6909  loss_cls: 34.9436  loss_bbox: 37.0219  loss_dfl: 35.7254
07/05 07:39:14 - mmengine - INFO - Epoch(train)  [5][ 800/1294]  base_lr: 1.2311e-05 lr: 1.2311e-05  eta: 2:50:49  time: 1.0767  data_time: 0.0057  memory: 27204  grad_norm: 629.3527  loss: 107.3210  loss_cls: 34.4789  loss_bbox: 37.4191  loss_dfl: 35.4229
07/05 07:39:40 - mmengine - INFO - Exp name: wedetect_v11dt_3stage_s3_20260705_054251
07/05 07:40:07 - mmengine - INFO - Epoch(train)  [5][ 850/1294]  base_lr: 1.2247e-05 lr: 1.2247e-05  eta: 2:49:55  time: 1.0639  data_time: 0.0055  memory: 27051  grad_norm: 664.2078  loss: 108.5666  loss_cls: 36.0398  loss_bbox: 37.2027  loss_dfl: 35.3241
07/05 07:41:01 - mmengine - INFO - Epoch(train)  [5][ 900/1294]  base_lr: 1.2183e-05 lr: 1.2183e-05  eta: 2:49:02  time: 1.0837  data_time: 0.0056  memory: 26977  grad_norm: 666.6371  loss: 108.5292  loss_cls: 35.4347  loss_bbox: 37.4229  loss_dfl: 35.6716
07/05 07:41:55 - mmengine - INFO - Epoch(train)  [5][ 950/1294]  base_lr: 1.2118e-05 lr: 1.2118e-05  eta: 2:48:09  time: 1.0798  data_time: 0.0055  memory: 27084  grad_norm: 703.2427  loss: 105.4866  loss_cls: 33.7622  loss_bbox: 36.7544  loss_dfl: 34.9701
07/05 07:42:49 - mmengine - INFO - Epoch(train)  [5][1000/1294]  base_lr: 1.2054e-05 lr: 1.2054e-05  eta: 2:47:15  time: 1.0638  data_time: 0.0056  memory: 27057  grad_norm: 659.3004  loss: 109.7350  loss_cls: 35.6384  loss_bbox: 37.8509  loss_dfl: 36.2458
07/05 07:43:42 - mmengine - INFO - Epoch(train)  [5][1050/1294]  base_lr: 1.1990e-05 lr: 1.1990e-05  eta: 2:46:21  time: 1.0762  data_time: 0.0056  memory: 27064  grad_norm: 664.7055  loss: 109.2075  loss_cls: 35.4705  loss_bbox: 37.7307  loss_dfl: 36.0063
07/05 07:44:36 - mmengine - INFO - Epoch(train)  [5][1100/1294]  base_lr: 1.1925e-05 lr: 1.1925e-05  eta: 2:45:28  time: 1.0707  data_time: 0.0055  memory: 27537  grad_norm: 651.8893  loss: 107.9550  loss_cls: 35.4540  loss_bbox: 37.0846  loss_dfl: 35.4164
07/05 07:45:30 - mmengine - INFO - Epoch(train)  [5][1150/1294]  base_lr: 1.1861e-05 lr: 1.1861e-05  eta: 2:44:34  time: 1.0803  data_time: 0.0056  memory: 27224  grad_norm: 660.4401  loss: 106.0179  loss_cls: 34.6570  loss_bbox: 36.7459  loss_dfl: 34.6149
07/05 07:46:24 - mmengine - INFO - Epoch(train)  [5][1200/1294]  base_lr: 1.1797e-05 lr: 1.1797e-05  eta: 2:43:41  time: 1.0800  data_time: 0.0056  memory: 27211  grad_norm: 685.8770  loss: 107.8115  loss_cls: 35.1582  loss_bbox: 37.1903  loss_dfl: 35.4630
07/05 07:47:17 - mmengine - INFO - Epoch(train)  [5][1250/1294]  base_lr: 1.1732e-05 lr: 1.1732e-05  eta: 2:42:47  time: 1.0650  data_time: 0.0055  memory: 27144  grad_norm: 679.0507  loss: 108.0503  loss_cls: 35.3974  loss_bbox: 37.1846  loss_dfl: 35.4684
07/05 07:48:04 - mmengine - INFO - Exp name: wedetect_v11dt_3stage_s3_20260705_054251
07/05 07:48:04 - mmengine - INFO - Saving checkpoint at 5 epochs
07/05 07:49:04 - mmengine - INFO - Epoch(train)  [6][  50/1294]  base_lr: 1.1611e-05 lr: 1.1611e-05  eta: 2:41:06  time: 1.0854  data_time: 0.0192  memory: 27224  grad_norm: 719.0417  loss: 108.1548  loss_cls: 35.9435  loss_bbox: 36.9171  loss_dfl: 35.2941
07/05 07:49:58 - mmengine - INFO - Epoch(train)  [6][ 100/1294]  base_lr: 1.1547e-05 lr: 1.1547e-05  eta: 2:40:12  time: 1.0655  data_time: 0.0056  memory: 27311  grad_norm: 711.5138  loss: 105.8516  loss_cls: 34.4947  loss_bbox: 36.6422  loss_dfl: 34.7147
07/05 07:50:52 - mmengine - INFO - Epoch(train)  [6][ 150/1294]  base_lr: 1.1483e-05 lr: 1.1483e-05  eta: 2:39:19  time: 1.0810  data_time: 0.0055  memory: 27317  grad_norm: 651.6101  loss: 108.3976  loss_cls: 34.9314  loss_bbox: 38.0387  loss_dfl: 35.4276
07/05 07:51:45 - mmengine - INFO - Epoch(train)  [6][ 200/1294]  base_lr: 1.1418e-05 lr: 1.1418e-05  eta: 2:38:25  time: 1.0642  data_time: 0.0055  memory: 26964  grad_norm: 668.6804  loss: 108.8917  loss_cls: 35.3834  loss_bbox: 37.3926  loss_dfl: 36.1158
07/05 07:52:39 - mmengine - INFO - Epoch(train)  [6][ 250/1294]  base_lr: 1.1354e-05 lr: 1.1354e-05  eta: 2:37:31  time: 1.0774  data_time: 0.0055  memory: 27044  grad_norm: 732.5762  loss: 105.9052  loss_cls: 33.4737  loss_bbox: 37.0675  loss_dfl: 35.3639
07/05 07:53:33 - mmengine - INFO - Epoch(train)  [6][ 300/1294]  base_lr: 1.1290e-05 lr: 1.1290e-05  eta: 2:36:38  time: 1.0789  data_time: 0.0055  memory: 27311  grad_norm: 703.3102  loss: 109.9400  loss_cls: 35.6235  loss_bbox: 38.0017  loss_dfl: 36.3149
07/05 07:54:26 - mmengine - INFO - Epoch(train)  [6][ 350/1294]  base_lr: 1.1225e-05 lr: 1.1225e-05  eta: 2:35:44  time: 1.0638  data_time: 0.0055  memory: 27044  grad_norm: 644.3569  loss: 108.5104  loss_cls: 34.5502  loss_bbox: 37.9364  loss_dfl: 36.0238
07/05 07:55:20 - mmengine - INFO - Epoch(train)  [6][ 400/1294]  base_lr: 1.1161e-05 lr: 1.1161e-05  eta: 2:34:51  time: 1.0832  data_time: 0.0056  memory: 27017  grad_norm: 668.7465  loss: 104.7769  loss_cls: 32.5908  loss_bbox: 36.7201  loss_dfl: 35.4659
07/05 07:56:14 - mmengine - INFO - Epoch(train)  [6][ 450/1294]  base_lr: 1.1097e-05 lr: 1.1097e-05  eta: 2:33:57  time: 1.0729  data_time: 0.0054  memory: 27331  grad_norm: 713.5516  loss: 106.9719  loss_cls: 35.6584  loss_bbox: 36.2279  loss_dfl: 35.0855
07/05 07:57:07 - mmengine - INFO - Epoch(train)  [6][ 500/1294]  base_lr: 1.1032e-05 lr: 1.1032e-05  eta: 2:33:03  time: 1.0667  data_time: 0.0054  memory: 27037  grad_norm: 652.8552  loss: 109.6465  loss_cls: 35.8003  loss_bbox: 38.0810  loss_dfl: 35.7653
07/05 07:57:40 - mmengine - INFO - Exp name: wedetect_v11dt_3stage_s3_20260705_054251
07/05 07:58:01 - mmengine - INFO - Epoch(train)  [6][ 550/1294]  base_lr: 1.0968e-05 lr: 1.0968e-05  eta: 2:32:10  time: 1.0777  data_time: 0.0055  memory: 27084  grad_norm: 669.6677  loss: 106.7851  loss_cls: 34.1459  loss_bbox: 36.9619  loss_dfl: 35.6773
07/05 07:58:54 - mmengine - INFO - Epoch(train)  [6][ 600/1294]  base_lr: 1.0904e-05 lr: 1.0904e-05  eta: 2:31:16  time: 1.0635  data_time: 0.0056  memory: 27138  grad_norm: 654.1207  loss: 107.6355  loss_cls: 34.8228  loss_bbox: 37.2655  loss_dfl: 35.5472
07/05 07:59:48 - mmengine - INFO - Epoch(train)  [6][ 650/1294]  base_lr: 1.0839e-05 lr: 1.0839e-05  eta: 2:30:23  time: 1.0848  data_time: 0.0055  memory: 27138  grad_norm: 741.6803  loss: 107.6032  loss_cls: 34.6937  loss_bbox: 36.8283  loss_dfl: 36.0812
07/05 08:00:42 - mmengine - INFO - Epoch(train)  [6][ 700/1294]  base_lr: 1.0775e-05 lr: 1.0775e-05  eta: 2:29:29  time: 1.0768  data_time: 0.0055  memory: 27011  grad_norm: 675.6171  loss: 106.5462  loss_cls: 33.9653  loss_bbox: 37.0307  loss_dfl: 35.5502
07/05 08:01:35 - mmengine - INFO - Epoch(train)  [6][ 750/1294]  base_lr: 1.0711e-05 lr: 1.0711e-05  eta: 2:28:35  time: 1.0642  data_time: 0.0057  memory: 27184  grad_norm: 702.7974  loss: 106.1955  loss_cls: 33.8420  loss_bbox: 37.2560  loss_dfl: 35.0975
07/05 08:02:29 - mmengine - INFO - Epoch(train)  [6][ 800/1294]  base_lr: 1.0646e-05 lr: 1.0646e-05  eta: 2:27:42  time: 1.0794  data_time: 0.0055  memory: 27024  grad_norm: 658.4983  loss: 106.7148  loss_cls: 34.1817  loss_bbox: 37.0897  loss_dfl: 35.4433
07/05 08:03:23 - mmengine - INFO - Epoch(train)  [6][ 850/1294]  base_lr: 1.0582e-05 lr: 1.0582e-05  eta: 2:26:48  time: 1.0808  data_time: 0.0055  memory: 26951  grad_norm: 643.7231  loss: 105.9035  loss_cls: 34.1752  loss_bbox: 36.5554  loss_dfl: 35.1729
07/05 08:04:17 - mmengine - INFO - Epoch(train)  [6][ 900/1294]  base_lr: 1.0518e-05 lr: 1.0518e-05  eta: 2:25:54  time: 1.0664  data_time: 0.0055  memory: 27171  grad_norm: 663.4790  loss: 106.2994  loss_cls: 33.6805  loss_bbox: 37.2365  loss_dfl: 35.3824
07/05 08:05:10 - mmengine - INFO - Epoch(train)  [6][ 950/1294]  base_lr: 1.0453e-05 lr: 1.0453e-05  eta: 2:25:01  time: 1.0753  data_time: 0.0055  memory: 27131  grad_norm: 665.2448  loss: 106.3664  loss_cls: 34.6835  loss_bbox: 36.4569  loss_dfl: 35.2260
07/05 08:06:04 - mmengine - INFO - Epoch(train)  [6][1000/1294]  base_lr: 1.0389e-05 lr: 1.0389e-05  eta: 2:24:07  time: 1.0639  data_time: 0.0055  memory: 27138  grad_norm: 667.8326  loss: 106.2256  loss_cls: 34.0307  loss_bbox: 36.9117  loss_dfl: 35.2832
07/05 08:06:58 - mmengine - INFO - Epoch(train)  [6][1050/1294]  base_lr: 1.0325e-05 lr: 1.0325e-05  eta: 2:23:13  time: 1.0794  data_time: 0.0056  memory: 27057  grad_norm: 648.4963  loss: 105.5597  loss_cls: 34.3855  loss_bbox: 36.3056  loss_dfl: 34.8686
07/05 08:07:52 - mmengine - INFO - Epoch(train)  [6][1100/1294]  base_lr: 1.0260e-05 lr: 1.0260e-05  eta: 2:22:20  time: 1.0854  data_time: 0.0056  memory: 27311  grad_norm: 606.2601  loss: 106.0797  loss_cls: 34.0308  loss_bbox: 36.7939  loss_dfl: 35.2551
07/05 08:08:45 - mmengine - INFO - Epoch(train)  [6][1150/1294]  base_lr: 1.0196e-05 lr: 1.0196e-05  eta: 2:21:26  time: 1.0638  data_time: 0.0055  memory: 27031  grad_norm: 702.5979  loss: 106.1596  loss_cls: 33.5295  loss_bbox: 37.3739  loss_dfl: 35.2561
07/05 08:09:39 - mmengine - INFO - Epoch(train)  [6][1200/1294]  base_lr: 1.0132e-05 lr: 1.0132e-05  eta: 2:20:33  time: 1.0769  data_time: 0.0055  memory: 27004  grad_norm: 643.2217  loss: 105.8061  loss_cls: 34.1347  loss_bbox: 36.6247  loss_dfl: 35.0467
07/05 08:10:33 - mmengine - INFO - Epoch(train)  [6][1250/1294]  base_lr: 1.0067e-05 lr: 1.0067e-05  eta: 2:19:39  time: 1.0794  data_time: 0.0057  memory: 27118  grad_norm: 701.9225  loss: 108.3667  loss_cls: 35.2597  loss_bbox: 37.8187  loss_dfl: 35.2883
07/05 08:11:19 - mmengine - INFO - Exp name: wedetect_v11dt_3stage_s3_20260705_054251
07/05 08:11:19 - mmengine - INFO - Saving checkpoint at 6 epochs
07/05 08:11:28 - mmengine - INFO - Epoch(val)  [6][  50/2587]    eta: 0:02:45  time: 0.0651  data_time: 0.0207  memory: 27604  
07/05 08:11:31 - mmengine - INFO - Epoch(val)  [6][ 100/2587]    eta: 0:02:21  time: 0.0487  data_time: 0.0040  memory: 3481  
07/05 08:11:33 - mmengine - INFO - Epoch(val)  [6][ 150/2587]    eta: 0:02:09  time: 0.0452  data_time: 0.0003  memory: 3481  
07/05 08:11:37 - mmengine - INFO - Epoch(val)  [6][ 200/2587]    eta: 0:02:24  time: 0.0825  data_time: 0.0390  memory: 3481  
07/05 08:11:39 - mmengine - INFO - Epoch(val)  [6][ 250/2587]    eta: 0:02:13  time: 0.0449  data_time: 0.0002  memory: 3481  
07/05 08:11:42 - mmengine - INFO - Epoch(val)  [6][ 300/2587]    eta: 0:02:06  time: 0.0449  data_time: 0.0002  memory: 3481  
07/05 08:11:44 - mmengine - INFO - Epoch(val)  [6][ 350/2587]    eta: 0:02:00  time: 0.0449  data_time: 0.0002  memory: 3481  
07/05 08:11:46 - mmengine - INFO - Epoch(val)  [6][ 400/2587]    eta: 0:01:55  time: 0.0450  data_time: 0.0002  memory: 3481  
07/05 08:11:48 - mmengine - INFO - Epoch(val)  [6][ 450/2587]    eta: 0:01:50  time: 0.0450  data_time: 0.0002  memory: 3481  
07/05 08:11:51 - mmengine - INFO - Epoch(val)  [6][ 500/2587]    eta: 0:01:46  time: 0.0451  data_time: 0.0002  memory: 3481  
07/05 08:11:53 - mmengine - INFO - Epoch(val)  [6][ 550/2587]    eta: 0:01:43  time: 0.0451  data_time: 0.0002  memory: 3481  
07/05 08:11:55 - mmengine - INFO - Epoch(val)  [6][ 600/2587]    eta: 0:01:39  time: 0.0451  data_time: 0.0002  memory: 3481  
07/05 08:11:57 - mmengine - INFO - Epoch(val)  [6][ 650/2587]    eta: 0:01:36  time: 0.0451  data_time: 0.0002  memory: 3481  
07/05 08:12:00 - mmengine - INFO - Epoch(val)  [6][ 700/2587]    eta: 0:01:33  time: 0.0506  data_time: 0.0002  memory: 3481  
07/05 08:12:02 - mmengine - INFO - Epoch(val)  [6][ 750/2587]    eta: 0:01:30  time: 0.0452  data_time: 0.0002  memory: 3481  
07/05 08:12:04 - mmengine - INFO - Epoch(val)  [6][ 800/2587]    eta: 0:01:27  time: 0.0451  data_time: 0.0002  memory: 3481  
07/05 08:12:07 - mmengine - INFO - Epoch(val)  [6][ 850/2587]    eta: 0:01:25  time: 0.0452  data_time: 0.0002  memory: 3481  
07/05 08:12:09 - mmengine - INFO - Epoch(val)  [6][ 900/2587]    eta: 0:01:22  time: 0.0451  data_time: 0.0002  memory: 3481  
07/05 08:12:11 - mmengine - INFO - Epoch(val)  [6][ 950/2587]    eta: 0:01:19  time: 0.0451  data_time: 0.0002  memory: 3481  
07/05 08:12:13 - mmengine - INFO - Epoch(val)  [6][1000/2587]    eta: 0:01:16  time: 0.0451  data_time: 0.0002  memory: 3481  
07/05 08:12:16 - mmengine - INFO - Epoch(val)  [6][1050/2587]    eta: 0:01:14  time: 0.0451  data_time: 0.0002  memory: 3481  
07/05 08:12:18 - mmengine - INFO - Epoch(val)  [6][1100/2587]    eta: 0:01:11  time: 0.0452  data_time: 0.0002  memory: 3481  
07/05 08:12:20 - mmengine - INFO - Epoch(val)  [6][1150/2587]    eta: 0:01:08  time: 0.0451  data_time: 0.0002  memory: 3481  
07/05 08:12:22 - mmengine - INFO - Epoch(val)  [6][1200/2587]    eta: 0:01:06  time: 0.0451  data_time: 0.0002  memory: 3481  
07/05 08:12:25 - mmengine - INFO - Epoch(val)  [6][1250/2587]    eta: 0:01:03  time: 0.0452  data_time: 0.0002  memory: 3481  
07/05 08:12:27 - mmengine - INFO - Epoch(val)  [6][1300/2587]    eta: 0:01:01  time: 0.0452  data_time: 0.0002  memory: 3481  
07/05 08:12:29 - mmengine - INFO - Epoch(val)  [6][1350/2587]    eta: 0:00:58  time: 0.0455  data_time: 0.0003  memory: 3481  
07/05 08:12:32 - mmengine - INFO - Epoch(val)  [6][1400/2587]    eta: 0:00:56  time: 0.0455  data_time: 0.0003  memory: 3481  
07/05 08:12:34 - mmengine - INFO - Epoch(val)  [6][1450/2587]    eta: 0:00:53  time: 0.0456  data_time: 0.0003  memory: 3481  
07/05 08:12:36 - mmengine - INFO - Epoch(val)  [6][1500/2587]    eta: 0:00:51  time: 0.0455  data_time: 0.0003  memory: 3481  
07/05 08:12:38 - mmengine - INFO - Epoch(val)  [6][1550/2587]    eta: 0:00:49  time: 0.0454  data_time: 0.0003  memory: 3481  
07/05 08:12:41 - mmengine - INFO - Epoch(val)  [6][1600/2587]    eta: 0:00:46  time: 0.0453  data_time: 0.0003  memory: 3481  
07/05 08:12:43 - mmengine - INFO - Epoch(val)  [6][1650/2587]    eta: 0:00:44  time: 0.0456  data_time: 0.0003  memory: 3481  
07/05 08:12:45 - mmengine - INFO - Epoch(val)  [6][1700/2587]    eta: 0:00:41  time: 0.0455  data_time: 0.0003  memory: 3481  
07/05 08:12:48 - mmengine - INFO - Epoch(val)  [6][1750/2587]    eta: 0:00:39  time: 0.0477  data_time: 0.0026  memory: 3481  
07/05 08:12:50 - mmengine - INFO - Epoch(val)  [6][1800/2587]    eta: 0:00:37  time: 0.0486  data_time: 0.0038  memory: 3481  
07/05 08:12:52 - mmengine - INFO - Epoch(val)  [6][1850/2587]    eta: 0:00:34  time: 0.0453  data_time: 0.0002  memory: 3481  
07/05 08:12:55 - mmengine - INFO - Epoch(val)  [6][1900/2587]    eta: 0:00:32  time: 0.0453  data_time: 0.0002  memory: 3481  
07/05 08:12:57 - mmengine - INFO - Epoch(val)  [6][1950/2587]    eta: 0:00:29  time: 0.0453  data_time: 0.0003  memory: 3481  
07/05 08:12:59 - mmengine - INFO - Epoch(val)  [6][2000/2587]    eta: 0:00:27  time: 0.0452  data_time: 0.0002  memory: 3481  
07/05 08:13:01 - mmengine - INFO - Epoch(val)  [6][2050/2587]    eta: 0:00:25  time: 0.0452  data_time: 0.0002  memory: 3481  
07/05 08:13:04 - mmengine - INFO - Epoch(val)  [6][2100/2587]    eta: 0:00:22  time: 0.0452  data_time: 0.0002  memory: 3481  
07/05 08:13:06 - mmengine - INFO - Epoch(val)  [6][2150/2587]    eta: 0:00:20  time: 0.0453  data_time: 0.0002  memory: 3481  
07/05 08:13:08 - mmengine - INFO - Epoch(val)  [6][2200/2587]    eta: 0:00:18  time: 0.0453  data_time: 0.0002  memory: 3481  
07/05 08:13:11 - mmengine - INFO - Epoch(val)  [6][2250/2587]    eta: 0:00:15  time: 0.0505  data_time: 0.0057  memory: 3481  
07/05 08:13:13 - mmengine - INFO - Epoch(val)  [6][2300/2587]    eta: 0:00:13  time: 0.0452  data_time: 0.0003  memory: 3481  
07/05 08:13:15 - mmengine - INFO - Epoch(val)  [6][2350/2587]    eta: 0:00:11  time: 0.0451  data_time: 0.0002  memory: 3481  
07/05 08:13:17 - mmengine - INFO - Epoch(val)  [6][2400/2587]    eta: 0:00:08  time: 0.0452  data_time: 0.0003  memory: 3481  
07/05 08:13:20 - mmengine - INFO - Epoch(val)  [6][2450/2587]    eta: 0:00:06  time: 0.0450  data_time: 0.0002  memory: 3481  
07/05 08:13:22 - mmengine - INFO - Epoch(val)  [6][2500/2587]    eta: 0:00:04  time: 0.0451  data_time: 0.0002  memory: 3481  
07/05 08:13:24 - mmengine - INFO - Epoch(val)  [6][2550/2587]    eta: 0:00:01  time: 0.0451  data_time: 0.0002  memory: 3481  
07/05 08:13:44 - mmengine - INFO - Evaluating bbox...
Loading and preparing results...
DONE (t=4.13s)
creating index...
index created!
Running per image evaluation...
Evaluate annotation type *bbox*
DONE (t=66.39s).
Accumulating evaluation results...
DONE (t=25.61s).
 Average Precision  (AP) @[ IoU=0.50:0.95 | area=   all | maxDets=100 ] = 0.413
 Average Precision  (AP) @[ IoU=0.50      | area=   all | maxDets=1000 ] = 0.582
 Average Precision  (AP) @[ IoU=0.75      | area=   all | maxDets=1000 ] = 0.479
 Average Precision  (AP) @[ IoU=0.50:0.95 | area= small | maxDets=1000 ] = 0.159
 Average Precision  (AP) @[ IoU=0.50:0.95 | area=medium | maxDets=1000 ] = 0.391
 Average Precision  (AP) @[ IoU=0.50:0.95 | area= large | maxDets=1000 ] = 0.465
 Average Recall     (AR) @[ IoU=0.50:0.95 | area=   all | maxDets=100 ] = 0.707
 Average Recall     (AR) @[ IoU=0.50:0.95 | area=   all | maxDets=300 ] = 0.708
 Average Recall     (AR) @[ IoU=0.50:0.95 | area=   all | maxDets=1000 ] = 0.708
 Average Recall     (AR) @[ IoU=0.50:0.95 | area= small | maxDets=1000 ] = 0.298
 Average Recall     (AR) @[ IoU=0.50:0.95 | area=medium | maxDets=1000 ] = 0.676
 Average Recall     (AR) @[ IoU=0.50:0.95 | area= large | maxDets=1000 ] = 0.774
07/05 08:15:27 - mmengine - INFO - bbox_mAP_copypaste: 0.413 0.582 0.479 0.159 0.391 0.465
07/05 08:15:29 - mmengine - INFO - Epoch(val) [6][2587/2587]    coco/bbox_mAP: 0.4130  coco/bbox_mAP_50: 0.5820  coco/bbox_mAP_75: 0.4790  coco/bbox_mAP_s: 0.1590  coco/bbox_mAP_m: 0.3910  coco/bbox_mAP_l: 0.4650  data_time: 0.0017  time: 0.0467
07/05 08:15:29 - mmengine - INFO - The previous best checkpoint /home/siyuan/projects/LLMs/OralDetect-Family/WeDetect_repro/WeDetect/work_dirs/v11dt3stage_s3/best_coco_bbox_mAP_epoch_4.pth is removed
07/05 08:15:31 - mmengine - INFO - The best checkpoint with 0.4130 coco/bbox_mAP at 6 epoch is saved to best_coco_bbox_mAP_epoch_6.pth.
07/05 08:16:32 - mmengine - INFO - Epoch(train)  [7][  50/1294]  base_lr: 9.9463e-06 lr: 9.9463e-06  eta: 2:17:58  time: 1.0783  data_time: 0.0165  memory: 26991  grad_norm: 627.9743  loss: 104.9646  loss_cls: 32.9635  loss_bbox: 36.8222  loss_dfl: 35.1789
07/05 08:17:25 - mmengine - INFO - Epoch(train)  [7][ 100/1294]  base_lr: 9.8820e-06 lr: 9.8820e-06  eta: 2:17:04  time: 1.0635  data_time: 0.0059  memory: 27125  grad_norm: 682.3429  loss: 104.6192  loss_cls: 33.7325  loss_bbox: 35.8956  loss_dfl: 34.9911
07/05 08:18:19 - mmengine - INFO - Epoch(train)  [7][ 150/1294]  base_lr: 9.8176e-06 lr: 9.8176e-06  eta: 2:16:10  time: 1.0653  data_time: 0.0058  memory: 27104  grad_norm: 694.3968  loss: 107.9118  loss_cls: 35.9667  loss_bbox: 36.9866  loss_dfl: 34.9585
07/05 08:19:12 - mmengine - INFO - Epoch(train)  [7][ 200/1294]  base_lr: 9.7533e-06 lr: 9.7533e-06  eta: 2:15:16  time: 1.0731  data_time: 0.0057  memory: 27044  grad_norm: 645.9668  loss: 107.0483  loss_cls: 34.2157  loss_bbox: 37.6213  loss_dfl: 35.2113
07/05 08:19:50 - mmengine - INFO - Exp name: wedetect_v11dt_3stage_s3_20260705_054251
07/05 08:20:06 - mmengine - INFO - Epoch(train)  [7][ 250/1294]  base_lr: 9.6889e-06 lr: 9.6889e-06  eta: 2:14:22  time: 1.0673  data_time: 0.0058  memory: 27125  grad_norm: 642.9867  loss: 106.2174  loss_cls: 33.7432  loss_bbox: 37.2638  loss_dfl: 35.2104
07/05 08:20:59 - mmengine - INFO - Epoch(train)  [7][ 300/1294]  base_lr: 9.6246e-06 lr: 9.6246e-06  eta: 2:13:28  time: 1.0750  data_time: 0.0056  memory: 27191  grad_norm: 627.6076  loss: 107.4659  loss_cls: 34.4091  loss_bbox: 37.3510  loss_dfl: 35.7058
07/05 08:21:53 - mmengine - INFO - Epoch(train)  [7][ 350/1294]  base_lr: 9.5603e-06 lr: 9.5603e-06  eta: 2:12:35  time: 1.0800  data_time: 0.0056  memory: 27138  grad_norm: 635.8698  loss: 104.3570  loss_cls: 33.5395  loss_bbox: 36.5169  loss_dfl: 34.3005
07/05 08:22:46 - mmengine - INFO - Epoch(train)  [7][ 400/1294]  base_lr: 9.4959e-06 lr: 9.4959e-06  eta: 2:11:41  time: 1.0627  data_time: 0.0055  memory: 26997  grad_norm: 634.8385  loss: 103.5361  loss_cls: 33.2032  loss_bbox: 35.9376  loss_dfl: 34.3952
07/05 08:23:40 - mmengine - INFO - Epoch(train)  [7][ 450/1294]  base_lr: 9.4316e-06 lr: 9.4316e-06  eta: 2:10:48  time: 1.0764  data_time: 0.0058  memory: 27037  grad_norm: 642.0495  loss: 107.5821  loss_cls: 34.4270  loss_bbox: 37.5217  loss_dfl: 35.6334
07/05 08:24:34 - mmengine - INFO - Epoch(train)  [7][ 500/1294]  base_lr: 9.3672e-06 lr: 9.3672e-06  eta: 2:09:54  time: 1.0706  data_time: 0.0054  memory: 27144  grad_norm: 676.4869  loss: 105.5862  loss_cls: 34.4642  loss_bbox: 36.3227  loss_dfl: 34.7992
07/05 08:25:28 - mmengine - INFO - Epoch(train)  [7][ 550/1294]  base_lr: 9.3029e-06 lr: 9.3029e-06  eta: 2:09:00  time: 1.0761  data_time: 0.0055  memory: 27071  grad_norm: 674.5094  loss: 107.3322  loss_cls: 35.0711  loss_bbox: 36.9765  loss_dfl: 35.2845
07/05 08:26:22 - mmengine - INFO - Epoch(train)  [7][ 600/1294]  base_lr: 9.2386e-06 lr: 9.2386e-06  eta: 2:08:07  time: 1.0810  data_time: 0.0056  memory: 27051  grad_norm: 657.0689  loss: 106.6912  loss_cls: 34.2577  loss_bbox: 37.0214  loss_dfl: 35.4121
07/05 08:27:15 - mmengine - INFO - Epoch(train)  [7][ 650/1294]  base_lr: 9.1742e-06 lr: 9.1742e-06  eta: 2:07:13  time: 1.0658  data_time: 0.0056  memory: 27017  grad_norm: 643.0345  loss: 105.7282  loss_cls: 33.7514  loss_bbox: 36.5449  loss_dfl: 35.4319
07/05 08:28:09 - mmengine - INFO - Epoch(train)  [7][ 700/1294]  base_lr: 9.1099e-06 lr: 9.1099e-06  eta: 2:06:19  time: 1.0724  data_time: 0.0056  memory: 27191  grad_norm: 646.0593  loss: 105.6339  loss_cls: 34.0540  loss_bbox: 36.6417  loss_dfl: 34.9381
07/05 08:29:03 - mmengine - INFO - Epoch(train)  [7][ 750/1294]  base_lr: 9.0456e-06 lr: 9.0456e-06  eta: 2:05:26  time: 1.0821  data_time: 0.0056  memory: 27017  grad_norm: 668.8980  loss: 104.7677  loss_cls: 31.7507  loss_bbox: 37.1741  loss_dfl: 35.8429
07/05 08:29:56 - mmengine - INFO - Epoch(train)  [7][ 800/1294]  base_lr: 8.9812e-06 lr: 8.9812e-06  eta: 2:04:32  time: 1.0634  data_time: 0.0055  memory: 27091  grad_norm: 666.9917  loss: 106.3177  loss_cls: 33.8566  loss_bbox: 36.9313  loss_dfl: 35.5298
07/05 08:30:50 - mmengine - INFO - Epoch(train)  [7][ 850/1294]  base_lr: 8.9169e-06 lr: 8.9169e-06  eta: 2:03:39  time: 1.0821  data_time: 0.0055  memory: 27411  grad_norm: 664.9156  loss: 106.6187  loss_cls: 34.0793  loss_bbox: 37.3186  loss_dfl: 35.2208
07/05 08:31:43 - mmengine - INFO - Epoch(train)  [7][ 900/1294]  base_lr: 8.8525e-06 lr: 8.8525e-06  eta: 2:02:45  time: 1.0676  data_time: 0.0055  memory: 27044  grad_norm: 652.7430  loss: 106.8825  loss_cls: 34.1656  loss_bbox: 37.2274  loss_dfl: 35.4896
07/05 08:32:37 - mmengine - INFO - Epoch(train)  [7][ 950/1294]  base_lr: 8.7882e-06 lr: 8.7882e-06  eta: 2:01:51  time: 1.0739  data_time: 0.0055  memory: 27157  grad_norm: 651.6349  loss: 107.9449  loss_cls: 34.6023  loss_bbox: 38.0595  loss_dfl: 35.2831
07/05 08:33:31 - mmengine - INFO - Epoch(train)  [7][1000/1294]  base_lr: 8.7239e-06 lr: 8.7239e-06  eta: 2:00:58  time: 1.0840  data_time: 0.0056  memory: 27051  grad_norm: 670.0588  loss: 105.3260  loss_cls: 32.5310  loss_bbox: 36.8810  loss_dfl: 35.9140
07/05 08:34:25 - mmengine - INFO - Epoch(train)  [7][1050/1294]  base_lr: 8.6595e-06 lr: 8.6595e-06  eta: 2:00:04  time: 1.0681  data_time: 0.0055  memory: 27164  grad_norm: 669.9489  loss: 105.0878  loss_cls: 33.1909  loss_bbox: 36.6636  loss_dfl: 35.2333
07/05 08:35:19 - mmengine - INFO - Epoch(train)  [7][1100/1294]  base_lr: 8.5952e-06 lr: 8.5952e-06  eta: 1:59:11  time: 1.0793  data_time: 0.0056  memory: 27497  grad_norm: 637.6789  loss: 105.5136  loss_cls: 33.3695  loss_bbox: 36.8272  loss_dfl: 35.3169
07/05 08:36:12 - mmengine - INFO - Epoch(train)  [7][1150/1294]  base_lr: 8.5308e-06 lr: 8.5308e-06  eta: 1:58:17  time: 1.0759  data_time: 0.0055  memory: 27104  grad_norm: 645.3074  loss: 105.6927  loss_cls: 32.9974  loss_bbox: 37.2461  loss_dfl: 35.4492
07/05 08:37:06 - mmengine - INFO - Epoch(train)  [7][1200/1294]  base_lr: 8.4665e-06 lr: 8.4665e-06  eta: 1:57:23  time: 1.0646  data_time: 0.0056  memory: 27091  grad_norm: 623.1074  loss: 105.4289  loss_cls: 33.7015  loss_bbox: 36.5798  loss_dfl: 35.1476
07/05 08:37:45 - mmengine - INFO - Exp name: wedetect_v11dt_3stage_s3_20260705_054251
07/05 08:38:00 - mmengine - INFO - Epoch(train)  [7][1250/1294]  base_lr: 8.4022e-06 lr: 8.4022e-06  eta: 1:56:30  time: 1.0820  data_time: 0.0056  memory: 27104  grad_norm: 707.5945  loss: 105.9971  loss_cls: 34.9717  loss_bbox: 35.8319  loss_dfl: 35.1935
07/05 08:38:46 - mmengine - INFO - Exp name: wedetect_v11dt_3stage_s3_20260705_054251
07/05 08:38:46 - mmengine - INFO - Saving checkpoint at 7 epochs
07/05 08:38:55 - mmengine - INFO - Epoch(val)  [7][  50/2587]    eta: 0:02:48  time: 0.0666  data_time: 0.0217  memory: 27104  
07/05 08:38:58 - mmengine - INFO - Epoch(val)  [7][ 100/2587]    eta: 0:02:23  time: 0.0487  data_time: 0.0039  memory: 3481  
07/05 08:39:00 - mmengine - INFO - Epoch(val)  [7][ 150/2587]    eta: 0:02:10  time: 0.0450  data_time: 0.0002  memory: 3481  
07/05 08:39:04 - mmengine - INFO - Epoch(val)  [7][ 200/2587]    eta: 0:02:24  time: 0.0827  data_time: 0.0389  memory: 3481  
07/05 08:39:06 - mmengine - INFO - Epoch(val)  [7][ 250/2587]    eta: 0:02:14  time: 0.0448  data_time: 0.0002  memory: 3481  
07/05 08:39:09 - mmengine - INFO - Epoch(val)  [7][ 300/2587]    eta: 0:02:06  time: 0.0449  data_time: 0.0002  memory: 3481  
07/05 08:39:11 - mmengine - INFO - Epoch(val)  [7][ 350/2587]    eta: 0:02:00  time: 0.0448  data_time: 0.0002  memory: 3481  
07/05 08:39:13 - mmengine - INFO - Epoch(val)  [7][ 400/2587]    eta: 0:01:55  time: 0.0450  data_time: 0.0002  memory: 3481  
07/05 08:39:15 - mmengine - INFO - Epoch(val)  [7][ 450/2587]    eta: 0:01:51  time: 0.0451  data_time: 0.0002  memory: 3481  
07/05 08:39:18 - mmengine - INFO - Epoch(val)  [7][ 500/2587]    eta: 0:01:46  time: 0.0450  data_time: 0.0002  memory: 3481  
07/05 08:39:20 - mmengine - INFO - Epoch(val)  [7][ 550/2587]    eta: 0:01:43  time: 0.0451  data_time: 0.0002  memory: 3481  
07/05 08:39:22 - mmengine - INFO - Epoch(val)  [7][ 600/2587]    eta: 0:01:39  time: 0.0451  data_time: 0.0002  memory: 3481  
07/05 08:39:24 - mmengine - INFO - Epoch(val)  [7][ 650/2587]    eta: 0:01:36  time: 0.0450  data_time: 0.0002  memory: 3481  
07/05 08:39:27 - mmengine - INFO - Epoch(val)  [7][ 700/2587]    eta: 0:01:33  time: 0.0450  data_time: 0.0002  memory: 3481  
07/05 08:39:29 - mmengine - INFO - Epoch(val)  [7][ 750/2587]    eta: 0:01:30  time: 0.0451  data_time: 0.0002  memory: 3481  
07/05 08:39:31 - mmengine - INFO - Epoch(val)  [7][ 800/2587]    eta: 0:01:27  time: 0.0451  data_time: 0.0002  memory: 3481  
07/05 08:39:33 - mmengine - INFO - Epoch(val)  [7][ 850/2587]    eta: 0:01:24  time: 0.0450  data_time: 0.0002  memory: 3481  
07/05 08:39:36 - mmengine - INFO - Epoch(val)  [7][ 900/2587]    eta: 0:01:21  time: 0.0451  data_time: 0.0002  memory: 3481  
07/05 08:39:38 - mmengine - INFO - Epoch(val)  [7][ 950/2587]    eta: 0:01:19  time: 0.0451  data_time: 0.0002  memory: 3481  
07/05 08:39:40 - mmengine - INFO - Epoch(val)  [7][1000/2587]    eta: 0:01:16  time: 0.0451  data_time: 0.0002  memory: 3481  
07/05 08:39:43 - mmengine - INFO - Epoch(val)  [7][1050/2587]    eta: 0:01:13  time: 0.0452  data_time: 0.0002  memory: 3481  
07/05 08:39:45 - mmengine - INFO - Epoch(val)  [7][1100/2587]    eta: 0:01:11  time: 0.0451  data_time: 0.0002  memory: 3481  
07/05 08:39:47 - mmengine - INFO - Epoch(val)  [7][1150/2587]    eta: 0:01:08  time: 0.0451  data_time: 0.0002  memory: 3481  
07/05 08:39:49 - mmengine - INFO - Epoch(val)  [7][1200/2587]    eta: 0:01:06  time: 0.0451  data_time: 0.0002  memory: 3481  
07/05 08:39:52 - mmengine - INFO - Epoch(val)  [7][1250/2587]    eta: 0:01:03  time: 0.0451  data_time: 0.0002  memory: 3481  
07/05 08:39:54 - mmengine - INFO - Epoch(val)  [7][1300/2587]    eta: 0:01:01  time: 0.0451  data_time: 0.0002  memory: 3481  
07/05 08:39:56 - mmengine - INFO - Epoch(val)  [7][1350/2587]    eta: 0:00:58  time: 0.0455  data_time: 0.0003  memory: 3481  
07/05 08:39:58 - mmengine - INFO - Epoch(val)  [7][1400/2587]    eta: 0:00:56  time: 0.0455  data_time: 0.0003  memory: 3481  
07/05 08:40:01 - mmengine - INFO - Epoch(val)  [7][1450/2587]    eta: 0:00:53  time: 0.0454  data_time: 0.0003  memory: 3481  
07/05 08:40:03 - mmengine - INFO - Epoch(val)  [7][1500/2587]    eta: 0:00:51  time: 0.0454  data_time: 0.0003  memory: 3481  
07/05 08:40:05 - mmengine - INFO - Epoch(val)  [7][1550/2587]    eta: 0:00:48  time: 0.0453  data_time: 0.0003  memory: 3481  
07/05 08:40:07 - mmengine - INFO - Epoch(val)  [7][1600/2587]    eta: 0:00:46  time: 0.0454  data_time: 0.0003  memory: 3481  
07/05 08:40:10 - mmengine - INFO - Epoch(val)  [7][1650/2587]    eta: 0:00:44  time: 0.0453  data_time: 0.0003  memory: 3481  
07/05 08:40:12 - mmengine - INFO - Epoch(val)  [7][1700/2587]    eta: 0:00:41  time: 0.0455  data_time: 0.0003  memory: 3481  
07/05 08:40:14 - mmengine - INFO - Epoch(val)  [7][1750/2587]    eta: 0:00:39  time: 0.0475  data_time: 0.0027  memory: 3481  
07/05 08:40:17 - mmengine - INFO - Epoch(val)  [7][1800/2587]    eta: 0:00:37  time: 0.0488  data_time: 0.0043  memory: 3481  
07/05 08:40:19 - mmengine - INFO - Epoch(val)  [7][1850/2587]    eta: 0:00:34  time: 0.0451  data_time: 0.0002  memory: 3481  
07/05 08:40:21 - mmengine - INFO - Epoch(val)  [7][1900/2587]    eta: 0:00:32  time: 0.0450  data_time: 0.0002  memory: 3481  
07/05 08:40:24 - mmengine - INFO - Epoch(val)  [7][1950/2587]    eta: 0:00:29  time: 0.0450  data_time: 0.0002  memory: 3481  
07/05 08:40:26 - mmengine - INFO - Epoch(val)  [7][2000/2587]    eta: 0:00:27  time: 0.0450  data_time: 0.0002  memory: 3481  
07/05 08:40:28 - mmengine - INFO - Epoch(val)  [7][2050/2587]    eta: 0:00:25  time: 0.0513  data_time: 0.0003  memory: 3481  
07/05 08:40:31 - mmengine - INFO - Epoch(val)  [7][2100/2587]    eta: 0:00:22  time: 0.0456  data_time: 0.0002  memory: 3481  
07/05 08:40:33 - mmengine - INFO - Epoch(val)  [7][2150/2587]    eta: 0:00:20  time: 0.0452  data_time: 0.0002  memory: 3481  
07/05 08:40:35 - mmengine - INFO - Epoch(val)  [7][2200/2587]    eta: 0:00:18  time: 0.0452  data_time: 0.0003  memory: 3481  
07/05 08:40:38 - mmengine - INFO - Epoch(val)  [7][2250/2587]    eta: 0:00:15  time: 0.0508  data_time: 0.0060  memory: 3481  
07/05 08:40:40 - mmengine - INFO - Epoch(val)  [7][2300/2587]    eta: 0:00:13  time: 0.0451  data_time: 0.0002  memory: 3481  
07/05 08:40:42 - mmengine - INFO - Epoch(val)  [7][2350/2587]    eta: 0:00:11  time: 0.0451  data_time: 0.0002  memory: 3481  
07/05 08:40:45 - mmengine - INFO - Epoch(val)  [7][2400/2587]    eta: 0:00:08  time: 0.0453  data_time: 0.0003  memory: 3481  
07/05 08:40:47 - mmengine - INFO - Epoch(val)  [7][2450/2587]    eta: 0:00:06  time: 0.0450  data_time: 0.0002  memory: 3481  
07/05 08:40:49 - mmengine - INFO - Epoch(val)  [7][2500/2587]    eta: 0:00:04  time: 0.0451  data_time: 0.0002  memory: 3481  
07/05 08:40:51 - mmengine - INFO - Epoch(val)  [7][2550/2587]    eta: 0:00:01  time: 0.0451  data_time: 0.0002  memory: 3481  
07/05 08:41:11 - mmengine - INFO - Evaluating bbox...
Loading and preparing results...
DONE (t=4.36s)
creating index...
index created!
Running per image evaluation...
Evaluate annotation type *bbox*
DONE (t=64.52s).
Accumulating evaluation results...
DONE (t=24.57s).
 Average Precision  (AP) @[ IoU=0.50:0.95 | area=   all | maxDets=100 ] = 0.410
 Average Precision  (AP) @[ IoU=0.50      | area=   all | maxDets=1000 ] = 0.576
 Average Precision  (AP) @[ IoU=0.75      | area=   all | maxDets=1000 ] = 0.475
 Average Precision  (AP) @[ IoU=0.50:0.95 | area= small | maxDets=1000 ] = 0.155
 Average Precision  (AP) @[ IoU=0.50:0.95 | area=medium | maxDets=1000 ] = 0.377
 Average Precision  (AP) @[ IoU=0.50:0.95 | area= large | maxDets=1000 ] = 0.465
 Average Recall     (AR) @[ IoU=0.50:0.95 | area=   all | maxDets=100 ] = 0.710
 Average Recall     (AR) @[ IoU=0.50:0.95 | area=   all | maxDets=300 ] = 0.711
 Average Recall     (AR) @[ IoU=0.50:0.95 | area=   all | maxDets=1000 ] = 0.711
 Average Recall     (AR) @[ IoU=0.50:0.95 | area= small | maxDets=1000 ] = 0.282
 Average Recall     (AR) @[ IoU=0.50:0.95 | area=medium | maxDets=1000 ] = 0.678
 Average Recall     (AR) @[ IoU=0.50:0.95 | area= large | maxDets=1000 ] = 0.778
07/05 08:42:50 - mmengine - INFO - bbox_mAP_copypaste: 0.410 0.576 0.475 0.155 0.377 0.465
07/05 08:42:52 - mmengine - INFO - Epoch(val) [7][2587/2587]    coco/bbox_mAP: 0.4100  coco/bbox_mAP_50: 0.5760  coco/bbox_mAP_75: 0.4750  coco/bbox_mAP_s: 0.1550  coco/bbox_mAP_m: 0.3770  coco/bbox_mAP_l: 0.4650  data_time: 0.0017  time: 0.0467
07/05 08:43:46 - mmengine - INFO - Epoch(train)  [8][  50/1294]  base_lr: 8.2812e-06 lr: 8.2812e-06  eta: 1:54:48  time: 1.0737  data_time: 0.0192  memory: 27424  grad_norm: 655.9005  loss: 104.9839  loss_cls: 33.0841  loss_bbox: 36.6709  loss_dfl: 35.2288
07/05 08:44:39 - mmengine - INFO - Epoch(train)  [8][ 100/1294]  base_lr: 8.2169e-06 lr: 8.2169e-06  eta: 1:53:55  time: 1.0671  data_time: 0.0056  memory: 27097  grad_norm: 684.7465  loss: 106.6800  loss_cls: 34.4852  loss_bbox: 36.7421  loss_dfl: 35.4526
07/05 08:45:32 - mmengine - INFO - Epoch(train)  [8][ 150/1294]  base_lr: 8.1525e-06 lr: 8.1525e-06  eta: 1:53:00  time: 1.0586  data_time: 0.0056  memory: 27084  grad_norm: 630.4312  loss: 107.8209  loss_cls: 34.5619  loss_bbox: 37.8923  loss_dfl: 35.3667
07/05 08:46:26 - mmengine - INFO - Epoch(train)  [8][ 200/1294]  base_lr: 8.0882e-06 lr: 8.0882e-06  eta: 1:52:07  time: 1.0702  data_time: 0.0056  memory: 27437  grad_norm: 776.6937  loss: 105.7145  loss_cls: 34.0900  loss_bbox: 36.7860  loss_dfl: 34.8386
07/05 08:47:19 - mmengine - INFO - Epoch(train)  [8][ 250/1294]  base_lr: 8.0238e-06 lr: 8.0238e-06  eta: 1:51:13  time: 1.0739  data_time: 0.0055  memory: 26964  grad_norm: 700.5108  loss: 106.3886  loss_cls: 33.4289  loss_bbox: 37.0832  loss_dfl: 35.8765
07/05 08:48:12 - mmengine - INFO - Epoch(train)  [8][ 300/1294]  base_lr: 7.9595e-06 lr: 7.9595e-06  eta: 1:50:19  time: 1.0611  data_time: 0.0055  memory: 27244  grad_norm: 656.3322  loss: 105.9567  loss_cls: 34.0557  loss_bbox: 36.7701  loss_dfl: 35.1309
07/05 08:49:06 - mmengine - INFO - Epoch(train)  [8][ 350/1294]  base_lr: 7.8952e-06 lr: 7.8952e-06  eta: 1:49:25  time: 1.0743  data_time: 0.0054  memory: 27051  grad_norm: 693.0652  loss: 104.7339  loss_cls: 32.5957  loss_bbox: 37.1826  loss_dfl: 34.9556
07/05 08:50:00 - mmengine - INFO - Epoch(train)  [8][ 400/1294]  base_lr: 7.8308e-06 lr: 7.8308e-06  eta: 1:48:32  time: 1.0727  data_time: 0.0055  memory: 26991  grad_norm: 687.1134  loss: 107.0311  loss_cls: 34.3581  loss_bbox: 37.5358  loss_dfl: 35.1372
07/05 08:50:53 - mmengine - INFO - Epoch(train)  [8][ 450/1294]  base_lr: 7.7665e-06 lr: 7.7665e-06  eta: 1:47:38  time: 1.0676  data_time: 0.0056  memory: 27151  grad_norm: 724.7484  loss: 106.4980  loss_cls: 34.0728  loss_bbox: 36.8896  loss_dfl: 35.5355
07/05 08:51:47 - mmengine - INFO - Epoch(train)  [8][ 500/1294]  base_lr: 7.7021e-06 lr: 7.7021e-06  eta: 1:46:44  time: 1.0776  data_time: 0.0057  memory: 27031  grad_norm: 667.5629  loss: 105.1606  loss_cls: 33.3915  loss_bbox: 36.5713  loss_dfl: 35.1979
07/05 08:52:41 - mmengine - INFO - Epoch(train)  [8][ 550/1294]  base_lr: 7.6378e-06 lr: 7.6378e-06  eta: 1:45:51  time: 1.0688  data_time: 0.0056  memory: 27104  grad_norm: 736.7406  loss: 108.8951  loss_cls: 35.3821  loss_bbox: 37.8571  loss_dfl: 35.6559
07/05 08:53:35 - mmengine - INFO - Epoch(train)  [8][ 600/1294]  base_lr: 7.5735e-06 lr: 7.5735e-06  eta: 1:44:57  time: 1.0819  data_time: 0.0055  memory: 27157  grad_norm: 657.7365  loss: 105.2154  loss_cls: 33.6663  loss_bbox: 36.6141  loss_dfl: 34.9350
07/05 08:54:29 - mmengine - INFO - Epoch(train)  [8][ 650/1294]  base_lr: 7.5091e-06 lr: 7.5091e-06  eta: 1:44:04  time: 1.0769  data_time: 0.0056  memory: 27071  grad_norm: 653.9099  loss: 104.1618  loss_cls: 32.7395  loss_bbox: 36.7650  loss_dfl: 34.6573
07/05 08:55:22 - mmengine - INFO - Epoch(train)  [8][ 700/1294]  base_lr: 7.4448e-06 lr: 7.4448e-06  eta: 1:43:10  time: 1.0692  data_time: 0.0056  memory: 27037  grad_norm: 643.3136  loss: 106.6754  loss_cls: 34.2978  loss_bbox: 36.7513  loss_dfl: 35.6263
07/05 08:56:16 - mmengine - INFO - Epoch(train)  [8][ 750/1294]  base_lr: 7.3804e-06 lr: 7.3804e-06  eta: 1:42:17  time: 1.0772  data_time: 0.0056  memory: 26977  grad_norm: 679.2610  loss: 105.5472  loss_cls: 33.5584  loss_bbox: 36.9646  loss_dfl: 35.0243
07/05 08:57:10 - mmengine - INFO - Epoch(train)  [8][ 800/1294]  base_lr: 7.3161e-06 lr: 7.3161e-06  eta: 1:41:23  time: 1.0742  data_time: 0.0055  memory: 27091  grad_norm: 712.1593  loss: 104.4115  loss_cls: 32.9860  loss_bbox: 36.3527  loss_dfl: 35.0727
07/05 08:58:03 - mmengine - INFO - Epoch(train)  [8][ 850/1294]  base_lr: 7.2518e-06 lr: 7.2518e-06  eta: 1:40:29  time: 1.0758  data_time: 0.0055  memory: 27057  grad_norm: 689.2589  loss: 106.9042  loss_cls: 33.6242  loss_bbox: 37.9709  loss_dfl: 35.3090
07/05 08:58:57 - mmengine - INFO - Epoch(train)  [8][ 900/1294]  base_lr: 7.1874e-06 lr: 7.1874e-06  eta: 1:39:36  time: 1.0754  data_time: 0.0056  memory: 27057  grad_norm: 807.0458  loss: 106.0664  loss_cls: 34.2079  loss_bbox: 36.7889  loss_dfl: 35.0696
07/05 08:59:42 - mmengine - INFO - Exp name: wedetect_v11dt_3stage_s3_20260705_054251
07/05 08:59:51 - mmengine - INFO - Epoch(train)  [8][ 950/1294]  base_lr: 7.1231e-06 lr: 7.1231e-06  eta: 1:38:42  time: 1.0686  data_time: 0.0056  memory: 27084  grad_norm: 690.9741  loss: 106.4829  loss_cls: 34.0680  loss_bbox: 37.0988  loss_dfl: 35.3161
07/05 09:00:44 - mmengine - INFO - Epoch(train)  [8][1000/1294]  base_lr: 7.0587e-06 lr: 7.0587e-06  eta: 1:37:48  time: 1.0767  data_time: 0.0056  memory: 26971  grad_norm: 675.3525  loss: 105.9127  loss_cls: 33.0899  loss_bbox: 37.0258  loss_dfl: 35.7970
07/05 09:01:38 - mmengine - INFO - Epoch(train)  [8][1050/1294]  base_lr: 6.9944e-06 lr: 6.9944e-06  eta: 1:36:55  time: 1.0802  data_time: 0.0055  memory: 27184  grad_norm: 679.7423  loss: 105.4914  loss_cls: 33.4737  loss_bbox: 37.3722  loss_dfl: 34.6455
07/05 09:02:32 - mmengine - INFO - Epoch(train)  [8][1100/1294]  base_lr: 6.9301e-06 lr: 6.9301e-06  eta: 1:36:01  time: 1.0718  data_time: 0.0056  memory: 27071  grad_norm: 744.5089  loss: 106.5905  loss_cls: 34.0419  loss_bbox: 37.3153  loss_dfl: 35.2333
07/05 09:03:26 - mmengine - INFO - Epoch(train)  [8][1150/1294]  base_lr: 6.8657e-06 lr: 6.8657e-06  eta: 1:35:08  time: 1.0765  data_time: 0.0057  memory: 27037  grad_norm: 636.0201  loss: 102.9502  loss_cls: 31.7789  loss_bbox: 36.5675  loss_dfl: 34.6038
07/05 09:04:20 - mmengine - INFO - Epoch(train)  [8][1200/1294]  base_lr: 6.8014e-06 lr: 6.8014e-06  eta: 1:34:14  time: 1.0755  data_time: 0.0055  memory: 27091  grad_norm: 662.1392  loss: 104.9366  loss_cls: 32.5976  loss_bbox: 36.9226  loss_dfl: 35.4164
07/05 09:05:13 - mmengine - INFO - Epoch(train)  [8][1250/1294]  base_lr: 6.7370e-06 lr: 6.7370e-06  eta: 1:33:20  time: 1.0705  data_time: 0.0055  memory: 27064  grad_norm: 681.5162  loss: 106.4725  loss_cls: 33.7742  loss_bbox: 37.2426  loss_dfl: 35.4557
07/05 09:06:00 - mmengine - INFO - Exp name: wedetect_v11dt_3stage_s3_20260705_054251
07/05 09:06:00 - mmengine - INFO - Saving checkpoint at 8 epochs
07/05 09:06:09 - mmengine - INFO - Epoch(val)  [8][  50/2587]    eta: 0:02:47  time: 0.0661  data_time: 0.0221  memory: 27104  
07/05 09:06:12 - mmengine - INFO - Epoch(val)  [8][ 100/2587]    eta: 0:02:23  time: 0.0490  data_time: 0.0043  memory: 3481  
07/05 09:06:14 - mmengine - INFO - Epoch(val)  [8][ 150/2587]    eta: 0:02:10  time: 0.0452  data_time: 0.0003  memory: 3481  
07/05 09:06:18 - mmengine - INFO - Epoch(val)  [8][ 200/2587]    eta: 0:02:24  time: 0.0826  data_time: 0.0392  memory: 3481  
07/05 09:06:20 - mmengine - INFO - Epoch(val)  [8][ 250/2587]    eta: 0:02:14  time: 0.0449  data_time: 0.0002  memory: 3481  
07/05 09:06:23 - mmengine - INFO - Epoch(val)  [8][ 300/2587]    eta: 0:02:06  time: 0.0448  data_time: 0.0002  memory: 3481  
07/05 09:06:25 - mmengine - INFO - Epoch(val)  [8][ 350/2587]    eta: 0:02:00  time: 0.0449  data_time: 0.0002  memory: 3481  
07/05 09:06:27 - mmengine - INFO - Epoch(val)  [8][ 400/2587]    eta: 0:01:55  time: 0.0449  data_time: 0.0002  memory: 3481  
07/05 09:06:29 - mmengine - INFO - Epoch(val)  [8][ 450/2587]    eta: 0:01:50  time: 0.0450  data_time: 0.0002  memory: 3481  
07/05 09:06:32 - mmengine - INFO - Epoch(val)  [8][ 500/2587]    eta: 0:01:46  time: 0.0450  data_time: 0.0002  memory: 3481  
07/05 09:06:34 - mmengine - INFO - Epoch(val)  [8][ 550/2587]    eta: 0:01:43  time: 0.0449  data_time: 0.0002  memory: 3481  
07/05 09:06:36 - mmengine - INFO - Epoch(val)  [8][ 600/2587]    eta: 0:01:40  time: 0.0505  data_time: 0.0002  memory: 3481  
07/05 09:06:39 - mmengine - INFO - Epoch(val)  [8][ 650/2587]    eta: 0:01:37  time: 0.0450  data_time: 0.0002  memory: 3481  
07/05 09:06:41 - mmengine - INFO - Epoch(val)  [8][ 700/2587]    eta: 0:01:34  time: 0.0451  data_time: 0.0003  memory: 3481  
07/05 09:06:43 - mmengine - INFO - Epoch(val)  [8][ 750/2587]    eta: 0:01:31  time: 0.0450  data_time: 0.0002  memory: 3481  
07/05 09:06:45 - mmengine - INFO - Epoch(val)  [8][ 800/2587]    eta: 0:01:28  time: 0.0452  data_time: 0.0002  memory: 3481  
07/05 09:06:48 - mmengine - INFO - Epoch(val)  [8][ 850/2587]    eta: 0:01:25  time: 0.0451  data_time: 0.0002  memory: 3481  
07/05 09:06:50 - mmengine - INFO - Epoch(val)  [8][ 900/2587]    eta: 0:01:22  time: 0.0451  data_time: 0.0002  memory: 3481  
07/05 09:06:52 - mmengine - INFO - Epoch(val)  [8][ 950/2587]    eta: 0:01:19  time: 0.0452  data_time: 0.0002  memory: 3481  
07/05 09:06:54 - mmengine - INFO - Epoch(val)  [8][1000/2587]    eta: 0:01:16  time: 0.0452  data_time: 0.0002  memory: 3481  
07/05 09:06:57 - mmengine - INFO - Epoch(val)  [8][1050/2587]    eta: 0:01:14  time: 0.0451  data_time: 0.0002  memory: 3481  
07/05 09:06:59 - mmengine - INFO - Epoch(val)  [8][1100/2587]    eta: 0:01:11  time: 0.0451  data_time: 0.0002  memory: 3481  
07/05 09:07:01 - mmengine - INFO - Epoch(val)  [8][1150/2587]    eta: 0:01:08  time: 0.0451  data_time: 0.0002  memory: 3481  
07/05 09:07:03 - mmengine - INFO - Epoch(val)  [8][1200/2587]    eta: 0:01:06  time: 0.0452  data_time: 0.0003  memory: 3481  
07/05 09:07:06 - mmengine - INFO - Epoch(val)  [8][1250/2587]    eta: 0:01:03  time: 0.0453  data_time: 0.0003  memory: 3481  
07/05 09:07:08 - mmengine - INFO - Epoch(val)  [8][1300/2587]    eta: 0:01:01  time: 0.0454  data_time: 0.0003  memory: 3481  
07/05 09:07:10 - mmengine - INFO - Epoch(val)  [8][1350/2587]    eta: 0:00:58  time: 0.0454  data_time: 0.0003  memory: 3481  
07/05 09:07:13 - mmengine - INFO - Epoch(val)  [8][1400/2587]    eta: 0:00:56  time: 0.0455  data_time: 0.0003  memory: 3481  
07/05 09:07:15 - mmengine - INFO - Epoch(val)  [8][1450/2587]    eta: 0:00:53  time: 0.0454  data_time: 0.0003  memory: 3481  
07/05 09:07:17 - mmengine - INFO - Epoch(val)  [8][1500/2587]    eta: 0:00:51  time: 0.0454  data_time: 0.0003  memory: 3481  
07/05 09:07:19 - mmengine - INFO - Epoch(val)  [8][1550/2587]    eta: 0:00:49  time: 0.0454  data_time: 0.0003  memory: 3481  
07/05 09:07:22 - mmengine - INFO - Epoch(val)  [8][1600/2587]    eta: 0:00:46  time: 0.0453  data_time: 0.0003  memory: 3481  
07/05 09:07:24 - mmengine - INFO - Epoch(val)  [8][1650/2587]    eta: 0:00:44  time: 0.0455  data_time: 0.0003  memory: 3481  
07/05 09:07:26 - mmengine - INFO - Epoch(val)  [8][1700/2587]    eta: 0:00:41  time: 0.0452  data_time: 0.0002  memory: 3481  
07/05 09:07:29 - mmengine - INFO - Epoch(val)  [8][1750/2587]    eta: 0:00:39  time: 0.0476  data_time: 0.0027  memory: 3481  
07/05 09:07:31 - mmengine - INFO - Epoch(val)  [8][1800/2587]    eta: 0:00:37  time: 0.0485  data_time: 0.0037  memory: 3481  
07/05 09:07:33 - mmengine - INFO - Epoch(val)  [8][1850/2587]    eta: 0:00:34  time: 0.0456  data_time: 0.0003  memory: 3481  
07/05 09:07:36 - mmengine - INFO - Epoch(val)  [8][1900/2587]    eta: 0:00:32  time: 0.0455  data_time: 0.0003  memory: 3481  
07/05 09:07:38 - mmengine - INFO - Epoch(val)  [8][1950/2587]    eta: 0:00:29  time: 0.0453  data_time: 0.0003  memory: 3481  
07/05 09:07:40 - mmengine - INFO - Epoch(val)  [8][2000/2587]    eta: 0:00:27  time: 0.0452  data_time: 0.0003  memory: 3481  
07/05 09:07:42 - mmengine - INFO - Epoch(val)  [8][2050/2587]    eta: 0:00:25  time: 0.0452  data_time: 0.0003  memory: 3481  
07/05 09:07:45 - mmengine - INFO - Epoch(val)  [8][2100/2587]    eta: 0:00:22  time: 0.0453  data_time: 0.0003  memory: 3481  
07/05 09:07:47 - mmengine - INFO - Epoch(val)  [8][2150/2587]    eta: 0:00:20  time: 0.0453  data_time: 0.0003  memory: 3481  
07/05 09:07:49 - mmengine - INFO - Epoch(val)  [8][2200/2587]    eta: 0:00:18  time: 0.0452  data_time: 0.0003  memory: 3481  
07/05 09:07:52 - mmengine - INFO - Epoch(val)  [8][2250/2587]    eta: 0:00:15  time: 0.0512  data_time: 0.0066  memory: 3481  
07/05 09:07:54 - mmengine - INFO - Epoch(val)  [8][2300/2587]    eta: 0:00:13  time: 0.0453  data_time: 0.0003  memory: 3481  
07/05 09:07:56 - mmengine - INFO - Epoch(val)  [8][2350/2587]    eta: 0:00:11  time: 0.0452  data_time: 0.0002  memory: 3481  
07/05 09:07:59 - mmengine - INFO - Epoch(val)  [8][2400/2587]    eta: 0:00:08  time: 0.0454  data_time: 0.0003  memory: 3481  
07/05 09:08:01 - mmengine - INFO - Epoch(val)  [8][2450/2587]    eta: 0:00:06  time: 0.0454  data_time: 0.0003  memory: 3481  
07/05 09:08:03 - mmengine - INFO - Epoch(val)  [8][2500/2587]    eta: 0:00:04  time: 0.0453  data_time: 0.0003  memory: 3481  
07/05 09:08:05 - mmengine - INFO - Epoch(val)  [8][2550/2587]    eta: 0:00:01  time: 0.0452  data_time: 0.0002  memory: 3481  
07/05 09:08:23 - mmengine - INFO - Evaluating bbox...
Loading and preparing results...
DONE (t=2.96s)
creating index...
index created!
Running per image evaluation...
Evaluate annotation type *bbox*
DONE (t=64.29s).
Accumulating evaluation results...
DONE (t=22.08s).
 Average Precision  (AP) @[ IoU=0.50:0.95 | area=   all | maxDets=100 ] = 0.439
 Average Precision  (AP) @[ IoU=0.50      | area=   all | maxDets=1000 ] = 0.615
 Average Precision  (AP) @[ IoU=0.75      | area=   all | maxDets=1000 ] = 0.512
 Average Precision  (AP) @[ IoU=0.50:0.95 | area= small | maxDets=1000 ] = 0.160
 Average Precision  (AP) @[ IoU=0.50:0.95 | area=medium | maxDets=1000 ] = 0.409
 Average Precision  (AP) @[ IoU=0.50:0.95 | area= large | maxDets=1000 ] = 0.491
 Average Recall     (AR) @[ IoU=0.50:0.95 | area=   all | maxDets=100 ] = 0.711
 Average Recall     (AR) @[ IoU=0.50:0.95 | area=   all | maxDets=300 ] = 0.712
 Average Recall     (AR) @[ IoU=0.50:0.95 | area=   all | maxDets=1000 ] = 0.712
 Average Recall     (AR) @[ IoU=0.50:0.95 | area= small | maxDets=1000 ] = 0.287
 Average Recall     (AR) @[ IoU=0.50:0.95 | area=medium | maxDets=1000 ] = 0.685
 Average Recall     (AR) @[ IoU=0.50:0.95 | area= large | maxDets=1000 ] = 0.774
07/05 09:09:59 - mmengine - INFO - bbox_mAP_copypaste: 0.439 0.615 0.512 0.160 0.409 0.491
/home/siyuan/anaconda3/envs/wedetect_official/lib/python3.10/site-packages/albumentations/core/composition.py:331: UserWarning: Got processor for bboxes, but no transform to process it.
  self._set_keys()
/home/siyuan/anaconda3/envs/wedetect_official/lib/python3.10/site-packages/albumentations/core/composition.py:331: UserWarning: Got processor for bboxes, but no transform to process it.
  self._set_keys()
/home/siyuan/anaconda3/envs/wedetect_official/lib/python3.10/site-packages/albumentations/core/composition.py:331: UserWarning: Got processor for bboxes, but no transform to process it.
  self._set_keys()
07/05 09:10:00 - mmengine - INFO - Epoch(val) [8][2587/2587]    coco/bbox_mAP: 0.4390  coco/bbox_mAP_50: 0.6150  coco/bbox_mAP_75: 0.5120  coco/bbox_mAP_s: 0.1600  coco/bbox_mAP_m: 0.4090  coco/bbox_mAP_l: 0.4910  data_time: 0.0017  time: 0.0467
07/05 09:10:01 - mmengine - INFO - The previous best checkpoint /home/siyuan/projects/LLMs/OralDetect-Family/WeDetect_repro/WeDetect/work_dirs/v11dt3stage_s3/best_coco_bbox_mAP_epoch_6.pth is removed
07/05 09:10:03 - mmengine - INFO - The best checkpoint with 0.4390 coco/bbox_mAP at 8 epoch is saved to best_coco_bbox_mAP_epoch_8.pth.
07/05 09:10:09 - mmengine - INFO - Switch pipeline now!
/home/siyuan/anaconda3/envs/wedetect_official/lib/python3.10/site-packages/albumentations/core/composition.py:331: UserWarning: Got processor for bboxes, but no transform to process it.
  self._set_keys()
07/05 09:11:02 - mmengine - INFO - Epoch(train)  [9][  50/1294]  base_lr: 6.6161e-06 lr: 6.6161e-06  eta: 1:31:39  time: 1.0579  data_time: 0.0165  memory: 26831  grad_norm: 962.7562  loss: 102.1346  loss_cls: 29.8287  loss_bbox: 36.1005  loss_dfl: 36.2054
07/05 09:11:55 - mmengine - INFO - Epoch(train)  [9][ 100/1294]  base_lr: 6.5517e-06 lr: 6.5517e-06  eta: 1:30:45  time: 1.0652  data_time: 0.0057  memory: 26997  grad_norm: 864.5219  loss: 103.8813  loss_cls: 32.1147  loss_bbox: 36.1280  loss_dfl: 35.6386
07/05 09:12:48 - mmengine - INFO - Epoch(train)  [9][ 150/1294]  base_lr: 6.4874e-06 lr: 6.4874e-06  eta: 1:29:51  time: 1.0661  data_time: 0.0054  memory: 26871  grad_norm: 922.9352  loss: 106.2721  loss_cls: 33.3241  loss_bbox: 36.5476  loss_dfl: 36.4004
07/05 09:13:41 - mmengine - INFO - Epoch(train)  [9][ 200/1294]  base_lr: 6.4231e-06 lr: 6.4231e-06  eta: 1:28:57  time: 1.0564  data_time: 0.0055  memory: 27091  grad_norm: 849.5812  loss: 102.3272  loss_cls: 31.7079  loss_bbox: 35.3373  loss_dfl: 35.2820
07/05 09:14:34 - mmengine - INFO - Epoch(train)  [9][ 250/1294]  base_lr: 6.3587e-06 lr: 6.3587e-06  eta: 1:28:04  time: 1.0654  data_time: 0.0056  memory: 27051  grad_norm: 859.0808  loss: 100.9700  loss_cls: 29.8435  loss_bbox: 35.9034  loss_dfl: 35.2230
07/05 09:15:28 - mmengine - INFO - Epoch(train)  [9][ 300/1294]  base_lr: 6.2944e-06 lr: 6.2944e-06  eta: 1:27:10  time: 1.0713  data_time: 0.0054  memory: 27118  grad_norm: 828.4671  loss: 104.4305  loss_cls: 31.2925  loss_bbox: 36.9967  loss_dfl: 36.1414
07/05 09:16:21 - mmengine - INFO - Epoch(train)  [9][ 350/1294]  base_lr: 6.2301e-06 lr: 6.2301e-06  eta: 1:26:16  time: 1.0630  data_time: 0.0055  memory: 26817  grad_norm: 837.7844  loss: 100.6794  loss_cls: 30.1296  loss_bbox: 35.3299  loss_dfl: 35.2200
07/05 09:17:15 - mmengine - INFO - Epoch(train)  [9][ 400/1294]  base_lr: 6.1657e-06 lr: 6.1657e-06  eta: 1:25:22  time: 1.0758  data_time: 0.0055  memory: 26904  grad_norm: 833.9431  loss: 100.6942  loss_cls: 29.8028  loss_bbox: 35.0370  loss_dfl: 35.8544
07/05 09:18:08 - mmengine - INFO - Epoch(train)  [9][ 450/1294]  base_lr: 6.1014e-06 lr: 6.1014e-06  eta: 1:24:29  time: 1.0631  data_time: 0.0055  memory: 26971  grad_norm: 830.7401  loss: 102.2084  loss_cls: 30.9556  loss_bbox: 35.5506  loss_dfl: 35.7023
07/05 09:19:01 - mmengine - INFO - Epoch(train)  [9][ 500/1294]  base_lr: 6.0370e-06 lr: 6.0370e-06  eta: 1:23:35  time: 1.0631  data_time: 0.0055  memory: 26777  grad_norm: 823.6956  loss: 103.3771  loss_cls: 32.3425  loss_bbox: 34.8212  loss_dfl: 36.2134
07/05 09:19:55 - mmengine - INFO - Epoch(train)  [9][ 550/1294]  base_lr: 5.9727e-06 lr: 5.9727e-06  eta: 1:22:41  time: 1.0759  data_time: 0.0054  memory: 26931  grad_norm: 872.9832  loss: 101.6454  loss_cls: 30.4220  loss_bbox: 35.8797  loss_dfl: 35.3437
07/05 09:20:48 - mmengine - INFO - Epoch(train)  [9][ 600/1294]  base_lr: 5.9084e-06 lr: 5.9084e-06  eta: 1:21:47  time: 1.0616  data_time: 0.0055  memory: 27011  grad_norm: 805.6961  loss: 99.8898  loss_cls: 29.9715  loss_bbox: 34.8670  loss_dfl: 35.0514
07/05 09:21:40 - mmengine - INFO - Exp name: wedetect_v11dt_3stage_s3_20260705_054251
07/05 09:21:42 - mmengine - INFO - Epoch(train)  [9][ 650/1294]  base_lr: 5.8440e-06 lr: 5.8440e-06  eta: 1:20:54  time: 1.0726  data_time: 0.0055  memory: 26997  grad_norm: 829.2034  loss: 101.8683  loss_cls: 30.9883  loss_bbox: 35.5550  loss_dfl: 35.3250
07/05 09:22:35 - mmengine - INFO - Epoch(train)  [9][ 700/1294]  base_lr: 5.7797e-06 lr: 5.7797e-06  eta: 1:20:00  time: 1.0669  data_time: 0.0056  memory: 26904  grad_norm: 771.4023  loss: 101.9409  loss_cls: 30.3497  loss_bbox: 36.0837  loss_dfl: 35.5075
07/05 09:23:28 - mmengine - INFO - Epoch(train)  [9][ 750/1294]  base_lr: 5.7153e-06 lr: 5.7153e-06  eta: 1:19:06  time: 1.0622  data_time: 0.0055  memory: 26971  grad_norm: 819.6884  loss: 98.5074  loss_cls: 30.0481  loss_bbox: 34.1820  loss_dfl: 34.2773
07/05 09:24:22 - mmengine - INFO - Epoch(train)  [9][ 800/1294]  base_lr: 5.6510e-06 lr: 5.6510e-06  eta: 1:18:13  time: 1.0754  data_time: 0.0056  memory: 27164  grad_norm: 827.7675  loss: 103.6435  loss_cls: 31.1198  loss_bbox: 36.0316  loss_dfl: 36.4921
07/05 09:25:15 - mmengine - INFO - Epoch(train)  [9][ 850/1294]  base_lr: 5.5867e-06 lr: 5.5867e-06  eta: 1:17:19  time: 1.0673  data_time: 0.0057  memory: 26877  grad_norm: 881.1615  loss: 104.3181  loss_cls: 32.3933  loss_bbox: 36.5112  loss_dfl: 35.4135
07/05 09:26:09 - mmengine - INFO - Epoch(train)  [9][ 900/1294]  base_lr: 5.5223e-06 lr: 5.5223e-06  eta: 1:16:25  time: 1.0689  data_time: 0.0057  memory: 26997  grad_norm: 876.1626  loss: 102.4060  loss_cls: 31.2880  loss_bbox: 35.6034  loss_dfl: 35.5147
07/05 09:27:02 - mmengine - INFO - Epoch(train)  [9][ 950/1294]  base_lr: 5.4580e-06 lr: 5.4580e-06  eta: 1:15:32  time: 1.0722  data_time: 0.0056  memory: 27191  grad_norm: 804.4255  loss: 101.0941  loss_cls: 30.5435  loss_bbox: 35.8408  loss_dfl: 34.7098
07/05 09:27:56 - mmengine - INFO - Epoch(train)  [9][1000/1294]  base_lr: 5.3936e-06 lr: 5.3936e-06  eta: 1:14:38  time: 1.0676  data_time: 0.0058  memory: 26911  grad_norm: 900.9637  loss: 103.0404  loss_cls: 31.6261  loss_bbox: 35.2168  loss_dfl: 36.1975
07/05 09:28:49 - mmengine - INFO - Epoch(train)  [9][1050/1294]  base_lr: 5.3293e-06 lr: 5.3293e-06  eta: 1:13:44  time: 1.0721  data_time: 0.0057  memory: 26957  grad_norm: 752.6450  loss: 103.0202  loss_cls: 31.3829  loss_bbox: 35.6353  loss_dfl: 36.0020
07/05 09:29:43 - mmengine - INFO - Epoch(train)  [9][1100/1294]  base_lr: 5.2650e-06 lr: 5.2650e-06  eta: 1:12:51  time: 1.0752  data_time: 0.0058  memory: 27004  grad_norm: 789.7473  loss: 99.9999  loss_cls: 30.1612  loss_bbox: 34.8281  loss_dfl: 35.0107
07/05 09:30:36 - mmengine - INFO - Epoch(train)  [9][1150/1294]  base_lr: 5.2006e-06 lr: 5.2006e-06  eta: 1:11:57  time: 1.0631  data_time: 0.0056  memory: 26917  grad_norm: 830.3689  loss: 101.6077  loss_cls: 30.3246  loss_bbox: 35.7460  loss_dfl: 35.5371
07/05 09:31:30 - mmengine - INFO - Epoch(train)  [9][1200/1294]  base_lr: 5.1363e-06 lr: 5.1363e-06  eta: 1:11:03  time: 1.0710  data_time: 0.0057  memory: 26897  grad_norm: 779.1762  loss: 102.3019  loss_cls: 30.8927  loss_bbox: 35.7226  loss_dfl: 35.6867
07/05 09:32:23 - mmengine - INFO - Epoch(train)  [9][1250/1294]  base_lr: 5.0719e-06 lr: 5.0719e-06  eta: 1:10:10  time: 1.0661  data_time: 0.0057  memory: 26937  grad_norm: 795.4213  loss: 99.0585  loss_cls: 28.9265  loss_bbox: 35.2368  loss_dfl: 34.8952
07/05 09:33:10 - mmengine - INFO - Exp name: wedetect_v11dt_3stage_s3_20260705_054251
07/05 09:33:10 - mmengine - INFO - Saving checkpoint at 9 epochs
07/05 09:33:19 - mmengine - INFO - Epoch(val)  [9][  50/2587]    eta: 0:02:46  time: 0.0656  data_time: 0.0214  memory: 26964  
07/05 09:33:22 - mmengine - INFO - Epoch(val)  [9][ 100/2587]    eta: 0:02:21  time: 0.0484  data_time: 0.0034  memory: 3481  
07/05 09:33:24 - mmengine - INFO - Epoch(val)  [9][ 150/2587]    eta: 0:02:09  time: 0.0451  data_time: 0.0003  memory: 3481  
07/05 09:33:28 - mmengine - INFO - Epoch(val)  [9][ 200/2587]    eta: 0:02:24  time: 0.0823  data_time: 0.0388  memory: 3481  
07/05 09:33:31 - mmengine - INFO - Epoch(val)  [9][ 250/2587]    eta: 0:02:13  time: 0.0450  data_time: 0.0003  memory: 3481  
07/05 09:33:33 - mmengine - INFO - Epoch(val)  [9][ 300/2587]    eta: 0:02:06  time: 0.0451  data_time: 0.0003  memory: 3481  
07/05 09:33:35 - mmengine - INFO - Epoch(val)  [9][ 350/2587]    eta: 0:02:00  time: 0.0450  data_time: 0.0002  memory: 3481  
07/05 09:33:37 - mmengine - INFO - Epoch(val)  [9][ 400/2587]    eta: 0:01:55  time: 0.0455  data_time: 0.0003  memory: 3481  
07/05 09:33:40 - mmengine - INFO - Epoch(val)  [9][ 450/2587]    eta: 0:01:50  time: 0.0453  data_time: 0.0003  memory: 3481  
07/05 09:33:42 - mmengine - INFO - Epoch(val)  [9][ 500/2587]    eta: 0:01:46  time: 0.0451  data_time: 0.0002  memory: 3481  
07/05 09:33:44 - mmengine - INFO - Epoch(val)  [9][ 550/2587]    eta: 0:01:44  time: 0.0504  data_time: 0.0002  memory: 3481  
07/05 09:33:47 - mmengine - INFO - Epoch(val)  [9][ 600/2587]    eta: 0:01:40  time: 0.0452  data_time: 0.0002  memory: 3481  
07/05 09:33:49 - mmengine - INFO - Epoch(val)  [9][ 650/2587]    eta: 0:01:37  time: 0.0451  data_time: 0.0002  memory: 3481  
07/05 09:33:51 - mmengine - INFO - Epoch(val)  [9][ 700/2587]    eta: 0:01:34  time: 0.0452  data_time: 0.0002  memory: 3481  
07/05 09:33:53 - mmengine - INFO - Epoch(val)  [9][ 750/2587]    eta: 0:01:31  time: 0.0453  data_time: 0.0002  memory: 3481  
07/05 09:33:56 - mmengine - INFO - Epoch(val)  [9][ 800/2587]    eta: 0:01:28  time: 0.0452  data_time: 0.0002  memory: 3481  
07/05 09:33:58 - mmengine - INFO - Epoch(val)  [9][ 850/2587]    eta: 0:01:25  time: 0.0452  data_time: 0.0002  memory: 3481  
07/05 09:34:00 - mmengine - INFO - Epoch(val)  [9][ 900/2587]    eta: 0:01:22  time: 0.0452  data_time: 0.0002  memory: 3481  
07/05 09:34:02 - mmengine - INFO - Epoch(val)  [9][ 950/2587]    eta: 0:01:19  time: 0.0452  data_time: 0.0002  memory: 3481  
07/05 09:34:05 - mmengine - INFO - Epoch(val)  [9][1000/2587]    eta: 0:01:16  time: 0.0451  data_time: 0.0002  memory: 3481  
07/05 09:34:07 - mmengine - INFO - Epoch(val)  [9][1050/2587]    eta: 0:01:14  time: 0.0451  data_time: 0.0002  memory: 3481  
07/05 09:34:09 - mmengine - INFO - Epoch(val)  [9][1100/2587]    eta: 0:01:11  time: 0.0452  data_time: 0.0002  memory: 3481  
07/05 09:34:11 - mmengine - INFO - Epoch(val)  [9][1150/2587]    eta: 0:01:09  time: 0.0451  data_time: 0.0002  memory: 3481  
07/05 09:34:14 - mmengine - INFO - Epoch(val)  [9][1200/2587]    eta: 0:01:06  time: 0.0452  data_time: 0.0002  memory: 3481  
07/05 09:34:16 - mmengine - INFO - Epoch(val)  [9][1250/2587]    eta: 0:01:03  time: 0.0455  data_time: 0.0003  memory: 3481  
07/05 09:34:18 - mmengine - INFO - Epoch(val)  [9][1300/2587]    eta: 0:01:01  time: 0.0454  data_time: 0.0003  memory: 3481  
07/05 09:34:21 - mmengine - INFO - Epoch(val)  [9][1350/2587]    eta: 0:00:58  time: 0.0456  data_time: 0.0003  memory: 3481  
07/05 09:34:23 - mmengine - INFO - Epoch(val)  [9][1400/2587]    eta: 0:00:56  time: 0.0456  data_time: 0.0003  memory: 3481  
07/05 09:34:25 - mmengine - INFO - Epoch(val)  [9][1450/2587]    eta: 0:00:54  time: 0.0456  data_time: 0.0003  memory: 3481  
07/05 09:34:27 - mmengine - INFO - Epoch(val)  [9][1500/2587]    eta: 0:00:51  time: 0.0456  data_time: 0.0003  memory: 3481  
07/05 09:34:30 - mmengine - INFO - Epoch(val)  [9][1550/2587]    eta: 0:00:49  time: 0.0455  data_time: 0.0003  memory: 3481  
07/05 09:34:32 - mmengine - INFO - Epoch(val)  [9][1600/2587]    eta: 0:00:46  time: 0.0455  data_time: 0.0003  memory: 3481  
07/05 09:34:34 - mmengine - INFO - Epoch(val)  [9][1650/2587]    eta: 0:00:44  time: 0.0456  data_time: 0.0003  memory: 3481  
07/05 09:34:37 - mmengine - INFO - Epoch(val)  [9][1700/2587]    eta: 0:00:41  time: 0.0457  data_time: 0.0003  memory: 3481  
07/05 09:34:39 - mmengine - INFO - Epoch(val)  [9][1750/2587]    eta: 0:00:39  time: 0.0475  data_time: 0.0026  memory: 3481  
07/05 09:34:41 - mmengine - INFO - Epoch(val)  [9][1800/2587]    eta: 0:00:37  time: 0.0489  data_time: 0.0039  memory: 3481  
07/05 09:34:44 - mmengine - INFO - Epoch(val)  [9][1850/2587]    eta: 0:00:34  time: 0.0454  data_time: 0.0003  memory: 3481  
07/05 09:34:46 - mmengine - INFO - Epoch(val)  [9][1900/2587]    eta: 0:00:32  time: 0.0454  data_time: 0.0003  memory: 3481  
07/05 09:34:48 - mmengine - INFO - Epoch(val)  [9][1950/2587]    eta: 0:00:30  time: 0.0452  data_time: 0.0002  memory: 3481  
07/05 09:34:50 - mmengine - INFO - Epoch(val)  [9][2000/2587]    eta: 0:00:27  time: 0.0453  data_time: 0.0002  memory: 3481  
07/05 09:34:53 - mmengine - INFO - Epoch(val)  [9][2050/2587]    eta: 0:00:25  time: 0.0453  data_time: 0.0002  memory: 3481  
07/05 09:34:55 - mmengine - INFO - Epoch(val)  [9][2100/2587]    eta: 0:00:22  time: 0.0453  data_time: 0.0002  memory: 3481  
07/05 09:34:57 - mmengine - INFO - Epoch(val)  [9][2150/2587]    eta: 0:00:20  time: 0.0453  data_time: 0.0002  memory: 3481  
07/05 09:35:00 - mmengine - INFO - Epoch(val)  [9][2200/2587]    eta: 0:00:18  time: 0.0453  data_time: 0.0002  memory: 3481  
07/05 09:35:02 - mmengine - INFO - Epoch(val)  [9][2250/2587]    eta: 0:00:15  time: 0.0516  data_time: 0.0066  memory: 3481  
07/05 09:35:04 - mmengine - INFO - Epoch(val)  [9][2300/2587]    eta: 0:00:13  time: 0.0452  data_time: 0.0003  memory: 3481  
07/05 09:35:07 - mmengine - INFO - Epoch(val)  [9][2350/2587]    eta: 0:00:11  time: 0.0452  data_time: 0.0002  memory: 3481  
07/05 09:35:09 - mmengine - INFO - Epoch(val)  [9][2400/2587]    eta: 0:00:08  time: 0.0454  data_time: 0.0003  memory: 3481  
07/05 09:35:11 - mmengine - INFO - Epoch(val)  [9][2450/2587]    eta: 0:00:06  time: 0.0452  data_time: 0.0003  memory: 3481  
07/05 09:35:13 - mmengine - INFO - Epoch(val)  [9][2500/2587]    eta: 0:00:04  time: 0.0452  data_time: 0.0002  memory: 3481  
07/05 09:35:16 - mmengine - INFO - Epoch(val)  [9][2550/2587]    eta: 0:00:01  time: 0.0452  data_time: 0.0003  memory: 3481  
07/05 09:35:34 - mmengine - INFO - Evaluating bbox...
Loading and preparing results...
DONE (t=4.01s)
creating index...
index created!
Running per image evaluation...
Evaluate annotation type *bbox*
DONE (t=64.86s).
Accumulating evaluation results...
DONE (t=23.75s).
 Average Precision  (AP) @[ IoU=0.50:0.95 | area=   all | maxDets=100 ] = 0.444
 Average Precision  (AP) @[ IoU=0.50      | area=   all | maxDets=1000 ] = 0.619
 Average Precision  (AP) @[ IoU=0.75      | area=   all | maxDets=1000 ] = 0.515
 Average Precision  (AP) @[ IoU=0.50:0.95 | area= small | maxDets=1000 ] = 0.161
 Average Precision  (AP) @[ IoU=0.50:0.95 | area=medium | maxDets=1000 ] = 0.417
 Average Precision  (AP) @[ IoU=0.50:0.95 | area= large | maxDets=1000 ] = 0.498
 Average Recall     (AR) @[ IoU=0.50:0.95 | area=   all | maxDets=100 ] = 0.713
 Average Recall     (AR) @[ IoU=0.50:0.95 | area=   all | maxDets=300 ] = 0.714
 Average Recall     (AR) @[ IoU=0.50:0.95 | area=   all | maxDets=1000 ] = 0.714
 Average Recall     (AR) @[ IoU=0.50:0.95 | area= small | maxDets=1000 ] = 0.292
 Average Recall     (AR) @[ IoU=0.50:0.95 | area=medium | maxDets=1000 ] = 0.682
 Average Recall     (AR) @[ IoU=0.50:0.95 | area= large | maxDets=1000 ] = 0.775
07/05 09:37:13 - mmengine - INFO - bbox_mAP_copypaste: 0.444 0.619 0.515 0.161 0.417 0.498
07/05 09:37:15 - mmengine - INFO - Epoch(val) [9][2587/2587]    coco/bbox_mAP: 0.4440  coco/bbox_mAP_50: 0.6190  coco/bbox_mAP_75: 0.5150  coco/bbox_mAP_s: 0.1610  coco/bbox_mAP_m: 0.4170  coco/bbox_mAP_l: 0.4980  data_time: 0.0017  time: 0.0468
07/05 09:37:15 - mmengine - INFO - The previous best checkpoint /home/siyuan/projects/LLMs/OralDetect-Family/WeDetect_repro/WeDetect/work_dirs/v11dt3stage_s3/best_coco_bbox_mAP_epoch_8.pth is removed
07/05 09:37:17 - mmengine - INFO - The best checkpoint with 0.4440 coco/bbox_mAP at 9 epoch is saved to best_coco_bbox_mAP_epoch_9.pth.
07/05 09:38:17 - mmengine - INFO - Epoch(train) [10][  50/1294]  base_lr: 4.9510e-06 lr: 4.9510e-06  eta: 1:08:28  time: 1.0637  data_time: 0.0124  memory: 26984  grad_norm: 885.3264  loss: 102.8472  loss_cls: 31.2087  loss_bbox: 35.7653  loss_dfl: 35.8731
07/05 09:39:09 - mmengine - INFO - Epoch(train) [10][ 100/1294]  base_lr: 4.8866e-06 lr: 4.8866e-06  eta: 1:07:34  time: 1.0508  data_time: 0.0055  memory: 26864  grad_norm: 793.3920  loss: 103.2797  loss_cls: 31.2936  loss_bbox: 36.4038  loss_dfl: 35.5823
07/05 09:40:03 - mmengine - INFO - Epoch(train) [10][ 150/1294]  base_lr: 4.8223e-06 lr: 4.8223e-06  eta: 1:06:41  time: 1.0735  data_time: 0.0055  memory: 26964  grad_norm: 805.4809  loss: 101.9665  loss_cls: 30.0732  loss_bbox: 36.4053  loss_dfl: 35.4880
07/05 09:40:56 - mmengine - INFO - Epoch(train) [10][ 200/1294]  base_lr: 4.7580e-06 lr: 4.7580e-06  eta: 1:05:47  time: 1.0627  data_time: 0.0055  memory: 27138  grad_norm: 818.5196  loss: 99.3271  loss_cls: 27.9558  loss_bbox: 35.4700  loss_dfl: 35.9013
07/05 09:41:49 - mmengine - INFO - Epoch(train) [10][ 250/1294]  base_lr: 4.6936e-06 lr: 4.6936e-06  eta: 1:04:53  time: 1.0574  data_time: 0.0054  memory: 26831  grad_norm: 819.4197  loss: 100.3379  loss_cls: 30.0551  loss_bbox: 34.9550  loss_dfl: 35.3277
07/05 09:42:43 - mmengine - INFO - Epoch(train) [10][ 300/1294]  base_lr: 4.6293e-06 lr: 4.6293e-06  eta: 1:04:00  time: 1.0689  data_time: 0.0054  memory: 26951  grad_norm: 854.4868  loss: 102.0739  loss_cls: 29.4610  loss_bbox: 36.4615  loss_dfl: 36.1515
07/05 09:43:36 - mmengine - INFO - Epoch(train) [10][ 350/1294]  base_lr: 4.5649e-06 lr: 4.5649e-06  eta: 1:03:06  time: 1.0616  data_time: 0.0055  memory: 26817  grad_norm: 801.9059  loss: 98.6435  loss_cls: 27.9639  loss_bbox: 34.7199  loss_dfl: 35.9597
07/05 09:43:40 - mmengine - INFO - Exp name: wedetect_v11dt_3stage_s3_20260705_054251
07/05 09:44:29 - mmengine - INFO - Epoch(train) [10][ 400/1294]  base_lr: 4.5006e-06 lr: 4.5006e-06  eta: 1:02:12  time: 1.0699  data_time: 0.0055  memory: 26857  grad_norm: 811.1414  loss: 99.3001  loss_cls: 29.8216  loss_bbox: 34.3938  loss_dfl: 35.0847
07/05 09:45:23 - mmengine - INFO - Epoch(train) [10][ 450/1294]  base_lr: 4.4363e-06 lr: 4.4363e-06  eta: 1:01:19  time: 1.0670  data_time: 0.0054  memory: 26884  grad_norm: 824.6540  loss: 105.8316  loss_cls: 32.1669  loss_bbox: 37.0658  loss_dfl: 36.5989
07/05 09:46:15 - mmengine - INFO - Epoch(train) [10][ 500/1294]  base_lr: 4.3719e-06 lr: 4.3719e-06  eta: 1:00:25  time: 1.0579  data_time: 0.0054  memory: 26971  grad_norm: 850.2629  loss: 99.6493  loss_cls: 30.2461  loss_bbox: 34.6883  loss_dfl: 34.7149
07/05 09:47:09 - mmengine - INFO - Epoch(train) [10][ 550/1294]  base_lr: 4.3076e-06 lr: 4.3076e-06  eta: 0:59:31  time: 1.0717  data_time: 0.0055  memory: 26817  grad_norm: 804.6526  loss: 97.6295  loss_cls: 29.1895  loss_bbox: 33.9891  loss_dfl: 34.4509
07/05 09:48:03 - mmengine - INFO - Epoch(train) [10][ 600/1294]  base_lr: 4.2432e-06 lr: 4.2432e-06  eta: 0:58:38  time: 1.0766  data_time: 0.0054  memory: 26911  grad_norm: 822.6145  loss: 102.1006  loss_cls: 31.4771  loss_bbox: 35.0939  loss_dfl: 35.5296
07/05 09:48:56 - mmengine - INFO - Epoch(train) [10][ 650/1294]  base_lr: 4.1789e-06 lr: 4.1789e-06  eta: 0:57:44  time: 1.0580  data_time: 0.0055  memory: 27071  grad_norm: 842.5382  loss: 101.2945  loss_cls: 29.4724  loss_bbox: 35.4641  loss_dfl: 36.3580
07/05 09:49:49 - mmengine - INFO - Epoch(train) [10][ 700/1294]  base_lr: 4.1146e-06 lr: 4.1146e-06  eta: 0:56:50  time: 1.0704  data_time: 0.0056  memory: 26951  grad_norm: 864.0078  loss: 102.8194  loss_cls: 31.3482  loss_bbox: 35.7851  loss_dfl: 35.6862
07/05 09:50:42 - mmengine - INFO - Epoch(train) [10][ 750/1294]  base_lr: 4.0502e-06 lr: 4.0502e-06  eta: 0:55:56  time: 1.0607  data_time: 0.0055  memory: 26937  grad_norm: 856.3654  loss: 100.5568  loss_cls: 30.4996  loss_bbox: 34.8429  loss_dfl: 35.2144
07/05 09:51:36 - mmengine - INFO - Epoch(train) [10][ 800/1294]  base_lr: 3.9859e-06 lr: 3.9859e-06  eta: 0:55:03  time: 1.0694  data_time: 0.0056  memory: 27044  grad_norm: 846.8063  loss: 100.3834  loss_cls: 29.3915  loss_bbox: 35.3327  loss_dfl: 35.6592
07/05 09:52:30 - mmengine - INFO - Epoch(train) [10][ 850/1294]  base_lr: 3.9215e-06 lr: 3.9215e-06  eta: 0:54:09  time: 1.0774  data_time: 0.0056  memory: 26891  grad_norm: 835.3301  loss: 101.0708  loss_cls: 30.6281  loss_bbox: 35.3421  loss_dfl: 35.1006
07/05 09:53:23 - mmengine - INFO - Epoch(train) [10][ 900/1294]  base_lr: 3.8572e-06 lr: 3.8572e-06  eta: 0:53:16  time: 1.0592  data_time: 0.0054  memory: 26911  grad_norm: 841.8513  loss: 101.2908  loss_cls: 30.7868  loss_bbox: 35.1975  loss_dfl: 35.3065
07/05 09:54:16 - mmengine - INFO - Epoch(train) [10][ 950/1294]  base_lr: 3.7929e-06 lr: 3.7929e-06  eta: 0:52:22  time: 1.0708  data_time: 0.0055  memory: 26851  grad_norm: 802.9204  loss: 101.6906  loss_cls: 30.0000  loss_bbox: 35.5633  loss_dfl: 36.1273
07/05 09:55:10 - mmengine - INFO - Epoch(train) [10][1000/1294]  base_lr: 3.7285e-06 lr: 3.7285e-06  eta: 0:51:28  time: 1.0703  data_time: 0.0055  memory: 27231  grad_norm: 818.9994  loss: 100.3592  loss_cls: 29.8512  loss_bbox: 35.0573  loss_dfl: 35.4507
07/05 09:56:03 - mmengine - INFO - Epoch(train) [10][1050/1294]  base_lr: 3.6642e-06 lr: 3.6642e-06  eta: 0:50:35  time: 1.0623  data_time: 0.0055  memory: 26944  grad_norm: 855.2024  loss: 100.7426  loss_cls: 30.3078  loss_bbox: 35.0691  loss_dfl: 35.3656
07/05 09:56:57 - mmengine - INFO - Epoch(train) [10][1100/1294]  base_lr: 3.5999e-06 lr: 3.5999e-06  eta: 0:49:41  time: 1.0778  data_time: 0.0054  memory: 26924  grad_norm: 836.6150  loss: 100.9486  loss_cls: 30.4251  loss_bbox: 35.3125  loss_dfl: 35.2110
07/05 09:57:50 - mmengine - INFO - Epoch(train) [10][1150/1294]  base_lr: 3.5355e-06 lr: 3.5355e-06  eta: 0:48:48  time: 1.0634  data_time: 0.0055  memory: 26904  grad_norm: 807.6251  loss: 99.2708  loss_cls: 28.5380  loss_bbox: 35.6990  loss_dfl: 35.0338
07/05 09:58:43 - mmengine - INFO - Epoch(train) [10][1200/1294]  base_lr: 3.4712e-06 lr: 3.4712e-06  eta: 0:47:54  time: 1.0682  data_time: 0.0056  memory: 27111  grad_norm: 811.3590  loss: 101.7383  loss_cls: 30.6093  loss_bbox: 35.3768  loss_dfl: 35.7521
07/05 09:59:37 - mmengine - INFO - Epoch(train) [10][1250/1294]  base_lr: 3.4068e-06 lr: 3.4068e-06  eta: 0:47:00  time: 1.0739  data_time: 0.0055  memory: 26951  grad_norm: 759.9360  loss: 101.9075  loss_cls: 30.7280  loss_bbox: 35.7706  loss_dfl: 35.4088
07/05 10:00:23 - mmengine - INFO - Exp name: wedetect_v11dt_3stage_s3_20260705_054251
07/05 10:00:23 - mmengine - INFO - Saving checkpoint at 10 epochs
07/05 10:00:32 - mmengine - INFO - Epoch(val) [10][  50/2587]    eta: 0:02:43  time: 0.0645  data_time: 0.0207  memory: 26891  
07/05 10:00:34 - mmengine - INFO - Epoch(val) [10][ 100/2587]    eta: 0:02:20  time: 0.0486  data_time: 0.0037  memory: 3481  
07/05 10:00:37 - mmengine - INFO - Epoch(val) [10][ 150/2587]    eta: 0:02:08  time: 0.0451  data_time: 0.0003  memory: 3481  
07/05 10:00:41 - mmengine - INFO - Epoch(val) [10][ 200/2587]    eta: 0:02:23  time: 0.0824  data_time: 0.0388  memory: 3481  
07/05 10:00:43 - mmengine - INFO - Epoch(val) [10][ 250/2587]    eta: 0:02:13  time: 0.0447  data_time: 0.0002  memory: 3481  
07/05 10:00:45 - mmengine - INFO - Epoch(val) [10][ 300/2587]    eta: 0:02:05  time: 0.0448  data_time: 0.0002  memory: 3481  
07/05 10:00:48 - mmengine - INFO - Epoch(val) [10][ 350/2587]    eta: 0:01:59  time: 0.0448  data_time: 0.0002  memory: 3481  
07/05 10:00:50 - mmengine - INFO - Epoch(val) [10][ 400/2587]    eta: 0:01:54  time: 0.0449  data_time: 0.0002  memory: 3481  
07/05 10:00:52 - mmengine - INFO - Epoch(val) [10][ 450/2587]    eta: 0:01:50  time: 0.0450  data_time: 0.0002  memory: 3481  
07/05 10:00:55 - mmengine - INFO - Epoch(val) [10][ 500/2587]    eta: 0:01:47  time: 0.0504  data_time: 0.0002  memory: 3481  
07/05 10:00:57 - mmengine - INFO - Epoch(val) [10][ 550/2587]    eta: 0:01:43  time: 0.0450  data_time: 0.0002  memory: 3481  
07/05 10:00:59 - mmengine - INFO - Epoch(val) [10][ 600/2587]    eta: 0:01:40  time: 0.0451  data_time: 0.0002  memory: 3481  
07/05 10:01:01 - mmengine - INFO - Epoch(val) [10][ 650/2587]    eta: 0:01:36  time: 0.0451  data_time: 0.0002  memory: 3481  
07/05 10:01:04 - mmengine - INFO - Epoch(val) [10][ 700/2587]    eta: 0:01:33  time: 0.0451  data_time: 0.0002  memory: 3481  
07/05 10:01:06 - mmengine - INFO - Epoch(val) [10][ 750/2587]    eta: 0:01:30  time: 0.0452  data_time: 0.0002  memory: 3481  
07/05 10:01:08 - mmengine - INFO - Epoch(val) [10][ 800/2587]    eta: 0:01:27  time: 0.0451  data_time: 0.0002  memory: 3481  
07/05 10:01:10 - mmengine - INFO - Epoch(val) [10][ 850/2587]    eta: 0:01:24  time: 0.0451  data_time: 0.0002  memory: 3481  
07/05 10:01:13 - mmengine - INFO - Epoch(val) [10][ 900/2587]    eta: 0:01:22  time: 0.0451  data_time: 0.0002  memory: 3481  
07/05 10:01:15 - mmengine - INFO - Epoch(val) [10][ 950/2587]    eta: 0:01:19  time: 0.0452  data_time: 0.0002  memory: 3481  
07/05 10:01:17 - mmengine - INFO - Epoch(val) [10][1000/2587]    eta: 0:01:16  time: 0.0451  data_time: 0.0002  memory: 3481  
07/05 10:01:19 - mmengine - INFO - Epoch(val) [10][1050/2587]    eta: 0:01:14  time: 0.0452  data_time: 0.0002  memory: 3481  
07/05 10:01:22 - mmengine - INFO - Epoch(val) [10][1100/2587]    eta: 0:01:11  time: 0.0453  data_time: 0.0002  memory: 3481  
07/05 10:01:24 - mmengine - INFO - Epoch(val) [10][1150/2587]    eta: 0:01:08  time: 0.0452  data_time: 0.0002  memory: 3481  
07/05 10:01:26 - mmengine - INFO - Epoch(val) [10][1200/2587]    eta: 0:01:06  time: 0.0451  data_time: 0.0002  memory: 3481  
07/05 10:01:28 - mmengine - INFO - Epoch(val) [10][1250/2587]    eta: 0:01:03  time: 0.0453  data_time: 0.0002  memory: 3481  
07/05 10:01:31 - mmengine - INFO - Epoch(val) [10][1300/2587]    eta: 0:01:01  time: 0.0454  data_time: 0.0003  memory: 3481  
07/05 10:01:33 - mmengine - INFO - Epoch(val) [10][1350/2587]    eta: 0:00:58  time: 0.0455  data_time: 0.0003  memory: 3481  
07/05 10:01:35 - mmengine - INFO - Epoch(val) [10][1400/2587]    eta: 0:00:56  time: 0.0455  data_time: 0.0003  memory: 3481  
07/05 10:01:38 - mmengine - INFO - Epoch(val) [10][1450/2587]    eta: 0:00:53  time: 0.0455  data_time: 0.0003  memory: 3481  
07/05 10:01:40 - mmengine - INFO - Epoch(val) [10][1500/2587]    eta: 0:00:51  time: 0.0456  data_time: 0.0003  memory: 3481  
07/05 10:01:42 - mmengine - INFO - Epoch(val) [10][1550/2587]    eta: 0:00:49  time: 0.0454  data_time: 0.0003  memory: 3481  
07/05 10:01:44 - mmengine - INFO - Epoch(val) [10][1600/2587]    eta: 0:00:46  time: 0.0454  data_time: 0.0003  memory: 3481  
07/05 10:01:47 - mmengine - INFO - Epoch(val) [10][1650/2587]    eta: 0:00:44  time: 0.0455  data_time: 0.0003  memory: 3481  
07/05 10:01:49 - mmengine - INFO - Epoch(val) [10][1700/2587]    eta: 0:00:41  time: 0.0456  data_time: 0.0003  memory: 3481  
07/05 10:01:51 - mmengine - INFO - Epoch(val) [10][1750/2587]    eta: 0:00:39  time: 0.0479  data_time: 0.0028  memory: 3481  
07/05 10:01:54 - mmengine - INFO - Epoch(val) [10][1800/2587]    eta: 0:00:37  time: 0.0487  data_time: 0.0038  memory: 3481  
07/05 10:01:56 - mmengine - INFO - Epoch(val) [10][1850/2587]    eta: 0:00:34  time: 0.0454  data_time: 0.0003  memory: 3481  
07/05 10:01:58 - mmengine - INFO - Epoch(val) [10][1900/2587]    eta: 0:00:32  time: 0.0454  data_time: 0.0003  memory: 3481  
07/05 10:02:01 - mmengine - INFO - Epoch(val) [10][1950/2587]    eta: 0:00:29  time: 0.0454  data_time: 0.0003  memory: 3481  
07/05 10:02:03 - mmengine - INFO - Epoch(val) [10][2000/2587]    eta: 0:00:27  time: 0.0454  data_time: 0.0003  memory: 3481  
07/05 10:02:05 - mmengine - INFO - Epoch(val) [10][2050/2587]    eta: 0:00:25  time: 0.0454  data_time: 0.0003  memory: 3481  
07/05 10:02:07 - mmengine - INFO - Epoch(val) [10][2100/2587]    eta: 0:00:22  time: 0.0453  data_time: 0.0003  memory: 3481  
07/05 10:02:10 - mmengine - INFO - Epoch(val) [10][2150/2587]    eta: 0:00:20  time: 0.0453  data_time: 0.0002  memory: 3481  
07/05 10:02:12 - mmengine - INFO - Epoch(val) [10][2200/2587]    eta: 0:00:18  time: 0.0453  data_time: 0.0003  memory: 3481  
07/05 10:02:15 - mmengine - INFO - Epoch(val) [10][2250/2587]    eta: 0:00:15  time: 0.0508  data_time: 0.0059  memory: 3481  
07/05 10:02:17 - mmengine - INFO - Epoch(val) [10][2300/2587]    eta: 0:00:13  time: 0.0450  data_time: 0.0002  memory: 3481  
07/05 10:02:19 - mmengine - INFO - Epoch(val) [10][2350/2587]    eta: 0:00:11  time: 0.0453  data_time: 0.0003  memory: 3481  
07/05 10:02:21 - mmengine - INFO - Epoch(val) [10][2400/2587]    eta: 0:00:08  time: 0.0455  data_time: 0.0003  memory: 3481  
07/05 10:02:24 - mmengine - INFO - Epoch(val) [10][2450/2587]    eta: 0:00:06  time: 0.0453  data_time: 0.0003  memory: 3481  
07/05 10:02:26 - mmengine - INFO - Epoch(val) [10][2500/2587]    eta: 0:00:04  time: 0.0452  data_time: 0.0003  memory: 3481  
07/05 10:02:28 - mmengine - INFO - Epoch(val) [10][2550/2587]    eta: 0:00:01  time: 0.0452  data_time: 0.0002  memory: 3481  
07/05 10:02:46 - mmengine - INFO - Evaluating bbox...
Loading and preparing results...
DONE (t=4.07s)
creating index...
index created!
Running per image evaluation...
Evaluate annotation type *bbox*
DONE (t=63.43s).
Accumulating evaluation results...
DONE (t=23.08s).
 Average Precision  (AP) @[ IoU=0.50:0.95 | area=   all | maxDets=100 ] = 0.475
 Average Precision  (AP) @[ IoU=0.50      | area=   all | maxDets=1000 ] = 0.662
 Average Precision  (AP) @[ IoU=0.75      | area=   all | maxDets=1000 ] = 0.554
 Average Precision  (AP) @[ IoU=0.50:0.95 | area= small | maxDets=1000 ] = 0.164
 Average Precision  (AP) @[ IoU=0.50:0.95 | area=medium | maxDets=1000 ] = 0.456
 Average Precision  (AP) @[ IoU=0.50:0.95 | area= large | maxDets=1000 ] = 0.518
 Average Recall     (AR) @[ IoU=0.50:0.95 | area=   all | maxDets=100 ] = 0.711
 Average Recall     (AR) @[ IoU=0.50:0.95 | area=   all | maxDets=300 ] = 0.712
 Average Recall     (AR) @[ IoU=0.50:0.95 | area=   all | maxDets=1000 ] = 0.712
 Average Recall     (AR) @[ IoU=0.50:0.95 | area= small | maxDets=1000 ] = 0.295
 Average Recall     (AR) @[ IoU=0.50:0.95 | area=medium | maxDets=1000 ] = 0.680
 Average Recall     (AR) @[ IoU=0.50:0.95 | area= large | maxDets=1000 ] = 0.772
07/05 10:04:23 - mmengine - INFO - bbox_mAP_copypaste: 0.475 0.662 0.554 0.164 0.456 0.518
07/05 10:04:25 - mmengine - INFO - Epoch(val) [10][2587/2587]    coco/bbox_mAP: 0.4750  coco/bbox_mAP_50: 0.6620  coco/bbox_mAP_75: 0.5540  coco/bbox_mAP_s: 0.1640  coco/bbox_mAP_m: 0.4560  coco/bbox_mAP_l: 0.5180  data_time: 0.0017  time: 0.0467
07/05 10:04:25 - mmengine - INFO - The previous best checkpoint /home/siyuan/projects/LLMs/OralDetect-Family/WeDetect_repro/WeDetect/work_dirs/v11dt3stage_s3/best_coco_bbox_mAP_epoch_9.pth is removed
07/05 10:04:27 - mmengine - INFO - The best checkpoint with 0.4750 coco/bbox_mAP at 10 epoch is saved to best_coco_bbox_mAP_epoch_10.pth.
07/05 10:05:26 - mmengine - INFO - Epoch(train) [11][  50/1294]  base_lr: 3.2859e-06 lr: 3.2859e-06  eta: 0:45:19  time: 1.0568  data_time: 0.0108  memory: 26917  grad_norm: 768.3828  loss: 103.5428  loss_cls: 31.2626  loss_bbox: 36.6786  loss_dfl: 35.6017
07/05 10:05:36 - mmengine - INFO - Exp name: wedetect_v11dt_3stage_s3_20260705_054251
07/05 10:06:19 - mmengine - INFO - Epoch(train) [11][ 100/1294]  base_lr: 3.2215e-06 lr: 3.2215e-06  eta: 0:44:25  time: 1.0577  data_time: 0.0055  memory: 26984  grad_norm: 822.8813  loss: 101.9191  loss_cls: 31.4221  loss_bbox: 35.5767  loss_dfl: 34.9204
07/05 10:07:12 - mmengine - INFO - Epoch(train) [11][ 150/1294]  base_lr: 3.1572e-06 lr: 3.1572e-06  eta: 0:43:32  time: 1.0612  data_time: 0.0055  memory: 27004  grad_norm: 839.2531  loss: 100.0480  loss_cls: 29.2020  loss_bbox: 35.5217  loss_dfl: 35.3243
07/05 10:08:05 - mmengine - INFO - Epoch(train) [11][ 200/1294]  base_lr: 3.0929e-06 lr: 3.0929e-06  eta: 0:42:38  time: 1.0720  data_time: 0.0057  memory: 26904  grad_norm: 846.5673  loss: 99.7322  loss_cls: 29.1476  loss_bbox: 35.0005  loss_dfl: 35.5841
07/05 10:08:59 - mmengine - INFO - Epoch(train) [11][ 250/1294]  base_lr: 3.0285e-06 lr: 3.0285e-06  eta: 0:41:45  time: 1.0629  data_time: 0.0057  memory: 26991  grad_norm: 769.3452  loss: 99.2731  loss_cls: 27.9834  loss_bbox: 36.3563  loss_dfl: 34.9334
07/05 10:09:52 - mmengine - INFO - Epoch(train) [11][ 300/1294]  base_lr: 2.9642e-06 lr: 2.9642e-06  eta: 0:40:51  time: 1.0642  data_time: 0.0055  memory: 27031  grad_norm: 895.0878  loss: 99.3265  loss_cls: 29.1737  loss_bbox: 34.6409  loss_dfl: 35.5118
07/05 10:10:45 - mmengine - INFO - Epoch(train) [11][ 350/1294]  base_lr: 2.8998e-06 lr: 2.8998e-06  eta: 0:39:57  time: 1.0696  data_time: 0.0056  memory: 26871  grad_norm: 828.6955  loss: 102.8976  loss_cls: 30.8359  loss_bbox: 36.0662  loss_dfl: 35.9955
07/05 10:11:38 - mmengine - INFO - Epoch(train) [11][ 400/1294]  base_lr: 2.8355e-06 lr: 2.8355e-06  eta: 0:39:04  time: 1.0600  data_time: 0.0054  memory: 26984  grad_norm: 825.3473  loss: 99.9893  loss_cls: 30.3666  loss_bbox: 34.8238  loss_dfl: 34.7988
07/05 10:12:32 - mmengine - INFO - Epoch(train) [11][ 450/1294]  base_lr: 2.7712e-06 lr: 2.7712e-06  eta: 0:38:10  time: 1.0729  data_time: 0.0054  memory: 26891  grad_norm: 807.6189  loss: 100.8969  loss_cls: 30.5627  loss_bbox: 34.8217  loss_dfl: 35.5125
07/05 10:13:25 - mmengine - INFO - Epoch(train) [11][ 500/1294]  base_lr: 2.7068e-06 lr: 2.7068e-06  eta: 0:37:17  time: 1.0699  data_time: 0.0056  memory: 26951  grad_norm: 803.3433  loss: 99.0069  loss_cls: 28.7118  loss_bbox: 34.5921  loss_dfl: 35.7030
07/05 10:14:18 - mmengine - INFO - Epoch(train) [11][ 550/1294]  base_lr: 2.6425e-06 lr: 2.6425e-06  eta: 0:36:23  time: 1.0626  data_time: 0.0055  memory: 26857  grad_norm: 800.0941  loss: 99.6539  loss_cls: 29.8195  loss_bbox: 34.6162  loss_dfl: 35.2182
07/05 10:15:12 - mmengine - INFO - Epoch(train) [11][ 600/1294]  base_lr: 2.5781e-06 lr: 2.5781e-06  eta: 0:35:29  time: 1.0740  data_time: 0.0055  memory: 26937  grad_norm: 850.1018  loss: 98.1319  loss_cls: 28.6812  loss_bbox: 34.6253  loss_dfl: 34.8254
07/05 10:16:05 - mmengine - INFO - Epoch(train) [11][ 650/1294]  base_lr: 2.5138e-06 lr: 2.5138e-06  eta: 0:34:36  time: 1.0617  data_time: 0.0055  memory: 26797  grad_norm: 828.6520  loss: 97.3155  loss_cls: 28.5234  loss_bbox: 34.4391  loss_dfl: 34.3530
07/05 10:16:59 - mmengine - INFO - Epoch(train) [11][ 700/1294]  base_lr: 2.4495e-06 lr: 2.4495e-06  eta: 0:33:42  time: 1.0740  data_time: 0.0055  memory: 26811  grad_norm: 784.8408  loss: 101.6900  loss_cls: 30.2343  loss_bbox: 35.9487  loss_dfl: 35.5070
07/05 10:17:53 - mmengine - INFO - Epoch(train) [11][ 750/1294]  base_lr: 2.3851e-06 lr: 2.3851e-06  eta: 0:32:49  time: 1.0724  data_time: 0.0056  memory: 26931  grad_norm: 796.6391  loss: 100.1023  loss_cls: 29.0906  loss_bbox: 35.8662  loss_dfl: 35.1456
07/05 10:18:46 - mmengine - INFO - Epoch(train) [11][ 800/1294]  base_lr: 2.3208e-06 lr: 2.3208e-06  eta: 0:31:55  time: 1.0616  data_time: 0.0055  memory: 27004  grad_norm: 856.1321  loss: 99.6477  loss_cls: 29.5407  loss_bbox: 35.3483  loss_dfl: 34.7587
07/05 10:19:39 - mmengine - INFO - Epoch(train) [11][ 850/1294]  base_lr: 2.2564e-06 lr: 2.2564e-06  eta: 0:31:01  time: 1.0705  data_time: 0.0056  memory: 27051  grad_norm: 810.0256  loss: 100.9492  loss_cls: 30.5600  loss_bbox: 35.7150  loss_dfl: 34.6742
07/05 10:20:33 - mmengine - INFO - Epoch(train) [11][ 900/1294]  base_lr: 2.1921e-06 lr: 2.1921e-06  eta: 0:30:08  time: 1.0711  data_time: 0.0055  memory: 26871  grad_norm: 765.1463  loss: 101.0057  loss_cls: 29.8771  loss_bbox: 35.3744  loss_dfl: 35.7543
07/05 10:21:26 - mmengine - INFO - Epoch(train) [11][ 950/1294]  base_lr: 2.1278e-06 lr: 2.1278e-06  eta: 0:29:14  time: 1.0655  data_time: 0.0055  memory: 27237  grad_norm: 824.2356  loss: 100.3755  loss_cls: 29.3455  loss_bbox: 35.3285  loss_dfl: 35.7015
07/05 10:22:20 - mmengine - INFO - Epoch(train) [11][1000/1294]  base_lr: 2.0634e-06 lr: 2.0634e-06  eta: 0:28:21  time: 1.0729  data_time: 0.0054  memory: 26864  grad_norm: 777.6498  loss: 97.2885  loss_cls: 29.2461  loss_bbox: 34.1137  loss_dfl: 33.9287
07/05 10:23:13 - mmengine - INFO - Epoch(train) [11][1050/1294]  base_lr: 1.9991e-06 lr: 1.9991e-06  eta: 0:27:27  time: 1.0624  data_time: 0.0055  memory: 26957  grad_norm: 811.1364  loss: 97.9918  loss_cls: 28.3389  loss_bbox: 34.4704  loss_dfl: 35.1825
07/05 10:23:24 - mmengine - INFO - Exp name: wedetect_v11dt_3stage_s3_20260705_054251
07/05 10:24:06 - mmengine - INFO - Epoch(train) [11][1100/1294]  base_lr: 1.9347e-06 lr: 1.9347e-06  eta: 0:26:34  time: 1.0708  data_time: 0.0055  memory: 26917  grad_norm: 901.1841  loss: 100.7805  loss_cls: 28.6897  loss_bbox: 35.5909  loss_dfl: 36.4999
07/05 10:25:00 - mmengine - INFO - Epoch(train) [11][1150/1294]  base_lr: 1.8704e-06 lr: 1.8704e-06  eta: 0:25:40  time: 1.0779  data_time: 0.0054  memory: 27177  grad_norm: 772.7255  loss: 98.4218  loss_cls: 29.2172  loss_bbox: 34.4487  loss_dfl: 34.7560
07/05 10:25:53 - mmengine - INFO - Epoch(train) [11][1200/1294]  base_lr: 1.8061e-06 lr: 1.8061e-06  eta: 0:24:46  time: 1.0649  data_time: 0.0056  memory: 26871  grad_norm: 783.5803  loss: 99.3966  loss_cls: 29.5873  loss_bbox: 34.8372  loss_dfl: 34.9721
07/05 10:26:47 - mmengine - INFO - Epoch(train) [11][1250/1294]  base_lr: 1.7417e-06 lr: 1.7417e-06  eta: 0:23:53  time: 1.0672  data_time: 0.0055  memory: 26971  grad_norm: 761.5816  loss: 100.8835  loss_cls: 30.3438  loss_bbox: 35.1815  loss_dfl: 35.3581
07/05 10:27:33 - mmengine - INFO - Exp name: wedetect_v11dt_3stage_s3_20260705_054251
07/05 10:27:33 - mmengine - INFO - Saving checkpoint at 11 epochs
07/05 10:27:42 - mmengine - INFO - Epoch(val) [11][  50/2587]    eta: 0:02:43  time: 0.0645  data_time: 0.0207  memory: 26944  
07/05 10:27:45 - mmengine - INFO - Epoch(val) [11][ 100/2587]    eta: 0:02:20  time: 0.0483  data_time: 0.0036  memory: 3481  
07/05 10:27:47 - mmengine - INFO - Epoch(val) [11][ 150/2587]    eta: 0:02:08  time: 0.0452  data_time: 0.0003  memory: 3481  
07/05 10:27:51 - mmengine - INFO - Epoch(val) [11][ 200/2587]    eta: 0:02:24  time: 0.0833  data_time: 0.0396  memory: 3481  
07/05 10:27:53 - mmengine - INFO - Epoch(val) [11][ 250/2587]    eta: 0:02:13  time: 0.0452  data_time: 0.0003  memory: 3481  
07/05 10:27:56 - mmengine - INFO - Epoch(val) [11][ 300/2587]    eta: 0:02:08  time: 0.0513  data_time: 0.0003  memory: 3481  
07/05 10:27:58 - mmengine - INFO - Epoch(val) [11][ 350/2587]    eta: 0:02:02  time: 0.0449  data_time: 0.0002  memory: 3481  
07/05 10:28:00 - mmengine - INFO - Epoch(val) [11][ 400/2587]    eta: 0:01:56  time: 0.0450  data_time: 0.0002  memory: 3481  
07/05 10:28:03 - mmengine - INFO - Epoch(val) [11][ 450/2587]    eta: 0:01:52  time: 0.0452  data_time: 0.0002  memory: 3481  
07/05 10:28:05 - mmengine - INFO - Epoch(val) [11][ 500/2587]    eta: 0:01:48  time: 0.0451  data_time: 0.0002  memory: 3481  
07/05 10:28:07 - mmengine - INFO - Epoch(val) [11][ 550/2587]    eta: 0:01:44  time: 0.0451  data_time: 0.0002  memory: 3481  
07/05 10:28:09 - mmengine - INFO - Epoch(val) [11][ 600/2587]    eta: 0:01:40  time: 0.0451  data_time: 0.0002  memory: 3481  
07/05 10:28:12 - mmengine - INFO - Epoch(val) [11][ 650/2587]    eta: 0:01:37  time: 0.0451  data_time: 0.0002  memory: 3481  
07/05 10:28:14 - mmengine - INFO - Epoch(val) [11][ 700/2587]    eta: 0:01:34  time: 0.0450  data_time: 0.0002  memory: 3481  
07/05 10:28:16 - mmengine - INFO - Epoch(val) [11][ 750/2587]    eta: 0:01:31  time: 0.0450  data_time: 0.0002  memory: 3481  
07/05 10:28:18 - mmengine - INFO - Epoch(val) [11][ 800/2587]    eta: 0:01:28  time: 0.0452  data_time: 0.0002  memory: 3481  
07/05 10:28:21 - mmengine - INFO - Epoch(val) [11][ 850/2587]    eta: 0:01:25  time: 0.0451  data_time: 0.0002  memory: 3481  
07/05 10:28:23 - mmengine - INFO - Epoch(val) [11][ 900/2587]    eta: 0:01:22  time: 0.0451  data_time: 0.0002  memory: 3481  
07/05 10:28:25 - mmengine - INFO - Epoch(val) [11][ 950/2587]    eta: 0:01:19  time: 0.0452  data_time: 0.0002  memory: 3481  
07/05 10:28:27 - mmengine - INFO - Epoch(val) [11][1000/2587]    eta: 0:01:16  time: 0.0451  data_time: 0.0002  memory: 3481  
07/05 10:28:30 - mmengine - INFO - Epoch(val) [11][1050/2587]    eta: 0:01:14  time: 0.0451  data_time: 0.0002  memory: 3481  
07/05 10:28:32 - mmengine - INFO - Epoch(val) [11][1100/2587]    eta: 0:01:11  time: 0.0451  data_time: 0.0002  memory: 3481  
07/05 10:28:34 - mmengine - INFO - Epoch(val) [11][1150/2587]    eta: 0:01:08  time: 0.0451  data_time: 0.0002  memory: 3481  
07/05 10:28:36 - mmengine - INFO - Epoch(val) [11][1200/2587]    eta: 0:01:06  time: 0.0451  data_time: 0.0002  memory: 3481  
07/05 10:28:39 - mmengine - INFO - Epoch(val) [11][1250/2587]    eta: 0:01:03  time: 0.0454  data_time: 0.0003  memory: 3481  
07/05 10:28:41 - mmengine - INFO - Epoch(val) [11][1300/2587]    eta: 0:01:01  time: 0.0454  data_time: 0.0003  memory: 3481  
07/05 10:28:43 - mmengine - INFO - Epoch(val) [11][1350/2587]    eta: 0:00:58  time: 0.0456  data_time: 0.0003  memory: 3481  
07/05 10:28:46 - mmengine - INFO - Epoch(val) [11][1400/2587]    eta: 0:00:56  time: 0.0455  data_time: 0.0003  memory: 3481  
07/05 10:28:48 - mmengine - INFO - Epoch(val) [11][1450/2587]    eta: 0:00:53  time: 0.0456  data_time: 0.0003  memory: 3481  
07/05 10:28:50 - mmengine - INFO - Epoch(val) [11][1500/2587]    eta: 0:00:51  time: 0.0455  data_time: 0.0003  memory: 3481  
07/05 10:28:52 - mmengine - INFO - Epoch(val) [11][1550/2587]    eta: 0:00:49  time: 0.0456  data_time: 0.0003  memory: 3481  
07/05 10:28:55 - mmengine - INFO - Epoch(val) [11][1600/2587]    eta: 0:00:46  time: 0.0454  data_time: 0.0003  memory: 3481  
07/05 10:28:57 - mmengine - INFO - Epoch(val) [11][1650/2587]    eta: 0:00:44  time: 0.0454  data_time: 0.0003  memory: 3481  
07/05 10:28:59 - mmengine - INFO - Epoch(val) [11][1700/2587]    eta: 0:00:41  time: 0.0452  data_time: 0.0002  memory: 3481  
07/05 10:29:02 - mmengine - INFO - Epoch(val) [11][1750/2587]    eta: 0:00:39  time: 0.0477  data_time: 0.0029  memory: 3481  
07/05 10:29:04 - mmengine - INFO - Epoch(val) [11][1800/2587]    eta: 0:00:37  time: 0.0481  data_time: 0.0033  memory: 3481  
07/05 10:29:06 - mmengine - INFO - Epoch(val) [11][1850/2587]    eta: 0:00:34  time: 0.0452  data_time: 0.0002  memory: 3481  
07/05 10:29:09 - mmengine - INFO - Epoch(val) [11][1900/2587]    eta: 0:00:32  time: 0.0452  data_time: 0.0002  memory: 3481  
07/05 10:29:11 - mmengine - INFO - Epoch(val) [11][1950/2587]    eta: 0:00:29  time: 0.0452  data_time: 0.0002  memory: 3481  
07/05 10:29:13 - mmengine - INFO - Epoch(val) [11][2000/2587]    eta: 0:00:27  time: 0.0452  data_time: 0.0002  memory: 3481  
07/05 10:29:15 - mmengine - INFO - Epoch(val) [11][2050/2587]    eta: 0:00:25  time: 0.0453  data_time: 0.0003  memory: 3481  
07/05 10:29:18 - mmengine - INFO - Epoch(val) [11][2100/2587]    eta: 0:00:22  time: 0.0452  data_time: 0.0002  memory: 3481  
07/05 10:29:20 - mmengine - INFO - Epoch(val) [11][2150/2587]    eta: 0:00:20  time: 0.0452  data_time: 0.0002  memory: 3481  
07/05 10:29:22 - mmengine - INFO - Epoch(val) [11][2200/2587]    eta: 0:00:18  time: 0.0452  data_time: 0.0002  memory: 3481  
07/05 10:29:25 - mmengine - INFO - Epoch(val) [11][2250/2587]    eta: 0:00:15  time: 0.0506  data_time: 0.0057  memory: 3481  
07/05 10:29:27 - mmengine - INFO - Epoch(val) [11][2300/2587]    eta: 0:00:13  time: 0.0452  data_time: 0.0002  memory: 3481  
07/05 10:29:29 - mmengine - INFO - Epoch(val) [11][2350/2587]    eta: 0:00:11  time: 0.0453  data_time: 0.0002  memory: 3481  
07/05 10:29:31 - mmengine - INFO - Epoch(val) [11][2400/2587]    eta: 0:00:08  time: 0.0454  data_time: 0.0003  memory: 3481  
07/05 10:29:34 - mmengine - INFO - Epoch(val) [11][2450/2587]    eta: 0:00:06  time: 0.0453  data_time: 0.0003  memory: 3481  
07/05 10:29:36 - mmengine - INFO - Epoch(val) [11][2500/2587]    eta: 0:00:04  time: 0.0453  data_time: 0.0003  memory: 3481  
07/05 10:29:38 - mmengine - INFO - Epoch(val) [11][2550/2587]    eta: 0:00:01  time: 0.0452  data_time: 0.0002  memory: 3481  
07/05 10:29:56 - mmengine - INFO - Evaluating bbox...
Loading and preparing results...
DONE (t=2.87s)
creating index...
index created!
Running per image evaluation...
Evaluate annotation type *bbox*
DONE (t=63.38s).
Accumulating evaluation results...
DONE (t=21.99s).
 Average Precision  (AP) @[ IoU=0.50:0.95 | area=   all | maxDets=100 ] = 0.478
 Average Precision  (AP) @[ IoU=0.50      | area=   all | maxDets=1000 ] = 0.666
 Average Precision  (AP) @[ IoU=0.75      | area=   all | maxDets=1000 ] = 0.558
 Average Precision  (AP) @[ IoU=0.50:0.95 | area= small | maxDets=1000 ] = 0.168
 Average Precision  (AP) @[ IoU=0.50:0.95 | area=medium | maxDets=1000 ] = 0.455
 Average Precision  (AP) @[ IoU=0.50:0.95 | area= large | maxDets=1000 ] = 0.527
 Average Recall     (AR) @[ IoU=0.50:0.95 | area=   all | maxDets=100 ] = 0.714
 Average Recall     (AR) @[ IoU=0.50:0.95 | area=   all | maxDets=300 ] = 0.715
 Average Recall     (AR) @[ IoU=0.50:0.95 | area=   all | maxDets=1000 ] = 0.715
 Average Recall     (AR) @[ IoU=0.50:0.95 | area= small | maxDets=1000 ] = 0.296
 Average Recall     (AR) @[ IoU=0.50:0.95 | area=medium | maxDets=1000 ] = 0.684
 Average Recall     (AR) @[ IoU=0.50:0.95 | area= large | maxDets=1000 ] = 0.773
07/05 10:31:30 - mmengine - INFO - bbox_mAP_copypaste: 0.478 0.666 0.558 0.168 0.455 0.527
07/05 10:31:32 - mmengine - INFO - Epoch(val) [11][2587/2587]    coco/bbox_mAP: 0.4780  coco/bbox_mAP_50: 0.6660  coco/bbox_mAP_75: 0.5580  coco/bbox_mAP_s: 0.1680  coco/bbox_mAP_m: 0.4550  coco/bbox_mAP_l: 0.5270  data_time: 0.0017  time: 0.0468
07/05 10:31:32 - mmengine - INFO - The previous best checkpoint /home/siyuan/projects/LLMs/OralDetect-Family/WeDetect_repro/WeDetect/work_dirs/v11dt3stage_s3/best_coco_bbox_mAP_epoch_10.pth is removed
07/05 10:31:34 - mmengine - INFO - The best checkpoint with 0.4780 coco/bbox_mAP at 11 epoch is saved to best_coco_bbox_mAP_epoch_11.pth.
07/05 10:32:33 - mmengine - INFO - Epoch(train) [12][  50/1294]  base_lr: 1.6208e-06 lr: 1.6208e-06  eta: 0:22:12  time: 1.0582  data_time: 0.0161  memory: 27211  grad_norm: 793.2006  loss: 98.6106  loss_cls: 29.8471  loss_bbox: 34.5595  loss_dfl: 34.2040
07/05 10:33:26 - mmengine - INFO - Epoch(train) [12][ 100/1294]  base_lr: 1.5564e-06 lr: 1.5564e-06  eta: 0:21:18  time: 1.0629  data_time: 0.0056  memory: 27011  grad_norm: 805.1038  loss: 99.6411  loss_cls: 28.3614  loss_bbox: 36.0939  loss_dfl: 35.1858
07/05 10:34:19 - mmengine - INFO - Epoch(train) [12][ 150/1294]  base_lr: 1.4921e-06 lr: 1.4921e-06  eta: 0:20:25  time: 1.0574  data_time: 0.0056  memory: 27111  grad_norm: 811.8470  loss: 99.7888  loss_cls: 29.5507  loss_bbox: 34.9223  loss_dfl: 35.3158
07/05 10:35:12 - mmengine - INFO - Epoch(train) [12][ 200/1294]  base_lr: 1.4277e-06 lr: 1.4277e-06  eta: 0:19:31  time: 1.0611  data_time: 0.0055  memory: 26944  grad_norm: 784.1322  loss: 100.2726  loss_cls: 29.5924  loss_bbox: 35.3438  loss_dfl: 35.3364
07/05 10:36:05 - mmengine - INFO - Epoch(train) [12][ 250/1294]  base_lr: 1.3634e-06 lr: 1.3634e-06  eta: 0:18:38  time: 1.0666  data_time: 0.0057  memory: 26917  grad_norm: 835.6334  loss: 99.9887  loss_cls: 30.1528  loss_bbox: 35.1980  loss_dfl: 34.6379
07/05 10:36:58 - mmengine - INFO - Epoch(train) [12][ 300/1294]  base_lr: 1.2991e-06 lr: 1.2991e-06  eta: 0:17:44  time: 1.0596  data_time: 0.0056  memory: 26897  grad_norm: 773.1736  loss: 98.8880  loss_cls: 27.5237  loss_bbox: 35.7338  loss_dfl: 35.6305
07/05 10:37:52 - mmengine - INFO - Epoch(train) [12][ 350/1294]  base_lr: 1.2347e-06 lr: 1.2347e-06  eta: 0:16:51  time: 1.0719  data_time: 0.0055  memory: 27004  grad_norm: 807.3676  loss: 98.6047  loss_cls: 28.0298  loss_bbox: 35.3005  loss_dfl: 35.2743
07/05 10:38:45 - mmengine - INFO - Epoch(train) [12][ 400/1294]  base_lr: 1.1704e-06 lr: 1.1704e-06  eta: 0:15:57  time: 1.0661  data_time: 0.0055  memory: 26944  grad_norm: 826.0496  loss: 101.3284  loss_cls: 28.8187  loss_bbox: 36.0193  loss_dfl: 36.4904
07/05 10:39:39 - mmengine - INFO - Epoch(train) [12][ 450/1294]  base_lr: 1.1061e-06 lr: 1.1061e-06  eta: 0:15:03  time: 1.0669  data_time: 0.0055  memory: 26964  grad_norm: 805.8952  loss: 102.6270  loss_cls: 30.5180  loss_bbox: 36.2998  loss_dfl: 35.8092
07/05 10:40:32 - mmengine - INFO - Epoch(train) [12][ 500/1294]  base_lr: 1.0417e-06 lr: 1.0417e-06  eta: 0:14:10  time: 1.0693  data_time: 0.0058  memory: 26911  grad_norm: 761.7848  loss: 98.3369  loss_cls: 28.1714  loss_bbox: 34.9346  loss_dfl: 35.2309
07/05 10:41:25 - mmengine - INFO - Epoch(train) [12][ 550/1294]  base_lr: 9.7737e-07 lr: 9.7737e-07  eta: 0:13:16  time: 1.0664  data_time: 0.0056  memory: 27071  grad_norm: 812.1158  loss: 99.5269  loss_cls: 29.8359  loss_bbox: 34.7438  loss_dfl: 34.9472
07/05 10:42:19 - mmengine - INFO - Epoch(train) [12][ 600/1294]  base_lr: 9.1303e-07 lr: 9.1303e-07  eta: 0:12:23  time: 1.0673  data_time: 0.0058  memory: 26891  grad_norm: 779.9341  loss: 102.1775  loss_cls: 30.1332  loss_bbox: 36.6010  loss_dfl: 35.4433
07/05 10:43:12 - mmengine - INFO - Epoch(train) [12][ 650/1294]  base_lr: 8.4869e-07 lr: 8.4869e-07  eta: 0:11:29  time: 1.0665  data_time: 0.0055  memory: 27051  grad_norm: 844.2815  loss: 98.0548  loss_cls: 29.2868  loss_bbox: 34.2561  loss_dfl: 34.5120
07/05 10:44:05 - mmengine - INFO - Epoch(train) [12][ 700/1294]  base_lr: 7.8435e-07 lr: 7.8435e-07  eta: 0:10:36  time: 1.0669  data_time: 0.0055  memory: 26911  grad_norm: 861.9352  loss: 99.5932  loss_cls: 28.8031  loss_bbox: 35.2662  loss_dfl: 35.5239
07/05 10:44:59 - mmengine - INFO - Epoch(train) [12][ 750/1294]  base_lr: 7.2001e-07 lr: 7.2001e-07  eta: 0:09:42  time: 1.0692  data_time: 0.0055  memory: 26984  grad_norm: 794.8402  loss: 100.1595  loss_cls: 29.4942  loss_bbox: 35.3517  loss_dfl: 35.3135
07/05 10:45:16 - mmengine - INFO - Exp name: wedetect_v11dt_3stage_s3_20260705_054251
07/05 10:45:53 - mmengine - INFO - Epoch(train) [12][ 800/1294]  base_lr: 6.5567e-07 lr: 6.5567e-07  eta: 0:08:49  time: 1.0726  data_time: 0.0055  memory: 26877  grad_norm: 820.4406  loss: 101.0348  loss_cls: 30.3496  loss_bbox: 35.3770  loss_dfl: 35.3082
07/05 10:46:46 - mmengine - INFO - Epoch(train) [12][ 850/1294]  base_lr: 5.9134e-07 lr: 5.9134e-07  eta: 0:07:55  time: 1.0619  data_time: 0.0055  memory: 27044  grad_norm: 887.3641  loss: 100.0401  loss_cls: 29.1628  loss_bbox: 35.3922  loss_dfl: 35.4851
07/05 10:47:39 - mmengine - INFO - Epoch(train) [12][ 900/1294]  base_lr: 5.2700e-07 lr: 5.2700e-07  eta: 0:07:01  time: 1.0655  data_time: 0.0056  memory: 27031  grad_norm: 830.4653  loss: 101.0483  loss_cls: 29.6125  loss_bbox: 36.0260  loss_dfl: 35.4098
07/05 10:48:32 - mmengine - INFO - Epoch(train) [12][ 950/1294]  base_lr: 4.6266e-07 lr: 4.6266e-07  eta: 0:06:08  time: 1.0665  data_time: 0.0054  memory: 26771  grad_norm: 835.3805  loss: 97.1859  loss_cls: 28.4417  loss_bbox: 34.0331  loss_dfl: 34.7111
07/05 10:49:26 - mmengine - INFO - Epoch(train) [12][1000/1294]  base_lr: 3.9832e-07 lr: 3.9832e-07  eta: 0:05:14  time: 1.0692  data_time: 0.0055  memory: 26864  grad_norm: 790.4204  loss: 102.4411  loss_cls: 30.0459  loss_bbox: 36.7757  loss_dfl: 35.6195
07/05 10:50:19 - mmengine - INFO - Epoch(train) [12][1050/1294]  base_lr: 3.3398e-07 lr: 3.3398e-07  eta: 0:04:21  time: 1.0726  data_time: 0.0056  memory: 26971  grad_norm: 840.0711  loss: 100.4310  loss_cls: 30.0133  loss_bbox: 35.4113  loss_dfl: 35.0065
07/05 10:51:13 - mmengine - INFO - Epoch(train) [12][1100/1294]  base_lr: 2.6964e-07 lr: 2.6964e-07  eta: 0:03:27  time: 1.0649  data_time: 0.0056  memory: 27144  grad_norm: 752.4994  loss: 96.6540  loss_cls: 28.0039  loss_bbox: 34.1833  loss_dfl: 34.4667
07/05 10:52:06 - mmengine - INFO - Epoch(train) [12][1150/1294]  base_lr: 2.0530e-07 lr: 2.0530e-07  eta: 0:02:34  time: 1.0664  data_time: 0.0055  memory: 26984  grad_norm: 796.2384  loss: 97.0536  loss_cls: 27.0143  loss_bbox: 34.6658  loss_dfl: 35.3735
07/05 10:52:59 - mmengine - INFO - Epoch(train) [12][1200/1294]  base_lr: 1.4096e-07 lr: 1.4096e-07  eta: 0:01:40  time: 1.0697  data_time: 0.0055  memory: 26917  grad_norm: 839.9025  loss: 96.9427  loss_cls: 28.1180  loss_bbox: 33.9383  loss_dfl: 34.8865
07/05 10:53:53 - mmengine - INFO - Epoch(train) [12][1250/1294]  base_lr: 7.6619e-08 lr: 7.6619e-08  eta: 0:00:47  time: 1.0645  data_time: 0.0055  memory: 27051  grad_norm: 754.1143  loss: 100.1429  loss_cls: 29.2518  loss_bbox: 35.4613  loss_dfl: 35.4298
07/05 10:54:39 - mmengine - INFO - Exp name: wedetect_v11dt_3stage_s3_20260705_054251
07/05 10:54:39 - mmengine - INFO - Saving checkpoint at 12 epochs
07/05 10:54:48 - mmengine - INFO - Epoch(val) [12][  50/2587]    eta: 0:02:42  time: 0.0642  data_time: 0.0203  memory: 26971  
07/05 10:54:51 - mmengine - INFO - Epoch(val) [12][ 100/2587]    eta: 0:02:20  time: 0.0491  data_time: 0.0044  memory: 3481  
07/05 10:54:53 - mmengine - INFO - Epoch(val) [12][ 150/2587]    eta: 0:02:08  time: 0.0451  data_time: 0.0003  memory: 3481  
07/05 10:54:57 - mmengine - INFO - Epoch(val) [12][ 200/2587]    eta: 0:02:26  time: 0.0876  data_time: 0.0387  memory: 3481  
07/05 10:55:00 - mmengine - INFO - Epoch(val) [12][ 250/2587]    eta: 0:02:15  time: 0.0448  data_time: 0.0002  memory: 3481  
07/05 10:55:02 - mmengine - INFO - Epoch(val) [12][ 300/2587]    eta: 0:02:07  time: 0.0448  data_time: 0.0002  memory: 3481  
07/05 10:55:04 - mmengine - INFO - Epoch(val) [12][ 350/2587]    eta: 0:02:01  time: 0.0448  data_time: 0.0002  memory: 3481  
07/05 10:55:06 - mmengine - INFO - Epoch(val) [12][ 400/2587]    eta: 0:01:56  time: 0.0450  data_time: 0.0002  memory: 3481  
07/05 10:55:09 - mmengine - INFO - Epoch(val) [12][ 450/2587]    eta: 0:01:51  time: 0.0450  data_time: 0.0002  memory: 3481  
07/05 10:55:11 - mmengine - INFO - Epoch(val) [12][ 500/2587]    eta: 0:01:47  time: 0.0451  data_time: 0.0002  memory: 3481  
07/05 10:55:13 - mmengine - INFO - Epoch(val) [12][ 550/2587]    eta: 0:01:43  time: 0.0450  data_time: 0.0002  memory: 3481  
07/05 10:55:15 - mmengine - INFO - Epoch(val) [12][ 600/2587]    eta: 0:01:40  time: 0.0451  data_time: 0.0002  memory: 3481  
07/05 10:55:18 - mmengine - INFO - Epoch(val) [12][ 650/2587]    eta: 0:01:36  time: 0.0451  data_time: 0.0002  memory: 3481  
07/05 10:55:20 - mmengine - INFO - Epoch(val) [12][ 700/2587]    eta: 0:01:33  time: 0.0452  data_time: 0.0002  memory: 3481  
07/05 10:55:22 - mmengine - INFO - Epoch(val) [12][ 750/2587]    eta: 0:01:30  time: 0.0452  data_time: 0.0002  memory: 3481  
07/05 10:55:24 - mmengine - INFO - Epoch(val) [12][ 800/2587]    eta: 0:01:27  time: 0.0452  data_time: 0.0003  memory: 3481  
07/05 10:55:27 - mmengine - INFO - Epoch(val) [12][ 850/2587]    eta: 0:01:24  time: 0.0450  data_time: 0.0002  memory: 3481  
07/05 10:55:29 - mmengine - INFO - Epoch(val) [12][ 900/2587]    eta: 0:01:22  time: 0.0450  data_time: 0.0002  memory: 3481  
07/05 10:55:31 - mmengine - INFO - Epoch(val) [12][ 950/2587]    eta: 0:01:19  time: 0.0451  data_time: 0.0002  memory: 3481  
07/05 10:55:33 - mmengine - INFO - Epoch(val) [12][1000/2587]    eta: 0:01:16  time: 0.0450  data_time: 0.0002  memory: 3481  
07/05 10:55:36 - mmengine - INFO - Epoch(val) [12][1050/2587]    eta: 0:01:14  time: 0.0451  data_time: 0.0002  memory: 3481  
07/05 10:55:38 - mmengine - INFO - Epoch(val) [12][1100/2587]    eta: 0:01:11  time: 0.0451  data_time: 0.0002  memory: 3481  
07/05 10:55:40 - mmengine - INFO - Epoch(val) [12][1150/2587]    eta: 0:01:08  time: 0.0451  data_time: 0.0002  memory: 3481  
07/05 10:55:42 - mmengine - INFO - Epoch(val) [12][1200/2587]    eta: 0:01:06  time: 0.0451  data_time: 0.0002  memory: 3481  
07/05 10:55:45 - mmengine - INFO - Epoch(val) [12][1250/2587]    eta: 0:01:03  time: 0.0452  data_time: 0.0002  memory: 3481  
07/05 10:55:47 - mmengine - INFO - Epoch(val) [12][1300/2587]    eta: 0:01:01  time: 0.0453  data_time: 0.0002  memory: 3481  
07/05 10:55:49 - mmengine - INFO - Epoch(val) [12][1350/2587]    eta: 0:00:58  time: 0.0456  data_time: 0.0003  memory: 3481  
07/05 10:55:52 - mmengine - INFO - Epoch(val) [12][1400/2587]    eta: 0:00:56  time: 0.0456  data_time: 0.0003  memory: 3481  
07/05 10:55:54 - mmengine - INFO - Epoch(val) [12][1450/2587]    eta: 0:00:53  time: 0.0454  data_time: 0.0003  memory: 3481  
07/05 10:55:56 - mmengine - INFO - Epoch(val) [12][1500/2587]    eta: 0:00:51  time: 0.0454  data_time: 0.0003  memory: 3481  
07/05 10:55:58 - mmengine - INFO - Epoch(val) [12][1550/2587]    eta: 0:00:49  time: 0.0455  data_time: 0.0003  memory: 3481  
07/05 10:56:01 - mmengine - INFO - Epoch(val) [12][1600/2587]    eta: 0:00:46  time: 0.0453  data_time: 0.0003  memory: 3481  
07/05 10:56:03 - mmengine - INFO - Epoch(val) [12][1650/2587]    eta: 0:00:44  time: 0.0453  data_time: 0.0003  memory: 3481  
07/05 10:56:05 - mmengine - INFO - Epoch(val) [12][1700/2587]    eta: 0:00:41  time: 0.0452  data_time: 0.0003  memory: 3481  
07/05 10:56:08 - mmengine - INFO - Epoch(val) [12][1750/2587]    eta: 0:00:39  time: 0.0475  data_time: 0.0027  memory: 3481  
07/05 10:56:10 - mmengine - INFO - Epoch(val) [12][1800/2587]    eta: 0:00:37  time: 0.0482  data_time: 0.0036  memory: 3481  
07/05 10:56:12 - mmengine - INFO - Epoch(val) [12][1850/2587]    eta: 0:00:34  time: 0.0454  data_time: 0.0003  memory: 3481  
07/05 10:56:15 - mmengine - INFO - Epoch(val) [12][1900/2587]    eta: 0:00:32  time: 0.0452  data_time: 0.0003  memory: 3481  
07/05 10:56:17 - mmengine - INFO - Epoch(val) [12][1950/2587]    eta: 0:00:29  time: 0.0453  data_time: 0.0003  memory: 3481  
07/05 10:56:19 - mmengine - INFO - Epoch(val) [12][2000/2587]    eta: 0:00:27  time: 0.0452  data_time: 0.0002  memory: 3481  
07/05 10:56:21 - mmengine - INFO - Epoch(val) [12][2050/2587]    eta: 0:00:25  time: 0.0452  data_time: 0.0003  memory: 3481  
07/05 10:56:24 - mmengine - INFO - Epoch(val) [12][2100/2587]    eta: 0:00:22  time: 0.0452  data_time: 0.0002  memory: 3481  
07/05 10:56:26 - mmengine - INFO - Epoch(val) [12][2150/2587]    eta: 0:00:20  time: 0.0453  data_time: 0.0003  memory: 3481  
07/05 10:56:28 - mmengine - INFO - Epoch(val) [12][2200/2587]    eta: 0:00:18  time: 0.0452  data_time: 0.0003  memory: 3481  
07/05 10:56:31 - mmengine - INFO - Epoch(val) [12][2250/2587]    eta: 0:00:15  time: 0.0519  data_time: 0.0072  memory: 3481  
07/05 10:56:33 - mmengine - INFO - Epoch(val) [12][2300/2587]    eta: 0:00:13  time: 0.0451  data_time: 0.0002  memory: 3481  
07/05 10:56:35 - mmengine - INFO - Epoch(val) [12][2350/2587]    eta: 0:00:11  time: 0.0452  data_time: 0.0002  memory: 3481  
07/05 10:56:38 - mmengine - INFO - Epoch(val) [12][2400/2587]    eta: 0:00:08  time: 0.0453  data_time: 0.0003  memory: 3481  
07/05 10:56:40 - mmengine - INFO - Epoch(val) [12][2450/2587]    eta: 0:00:06  time: 0.0452  data_time: 0.0003  memory: 3481  
07/05 10:56:42 - mmengine - INFO - Epoch(val) [12][2500/2587]    eta: 0:00:04  time: 0.0507  data_time: 0.0002  memory: 3481  
07/05 10:56:45 - mmengine - INFO - Epoch(val) [12][2550/2587]    eta: 0:00:01  time: 0.0450  data_time: 0.0002  memory: 3481  
07/05 10:57:02 - mmengine - INFO - Evaluating bbox...
Loading and preparing results...
DONE (t=3.87s)
creating index...
index created!
Running per image evaluation...
Evaluate annotation type *bbox*
DONE (t=62.25s).
Accumulating evaluation results...
DONE (t=22.93s).
 Average Precision  (AP) @[ IoU=0.50:0.95 | area=   all | maxDets=100 ] = 0.481
 Average Precision  (AP) @[ IoU=0.50      | area=   all | maxDets=1000 ] = 0.670
 Average Precision  (AP) @[ IoU=0.75      | area=   all | maxDets=1000 ] = 0.563
 Average Precision  (AP) @[ IoU=0.50:0.95 | area= small | maxDets=1000 ] = 0.166
 Average Precision  (AP) @[ IoU=0.50:0.95 | area=medium | maxDets=1000 ] = 0.458
 Average Precision  (AP) @[ IoU=0.50:0.95 | area= large | maxDets=1000 ] = 0.529
 Average Recall     (AR) @[ IoU=0.50:0.95 | area=   all | maxDets=100 ] = 0.713
 Average Recall     (AR) @[ IoU=0.50:0.95 | area=   all | maxDets=300 ] = 0.714
 Average Recall     (AR) @[ IoU=0.50:0.95 | area=   all | maxDets=1000 ] = 0.714
 Average Recall     (AR) @[ IoU=0.50:0.95 | area= small | maxDets=1000 ] = 0.294
 Average Recall     (AR) @[ IoU=0.50:0.95 | area=medium | maxDets=1000 ] = 0.684
 Average Recall     (AR) @[ IoU=0.50:0.95 | area= large | maxDets=1000 ] = 0.775
07/05 10:58:37 - mmengine - INFO - bbox_mAP_copypaste: 0.481 0.670 0.563 0.166 0.458 0.529
07/05 10:58:39 - mmengine - INFO - Epoch(val) [12][2587/2587]    coco/bbox_mAP: 0.4810  coco/bbox_mAP_50: 0.6700  coco/bbox_mAP_75: 0.5630  coco/bbox_mAP_s: 0.1660  coco/bbox_mAP_m: 0.4580  coco/bbox_mAP_l: 0.5290  data_time: 0.0017  time: 0.0468
07/05 10:58:39 - mmengine - INFO - The previous best checkpoint /home/siyuan/projects/LLMs/OralDetect-Family/WeDetect_repro/WeDetect/work_dirs/v11dt3stage_s3/best_coco_bbox_mAP_epoch_11.pth is removed
07/05 10:58:42 - mmengine - INFO - The best checkpoint with 0.4810 coco/bbox_mAP at 12 epoch is saved to best_coco_bbox_mAP_epoch_12.pth.
[rank0]:[W705 10:58:59.562618877 ProcessGroupNCCL.cpp:1250] Warning: WARNING: process group has NOT been destroyed before we destruct ProcessGroupNCCL. On normal program exit, the application should call destroy_process_group to ensure that any pending NCCL operations have finished in this process. In rare cases this process can exit before this point and block the progress of another member of the process group. This constraint has always been present,  but this warning has only been added since PyTorch 2.4 (function operator())
ALL 3 STAGES DONE
